vehicle_id,title,description,link,image_link,make,model,year,mileage.value,mileage.unit,body_style,exterior_color,state_of_vehicle,price,currency,address,latitude,longitude,offer_type,amount_price,amount_qualifier,fuel_type,transmission,drivetrain
VR7CGHPY9TT287065,C3 Aircross Max · od 1466 PLN/mies.,Citroën C3 Aircross Max · Rata od 1466 PLN netto/mies. · Leasing B2B · Poznań · Sprawdź ofertę!,https://sklep.citroen.pl/produkt/c3-aircross/vr7cghpy9tt287065/,https://raw.githubusercontent.com/Andy11001/-alfa-inventory/master/data/images/VR7CGHPY9TT287065_clean.webp,Citroën,C3 Aircross,2025,0,KM,SUV,Mercury Grey,New,114840 PLN,PLN,"{""addr1"": ""UL. KRZYWOUSTEGO 71"", ""city"": ""POZNAŃ"", ""region"": ""WIELKOPOLSKIE"", ""country"": ""PL""}",52.3787,17.0270,LEASE,1466 PLN,per month,Hybrid,Automatic,FWD
VR7CGHPY7TT287405,C3 Aircross Max · od 1452 PLN/mies.,Citroën C3 Aircross Max · Rata od 1452 PLN netto/mies. · Leasing B2B · Kraków · Sprawdź ofertę!,https://sklep.citroen.pl/produkt/c3-aircross/vr7cghpy7tt287405/,https://raw.githubusercontent.com/Andy11001/-alfa-inventory/master/data/images/VR7CGHPY7TT287405_clean.webp,Citroën,C3 Aircross,2025,0,KM,SUV,Polar White,New,113784 PLN,PLN,"{""addr1"": ""UL. OPOLSKA 9"", ""city"": ""KRAKÓW"", ""region"": ""MAŁOPOLSKIE"", ""country"": ""PL""}",50.0931,19.9238,LEASE,1452 PLN,per month,Hybrid,Automatic,FWD
VR7CCHPX0TT267175,C3 Max · od 1259 PLN/mies.,Citroën C3 Max · Rata od 1259 PLN netto/mies. · Leasing B2B · Warszawa · Sprawdź ofertę!,https://sklep.citroen.pl/produkt/c3/vr7cchpx0tt267175/,https://raw.githubusercontent.com/Andy11001/-alfa-inventory/master/data/images/VR7CCHPX0TT267175_clean.webp,Citroën,C3,2025,0,KM,Hatchback,Mercury Grey,New,98486 PLN,PLN,"{""addr1"": ""AL. KRAKOWSKA 206"", ""city"": ""WARSZAWA"", ""region"": ""MAZOWIECKIE"", ""country"": ""PL""}",52.2084,20.9412,LEASE,1259 PLN,per month,Hybrid,Automatic,FWD
VR7CCHPX8VT004063,C3 Max · od 1259 PLN/mies.,Citroën C3 Max · Rata od 1259 PLN netto/mies. · Leasing B2B · Grębów · Sprawdź ofertę!,https://sklep.citroen.pl/produkt/c3/vr7cchpx8vt004063/,https://raw.githubusercontent.com/Andy11001/-alfa-inventory/master/data/images/VR7CCHPX8VT004063_clean.webp,Citroën,C3,2025,0,KM,Hatchback,Mercury Grey,New,98486 PLN,PLN,"{""addr1"": ""GRĘBÓW"", ""city"": ""GRĘBÓW"", ""region"": ""MAZOWIECKIE"", ""country"": ""PL""}",,,LEASE,1259 PLN,per month,Hybrid,Automatic,FWD
VR7CCHPX2TT280767,C3 Max · od 1225 PLN/mies.,Citroën C3 Max · Rata od 1225 PLN netto/mies. · Leasing B2B · Gdańsk · Sprawdź ofertę!,https://sklep.citroen.pl/produkt/c3/vr7cchpx2tt280767/,https://raw.githubusercontent.com/Andy11001/-alfa-inventory/master/data/images/VR7CCHPX2TT280767_clean.webp,Citroën,C3,2025,0,KM,Hatchback,Monte Carlo,New,95818 PLN,PLN,"{""addr1"": ""AL. GRUNWALDZKA 256"", ""city"": ""GDAŃSK"", ""region"": ""POMORSKIE"", ""country"": ""PL""}",54.4022,18.5714,LEASE,1225 PLN,per month,Hybrid,Automatic,FWD
VR7CCHPV2VT003618,C3 Max · od 1113 PLN/mies.,Citroën C3 Max · Rata od 1113 PLN netto/mies. · Leasing B2B · Warszawa · Sprawdź ofertę!,https://sklep.citroen.pl/produkt/c3/vr7cchpv2vt003618/,https://raw.githubusercontent.com/Andy11001/-alfa-inventory/master/data/images/VR7CCHPV2VT003618_clean.jpg,Citroën,C3,2025,0,KM,Hatchback,Mercury Grey,New,87032 PLN,PLN,"{""addr1"": ""AL. KRAKOWSKA 206"", ""city"": ""WARSZAWA"", ""region"": ""MAZOWIECKIE"", ""country"": ""PL""}",52.2084,20.9412,LEASE,1113 PLN,per month,Gasoline,Manual,FWD
VR7KAHPY7TL054458,Nowy C5 Aircross Max · od 1892 PLN/mies.,Citroën Nowy C5 Aircross Max · Rata od 1892 PLN netto/mies. · Leasing B2B · Warszawa · Sprawdź ofertę!,https://sklep.citroen.pl/produkt/nowy-c5-aircross/vr7kahpy7tl054458/,https://raw.githubusercontent.com/Andy11001/-alfa-inventory/master/data/images/VR7KAHPY7TL054458_clean.webp,Citroën,Nowy C5 Aircross,2025,0,KM,SUV,Perla Nera Black,New,148413 PLN,PLN,"{""addr1"": ""AL. KRAKOWSKA 206"", ""city"": ""WARSZAWA"", ""region"": ""MAZOWIECKIE"", ""country"": ""PL""}",52.2084,20.9412,LEASE,1892 PLN,per month,Hybrid,Automatic,FWD
VR7CGHPY8TT244899,C3 Aircross Max · od 1466 PLN/mies.,Citroën C3 Aircross Max · Rata od 1466 PLN netto/mies. · Leasing B2B · Bydgoszcz · Sprawdź ofertę!,https://sklep.citroen.pl/produkt/c3-aircross/vr7cghpy8tt244899/,https://raw.githubusercontent.com/Andy11001/-alfa-inventory/master/data/images/VR7CGHPY8TT244899_clean.webp,Citroën,C3 Aircross,2025,0,KM,SUV,Mercury Grey,New,114840 PLN,PLN,"{""addr1"": ""BYDGOSZCZ"", ""city"": ""BYDGOSZCZ"", ""region"": ""KUJAWSKO-POMORSKIE"", ""country"": ""PL""}",,,LEASE,1466 PLN,per month,Hybrid,Automatic,FWD
VR7CCHPX7TT279551,C3 Max · od 1259 PLN/mies.,Citroën C3 Max · Rata od 1259 PLN netto/mies. · Leasing B2B · Wieliczka · Sprawdź ofertę!,https://sklep.citroen.pl/produkt/c3/vr7cchpx7tt279551/,https://raw.githubusercontent.com/Andy11001/-alfa-inventory/master/data/images/VR7CCHPX7TT279551_clean.webp,Citroën,C3,2025,0,KM,Hatchback,Mercury Grey,New,98486 PLN,PLN,"{""addr1"": ""WIELICZKA"", ""city"": ""WIELICZKA"", ""region"": ""MAZOWIECKIE"", ""country"": ""PL""}",,,LEASE,1259 PLN,per month,Hybrid,Automatic,FWD
VR7CCHPX8VZ838430,C3 Max · od 1259 PLN/mies.,Citroën C3 Max · Rata od 1259 PLN netto/mies. · Leasing B2B · Opole · Sprawdź ofertę!,https://sklep.citroen.pl/produkt/c3/vr7cchpx8vz838430/,https://raw.githubusercontent.com/Andy11001/-alfa-inventory/master/data/images/VR7CCHPX8VZ838430_clean.webp,Citroën,C3,2025,0,KM,Hatchback,Mercury Grey,New,98486 PLN,PLN,"{""addr1"": ""OPOLE"", ""city"": ""OPOLE"", ""region"": ""OPOLSKIE"", ""country"": ""PL""}",,,LEASE,1259 PLN,per month,Hybrid,Automatic,FWD
VR7CCHPX1TZ827928,C3 Max · od 1259 PLN/mies.,Citroën C3 Max · Rata od 1259 PLN netto/mies. · Leasing B2B · Szczecin · Sprawdź ofertę!,https://sklep.citroen.pl/produkt/c3/vr7cchpx1tz827928/,https://raw.githubusercontent.com/Andy11001/-alfa-inventory/master/data/images/VR7CCHPX1TZ827928_clean.webp,Citroën,C3,2025,0,KM,Hatchback,Noir Perla Nera,New,98486 PLN,PLN,"{""addr1"": ""UL. STRUGA 1B"", ""city"": ""SZCZECIN"", ""region"": ""ZACHODNIOPOMORSKIE"", ""country"": ""PL""}",53.3891,14.6543,LEASE,1259 PLN,per month,Hybrid,Automatic,FWD
VR7CCHPX2TT279554,C3 Max · od 1259 PLN/mies.,Citroën C3 Max · Rata od 1259 PLN netto/mies. · Leasing B2B · Białystok · Sprawdź ofertę!,https://sklep.citroen.pl/produkt/c3/vr7cchpx2tt279554/,https://raw.githubusercontent.com/Andy11001/-alfa-inventory/master/data/images/VR7CCHPX2TT279554_clean.webp,Citroën,C3,2025,0,KM,Hatchback,Mercury Grey,New,98486 PLN,PLN,"{""addr1"": ""BIAŁYSTOK"", ""city"": ""BIAŁYSTOK"", ""region"": ""PODLASKIE"", ""country"": ""PL""}",,,LEASE,1259 PLN,per month,Hybrid,Automatic,FWD
VR7CCHPX6VT004062,C3 Max · od 1259 PLN/mies.,Citroën C3 Max · Rata od 1259 PLN netto/mies. · Leasing B2B · Wrocław · Sprawdź ofertę!,https://sklep.citroen.pl/produkt/c3/vr7cchpx6vt004062/,https://raw.githubusercontent.com/Andy11001/-alfa-inventory/master/data/images/VR7CCHPX6VT004062_clean.webp,Citroën,C3,2025,0,KM,Hatchback,Mercury Grey,New,98486 PLN,PLN,"{""addr1"": ""UL. SZCZECIŃSKA 7"", ""city"": ""WROCŁAW"", ""region"": ""DOLNOŚLĄSKIE"", ""country"": ""PL""}",51.1274,16.9535,LEASE,1259 PLN,per month,Hybrid,Automatic,FWD
VR7CCHPXXVT004064,C3 Max · od 1245 PLN/mies.,Citroën C3 Max · Rata od 1245 PLN netto/mies. · Leasing B2B · Wrocław · Sprawdź ofertę!,https://sklep.citroen.pl/produkt/c3/vr7cchpxxvt004064/,https://raw.githubusercontent.com/Andy11001/-alfa-inventory/master/data/images/VR7CCHPXXVT004064_clean.webp,Citroën,C3,2025,0,KM,Hatchback,Polar White,New,97382 PLN,PLN,"{""addr1"": ""UL. SZCZECIŃSKA 7"", ""city"": ""WROCŁAW"", ""region"": ""DOLNOŚLĄSKIE"", ""country"": ""PL""}",51.1274,16.9535,LEASE,1245 PLN,per month,Hybrid,Automatic,FWD
VR7CCHPX5TT285140,C3 Max · od 1225 PLN/mies.,Citroën C3 Max · Rata od 1225 PLN netto/mies. · Leasing B2B · Motycz K. Lublina · Sprawdź ofertę!,https://sklep.citroen.pl/produkt/c3/vr7cchpx5tt285140/,https://raw.githubusercontent.com/Andy11001/-alfa-inventory/master/data/images/VR7CCHPX5TT285140_clean.webp,Citroën,C3,2025,0,KM,Hatchback,Monte Carlo,New,95818 PLN,PLN,"{""addr1"": ""MOTYCZ K. LUBLINA"", ""city"": ""MOTYCZ K. LUBLINA"", ""region"": ""MAZOWIECKIE"", ""country"": ""PL""}",,,LEASE,1225 PLN,per month,Hybrid,Automatic,FWD
VR7KAHPY9TL054171,Nowy C5 Aircross Max · od 1908 PLN/mies.,Citroën Nowy C5 Aircross Max · Rata od 1908 PLN netto/mies. · Leasing B2B · Olsztyn · Sprawdź ofertę!,https://sklep.citroen.pl/produkt/nowy-c5-aircross/vr7kahpy9tl054171/,https://raw.githubusercontent.com/Andy11001/-alfa-inventory/master/data/images/VR7KAHPY9TL054171_clean.webp,Citroën,Nowy C5 Aircross,2025,0,KM,SUV,Okenite White,New,149718 PLN,PLN,"{""addr1"": ""OLSZTYN"", ""city"": ""OLSZTYN"", ""region"": ""MAZOWIECKIE"", ""country"": ""PL""}",,,LEASE,1908 PLN,per month,Hybrid,Automatic,FWD
VR7KAHPY2TL055095,Nowy C5 Aircross Max · od 1908 PLN/mies.,Citroën Nowy C5 Aircross Max · Rata od 1908 PLN netto/mies. · Leasing B2B · Warszawa · Sprawdź ofertę!,https://sklep.citroen.pl/produkt/nowy-c5-aircross/vr7kahpy2tl055095/,https://raw.githubusercontent.com/Andy11001/-alfa-inventory/master/data/images/VR7KAHPY2TL055095_clean.webp,Citroën,Nowy C5 Aircross,2025,0,KM,SUV,Okenite White,New,149718 PLN,PLN,"{""addr1"": ""AL. KRAKOWSKA 206"", ""city"": ""WARSZAWA"", ""region"": ""MAZOWIECKIE"", ""country"": ""PL""}",52.2084,20.9412,LEASE,1908 PLN,per month,Hybrid,Automatic,FWD
VR7BAHPY3TE025933,C4 Max · od 1414 PLN/mies.,Citroën C4 Max · Rata od 1414 PLN netto/mies. · Leasing B2B · Warszawa · Sprawdź ofertę!,https://sklep.citroen.pl/produkt/c4/vr7bahpy3te025933/,https://raw.githubusercontent.com/Andy11001/-alfa-inventory/master/data/images/VR7BAHPY3TE025933_clean.webp,Citroën,C4,2025,0,KM,Hatchback,Bleu Eclipse,New,110715 PLN,PLN,"{""addr1"": ""AL. KRAKOWSKA 206"", ""city"": ""WARSZAWA"", ""region"": ""MAZOWIECKIE"", ""country"": ""PL""}",52.2084,20.9412,LEASE,1414 PLN,per month,Hybrid,Automatic,FWD
VR7CGHPY6TT267193,C3 Aircross Max · od 1466 PLN/mies.,Citroën C3 Aircross Max · Rata od 1466 PLN netto/mies. · Leasing B2B · Kalisz · Sprawdź ofertę!,https://sklep.citroen.pl/produkt/c3-aircross/vr7cghpy6tt267193/,https://raw.githubusercontent.com/Andy11001/-alfa-inventory/master/data/images/VR7CGHPY6TT267193_clean.webp,Citroën,C3 Aircross,2025,0,KM,SUV,Montana Green,New,114840 PLN,PLN,"{""addr1"": ""KALISZ"", ""city"": ""KALISZ"", ""region"": ""MAZOWIECKIE"", ""country"": ""PL""}",,,LEASE,1466 PLN,per month,Hybrid,Automatic,FWD
VR7CCHPX2TT266514,C3 Max · od 1259 PLN/mies.,Citroën C3 Max · Rata od 1259 PLN netto/mies. · Leasing B2B · Kraków · Sprawdź ofertę!,https://sklep.citroen.pl/produkt/c3/vr7cchpx2tt266514/,https://raw.githubusercontent.com/Andy11001/-alfa-inventory/master/data/images/VR7CCHPX2TT266514_clean.webp,Citroën,C3,2025,0,KM,Hatchback,Mercury Grey,New,98486 PLN,PLN,"{""addr1"": ""UL. OPOLSKA 9"", ""city"": ""KRAKÓW"", ""region"": ""MAŁOPOLSKIE"", ""country"": ""PL""}",50.0931,19.9238,LEASE,1259 PLN,per month,Hybrid,Automatic,FWD
VR7CCHPV3TT229499,C3 Max · od 1040 PLN/mies.,Citroën C3 Max · Rata od 1040 PLN netto/mies. · Leasing B2B · Zielona Góra · Sprawdź ofertę!,https://sklep.citroen.pl/produkt/c3/vr7cchpv3tt229499/,https://raw.githubusercontent.com/Andy11001/-alfa-inventory/master/data/images/VR7CCHPV3TT229499_clean.jpg,Citroën,C3,2025,0,KM,Hatchback,Mercury Grey,New,81268 PLN,PLN,"{""addr1"": ""ZIELONA GÓRA"", ""city"": ""ZIELONA GÓRA"", ""region"": ""MAZOWIECKIE"", ""country"": ""PL""}",,,LEASE,1040 PLN,per month,Gasoline,Manual,FWD
VR7KAHPY0TL055094,Nowy C5 Aircross Max · od 1908 PLN/mies.,Citroën Nowy C5 Aircross Max · Rata od 1908 PLN netto/mies. · Leasing B2B · Warszawa · Sprawdź ofertę!,https://sklep.citroen.pl/produkt/nowy-c5-aircross/vr7kahpy0tl055094/,https://raw.githubusercontent.com/Andy11001/-alfa-inventory/master/data/images/VR7KAHPY0TL055094_clean.webp,Citroën,Nowy C5 Aircross,2025,0,KM,SUV,Okenite White,New,149718 PLN,PLN,"{""addr1"": ""AL. KRAKOWSKA 206"", ""city"": ""WARSZAWA"", ""region"": ""MAZOWIECKIE"", ""country"": ""PL""}",52.2084,20.9412,LEASE,1908 PLN,per month,Hybrid,Automatic,FWD
VR7CGHPY6TT267310,C3 Aircross Max · od 1475 PLN/mies.,Citroën C3 Aircross Max · Rata od 1475 PLN netto/mies. · Leasing B2B · Wrocław · Sprawdź ofertę!,https://sklep.citroen.pl/produkt/c3-aircross/vr7cghpy6tt267310/,https://raw.githubusercontent.com/Andy11001/-alfa-inventory/master/data/images/VR7CGHPY6TT267310_clean.webp,Citroën,C3 Aircross,2025,0,KM,SUV,Elixir Red,New,115544 PLN,PLN,"{""addr1"": ""UL. SZCZECIŃSKA 7"", ""city"": ""WROCŁAW"", ""region"": ""DOLNOŚLĄSKIE"", ""country"": ""PL""}",51.1274,16.9535,LEASE,1475 PLN,per month,Hybrid,Automatic,FWD
VR7CCHPX0TT244298,C3 Max · od 1259 PLN/mies.,Citroën C3 Max · Rata od 1259 PLN netto/mies. · Leasing B2B · Poznań · Sprawdź ofertę!,https://sklep.citroen.pl/produkt/c3/vr7cchpx0tt244298/,https://raw.githubusercontent.com/Andy11001/-alfa-inventory/master/data/images/VR7CCHPX0TT244298_clean.webp,Citroën,C3,2025,0,KM,Hatchback,Mercury Grey,New,98486 PLN,PLN,"{""addr1"": ""UL. KRZYWOUSTEGO 71"", ""city"": ""POZNAŃ"", ""region"": ""WIELKOPOLSKIE"", ""country"": ""PL""}",52.3787,17.0270,LEASE,1259 PLN,per month,Hybrid,Automatic,FWD
VR7KCZKZ7SL049369,Nowy C5 Aircross Max · od 2134 PLN/mies.,Citroën Nowy C5 Aircross Max · Rata od 2134 PLN netto/mies. · Leasing B2B · Kraczkowa · Sprawdź ofertę!,https://sklep.citroen.pl/produkt/nowy-c5-aircross/vr7kczkz7sl049369/,https://raw.githubusercontent.com/Andy11001/-alfa-inventory/master/data/images/VR7KCZKZ7SL049369_clean.webp,Citroën,Nowy C5 Aircross,2025,0,KM,SUV,Eclipse Blue,New,167502 PLN,PLN,"{""addr1"": ""KRACZKOWA"", ""city"": ""KRACZKOWA"", ""region"": ""MAZOWIECKIE"", ""country"": ""PL""}",,,LEASE,2134 PLN,per month,Electric,Automatic,FWD
VR7KAHPY2TL054237,Nowy C5 Aircross Max · od 2060 PLN/mies.,Citroën Nowy C5 Aircross Max · Rata od 2060 PLN netto/mies. · Leasing B2B · Kielce · Sprawdź ofertę!,https://sklep.citroen.pl/produkt/nowy-c5-aircross/vr7kahpy2tl054237/,https://raw.githubusercontent.com/Andy11001/-alfa-inventory/master/data/images/VR7KAHPY2TL054237_clean.webp,Citroën,Nowy C5 Aircross,2025,0,KM,SUV,Okenite White,New,161724 PLN,PLN,"{""addr1"": ""KIELCE"", ""city"": ""KIELCE"", ""region"": ""ŚWIĘTOKRZYSKIE"", ""country"": ""PL""}",,,LEASE,2060 PLN,per month,Hybrid,Automatic,FWD
VR7KAHPY5TL054880,Nowy C5 Aircross Max · od 2060 PLN/mies.,Citroën Nowy C5 Aircross Max · Rata od 2060 PLN netto/mies. · Leasing B2B · Kielce · Sprawdź ofertę!,https://sklep.citroen.pl/produkt/nowy-c5-aircross/vr7kahpy5tl054880/,https://raw.githubusercontent.com/Andy11001/-alfa-inventory/master/data/images/VR7KAHPY5TL054880_clean.webp,Citroën,Nowy C5 Aircross,2025,0,KM,SUV,Platinium Grey,New,161724 PLN,PLN,"{""addr1"": ""KIELCE"", ""city"": ""KIELCE"", ""region"": ""ŚWIĘTOKRZYSKIE"", ""country"": ""PL""}",,,LEASE,2060 PLN,per month,Hybrid,Automatic,FWD
VR7KAHPY5TL054362,Nowy C5 Aircross Max · od 2060 PLN/mies.,Citroën Nowy C5 Aircross Max · Rata od 2060 PLN netto/mies. · Leasing B2B · Wrocław · Sprawdź ofertę!,https://sklep.citroen.pl/produkt/nowy-c5-aircross/vr7kahpy5tl054362/,https://raw.githubusercontent.com/Andy11001/-alfa-inventory/master/data/images/VR7KAHPY5TL054362_clean.webp,Citroën,Nowy C5 Aircross,2025,0,KM,SUV,Eclipse Blue,New,161724 PLN,PLN,"{""addr1"": ""UL. SZCZECIŃSKA 7"", ""city"": ""WROCŁAW"", ""region"": ""DOLNOŚLĄSKIE"", ""country"": ""PL""}",51.1274,16.9535,LEASE,2060 PLN,per month,Hybrid,Automatic,FWD
VR7KAHPY0TL054236,Nowy C5 Aircross Max · od 2060 PLN/mies.,Citroën Nowy C5 Aircross Max · Rata od 2060 PLN netto/mies. · Leasing B2B · Kielce · Sprawdź ofertę!,https://sklep.citroen.pl/produkt/nowy-c5-aircross/vr7kahpy0tl054236/,https://raw.githubusercontent.com/Andy11001/-alfa-inventory/master/data/images/VR7KAHPY0TL054236_clean.webp,Citroën,Nowy C5 Aircross,2025,0,KM,SUV,Okenite White,New,161724 PLN,PLN,"{""addr1"": ""KIELCE"", ""city"": ""KIELCE"", ""region"": ""ŚWIĘTOKRZYSKIE"", ""country"": ""PL""}",,,LEASE,2060 PLN,per month,Hybrid,Automatic,FWD
VR7KAHPY6TL054242,Nowy C5 Aircross Max · od 1985 PLN/mies.,Citroën Nowy C5 Aircross Max · Rata od 1985 PLN netto/mies. · Leasing B2B · Szczecin · Sprawdź ofertę!,https://sklep.citroen.pl/produkt/nowy-c5-aircross/vr7kahpy6tl054242/,https://raw.githubusercontent.com/Andy11001/-alfa-inventory/master/data/images/VR7KAHPY6TL054242_clean.webp,Citroën,Nowy C5 Aircross,2025,0,KM,SUV,Astoria Green,New,155808 PLN,PLN,"{""addr1"": ""UL. STRUGA 1B"", ""city"": ""SZCZECIN"", ""region"": ""ZACHODNIOPOMORSKIE"", ""country"": ""PL""}",53.3891,14.6543,LEASE,1985 PLN,per month,Hybrid,Automatic,FWD
VR7KAHPYXTL054079,Nowy C5 Aircross Max · od 1948 PLN/mies.,Citroën Nowy C5 Aircross Max · Rata od 1948 PLN netto/mies. · Leasing B2B · Szczecin · Sprawdź ofertę!,https://sklep.citroen.pl/produkt/nowy-c5-aircross/vr7kahpyxtl054079/,https://raw.githubusercontent.com/Andy11001/-alfa-inventory/master/data/images/VR7KAHPYXTL054079_clean.webp,Citroën,Nowy C5 Aircross,2025,0,KM,SUV,Perla Nera Black,New,152850 PLN,PLN,"{""addr1"": ""UL. STRUGA 1B"", ""city"": ""SZCZECIN"", ""region"": ""ZACHODNIOPOMORSKIE"", ""country"": ""PL""}",53.3891,14.6543,LEASE,1948 PLN,per month,Hybrid,Automatic,FWD
VR7KAHPY5TL057794,Nowy C5 Aircross Max · od 1908 PLN/mies.,Citroën Nowy C5 Aircross Max · Rata od 1908 PLN netto/mies. · Leasing B2B · Kraków · Sprawdź ofertę!,https://sklep.citroen.pl/produkt/nowy-c5-aircross/vr7kahpy5tl057794/,https://raw.githubusercontent.com/Andy11001/-alfa-inventory/master/data/images/VR7KAHPY5TL057794_clean.webp,Citroën,Nowy C5 Aircross,2025,0,KM,SUV,Astoria Green,New,149718 PLN,PLN,"{""addr1"": ""UL. OPOLSKA 9"", ""city"": ""KRAKÓW"", ""region"": ""MAŁOPOLSKIE"", ""country"": ""PL""}",50.0931,19.9238,LEASE,1908 PLN,per month,Hybrid,Automatic,FWD
VR7KAHPYXTL055152,Nowy C5 Aircross Max · od 1908 PLN/mies.,Citroën Nowy C5 Aircross Max · Rata od 1908 PLN netto/mies. · Leasing B2B · Kalisz · Sprawdź ofertę!,https://sklep.citroen.pl/produkt/nowy-c5-aircross/vr7kahpyxtl055152/,https://raw.githubusercontent.com/Andy11001/-alfa-inventory/master/data/images/VR7KAHPYXTL055152_clean.webp,Citroën,Nowy C5 Aircross,2025,0,KM,SUV,Platinium Grey,New,149718 PLN,PLN,"{""addr1"": ""KALISZ"", ""city"": ""KALISZ"", ""region"": ""MAZOWIECKIE"", ""country"": ""PL""}",,,LEASE,1908 PLN,per month,Hybrid,Automatic,FWD
VR7KAHPY9TL058026,Nowy C5 Aircross Max · od 1908 PLN/mies.,Citroën Nowy C5 Aircross Max · Rata od 1908 PLN netto/mies. · Leasing B2B · Słupsk · Sprawdź ofertę!,https://sklep.citroen.pl/produkt/nowy-c5-aircross/vr7kahpy9tl058026/,https://raw.githubusercontent.com/Andy11001/-alfa-inventory/master/data/images/VR7KAHPY9TL058026_clean.webp,Citroën,Nowy C5 Aircross,2025,0,KM,SUV,Okenite White,New,149718 PLN,PLN,"{""addr1"": ""SŁUPSK"", ""city"": ""SŁUPSK"", ""region"": ""POMORSKIE"", ""country"": ""PL""}",,,LEASE,1908 PLN,per month,Hybrid,Automatic,FWD
VR7KAHPY3TL057731,Nowy C5 Aircross Max · od 1892 PLN/mies.,Citroën Nowy C5 Aircross Max · Rata od 1892 PLN netto/mies. · Leasing B2B · Kraków · Sprawdź ofertę!,https://sklep.citroen.pl/produkt/nowy-c5-aircross/vr7kahpy3tl057731/,https://raw.githubusercontent.com/Andy11001/-alfa-inventory/master/data/images/VR7KAHPY3TL057731_clean.webp,Citroën,Nowy C5 Aircross,2025,0,KM,SUV,Perla Nera Black,New,148413 PLN,PLN,"{""addr1"": ""UL. OPOLSKA 9"", ""city"": ""KRAKÓW"", ""region"": ""MAŁOPOLSKIE"", ""country"": ""PL""}",50.0931,19.9238,LEASE,1892 PLN,per month,Hybrid,Automatic,FWD
VR7KAHPYXTL057841,Nowy C5 Aircross Max · od 1876 PLN/mies.,Citroën Nowy C5 Aircross Max · Rata od 1876 PLN netto/mies. · Leasing B2B · Kraków · Sprawdź ofertę!,https://sklep.citroen.pl/produkt/nowy-c5-aircross/vr7kahpyxtl057841/,https://raw.githubusercontent.com/Andy11001/-alfa-inventory/master/data/images/VR7KAHPYXTL057841_clean.webp,Citroën,Nowy C5 Aircross,2025,0,KM,SUV,Ruby Red,New,147195 PLN,PLN,"{""addr1"": ""UL. OPOLSKA 9"", ""city"": ""KRAKÓW"", ""region"": ""MAŁOPOLSKIE"", ""country"": ""PL""}",50.0931,19.9238,LEASE,1876 PLN,per month,Hybrid,Automatic,FWD
VR7BAHPY4TE039579,C4 Max · od 1491 PLN/mies.,Citroën C4 Max · Rata od 1491 PLN netto/mies. · Leasing B2B · Radom · Sprawdź ofertę!,https://sklep.citroen.pl/produkt/c4/vr7bahpy4te039579/,https://raw.githubusercontent.com/Andy11001/-alfa-inventory/master/data/images/VR7BAHPY4TE039579_clean.webp,Citroën,C4,2025,0,KM,Hatchback,Perla Nera,New,116820 PLN,PLN,"{""addr1"": ""RADOM"", ""city"": ""RADOM"", ""region"": ""MAZOWIECKIE"", ""country"": ""PL""}",,,LEASE,1491 PLN,per month,Hybrid,Automatic,FWD
VR7BAHPY7TE035672,C4 Max · od 1461 PLN/mies.,Citroën C4 Max · Rata od 1461 PLN netto/mies. · Leasing B2B · Kraków · Sprawdź ofertę!,https://sklep.citroen.pl/produkt/c4/vr7bahpy7te035672/,https://raw.githubusercontent.com/Andy11001/-alfa-inventory/master/data/images/VR7BAHPY7TE035672_clean.webp,Citroën,C4,2025,0,KM,Hatchback,Rouge Elixir,New,114469 PLN,PLN,"{""addr1"": ""UL. OPOLSKA 9"", ""city"": ""KRAKÓW"", ""region"": ""MAŁOPOLSKIE"", ""country"": ""PL""}",50.0931,19.9238,LEASE,1461 PLN,per month,Hybrid,Automatic,FWD
VR7BAHPY1TE036218,C4 Max · od 1453 PLN/mies.,Citroën C4 Max · Rata od 1453 PLN netto/mies. · Leasing B2B · Kielce · Sprawdź ofertę!,https://sklep.citroen.pl/produkt/c4/vr7bahpy1te036218/,https://raw.githubusercontent.com/Andy11001/-alfa-inventory/master/data/images/VR7BAHPY1TE036218_clean.webp,Citroën,C4,2025,0,KM,Hatchback,Blanc Okenite,New,113809 PLN,PLN,"{""addr1"": ""KIELCE"", ""city"": ""KIELCE"", ""region"": ""ŚWIĘTOKRZYSKIE"", ""country"": ""PL""}",,,LEASE,1453 PLN,per month,Hybrid,Automatic,FWD
VR7BDHPY9TE023112,C4 X Max · od 1414 PLN/mies.,Citroën C4 X Max · Rata od 1414 PLN netto/mies. · Leasing B2B · Radom · Sprawdź ofertę!,https://sklep.citroen.pl/produkt/c4-x/vr7bdhpy9te023112/,https://raw.githubusercontent.com/Andy11001/-alfa-inventory/master/data/images/VR7BDHPY9TE023112_clean.webp,Citroën,C4 X,2025,0,KM,SUV,Blue Eclipse,New,110715 PLN,PLN,"{""addr1"": ""RADOM"", ""city"": ""RADOM"", ""region"": ""MAZOWIECKIE"", ""country"": ""PL""}",,,LEASE,1414 PLN,per month,Hybrid,Automatic,FWD
VR7CGHPY2TT267305,C3 Aircross Max · od 1475 PLN/mies.,Citroën C3 Aircross Max · Rata od 1475 PLN netto/mies. · Leasing B2B · Kraczkowa · Sprawdź ofertę!,https://sklep.citroen.pl/produkt/c3-aircross/vr7cghpy2tt267305/,https://raw.githubusercontent.com/Andy11001/-alfa-inventory/master/data/images/VR7CGHPY2TT267305_clean.webp,Citroën,C3 Aircross,2025,0,KM,SUV,Elixir Red,New,115544 PLN,PLN,"{""addr1"": ""KRACZKOWA"", ""city"": ""KRACZKOWA"", ""region"": ""MAZOWIECKIE"", ""country"": ""PL""}",,,LEASE,1475 PLN,per month,Hybrid,Automatic,FWD
VR7CGHPY6TT267307,C3 Aircross Max · od 1475 PLN/mies.,Citroën C3 Aircross Max · Rata od 1475 PLN netto/mies. · Leasing B2B · Kraków · Sprawdź ofertę!,https://sklep.citroen.pl/produkt/c3-aircross/vr7cghpy6tt267307/,https://raw.githubusercontent.com/Andy11001/-alfa-inventory/master/data/images/VR7CGHPY6TT267307_clean.webp,Citroën,C3 Aircross,2025,0,KM,SUV,Elixir Red,New,115544 PLN,PLN,"{""addr1"": ""UL. OPOLSKA 9"", ""city"": ""KRAKÓW"", ""region"": ""MAŁOPOLSKIE"", ""country"": ""PL""}",50.0931,19.9238,LEASE,1475 PLN,per month,Hybrid,Automatic,FWD
VR7CGHPYXTT267309,C3 Aircross Max · od 1475 PLN/mies.,Citroën C3 Aircross Max · Rata od 1475 PLN netto/mies. · Leasing B2B · Gdańsk · Sprawdź ofertę!,https://sklep.citroen.pl/produkt/c3-aircross/vr7cghpyxtt267309/,https://raw.githubusercontent.com/Andy11001/-alfa-inventory/master/data/images/VR7CGHPYXTT267309_clean.webp,Citroën,C3 Aircross,2025,0,KM,SUV,Elixir Red,New,115544 PLN,PLN,"{""addr1"": ""AL. GRUNWALDZKA 256"", ""city"": ""GDAŃSK"", ""region"": ""POMORSKIE"", ""country"": ""PL""}",54.4022,18.5714,LEASE,1475 PLN,per month,Hybrid,Automatic,FWD
VR7CGHPY6VT003524,C3 Aircross Max · od 1475 PLN/mies.,Citroën C3 Aircross Max · Rata od 1475 PLN netto/mies. · Leasing B2B · Kraczkowa · Sprawdź ofertę!,https://sklep.citroen.pl/produkt/c3-aircross/vr7cghpy6vt003524/,https://raw.githubusercontent.com/Andy11001/-alfa-inventory/master/data/images/VR7CGHPY6VT003524_clean.webp,Citroën,C3 Aircross,2025,0,KM,SUV,Elixir Red,New,115544 PLN,PLN,"{""addr1"": ""KRACZKOWA"", ""city"": ""KRACZKOWA"", ""region"": ""MAZOWIECKIE"", ""country"": ""PL""}",,,LEASE,1475 PLN,per month,Hybrid,Automatic,FWD
VR7CGHPY5TT267279,C3 Aircross Max · od 1466 PLN/mies.,Citroën C3 Aircross Max · Rata od 1466 PLN netto/mies. · Leasing B2B · Kraków · Sprawdź ofertę!,https://sklep.citroen.pl/produkt/c3-aircross/vr7cghpy5tt267279/,https://raw.githubusercontent.com/Andy11001/-alfa-inventory/master/data/images/VR7CGHPY5TT267279_clean.webp,Citroën,C3 Aircross,2025,0,KM,SUV,Mercury Grey,New,114840 PLN,PLN,"{""addr1"": ""UL. OPOLSKA 9"", ""city"": ""KRAKÓW"", ""region"": ""MAŁOPOLSKIE"", ""country"": ""PL""}",50.0931,19.9238,LEASE,1466 PLN,per month,Hybrid,Automatic,FWD
VR7CGHPY2TT267191,C3 Aircross Max · od 1466 PLN/mies.,Citroën C3 Aircross Max · Rata od 1466 PLN netto/mies. · Leasing B2B · Kraczkowa · Sprawdź ofertę!,https://sklep.citroen.pl/produkt/c3-aircross/vr7cghpy2tt267191/,https://raw.githubusercontent.com/Andy11001/-alfa-inventory/master/data/images/VR7CGHPY2TT267191_clean.webp,Citroën,C3 Aircross,2025,0,KM,SUV,Montana Green,New,114840 PLN,PLN,"{""addr1"": ""KRACZKOWA"", ""city"": ""KRACZKOWA"", ""region"": ""MAZOWIECKIE"", ""country"": ""PL""}",,,LEASE,1466 PLN,per month,Hybrid,Automatic,FWD
VR7CGHPY8TT267194,C3 Aircross Max · od 1466 PLN/mies.,Citroën C3 Aircross Max · Rata od 1466 PLN netto/mies. · Leasing B2B · Sosnowiec · Sprawdź ofertę!,https://sklep.citroen.pl/produkt/c3-aircross/vr7cghpy8tt267194/,https://raw.githubusercontent.com/Andy11001/-alfa-inventory/master/data/images/VR7CGHPY8TT267194_clean.webp,Citroën,C3 Aircross,2025,0,KM,SUV,Montana Green,New,114840 PLN,PLN,"{""addr1"": ""SOSNOWIEC"", ""city"": ""SOSNOWIEC"", ""region"": ""ŚLĄSKIE"", ""country"": ""PL""}",,,LEASE,1466 PLN,per month,Hybrid,Automatic,FWD
VR7CGHPY7TT267283,C3 Aircross Max · od 1466 PLN/mies.,Citroën C3 Aircross Max · Rata od 1466 PLN netto/mies. · Leasing B2B · Łódź · Sprawdź ofertę!,https://sklep.citroen.pl/produkt/c3-aircross/vr7cghpy7tt267283/,https://raw.githubusercontent.com/Andy11001/-alfa-inventory/master/data/images/VR7CGHPY7TT267283_clean.webp,Citroën,C3 Aircross,2025,0,KM,SUV,Mercury Grey,New,114840 PLN,PLN,"{""addr1"": ""UL. OBYWATELSKA 181"", ""city"": ""ŁÓDŹ"", ""region"": ""ŁÓDZKIE"", ""country"": ""PL""}",51.7371,19.4316,LEASE,1466 PLN,per month,Hybrid,Automatic,FWD
VR7CGHPY3TT267278,C3 Aircross Max · od 1466 PLN/mies.,Citroën C3 Aircross Max · Rata od 1466 PLN netto/mies. · Leasing B2B · Kraków · Sprawdź ofertę!,https://sklep.citroen.pl/produkt/c3-aircross/vr7cghpy3tt267278/,https://raw.githubusercontent.com/Andy11001/-alfa-inventory/master/data/images/VR7CGHPY3TT267278_clean.webp,Citroën,C3 Aircross,2025,0,KM,SUV,Mercury Grey,New,114840 PLN,PLN,"{""addr1"": ""UL. OPOLSKA 9"", ""city"": ""KRAKÓW"", ""region"": ""MAŁOPOLSKIE"", ""country"": ""PL""}",50.0931,19.9238,LEASE,1466 PLN,per month,Hybrid,Automatic,FWD
VR7CGHPY1TT267280,C3 Aircross Max · od 1466 PLN/mies.,Citroën C3 Aircross Max · Rata od 1466 PLN netto/mies. · Leasing B2B · Kraków · Sprawdź ofertę!,https://sklep.citroen.pl/produkt/c3-aircross/vr7cghpy1tt267280/,https://raw.githubusercontent.com/Andy11001/-alfa-inventory/master/data/images/VR7CGHPY1TT267280_clean.webp,Citroën,C3 Aircross,2025,0,KM,SUV,Mercury Grey,New,114840 PLN,PLN,"{""addr1"": ""UL. OPOLSKA 9"", ""city"": ""KRAKÓW"", ""region"": ""MAŁOPOLSKIE"", ""country"": ""PL""}",50.0931,19.9238,LEASE,1466 PLN,per month,Hybrid,Automatic,FWD
VR7CGHPY4TT267354,C3 Aircross Max · od 1457 PLN/mies.,Citroën C3 Aircross Max · Rata od 1457 PLN netto/mies. · Leasing B2B · Kraczkowa · Sprawdź ofertę!,https://sklep.citroen.pl/produkt/c3-aircross/vr7cghpy4tt267354/,https://raw.githubusercontent.com/Andy11001/-alfa-inventory/master/data/images/VR7CGHPY4TT267354_clean.webp,Citroën,C3 Aircross,2025,0,KM,SUV,Polar White,New,114158 PLN,PLN,"{""addr1"": ""KRACZKOWA"", ""city"": ""KRACZKOWA"", ""region"": ""MAZOWIECKIE"", ""country"": ""PL""}",,,LEASE,1457 PLN,per month,Hybrid,Automatic,FWD
VR7CGHPY7TT267364,C3 Aircross Max · od 1457 PLN/mies.,Citroën C3 Aircross Max · Rata od 1457 PLN netto/mies. · Leasing B2B · Motycz K. Lublina · Sprawdź ofertę!,https://sklep.citroen.pl/produkt/c3-aircross/vr7cghpy7tt267364/,https://raw.githubusercontent.com/Andy11001/-alfa-inventory/master/data/images/VR7CGHPY7TT267364_clean.webp,Citroën,C3 Aircross,2025,0,KM,SUV,Polar White,New,114158 PLN,PLN,"{""addr1"": ""MOTYCZ K. LUBLINA"", ""city"": ""MOTYCZ K. LUBLINA"", ""region"": ""MAZOWIECKIE"", ""country"": ""PL""}",,,LEASE,1457 PLN,per month,Hybrid,Automatic,FWD
VR7CGHPY3TT267362,C3 Aircross Max · od 1457 PLN/mies.,Citroën C3 Aircross Max · Rata od 1457 PLN netto/mies. · Leasing B2B · Motycz K. Lublina · Sprawdź ofertę!,https://sklep.citroen.pl/produkt/c3-aircross/vr7cghpy3tt267362/,https://raw.githubusercontent.com/Andy11001/-alfa-inventory/master/data/images/VR7CGHPY3TT267362_clean.webp,Citroën,C3 Aircross,2025,0,KM,SUV,Polar White,New,114158 PLN,PLN,"{""addr1"": ""MOTYCZ K. LUBLINA"", ""city"": ""MOTYCZ K. LUBLINA"", ""region"": ""MAZOWIECKIE"", ""country"": ""PL""}",,,LEASE,1457 PLN,per month,Hybrid,Automatic,FWD
VR7CGHPY0TT267366,C3 Aircross Max · od 1457 PLN/mies.,Citroën C3 Aircross Max · Rata od 1457 PLN netto/mies. · Leasing B2B · Motycz K. Lublina · Sprawdź ofertę!,https://sklep.citroen.pl/produkt/c3-aircross/vr7cghpy0tt267366/,https://raw.githubusercontent.com/Andy11001/-alfa-inventory/master/data/images/VR7CGHPY0TT267366_clean.webp,Citroën,C3 Aircross,2025,0,KM,SUV,Polar White,New,114158 PLN,PLN,"{""addr1"": ""MOTYCZ K. LUBLINA"", ""city"": ""MOTYCZ K. LUBLINA"", ""region"": ""MAZOWIECKIE"", ""country"": ""PL""}",,,LEASE,1457 PLN,per month,Hybrid,Automatic,FWD
VR7CGHPY9TT267351,C3 Aircross Max · od 1457 PLN/mies.,Citroën C3 Aircross Max · Rata od 1457 PLN netto/mies. · Leasing B2B · Kraków · Sprawdź ofertę!,https://sklep.citroen.pl/produkt/c3-aircross/vr7cghpy9tt267351/,https://raw.githubusercontent.com/Andy11001/-alfa-inventory/master/data/images/VR7CGHPY9TT267351_clean.webp,Citroën,C3 Aircross,2025,0,KM,SUV,Polar White,New,114158 PLN,PLN,"{""addr1"": ""UL. OPOLSKA 9"", ""city"": ""KRAKÓW"", ""region"": ""MAŁOPOLSKIE"", ""country"": ""PL""}",50.0931,19.9238,LEASE,1457 PLN,per month,Hybrid,Automatic,FWD
VR7CGHPY6TT267355,C3 Aircross Max · od 1457 PLN/mies.,Citroën C3 Aircross Max · Rata od 1457 PLN netto/mies. · Leasing B2B · Kielce · Sprawdź ofertę!,https://sklep.citroen.pl/produkt/c3-aircross/vr7cghpy6tt267355/,https://raw.githubusercontent.com/Andy11001/-alfa-inventory/master/data/images/VR7CGHPY6TT267355_clean.webp,Citroën,C3 Aircross,2025,0,KM,SUV,Polar White,New,114158 PLN,PLN,"{""addr1"": ""KIELCE"", ""city"": ""KIELCE"", ""region"": ""ŚWIĘTOKRZYSKIE"", ""country"": ""PL""}",,,LEASE,1457 PLN,per month,Hybrid,Automatic,FWD
VR7CGHPY3TT267359,C3 Aircross Max · od 1457 PLN/mies.,Citroën C3 Aircross Max · Rata od 1457 PLN netto/mies. · Leasing B2B · Kraków · Sprawdź ofertę!,https://sklep.citroen.pl/produkt/c3-aircross/vr7cghpy3tt267359/,https://raw.githubusercontent.com/Andy11001/-alfa-inventory/master/data/images/VR7CGHPY3TT267359_clean.webp,Citroën,C3 Aircross,2025,0,KM,SUV,Polar White,New,114158 PLN,PLN,"{""addr1"": ""UL. OPOLSKA 9"", ""city"": ""KRAKÓW"", ""region"": ""MAŁOPOLSKIE"", ""country"": ""PL""}",50.0931,19.9238,LEASE,1457 PLN,per month,Hybrid,Automatic,FWD
VR7CGHPY1TT267358,C3 Aircross Max · od 1457 PLN/mies.,Citroën C3 Aircross Max · Rata od 1457 PLN netto/mies. · Leasing B2B · Kraczkowa · Sprawdź ofertę!,https://sklep.citroen.pl/produkt/c3-aircross/vr7cghpy1tt267358/,https://raw.githubusercontent.com/Andy11001/-alfa-inventory/master/data/images/VR7CGHPY1TT267358_clean.webp,Citroën,C3 Aircross,2025,0,KM,SUV,Polar White,New,114158 PLN,PLN,"{""addr1"": ""KRACZKOWA"", ""city"": ""KRACZKOWA"", ""region"": ""MAZOWIECKIE"", ""country"": ""PL""}",,,LEASE,1457 PLN,per month,Hybrid,Automatic,FWD
VR7CGHPY9TT267348,C3 Aircross Max · od 1457 PLN/mies.,Citroën C3 Aircross Max · Rata od 1457 PLN netto/mies. · Leasing B2B · Kraczkowa · Sprawdź ofertę!,https://sklep.citroen.pl/produkt/c3-aircross/vr7cghpy9tt267348/,https://raw.githubusercontent.com/Andy11001/-alfa-inventory/master/data/images/VR7CGHPY9TT267348_clean.webp,Citroën,C3 Aircross,2025,0,KM,SUV,Polar White,New,114158 PLN,PLN,"{""addr1"": ""KRACZKOWA"", ""city"": ""KRACZKOWA"", ""region"": ""MAZOWIECKIE"", ""country"": ""PL""}",,,LEASE,1457 PLN,per month,Hybrid,Automatic,FWD
VR7CGHPY9TT267365,C3 Aircross Max · od 1457 PLN/mies.,Citroën C3 Aircross Max · Rata od 1457 PLN netto/mies. · Leasing B2B · Kraczkowa · Sprawdź ofertę!,https://sklep.citroen.pl/produkt/c3-aircross/vr7cghpy9tt267365/,https://raw.githubusercontent.com/Andy11001/-alfa-inventory/master/data/images/VR7CGHPY9TT267365_clean.webp,Citroën,C3 Aircross,2025,0,KM,SUV,Polar White,New,114158 PLN,PLN,"{""addr1"": ""KRACZKOWA"", ""city"": ""KRACZKOWA"", ""region"": ""MAZOWIECKIE"", ""country"": ""PL""}",,,LEASE,1457 PLN,per month,Hybrid,Automatic,FWD
VR7CGHPY2TT267353,C3 Aircross Max · od 1457 PLN/mies.,Citroën C3 Aircross Max · Rata od 1457 PLN netto/mies. · Leasing B2B · Kielce · Sprawdź ofertę!,https://sklep.citroen.pl/produkt/c3-aircross/vr7cghpy2tt267353/,https://raw.githubusercontent.com/Andy11001/-alfa-inventory/master/data/images/VR7CGHPY2TT267353_clean.webp,Citroën,C3 Aircross,2025,0,KM,SUV,Polar White,New,114158 PLN,PLN,"{""addr1"": ""KIELCE"", ""city"": ""KIELCE"", ""region"": ""ŚWIĘTOKRZYSKIE"", ""country"": ""PL""}",,,LEASE,1457 PLN,per month,Hybrid,Automatic,FWD
VR7CGHPY3TT267684,C3 Aircross Max · od 1457 PLN/mies.,Citroën C3 Aircross Max · Rata od 1457 PLN netto/mies. · Leasing B2B · Kraków · Sprawdź ofertę!,https://sklep.citroen.pl/produkt/c3-aircross/vr7cghpy3tt267684/,https://raw.githubusercontent.com/Andy11001/-alfa-inventory/master/data/images/VR7CGHPY3TT267684_clean.webp,Citroën,C3 Aircross,2025,0,KM,SUV,Polar White,New,114158 PLN,PLN,"{""addr1"": ""UL. OPOLSKA 9"", ""city"": ""KRAKÓW"", ""region"": ""MAŁOPOLSKIE"", ""country"": ""PL""}",50.0931,19.9238,LEASE,1457 PLN,per month,Hybrid,Automatic,FWD
VR7CGHPY1TT267361,C3 Aircross Max · od 1457 PLN/mies.,Citroën C3 Aircross Max · Rata od 1457 PLN netto/mies. · Leasing B2B · Kraków · Sprawdź ofertę!,https://sklep.citroen.pl/produkt/c3-aircross/vr7cghpy1tt267361/,https://raw.githubusercontent.com/Andy11001/-alfa-inventory/master/data/images/VR7CGHPY1TT267361_clean.webp,Citroën,C3 Aircross,2025,0,KM,SUV,Polar White,New,114158 PLN,PLN,"{""addr1"": ""UL. OPOLSKA 9"", ""city"": ""KRAKÓW"", ""region"": ""MAŁOPOLSKIE"", ""country"": ""PL""}",50.0931,19.9238,LEASE,1457 PLN,per month,Hybrid,Automatic,FWD
VR7CGHPY5TT267363,C3 Aircross Max · od 1457 PLN/mies.,Citroën C3 Aircross Max · Rata od 1457 PLN netto/mies. · Leasing B2B · Kraków · Sprawdź ofertę!,https://sklep.citroen.pl/produkt/c3-aircross/vr7cghpy5tt267363/,https://raw.githubusercontent.com/Andy11001/-alfa-inventory/master/data/images/VR7CGHPY5TT267363_clean.webp,Citroën,C3 Aircross,2025,0,KM,SUV,Polar White,New,114158 PLN,PLN,"{""addr1"": ""UL. OPOLSKA 9"", ""city"": ""KRAKÓW"", ""region"": ""MAŁOPOLSKIE"", ""country"": ""PL""}",50.0931,19.9238,LEASE,1457 PLN,per month,Hybrid,Automatic,FWD
VR7CGHPY9TT267446,C3 Aircross Max · od 1452 PLN/mies.,Citroën C3 Aircross Max · Rata od 1452 PLN netto/mies. · Leasing B2B · Wrocław · Sprawdź ofertę!,https://sklep.citroen.pl/produkt/c3-aircross/vr7cghpy9tt267446/,https://raw.githubusercontent.com/Andy11001/-alfa-inventory/master/data/images/VR7CGHPY9TT267446_clean.webp,Citroën,C3 Aircross,2025,0,KM,SUV,Polar White,New,113784 PLN,PLN,"{""addr1"": ""UL. SZCZECIŃSKA 7"", ""city"": ""WROCŁAW"", ""region"": ""DOLNOŚLĄSKIE"", ""country"": ""PL""}",51.1274,16.9535,LEASE,1452 PLN,per month,Hybrid,Automatic,FWD
VR7CGHPY6TT267467,C3 Aircross Plus · od 1363 PLN/mies.,Citroën C3 Aircross Plus · Rata od 1363 PLN netto/mies. · Leasing B2B · Szczecin · Sprawdź ofertę!,https://sklep.citroen.pl/produkt/c3-aircross/vr7cghpy6tt267467/,https://raw.githubusercontent.com/Andy11001/-alfa-inventory/master/data/images/VR7CGHPY6TT267467_clean.webp,Citroën,C3 Aircross,2025,0,KM,SUV,Mercury Grey,New,106722 PLN,PLN,"{""addr1"": ""UL. STRUGA 1B"", ""city"": ""SZCZECIN"", ""region"": ""ZACHODNIOPOMORSKIE"", ""country"": ""PL""}",53.3891,14.6543,LEASE,1363 PLN,per month,Hybrid,Automatic,FWD
VR7CGHPYXTT267472,C3 Aircross Plus · od 1363 PLN/mies.,Citroën C3 Aircross Plus · Rata od 1363 PLN netto/mies. · Leasing B2B · Kraków · Sprawdź ofertę!,https://sklep.citroen.pl/produkt/c3-aircross/vr7cghpyxtt267472/,https://raw.githubusercontent.com/Andy11001/-alfa-inventory/master/data/images/VR7CGHPYXTT267472_clean.webp,Citroën,C3 Aircross,2025,0,KM,SUV,Mercury Grey,New,106722 PLN,PLN,"{""addr1"": ""UL. OPOLSKA 9"", ""city"": ""KRAKÓW"", ""region"": ""MAŁOPOLSKIE"", ""country"": ""PL""}",50.0931,19.9238,LEASE,1363 PLN,per month,Hybrid,Automatic,FWD
VR7CGHPY1TT267523,C3 Aircross Plus · od 1331 PLN/mies.,Citroën C3 Aircross Plus · Rata od 1331 PLN netto/mies. · Leasing B2B · Szczecin · Sprawdź ofertę!,https://sklep.citroen.pl/produkt/c3-aircross/vr7cghpy1tt267523/,https://raw.githubusercontent.com/Andy11001/-alfa-inventory/master/data/images/VR7CGHPY1TT267523_clean.webp,Citroën,C3 Aircross,2025,0,KM,SUV,Noir Perla Nera,New,104170 PLN,PLN,"{""addr1"": ""UL. STRUGA 1B"", ""city"": ""SZCZECIN"", ""region"": ""ZACHODNIOPOMORSKIE"", ""country"": ""PL""}",53.3891,14.6543,LEASE,1331 PLN,per month,Hybrid,Automatic,FWD
VR7CCHPX4TT279555,C3 Max · od 1259 PLN/mies.,Citroën C3 Max · Rata od 1259 PLN netto/mies. · Leasing B2B · Opole · Sprawdź ofertę!,https://sklep.citroen.pl/produkt/c3/vr7cchpx4tt279555/,https://raw.githubusercontent.com/Andy11001/-alfa-inventory/master/data/images/VR7CCHPX4TT279555_clean.webp,Citroën,C3,2025,0,KM,Hatchback,Mercury Grey,New,98486 PLN,PLN,"{""addr1"": ""OPOLE"", ""city"": ""OPOLE"", ""region"": ""OPOLSKIE"", ""country"": ""PL""}",,,LEASE,1259 PLN,per month,Hybrid,Automatic,FWD
VR7CCHPX9TT266512,C3 Max · od 1259 PLN/mies.,Citroën C3 Max · Rata od 1259 PLN netto/mies. · Leasing B2B · Sosnowiec · Sprawdź ofertę!,https://sklep.citroen.pl/produkt/c3/vr7cchpx9tt266512/,https://raw.githubusercontent.com/Andy11001/-alfa-inventory/master/data/images/VR7CCHPX9TT266512_clean.webp,Citroën,C3,2025,0,KM,Hatchback,Mercury Grey,New,98486 PLN,PLN,"{""addr1"": ""SOSNOWIEC"", ""city"": ""SOSNOWIEC"", ""region"": ""ŚLĄSKIE"", ""country"": ""PL""}",,,LEASE,1259 PLN,per month,Hybrid,Automatic,FWD
VR7CCHPX6TT279556,C3 Max · od 1259 PLN/mies.,Citroën C3 Max · Rata od 1259 PLN netto/mies. · Leasing B2B · Kraczkowa · Sprawdź ofertę!,https://sklep.citroen.pl/produkt/c3/vr7cchpx6tt279556/,https://raw.githubusercontent.com/Andy11001/-alfa-inventory/master/data/images/VR7CCHPX6TT279556_clean.webp,Citroën,C3,2025,0,KM,Hatchback,Mercury Grey,New,98486 PLN,PLN,"{""addr1"": ""KRACZKOWA"", ""city"": ""KRACZKOWA"", ""region"": ""MAZOWIECKIE"", ""country"": ""PL""}",,,LEASE,1259 PLN,per month,Hybrid,Automatic,FWD
VR7CCHPX4TT266515,C3 Max · od 1259 PLN/mies.,Citroën C3 Max · Rata od 1259 PLN netto/mies. · Leasing B2B · Kielce · Sprawdź ofertę!,https://sklep.citroen.pl/produkt/c3/vr7cchpx4tt266515/,https://raw.githubusercontent.com/Andy11001/-alfa-inventory/master/data/images/VR7CCHPX4TT266515_clean.webp,Citroën,C3,2025,0,KM,Hatchback,Mercury Grey,New,98486 PLN,PLN,"{""addr1"": ""KIELCE"", ""city"": ""KIELCE"", ""region"": ""ŚWIĘTOKRZYSKIE"", ""country"": ""PL""}",,,LEASE,1259 PLN,per month,Hybrid,Automatic,FWD
VR7CCHPX0TT266513,C3 Max · od 1259 PLN/mies.,Citroën C3 Max · Rata od 1259 PLN netto/mies. · Leasing B2B · Kielce · Sprawdź ofertę!,https://sklep.citroen.pl/produkt/c3/vr7cchpx0tt266513/,https://raw.githubusercontent.com/Andy11001/-alfa-inventory/master/data/images/VR7CCHPX0TT266513_clean.webp,Citroën,C3,2025,0,KM,Hatchback,Mercury Grey,New,98486 PLN,PLN,"{""addr1"": ""KIELCE"", ""city"": ""KIELCE"", ""region"": ""ŚWIĘTOKRZYSKIE"", ""country"": ""PL""}",,,LEASE,1259 PLN,per month,Hybrid,Automatic,FWD
VR7CCHPX5TT280763,C3 Max · od 1259 PLN/mies.,Citroën C3 Max · Rata od 1259 PLN netto/mies. · Leasing B2B · Gdańsk · Sprawdź ofertę!,https://sklep.citroen.pl/produkt/c3/vr7cchpx5tt280763/,https://raw.githubusercontent.com/Andy11001/-alfa-inventory/master/data/images/VR7CCHPX5TT280763_clean.webp,Citroën,C3,2025,0,KM,Hatchback,Mercury Grey,New,98486 PLN,PLN,"{""addr1"": ""AL. GRUNWALDZKA 256"", ""city"": ""GDAŃSK"", ""region"": ""POMORSKIE"", ""country"": ""PL""}",54.4022,18.5714,LEASE,1259 PLN,per month,Hybrid,Automatic,FWD
VR7CCHPX1TT266732,C3 Max · od 1259 PLN/mies.,Citroën C3 Max · Rata od 1259 PLN netto/mies. · Leasing B2B · Kraczkowa · Sprawdź ofertę!,https://sklep.citroen.pl/produkt/c3/vr7cchpx1tt266732/,https://raw.githubusercontent.com/Andy11001/-alfa-inventory/master/data/images/VR7CCHPX1TT266732_clean.webp,Citroën,C3,2025,0,KM,Hatchback,Mercury Grey,New,98486 PLN,PLN,"{""addr1"": ""KRACZKOWA"", ""city"": ""KRACZKOWA"", ""region"": ""MAZOWIECKIE"", ""country"": ""PL""}",,,LEASE,1259 PLN,per month,Hybrid,Automatic,FWD
VR7CCHPX9TT267174,C3 Max · od 1259 PLN/mies.,Citroën C3 Max · Rata od 1259 PLN netto/mies. · Leasing B2B · Kalisz · Sprawdź ofertę!,https://sklep.citroen.pl/produkt/c3/vr7cchpx9tt267174/,https://raw.githubusercontent.com/Andy11001/-alfa-inventory/master/data/images/VR7CCHPX9TT267174_clean.jpg,Citroën,C3,2025,0,KM,Hatchback,Mercury Grey,New,98486 PLN,PLN,"{""addr1"": ""KALISZ"", ""city"": ""KALISZ"", ""region"": ""MAZOWIECKIE"", ""country"": ""PL""}",,,LEASE,1259 PLN,per month,Hybrid,Automatic,FWD
VR7CCHPX9TT279552,C3 Max · od 1259 PLN/mies.,Citroën C3 Max · Rata od 1259 PLN netto/mies. · Leasing B2B · Wieliczka · Sprawdź ofertę!,https://sklep.citroen.pl/produkt/c3/vr7cchpx9tt279552/,https://raw.githubusercontent.com/Andy11001/-alfa-inventory/master/data/images/VR7CCHPX9TT279552_clean.webp,Citroën,C3,2025,0,KM,Hatchback,Mercury Grey,New,98486 PLN,PLN,"{""addr1"": ""WIELICZKA"", ""city"": ""WIELICZKA"", ""region"": ""MAZOWIECKIE"", ""country"": ""PL""}",,,LEASE,1259 PLN,per month,Hybrid,Automatic,FWD
VR7CCHPX3TT267008,C3 Max · od 1259 PLN/mies.,Citroën C3 Max · Rata od 1259 PLN netto/mies. · Leasing B2B · Sosnowiec · Sprawdź ofertę!,https://sklep.citroen.pl/produkt/c3/vr7cchpx3tt267008/,https://raw.githubusercontent.com/Andy11001/-alfa-inventory/master/data/images/VR7CCHPX3TT267008_clean.webp,Citroën,C3,2025,0,KM,Hatchback,Mercury Grey,New,98486 PLN,PLN,"{""addr1"": ""SOSNOWIEC"", ""city"": ""SOSNOWIEC"", ""region"": ""ŚLĄSKIE"", ""country"": ""PL""}",,,LEASE,1259 PLN,per month,Hybrid,Automatic,FWD
VR7CCHPX3TT280762,C3 Max · od 1259 PLN/mies.,Citroën C3 Max · Rata od 1259 PLN netto/mies. · Leasing B2B · Gdańsk · Sprawdź ofertę!,https://sklep.citroen.pl/produkt/c3/vr7cchpx3tt280762/,https://raw.githubusercontent.com/Andy11001/-alfa-inventory/master/data/images/VR7CCHPX3TT280762_clean.webp,Citroën,C3,2025,0,KM,Hatchback,Mercury Grey,New,98486 PLN,PLN,"{""addr1"": ""AL. GRUNWALDZKA 256"", ""city"": ""GDAŃSK"", ""region"": ""POMORSKIE"", ""country"": ""PL""}",54.4022,18.5714,LEASE,1259 PLN,per month,Hybrid,Automatic,FWD
VR7CCHPX9VT003505,C3 Max · od 1259 PLN/mies.,Citroën C3 Max · Rata od 1259 PLN netto/mies. · Leasing B2B · Elbląg · Sprawdź ofertę!,https://sklep.citroen.pl/produkt/c3/vr7cchpx9vt003505/,https://raw.githubusercontent.com/Andy11001/-alfa-inventory/master/data/images/VR7CCHPX9VT003505_clean.webp,Citroën,C3,2025,0,KM,Hatchback,Noir Perla Nera,New,98486 PLN,PLN,"{""addr1"": ""ELBLĄG"", ""city"": ""ELBLĄG"", ""region"": ""MAZOWIECKIE"", ""country"": ""PL""}",,,LEASE,1259 PLN,per month,Hybrid,Automatic,FWD
VR7CCHPX9TZ829166,C3 Max · od 1259 PLN/mies.,Citroën C3 Max · Rata od 1259 PLN netto/mies. · Leasing B2B · Radom · Sprawdź ofertę!,https://sklep.citroen.pl/produkt/c3/vr7cchpx9tz829166/,https://raw.githubusercontent.com/Andy11001/-alfa-inventory/master/data/images/VR7CCHPX9TZ829166_clean.webp,Citroën,C3,2025,0,KM,Hatchback,Mercury Grey,New,98486 PLN,PLN,"{""addr1"": ""RADOM"", ""city"": ""RADOM"", ""region"": ""MAZOWIECKIE"", ""country"": ""PL""}",,,LEASE,1259 PLN,per month,Hybrid,Automatic,FWD
VR7CCHPX4TT244403,C3 Max · od 1259 PLN/mies.,Citroën C3 Max · Rata od 1259 PLN netto/mies. · Leasing B2B · Bielsko-Biała · Sprawdź ofertę!,https://sklep.citroen.pl/produkt/c3/vr7cchpx4tt244403/,https://raw.githubusercontent.com/Andy11001/-alfa-inventory/master/data/images/VR7CCHPX4TT244403_clean.webp,Citroën,C3,2025,0,KM,Hatchback,Bright Blue,New,98486 PLN,PLN,"{""addr1"": ""BIELSKO-BIAŁA"", ""city"": ""BIELSKO-BIAŁA"", ""region"": ""ŚLĄSKIE"", ""country"": ""PL""}",,,LEASE,1259 PLN,per month,Hybrid,Automatic,FWD
VR7CCHPX7TT266511,C3 Max · od 1259 PLN/mies.,Citroën C3 Max · Rata od 1259 PLN netto/mies. · Leasing B2B · Łódź · Sprawdź ofertę!,https://sklep.citroen.pl/produkt/c3/vr7cchpx7tt266511/,https://raw.githubusercontent.com/Andy11001/-alfa-inventory/master/data/images/VR7CCHPX7TT266511_clean.webp,Citroën,C3,2025,0,KM,Hatchback,Mercury Grey,New,98486 PLN,PLN,"{""addr1"": ""UL. OBYWATELSKA 181"", ""city"": ""ŁÓDŹ"", ""region"": ""ŁÓDZKIE"", ""country"": ""PL""}",51.7371,19.4316,LEASE,1259 PLN,per month,Hybrid,Automatic,FWD
VR7CCHPX1TZ838511,C3 Max · od 1259 PLN/mies.,Citroën C3 Max · Rata od 1259 PLN netto/mies. · Leasing B2B · Płock · Sprawdź ofertę!,https://sklep.citroen.pl/produkt/c3/vr7cchpx1tz838511/,https://raw.githubusercontent.com/Andy11001/-alfa-inventory/master/data/images/VR7CCHPX1TZ838511_clean.webp,Citroën,C3,2025,0,KM,Hatchback,Noir Perla Nera,New,98486 PLN,PLN,"{""addr1"": ""PŁOCK"", ""city"": ""PŁOCK"", ""region"": ""MAZOWIECKIE"", ""country"": ""PL""}",,,LEASE,1259 PLN,per month,Hybrid,Automatic,FWD
VR7CCHPX2TT244299,C3 Max · od 1259 PLN/mies.,Citroën C3 Max · Rata od 1259 PLN netto/mies. · Leasing B2B · Kielce · Sprawdź ofertę!,https://sklep.citroen.pl/produkt/c3/vr7cchpx2tt244299/,https://raw.githubusercontent.com/Andy11001/-alfa-inventory/master/data/images/VR7CCHPX2TT244299_clean.webp,Citroën,C3,2025,0,KM,Hatchback,Mercury Grey,New,98486 PLN,PLN,"{""addr1"": ""KIELCE"", ""city"": ""KIELCE"", ""region"": ""ŚWIĘTOKRZYSKIE"", ""country"": ""PL""}",,,LEASE,1259 PLN,per month,Hybrid,Automatic,FWD
VR7CCHPX0TT279553,C3 Max · od 1259 PLN/mies.,Citroën C3 Max · Rata od 1259 PLN netto/mies. · Leasing B2B · Sosnowiec · Sprawdź ofertę!,https://sklep.citroen.pl/produkt/c3/vr7cchpx0tt279553/,https://raw.githubusercontent.com/Andy11001/-alfa-inventory/master/data/images/VR7CCHPX0TT279553_clean.webp,Citroën,C3,2025,0,KM,Hatchback,Mercury Grey,New,98486 PLN,PLN,"{""addr1"": ""SOSNOWIEC"", ""city"": ""SOSNOWIEC"", ""region"": ""ŚLĄSKIE"", ""country"": ""PL""}",,,LEASE,1259 PLN,per month,Hybrid,Automatic,FWD
VR7CCHPX2TT266531,C3 Max · od 1259 PLN/mies.,Citroën C3 Max · Rata od 1259 PLN netto/mies. · Leasing B2B · Kielce · Sprawdź ofertę!,https://sklep.citroen.pl/produkt/c3/vr7cchpx2tt266531/,https://raw.githubusercontent.com/Andy11001/-alfa-inventory/master/data/images/VR7CCHPX2TT266531_clean.webp,Citroën,C3,2025,0,KM,Hatchback,Noir Perla Nera,New,98486 PLN,PLN,"{""addr1"": ""KIELCE"", ""city"": ""KIELCE"", ""region"": ""ŚWIĘTOKRZYSKIE"", ""country"": ""PL""}",,,LEASE,1259 PLN,per month,Hybrid,Automatic,FWD
VR7CCHPX1TT280761,C3 Max · od 1259 PLN/mies.,Citroën C3 Max · Rata od 1259 PLN netto/mies. · Leasing B2B · Gdańsk · Sprawdź ofertę!,https://sklep.citroen.pl/produkt/c3/vr7cchpx1tt280761/,https://raw.githubusercontent.com/Andy11001/-alfa-inventory/master/data/images/VR7CCHPX1TT280761_clean.webp,Citroën,C3,2025,0,KM,Hatchback,Mercury Grey,New,98486 PLN,PLN,"{""addr1"": ""AL. GRUNWALDZKA 256"", ""city"": ""GDAŃSK"", ""region"": ""POMORSKIE"", ""country"": ""PL""}",54.4022,18.5714,LEASE,1259 PLN,per month,Hybrid,Automatic,FWD
VR7CCHPX4TT280740,C3 Max · od 1245 PLN/mies.,Citroën C3 Max · Rata od 1245 PLN netto/mies. · Leasing B2B · Gdańsk · Sprawdź ofertę!,https://sklep.citroen.pl/produkt/c3/vr7cchpx4tt280740/,https://raw.githubusercontent.com/Andy11001/-alfa-inventory/master/data/images/VR7CCHPX4TT280740_clean.webp,Citroën,C3,2025,0,KM,Hatchback,Polar White,New,97382 PLN,PLN,"{""addr1"": ""AL. GRUNWALDZKA 256"", ""city"": ""GDAŃSK"", ""region"": ""POMORSKIE"", ""country"": ""PL""}",54.4022,18.5714,LEASE,1245 PLN,per month,Hybrid,Automatic,FWD
VR7CCHPX5TT266698,C3 Max · od 1245 PLN/mies.,Citroën C3 Max · Rata od 1245 PLN netto/mies. · Leasing B2B · Kraków · Sprawdź ofertę!,https://sklep.citroen.pl/produkt/c3/vr7cchpx5tt266698/,https://raw.githubusercontent.com/Andy11001/-alfa-inventory/master/data/images/VR7CCHPX5TT266698_clean.webp,Citroën,C3,2025,0,KM,Hatchback,Polar White,New,97382 PLN,PLN,"{""addr1"": ""UL. OPOLSKA 9"", ""city"": ""KRAKÓW"", ""region"": ""MAŁOPOLSKIE"", ""country"": ""PL""}",50.0931,19.9238,LEASE,1245 PLN,per month,Hybrid,Automatic,FWD
VR7CCHPX2VT003944,C3 Max · od 1245 PLN/mies.,Citroën C3 Max · Rata od 1245 PLN netto/mies. · Leasing B2B · Wrocław · Sprawdź ofertę!,https://sklep.citroen.pl/produkt/c3/vr7cchpx2vt003944/,https://raw.githubusercontent.com/Andy11001/-alfa-inventory/master/data/images/VR7CCHPX2VT003944_clean.webp,Citroën,C3,2025,0,KM,Hatchback,Polar White,New,97382 PLN,PLN,"{""addr1"": ""UL. SZCZECIŃSKA 7"", ""city"": ""WROCŁAW"", ""region"": ""DOLNOŚLĄSKIE"", ""country"": ""PL""}",51.1274,16.9535,LEASE,1245 PLN,per month,Hybrid,Automatic,FWD
VR7CCHPX0VT003943,C3 Max · od 1245 PLN/mies.,Citroën C3 Max · Rata od 1245 PLN netto/mies. · Leasing B2B · Wrocław · Sprawdź ofertę!,https://sklep.citroen.pl/produkt/c3/vr7cchpx0vt003943/,https://raw.githubusercontent.com/Andy11001/-alfa-inventory/master/data/images/VR7CCHPX0VT003943_clean.webp,Citroën,C3,2025,0,KM,Hatchback,Polar White,New,97382 PLN,PLN,"{""addr1"": ""UL. SZCZECIŃSKA 7"", ""city"": ""WROCŁAW"", ""region"": ""DOLNOŚLĄSKIE"", ""country"": ""PL""}",51.1274,16.9535,LEASE,1245 PLN,per month,Hybrid,Automatic,FWD
VR7CCHPX4VT003945,C3 Max · od 1245 PLN/mies.,Citroën C3 Max · Rata od 1245 PLN netto/mies. · Leasing B2B · Wrocław · Sprawdź ofertę!,https://sklep.citroen.pl/produkt/c3/vr7cchpx4vt003945/,https://raw.githubusercontent.com/Andy11001/-alfa-inventory/master/data/images/VR7CCHPX4VT003945_clean.webp,Citroën,C3,2025,0,KM,Hatchback,Polar White,New,97382 PLN,PLN,"{""addr1"": ""UL. SZCZECIŃSKA 7"", ""city"": ""WROCŁAW"", ""region"": ""DOLNOŚLĄSKIE"", ""country"": ""PL""}",51.1274,16.9535,LEASE,1245 PLN,per month,Hybrid,Automatic,FWD
VR7CCHPX1TT266696,C3 Max · od 1245 PLN/mies.,Citroën C3 Max · Rata od 1245 PLN netto/mies. · Leasing B2B · Kielce · Sprawdź ofertę!,https://sklep.citroen.pl/produkt/c3/vr7cchpx1tt266696/,https://raw.githubusercontent.com/Andy11001/-alfa-inventory/master/data/images/VR7CCHPX1TT266696_clean.webp,Citroën,C3,2025,0,KM,Hatchback,Polar White,New,97382 PLN,PLN,"{""addr1"": ""KIELCE"", ""city"": ""KIELCE"", ""region"": ""ŚWIĘTOKRZYSKIE"", ""country"": ""PL""}",,,LEASE,1245 PLN,per month,Hybrid,Automatic,FWD
VR7CCHPX8TT280742,C3 Max · od 1245 PLN/mies.,Citroën C3 Max · Rata od 1245 PLN netto/mies. · Leasing B2B · Gdańsk · Sprawdź ofertę!,https://sklep.citroen.pl/produkt/c3/vr7cchpx8tt280742/,https://raw.githubusercontent.com/Andy11001/-alfa-inventory/master/data/images/VR7CCHPX8TT280742_clean.webp,Citroën,C3,2025,0,KM,Hatchback,Polar White,New,97382 PLN,PLN,"{""addr1"": ""AL. GRUNWALDZKA 256"", ""city"": ""GDAŃSK"", ""region"": ""POMORSKIE"", ""country"": ""PL""}",54.4022,18.5714,LEASE,1245 PLN,per month,Hybrid,Automatic,FWD
VR7CCHPX5TT279600,C3 Max · od 1245 PLN/mies.,Citroën C3 Max · Rata od 1245 PLN netto/mies. · Leasing B2B · Warszawa · Sprawdź ofertę!,https://sklep.citroen.pl/produkt/c3/vr7cchpx5tt279600/,https://raw.githubusercontent.com/Andy11001/-alfa-inventory/master/data/images/VR7CCHPX5TT279600_clean.webp,Citroën,C3,2025,0,KM,Hatchback,Polar White,New,97382 PLN,PLN,"{""addr1"": ""AL. KRAKOWSKA 206"", ""city"": ""WARSZAWA"", ""region"": ""MAZOWIECKIE"", ""country"": ""PL""}",52.2084,20.9412,LEASE,1245 PLN,per month,Hybrid,Automatic,FWD
VR7CCHPX0TT279598,C3 Max · od 1245 PLN/mies.,Citroën C3 Max · Rata od 1245 PLN netto/mies. · Leasing B2B · Olsztyn · Sprawdź ofertę!,https://sklep.citroen.pl/produkt/c3/vr7cchpx0tt279598/,https://raw.githubusercontent.com/Andy11001/-alfa-inventory/master/data/images/VR7CCHPX0TT279598_clean.webp,Citroën,C3,2025,0,KM,Hatchback,Polar White,New,97382 PLN,PLN,"{""addr1"": ""OLSZTYN"", ""city"": ""OLSZTYN"", ""region"": ""MAZOWIECKIE"", ""country"": ""PL""}",,,LEASE,1245 PLN,per month,Hybrid,Automatic,FWD
VR7CCHPX7TT266699,C3 Max · od 1245 PLN/mies.,Citroën C3 Max · Rata od 1245 PLN netto/mies. · Leasing B2B · Kielce · Sprawdź ofertę!,https://sklep.citroen.pl/produkt/c3/vr7cchpx7tt266699/,https://raw.githubusercontent.com/Andy11001/-alfa-inventory/master/data/images/VR7CCHPX7TT266699_clean.webp,Citroën,C3,2025,0,KM,Hatchback,Polar White,New,97382 PLN,PLN,"{""addr1"": ""KIELCE"", ""city"": ""KIELCE"", ""region"": ""ŚWIĘTOKRZYSKIE"", ""country"": ""PL""}",,,LEASE,1245 PLN,per month,Hybrid,Automatic,FWD
VR7CCHPX3TT266697,C3 Max · od 1245 PLN/mies.,Citroën C3 Max · Rata od 1245 PLN netto/mies. · Leasing B2B · Kraków · Sprawdź ofertę!,https://sklep.citroen.pl/produkt/c3/vr7cchpx3tt266697/,https://raw.githubusercontent.com/Andy11001/-alfa-inventory/master/data/images/VR7CCHPX3TT266697_clean.webp,Citroën,C3,2025,0,KM,Hatchback,Polar White,New,97382 PLN,PLN,"{""addr1"": ""UL. OPOLSKA 9"", ""city"": ""KRAKÓW"", ""region"": ""MAŁOPOLSKIE"", ""country"": ""PL""}",50.0931,19.9238,LEASE,1245 PLN,per month,Hybrid,Automatic,FWD
VR7CCHPX9TT279597,C3 Max · od 1245 PLN/mies.,Citroën C3 Max · Rata od 1245 PLN netto/mies. · Leasing B2B · Piła · Sprawdź ofertę!,https://sklep.citroen.pl/produkt/c3/vr7cchpx9tt279597/,https://raw.githubusercontent.com/Andy11001/-alfa-inventory/master/data/images/VR7CCHPX9TT279597_clean.webp,Citroën,C3,2025,0,KM,Hatchback,Polar White,New,97382 PLN,PLN,"{""addr1"": ""PIŁA"", ""city"": ""PIŁA"", ""region"": ""MAZOWIECKIE"", ""country"": ""PL""}",,,LEASE,1245 PLN,per month,Hybrid,Automatic,FWD
VR7CCHPX2TT279599,C3 Max · od 1245 PLN/mies.,Citroën C3 Max · Rata od 1245 PLN netto/mies. · Leasing B2B · Warszawa · Sprawdź ofertę!,https://sklep.citroen.pl/produkt/c3/vr7cchpx2tt279599/,https://raw.githubusercontent.com/Andy11001/-alfa-inventory/master/data/images/VR7CCHPX2TT279599_clean.webp,Citroën,C3,2025,0,KM,Hatchback,Polar White,New,97382 PLN,PLN,"{""addr1"": ""AL. KRAKOWSKA 206"", ""city"": ""WARSZAWA"", ""region"": ""MAZOWIECKIE"", ""country"": ""PL""}",52.2084,20.9412,LEASE,1245 PLN,per month,Hybrid,Automatic,FWD
VR7CCHPX6TT280741,C3 Max · od 1245 PLN/mies.,Citroën C3 Max · Rata od 1245 PLN netto/mies. · Leasing B2B · Gdańsk · Sprawdź ofertę!,https://sklep.citroen.pl/produkt/c3/vr7cchpx6tt280741/,https://raw.githubusercontent.com/Andy11001/-alfa-inventory/master/data/images/VR7CCHPX6TT280741_clean.webp,Citroën,C3,2025,0,KM,Hatchback,Polar White,New,97382 PLN,PLN,"{""addr1"": ""AL. GRUNWALDZKA 256"", ""city"": ""GDAŃSK"", ""region"": ""POMORSKIE"", ""country"": ""PL""}",54.4022,18.5714,LEASE,1245 PLN,per month,Hybrid,Automatic,FWD
VR7CCHPX2TT279750,C3 Max · od 1225 PLN/mies.,Citroën C3 Max · Rata od 1225 PLN netto/mies. · Leasing B2B · Olsztyn · Sprawdź ofertę!,https://sklep.citroen.pl/produkt/c3/vr7cchpx2tt279750/,https://raw.githubusercontent.com/Andy11001/-alfa-inventory/master/data/images/VR7CCHPX2TT279750_clean.webp,Citroën,C3,2025,0,KM,Hatchback,Monte Carlo,New,95818 PLN,PLN,"{""addr1"": ""OLSZTYN"", ""city"": ""OLSZTYN"", ""region"": ""MAZOWIECKIE"", ""country"": ""PL""}",,,LEASE,1225 PLN,per month,Hybrid,Automatic,FWD
VR7CCHPX4TT280768,C3 Max · od 1225 PLN/mies.,Citroën C3 Max · Rata od 1225 PLN netto/mies. · Leasing B2B · Gdańsk · Sprawdź ofertę!,https://sklep.citroen.pl/produkt/c3/vr7cchpx4tt280768/,https://raw.githubusercontent.com/Andy11001/-alfa-inventory/master/data/images/VR7CCHPX4TT280768_clean.webp,Citroën,C3,2025,0,KM,Hatchback,Monte Carlo,New,95818 PLN,PLN,"{""addr1"": ""AL. GRUNWALDZKA 256"", ""city"": ""GDAŃSK"", ""region"": ""POMORSKIE"", ""country"": ""PL""}",54.4022,18.5714,LEASE,1225 PLN,per month,Hybrid,Automatic,FWD
VR7CCHPX6TT280769,C3 Max · od 1225 PLN/mies.,Citroën C3 Max · Rata od 1225 PLN netto/mies. · Leasing B2B · Gdańsk · Sprawdź ofertę!,https://sklep.citroen.pl/produkt/c3/vr7cchpx6tt280769/,https://raw.githubusercontent.com/Andy11001/-alfa-inventory/master/data/images/VR7CCHPX6TT280769_clean.webp,Citroën,C3,2025,0,KM,Hatchback,Monte Carlo,New,95818 PLN,PLN,"{""addr1"": ""AL. GRUNWALDZKA 256"", ""city"": ""GDAŃSK"", ""region"": ""POMORSKIE"", ""country"": ""PL""}",54.4022,18.5714,LEASE,1225 PLN,per month,Hybrid,Automatic,FWD
VR7CCHPX6TT279749,C3 Max · od 1225 PLN/mies.,Citroën C3 Max · Rata od 1225 PLN netto/mies. · Leasing B2B · Olsztyn · Sprawdź ofertę!,https://sklep.citroen.pl/produkt/c3/vr7cchpx6tt279749/,https://raw.githubusercontent.com/Andy11001/-alfa-inventory/master/data/images/VR7CCHPX6TT279749_clean.webp,Citroën,C3,2025,0,KM,Hatchback,Monte Carlo,New,95818 PLN,PLN,"{""addr1"": ""OLSZTYN"", ""city"": ""OLSZTYN"", ""region"": ""MAZOWIECKIE"", ""country"": ""PL""}",,,LEASE,1225 PLN,per month,Hybrid,Automatic,FWD
VR7CCHPX4TT279748,C3 Max · od 1225 PLN/mies.,Citroën C3 Max · Rata od 1225 PLN netto/mies. · Leasing B2B · Olsztyn · Sprawdź ofertę!,https://sklep.citroen.pl/produkt/c3/vr7cchpx4tt279748/,https://raw.githubusercontent.com/Andy11001/-alfa-inventory/master/data/images/VR7CCHPX4TT279748_clean.webp,Citroën,C3,2025,0,KM,Hatchback,Monte Carlo,New,95818 PLN,PLN,"{""addr1"": ""OLSZTYN"", ""city"": ""OLSZTYN"", ""region"": ""MAZOWIECKIE"", ""country"": ""PL""}",,,LEASE,1225 PLN,per month,Hybrid,Automatic,FWD
VR7CCHPX2TT279747,C3 Max · od 1225 PLN/mies.,Citroën C3 Max · Rata od 1225 PLN netto/mies. · Leasing B2B · Stare Bielice · Sprawdź ofertę!,https://sklep.citroen.pl/produkt/c3/vr7cchpx2tt279747/,https://raw.githubusercontent.com/Andy11001/-alfa-inventory/master/data/images/VR7CCHPX2TT279747_clean.webp,Citroën,C3,2025,0,KM,Hatchback,Monte Carlo,New,95818 PLN,PLN,"{""addr1"": ""STARE BIELICE"", ""city"": ""STARE BIELICE"", ""region"": ""MAZOWIECKIE"", ""country"": ""PL""}",,,LEASE,1225 PLN,per month,Hybrid,Automatic,FWD
VR7CCHPV4TT280722,C3 Plus · od 1026 PLN/mies.,Citroën C3 Plus · Rata od 1026 PLN netto/mies. · Leasing B2B · Grębów · Sprawdź ofertę!,https://sklep.citroen.pl/produkt/c3/vr7cchpv4tt280722/,https://raw.githubusercontent.com/Andy11001/-alfa-inventory/master/data/images/VR7CCHPV4TT280722_clean.webp,Citroën,C3,2025,0,KM,Hatchback,Polar White,New,80109 PLN,PLN,"{""addr1"": ""GRĘBÓW"", ""city"": ""GRĘBÓW"", ""region"": ""MAZOWIECKIE"", ""country"": ""PL""}",,,LEASE,1026 PLN,per month,Gasoline,Manual,FWD
VR7BAHPY6TE039454,C4 Max · od 1438 PLN/mies.,Citroën C4 Max · Rata od 1438 PLN netto/mies. · Leasing B2B · Wrocław · Sprawdź ofertę!,https://sklep.citroen.pl/produkt/c4/vr7bahpy6te039454/,https://raw.githubusercontent.com/Andy11001/-alfa-inventory/master/data/images/VR7BAHPY6TE039454_clean.webp,Citroën,C4,2025,0,KM,Hatchback,Perla Nera,New,112612 PLN,PLN,"{""addr1"": ""UL. SZCZECIŃSKA 7"", ""city"": ""WROCŁAW"", ""region"": ""DOLNOŚLĄSKIE"", ""country"": ""PL""}",51.1274,16.9535,LEASE,1438 PLN,per month,Hybrid,Automatic,FWD
VR7BAHPY0TE034539,C4 Max · od 1407 PLN/mies.,Citroën C4 Max · Rata od 1407 PLN netto/mies. · Leasing B2B · Wrocław · Sprawdź ofertę!,https://sklep.citroen.pl/produkt/c4/vr7bahpy0te034539/,https://raw.githubusercontent.com/Andy11001/-alfa-inventory/master/data/images/VR7BAHPY0TE034539_clean.webp,Citroën,C4,2025,0,KM,Hatchback,Perla Nera,New,110179 PLN,PLN,"{""addr1"": ""UL. SZCZECIŃSKA 7"", ""city"": ""WROCŁAW"", ""region"": ""DOLNOŚLĄSKIE"", ""country"": ""PL""}",51.1274,16.9535,LEASE,1407 PLN,per month,Hybrid,Automatic,FWD
VR7BDHPY5TE034091,C4 X Max · od 1407 PLN/mies.,Citroën C4 X Max · Rata od 1407 PLN netto/mies. · Leasing B2B · Bydgoszcz · Sprawdź ofertę!,https://sklep.citroen.pl/produkt/c4-x/vr7bdhpy5te034091/,https://raw.githubusercontent.com/Andy11001/-alfa-inventory/master/data/images/VR7BDHPY5TE034091_clean.webp,Citroën,C4 X,2025,0,KM,SUV,Perla Nera,New,110179 PLN,PLN,"{""addr1"": ""BYDGOSZCZ"", ""city"": ""BYDGOSZCZ"", ""region"": ""KUJAWSKO-POMORSKIE"", ""country"": ""PL""}",,,LEASE,1407 PLN,per month,Hybrid,Automatic,FWD
VR7CCHPX3TT228175,C3 Max · od 1259 PLN/mies.,Citroën C3 Max · Rata od 1259 PLN netto/mies. · Leasing B2B · Szczecin · Sprawdź ofertę!,https://sklep.citroen.pl/produkt/c3/vr7cchpx3tt228175/,https://raw.githubusercontent.com/Andy11001/-alfa-inventory/master/data/images/VR7CCHPX3TT228175_clean.webp,Citroën,C3,2025,0,KM,Hatchback,Bright Blue,New,98486 PLN,PLN,"{""addr1"": ""UL. STRUGA 1B"", ""city"": ""SZCZECIN"", ""region"": ""ZACHODNIOPOMORSKIE"", ""country"": ""PL""}",53.3891,14.6543,LEASE,1259 PLN,per month,Hybrid,Automatic,FWD
VR7CCHPX6TT267178,C3 Max · od 1259 PLN/mies.,Citroën C3 Max · Rata od 1259 PLN netto/mies. · Leasing B2B · Piła · Sprawdź ofertę!,https://sklep.citroen.pl/produkt/c3/vr7cchpx6tt267178/,https://raw.githubusercontent.com/Andy11001/-alfa-inventory/master/data/images/VR7CCHPX6TT267178_clean.webp,Citroën,C3,2025,0,KM,Hatchback,Mercury Grey,New,98486 PLN,PLN,"{""addr1"": ""PIŁA"", ""city"": ""PIŁA"", ""region"": ""MAZOWIECKIE"", ""country"": ""PL""}",,,LEASE,1259 PLN,per month,Hybrid,Automatic,FWD
VR7KAHPY9TL054459,Nowy C5 Aircross Max · od 1892 PLN/mies.,Citroën Nowy C5 Aircross Max · Rata od 1892 PLN netto/mies. · Leasing B2B · Warszawa · Sprawdź ofertę!,https://sklep.citroen.pl/produkt/nowy-c5-aircross/vr7kahpy9tl054459/,https://raw.githubusercontent.com/Andy11001/-alfa-inventory/master/data/images/VR7KAHPY9TL054459_clean.webp,Citroën,Nowy C5 Aircross,2025,0,KM,SUV,Perla Nera Black,New,148413 PLN,PLN,"{""addr1"": ""AL. KRAKOWSKA 206"", ""city"": ""WARSZAWA"", ""region"": ""MAZOWIECKIE"", ""country"": ""PL""}",52.2084,20.9412,LEASE,1892 PLN,per month,Hybrid,Automatic,FWD
VR7BAHPY7TE029497,C4 Max · od 1438 PLN/mies.,Citroën C4 Max · Rata od 1438 PLN netto/mies. · Leasing B2B · Sosnowiec · Sprawdź ofertę!,https://sklep.citroen.pl/produkt/c4/vr7bahpy7te029497/,https://raw.githubusercontent.com/Andy11001/-alfa-inventory/master/data/images/VR7BAHPY7TE029497_clean.webp,Citroën,C4,2025,0,KM,Hatchback,Rouge Elixir,New,112612 PLN,PLN,"{""addr1"": ""SOSNOWIEC"", ""city"": ""SOSNOWIEC"", ""region"": ""ŚLĄSKIE"", ""country"": ""PL""}",,,LEASE,1438 PLN,per month,Hybrid,Automatic,FWD
VR7CCHPX7TZ827058,C3 Max · od 1259 PLN/mies.,Citroën C3 Max · Rata od 1259 PLN netto/mies. · Leasing B2B · Radom · Sprawdź ofertę!,https://sklep.citroen.pl/produkt/c3/vr7cchpx7tz827058/,https://raw.githubusercontent.com/Andy11001/-alfa-inventory/master/data/images/VR7CCHPX7TZ827058_clean.webp,Citroën,C3,2025,0,KM,Hatchback,Mercury Grey,New,98486 PLN,PLN,"{""addr1"": ""RADOM"", ""city"": ""RADOM"", ""region"": ""MAZOWIECKIE"", ""country"": ""PL""}",,,LEASE,1259 PLN,per month,Hybrid,Automatic,FWD
VR7CCHPX9TT244302,C3 Max · od 1259 PLN/mies.,Citroën C3 Max · Rata od 1259 PLN netto/mies. · Leasing B2B · Radom · Sprawdź ofertę!,https://sklep.citroen.pl/produkt/c3/vr7cchpx9tt244302/,https://raw.githubusercontent.com/Andy11001/-alfa-inventory/master/data/images/VR7CCHPX9TT244302_clean.webp,Citroën,C3,2025,0,KM,Hatchback,Mercury Grey,New,98486 PLN,PLN,"{""addr1"": ""RADOM"", ""city"": ""RADOM"", ""region"": ""MAZOWIECKIE"", ""country"": ""PL""}",,,LEASE,1259 PLN,per month,Hybrid,Automatic,FWD
VR7CCHPX3TT223154,C3 Max · od 1259 PLN/mies.,Citroën C3 Max · Rata od 1259 PLN netto/mies. · Leasing B2B · Radom · Sprawdź ofertę!,https://sklep.citroen.pl/produkt/c3/vr7cchpx3tt223154/,https://raw.githubusercontent.com/Andy11001/-alfa-inventory/master/data/images/VR7CCHPX3TT223154_clean.webp,Citroën,C3,2025,0,KM,Hatchback,Bright Blue,New,98486 PLN,PLN,"{""addr1"": ""RADOM"", ""city"": ""RADOM"", ""region"": ""MAZOWIECKIE"", ""country"": ""PL""}",,,LEASE,1259 PLN,per month,Hybrid,Automatic,FWD
VR7KAHPY7TL054489,Nowy C5 Aircross Max · od 1908 PLN/mies.,Citroën Nowy C5 Aircross Max · Rata od 1908 PLN netto/mies. · Leasing B2B · Słupsk · Sprawdź ofertę!,https://sklep.citroen.pl/produkt/nowy-c5-aircross/vr7kahpy7tl054489/,https://raw.githubusercontent.com/Andy11001/-alfa-inventory/master/data/images/VR7KAHPY7TL054489_clean.webp,Citroën,Nowy C5 Aircross,2025,0,KM,SUV,Platinium Grey,New,149718 PLN,PLN,"{""addr1"": ""SŁUPSK"", ""city"": ""SŁUPSK"", ""region"": ""POMORSKIE"", ""country"": ""PL""}",,,LEASE,1908 PLN,per month,Hybrid,Automatic,FWD
VR7KAHPYXTL054633,Nowy C5 Aircross Max · od 1908 PLN/mies.,Citroën Nowy C5 Aircross Max · Rata od 1908 PLN netto/mies. · Leasing B2B · Warszawa · Sprawdź ofertę!,https://sklep.citroen.pl/produkt/nowy-c5-aircross/vr7kahpyxtl054633/,https://raw.githubusercontent.com/Andy11001/-alfa-inventory/master/data/images/VR7KAHPYXTL054633_clean.webp,Citroën,Nowy C5 Aircross,2025,0,KM,SUV,Okenite White,New,149718 PLN,PLN,"{""addr1"": ""AL. KRAKOWSKA 206"", ""city"": ""WARSZAWA"", ""region"": ""MAZOWIECKIE"", ""country"": ""PL""}",52.2084,20.9412,LEASE,1908 PLN,per month,Hybrid,Automatic,FWD
VR7BDHPY3TE033618,C4 X Max · od 1461 PLN/mies.,Citroën C4 X Max · Rata od 1461 PLN netto/mies. · Leasing B2B · Elbląg · Sprawdź ofertę!,https://sklep.citroen.pl/produkt/c4-x/vr7bdhpy3te033618/,https://raw.githubusercontent.com/Andy11001/-alfa-inventory/master/data/images/VR7BDHPY3TE033618_clean.webp,Citroën,C4 X,2025,0,KM,SUV,Rouge Elixir,New,114469 PLN,PLN,"{""addr1"": ""ELBLĄG"", ""city"": ""ELBLĄG"", ""region"": ""MAZOWIECKIE"", ""country"": ""PL""}",,,LEASE,1461 PLN,per month,Hybrid,Automatic,FWD
VR7BAHPYXTE039361,C4 Max · od 1393 PLN/mies.,Citroën C4 Max · Rata od 1393 PLN netto/mies. · Leasing B2B · Olsztyn · Sprawdź ofertę!,https://sklep.citroen.pl/produkt/c4/vr7bahpyxte039361/,https://raw.githubusercontent.com/Andy11001/-alfa-inventory/master/data/images/VR7BAHPYXTE039361_clean.webp,Citroën,C4,2025,0,KM,Hatchback,Perla Nera,New,109106 PLN,PLN,"{""addr1"": ""OLSZTYN"", ""city"": ""OLSZTYN"", ""region"": ""MAZOWIECKIE"", ""country"": ""PL""}",,,LEASE,1393 PLN,per month,Hybrid,Automatic,FWD
VR7CCHPX3TT273634,C3 Max · od 1259 PLN/mies.,Citroën C3 Max · Rata od 1259 PLN netto/mies. · Leasing B2B · Płock · Sprawdź ofertę!,https://sklep.citroen.pl/produkt/c3/vr7cchpx3tt273634/,https://raw.githubusercontent.com/Andy11001/-alfa-inventory/master/data/images/VR7CCHPX3TT273634_clean.webp,Citroën,C3,2025,0,KM,Hatchback,Bright Blue,New,98486 PLN,PLN,"{""addr1"": ""PŁOCK"", ""city"": ""PŁOCK"", ""region"": ""MAZOWIECKIE"", ""country"": ""PL""}",,,LEASE,1259 PLN,per month,Hybrid,Automatic,FWD
VR7CCHPX6TT266533,C3 Max · od 1259 PLN/mies.,Citroën C3 Max · Rata od 1259 PLN netto/mies. · Leasing B2B · Warszawa · Sprawdź ofertę!,https://sklep.citroen.pl/produkt/c3/vr7cchpx6tt266533/,https://raw.githubusercontent.com/Andy11001/-alfa-inventory/master/data/images/VR7CCHPX6TT266533_clean.jpg,Citroën,C3,2025,0,KM,Hatchback,Noir Perla Nera,New,98486 PLN,PLN,"{""addr1"": ""AL. KRAKOWSKA 206"", ""city"": ""WARSZAWA"", ""region"": ""MAZOWIECKIE"", ""country"": ""PL""}",52.2084,20.9412,LEASE,1259 PLN,per month,Hybrid,Automatic,FWD
VR7CCHPV2TT228005,C3 Max · od 1087 PLN/mies.,Citroën C3 Max · Rata od 1087 PLN netto/mies. · Leasing B2B · Łódź · Sprawdź ofertę!,https://sklep.citroen.pl/produkt/c3/vr7cchpv2tt228005/,https://raw.githubusercontent.com/Andy11001/-alfa-inventory/master/data/images/VR7CCHPV2TT228005_clean.webp,Citroën,C3,2025,0,KM,Hatchback,Bright Blue,New,84962 PLN,PLN,"{""addr1"": ""UL. OBYWATELSKA 181"", ""city"": ""ŁÓDŹ"", ""region"": ""ŁÓDZKIE"", ""country"": ""PL""}",51.7371,19.4316,LEASE,1087 PLN,per month,Gasoline,Manual,FWD
VR7KAHPY8TL057840,Nowy C5 Aircross Max · od 1876 PLN/mies.,Citroën Nowy C5 Aircross Max · Rata od 1876 PLN netto/mies. · Leasing B2B · Kraków · Sprawdź ofertę!,https://sklep.citroen.pl/produkt/nowy-c5-aircross/vr7kahpy8tl057840/,https://raw.githubusercontent.com/Andy11001/-alfa-inventory/master/data/images/VR7KAHPY8TL057840_clean.webp,Citroën,Nowy C5 Aircross,2025,0,KM,SUV,Ruby Red,New,147195 PLN,PLN,"{""addr1"": ""UL. OPOLSKA 9"", ""city"": ""KRAKÓW"", ""region"": ""MAŁOPOLSKIE"", ""country"": ""PL""}",50.0931,19.9238,LEASE,1876 PLN,per month,Hybrid,Automatic,FWD
VR7CGHPY1VT003513,C3 Aircross Max · od 1434 PLN/mies.,Citroën C3 Aircross Max · Rata od 1434 PLN netto/mies. · Leasing B2B · Warszawa · Sprawdź ofertę!,https://sklep.citroen.pl/produkt/c3-aircross/vr7cghpy1vt003513/,https://raw.githubusercontent.com/Andy11001/-alfa-inventory/master/data/images/VR7CGHPY1VT003513_clean.webp,Citroën,C3 Aircross,2025,0,KM,SUV,Noir Perla Nera,New,112288 PLN,PLN,"{""addr1"": ""AL. KRAKOWSKA 206"", ""city"": ""WARSZAWA"", ""region"": ""MAZOWIECKIE"", ""country"": ""PL""}",52.2084,20.9412,LEASE,1434 PLN,per month,Hybrid,Automatic,FWD
VR7CCHPX1VT003501,C3 Max · od 1259 PLN/mies.,Citroën C3 Max · Rata od 1259 PLN netto/mies. · Leasing B2B · Warszawa · Sprawdź ofertę!,https://sklep.citroen.pl/produkt/c3/vr7cchpx1vt003501/,https://raw.githubusercontent.com/Andy11001/-alfa-inventory/master/data/images/VR7CCHPX1VT003501_clean.webp,Citroën,C3,2025,0,KM,Hatchback,Mercury Grey,New,98486 PLN,PLN,"{""addr1"": ""AL. KRAKOWSKA 206"", ""city"": ""WARSZAWA"", ""region"": ""MAZOWIECKIE"", ""country"": ""PL""}",52.2084,20.9412,LEASE,1259 PLN,per month,Hybrid,Automatic,FWD
VR7BDHPY6TE037906,C4 X Max · od 1461 PLN/mies.,Citroën C4 X Max · Rata od 1461 PLN netto/mies. · Leasing B2B · Białystok · Sprawdź ofertę!,https://sklep.citroen.pl/produkt/c4-x/vr7bdhpy6te037906/,https://raw.githubusercontent.com/Andy11001/-alfa-inventory/master/data/images/VR7BDHPY6TE037906_clean.webp,Citroën,C4 X,2025,0,KM,SUV,Rouge Elixir,New,114469 PLN,PLN,"{""addr1"": ""BIAŁYSTOK"", ""city"": ""BIAŁYSTOK"", ""region"": ""PODLASKIE"", ""country"": ""PL""}",,,LEASE,1461 PLN,per month,Hybrid,Automatic,FWD
VR7BDHPY6TE033614,C4 X Max · od 1461 PLN/mies.,Citroën C4 X Max · Rata od 1461 PLN netto/mies. · Leasing B2B · Elbląg · Sprawdź ofertę!,https://sklep.citroen.pl/produkt/c4-x/vr7bdhpy6te033614/,https://raw.githubusercontent.com/Andy11001/-alfa-inventory/master/data/images/VR7BDHPY6TE033614_clean.webp,Citroën,C4 X,2025,0,KM,SUV,Rouge Elixir,New,114469 PLN,PLN,"{""addr1"": ""ELBLĄG"", ""city"": ""ELBLĄG"", ""region"": ""MAZOWIECKIE"", ""country"": ""PL""}",,,LEASE,1461 PLN,per month,Hybrid,Automatic,FWD
VR7BDHPY1TE033617,C4 X Max · od 1461 PLN/mies.,Citroën C4 X Max · Rata od 1461 PLN netto/mies. · Leasing B2B · Elbląg · Sprawdź ofertę!,https://sklep.citroen.pl/produkt/c4-x/vr7bdhpy1te033617/,https://raw.githubusercontent.com/Andy11001/-alfa-inventory/master/data/images/VR7BDHPY1TE033617_clean.webp,Citroën,C4 X,2025,0,KM,SUV,Rouge Elixir,New,114469 PLN,PLN,"{""addr1"": ""ELBLĄG"", ""city"": ""ELBLĄG"", ""region"": ""MAZOWIECKIE"", ""country"": ""PL""}",,,LEASE,1461 PLN,per month,Hybrid,Automatic,FWD
VR7BAHPY5TE038103,C4 Max · od 1437 PLN/mies.,Citroën C4 Max · Rata od 1437 PLN netto/mies. · Leasing B2B · Białystok · Sprawdź ofertę!,https://sklep.citroen.pl/produkt/c4/vr7bahpy5te038103/,https://raw.githubusercontent.com/Andy11001/-alfa-inventory/master/data/images/VR7BAHPY5TE038103_clean.webp,Citroën,C4,2025,0,KM,Hatchback,Bleu Eclipse,New,112571 PLN,PLN,"{""addr1"": ""BIAŁYSTOK"", ""city"": ""BIAŁYSTOK"", ""region"": ""PODLASKIE"", ""country"": ""PL""}",,,LEASE,1437 PLN,per month,Hybrid,Automatic,FWD
VR7BAHPYXTE038100,C4 Max · od 1437 PLN/mies.,Citroën C4 Max · Rata od 1437 PLN netto/mies. · Leasing B2B · Elbląg · Sprawdź ofertę!,https://sklep.citroen.pl/produkt/c4/vr7bahpyxte038100/,https://raw.githubusercontent.com/Andy11001/-alfa-inventory/master/data/images/VR7BAHPYXTE038100_clean.webp,Citroën,C4,2025,0,KM,Hatchback,Bleu Eclipse,New,112571 PLN,PLN,"{""addr1"": ""ELBLĄG"", ""city"": ""ELBLĄG"", ""region"": ""MAZOWIECKIE"", ""country"": ""PL""}",,,LEASE,1437 PLN,per month,Hybrid,Automatic,FWD
VR7BDHPY2TE032315,C4 X Max · od 1423 PLN/mies.,Citroën C4 X Max · Rata od 1423 PLN netto/mies. · Leasing B2B · Wrocław · Sprawdź ofertę!,https://sklep.citroen.pl/produkt/c4-x/vr7bdhpy2te032315/,https://raw.githubusercontent.com/Andy11001/-alfa-inventory/master/data/images/VR7BDHPY2TE032315_clean.webp,Citroën,C4 X,2025,0,KM,SUV,Mercury Grey,New,111499 PLN,PLN,"{""addr1"": ""UL. SZCZECIŃSKA 7"", ""city"": ""WROCŁAW"", ""region"": ""DOLNOŚLĄSKIE"", ""country"": ""PL""}",51.1274,16.9535,LEASE,1423 PLN,per month,Hybrid,Automatic,FWD
VR7BDHPY7TE033623,C4 X Max · od 1407 PLN/mies.,Citroën C4 X Max · Rata od 1407 PLN netto/mies. · Leasing B2B · Piła · Sprawdź ofertę!,https://sklep.citroen.pl/produkt/c4-x/vr7bdhpy7te033623/,https://raw.githubusercontent.com/Andy11001/-alfa-inventory/master/data/images/VR7BDHPY7TE033623_clean.webp,Citroën,C4 X,2025,0,KM,SUV,Perla Nera,New,110179 PLN,PLN,"{""addr1"": ""PIŁA"", ""city"": ""PIŁA"", ""region"": ""MAZOWIECKIE"", ""country"": ""PL""}",,,LEASE,1407 PLN,per month,Hybrid,Automatic,FWD
VR7CGHPY9TT267284,C3 Aircross Max · od 1466 PLN/mies.,Citroën C3 Aircross Max · Rata od 1466 PLN netto/mies. · Leasing B2B · Łódź · Sprawdź ofertę!,https://sklep.citroen.pl/produkt/c3-aircross/vr7cghpy9tt267284/,https://raw.githubusercontent.com/Andy11001/-alfa-inventory/master/data/images/VR7CGHPY9TT267284_clean.webp,Citroën,C3 Aircross,2025,0,KM,SUV,Mercury Grey,New,114840 PLN,PLN,"{""addr1"": ""UL. OBYWATELSKA 181"", ""city"": ""ŁÓDŹ"", ""region"": ""ŁÓDZKIE"", ""country"": ""PL""}",51.7371,19.4316,LEASE,1466 PLN,per month,Hybrid,Automatic,FWD
VR7CGHPY8TT267356,C3 Aircross Max · od 1457 PLN/mies.,Citroën C3 Aircross Max · Rata od 1457 PLN netto/mies. · Leasing B2B · Warszawa · Sprawdź ofertę!,https://sklep.citroen.pl/produkt/c3-aircross/vr7cghpy8tt267356/,https://raw.githubusercontent.com/Andy11001/-alfa-inventory/master/data/images/VR7CGHPY8TT267356_clean.webp,Citroën,C3 Aircross,2025,0,KM,SUV,Polar White,New,114158 PLN,PLN,"{""addr1"": ""AL. KRAKOWSKA 206"", ""city"": ""WARSZAWA"", ""region"": ""MAZOWIECKIE"", ""country"": ""PL""}",52.2084,20.9412,LEASE,1457 PLN,per month,Hybrid,Automatic,FWD
VR7CGHPYXTT267360,C3 Aircross Max · od 1457 PLN/mies.,Citroën C3 Aircross Max · Rata od 1457 PLN netto/mies. · Leasing B2B · Warszawa · Sprawdź ofertę!,https://sklep.citroen.pl/produkt/c3-aircross/vr7cghpyxtt267360/,https://raw.githubusercontent.com/Andy11001/-alfa-inventory/master/data/images/VR7CGHPYXTT267360_clean.webp,Citroën,C3 Aircross,2025,0,KM,SUV,Polar White,New,114158 PLN,PLN,"{""addr1"": ""AL. KRAKOWSKA 206"", ""city"": ""WARSZAWA"", ""region"": ""MAZOWIECKIE"", ""country"": ""PL""}",52.2084,20.9412,LEASE,1457 PLN,per month,Hybrid,Automatic,FWD
VR7CGHPY7TT267350,C3 Aircross Max · od 1457 PLN/mies.,Citroën C3 Aircross Max · Rata od 1457 PLN netto/mies. · Leasing B2B · Warszawa · Sprawdź ofertę!,https://sklep.citroen.pl/produkt/c3-aircross/vr7cghpy7tt267350/,https://raw.githubusercontent.com/Andy11001/-alfa-inventory/master/data/images/VR7CGHPY7TT267350_clean.webp,Citroën,C3 Aircross,2025,0,KM,SUV,Polar White,New,114158 PLN,PLN,"{""addr1"": ""AL. KRAKOWSKA 206"", ""city"": ""WARSZAWA"", ""region"": ""MAZOWIECKIE"", ""country"": ""PL""}",52.2084,20.9412,LEASE,1457 PLN,per month,Hybrid,Automatic,FWD
VR7CGHPY1TT267666,C3 Aircross Max · od 1438 PLN/mies.,Citroën C3 Aircross Max · Rata od 1438 PLN netto/mies. · Leasing B2B · Kutno · Sprawdź ofertę!,https://sklep.citroen.pl/produkt/c3-aircross/vr7cghpy1tt267666/,https://raw.githubusercontent.com/Andy11001/-alfa-inventory/master/data/images/VR7CGHPY1TT267666_clean.webp,Citroën,C3 Aircross,2025,0,KM,SUV,Noir Perla Nera,New,112662 PLN,PLN,"{""addr1"": ""KUTNO"", ""city"": ""KUTNO"", ""region"": ""MAZOWIECKIE"", ""country"": ""PL""}",,,LEASE,1438 PLN,per month,Hybrid,Automatic,FWD
VR7CCHPX5TT244314,C3 Max · od 1270 PLN/mies.,Citroën C3 Max · Rata od 1270 PLN netto/mies. · Leasing B2B · Częstochowa · Sprawdź ofertę!,https://sklep.citroen.pl/produkt/c3/vr7cchpx5tt244314/,https://raw.githubusercontent.com/Andy11001/-alfa-inventory/master/data/images/VR7CCHPX5TT244314_clean.webp,Citroën,C3,2025,0,KM,Hatchback,Rouge Elixir,New,99360 PLN,PLN,"{""addr1"": ""CZĘSTOCHOWA"", ""city"": ""CZĘSTOCHOWA"", ""region"": ""MAZOWIECKIE"", ""country"": ""PL""}",,,LEASE,1270 PLN,per month,Hybrid,Automatic,FWD
VR7CCHPX5VT003503,C3 Max · od 1175 PLN/mies.,Citroën C3 Max · Rata od 1175 PLN netto/mies. · Leasing B2B · Warszawa · Sprawdź ofertę!,https://sklep.citroen.pl/produkt/c3/vr7cchpx5vt003503/,https://raw.githubusercontent.com/Andy11001/-alfa-inventory/master/data/images/VR7CCHPX5VT003503_clean.webp,Citroën,C3,2025,0,KM,Hatchback,Monte Carlo,New,91900 PLN,PLN,"{""addr1"": ""AL. KRAKOWSKA 206"", ""city"": ""WARSZAWA"", ""region"": ""MAZOWIECKIE"", ""country"": ""PL""}",52.2084,20.9412,LEASE,1175 PLN,per month,Hybrid,Automatic,FWD
VR7KAHPYXTL047925,Nowy C5 Aircross Max · od 1908 PLN/mies.,Citroën Nowy C5 Aircross Max · Rata od 1908 PLN netto/mies. · Leasing B2B · Kielce · Sprawdź ofertę!,https://sklep.citroen.pl/produkt/nowy-c5-aircross/vr7kahpyxtl047925/,https://raw.githubusercontent.com/Andy11001/-alfa-inventory/master/data/images/VR7KAHPYXTL047925_clean.webp,Citroën,Nowy C5 Aircross,2025,0,KM,SUV,Okenite White,New,149718 PLN,PLN,"{""addr1"": ""KIELCE"", ""city"": ""KIELCE"", ""region"": ""ŚWIĘTOKRZYSKIE"", ""country"": ""PL""}",,,LEASE,1908 PLN,per month,Hybrid,Automatic,FWD
VR7KAHPY0TL035427,Nowy C5 Aircross Max · od 1858 PLN/mies.,Citroën Nowy C5 Aircross Max · Rata od 1858 PLN netto/mies. · Leasing B2B · Elbląg · Sprawdź ofertę!,https://sklep.citroen.pl/produkt/nowy-c5-aircross/vr7kahpy0tl035427/,https://raw.githubusercontent.com/Andy11001/-alfa-inventory/master/data/images/VR7KAHPY0TL035427_clean.webp,Citroën,Nowy C5 Aircross,2025,0,KM,SUV,Eclipse Blue,New,145803 PLN,PLN,"{""addr1"": ""ELBLĄG"", ""city"": ""ELBLĄG"", ""region"": ""MAZOWIECKIE"", ""country"": ""PL""}",,,LEASE,1858 PLN,per month,Hybrid,Automatic,FWD
VR7BAHPYXTE040235,C4 Max · od 1497 PLN/mies.,Citroën C4 Max · Rata od 1497 PLN netto/mies. · Leasing B2B · Łódź · Sprawdź ofertę!,https://sklep.citroen.pl/produkt/c4/vr7bahpyxte040235/,https://raw.githubusercontent.com/Andy11001/-alfa-inventory/master/data/images/VR7BAHPYXTE040235_clean.webp,Citroën,C4,2025,0,KM,Hatchback,Blanc Okenite,New,117315 PLN,PLN,"{""addr1"": ""UL. OBYWATELSKA 181"", ""city"": ""ŁÓDŹ"", ""region"": ""ŁÓDZKIE"", ""country"": ""PL""}",51.7371,19.4316,LEASE,1497 PLN,per month,Hybrid,Automatic,FWD
VR7BAHPY4TE040389,C4 Max · od 1432 PLN/mies.,Citroën C4 Max · Rata od 1432 PLN netto/mies. · Leasing B2B · Grębów · Sprawdź ofertę!,https://sklep.citroen.pl/produkt/c4/vr7bahpy4te040389/,https://raw.githubusercontent.com/Andy11001/-alfa-inventory/master/data/images/VR7BAHPY4TE040389_clean.webp,Citroën,C4,2025,0,KM,Hatchback,Rouge Elixir,New,112159 PLN,PLN,"{""addr1"": ""GRĘBÓW"", ""city"": ""GRĘBÓW"", ""region"": ""MAZOWIECKIE"", ""country"": ""PL""}",,,LEASE,1432 PLN,per month,Hybrid,Automatic,FWD
VR7CGHPY7TT244893,C3 Aircross Max · od 1434 PLN/mies.,Citroën C3 Aircross Max · Rata od 1434 PLN netto/mies. · Leasing B2B · Gdańsk · Sprawdź ofertę!,https://sklep.citroen.pl/produkt/c3-aircross/vr7cghpy7tt244893/,https://raw.githubusercontent.com/Andy11001/-alfa-inventory/master/data/images/VR7CGHPY7TT244893_clean.webp,Citroën,C3 Aircross,2025,0,KM,SUV,Noir Perla Nera,New,112288 PLN,PLN,"{""addr1"": ""AL. GRUNWALDZKA 256"", ""city"": ""GDAŃSK"", ""region"": ""POMORSKIE"", ""country"": ""PL""}",54.4022,18.5714,LEASE,1434 PLN,per month,Hybrid,Automatic,FWD
VR7CCHPX4VT003606,C3 Max · od 1270 PLN/mies.,Citroën C3 Max · Rata od 1270 PLN netto/mies. · Leasing B2B · Elbląg · Sprawdź ofertę!,https://sklep.citroen.pl/produkt/c3/vr7cchpx4vt003606/,https://raw.githubusercontent.com/Andy11001/-alfa-inventory/master/data/images/VR7CCHPX4VT003606_clean.webp,Citroën,C3,2025,0,KM,Hatchback,Rouge Elixir,New,99360 PLN,PLN,"{""addr1"": ""ELBLĄG"", ""city"": ""ELBLĄG"", ""region"": ""MAZOWIECKIE"", ""country"": ""PL""}",,,LEASE,1270 PLN,per month,Hybrid,Automatic,FWD
VR7CCHPX1TT273762,C3 Max · od 1270 PLN/mies.,Citroën C3 Max · Rata od 1270 PLN netto/mies. · Leasing B2B · Olsztyn · Sprawdź ofertę!,https://sklep.citroen.pl/produkt/c3/vr7cchpx1tt273762/,https://raw.githubusercontent.com/Andy11001/-alfa-inventory/master/data/images/VR7CCHPX1TT273762_clean.webp,Citroën,C3,2025,0,KM,Hatchback,Rouge Elixir,New,99360 PLN,PLN,"{""addr1"": ""OLSZTYN"", ""city"": ""OLSZTYN"", ""region"": ""MAZOWIECKIE"", ""country"": ""PL""}",,,LEASE,1270 PLN,per month,Hybrid,Automatic,FWD
VR7CCHPX0VT003604,C3 Max · od 1270 PLN/mies.,Citroën C3 Max · Rata od 1270 PLN netto/mies. · Leasing B2B · Katowice · Sprawdź ofertę!,https://sklep.citroen.pl/produkt/c3/vr7cchpx0vt003604/,https://raw.githubusercontent.com/Andy11001/-alfa-inventory/master/data/images/VR7CCHPX0VT003604_clean.webp,Citroën,C3,2025,0,KM,Hatchback,Rouge Elixir,New,99360 PLN,PLN,"{""addr1"": ""AL. ROŹDZIEŃSKIEGO 170"", ""city"": ""KATOWICE"", ""region"": ""ŚLĄSKIE"", ""country"": ""PL""}",50.2649,19.0238,LEASE,1270 PLN,per month,Hybrid,Automatic,FWD
VR7CCHPX8TT273760,C3 Max · od 1270 PLN/mies.,Citroën C3 Max · Rata od 1270 PLN netto/mies. · Leasing B2B · Piła · Sprawdź ofertę!,https://sklep.citroen.pl/produkt/c3/vr7cchpx8tt273760/,https://raw.githubusercontent.com/Andy11001/-alfa-inventory/master/data/images/VR7CCHPX8TT273760_clean.jpg,Citroën,C3,2025,0,KM,Hatchback,Rouge Elixir,New,99360 PLN,PLN,"{""addr1"": ""PIŁA"", ""city"": ""PIŁA"", ""region"": ""MAZOWIECKIE"", ""country"": ""PL""}",,,LEASE,1270 PLN,per month,Hybrid,Automatic,FWD
VR7CCHPX1TT273759,C3 Max · od 1270 PLN/mies.,Citroën C3 Max · Rata od 1270 PLN netto/mies. · Leasing B2B · Opole · Sprawdź ofertę!,https://sklep.citroen.pl/produkt/c3/vr7cchpx1tt273759/,https://raw.githubusercontent.com/Andy11001/-alfa-inventory/master/data/images/VR7CCHPX1TT273759_clean.webp,Citroën,C3,2025,0,KM,Hatchback,Rouge Elixir,New,99360 PLN,PLN,"{""addr1"": ""OPOLE"", ""city"": ""OPOLE"", ""region"": ""OPOLSKIE"", ""country"": ""PL""}",,,LEASE,1270 PLN,per month,Hybrid,Automatic,FWD
VR7CCHPX5TT273635,C3 Max · od 1259 PLN/mies.,Citroën C3 Max · Rata od 1259 PLN netto/mies. · Leasing B2B · Płock · Sprawdź ofertę!,https://sklep.citroen.pl/produkt/c3/vr7cchpx5tt273635/,https://raw.githubusercontent.com/Andy11001/-alfa-inventory/master/data/images/VR7CCHPX5TT273635_clean.webp,Citroën,C3,2025,0,KM,Hatchback,Bright Blue,New,98486 PLN,PLN,"{""addr1"": ""PŁOCK"", ""city"": ""PŁOCK"", ""region"": ""MAZOWIECKIE"", ""country"": ""PL""}",,,LEASE,1259 PLN,per month,Hybrid,Automatic,FWD
VR7CCHPX7VT003602,C3 Max · od 1204 PLN/mies.,Citroën C3 Max · Rata od 1204 PLN netto/mies. · Leasing B2B · Warszawa · Sprawdź ofertę!,https://sklep.citroen.pl/produkt/c3/vr7cchpx7vt003602/,https://raw.githubusercontent.com/Andy11001/-alfa-inventory/master/data/images/VR7CCHPX7VT003602_clean.webp,Citroën,C3,2025,0,KM,Hatchback,Bright Blue,New,94200 PLN,PLN,"{""addr1"": ""AL. KRAKOWSKA 206"", ""city"": ""WARSZAWA"", ""region"": ""MAZOWIECKIE"", ""country"": ""PL""}",52.2084,20.9412,LEASE,1204 PLN,per month,Hybrid,Automatic,FWD
VR7KAHPY7TL054086,Nowy C5 Aircross Max · od 2044 PLN/mies.,Citroën Nowy C5 Aircross Max · Rata od 2044 PLN netto/mies. · Leasing B2B · Warszawa · Sprawdź ofertę!,https://sklep.citroen.pl/produkt/nowy-c5-aircross/vr7kahpy7tl054086/,https://raw.githubusercontent.com/Andy11001/-alfa-inventory/master/data/images/VR7KAHPY7TL054086_clean.webp,Citroën,Nowy C5 Aircross,2025,0,KM,SUV,Perla Nera Black,New,160419 PLN,PLN,"{""addr1"": ""AL. KRAKOWSKA 206"", ""city"": ""WARSZAWA"", ""region"": ""MAZOWIECKIE"", ""country"": ""PL""}",52.2084,20.9412,LEASE,2044 PLN,per month,Hybrid,Automatic,FWD
VR7KAHPY3TL048754,Nowy C5 Aircross Max · od 1964 PLN/mies.,Citroën Nowy C5 Aircross Max · Rata od 1964 PLN netto/mies. · Leasing B2B · Warszawa · Sprawdź ofertę!,https://sklep.citroen.pl/produkt/nowy-c5-aircross/vr7kahpy3tl048754/,https://raw.githubusercontent.com/Andy11001/-alfa-inventory/master/data/images/VR7KAHPY3TL048754_clean.webp,Citroën,Nowy C5 Aircross,2025,0,KM,SUV,Platinium Grey,New,154155 PLN,PLN,"{""addr1"": ""AL. KRAKOWSKA 206"", ""city"": ""WARSZAWA"", ""region"": ""MAZOWIECKIE"", ""country"": ""PL""}",52.2084,20.9412,LEASE,1964 PLN,per month,Hybrid,Automatic,FWD
VR7BDHPY3TE035983,C4 X Max · od 1453 PLN/mies.,Citroën C4 X Max · Rata od 1453 PLN netto/mies. · Leasing B2B · Częstochowa · Sprawdź ofertę!,https://sklep.citroen.pl/produkt/c4-x/vr7bdhpy3te035983/,https://raw.githubusercontent.com/Andy11001/-alfa-inventory/master/data/images/VR7BDHPY3TE035983_clean.webp,Citroën,C4 X,2025,0,KM,SUV,Mercury Grey,New,113809 PLN,PLN,"{""addr1"": ""CZĘSTOCHOWA"", ""city"": ""CZĘSTOCHOWA"", ""region"": ""MAZOWIECKIE"", ""country"": ""PL""}",,,LEASE,1453 PLN,per month,Hybrid,Automatic,FWD
VR7BAHPY2TE040388,C4 Max · od 1432 PLN/mies.,Citroën C4 Max · Rata od 1432 PLN netto/mies. · Leasing B2B · Łódź · Sprawdź ofertę!,https://sklep.citroen.pl/produkt/c4/vr7bahpy2te040388/,https://raw.githubusercontent.com/Andy11001/-alfa-inventory/master/data/images/VR7BAHPY2TE040388_clean.webp,Citroën,C4,2025,0,KM,Hatchback,Rouge Elixir,New,112159 PLN,PLN,"{""addr1"": ""UL. OBYWATELSKA 181"", ""city"": ""ŁÓDŹ"", ""region"": ""ŁÓDZKIE"", ""country"": ""PL""}",51.7371,19.4316,LEASE,1432 PLN,per month,Hybrid,Automatic,FWD
VR7BAHPY0TE038221,C4 Max · od 1407 PLN/mies.,Citroën C4 Max · Rata od 1407 PLN netto/mies. · Leasing B2B · Legnica · Sprawdź ofertę!,https://sklep.citroen.pl/produkt/c4/vr7bahpy0te038221/,https://raw.githubusercontent.com/Andy11001/-alfa-inventory/master/data/images/VR7BAHPY0TE038221_clean.webp,Citroën,C4,2025,0,KM,Hatchback,Perla Nera,New,110179 PLN,PLN,"{""addr1"": ""LEGNICA"", ""city"": ""LEGNICA"", ""region"": ""MAZOWIECKIE"", ""country"": ""PL""}",,,LEASE,1407 PLN,per month,Hybrid,Automatic,FWD
VR7CGHPY9TT244927,C3 Aircross Max · od 1475 PLN/mies.,Citroën C3 Aircross Max · Rata od 1475 PLN netto/mies. · Leasing B2B · Kraków · Sprawdź ofertę!,https://sklep.citroen.pl/produkt/c3-aircross/vr7cghpy9tt244927/,https://raw.githubusercontent.com/Andy11001/-alfa-inventory/master/data/images/VR7CGHPY9TT244927_clean.webp,Citroën,C3 Aircross,2025,0,KM,SUV,Elixir Red,New,115544 PLN,PLN,"{""addr1"": ""UL. OPOLSKA 9"", ""city"": ""KRAKÓW"", ""region"": ""MAŁOPOLSKIE"", ""country"": ""PL""}",50.0931,19.9238,LEASE,1475 PLN,per month,Hybrid,Automatic,FWD
VR7CGHPY7TT244926,C3 Aircross Max · od 1475 PLN/mies.,Citroën C3 Aircross Max · Rata od 1475 PLN netto/mies. · Leasing B2B · Kraków · Sprawdź ofertę!,https://sklep.citroen.pl/produkt/c3-aircross/vr7cghpy7tt244926/,https://raw.githubusercontent.com/Andy11001/-alfa-inventory/master/data/images/VR7CGHPY7TT244926_clean.webp,Citroën,C3 Aircross,2025,0,KM,SUV,Elixir Red,New,115544 PLN,PLN,"{""addr1"": ""UL. OPOLSKA 9"", ""city"": ""KRAKÓW"", ""region"": ""MAŁOPOLSKIE"", ""country"": ""PL""}",50.0931,19.9238,LEASE,1475 PLN,per month,Hybrid,Automatic,FWD
VR7CGHPYXTT244869,C3 Aircross Max · od 1466 PLN/mies.,Citroën C3 Aircross Max · Rata od 1466 PLN netto/mies. · Leasing B2B · Warszawa · Sprawdź ofertę!,https://sklep.citroen.pl/produkt/c3-aircross/vr7cghpyxtt244869/,https://raw.githubusercontent.com/Andy11001/-alfa-inventory/master/data/images/VR7CGHPYXTT244869_clean.webp,Citroën,C3 Aircross,2025,0,KM,SUV,Montana Green,New,114840 PLN,PLN,"{""addr1"": ""AL. KRAKOWSKA 206"", ""city"": ""WARSZAWA"", ""region"": ""MAZOWIECKIE"", ""country"": ""PL""}",52.2084,20.9412,LEASE,1466 PLN,per month,Hybrid,Automatic,FWD
VR7CGHPYXTT267438,C3 Aircross Max · od 1452 PLN/mies.,Citroën C3 Aircross Max · Rata od 1452 PLN netto/mies. · Leasing B2B · Kraczkowa · Sprawdź ofertę!,https://sklep.citroen.pl/produkt/c3-aircross/vr7cghpyxtt267438/,https://raw.githubusercontent.com/Andy11001/-alfa-inventory/master/data/images/VR7CGHPYXTT267438_clean.jpg,Citroën,C3 Aircross,2025,0,KM,SUV,Polar White,New,113784 PLN,PLN,"{""addr1"": ""KRACZKOWA"", ""city"": ""KRACZKOWA"", ""region"": ""MAZOWIECKIE"", ""country"": ""PL""}",,,LEASE,1452 PLN,per month,Hybrid,Automatic,FWD
VR7CGHPY1TT267473,C3 Aircross Plus · od 1363 PLN/mies.,Citroën C3 Aircross Plus · Rata od 1363 PLN netto/mies. · Leasing B2B · Warszawa · Sprawdź ofertę!,https://sklep.citroen.pl/produkt/c3-aircross/vr7cghpy1tt267473/,https://raw.githubusercontent.com/Andy11001/-alfa-inventory/master/data/images/VR7CGHPY1TT267473_clean.webp,Citroën,C3 Aircross,2025,0,KM,SUV,Mercury Grey,New,106722 PLN,PLN,"{""addr1"": ""AL. KRAKOWSKA 206"", ""city"": ""WARSZAWA"", ""region"": ""MAZOWIECKIE"", ""country"": ""PL""}",52.2084,20.9412,LEASE,1363 PLN,per month,Hybrid,Automatic,FWD
VR7CCHPX0TT244401,C3 Max · od 1259 PLN/mies.,Citroën C3 Max · Rata od 1259 PLN netto/mies. · Leasing B2B · Piła · Sprawdź ofertę!,https://sklep.citroen.pl/produkt/c3/vr7cchpx0tt244401/,https://raw.githubusercontent.com/Andy11001/-alfa-inventory/master/data/images/VR7CCHPX0TT244401_clean.webp,Citroën,C3,2025,0,KM,Hatchback,Bright Blue,New,98486 PLN,PLN,"{""addr1"": ""PIŁA"", ""city"": ""PIŁA"", ""region"": ""MAZOWIECKIE"", ""country"": ""PL""}",,,LEASE,1259 PLN,per month,Hybrid,Automatic,FWD
VR7CCHPX2TT244402,C3 Max · od 1259 PLN/mies.,Citroën C3 Max · Rata od 1259 PLN netto/mies. · Leasing B2B · Gdańsk · Sprawdź ofertę!,https://sklep.citroen.pl/produkt/c3/vr7cchpx2tt244402/,https://raw.githubusercontent.com/Andy11001/-alfa-inventory/master/data/images/VR7CCHPX2TT244402_clean.webp,Citroën,C3,2025,0,KM,Hatchback,Bright Blue,New,98486 PLN,PLN,"{""addr1"": ""AL. GRUNWALDZKA 256"", ""city"": ""GDAŃSK"", ""region"": ""POMORSKIE"", ""country"": ""PL""}",54.4022,18.5714,LEASE,1259 PLN,per month,Hybrid,Automatic,FWD
VR7CCHPX0TT266530,C3 Max · od 1259 PLN/mies.,Citroën C3 Max · Rata od 1259 PLN netto/mies. · Leasing B2B · Warszawa · Sprawdź ofertę!,https://sklep.citroen.pl/produkt/c3/vr7cchpx0tt266530/,https://raw.githubusercontent.com/Andy11001/-alfa-inventory/master/data/images/VR7CCHPX0TT266530_clean.webp,Citroën,C3,2025,0,KM,Hatchback,Noir Perla Nera,New,98486 PLN,PLN,"{""addr1"": ""AL. KRAKOWSKA 206"", ""city"": ""WARSZAWA"", ""region"": ""MAZOWIECKIE"", ""country"": ""PL""}",52.2084,20.9412,LEASE,1259 PLN,per month,Hybrid,Automatic,FWD
VR7CCHPX4TT244398,C3 Max · od 1259 PLN/mies.,Citroën C3 Max · Rata od 1259 PLN netto/mies. · Leasing B2B · Bielsko-Biała · Sprawdź ofertę!,https://sklep.citroen.pl/produkt/c3/vr7cchpx4tt244398/,https://raw.githubusercontent.com/Andy11001/-alfa-inventory/master/data/images/VR7CCHPX4TT244398_clean.webp,Citroën,C3,2025,0,KM,Hatchback,Bright Blue,New,98486 PLN,PLN,"{""addr1"": ""BIELSKO-BIAŁA"", ""city"": ""BIELSKO-BIAŁA"", ""region"": ""ŚLĄSKIE"", ""country"": ""PL""}",,,LEASE,1259 PLN,per month,Hybrid,Automatic,FWD
VR7KAHPY5TL054314,Nowy C5 Aircross Max · od 1862 PLN/mies.,Citroën Nowy C5 Aircross Max · Rata od 1862 PLN netto/mies. · Leasing B2B · Wrocław · Sprawdź ofertę!,https://sklep.citroen.pl/produkt/nowy-c5-aircross/vr7kahpy5tl054314/,https://raw.githubusercontent.com/Andy11001/-alfa-inventory/master/data/images/VR7KAHPY5TL054314_clean.webp,Citroën,Nowy C5 Aircross,2025,0,KM,SUV,Ruby Red,New,146108 PLN,PLN,"{""addr1"": ""UL. SZCZECIŃSKA 7"", ""city"": ""WROCŁAW"", ""region"": ""DOLNOŚLĄSKIE"", ""country"": ""PL""}",51.1274,16.9535,LEASE,1862 PLN,per month,Hybrid,Automatic,FWD
VR7CGHPY2TT194131,C3 Aircross Plus · od 1404 PLN/mies.,Citroën C3 Aircross Plus · Rata od 1404 PLN netto/mies. · Leasing B2B · Gorzów Wielkopolski · Sprawdź ofertę!,https://sklep.citroen.pl/produkt/c3-aircross/vr7cghpy2tt194131/,https://raw.githubusercontent.com/Andy11001/-alfa-inventory/master/data/images/VR7CGHPY2TT194131_clean.webp,Citroën,C3 Aircross,2025,0,KM,SUV,Polar White,New,110000 PLN,PLN,"{""addr1"": ""GORZÓW WIELKOPOLSKI"", ""city"": ""GORZÓW WIELKOPOLSKI"", ""region"": ""MAZOWIECKIE"", ""country"": ""PL""}",,,LEASE,1404 PLN,per month,Hybrid,Automatic,FWD
VR7CCHPX1TT228062,C3 Max · od 1270 PLN/mies.,Citroën C3 Max · Rata od 1270 PLN netto/mies. · Leasing B2B · Olsztyn · Sprawdź ofertę!,https://sklep.citroen.pl/produkt/c3/vr7cchpx1tt228062/,https://raw.githubusercontent.com/Andy11001/-alfa-inventory/master/data/images/VR7CCHPX1TT228062_clean.webp,Citroën,C3,2025,0,KM,Hatchback,Rouge Elixir,New,99360 PLN,PLN,"{""addr1"": ""OLSZTYN"", ""city"": ""OLSZTYN"", ""region"": ""MAZOWIECKIE"", ""country"": ""PL""}",,,LEASE,1270 PLN,per month,Hybrid,Automatic,FWD
VR7CCHPX6TT244290,C3 Max · od 1259 PLN/mies.,Citroën C3 Max · Rata od 1259 PLN netto/mies. · Leasing B2B · Szczecin · Sprawdź ofertę!,https://sklep.citroen.pl/produkt/c3/vr7cchpx6tt244290/,https://raw.githubusercontent.com/Andy11001/-alfa-inventory/master/data/images/VR7CCHPX6TT244290_clean.webp,Citroën,C3,2025,0,KM,Hatchback,Mercury Grey,New,98486 PLN,PLN,"{""addr1"": ""UL. STRUGA 1B"", ""city"": ""SZCZECIN"", ""region"": ""ZACHODNIOPOMORSKIE"", ""country"": ""PL""}",53.3891,14.6543,LEASE,1259 PLN,per month,Hybrid,Automatic,FWD
VR7CCHPXXTT244289,C3 Max · od 1259 PLN/mies.,Citroën C3 Max · Rata od 1259 PLN netto/mies. · Leasing B2B · Szczecin · Sprawdź ofertę!,https://sklep.citroen.pl/produkt/c3/vr7cchpxxtt244289/,https://raw.githubusercontent.com/Andy11001/-alfa-inventory/master/data/images/VR7CCHPXXTT244289_clean.webp,Citroën,C3,2025,0,KM,Hatchback,Mercury Grey,New,98486 PLN,PLN,"{""addr1"": ""UL. STRUGA 1B"", ""city"": ""SZCZECIN"", ""region"": ""ZACHODNIOPOMORSKIE"", ""country"": ""PL""}",53.3891,14.6543,LEASE,1259 PLN,per month,Hybrid,Automatic,FWD
VR7CCHPXXTT244406,C3 Max · od 1259 PLN/mies.,Citroën C3 Max · Rata od 1259 PLN netto/mies. · Leasing B2B · Gliwice · Sprawdź ofertę!,https://sklep.citroen.pl/produkt/c3/vr7cchpxxtt244406/,https://raw.githubusercontent.com/Andy11001/-alfa-inventory/master/data/images/VR7CCHPXXTT244406_clean.webp,Citroën,C3,2025,0,KM,Hatchback,Bright Blue,New,98486 PLN,PLN,"{""addr1"": ""GLIWICE"", ""city"": ""GLIWICE"", ""region"": ""ŚLĄSKIE"", ""country"": ""PL""}",,,LEASE,1259 PLN,per month,Hybrid,Automatic,FWD
VR7CGHPY0TT194127,C3 Aircross Plus · od 1404 PLN/mies.,Citroën C3 Aircross Plus · Rata od 1404 PLN netto/mies. · Leasing B2B · Białystok · Sprawdź ofertę!,https://sklep.citroen.pl/produkt/c3-aircross/vr7cghpy0tt194127/,https://raw.githubusercontent.com/Andy11001/-alfa-inventory/master/data/images/VR7CGHPY0TT194127_clean.webp,Citroën,C3 Aircross,2025,0,KM,SUV,Polar White,New,110000 PLN,PLN,"{""addr1"": ""BIAŁYSTOK"", ""city"": ""BIAŁYSTOK"", ""region"": ""PODLASKIE"", ""country"": ""PL""}",,,LEASE,1404 PLN,per month,Hybrid,Automatic,FWD
VR7CCHPX8TT267179,C3 Max · od 1259 PLN/mies.,Citroën C3 Max · Rata od 1259 PLN netto/mies. · Leasing B2B · Piła · Sprawdź ofertę!,https://sklep.citroen.pl/produkt/c3/vr7cchpx8tt267179/,https://raw.githubusercontent.com/Andy11001/-alfa-inventory/master/data/images/VR7CCHPX8TT267179_clean.webp,Citroën,C3,2025,0,KM,Hatchback,Mercury Grey,New,98486 PLN,PLN,"{""addr1"": ""PIŁA"", ""city"": ""PIŁA"", ""region"": ""MAZOWIECKIE"", ""country"": ""PL""}",,,LEASE,1259 PLN,per month,Hybrid,Automatic,FWD
VR7CCHPX2TT267176,C3 Max · od 1259 PLN/mies.,Citroën C3 Max · Rata od 1259 PLN netto/mies. · Leasing B2B · Rybnik · Sprawdź ofertę!,https://sklep.citroen.pl/produkt/c3/vr7cchpx2tt267176/,https://raw.githubusercontent.com/Andy11001/-alfa-inventory/master/data/images/VR7CCHPX2TT267176_clean.webp,Citroën,C3,2025,0,KM,Hatchback,Mercury Grey,New,98486 PLN,PLN,"{""addr1"": ""RYBNIK"", ""city"": ""RYBNIK"", ""region"": ""ŚLĄSKIE"", ""country"": ""PL""}",,,LEASE,1259 PLN,per month,Hybrid,Automatic,FWD
VR7CCHPX4TT267177,C3 Max · od 1259 PLN/mies.,Citroën C3 Max · Rata od 1259 PLN netto/mies. · Leasing B2B · Warszawa · Sprawdź ofertę!,https://sklep.citroen.pl/produkt/c3/vr7cchpx4tt267177/,https://raw.githubusercontent.com/Andy11001/-alfa-inventory/master/data/images/VR7CCHPX4TT267177_clean.jpg,Citroën,C3,2025,0,KM,Hatchback,Mercury Grey,New,98486 PLN,PLN,"{""addr1"": ""AL. KRAKOWSKA 206"", ""city"": ""WARSZAWA"", ""region"": ""MAZOWIECKIE"", ""country"": ""PL""}",52.2084,20.9412,LEASE,1259 PLN,per month,Hybrid,Automatic,FWD
VR7CCHPX0TT268777,C3 Max · od 1198 PLN/mies.,Citroën C3 Max · Rata od 1198 PLN netto/mies. · Leasing B2B · Opole · Sprawdź ofertę!,https://sklep.citroen.pl/produkt/c3/vr7cchpx0tt268777/,https://raw.githubusercontent.com/Andy11001/-alfa-inventory/master/data/images/VR7CCHPX0TT268777_clean.webp,Citroën,C3,2025,0,KM,Hatchback,Monte Carlo,New,93748 PLN,PLN,"{""addr1"": ""OPOLE"", ""city"": ""OPOLE"", ""region"": ""OPOLSKIE"", ""country"": ""PL""}",,,LEASE,1198 PLN,per month,Hybrid,Automatic,FWD
VR7BDHPY0TE037917,C4 X Max · od 1407 PLN/mies.,Citroën C4 X Max · Rata od 1407 PLN netto/mies. · Leasing B2B · Katowice · Sprawdź ofertę!,https://sklep.citroen.pl/produkt/c4-x/vr7bdhpy0te037917/,https://raw.githubusercontent.com/Andy11001/-alfa-inventory/master/data/images/VR7BDHPY0TE037917_clean.webp,Citroën,C4 X,2025,0,KM,SUV,Perla Nera,New,110179 PLN,PLN,"{""addr1"": ""AL. ROŹDZIEŃSKIEGO 170"", ""city"": ""KATOWICE"", ""region"": ""ŚLĄSKIE"", ""country"": ""PL""}",50.2649,19.0238,LEASE,1407 PLN,per month,Hybrid,Automatic,FWD
VR7BAHPY2TE009819,C4 Max · od 1405 PLN/mies.,Citroën C4 Max · Rata od 1405 PLN netto/mies. · Leasing B2B · Kalisz · Sprawdź ofertę!,https://sklep.citroen.pl/produkt/c4/vr7bahpy2te009819/,https://raw.githubusercontent.com/Andy11001/-alfa-inventory/master/data/images/VR7BAHPY2TE009819_clean.webp,Citroën,C4,2025,0,KM,Hatchback,Manhattan Green,New,110014 PLN,PLN,"{""addr1"": ""KALISZ"", ""city"": ""KALISZ"", ""region"": ""MAZOWIECKIE"", ""country"": ""PL""}",,,LEASE,1405 PLN,per month,Hybrid,Automatic,FWD
VR7CGHPY4TT267208,C3 Aircross Plus · od 1389 PLN/mies.,Citroën C3 Aircross Plus · Rata od 1389 PLN netto/mies. · Leasing B2B · Opole · Sprawdź ofertę!,https://sklep.citroen.pl/produkt/c3-aircross/vr7cghpy4tt267208/,https://raw.githubusercontent.com/Andy11001/-alfa-inventory/master/data/images/VR7CGHPY4TT267208_clean.webp,Citroën,C3 Aircross,2025,0,KM,SUV,Elixir Red,New,108746 PLN,PLN,"{""addr1"": ""OPOLE"", ""city"": ""OPOLE"", ""region"": ""OPOLSKIE"", ""country"": ""PL""}",,,LEASE,1389 PLN,per month,Hybrid,Automatic,FWD
VR7CGHPYXTT267312,C3 Aircross Plus · od 1379 PLN/mies.,Citroën C3 Aircross Plus · Rata od 1379 PLN netto/mies. · Leasing B2B · Słupsk · Sprawdź ofertę!,https://sklep.citroen.pl/produkt/c3-aircross/vr7cghpyxtt267312/,https://raw.githubusercontent.com/Andy11001/-alfa-inventory/master/data/images/VR7CGHPYXTT267312_clean.webp,Citroën,C3 Aircross,2025,0,KM,SUV,Montana Green,New,107954 PLN,PLN,"{""addr1"": ""SŁUPSK"", ""city"": ""SŁUPSK"", ""region"": ""POMORSKIE"", ""country"": ""PL""}",,,LEASE,1379 PLN,per month,Hybrid,Automatic,FWD
VR7CCHPX2TT244318,C3 Max · od 1270 PLN/mies.,Citroën C3 Max · Rata od 1270 PLN netto/mies. · Leasing B2B · Białystok · Sprawdź ofertę!,https://sklep.citroen.pl/produkt/c3/vr7cchpx2tt244318/,https://raw.githubusercontent.com/Andy11001/-alfa-inventory/master/data/images/VR7CCHPX2TT244318_clean.webp,Citroën,C3,2025,0,KM,Hatchback,Rouge Elixir,New,99360 PLN,PLN,"{""addr1"": ""BIAŁYSTOK"", ""city"": ""BIAŁYSTOK"", ""region"": ""PODLASKIE"", ""country"": ""PL""}",,,LEASE,1270 PLN,per month,Hybrid,Automatic,FWD
VR7CCHPX9VT002936,C3 Max · od 1259 PLN/mies.,Citroën C3 Max · Rata od 1259 PLN netto/mies. · Leasing B2B · Piła · Sprawdź ofertę!,https://sklep.citroen.pl/produkt/c3/vr7cchpx9vt002936/,https://raw.githubusercontent.com/Andy11001/-alfa-inventory/master/data/images/VR7CCHPX9VT002936_clean.webp,Citroën,C3,2025,0,KM,Hatchback,Bright Blue,New,98486 PLN,PLN,"{""addr1"": ""PIŁA"", ""city"": ""PIŁA"", ""region"": ""MAZOWIECKIE"", ""country"": ""PL""}",,,LEASE,1259 PLN,per month,Hybrid,Automatic,FWD
VR7CCHPX5TT266829,C3 Max · od 1245 PLN/mies.,Citroën C3 Max · Rata od 1245 PLN netto/mies. · Leasing B2B · Kalisz · Sprawdź ofertę!,https://sklep.citroen.pl/produkt/c3/vr7cchpx5tt266829/,https://raw.githubusercontent.com/Andy11001/-alfa-inventory/master/data/images/VR7CCHPX5TT266829_clean.webp,Citroën,C3,2025,0,KM,Hatchback,Polar White,New,97382 PLN,PLN,"{""addr1"": ""KALISZ"", ""city"": ""KALISZ"", ""region"": ""MAZOWIECKIE"", ""country"": ""PL""}",,,LEASE,1245 PLN,per month,Hybrid,Automatic,FWD
VR7CCHPX3TT266828,C3 Max · od 1245 PLN/mies.,Citroën C3 Max · Rata od 1245 PLN netto/mies. · Leasing B2B · Kalisz · Sprawdź ofertę!,https://sklep.citroen.pl/produkt/c3/vr7cchpx3tt266828/,https://raw.githubusercontent.com/Andy11001/-alfa-inventory/master/data/images/VR7CCHPX3TT266828_clean.webp,Citroën,C3,2025,0,KM,Hatchback,Polar White,New,97382 PLN,PLN,"{""addr1"": ""KALISZ"", ""city"": ""KALISZ"", ""region"": ""MAZOWIECKIE"", ""country"": ""PL""}",,,LEASE,1245 PLN,per month,Hybrid,Automatic,FWD
VR7CCHPX3TT267154,C3 Max · od 1225 PLN/mies.,Citroën C3 Max · Rata od 1225 PLN netto/mies. · Leasing B2B · Piła · Sprawdź ofertę!,https://sklep.citroen.pl/produkt/c3/vr7cchpx3tt267154/,https://raw.githubusercontent.com/Andy11001/-alfa-inventory/master/data/images/VR7CCHPX3TT267154_clean.webp,Citroën,C3,2025,0,KM,Hatchback,Monte Carlo,New,95818 PLN,PLN,"{""addr1"": ""PIŁA"", ""city"": ""PIŁA"", ""region"": ""MAZOWIECKIE"", ""country"": ""PL""}",,,LEASE,1225 PLN,per month,Hybrid,Automatic,FWD
VR7CCHPX8TT267151,C3 Max · od 1225 PLN/mies.,Citroën C3 Max · Rata od 1225 PLN netto/mies. · Leasing B2B · Kalisz · Sprawdź ofertę!,https://sklep.citroen.pl/produkt/c3/vr7cchpx8tt267151/,https://raw.githubusercontent.com/Andy11001/-alfa-inventory/master/data/images/VR7CCHPX8TT267151_clean.webp,Citroën,C3,2025,0,KM,Hatchback,Monte Carlo,New,95818 PLN,PLN,"{""addr1"": ""KALISZ"", ""city"": ""KALISZ"", ""region"": ""MAZOWIECKIE"", ""country"": ""PL""}",,,LEASE,1225 PLN,per month,Hybrid,Automatic,FWD
VR7CCHPX1TT267153,C3 Max · od 1225 PLN/mies.,Citroën C3 Max · Rata od 1225 PLN netto/mies. · Leasing B2B · Warszawa · Sprawdź ofertę!,https://sklep.citroen.pl/produkt/c3/vr7cchpx1tt267153/,https://raw.githubusercontent.com/Andy11001/-alfa-inventory/master/data/images/VR7CCHPX1TT267153_clean.webp,Citroën,C3,2025,0,KM,Hatchback,Monte Carlo,New,95818 PLN,PLN,"{""addr1"": ""AL. KRAKOWSKA 206"", ""city"": ""WARSZAWA"", ""region"": ""MAZOWIECKIE"", ""country"": ""PL""}",52.2084,20.9412,LEASE,1225 PLN,per month,Hybrid,Automatic,FWD
VR7CCHPXXTT267152,C3 Max · od 1225 PLN/mies.,Citroën C3 Max · Rata od 1225 PLN netto/mies. · Leasing B2B · Kutno · Sprawdź ofertę!,https://sklep.citroen.pl/produkt/c3/vr7cchpxxtt267152/,https://raw.githubusercontent.com/Andy11001/-alfa-inventory/master/data/images/VR7CCHPXXTT267152_clean.webp,Citroën,C3,2025,0,KM,Hatchback,Monte Carlo,New,95818 PLN,PLN,"{""addr1"": ""KUTNO"", ""city"": ""KUTNO"", ""region"": ""MAZOWIECKIE"", ""country"": ""PL""}",,,LEASE,1225 PLN,per month,Hybrid,Automatic,FWD
VR7BDHPY5TE037895,C4 X Max · od 1382 PLN/mies.,Citroën C4 X Max · Rata od 1382 PLN netto/mies. · Leasing B2B · Zielona Góra · Sprawdź ofertę!,https://sklep.citroen.pl/produkt/c4-x/vr7bdhpy5te037895/,https://raw.githubusercontent.com/Andy11001/-alfa-inventory/master/data/images/VR7BDHPY5TE037895_clean.webp,Citroën,C4 X,2025,0,KM,SUV,Rouge Elixir,New,108225 PLN,PLN,"{""addr1"": ""ZIELONA GÓRA"", ""city"": ""ZIELONA GÓRA"", ""region"": ""MAZOWIECKIE"", ""country"": ""PL""}",,,LEASE,1382 PLN,per month,Hybrid,Automatic,FWD
VR7BDHPY6TE039431,C4 X Max · od 1453 PLN/mies.,Citroën C4 X Max · Rata od 1453 PLN netto/mies. · Leasing B2B · Konin · Sprawdź ofertę!,https://sklep.citroen.pl/produkt/c4-x/vr7bdhpy6te039431/,https://raw.githubusercontent.com/Andy11001/-alfa-inventory/master/data/images/VR7BDHPY6TE039431_clean.webp,Citroën,C4 X,2025,0,KM,SUV,Mercury Grey,New,113809 PLN,PLN,"{""addr1"": ""KONIN"", ""city"": ""KONIN"", ""region"": ""MAZOWIECKIE"", ""country"": ""PL""}",,,LEASE,1453 PLN,per month,Hybrid,Automatic,FWD
VR7BDHPY8TE039432,C4 X Max · od 1448 PLN/mies.,Citroën C4 X Max · Rata od 1448 PLN netto/mies. · Leasing B2B · Katowice · Sprawdź ofertę!,https://sklep.citroen.pl/produkt/c4-x/vr7bdhpy8te039432/,https://raw.githubusercontent.com/Andy11001/-alfa-inventory/master/data/images/VR7BDHPY8TE039432_clean.webp,Citroën,C4 X,2025,0,KM,SUV,Rouge Elixir,New,113396 PLN,PLN,"{""addr1"": ""AL. ROŹDZIEŃSKIEGO 170"", ""city"": ""KATOWICE"", ""region"": ""ŚLĄSKIE"", ""country"": ""PL""}",50.2649,19.0238,LEASE,1448 PLN,per month,Hybrid,Automatic,FWD
VR7BDHPY7TE020905,C4 X Max · od 1414 PLN/mies.,Citroën C4 X Max · Rata od 1414 PLN netto/mies. · Leasing B2B · Rybnik · Sprawdź ofertę!,https://sklep.citroen.pl/produkt/c4-x/vr7bdhpy7te020905/,https://raw.githubusercontent.com/Andy11001/-alfa-inventory/master/data/images/VR7BDHPY7TE020905_clean.jpg,Citroën,C4 X,2025,0,KM,SUV,Blue Eclipse,New,110715 PLN,PLN,"{""addr1"": ""RYBNIK"", ""city"": ""RYBNIK"", ""region"": ""ŚLĄSKIE"", ""country"": ""PL""}",,,LEASE,1414 PLN,per month,Hybrid,Automatic,FWD
VR7BDHPY7TE014294,C4 X Max · od 1414 PLN/mies.,Citroën C4 X Max · Rata od 1414 PLN netto/mies. · Leasing B2B · Rybnik · Sprawdź ofertę!,https://sklep.citroen.pl/produkt/c4-x/vr7bdhpy7te014294/,https://raw.githubusercontent.com/Andy11001/-alfa-inventory/master/data/images/VR7BDHPY7TE014294_clean.webp,Citroën,C4 X,2025,0,KM,SUV,Mercury Grey,New,110715 PLN,PLN,"{""addr1"": ""RYBNIK"", ""city"": ""RYBNIK"", ""region"": ""ŚLĄSKIE"", ""country"": ""PL""}",,,LEASE,1414 PLN,per month,Hybrid,Automatic,FWD
VR7CGHPY6TT267940,C3 Aircross Plus · od 1389 PLN/mies.,Citroën C3 Aircross Plus · Rata od 1389 PLN netto/mies. · Leasing B2B · Gliwice · Sprawdź ofertę!,https://sklep.citroen.pl/produkt/c3-aircross/vr7cghpy6tt267940/,https://raw.githubusercontent.com/Andy11001/-alfa-inventory/master/data/images/VR7CGHPY6TT267940_clean.webp,Citroën,C3 Aircross,2025,0,KM,SUV,Elixir Red,New,108746 PLN,PLN,"{""addr1"": ""GLIWICE"", ""city"": ""GLIWICE"", ""region"": ""ŚLĄSKIE"", ""country"": ""PL""}",,,LEASE,1389 PLN,per month,Hybrid,Automatic,FWD
VR7BDHPY4TE039427,C4 X Max · od 1484 PLN/mies.,Citroën C4 X Max · Rata od 1484 PLN netto/mies. · Leasing B2B · Stare Bielice · Sprawdź ofertę!,https://sklep.citroen.pl/produkt/c4-x/vr7bdhpy4te039427/,https://raw.githubusercontent.com/Andy11001/-alfa-inventory/master/data/images/VR7BDHPY4TE039427_clean.webp,Citroën,C4 X,2025,0,KM,SUV,Manhattan Green,New,116242 PLN,PLN,"{""addr1"": ""STARE BIELICE"", ""city"": ""STARE BIELICE"", ""region"": ""MAZOWIECKIE"", ""country"": ""PL""}",,,LEASE,1484 PLN,per month,Hybrid,Automatic,FWD
VR7BDHPY3TE039211,C4 X Max · od 1423 PLN/mies.,Citroën C4 X Max · Rata od 1423 PLN netto/mies. · Leasing B2B · Częstochowa · Sprawdź ofertę!,https://sklep.citroen.pl/produkt/c4-x/vr7bdhpy3te039211/,https://raw.githubusercontent.com/Andy11001/-alfa-inventory/master/data/images/VR7BDHPY3TE039211_clean.webp,Citroën,C4 X,2025,0,KM,SUV,Mercury Grey,New,111499 PLN,PLN,"{""addr1"": ""CZĘSTOCHOWA"", ""city"": ""CZĘSTOCHOWA"", ""region"": ""MAZOWIECKIE"", ""country"": ""PL""}",,,LEASE,1423 PLN,per month,Hybrid,Automatic,FWD
VR7CGHPYXVT003509,C3 Aircross Max · od 1466 PLN/mies.,Citroën C3 Aircross Max · Rata od 1466 PLN netto/mies. · Leasing B2B · Gdańsk · Sprawdź ofertę!,https://sklep.citroen.pl/produkt/c3-aircross/vr7cghpyxvt003509/,https://raw.githubusercontent.com/Andy11001/-alfa-inventory/master/data/images/VR7CGHPYXVT003509_clean.webp,Citroën,C3 Aircross,2025,0,KM,SUV,Montana Green,New,114840 PLN,PLN,"{""addr1"": ""AL. GRUNWALDZKA 256"", ""city"": ""GDAŃSK"", ""region"": ""POMORSKIE"", ""country"": ""PL""}",54.4022,18.5714,LEASE,1466 PLN,per month,Hybrid,Automatic,FWD
VR7BAHPY4TE039436,C4 Collection · od 1349 PLN/mies.,Citroën C4 Collection · Rata od 1349 PLN netto/mies. · Leasing B2B · Kraków · Sprawdź ofertę!,https://sklep.citroen.pl/produkt/c4/vr7bahpy4te039436/,https://raw.githubusercontent.com/Andy11001/-alfa-inventory/master/data/images/VR7BAHPY4TE039436_clean.webp,Citroën,C4,2025,0,KM,Hatchback,Perla Nera,New,105625 PLN,PLN,"{""addr1"": ""UL. OPOLSKA 9"", ""city"": ""KRAKÓW"", ""region"": ""MAŁOPOLSKIE"", ""country"": ""PL""}",50.0931,19.9238,LEASE,1349 PLN,per month,Hybrid,Automatic,FWD
VR7CGHPY6TT267470,C3 Aircross Plus · od 1363 PLN/mies.,Citroën C3 Aircross Plus · Rata od 1363 PLN netto/mies. · Leasing B2B · Łódź · Sprawdź ofertę!,https://sklep.citroen.pl/produkt/c3-aircross/vr7cghpy6tt267470/,https://raw.githubusercontent.com/Andy11001/-alfa-inventory/master/data/images/VR7CGHPY6TT267470_clean.jpg,Citroën,C3 Aircross,2025,0,KM,SUV,Mercury Grey,New,106722 PLN,PLN,"{""addr1"": ""UL. OBYWATELSKA 181"", ""city"": ""ŁÓDŹ"", ""region"": ""ŁÓDZKIE"", ""country"": ""PL""}",51.7371,19.4316,LEASE,1363 PLN,per month,Hybrid,Automatic,FWD
VR7CGHPY8TT267468,C3 Aircross Plus · od 1363 PLN/mies.,Citroën C3 Aircross Plus · Rata od 1363 PLN netto/mies. · Leasing B2B · Łódź · Sprawdź ofertę!,https://sklep.citroen.pl/produkt/c3-aircross/vr7cghpy8tt267468/,https://raw.githubusercontent.com/Andy11001/-alfa-inventory/master/data/images/VR7CGHPY8TT267468_clean.jpg,Citroën,C3 Aircross,2025,0,KM,SUV,Mercury Grey,New,106722 PLN,PLN,"{""addr1"": ""UL. OBYWATELSKA 181"", ""city"": ""ŁÓDŹ"", ""region"": ""ŁÓDZKIE"", ""country"": ""PL""}",51.7371,19.4316,LEASE,1363 PLN,per month,Hybrid,Automatic,FWD
VR7CGHPY3TT267524,C3 Aircross Plus · od 1331 PLN/mies.,Citroën C3 Aircross Plus · Rata od 1331 PLN netto/mies. · Leasing B2B · Łódź · Sprawdź ofertę!,https://sklep.citroen.pl/produkt/c3-aircross/vr7cghpy3tt267524/,https://raw.githubusercontent.com/Andy11001/-alfa-inventory/master/data/images/VR7CGHPY3TT267524_clean.webp,Citroën,C3 Aircross,2025,0,KM,SUV,Noir Perla Nera,New,104170 PLN,PLN,"{""addr1"": ""UL. OBYWATELSKA 181"", ""city"": ""ŁÓDŹ"", ""region"": ""ŁÓDZKIE"", ""country"": ""PL""}",51.7371,19.4316,LEASE,1331 PLN,per month,Hybrid,Automatic,FWD
VR7CCHPX7VT003504,C3 Max · od 1225 PLN/mies.,Citroën C3 Max · Rata od 1225 PLN netto/mies. · Leasing B2B · Poznań · Sprawdź ofertę!,https://sklep.citroen.pl/produkt/c3/vr7cchpx7vt003504/,https://raw.githubusercontent.com/Andy11001/-alfa-inventory/master/data/images/VR7CCHPX7VT003504_clean.jpg,Citroën,C3,2025,0,KM,Hatchback,Monte Carlo,New,95818 PLN,PLN,"{""addr1"": ""UL. KRZYWOUSTEGO 71"", ""city"": ""POZNAŃ"", ""region"": ""WIELKOPOLSKIE"", ""country"": ""PL""}",52.3787,17.0270,LEASE,1225 PLN,per month,Hybrid,Automatic,FWD
VR7CCHPX6TT267133,C3 Plus · od 1167 PLN/mies.,Citroën C3 Plus · Rata od 1167 PLN netto/mies. · Leasing B2B · Radom · Sprawdź ofertę!,https://sklep.citroen.pl/produkt/c3/vr7cchpx6tt267133/,https://raw.githubusercontent.com/Andy11001/-alfa-inventory/master/data/images/VR7CCHPX6TT267133_clean.webp,Citroën,C3,2025,0,KM,Hatchback,Monte Carlo,New,91295 PLN,PLN,"{""addr1"": ""RADOM"", ""city"": ""RADOM"", ""region"": ""MAZOWIECKIE"", ""country"": ""PL""}",,,LEASE,1167 PLN,per month,Hybrid,Automatic,FWD
VR7CCHPV5TT242349,C3 Max · od 1113 PLN/mies.,Citroën C3 Max · Rata od 1113 PLN netto/mies. · Leasing B2B · Szczecin · Sprawdź ofertę!,https://sklep.citroen.pl/produkt/c3/vr7cchpv5tt242349/,https://raw.githubusercontent.com/Andy11001/-alfa-inventory/master/data/images/VR7CCHPV5TT242349_clean.webp,Citroën,C3,2025,0,KM,Hatchback,Mercury Grey,New,87032 PLN,PLN,"{""addr1"": ""UL. STRUGA 1B"", ""city"": ""SZCZECIN"", ""region"": ""ZACHODNIOPOMORSKIE"", ""country"": ""PL""}",53.3891,14.6543,LEASE,1113 PLN,per month,Gasoline,Manual,FWD
VR7CCHPV3TT209088,C3 Max · od 1087 PLN/mies.,Citroën C3 Max · Rata od 1087 PLN netto/mies. · Leasing B2B · Słupsk · Sprawdź ofertę!,https://sklep.citroen.pl/produkt/c3/vr7cchpv3tt209088/,https://raw.githubusercontent.com/Andy11001/-alfa-inventory/master/data/images/VR7CCHPV3TT209088_clean.webp,Citroën,C3,2025,0,KM,Hatchback,Mercury Grey,New,84962 PLN,PLN,"{""addr1"": ""SŁUPSK"", ""city"": ""SŁUPSK"", ""region"": ""POMORSKIE"", ""country"": ""PL""}",,,LEASE,1087 PLN,per month,Gasoline,Manual,FWD
VR7KAHPY6TL055147,Nowy C5 Aircross Max · od 2060 PLN/mies.,Citroën Nowy C5 Aircross Max · Rata od 2060 PLN netto/mies. · Leasing B2B · Słupsk · Sprawdź ofertę!,https://sklep.citroen.pl/produkt/nowy-c5-aircross/vr7kahpy6tl055147/,https://raw.githubusercontent.com/Andy11001/-alfa-inventory/master/data/images/VR7KAHPY6TL055147_clean.webp,Citroën,Nowy C5 Aircross,2025,0,KM,SUV,Platinium Grey,New,161724 PLN,PLN,"{""addr1"": ""SŁUPSK"", ""city"": ""SŁUPSK"", ""region"": ""POMORSKIE"", ""country"": ""PL""}",,,LEASE,2060 PLN,per month,Hybrid,Automatic,FWD
VR7KAHPY5TL055270,Nowy C5 Aircross Max · od 2060 PLN/mies.,Citroën Nowy C5 Aircross Max · Rata od 2060 PLN netto/mies. · Leasing B2B · Kutno · Sprawdź ofertę!,https://sklep.citroen.pl/produkt/nowy-c5-aircross/vr7kahpy5tl055270/,https://raw.githubusercontent.com/Andy11001/-alfa-inventory/master/data/images/VR7KAHPY5TL055270_clean.webp,Citroën,Nowy C5 Aircross,2025,0,KM,SUV,Okenite White,New,161724 PLN,PLN,"{""addr1"": ""KUTNO"", ""city"": ""KUTNO"", ""region"": ""MAZOWIECKIE"", ""country"": ""PL""}",,,LEASE,2060 PLN,per month,Hybrid,Automatic,FWD
VR7KAHPYXTL055300,Nowy C5 Aircross Max · od 2002 PLN/mies.,Citroën Nowy C5 Aircross Max · Rata od 2002 PLN netto/mies. · Leasing B2B · Grębów · Sprawdź ofertę!,https://sklep.citroen.pl/produkt/nowy-c5-aircross/vr7kahpyxtl055300/,https://raw.githubusercontent.com/Andy11001/-alfa-inventory/master/data/images/VR7KAHPYXTL055300_clean.webp,Citroën,Nowy C5 Aircross,2025,0,KM,SUV,Platinium Grey,New,157113 PLN,PLN,"{""addr1"": ""GRĘBÓW"", ""city"": ""GRĘBÓW"", ""region"": ""MAZOWIECKIE"", ""country"": ""PL""}",,,LEASE,2002 PLN,per month,Hybrid,Automatic,FWD
VR7KAHPY4TL055275,Nowy C5 Aircross Max · od 1985 PLN/mies.,Citroën Nowy C5 Aircross Max · Rata od 1985 PLN netto/mies. · Leasing B2B · Szczecin · Sprawdź ofertę!,https://sklep.citroen.pl/produkt/nowy-c5-aircross/vr7kahpy4tl055275/,https://raw.githubusercontent.com/Andy11001/-alfa-inventory/master/data/images/VR7KAHPY4TL055275_clean.webp,Citroën,Nowy C5 Aircross,2025,0,KM,SUV,Astoria Green,New,155808 PLN,PLN,"{""addr1"": ""UL. STRUGA 1B"", ""city"": ""SZCZECIN"", ""region"": ""ZACHODNIOPOMORSKIE"", ""country"": ""PL""}",53.3891,14.6543,LEASE,1985 PLN,per month,Hybrid,Automatic,FWD
VR7KAHPY1TL055069,Nowy C5 Aircross Max · od 1948 PLN/mies.,Citroën Nowy C5 Aircross Max · Rata od 1948 PLN netto/mies. · Leasing B2B · Poznań · Sprawdź ofertę!,https://sklep.citroen.pl/produkt/nowy-c5-aircross/vr7kahpy1tl055069/,https://raw.githubusercontent.com/Andy11001/-alfa-inventory/master/data/images/VR7KAHPY1TL055069_clean.webp,Citroën,Nowy C5 Aircross,2025,0,KM,SUV,Perla Nera Black,New,152850 PLN,PLN,"{""addr1"": ""UL. KRZYWOUSTEGO 71"", ""city"": ""POZNAŃ"", ""region"": ""WIELKOPOLSKIE"", ""country"": ""PL""}",52.3787,17.0270,LEASE,1948 PLN,per month,Hybrid,Automatic,FWD
VR7KAHPY8TL055070,Nowy C5 Aircross Max · od 1948 PLN/mies.,Citroën Nowy C5 Aircross Max · Rata od 1948 PLN netto/mies. · Leasing B2B · Katowice · Sprawdź ofertę!,https://sklep.citroen.pl/produkt/nowy-c5-aircross/vr7kahpy8tl055070/,https://raw.githubusercontent.com/Andy11001/-alfa-inventory/master/data/images/VR7KAHPY8TL055070_clean.webp,Citroën,Nowy C5 Aircross,2025,0,KM,SUV,Perla Nera Black,New,152850 PLN,PLN,"{""addr1"": ""AL. ROŹDZIEŃSKIEGO 170"", ""city"": ""KATOWICE"", ""region"": ""ŚLĄSKIE"", ""country"": ""PL""}",50.2649,19.0238,LEASE,1948 PLN,per month,Hybrid,Automatic,FWD
VR7KAHPY1TL028714,Nowy C5 Aircross Max · od 1843 PLN/mies.,Citroën Nowy C5 Aircross Max · Rata od 1843 PLN netto/mies. · Leasing B2B · Zielona Góra · Sprawdź ofertę!,https://sklep.citroen.pl/produkt/nowy-c5-aircross/vr7kahpy1tl028714/,https://raw.githubusercontent.com/Andy11001/-alfa-inventory/master/data/images/VR7KAHPY1TL028714_clean.webp,Citroën,Nowy C5 Aircross,2025,0,KM,SUV,Okenite White,New,144578 PLN,PLN,"{""addr1"": ""ZIELONA GÓRA"", ""city"": ""ZIELONA GÓRA"", ""region"": ""MAZOWIECKIE"", ""country"": ""PL""}",,,LEASE,1843 PLN,per month,Hybrid,Automatic,FWD
VR7KAHPY8TL055151,Nowy C5 Aircross Max · od 1908 PLN/mies.,Citroën Nowy C5 Aircross Max · Rata od 1908 PLN netto/mies. · Leasing B2B · Warszawa · Sprawdź ofertę!,https://sklep.citroen.pl/produkt/nowy-c5-aircross/vr7kahpy8tl055151/,https://raw.githubusercontent.com/Andy11001/-alfa-inventory/master/data/images/VR7KAHPY8TL055151_clean.webp,Citroën,Nowy C5 Aircross,2025,0,KM,SUV,Platinium Grey,New,149718 PLN,PLN,"{""addr1"": ""AL. KRAKOWSKA 206"", ""city"": ""WARSZAWA"", ""region"": ""MAZOWIECKIE"", ""country"": ""PL""}",52.2084,20.9412,LEASE,1908 PLN,per month,Hybrid,Automatic,FWD
VR7KAHPY6TL055293,Nowy C5 Aircross Max · od 1892 PLN/mies.,Citroën Nowy C5 Aircross Max · Rata od 1892 PLN netto/mies. · Leasing B2B · Warszawa · Sprawdź ofertę!,https://sklep.citroen.pl/produkt/nowy-c5-aircross/vr7kahpy6tl055293/,https://raw.githubusercontent.com/Andy11001/-alfa-inventory/master/data/images/VR7KAHPY6TL055293_clean.webp,Citroën,Nowy C5 Aircross,2025,0,KM,SUV,Eclipse Blue,New,148413 PLN,PLN,"{""addr1"": ""AL. KRAKOWSKA 206"", ""city"": ""WARSZAWA"", ""region"": ""MAZOWIECKIE"", ""country"": ""PL""}",52.2084,20.9412,LEASE,1892 PLN,per month,Hybrid,Automatic,FWD
VR7KAHPY3TL055252,Nowy C5 Aircross Max · od 1892 PLN/mies.,Citroën Nowy C5 Aircross Max · Rata od 1892 PLN netto/mies. · Leasing B2B · Sosnowiec · Sprawdź ofertę!,https://sklep.citroen.pl/produkt/nowy-c5-aircross/vr7kahpy3tl055252/,https://raw.githubusercontent.com/Andy11001/-alfa-inventory/master/data/images/VR7KAHPY3TL055252_clean.webp,Citroën,Nowy C5 Aircross,2025,0,KM,SUV,Perla Nera Black,New,148413 PLN,PLN,"{""addr1"": ""SOSNOWIEC"", ""city"": ""SOSNOWIEC"", ""region"": ""ŚLĄSKIE"", ""country"": ""PL""}",,,LEASE,1892 PLN,per month,Hybrid,Automatic,FWD
VR7KAHPY2TL054495,Nowy C5 Aircross Max · od 1876 PLN/mies.,Citroën Nowy C5 Aircross Max · Rata od 1876 PLN netto/mies. · Leasing B2B · Olsztyn · Sprawdź ofertę!,https://sklep.citroen.pl/produkt/nowy-c5-aircross/vr7kahpy2tl054495/,https://raw.githubusercontent.com/Andy11001/-alfa-inventory/master/data/images/VR7KAHPY2TL054495_clean.webp,Citroën,Nowy C5 Aircross,2025,0,KM,SUV,Ruby Red,New,147195 PLN,PLN,"{""addr1"": ""OLSZTYN"", ""city"": ""OLSZTYN"", ""region"": ""MAZOWIECKIE"", ""country"": ""PL""}",,,LEASE,1876 PLN,per month,Hybrid,Automatic,FWD
VR7KAHPY0TL055287,Nowy C5 Aircross Plus · od 1764 PLN/mies.,Citroën Nowy C5 Aircross Plus · Rata od 1764 PLN netto/mies. · Leasing B2B · Bydgoszcz · Sprawdź ofertę!,https://sklep.citroen.pl/produkt/nowy-c5-aircross/vr7kahpy0tl055287/,https://raw.githubusercontent.com/Andy11001/-alfa-inventory/master/data/images/VR7KAHPY0TL055287_clean.webp,Citroën,Nowy C5 Aircross,2025,0,KM,SUV,Ruby Red,New,138321 PLN,PLN,"{""addr1"": ""BYDGOSZCZ"", ""city"": ""BYDGOSZCZ"", ""region"": ""KUJAWSKO-POMORSKIE"", ""country"": ""PL""}",,,LEASE,1764 PLN,per month,Hybrid,Automatic,FWD
VR7KAHPY9TL055286,Nowy C5 Aircross Plus · od 1764 PLN/mies.,Citroën Nowy C5 Aircross Plus · Rata od 1764 PLN netto/mies. · Leasing B2B · Bydgoszcz · Sprawdź ofertę!,https://sklep.citroen.pl/produkt/nowy-c5-aircross/vr7kahpy9tl055286/,https://raw.githubusercontent.com/Andy11001/-alfa-inventory/master/data/images/VR7KAHPY9TL055286_clean.webp,Citroën,Nowy C5 Aircross,2025,0,KM,SUV,Ruby Red,New,138321 PLN,PLN,"{""addr1"": ""BYDGOSZCZ"", ""city"": ""BYDGOSZCZ"", ""region"": ""KUJAWSKO-POMORSKIE"", ""country"": ""PL""}",,,LEASE,1764 PLN,per month,Hybrid,Automatic,FWD
VR7BAHPY6TE039308,C4 Max · od 1468 PLN/mies.,Citroën C4 Max · Rata od 1468 PLN netto/mies. · Leasing B2B · Wrocław · Sprawdź ofertę!,https://sklep.citroen.pl/produkt/c4/vr7bahpy6te039308/,https://raw.githubusercontent.com/Andy11001/-alfa-inventory/master/data/images/VR7BAHPY6TE039308_clean.webp,Citroën,C4,2025,0,KM,Hatchback,Bleu Eclipse,New,115005 PLN,PLN,"{""addr1"": ""UL. SZCZECIŃSKA 7"", ""city"": ""WROCŁAW"", ""region"": ""DOLNOŚLĄSKIE"", ""country"": ""PL""}",51.1274,16.9535,LEASE,1468 PLN,per month,Hybrid,Automatic,FWD
VR7BAHPY5TE033970,C4 Max · od 1461 PLN/mies.,Citroën C4 Max · Rata od 1461 PLN netto/mies. · Leasing B2B · Kutno · Sprawdź ofertę!,https://sklep.citroen.pl/produkt/c4/vr7bahpy5te033970/,https://raw.githubusercontent.com/Andy11001/-alfa-inventory/master/data/images/VR7BAHPY5TE033970_clean.webp,Citroën,C4,2025,0,KM,Hatchback,Rouge Elixir,New,114469 PLN,PLN,"{""addr1"": ""KUTNO"", ""city"": ""KUTNO"", ""region"": ""MAZOWIECKIE"", ""country"": ""PL""}",,,LEASE,1461 PLN,per month,Hybrid,Automatic,FWD
VR7BAHPY4TE030834,C4 Max · od 1418 PLN/mies.,Citroën C4 Max · Rata od 1418 PLN netto/mies. · Leasing B2B · Bielsko-Biała · Sprawdź ofertę!,https://sklep.citroen.pl/produkt/c4/vr7bahpy4te030834/,https://raw.githubusercontent.com/Andy11001/-alfa-inventory/master/data/images/VR7BAHPY4TE030834_clean.webp,Citroën,C4,2025,0,KM,Hatchback,Bleu Eclipse,New,111086 PLN,PLN,"{""addr1"": ""BIELSKO-BIAŁA"", ""city"": ""BIELSKO-BIAŁA"", ""region"": ""ŚLĄSKIE"", ""country"": ""PL""}",,,LEASE,1418 PLN,per month,Hybrid,Automatic,FWD
VR7BAHPY1TE039362,C4 Max · od 1393 PLN/mies.,Citroën C4 Max · Rata od 1393 PLN netto/mies. · Leasing B2B · Olsztyn · Sprawdź ofertę!,https://sklep.citroen.pl/produkt/c4/vr7bahpy1te039362/,https://raw.githubusercontent.com/Andy11001/-alfa-inventory/master/data/images/VR7BAHPY1TE039362_clean.webp,Citroën,C4,2025,0,KM,Hatchback,Perla Nera,New,109106 PLN,PLN,"{""addr1"": ""OLSZTYN"", ""city"": ""OLSZTYN"", ""region"": ""MAZOWIECKIE"", ""country"": ""PL""}",,,LEASE,1393 PLN,per month,Hybrid,Automatic,FWD
VR7BDHPY2TE039216,C4 X Max · od 1393 PLN/mies.,Citroën C4 X Max · Rata od 1393 PLN netto/mies. · Leasing B2B · Olsztyn · Sprawdź ofertę!,https://sklep.citroen.pl/produkt/c4-x/vr7bdhpy2te039216/,https://raw.githubusercontent.com/Andy11001/-alfa-inventory/master/data/images/VR7BDHPY2TE039216_clean.webp,Citroën,C4 X,2025,0,KM,SUV,Perla Nera,New,109106 PLN,PLN,"{""addr1"": ""OLSZTYN"", ""city"": ""OLSZTYN"", ""region"": ""MAZOWIECKIE"", ""country"": ""PL""}",,,LEASE,1393 PLN,per month,Hybrid,Automatic,FWD
VR7CGHPY0TT267304,C3 Aircross Max · od 1475 PLN/mies.,Citroën C3 Aircross Max · Rata od 1475 PLN netto/mies. · Leasing B2B · Grębów · Sprawdź ofertę!,https://sklep.citroen.pl/produkt/c3-aircross/vr7cghpy0tt267304/,https://raw.githubusercontent.com/Andy11001/-alfa-inventory/master/data/images/VR7CGHPY0TT267304_clean.webp,Citroën,C3 Aircross,2025,0,KM,SUV,Elixir Red,New,115544 PLN,PLN,"{""addr1"": ""GRĘBÓW"", ""city"": ""GRĘBÓW"", ""region"": ""MAZOWIECKIE"", ""country"": ""PL""}",,,LEASE,1475 PLN,per month,Hybrid,Automatic,FWD
VR7CGHPY8TT267308,C3 Aircross Max · od 1475 PLN/mies.,Citroën C3 Aircross Max · Rata od 1475 PLN netto/mies. · Leasing B2B · Bydgoszcz · Sprawdź ofertę!,https://sklep.citroen.pl/produkt/c3-aircross/vr7cghpy8tt267308/,https://raw.githubusercontent.com/Andy11001/-alfa-inventory/master/data/images/VR7CGHPY8TT267308_clean.webp,Citroën,C3 Aircross,2025,0,KM,SUV,Elixir Red,New,115544 PLN,PLN,"{""addr1"": ""BYDGOSZCZ"", ""city"": ""BYDGOSZCZ"", ""region"": ""KUJAWSKO-POMORSKIE"", ""country"": ""PL""}",,,LEASE,1475 PLN,per month,Hybrid,Automatic,FWD
VR7CGHPY2TT267188,C3 Aircross Max · od 1474 PLN/mies.,Citroën C3 Aircross Max · Rata od 1474 PLN netto/mies. · Leasing B2B · Warszawa · Sprawdź ofertę!,https://sklep.citroen.pl/produkt/c3-aircross/vr7cghpy2tt267188/,https://raw.githubusercontent.com/Andy11001/-alfa-inventory/master/data/images/VR7CGHPY2TT267188_clean.webp,Citroën,C3 Aircross,2025,0,KM,SUV,Elixir Red,New,115456 PLN,PLN,"{""addr1"": ""AL. KRAKOWSKA 206"", ""city"": ""WARSZAWA"", ""region"": ""MAZOWIECKIE"", ""country"": ""PL""}",52.2084,20.9412,LEASE,1474 PLN,per month,Hybrid,Automatic,FWD
VR7CGHPY5TT267282,C3 Aircross Max · od 1403 PLN/mies.,Citroën C3 Aircross Max · Rata od 1403 PLN netto/mies. · Leasing B2B · Warszawa · Sprawdź ofertę!,https://sklep.citroen.pl/produkt/c3-aircross/vr7cghpy5tt267282/,https://raw.githubusercontent.com/Andy11001/-alfa-inventory/master/data/images/VR7CGHPY5TT267282_clean.webp,Citroën,C3 Aircross,2025,0,KM,SUV,Mercury Grey,New,109900 PLN,PLN,"{""addr1"": ""AL. KRAKOWSKA 206"", ""city"": ""WARSZAWA"", ""region"": ""MAZOWIECKIE"", ""country"": ""PL""}",52.2084,20.9412,LEASE,1403 PLN,per month,Hybrid,Automatic,FWD
VR7CGHPY2TT267286,C3 Aircross Max · od 1466 PLN/mies.,Citroën C3 Aircross Max · Rata od 1466 PLN netto/mies. · Leasing B2B · Bydgoszcz · Sprawdź ofertę!,https://sklep.citroen.pl/produkt/c3-aircross/vr7cghpy2tt267286/,https://raw.githubusercontent.com/Andy11001/-alfa-inventory/master/data/images/VR7CGHPY2TT267286_clean.webp,Citroën,C3 Aircross,2025,0,KM,SUV,Mercury Grey,New,114840 PLN,PLN,"{""addr1"": ""BYDGOSZCZ"", ""city"": ""BYDGOSZCZ"", ""region"": ""KUJAWSKO-POMORSKIE"", ""country"": ""PL""}",,,LEASE,1466 PLN,per month,Hybrid,Automatic,FWD
VR7CGHPY0TT267285,C3 Aircross Max · od 1466 PLN/mies.,Citroën C3 Aircross Max · Rata od 1466 PLN netto/mies. · Leasing B2B · Bydgoszcz · Sprawdź ofertę!,https://sklep.citroen.pl/produkt/c3-aircross/vr7cghpy0tt267285/,https://raw.githubusercontent.com/Andy11001/-alfa-inventory/master/data/images/VR7CGHPY0TT267285_clean.webp,Citroën,C3 Aircross,2025,0,KM,SUV,Mercury Grey,New,114840 PLN,PLN,"{""addr1"": ""BYDGOSZCZ"", ""city"": ""BYDGOSZCZ"", ""region"": ""KUJAWSKO-POMORSKIE"", ""country"": ""PL""}",,,LEASE,1466 PLN,per month,Hybrid,Automatic,FWD
VR7CGHPYXTT267195,C3 Aircross Max · od 1466 PLN/mies.,Citroën C3 Aircross Max · Rata od 1466 PLN netto/mies. · Leasing B2B · Opole · Sprawdź ofertę!,https://sklep.citroen.pl/produkt/c3-aircross/vr7cghpyxtt267195/,https://raw.githubusercontent.com/Andy11001/-alfa-inventory/master/data/images/VR7CGHPYXTT267195_clean.webp,Citroën,C3 Aircross,2025,0,KM,SUV,Montana Green,New,114840 PLN,PLN,"{""addr1"": ""OPOLE"", ""city"": ""OPOLE"", ""region"": ""OPOLSKIE"", ""country"": ""PL""}",,,LEASE,1466 PLN,per month,Hybrid,Automatic,FWD
VR7CGHPY4TT267192,C3 Aircross Max · od 1403 PLN/mies.,Citroën C3 Aircross Max · Rata od 1403 PLN netto/mies. · Leasing B2B · Warszawa · Sprawdź ofertę!,https://sklep.citroen.pl/produkt/c3-aircross/vr7cghpy4tt267192/,https://raw.githubusercontent.com/Andy11001/-alfa-inventory/master/data/images/VR7CGHPY4TT267192_clean.webp,Citroën,C3 Aircross,2025,0,KM,SUV,Montana Green,New,109900 PLN,PLN,"{""addr1"": ""AL. KRAKOWSKA 206"", ""city"": ""WARSZAWA"", ""region"": ""MAZOWIECKIE"", ""country"": ""PL""}",52.2084,20.9412,LEASE,1403 PLN,per month,Hybrid,Automatic,FWD
VR7CGHPY4TT267287,C3 Aircross Max · od 1466 PLN/mies.,Citroën C3 Aircross Max · Rata od 1466 PLN netto/mies. · Leasing B2B · Bydgoszcz · Sprawdź ofertę!,https://sklep.citroen.pl/produkt/c3-aircross/vr7cghpy4tt267287/,https://raw.githubusercontent.com/Andy11001/-alfa-inventory/master/data/images/VR7CGHPY4TT267287_clean.webp,Citroën,C3 Aircross,2025,0,KM,SUV,Mercury Grey,New,114840 PLN,PLN,"{""addr1"": ""BYDGOSZCZ"", ""city"": ""BYDGOSZCZ"", ""region"": ""KUJAWSKO-POMORSKIE"", ""country"": ""PL""}",,,LEASE,1466 PLN,per month,Hybrid,Automatic,FWD
VR7CGHPY1TT267196,C3 Aircross Max · od 1466 PLN/mies.,Citroën C3 Aircross Max · Rata od 1466 PLN netto/mies. · Leasing B2B · Opole · Sprawdź ofertę!,https://sklep.citroen.pl/produkt/c3-aircross/vr7cghpy1tt267196/,https://raw.githubusercontent.com/Andy11001/-alfa-inventory/master/data/images/VR7CGHPY1TT267196_clean.webp,Citroën,C3 Aircross,2025,0,KM,SUV,Montana Green,New,114840 PLN,PLN,"{""addr1"": ""OPOLE"", ""city"": ""OPOLE"", ""region"": ""OPOLSKIE"", ""country"": ""PL""}",,,LEASE,1466 PLN,per month,Hybrid,Automatic,FWD
VR7CGHPY8VT003508,C3 Aircross Max · od 1466 PLN/mies.,Citroën C3 Aircross Max · Rata od 1466 PLN netto/mies. · Leasing B2B · Gdańsk · Sprawdź ofertę!,https://sklep.citroen.pl/produkt/c3-aircross/vr7cghpy8vt003508/,https://raw.githubusercontent.com/Andy11001/-alfa-inventory/master/data/images/VR7CGHPY8VT003508_clean.webp,Citroën,C3 Aircross,2025,0,KM,SUV,Montana Green,New,114840 PLN,PLN,"{""addr1"": ""AL. GRUNWALDZKA 256"", ""city"": ""GDAŃSK"", ""region"": ""POMORSKIE"", ""country"": ""PL""}",54.4022,18.5714,LEASE,1466 PLN,per month,Hybrid,Automatic,FWD
VR7CGHPY2VT003522,C3 Aircross Max · od 1466 PLN/mies.,Citroën C3 Aircross Max · Rata od 1466 PLN netto/mies. · Leasing B2B · Bielsko-Biała · Sprawdź ofertę!,https://sklep.citroen.pl/produkt/c3-aircross/vr7cghpy2vt003522/,https://raw.githubusercontent.com/Andy11001/-alfa-inventory/master/data/images/VR7CGHPY2VT003522_clean.webp,Citroën,C3 Aircross,2025,0,KM,SUV,Mercury Grey,New,114840 PLN,PLN,"{""addr1"": ""BIELSKO-BIAŁA"", ""city"": ""BIELSKO-BIAŁA"", ""region"": ""ŚLĄSKIE"", ""country"": ""PL""}",,,LEASE,1466 PLN,per month,Hybrid,Automatic,FWD
VR7CGHPY5TT267220,C3 Aircross Max · od 1465 PLN/mies.,Citroën C3 Aircross Max · Rata od 1465 PLN netto/mies. · Leasing B2B · Białystok · Sprawdź ofertę!,https://sklep.citroen.pl/produkt/c3-aircross/vr7cghpy5tt267220/,https://raw.githubusercontent.com/Andy11001/-alfa-inventory/master/data/images/VR7CGHPY5TT267220_clean.webp,Citroën,C3 Aircross,2025,0,KM,SUV,Mercury Grey,New,114752 PLN,PLN,"{""addr1"": ""BIAŁYSTOK"", ""city"": ""BIAŁYSTOK"", ""region"": ""PODLASKIE"", ""country"": ""PL""}",,,LEASE,1465 PLN,per month,Hybrid,Automatic,FWD
VR7CGHPYXTT267441,C3 Aircross Max · od 1452 PLN/mies.,Citroën C3 Aircross Max · Rata od 1452 PLN netto/mies. · Leasing B2B · Białystok · Sprawdź ofertę!,https://sklep.citroen.pl/produkt/c3-aircross/vr7cghpyxtt267441/,https://raw.githubusercontent.com/Andy11001/-alfa-inventory/master/data/images/VR7CGHPYXTT267441_clean.webp,Citroën,C3 Aircross,2025,0,KM,SUV,Polar White,New,113784 PLN,PLN,"{""addr1"": ""BIAŁYSTOK"", ""city"": ""BIAŁYSTOK"", ""region"": ""PODLASKIE"", ""country"": ""PL""}",,,LEASE,1452 PLN,per month,Hybrid,Automatic,FWD
VR7CGHPY1TT267442,C3 Aircross Max · od 1452 PLN/mies.,Citroën C3 Aircross Max · Rata od 1452 PLN netto/mies. · Leasing B2B · Białystok · Sprawdź ofertę!,https://sklep.citroen.pl/produkt/c3-aircross/vr7cghpy1tt267442/,https://raw.githubusercontent.com/Andy11001/-alfa-inventory/master/data/images/VR7CGHPY1TT267442_clean.webp,Citroën,C3 Aircross,2025,0,KM,SUV,Polar White,New,113784 PLN,PLN,"{""addr1"": ""BIAŁYSTOK"", ""city"": ""BIAŁYSTOK"", ""region"": ""PODLASKIE"", ""country"": ""PL""}",,,LEASE,1452 PLN,per month,Hybrid,Automatic,FWD
VR7CGHPY8TT267440,C3 Aircross Max · od 1452 PLN/mies.,Citroën C3 Aircross Max · Rata od 1452 PLN netto/mies. · Leasing B2B · Białystok · Sprawdź ofertę!,https://sklep.citroen.pl/produkt/c3-aircross/vr7cghpy8tt267440/,https://raw.githubusercontent.com/Andy11001/-alfa-inventory/master/data/images/VR7CGHPY8TT267440_clean.webp,Citroën,C3 Aircross,2025,0,KM,SUV,Polar White,New,113784 PLN,PLN,"{""addr1"": ""BIAŁYSTOK"", ""city"": ""BIAŁYSTOK"", ""region"": ""PODLASKIE"", ""country"": ""PL""}",,,LEASE,1452 PLN,per month,Hybrid,Automatic,FWD
VR7CGHPY7TT267445,C3 Aircross Max · od 1452 PLN/mies.,Citroën C3 Aircross Max · Rata od 1452 PLN netto/mies. · Leasing B2B · Bielsko-Biała · Sprawdź ofertę!,https://sklep.citroen.pl/produkt/c3-aircross/vr7cghpy7tt267445/,https://raw.githubusercontent.com/Andy11001/-alfa-inventory/master/data/images/VR7CGHPY7TT267445_clean.webp,Citroën,C3 Aircross,2025,0,KM,SUV,Polar White,New,113784 PLN,PLN,"{""addr1"": ""BIELSKO-BIAŁA"", ""city"": ""BIELSKO-BIAŁA"", ""region"": ""ŚLĄSKIE"", ""country"": ""PL""}",,,LEASE,1452 PLN,per month,Hybrid,Automatic,FWD
VR7CGHPY3TT267443,C3 Aircross Max · od 1452 PLN/mies.,Citroën C3 Aircross Max · Rata od 1452 PLN netto/mies. · Leasing B2B · Bydgoszcz · Sprawdź ofertę!,https://sklep.citroen.pl/produkt/c3-aircross/vr7cghpy3tt267443/,https://raw.githubusercontent.com/Andy11001/-alfa-inventory/master/data/images/VR7CGHPY3TT267443_clean.webp,Citroën,C3 Aircross,2025,0,KM,SUV,Polar White,New,113784 PLN,PLN,"{""addr1"": ""BYDGOSZCZ"", ""city"": ""BYDGOSZCZ"", ""region"": ""KUJAWSKO-POMORSKIE"", ""country"": ""PL""}",,,LEASE,1452 PLN,per month,Hybrid,Automatic,FWD
VR7CGHPY5TT267444,C3 Aircross Max · od 1452 PLN/mies.,Citroën C3 Aircross Max · Rata od 1452 PLN netto/mies. · Leasing B2B · Białystok · Sprawdź ofertę!,https://sklep.citroen.pl/produkt/c3-aircross/vr7cghpy5tt267444/,https://raw.githubusercontent.com/Andy11001/-alfa-inventory/master/data/images/VR7CGHPY5TT267444_clean.webp,Citroën,C3 Aircross,2025,0,KM,SUV,Polar White,New,113784 PLN,PLN,"{""addr1"": ""BIAŁYSTOK"", ""city"": ""BIAŁYSTOK"", ""region"": ""PODLASKIE"", ""country"": ""PL""}",,,LEASE,1452 PLN,per month,Hybrid,Automatic,FWD
VR7CGHPYXVT003512,C3 Aircross Max · od 1434 PLN/mies.,Citroën C3 Aircross Max · Rata od 1434 PLN netto/mies. · Leasing B2B · Warszawa · Sprawdź ofertę!,https://sklep.citroen.pl/produkt/c3-aircross/vr7cghpyxvt003512/,https://raw.githubusercontent.com/Andy11001/-alfa-inventory/master/data/images/VR7CGHPYXVT003512_clean.webp,Citroën,C3 Aircross,2025,0,KM,SUV,Noir Perla Nera,New,112288 PLN,PLN,"{""addr1"": ""AL. KRAKOWSKA 206"", ""city"": ""WARSZAWA"", ""region"": ""MAZOWIECKIE"", ""country"": ""PL""}",52.2084,20.9412,LEASE,1434 PLN,per month,Hybrid,Automatic,FWD
VR7CGHPY6VT003510,C3 Aircross Max · od 1434 PLN/mies.,Citroën C3 Aircross Max · Rata od 1434 PLN netto/mies. · Leasing B2B · Warszawa · Sprawdź ofertę!,https://sklep.citroen.pl/produkt/c3-aircross/vr7cghpy6vt003510/,https://raw.githubusercontent.com/Andy11001/-alfa-inventory/master/data/images/VR7CGHPY6VT003510_clean.webp,Citroën,C3 Aircross,2025,0,KM,SUV,Noir Perla Nera,New,112288 PLN,PLN,"{""addr1"": ""AL. KRAKOWSKA 206"", ""city"": ""WARSZAWA"", ""region"": ""MAZOWIECKIE"", ""country"": ""PL""}",52.2084,20.9412,LEASE,1434 PLN,per month,Hybrid,Automatic,FWD
VR7CGHPY8VT003511,C3 Aircross Max · od 1434 PLN/mies.,Citroën C3 Aircross Max · Rata od 1434 PLN netto/mies. · Leasing B2B · Warszawa · Sprawdź ofertę!,https://sklep.citroen.pl/produkt/c3-aircross/vr7cghpy8vt003511/,https://raw.githubusercontent.com/Andy11001/-alfa-inventory/master/data/images/VR7CGHPY8VT003511_clean.webp,Citroën,C3 Aircross,2025,0,KM,SUV,Noir Perla Nera,New,112288 PLN,PLN,"{""addr1"": ""AL. KRAKOWSKA 206"", ""city"": ""WARSZAWA"", ""region"": ""MAZOWIECKIE"", ""country"": ""PL""}",52.2084,20.9412,LEASE,1434 PLN,per month,Hybrid,Automatic,FWD
VR7BAHPY0TE023525,C4 Collection · od 1343 PLN/mies.,Citroën C4 Collection · Rata od 1343 PLN netto/mies. · Leasing B2B · Warszawa · Sprawdź ofertę!,https://sklep.citroen.pl/produkt/c4/vr7bahpy0te023525/,https://raw.githubusercontent.com/Andy11001/-alfa-inventory/master/data/images/VR7BAHPY0TE023525_clean.webp,Citroën,C4,2025,0,KM,Hatchback,Bleu Eclipse,New,105118 PLN,PLN,"{""addr1"": ""AL. KRAKOWSKA 206"", ""city"": ""WARSZAWA"", ""region"": ""MAZOWIECKIE"", ""country"": ""PL""}",52.2084,20.9412,LEASE,1343 PLN,per month,Hybrid,Automatic,FWD
VR7CGHPY4TT267466,C3 Aircross Plus · od 1363 PLN/mies.,Citroën C3 Aircross Plus · Rata od 1363 PLN netto/mies. · Leasing B2B · Warszawa · Sprawdź ofertę!,https://sklep.citroen.pl/produkt/c3-aircross/vr7cghpy4tt267466/,https://raw.githubusercontent.com/Andy11001/-alfa-inventory/master/data/images/VR7CGHPY4TT267466_clean.webp,Citroën,C3 Aircross,2025,0,KM,SUV,Mercury Grey,New,106722 PLN,PLN,"{""addr1"": ""AL. KRAKOWSKA 206"", ""city"": ""WARSZAWA"", ""region"": ""MAZOWIECKIE"", ""country"": ""PL""}",52.2084,20.9412,LEASE,1363 PLN,per month,Hybrid,Automatic,FWD
VR7CGHPY3VT003531,C3 Aircross Plus · od 1363 PLN/mies.,Citroën C3 Aircross Plus · Rata od 1363 PLN netto/mies. · Leasing B2B · Bielsko-Biała · Sprawdź ofertę!,https://sklep.citroen.pl/produkt/c3-aircross/vr7cghpy3vt003531/,https://raw.githubusercontent.com/Andy11001/-alfa-inventory/master/data/images/VR7CGHPY3VT003531_clean.webp,Citroën,C3 Aircross,2025,0,KM,SUV,Mercury Grey,New,106722 PLN,PLN,"{""addr1"": ""BIELSKO-BIAŁA"", ""city"": ""BIELSKO-BIAŁA"", ""region"": ""ŚLĄSKIE"", ""country"": ""PL""}",,,LEASE,1363 PLN,per month,Hybrid,Automatic,FWD
VR7CGHPYXTT267469,C3 Aircross Plus · od 1363 PLN/mies.,Citroën C3 Aircross Plus · Rata od 1363 PLN netto/mies. · Leasing B2B · Bielsko-Biała · Sprawdź ofertę!,https://sklep.citroen.pl/produkt/c3-aircross/vr7cghpyxtt267469/,https://raw.githubusercontent.com/Andy11001/-alfa-inventory/master/data/images/VR7CGHPYXTT267469_clean.webp,Citroën,C3 Aircross,2025,0,KM,SUV,Mercury Grey,New,106722 PLN,PLN,"{""addr1"": ""BIELSKO-BIAŁA"", ""city"": ""BIELSKO-BIAŁA"", ""region"": ""ŚLĄSKIE"", ""country"": ""PL""}",,,LEASE,1363 PLN,per month,Hybrid,Automatic,FWD
VR7CCHPX3TT244327,C3 Max · od 1270 PLN/mies.,Citroën C3 Max · Rata od 1270 PLN netto/mies. · Leasing B2B · Warszawa · Sprawdź ofertę!,https://sklep.citroen.pl/produkt/c3/vr7cchpx3tt244327/,https://raw.githubusercontent.com/Andy11001/-alfa-inventory/master/data/images/VR7CCHPX3TT244327_clean.webp,Citroën,C3,2025,0,KM,Hatchback,Rouge Elixir,New,99360 PLN,PLN,"{""addr1"": ""AL. KRAKOWSKA 206"", ""city"": ""WARSZAWA"", ""region"": ""MAZOWIECKIE"", ""country"": ""PL""}",52.2084,20.9412,LEASE,1270 PLN,per month,Hybrid,Automatic,FWD
VR7CCHPX4TT266532,C3 Max · od 1259 PLN/mies.,Citroën C3 Max · Rata od 1259 PLN netto/mies. · Leasing B2B · Kraków · Sprawdź ofertę!,https://sklep.citroen.pl/produkt/c3/vr7cchpx4tt266532/,https://raw.githubusercontent.com/Andy11001/-alfa-inventory/master/data/images/VR7CCHPX4TT266532_clean.webp,Citroën,C3,2025,0,KM,Hatchback,Noir Perla Nera,New,98486 PLN,PLN,"{""addr1"": ""UL. OPOLSKA 9"", ""city"": ""KRAKÓW"", ""region"": ""MAŁOPOLSKIE"", ""country"": ""PL""}",50.0931,19.9238,LEASE,1259 PLN,per month,Hybrid,Automatic,FWD
VR7CCHPV7TT229523,C3 Max · od 1113 PLN/mies.,Citroën C3 Max · Rata od 1113 PLN netto/mies. · Leasing B2B · Bielsko-Biała · Sprawdź ofertę!,https://sklep.citroen.pl/produkt/c3/vr7cchpv7tt229523/,https://raw.githubusercontent.com/Andy11001/-alfa-inventory/master/data/images/VR7CCHPV7TT229523_clean.webp,Citroën,C3,2025,0,KM,Hatchback,Mercury Grey,New,87032 PLN,PLN,"{""addr1"": ""BIELSKO-BIAŁA"", ""city"": ""BIELSKO-BIAŁA"", ""region"": ""ŚLĄSKIE"", ""country"": ""PL""}",,,LEASE,1113 PLN,per month,Gasoline,Manual,FWD
VR7KAHPY7TL054881,Nowy C5 Aircross Max · od 2060 PLN/mies.,Citroën Nowy C5 Aircross Max · Rata od 2060 PLN netto/mies. · Leasing B2B · Warszawa · Sprawdź ofertę!,https://sklep.citroen.pl/produkt/nowy-c5-aircross/vr7kahpy7tl054881/,https://raw.githubusercontent.com/Andy11001/-alfa-inventory/master/data/images/VR7KAHPY7TL054881_clean.webp,Citroën,Nowy C5 Aircross,2025,0,KM,SUV,Platinium Grey,New,161724 PLN,PLN,"{""addr1"": ""AL. KRAKOWSKA 206"", ""city"": ""WARSZAWA"", ""region"": ""MAZOWIECKIE"", ""country"": ""PL""}",52.2084,20.9412,LEASE,2060 PLN,per month,Hybrid,Automatic,FWD
VR7KAHPY0TL054916,Nowy C5 Aircross Max · od 2060 PLN/mies.,Citroën Nowy C5 Aircross Max · Rata od 2060 PLN netto/mies. · Leasing B2B · Sosnowiec · Sprawdź ofertę!,https://sklep.citroen.pl/produkt/nowy-c5-aircross/vr7kahpy0tl054916/,https://raw.githubusercontent.com/Andy11001/-alfa-inventory/master/data/images/VR7KAHPY0TL054916_clean.webp,Citroën,Nowy C5 Aircross,2025,0,KM,SUV,Astoria Green,New,161724 PLN,PLN,"{""addr1"": ""SOSNOWIEC"", ""city"": ""SOSNOWIEC"", ""region"": ""ŚLĄSKIE"", ""country"": ""PL""}",,,LEASE,2060 PLN,per month,Hybrid,Automatic,FWD
VR7KAHPY0TL038134,Nowy C5 Aircross Max · od 2060 PLN/mies.,Citroën Nowy C5 Aircross Max · Rata od 2060 PLN netto/mies. · Leasing B2B · Wrocław · Sprawdź ofertę!,https://sklep.citroen.pl/produkt/nowy-c5-aircross/vr7kahpy0tl038134/,https://raw.githubusercontent.com/Andy11001/-alfa-inventory/master/data/images/VR7KAHPY0TL038134_clean.webp,Citroën,Nowy C5 Aircross,2025,0,KM,SUV,Platinium Grey,New,161724 PLN,PLN,"{""addr1"": ""UL. SZCZECIŃSKA 7"", ""city"": ""WROCŁAW"", ""region"": ""DOLNOŚLĄSKIE"", ""country"": ""PL""}",51.1274,16.9535,LEASE,2060 PLN,per month,Hybrid,Automatic,FWD
VR7KAHPY7TL054878,Nowy C5 Aircross Max · od 2044 PLN/mies.,Citroën Nowy C5 Aircross Max · Rata od 2044 PLN netto/mies. · Leasing B2B · Słupsk · Sprawdź ofertę!,https://sklep.citroen.pl/produkt/nowy-c5-aircross/vr7kahpy7tl054878/,https://raw.githubusercontent.com/Andy11001/-alfa-inventory/master/data/images/VR7KAHPY7TL054878_clean.webp,Citroën,Nowy C5 Aircross,2025,0,KM,SUV,Perla Nera Black,New,160419 PLN,PLN,"{""addr1"": ""SŁUPSK"", ""city"": ""SŁUPSK"", ""region"": ""POMORSKIE"", ""country"": ""PL""}",,,LEASE,2044 PLN,per month,Hybrid,Automatic,FWD
VR7KAHPY3TL055073,Nowy C5 Aircross Max · od 2028 PLN/mies.,Citroën Nowy C5 Aircross Max · Rata od 2028 PLN netto/mies. · Leasing B2B · Kutno · Sprawdź ofertę!,https://sklep.citroen.pl/produkt/nowy-c5-aircross/vr7kahpy3tl055073/,https://raw.githubusercontent.com/Andy11001/-alfa-inventory/master/data/images/VR7KAHPY3TL055073_clean.webp,Citroën,Nowy C5 Aircross,2025,0,KM,SUV,Ruby Red,New,159201 PLN,PLN,"{""addr1"": ""KUTNO"", ""city"": ""KUTNO"", ""region"": ""MAZOWIECKIE"", ""country"": ""PL""}",,,LEASE,2028 PLN,per month,Hybrid,Automatic,FWD
VR7KAHPY7TL055299,Nowy C5 Aircross Max · od 2002 PLN/mies.,Citroën Nowy C5 Aircross Max · Rata od 2002 PLN netto/mies. · Leasing B2B · Warszawa · Sprawdź ofertę!,https://sklep.citroen.pl/produkt/nowy-c5-aircross/vr7kahpy7tl055299/,https://raw.githubusercontent.com/Andy11001/-alfa-inventory/master/data/images/VR7KAHPY7TL055299_clean.webp,Citroën,Nowy C5 Aircross,2025,0,KM,SUV,Platinium Grey,New,157113 PLN,PLN,"{""addr1"": ""AL. KRAKOWSKA 206"", ""city"": ""WARSZAWA"", ""region"": ""MAZOWIECKIE"", ""country"": ""PL""}",52.2084,20.9412,LEASE,2002 PLN,per month,Hybrid,Automatic,FWD
VR7KAHPY6TL055133,Nowy C5 Aircross Max · od 1985 PLN/mies.,Citroën Nowy C5 Aircross Max · Rata od 1985 PLN netto/mies. · Leasing B2B · Olsztyn · Sprawdź ofertę!,https://sklep.citroen.pl/produkt/nowy-c5-aircross/vr7kahpy6tl055133/,https://raw.githubusercontent.com/Andy11001/-alfa-inventory/master/data/images/VR7KAHPY6TL055133_clean.webp,Citroën,Nowy C5 Aircross,2025,0,KM,SUV,Perla Nera Black,New,155808 PLN,PLN,"{""addr1"": ""OLSZTYN"", ""city"": ""OLSZTYN"", ""region"": ""MAZOWIECKIE"", ""country"": ""PL""}",,,LEASE,1985 PLN,per month,Hybrid,Automatic,FWD
VR7KAHPY0TL055161,Nowy C5 Aircross Max · od 1974 PLN/mies.,Citroën Nowy C5 Aircross Max · Rata od 1974 PLN netto/mies. · Leasing B2B · Katowice · Sprawdź ofertę!,https://sklep.citroen.pl/produkt/nowy-c5-aircross/vr7kahpy0tl055161/,https://raw.githubusercontent.com/Andy11001/-alfa-inventory/master/data/images/VR7KAHPY0TL055161_clean.webp,Citroën,Nowy C5 Aircross,2025,0,KM,SUV,Ruby Red,New,154938 PLN,PLN,"{""addr1"": ""AL. ROŹDZIEŃSKIEGO 170"", ""city"": ""KATOWICE"", ""region"": ""ŚLĄSKIE"", ""country"": ""PL""}",50.2649,19.0238,LEASE,1974 PLN,per month,Hybrid,Automatic,FWD
VR7KAHPY8TL049544,Nowy C5 Aircross Max · od 1964 PLN/mies.,Citroën Nowy C5 Aircross Max · Rata od 1964 PLN netto/mies. · Leasing B2B · Katowice · Sprawdź ofertę!,https://sklep.citroen.pl/produkt/nowy-c5-aircross/vr7kahpy8tl049544/,https://raw.githubusercontent.com/Andy11001/-alfa-inventory/master/data/images/VR7KAHPY8TL049544_clean.webp,Citroën,Nowy C5 Aircross,2025,0,KM,SUV,Platinium Grey,New,154155 PLN,PLN,"{""addr1"": ""AL. ROŹDZIEŃSKIEGO 170"", ""city"": ""KATOWICE"", ""region"": ""ŚLĄSKIE"", ""country"": ""PL""}",50.2649,19.0238,LEASE,1964 PLN,per month,Hybrid,Automatic,FWD
VR7KAHPY0TL055273,Nowy C5 Aircross Max · od 1964 PLN/mies.,Citroën Nowy C5 Aircross Max · Rata od 1964 PLN netto/mies. · Leasing B2B · Bydgoszcz · Sprawdź ofertę!,https://sklep.citroen.pl/produkt/nowy-c5-aircross/vr7kahpy0tl055273/,https://raw.githubusercontent.com/Andy11001/-alfa-inventory/master/data/images/VR7KAHPY0TL055273_clean.webp,Citroën,Nowy C5 Aircross,2025,0,KM,SUV,Okenite White,New,154155 PLN,PLN,"{""addr1"": ""BYDGOSZCZ"", ""city"": ""BYDGOSZCZ"", ""region"": ""KUJAWSKO-POMORSKIE"", ""country"": ""PL""}",,,LEASE,1964 PLN,per month,Hybrid,Automatic,FWD
VR7KAHPY8TL055182,Nowy C5 Aircross Max · od 1950 PLN/mies.,Citroën Nowy C5 Aircross Max · Rata od 1950 PLN netto/mies. · Leasing B2B · Słupsk · Sprawdź ofertę!,https://sklep.citroen.pl/produkt/nowy-c5-aircross/vr7kahpy8tl055182/,https://raw.githubusercontent.com/Andy11001/-alfa-inventory/master/data/images/VR7KAHPY8TL055182_clean.webp,Citroën,Nowy C5 Aircross,2025,0,KM,SUV,Perla Nera Black,New,153024 PLN,PLN,"{""addr1"": ""SŁUPSK"", ""city"": ""SŁUPSK"", ""region"": ""POMORSKIE"", ""country"": ""PL""}",,,LEASE,1950 PLN,per month,Hybrid,Automatic,FWD
VR7KAHPY3TL055297,Nowy C5 Aircross Max · od 1947 PLN/mies.,Citroën Nowy C5 Aircross Max · Rata od 1947 PLN netto/mies. · Leasing B2B · Kutno · Sprawdź ofertę!,https://sklep.citroen.pl/produkt/nowy-c5-aircross/vr7kahpy3tl055297/,https://raw.githubusercontent.com/Andy11001/-alfa-inventory/master/data/images/VR7KAHPY3TL055297_clean.webp,Citroën,Nowy C5 Aircross,2025,0,KM,SUV,Eclipse Blue,New,152772 PLN,PLN,"{""addr1"": ""KUTNO"", ""city"": ""KUTNO"", ""region"": ""MAZOWIECKIE"", ""country"": ""PL""}",,,LEASE,1947 PLN,per month,Hybrid,Automatic,FWD
VR7KAHPY6TL055102,Nowy C5 Aircross Max · od 1932 PLN/mies.,Citroën Nowy C5 Aircross Max · Rata od 1932 PLN netto/mies. · Leasing B2B · Słupsk · Sprawdź ofertę!,https://sklep.citroen.pl/produkt/nowy-c5-aircross/vr7kahpy6tl055102/,https://raw.githubusercontent.com/Andy11001/-alfa-inventory/master/data/images/VR7KAHPY6TL055102_clean.jpg,Citroën,Nowy C5 Aircross,2025,0,KM,SUV,Ruby Red,New,151632 PLN,PLN,"{""addr1"": ""SŁUPSK"", ""city"": ""SŁUPSK"", ""region"": ""POMORSKIE"", ""country"": ""PL""}",,,LEASE,1932 PLN,per month,Hybrid,Automatic,FWD
VR7KAHPY4TL055096,Nowy C5 Aircross Max · od 1908 PLN/mies.,Citroën Nowy C5 Aircross Max · Rata od 1908 PLN netto/mies. · Leasing B2B · Warszawa · Sprawdź ofertę!,https://sklep.citroen.pl/produkt/nowy-c5-aircross/vr7kahpy4tl055096/,https://raw.githubusercontent.com/Andy11001/-alfa-inventory/master/data/images/VR7KAHPY4TL055096_clean.jpg,Citroën,Nowy C5 Aircross,2025,0,KM,SUV,Okenite White,New,149718 PLN,PLN,"{""addr1"": ""AL. KRAKOWSKA 206"", ""city"": ""WARSZAWA"", ""region"": ""MAZOWIECKIE"", ""country"": ""PL""}",52.2084,20.9412,LEASE,1908 PLN,per month,Hybrid,Automatic,FWD
VR7KAHPY6TL055150,Nowy C5 Aircross Max · od 1908 PLN/mies.,Citroën Nowy C5 Aircross Max · Rata od 1908 PLN netto/mies. · Leasing B2B · Warszawa · Sprawdź ofertę!,https://sklep.citroen.pl/produkt/nowy-c5-aircross/vr7kahpy6tl055150/,https://raw.githubusercontent.com/Andy11001/-alfa-inventory/master/data/images/VR7KAHPY6TL055150_clean.webp,Citroën,Nowy C5 Aircross,2025,0,KM,SUV,Platinium Grey,New,149718 PLN,PLN,"{""addr1"": ""AL. KRAKOWSKA 206"", ""city"": ""WARSZAWA"", ""region"": ""MAZOWIECKIE"", ""country"": ""PL""}",52.2084,20.9412,LEASE,1908 PLN,per month,Hybrid,Automatic,FWD
VR7KAHPY0TL054270,Nowy C5 Aircross Max · od 1892 PLN/mies.,Citroën Nowy C5 Aircross Max · Rata od 1892 PLN netto/mies. · Leasing B2B · Warszawa · Sprawdź ofertę!,https://sklep.citroen.pl/produkt/nowy-c5-aircross/vr7kahpy0tl054270/,https://raw.githubusercontent.com/Andy11001/-alfa-inventory/master/data/images/VR7KAHPY0TL054270_clean.webp,Citroën,Nowy C5 Aircross,2025,0,KM,SUV,Eclipse Blue,New,148413 PLN,PLN,"{""addr1"": ""AL. KRAKOWSKA 206"", ""city"": ""WARSZAWA"", ""region"": ""MAZOWIECKIE"", ""country"": ""PL""}",52.2084,20.9412,LEASE,1892 PLN,per month,Hybrid,Automatic,FWD
VR7BAHPY0TE036209,C4 Max · od 1493 PLN/mies.,Citroën C4 Max · Rata od 1493 PLN netto/mies. · Leasing B2B · Katowice · Sprawdź ofertę!,https://sklep.citroen.pl/produkt/c4/vr7bahpy0te036209/,https://raw.githubusercontent.com/Andy11001/-alfa-inventory/master/data/images/VR7BAHPY0TE036209_clean.webp,Citroën,C4,2025,0,KM,Hatchback,Blanc Okenite,New,116944 PLN,PLN,"{""addr1"": ""AL. ROŹDZIEŃSKIEGO 170"", ""city"": ""KATOWICE"", ""region"": ""ŚLĄSKIE"", ""country"": ""PL""}",50.2649,19.0238,LEASE,1493 PLN,per month,Hybrid,Automatic,FWD
VR7BDHPY9TE037141,C4 X Max · od 1468 PLN/mies.,Citroën C4 X Max · Rata od 1468 PLN netto/mies. · Leasing B2B · Szczecin · Sprawdź ofertę!,https://sklep.citroen.pl/produkt/c4-x/vr7bdhpy9te037141/,https://raw.githubusercontent.com/Andy11001/-alfa-inventory/master/data/images/VR7BDHPY9TE037141_clean.webp,Citroën,C4 X,2025,0,KM,SUV,Blue Eclipse,New,115005 PLN,PLN,"{""addr1"": ""UL. STRUGA 1B"", ""city"": ""SZCZECIN"", ""region"": ""ZACHODNIOPOMORSKIE"", ""country"": ""PL""}",53.3891,14.6543,LEASE,1468 PLN,per month,Hybrid,Automatic,FWD
VR7BAHPY2TE036292,C4 Max · od 1439 PLN/mies.,Citroën C4 Max · Rata od 1439 PLN netto/mies. · Leasing B2B · Bielsko-Biała · Sprawdź ofertę!,https://sklep.citroen.pl/produkt/c4/vr7bahpy2te036292/,https://raw.githubusercontent.com/Andy11001/-alfa-inventory/master/data/images/VR7BAHPY2TE036292_clean.webp,Citroën,C4,2025,0,KM,Hatchback,Gris Mercury,New,112736 PLN,PLN,"{""addr1"": ""BIELSKO-BIAŁA"", ""city"": ""BIELSKO-BIAŁA"", ""region"": ""ŚLĄSKIE"", ""country"": ""PL""}",,,LEASE,1439 PLN,per month,Hybrid,Automatic,FWD
VR7BAHPY9TE039237,C4 Max · od 1438 PLN/mies.,Citroën C4 Max · Rata od 1438 PLN netto/mies. · Leasing B2B · Słupsk · Sprawdź ofertę!,https://sklep.citroen.pl/produkt/c4/vr7bahpy9te039237/,https://raw.githubusercontent.com/Andy11001/-alfa-inventory/master/data/images/VR7BAHPY9TE039237_clean.webp,Citroën,C4,2025,0,KM,Hatchback,Perla Nera,New,112612 PLN,PLN,"{""addr1"": ""SŁUPSK"", ""city"": ""SŁUPSK"", ""region"": ""POMORSKIE"", ""country"": ""PL""}",,,LEASE,1438 PLN,per month,Hybrid,Automatic,FWD
VR7BDHPY1TE039210,C4 X Max · od 1423 PLN/mies.,Citroën C4 X Max · Rata od 1423 PLN netto/mies. · Leasing B2B · Olsztyn · Sprawdź ofertę!,https://sklep.citroen.pl/produkt/c4-x/vr7bdhpy1te039210/,https://raw.githubusercontent.com/Andy11001/-alfa-inventory/master/data/images/VR7BDHPY1TE039210_clean.webp,Citroën,C4 X,2025,0,KM,SUV,Mercury Grey,New,111499 PLN,PLN,"{""addr1"": ""OLSZTYN"", ""city"": ""OLSZTYN"", ""region"": ""MAZOWIECKIE"", ""country"": ""PL""}",,,LEASE,1423 PLN,per month,Hybrid,Automatic,FWD
VR7BAHPY9TE036340,C4 Max · od 1414 PLN/mies.,Citroën C4 Max · Rata od 1414 PLN netto/mies. · Leasing B2B · Wieliczka · Sprawdź ofertę!,https://sklep.citroen.pl/produkt/c4/vr7bahpy9te036340/,https://raw.githubusercontent.com/Andy11001/-alfa-inventory/master/data/images/VR7BAHPY9TE036340_clean.webp,Citroën,C4,2025,0,KM,Hatchback,Gris Mercury,New,110715 PLN,PLN,"{""addr1"": ""WIELICZKA"", ""city"": ""WIELICZKA"", ""region"": ""MAZOWIECKIE"", ""country"": ""PL""}",,,LEASE,1414 PLN,per month,Hybrid,Automatic,FWD
VR7BAHPY2TE021551,C4 Max · od 1413 PLN/mies.,Citroën C4 Max · Rata od 1413 PLN netto/mies. · Leasing B2B · Gdańsk · Sprawdź ofertę!,https://sklep.citroen.pl/produkt/c4/vr7bahpy2te021551/,https://raw.githubusercontent.com/Andy11001/-alfa-inventory/master/data/images/VR7BAHPY2TE021551_clean.webp,Citroën,C4,2025,0,KM,Hatchback,Bleu Eclipse,New,110632 PLN,PLN,"{""addr1"": ""AL. GRUNWALDZKA 256"", ""city"": ""GDAŃSK"", ""region"": ""POMORSKIE"", ""country"": ""PL""}",54.4022,18.5714,LEASE,1413 PLN,per month,Hybrid,Automatic,FWD
VR7CGHPY6TT244707,C3 Aircross Plus · od 1419 PLN/mies.,Citroën C3 Aircross Plus · Rata od 1419 PLN netto/mies. · Leasing B2B · Kraków · Sprawdź ofertę!,https://sklep.citroen.pl/produkt/c3-aircross/vr7cghpy6tt244707/,https://raw.githubusercontent.com/Andy11001/-alfa-inventory/master/data/images/VR7CGHPY6TT244707_clean.webp,Citroën,C3 Aircross,2025,0,KM,SUV,Mercury Grey,New,111144 PLN,PLN,"{""addr1"": ""UL. OPOLSKA 9"", ""city"": ""KRAKÓW"", ""region"": ""MAŁOPOLSKIE"", ""country"": ""PL""}",50.0931,19.9238,LEASE,1419 PLN,per month,Hybrid,Automatic,FWD
VR7CGHPY2TT264646,C3 Aircross Plus · od 1419 PLN/mies.,Citroën C3 Aircross Plus · Rata od 1419 PLN netto/mies. · Leasing B2B · Łódź · Sprawdź ofertę!,https://sklep.citroen.pl/produkt/c3-aircross/vr7cghpy2tt264646/,https://raw.githubusercontent.com/Andy11001/-alfa-inventory/master/data/images/VR7CGHPY2TT264646_clean.webp,Citroën,C3 Aircross,2025,0,KM,SUV,Mercury Grey,New,111144 PLN,PLN,"{""addr1"": ""UL. OBYWATELSKA 181"", ""city"": ""ŁÓDŹ"", ""region"": ""ŁÓDZKIE"", ""country"": ""PL""}",51.7371,19.4316,LEASE,1419 PLN,per month,Hybrid,Automatic,FWD
VR7CCHPX5TT244328,C3 Max · od 1270 PLN/mies.,Citroën C3 Max · Rata od 1270 PLN netto/mies. · Leasing B2B · Kraków · Sprawdź ofertę!,https://sklep.citroen.pl/produkt/c3/vr7cchpx5tt244328/,https://raw.githubusercontent.com/Andy11001/-alfa-inventory/master/data/images/VR7CCHPX5TT244328_clean.webp,Citroën,C3,2025,0,KM,Hatchback,Rouge Elixir,New,99360 PLN,PLN,"{""addr1"": ""UL. OPOLSKA 9"", ""city"": ""KRAKÓW"", ""region"": ""MAŁOPOLSKIE"", ""country"": ""PL""}",50.0931,19.9238,LEASE,1270 PLN,per month,Hybrid,Automatic,FWD
VR7CCHPX4TT244322,C3 Max · od 1270 PLN/mies.,Citroën C3 Max · Rata od 1270 PLN netto/mies. · Leasing B2B · Kraków · Sprawdź ofertę!,https://sklep.citroen.pl/produkt/c3/vr7cchpx4tt244322/,https://raw.githubusercontent.com/Andy11001/-alfa-inventory/master/data/images/VR7CCHPX4TT244322_clean.webp,Citroën,C3,2025,0,KM,Hatchback,Rouge Elixir,New,99360 PLN,PLN,"{""addr1"": ""UL. OPOLSKA 9"", ""city"": ""KRAKÓW"", ""region"": ""MAŁOPOLSKIE"", ""country"": ""PL""}",50.0931,19.9238,LEASE,1270 PLN,per month,Hybrid,Automatic,FWD
VR7CCHPX7TT244329,C3 Max · od 1270 PLN/mies.,Citroën C3 Max · Rata od 1270 PLN netto/mies. · Leasing B2B · Kraków · Sprawdź ofertę!,https://sklep.citroen.pl/produkt/c3/vr7cchpx7tt244329/,https://raw.githubusercontent.com/Andy11001/-alfa-inventory/master/data/images/VR7CCHPX7TT244329_clean.webp,Citroën,C3,2025,0,KM,Hatchback,Rouge Elixir,New,99360 PLN,PLN,"{""addr1"": ""UL. OPOLSKA 9"", ""city"": ""KRAKÓW"", ""region"": ""MAŁOPOLSKIE"", ""country"": ""PL""}",50.0931,19.9238,LEASE,1270 PLN,per month,Hybrid,Automatic,FWD
VR7CCHPX8TT244324,C3 Max · od 1270 PLN/mies.,Citroën C3 Max · Rata od 1270 PLN netto/mies. · Leasing B2B · Kraków · Sprawdź ofertę!,https://sklep.citroen.pl/produkt/c3/vr7cchpx8tt244324/,https://raw.githubusercontent.com/Andy11001/-alfa-inventory/master/data/images/VR7CCHPX8TT244324_clean.webp,Citroën,C3,2025,0,KM,Hatchback,Rouge Elixir,New,99360 PLN,PLN,"{""addr1"": ""UL. OPOLSKA 9"", ""city"": ""KRAKÓW"", ""region"": ""MAŁOPOLSKIE"", ""country"": ""PL""}",50.0931,19.9238,LEASE,1270 PLN,per month,Hybrid,Automatic,FWD
VR7CCHPX2TT244321,C3 Max · od 1270 PLN/mies.,Citroën C3 Max · Rata od 1270 PLN netto/mies. · Leasing B2B · Kraków · Sprawdź ofertę!,https://sklep.citroen.pl/produkt/c3/vr7cchpx2tt244321/,https://raw.githubusercontent.com/Andy11001/-alfa-inventory/master/data/images/VR7CCHPX2TT244321_clean.webp,Citroën,C3,2025,0,KM,Hatchback,Rouge Elixir,New,99360 PLN,PLN,"{""addr1"": ""UL. OPOLSKA 9"", ""city"": ""KRAKÓW"", ""region"": ""MAŁOPOLSKIE"", ""country"": ""PL""}",50.0931,19.9238,LEASE,1270 PLN,per month,Hybrid,Automatic,FWD
VR7CCHPX8TZ828400,C3 Max · od 1259 PLN/mies.,Citroën C3 Max · Rata od 1259 PLN netto/mies. · Leasing B2B · Radom · Sprawdź ofertę!,https://sklep.citroen.pl/produkt/c3/vr7cchpx8tz828400/,https://raw.githubusercontent.com/Andy11001/-alfa-inventory/master/data/images/VR7CCHPX8TZ828400_clean.webp,Citroën,C3,2025,0,KM,Hatchback,Mercury Grey,New,98486 PLN,PLN,"{""addr1"": ""RADOM"", ""city"": ""RADOM"", ""region"": ""MAZOWIECKIE"", ""country"": ""PL""}",,,LEASE,1259 PLN,per month,Hybrid,Automatic,FWD
VR7CCHPX7TT244301,C3 Max · od 1259 PLN/mies.,Citroën C3 Max · Rata od 1259 PLN netto/mies. · Leasing B2B · Radom · Sprawdź ofertę!,https://sklep.citroen.pl/produkt/c3/vr7cchpx7tt244301/,https://raw.githubusercontent.com/Andy11001/-alfa-inventory/master/data/images/VR7CCHPX7TT244301_clean.webp,Citroën,C3,2025,0,KM,Hatchback,Mercury Grey,New,98486 PLN,PLN,"{""addr1"": ""RADOM"", ""city"": ""RADOM"", ""region"": ""MAZOWIECKIE"", ""country"": ""PL""}",,,LEASE,1259 PLN,per month,Hybrid,Automatic,FWD
VR7CGHPV5TT244929,C3 Aircross Plus · od 1193 PLN/mies.,Citroën C3 Aircross Plus · Rata od 1193 PLN netto/mies. · Leasing B2B · Wrocław · Sprawdź ofertę!,https://sklep.citroen.pl/produkt/c3-aircross/vr7cghpv5tt244929/,https://raw.githubusercontent.com/Andy11001/-alfa-inventory/master/data/images/VR7CGHPV5TT244929_clean.webp,Citroën,C3 Aircross,2025,0,KM,SUV,B0Mm0B B0Nbright Blueb,New,93324 PLN,PLN,"{""addr1"": ""UL. SZCZECIŃSKA 7"", ""city"": ""WROCŁAW"", ""region"": ""DOLNOŚLĄSKIE"", ""country"": ""PL""}",51.1274,16.9535,LEASE,1193 PLN,per month,Gasoline,Manual,FWD
VR7CGHPV1TT244913,C3 Aircross Plus · od 1099 PLN/mies.,Citroën C3 Aircross Plus · Rata od 1099 PLN netto/mies. · Leasing B2B · Katowice · Sprawdź ofertę!,https://sklep.citroen.pl/produkt/c3-aircross/vr7cghpv1tt244913/,https://raw.githubusercontent.com/Andy11001/-alfa-inventory/master/data/images/VR7CGHPV1TT244913_clean.webp,Citroën,C3 Aircross,2025,0,KM,SUV,Mercury Grey,New,85903 PLN,PLN,"{""addr1"": ""AL. ROŹDZIEŃSKIEGO 170"", ""city"": ""KATOWICE"", ""region"": ""ŚLĄSKIE"", ""country"": ""PL""}",50.2649,19.0238,LEASE,1099 PLN,per month,Gasoline,Manual,FWD
VR7CGHPV7TT244771,C3 Aircross Plus · od 1145 PLN/mies.,Citroën C3 Aircross Plus · Rata od 1145 PLN netto/mies. · Leasing B2B · Wrocław · Sprawdź ofertę!,https://sklep.citroen.pl/produkt/c3-aircross/vr7cghpv7tt244771/,https://raw.githubusercontent.com/Andy11001/-alfa-inventory/master/data/images/VR7CGHPV7TT244771_clean.webp,Citroën,C3 Aircross,2025,0,KM,SUV,Noir Perla Nera,New,89540 PLN,PLN,"{""addr1"": ""UL. SZCZECIŃSKA 7"", ""city"": ""WROCŁAW"", ""region"": ""DOLNOŚLĄSKIE"", ""country"": ""PL""}",51.1274,16.9535,LEASE,1145 PLN,per month,Gasoline,Manual,FWD
VR7CCHPX7TT244332,C3 Plus · od 1190 PLN/mies.,Citroën C3 Plus · Rata od 1190 PLN netto/mies. · Leasing B2B · Bielsko-Biała · Sprawdź ofertę!,https://sklep.citroen.pl/produkt/c3/vr7cchpx7tt244332/,https://raw.githubusercontent.com/Andy11001/-alfa-inventory/master/data/images/VR7CCHPX7TT244332_clean.webp,Citroën,C3,2025,0,KM,Hatchback,Mercury Grey,New,93076 PLN,PLN,"{""addr1"": ""BIELSKO-BIAŁA"", ""city"": ""BIELSKO-BIAŁA"", ""region"": ""ŚLĄSKIE"", ""country"": ""PL""}",,,LEASE,1190 PLN,per month,Hybrid,Automatic,FWD
VR7CCHPV2TT244477,C3 Plus · od 990 PLN/mies.,Citroën C3 Plus · Rata od 990 PLN netto/mies. · Leasing B2B · Łódź · Sprawdź ofertę!,https://sklep.citroen.pl/produkt/c3/vr7cchpv2tt244477/,https://raw.githubusercontent.com/Andy11001/-alfa-inventory/master/data/images/VR7CCHPV2TT244477_clean.webp,Citroën,C3,2025,0,KM,Hatchback,Monte Carlo,New,77282 PLN,PLN,"{""addr1"": ""UL. OBYWATELSKA 181"", ""city"": ""ŁÓDŹ"", ""region"": ""ŁÓDZKIE"", ""country"": ""PL""}",51.7371,19.4316,LEASE,990 PLN,per month,Gasoline,Manual,FWD
VR7BAHPY9TE035480,C4 Max · od 1453 PLN/mies.,Citroën C4 Max · Rata od 1453 PLN netto/mies. · Leasing B2B · Legnica · Sprawdź ofertę!,https://sklep.citroen.pl/produkt/c4/vr7bahpy9te035480/,https://raw.githubusercontent.com/Andy11001/-alfa-inventory/master/data/images/VR7BAHPY9TE035480_clean.webp,Citroën,C4,2025,0,KM,Hatchback,Gris Mercury,New,113809 PLN,PLN,"{""addr1"": ""LEGNICA"", ""city"": ""LEGNICA"", ""region"": ""MAZOWIECKIE"", ""country"": ""PL""}",,,LEASE,1453 PLN,per month,Hybrid,Automatic,FWD
VR7KCZKZ4SL049149,Nowy C5 Aircross Max · od 2134 PLN/mies.,Citroën Nowy C5 Aircross Max · Rata od 2134 PLN netto/mies. · Leasing B2B · Częstochowa · Sprawdź ofertę!,https://sklep.citroen.pl/produkt/nowy-c5-aircross/vr7kczkz4sl049149/,https://raw.githubusercontent.com/Andy11001/-alfa-inventory/master/data/images/VR7KCZKZ4SL049149_clean.webp,Citroën,Nowy C5 Aircross,2025,0,KM,SUV,Eclipse Blue,New,167502 PLN,PLN,"{""addr1"": ""CZĘSTOCHOWA"", ""city"": ""CZĘSTOCHOWA"", ""region"": ""MAZOWIECKIE"", ""country"": ""PL""}",,,LEASE,2134 PLN,per month,Electric,Automatic,FWD
VR7KCZKZ7SL049145,Nowy C5 Aircross Max · od 2134 PLN/mies.,Citroën Nowy C5 Aircross Max · Rata od 2134 PLN netto/mies. · Leasing B2B · Bielsko-Biała · Sprawdź ofertę!,https://sklep.citroen.pl/produkt/nowy-c5-aircross/vr7kczkz7sl049145/,https://raw.githubusercontent.com/Andy11001/-alfa-inventory/master/data/images/VR7KCZKZ7SL049145_clean.webp,Citroën,Nowy C5 Aircross,2025,0,KM,SUV,Eclipse Blue,New,167502 PLN,PLN,"{""addr1"": ""BIELSKO-BIAŁA"", ""city"": ""BIELSKO-BIAŁA"", ""region"": ""ŚLĄSKIE"", ""country"": ""PL""}",,,LEASE,2134 PLN,per month,Electric,Automatic,FWD
VR7KCZKZ8SL049381,Nowy C5 Aircross Max · od 2134 PLN/mies.,Citroën Nowy C5 Aircross Max · Rata od 2134 PLN netto/mies. · Leasing B2B · Gorzów Wielkopolski · Sprawdź ofertę!,https://sklep.citroen.pl/produkt/nowy-c5-aircross/vr7kczkz8sl049381/,https://raw.githubusercontent.com/Andy11001/-alfa-inventory/master/data/images/VR7KCZKZ8SL049381_clean.webp,Citroën,Nowy C5 Aircross,2025,0,KM,SUV,Eclipse Blue,New,167502 PLN,PLN,"{""addr1"": ""GORZÓW WIELKOPOLSKI"", ""city"": ""GORZÓW WIELKOPOLSKI"", ""region"": ""MAZOWIECKIE"", ""country"": ""PL""}",,,LEASE,2134 PLN,per month,Electric,Automatic,FWD
VR7KBDGK9TL038859,Nowy C5 Aircross Max · od 2289 PLN/mies.,Citroën Nowy C5 Aircross Max · Rata od 2289 PLN netto/mies. · Leasing B2B · Warszawa · Sprawdź ofertę!,https://sklep.citroen.pl/produkt/nowy-c5-aircross/vr7kbdgk9tl038859/,https://raw.githubusercontent.com/Andy11001/-alfa-inventory/master/data/images/VR7KBDGK9TL038859_clean.webp,Citroën,Nowy C5 Aircross,2025,0,KM,SUV,Perla Nera Black,New,179800 PLN,PLN,"{""addr1"": ""AL. KRAKOWSKA 206"", ""city"": ""WARSZAWA"", ""region"": ""MAZOWIECKIE"", ""country"": ""PL""}",52.2084,20.9412,LEASE,2289 PLN,per month,Hybrid,Automatic,FWD
VR7KBDGK2TL054675,Nowy C5 Aircross Max · od 2410 PLN/mies.,Citroën Nowy C5 Aircross Max · Rata od 2410 PLN netto/mies. · Leasing B2B · Motycz K. Lublina · Sprawdź ofertę!,https://sklep.citroen.pl/produkt/nowy-c5-aircross/vr7kbdgk2tl054675/,https://raw.githubusercontent.com/Andy11001/-alfa-inventory/master/data/images/VR7KBDGK2TL054675_clean.webp,Citroën,Nowy C5 Aircross,2025,0,KM,SUV,Okenite White,New,189323 PLN,PLN,"{""addr1"": ""MOTYCZ K. LUBLINA"", ""city"": ""MOTYCZ K. LUBLINA"", ""region"": ""MAZOWIECKIE"", ""country"": ""PL""}",,,LEASE,2410 PLN,per month,Hybrid,Automatic,FWD
VR7KBDGK3TL038095,Nowy C5 Aircross Max · od 2327 PLN/mies.,Citroën Nowy C5 Aircross Max · Rata od 2327 PLN netto/mies. · Leasing B2B · Radom · Sprawdź ofertę!,https://sklep.citroen.pl/produkt/nowy-c5-aircross/vr7kbdgk3tl038095/,https://raw.githubusercontent.com/Andy11001/-alfa-inventory/master/data/images/VR7KBDGK3TL038095_clean.webp,Citroën,Nowy C5 Aircross,2025,0,KM,SUV,Platinium Grey,New,182767 PLN,PLN,"{""addr1"": ""RADOM"", ""city"": ""RADOM"", ""region"": ""MAZOWIECKIE"", ""country"": ""PL""}",,,LEASE,2327 PLN,per month,Hybrid,Automatic,FWD
VR7KAHPY1TL035663,Nowy C5 Aircross Max · od 2027 PLN/mies.,Citroën Nowy C5 Aircross Max · Rata od 2027 PLN netto/mies. · Leasing B2B · Wrocław · Sprawdź ofertę!,https://sklep.citroen.pl/produkt/nowy-c5-aircross/vr7kahpy1tl035663/,https://raw.githubusercontent.com/Andy11001/-alfa-inventory/master/data/images/VR7KAHPY1TL035663_clean.webp,Citroën,Nowy C5 Aircross,2025,0,KM,SUV,Okenite White,New,159114 PLN,PLN,"{""addr1"": ""UL. SZCZECIŃSKA 7"", ""city"": ""WROCŁAW"", ""region"": ""DOLNOŚLĄSKIE"", ""country"": ""PL""}",51.1274,16.9535,LEASE,2027 PLN,per month,Hybrid,Automatic,FWD
VR7KAHPY9TL035331,Nowy C5 Aircross Max · od 1972 PLN/mies.,Citroën Nowy C5 Aircross Max · Rata od 1972 PLN netto/mies. · Leasing B2B · Łódź · Sprawdź ofertę!,https://sklep.citroen.pl/produkt/nowy-c5-aircross/vr7kahpy9tl035331/,https://raw.githubusercontent.com/Andy11001/-alfa-inventory/master/data/images/VR7KAHPY9TL035331_clean.webp,Citroën,Nowy C5 Aircross,2025,0,KM,SUV,Okenite White,New,154773 PLN,PLN,"{""addr1"": ""UL. OBYWATELSKA 181"", ""city"": ""ŁÓDŹ"", ""region"": ""ŁÓDZKIE"", ""country"": ""PL""}",51.7371,19.4316,LEASE,1972 PLN,per month,Hybrid,Automatic,FWD
VR7KAHPY8TL049687,Nowy C5 Aircross Max · od 1964 PLN/mies.,Citroën Nowy C5 Aircross Max · Rata od 1964 PLN netto/mies. · Leasing B2B · Rybnik · Sprawdź ofertę!,https://sklep.citroen.pl/produkt/nowy-c5-aircross/vr7kahpy8tl049687/,https://raw.githubusercontent.com/Andy11001/-alfa-inventory/master/data/images/VR7KAHPY8TL049687_clean.webp,Citroën,Nowy C5 Aircross,2025,0,KM,SUV,Astoria Green,New,154155 PLN,PLN,"{""addr1"": ""RYBNIK"", ""city"": ""RYBNIK"", ""region"": ""ŚLĄSKIE"", ""country"": ""PL""}",,,LEASE,1964 PLN,per month,Hybrid,Automatic,FWD
VR7KAHPY2TL054254,Nowy C5 Aircross Max · od 1950 PLN/mies.,Citroën Nowy C5 Aircross Max · Rata od 1950 PLN netto/mies. · Leasing B2B · Łódź · Sprawdź ofertę!,https://sklep.citroen.pl/produkt/nowy-c5-aircross/vr7kahpy2tl054254/,https://raw.githubusercontent.com/Andy11001/-alfa-inventory/master/data/images/VR7KAHPY2TL054254_clean.webp,Citroën,Nowy C5 Aircross,2025,0,KM,SUV,Platinium Grey,New,153024 PLN,PLN,"{""addr1"": ""UL. OBYWATELSKA 181"", ""city"": ""ŁÓDŹ"", ""region"": ""ŁÓDZKIE"", ""country"": ""PL""}",51.7371,19.4316,LEASE,1950 PLN,per month,Hybrid,Automatic,FWD
VR7KAHPY2TL054464,Nowy C5 Aircross Max · od 1948 PLN/mies.,Citroën Nowy C5 Aircross Max · Rata od 1948 PLN netto/mies. · Leasing B2B · Warszawa · Sprawdź ofertę!,https://sklep.citroen.pl/produkt/nowy-c5-aircross/vr7kahpy2tl054464/,https://raw.githubusercontent.com/Andy11001/-alfa-inventory/master/data/images/VR7KAHPY2TL054464_clean.webp,Citroën,Nowy C5 Aircross,2025,0,KM,SUV,Eclipse Blue,New,152850 PLN,PLN,"{""addr1"": ""AL. KRAKOWSKA 206"", ""city"": ""WARSZAWA"", ""region"": ""MAZOWIECKIE"", ""country"": ""PL""}",52.2084,20.9412,LEASE,1948 PLN,per month,Hybrid,Automatic,FWD
VR7KAHPY5TL054295,Nowy C5 Aircross Max · od 1946 PLN/mies.,Citroën Nowy C5 Aircross Max · Rata od 1946 PLN netto/mies. · Leasing B2B · Kalisz · Sprawdź ofertę!,https://sklep.citroen.pl/produkt/nowy-c5-aircross/vr7kahpy5tl054295/,https://raw.githubusercontent.com/Andy11001/-alfa-inventory/master/data/images/VR7KAHPY5TL054295_clean.webp,Citroën,Nowy C5 Aircross,2025,0,KM,SUV,Astoria Green,New,152676 PLN,PLN,"{""addr1"": ""KALISZ"", ""city"": ""KALISZ"", ""region"": ""MAZOWIECKIE"", ""country"": ""PL""}",,,LEASE,1946 PLN,per month,Hybrid,Automatic,FWD
VR7KAHPY2TL049488,Nowy C5 Aircross Max · od 1946 PLN/mies.,Citroën Nowy C5 Aircross Max · Rata od 1946 PLN netto/mies. · Leasing B2B · Gdańsk · Sprawdź ofertę!,https://sklep.citroen.pl/produkt/nowy-c5-aircross/vr7kahpy2tl049488/,https://raw.githubusercontent.com/Andy11001/-alfa-inventory/master/data/images/VR7KAHPY2TL049488_clean.webp,Citroën,Nowy C5 Aircross,2025,0,KM,SUV,Astoria Green,New,152676 PLN,PLN,"{""addr1"": ""AL. GRUNWALDZKA 256"", ""city"": ""GDAŃSK"", ""region"": ""POMORSKIE"", ""country"": ""PL""}",54.4022,18.5714,LEASE,1946 PLN,per month,Hybrid,Automatic,FWD
VR7KAHPY1TL048493,Nowy C5 Aircross Max · od 1932 PLN/mies.,Citroën Nowy C5 Aircross Max · Rata od 1932 PLN netto/mies. · Leasing B2B · Motycz K. Lublina · Sprawdź ofertę!,https://sklep.citroen.pl/produkt/nowy-c5-aircross/vr7kahpy1tl048493/,https://raw.githubusercontent.com/Andy11001/-alfa-inventory/master/data/images/VR7KAHPY1TL048493_clean.jpg,Citroën,Nowy C5 Aircross,2025,0,KM,SUV,Ruby Red,New,151632 PLN,PLN,"{""addr1"": ""MOTYCZ K. LUBLINA"", ""city"": ""MOTYCZ K. LUBLINA"", ""region"": ""MAZOWIECKIE"", ""country"": ""PL""}",,,LEASE,1932 PLN,per month,Hybrid,Automatic,FWD
VR7KAHPY3TL048494,Nowy C5 Aircross Max · od 1932 PLN/mies.,Citroën Nowy C5 Aircross Max · Rata od 1932 PLN netto/mies. · Leasing B2B · Motycz K. Lublina · Sprawdź ofertę!,https://sklep.citroen.pl/produkt/nowy-c5-aircross/vr7kahpy3tl048494/,https://raw.githubusercontent.com/Andy11001/-alfa-inventory/master/data/images/VR7KAHPY3TL048494_clean.jpg,Citroën,Nowy C5 Aircross,2025,0,KM,SUV,Ruby Red,New,151632 PLN,PLN,"{""addr1"": ""MOTYCZ K. LUBLINA"", ""city"": ""MOTYCZ K. LUBLINA"", ""region"": ""MAZOWIECKIE"", ""country"": ""PL""}",,,LEASE,1932 PLN,per month,Hybrid,Automatic,FWD
VR7KAHPY9TL054493,Nowy C5 Aircross Max · od 1932 PLN/mies.,Citroën Nowy C5 Aircross Max · Rata od 1932 PLN netto/mies. · Leasing B2B · Kutno · Sprawdź ofertę!,https://sklep.citroen.pl/produkt/nowy-c5-aircross/vr7kahpy9tl054493/,https://raw.githubusercontent.com/Andy11001/-alfa-inventory/master/data/images/VR7KAHPY9TL054493_clean.jpg,Citroën,Nowy C5 Aircross,2025,0,KM,SUV,Ruby Red,New,151632 PLN,PLN,"{""addr1"": ""KUTNO"", ""city"": ""KUTNO"", ""region"": ""MAZOWIECKIE"", ""country"": ""PL""}",,,LEASE,1932 PLN,per month,Hybrid,Automatic,FWD
VR7KAHPY2TL018600,Nowy C5 Aircross Max · od 1931 PLN/mies.,Citroën Nowy C5 Aircross Max · Rata od 1931 PLN netto/mies. · Leasing B2B · Łódź · Sprawdź ofertę!,https://sklep.citroen.pl/produkt/nowy-c5-aircross/vr7kahpy2tl018600/,https://raw.githubusercontent.com/Andy11001/-alfa-inventory/master/data/images/VR7KAHPY2TL018600_clean.webp,Citroën,Nowy C5 Aircross,2025,0,KM,SUV,Okenite White,New,151545 PLN,PLN,"{""addr1"": ""UL. OBYWATELSKA 181"", ""city"": ""ŁÓDŹ"", ""region"": ""ŁÓDZKIE"", ""country"": ""PL""}",51.7371,19.4316,LEASE,1931 PLN,per month,Hybrid,Automatic,FWD
VR7KAHPYXTL054566,Nowy C5 Aircross Max · od 1908 PLN/mies.,Citroën Nowy C5 Aircross Max · Rata od 1908 PLN netto/mies. · Leasing B2B · Olsztyn · Sprawdź ofertę!,https://sklep.citroen.pl/produkt/nowy-c5-aircross/vr7kahpyxtl054566/,https://raw.githubusercontent.com/Andy11001/-alfa-inventory/master/data/images/VR7KAHPYXTL054566_clean.webp,Citroën,Nowy C5 Aircross,2025,0,KM,SUV,Astoria Green,New,149718 PLN,PLN,"{""addr1"": ""OLSZTYN"", ""city"": ""OLSZTYN"", ""region"": ""MAZOWIECKIE"", ""country"": ""PL""}",,,LEASE,1908 PLN,per month,Hybrid,Automatic,FWD
VR7KAHPY5TL053972,Nowy C5 Aircross Max · od 1908 PLN/mies.,Citroën Nowy C5 Aircross Max · Rata od 1908 PLN netto/mies. · Leasing B2B · Konin · Sprawdź ofertę!,https://sklep.citroen.pl/produkt/nowy-c5-aircross/vr7kahpy5tl053972/,https://raw.githubusercontent.com/Andy11001/-alfa-inventory/master/data/images/VR7KAHPY5TL053972_clean.webp,Citroën,Nowy C5 Aircross,2025,0,KM,SUV,Platinium Grey,New,149718 PLN,PLN,"{""addr1"": ""KONIN"", ""city"": ""KONIN"", ""region"": ""MAZOWIECKIE"", ""country"": ""PL""}",,,LEASE,1908 PLN,per month,Hybrid,Automatic,FWD
VR7KAHPY1TL047926,Nowy C5 Aircross Max · od 1908 PLN/mies.,Citroën Nowy C5 Aircross Max · Rata od 1908 PLN netto/mies. · Leasing B2B · Legnica · Sprawdź ofertę!,https://sklep.citroen.pl/produkt/nowy-c5-aircross/vr7kahpy1tl047926/,https://raw.githubusercontent.com/Andy11001/-alfa-inventory/master/data/images/VR7KAHPY1TL047926_clean.webp,Citroën,Nowy C5 Aircross,2025,0,KM,SUV,Okenite White,New,149718 PLN,PLN,"{""addr1"": ""LEGNICA"", ""city"": ""LEGNICA"", ""region"": ""MAZOWIECKIE"", ""country"": ""PL""}",,,LEASE,1908 PLN,per month,Hybrid,Automatic,FWD
VR7KAHPY7TL053973,Nowy C5 Aircross Max · od 1908 PLN/mies.,Citroën Nowy C5 Aircross Max · Rata od 1908 PLN netto/mies. · Leasing B2B · Olsztyn · Sprawdź ofertę!,https://sklep.citroen.pl/produkt/nowy-c5-aircross/vr7kahpy7tl053973/,https://raw.githubusercontent.com/Andy11001/-alfa-inventory/master/data/images/VR7KAHPY7TL053973_clean.webp,Citroën,Nowy C5 Aircross,2025,0,KM,SUV,Platinium Grey,New,149718 PLN,PLN,"{""addr1"": ""OLSZTYN"", ""city"": ""OLSZTYN"", ""region"": ""MAZOWIECKIE"", ""country"": ""PL""}",,,LEASE,1908 PLN,per month,Hybrid,Automatic,FWD
VR7KAHPY3TL053971,Nowy C5 Aircross Max · od 1908 PLN/mies.,Citroën Nowy C5 Aircross Max · Rata od 1908 PLN netto/mies. · Leasing B2B · Konin · Sprawdź ofertę!,https://sklep.citroen.pl/produkt/nowy-c5-aircross/vr7kahpy3tl053971/,https://raw.githubusercontent.com/Andy11001/-alfa-inventory/master/data/images/VR7KAHPY3TL053971_clean.webp,Citroën,Nowy C5 Aircross,2025,0,KM,SUV,Platinium Grey,New,149718 PLN,PLN,"{""addr1"": ""KONIN"", ""city"": ""KONIN"", ""region"": ""MAZOWIECKIE"", ""country"": ""PL""}",,,LEASE,1908 PLN,per month,Hybrid,Automatic,FWD
VR7KAHPY1TL054455,Nowy C5 Aircross Max · od 1890 PLN/mies.,Citroën Nowy C5 Aircross Max · Rata od 1890 PLN netto/mies. · Leasing B2B · Szczecin · Sprawdź ofertę!,https://sklep.citroen.pl/produkt/nowy-c5-aircross/vr7kahpy1tl054455/,https://raw.githubusercontent.com/Andy11001/-alfa-inventory/master/data/images/VR7KAHPY1TL054455_clean.webp,Citroën,Nowy C5 Aircross,2025,0,KM,SUV,Astoria Green,New,148335 PLN,PLN,"{""addr1"": ""UL. STRUGA 1B"", ""city"": ""SZCZECIN"", ""region"": ""ZACHODNIOPOMORSKIE"", ""country"": ""PL""}",53.3891,14.6543,LEASE,1890 PLN,per month,Hybrid,Automatic,FWD
VR7KAHPYXTL054454,Nowy C5 Aircross Max · od 1890 PLN/mies.,Citroën Nowy C5 Aircross Max · Rata od 1890 PLN netto/mies. · Leasing B2B · Szczecin · Sprawdź ofertę!,https://sklep.citroen.pl/produkt/nowy-c5-aircross/vr7kahpyxtl054454/,https://raw.githubusercontent.com/Andy11001/-alfa-inventory/master/data/images/VR7KAHPYXTL054454_clean.webp,Citroën,Nowy C5 Aircross,2025,0,KM,SUV,Astoria Green,New,148335 PLN,PLN,"{""addr1"": ""UL. STRUGA 1B"", ""city"": ""SZCZECIN"", ""region"": ""ZACHODNIOPOMORSKIE"", ""country"": ""PL""}",53.3891,14.6543,LEASE,1890 PLN,per month,Hybrid,Automatic,FWD
VR7KAHPY4TL054711,Nowy C5 Aircross Max · od 1860 PLN/mies.,Citroën Nowy C5 Aircross Max · Rata od 1860 PLN netto/mies. · Leasing B2B · Warszawa · Sprawdź ofertę!,https://sklep.citroen.pl/produkt/nowy-c5-aircross/vr7kahpy4tl054711/,https://raw.githubusercontent.com/Andy11001/-alfa-inventory/master/data/images/VR7KAHPY4TL054711_clean.webp,Citroën,Nowy C5 Aircross,2025,0,KM,SUV,Ruby Red,New,145890 PLN,PLN,"{""addr1"": ""AL. KRAKOWSKA 206"", ""city"": ""WARSZAWA"", ""region"": ""MAZOWIECKIE"", ""country"": ""PL""}",52.2084,20.9412,LEASE,1860 PLN,per month,Hybrid,Automatic,FWD
VR7KAHPY8TL054288,Nowy C5 Aircross Max · od 1860 PLN/mies.,Citroën Nowy C5 Aircross Max · Rata od 1860 PLN netto/mies. · Leasing B2B · Kalisz · Sprawdź ofertę!,https://sklep.citroen.pl/produkt/nowy-c5-aircross/vr7kahpy8tl054288/,https://raw.githubusercontent.com/Andy11001/-alfa-inventory/master/data/images/VR7KAHPY8TL054288_clean.webp,Citroën,Nowy C5 Aircross,2025,0,KM,SUV,Ruby Red,New,145890 PLN,PLN,"{""addr1"": ""KALISZ"", ""city"": ""KALISZ"", ""region"": ""MAZOWIECKIE"", ""country"": ""PL""}",,,LEASE,1860 PLN,per month,Hybrid,Automatic,FWD
VR7KAHPY1TL053970,Nowy C5 Aircross Plus · od 1887 PLN/mies.,Citroën Nowy C5 Aircross Plus · Rata od 1887 PLN netto/mies. · Leasing B2B · Grębów · Sprawdź ofertę!,https://sklep.citroen.pl/produkt/nowy-c5-aircross/vr7kahpy1tl053970/,https://raw.githubusercontent.com/Andy11001/-alfa-inventory/master/data/images/VR7KAHPY1TL053970_clean.webp,Citroën,Nowy C5 Aircross,2025,0,KM,SUV,Okenite White,New,148041 PLN,PLN,"{""addr1"": ""GRĘBÓW"", ""city"": ""GRĘBÓW"", ""region"": ""MAZOWIECKIE"", ""country"": ""PL""}",,,LEASE,1887 PLN,per month,Hybrid,Automatic,FWD
VR7KAHPY4TL054160,Nowy C5 Aircross Plus · od 1853 PLN/mies.,Citroën Nowy C5 Aircross Plus · Rata od 1853 PLN netto/mies. · Leasing B2B · Grębów · Sprawdź ofertę!,https://sklep.citroen.pl/produkt/nowy-c5-aircross/vr7kahpy4tl054160/,https://raw.githubusercontent.com/Andy11001/-alfa-inventory/master/data/images/VR7KAHPY4TL054160_clean.webp,Citroën,Nowy C5 Aircross,2025,0,KM,SUV,Ruby Red,New,145350 PLN,PLN,"{""addr1"": ""GRĘBÓW"", ""city"": ""GRĘBÓW"", ""region"": ""MAZOWIECKIE"", ""country"": ""PL""}",,,LEASE,1853 PLN,per month,Hybrid,Automatic,FWD
VR7KAHPY2TL028804,Nowy C5 Aircross Plus · od 1814 PLN/mies.,Citroën Nowy C5 Aircross Plus · Rata od 1814 PLN netto/mies. · Leasing B2B · Łódź · Sprawdź ofertę!,https://sklep.citroen.pl/produkt/nowy-c5-aircross/vr7kahpy2tl028804/,https://raw.githubusercontent.com/Andy11001/-alfa-inventory/master/data/images/VR7KAHPY2TL028804_clean.webp,Citroën,Nowy C5 Aircross,2025,0,KM,SUV,Astoria Green,New,142281 PLN,PLN,"{""addr1"": ""UL. OBYWATELSKA 181"", ""city"": ""ŁÓDŹ"", ""region"": ""ŁÓDZKIE"", ""country"": ""PL""}",51.7371,19.4316,LEASE,1814 PLN,per month,Hybrid,Automatic,FWD
VR7KAHPY5TL034371,Nowy C5 Aircross Plus · od 1803 PLN/mies.,Citroën Nowy C5 Aircross Plus · Rata od 1803 PLN netto/mies. · Leasing B2B · Częstochowa · Sprawdź ofertę!,https://sklep.citroen.pl/produkt/nowy-c5-aircross/vr7kahpy5tl034371/,https://raw.githubusercontent.com/Andy11001/-alfa-inventory/master/data/images/VR7KAHPY5TL034371_clean.webp,Citroën,Nowy C5 Aircross,2025,0,KM,SUV,Platinium Grey,New,141471 PLN,PLN,"{""addr1"": ""CZĘSTOCHOWA"", ""city"": ""CZĘSTOCHOWA"", ""region"": ""MAZOWIECKIE"", ""country"": ""PL""}",,,LEASE,1803 PLN,per month,Hybrid,Automatic,FWD
VR7KAHPY8TL054310,Nowy C5 Aircross Plus · od 1797 PLN/mies.,Citroën Nowy C5 Aircross Plus · Rata od 1797 PLN netto/mies. · Leasing B2B · Kalisz · Sprawdź ofertę!,https://sklep.citroen.pl/produkt/nowy-c5-aircross/vr7kahpy8tl054310/,https://raw.githubusercontent.com/Andy11001/-alfa-inventory/master/data/images/VR7KAHPY8TL054310_clean.webp,Citroën,Nowy C5 Aircross,2025,0,KM,SUV,Platinium Grey,New,140931 PLN,PLN,"{""addr1"": ""KALISZ"", ""city"": ""KALISZ"", ""region"": ""MAZOWIECKIE"", ""country"": ""PL""}",,,LEASE,1797 PLN,per month,Hybrid,Automatic,FWD
VR7KAHPY2TL023845,Nowy C5 Aircross Plus · od 1644 PLN/mies.,Citroën Nowy C5 Aircross Plus · Rata od 1644 PLN netto/mies. · Leasing B2B · Warszawa · Sprawdź ofertę!,https://sklep.citroen.pl/produkt/nowy-c5-aircross/vr7kahpy2tl023845/,https://raw.githubusercontent.com/Andy11001/-alfa-inventory/master/data/images/VR7KAHPY2TL023845_clean.webp,Citroën,Nowy C5 Aircross,2025,0,KM,SUV,Astoria Green,New,128900 PLN,PLN,"{""addr1"": ""AL. KRAKOWSKA 206"", ""city"": ""WARSZAWA"", ""region"": ""MAZOWIECKIE"", ""country"": ""PL""}",52.2084,20.9412,LEASE,1644 PLN,per month,Hybrid,Automatic,FWD
VR7KAHPY1TL054326,Nowy C5 Aircross Plus · od 1764 PLN/mies.,Citroën Nowy C5 Aircross Plus · Rata od 1764 PLN netto/mies. · Leasing B2B · Kalisz · Sprawdź ofertę!,https://sklep.citroen.pl/produkt/nowy-c5-aircross/vr7kahpy1tl054326/,https://raw.githubusercontent.com/Andy11001/-alfa-inventory/master/data/images/VR7KAHPY1TL054326_clean.webp,Citroën,Nowy C5 Aircross,2025,0,KM,SUV,Ruby Red,New,138321 PLN,PLN,"{""addr1"": ""KALISZ"", ""city"": ""KALISZ"", ""region"": ""MAZOWIECKIE"", ""country"": ""PL""}",,,LEASE,1764 PLN,per month,Hybrid,Automatic,FWD
VR7CPZYA4TT011853,C3 Aircross Max · od 1506 PLN/mies.,Citroën C3 Aircross Max · Rata od 1506 PLN netto/mies. · Leasing B2B · Warszawa · Sprawdź ofertę!,https://sklep.citroen.pl/produkt/c3-aircross/vr7cpzya4tt011853/,https://raw.githubusercontent.com/Andy11001/-alfa-inventory/master/data/images/VR7CPZYA4TT011853_clean.webp,Citroën,C3 Aircross,2025,0,KM,SUV,Noir Perla Nera,New,118000 PLN,PLN,"{""addr1"": ""AL. KRAKOWSKA 206"", ""city"": ""WARSZAWA"", ""region"": ""MAZOWIECKIE"", ""country"": ""PL""}",52.2084,20.9412,LEASE,1506 PLN,per month,Electric,Automatic,FWD
VR7CPZYA9TT011864,C3 Aircross Max · od 1470 PLN/mies.,Citroën C3 Aircross Max · Rata od 1470 PLN netto/mies. · Leasing B2B · Warszawa · Sprawdź ofertę!,https://sklep.citroen.pl/produkt/c3-aircross/vr7cpzya9tt011864/,https://raw.githubusercontent.com/Andy11001/-alfa-inventory/master/data/images/VR7CPZYA9TT011864_clean.webp,Citroën,C3 Aircross,2025,0,KM,SUV,Polar White,New,115200 PLN,PLN,"{""addr1"": ""AL. KRAKOWSKA 206"", ""city"": ""WARSZAWA"", ""region"": ""MAZOWIECKIE"", ""country"": ""PL""}",52.2084,20.9412,LEASE,1470 PLN,per month,Electric,Automatic,FWD
VR7BDHPY5TE035984,C4 X Max · od 1545 PLN/mies.,Citroën C4 X Max · Rata od 1545 PLN netto/mies. · Leasing B2B · Poznań · Sprawdź ofertę!,https://sklep.citroen.pl/produkt/c4-x/vr7bdhpy5te035984/,https://raw.githubusercontent.com/Andy11001/-alfa-inventory/master/data/images/VR7BDHPY5TE035984_clean.jpg,Citroën,C4 X,2025,0,KM,SUV,Rouge Elixir,New,121110 PLN,PLN,"{""addr1"": ""UL. KRZYWOUSTEGO 71"", ""city"": ""POZNAŃ"", ""region"": ""WIELKOPOLSKIE"", ""country"": ""PL""}",52.3787,17.0270,LEASE,1545 PLN,per month,Hybrid,Automatic,FWD
VR7BAHPY5TE035850,C4 Max · od 1449 PLN/mies.,Citroën C4 Max · Rata od 1449 PLN netto/mies. · Leasing B2B · Warszawa · Sprawdź ofertę!,https://sklep.citroen.pl/produkt/c4/vr7bahpy5te035850/,https://raw.githubusercontent.com/Andy11001/-alfa-inventory/master/data/images/VR7BAHPY5TE035850_clean.webp,Citroën,C4,2025,0,KM,Hatchback,Rouge Elixir,New,113500 PLN,PLN,"{""addr1"": ""AL. KRAKOWSKA 206"", ""city"": ""WARSZAWA"", ""region"": ""MAZOWIECKIE"", ""country"": ""PL""}",52.2084,20.9412,LEASE,1449 PLN,per month,Hybrid,Automatic,FWD
VR7BAHPY5TE036223,C4 Max · od 1537 PLN/mies.,Citroën C4 Max · Rata od 1537 PLN netto/mies. · Leasing B2B · Poznań · Sprawdź ofertę!,https://sklep.citroen.pl/produkt/c4/vr7bahpy5te036223/,https://raw.githubusercontent.com/Andy11001/-alfa-inventory/master/data/images/VR7BAHPY5TE036223_clean.jpg,Citroën,C4,2025,0,KM,Hatchback,Blanc Okenite,New,120450 PLN,PLN,"{""addr1"": ""UL. KRZYWOUSTEGO 71"", ""city"": ""POZNAŃ"", ""region"": ""WIELKOPOLSKIE"", ""country"": ""PL""}",52.3787,17.0270,LEASE,1537 PLN,per month,Hybrid,Automatic,FWD
VR7BAHPY6TE037526,C4 Max · od 1521 PLN/mies.,Citroën C4 Max · Rata od 1521 PLN netto/mies. · Leasing B2B · Sosnowiec · Sprawdź ofertę!,https://sklep.citroen.pl/produkt/c4/vr7bahpy6te037526/,https://raw.githubusercontent.com/Andy11001/-alfa-inventory/master/data/images/VR7BAHPY6TE037526_clean.webp,Citroën,C4,2025,0,KM,Hatchback,Bleu Eclipse,New,119212 PLN,PLN,"{""addr1"": ""SOSNOWIEC"", ""city"": ""SOSNOWIEC"", ""region"": ""ŚLĄSKIE"", ""country"": ""PL""}",,,LEASE,1521 PLN,per month,Hybrid,Automatic,FWD
VR7BAHPY7TE027278,C4 Max · od 1513 PLN/mies.,Citroën C4 Max · Rata od 1513 PLN netto/mies. · Leasing B2B · Warszawa · Sprawdź ofertę!,https://sklep.citroen.pl/produkt/c4/vr7bahpy7te027278/,https://raw.githubusercontent.com/Andy11001/-alfa-inventory/master/data/images/VR7BAHPY7TE027278_clean.webp,Citroën,C4,2025,0,KM,Hatchback,Blanc Okenite,New,118594 PLN,PLN,"{""addr1"": ""AL. KRAKOWSKA 206"", ""city"": ""WARSZAWA"", ""region"": ""MAZOWIECKIE"", ""country"": ""PL""}",52.2084,20.9412,LEASE,1513 PLN,per month,Hybrid,Automatic,FWD
VR7BAHPY9TE036550,C4 Max · od 1500 PLN/mies.,Citroën C4 Max · Rata od 1500 PLN netto/mies. · Leasing B2B · Poznań · Sprawdź ofertę!,https://sklep.citroen.pl/produkt/c4/vr7bahpy9te036550/,https://raw.githubusercontent.com/Andy11001/-alfa-inventory/master/data/images/VR7BAHPY9TE036550_clean.webp,Citroën,C4,2025,0,KM,Hatchback,Rouge Elixir,New,117521 PLN,PLN,"{""addr1"": ""UL. KRZYWOUSTEGO 71"", ""city"": ""POZNAŃ"", ""region"": ""WIELKOPOLSKIE"", ""country"": ""PL""}",52.3787,17.0270,LEASE,1500 PLN,per month,Hybrid,Automatic,FWD
VR7BAHPY4TE036424,C4 Max · od 1492 PLN/mies.,Citroën C4 Max · Rata od 1492 PLN netto/mies. · Leasing B2B · Poznań · Sprawdź ofertę!,https://sklep.citroen.pl/produkt/c4/vr7bahpy4te036424/,https://raw.githubusercontent.com/Andy11001/-alfa-inventory/master/data/images/VR7BAHPY4TE036424_clean.webp,Citroën,C4,2025,0,KM,Hatchback,Rouge Elixir,New,116902 PLN,PLN,"{""addr1"": ""UL. KRZYWOUSTEGO 71"", ""city"": ""POZNAŃ"", ""region"": ""WIELKOPOLSKIE"", ""country"": ""PL""}",52.3787,17.0270,LEASE,1492 PLN,per month,Hybrid,Automatic,FWD
VR7BAHPY7TE032979,C4 Max · od 1492 PLN/mies.,Citroën C4 Max · Rata od 1492 PLN netto/mies. · Leasing B2B · Wrocław · Sprawdź ofertę!,https://sklep.citroen.pl/produkt/c4/vr7bahpy7te032979/,https://raw.githubusercontent.com/Andy11001/-alfa-inventory/master/data/images/VR7BAHPY7TE032979_clean.webp,Citroën,C4,2025,0,KM,Hatchback,Rouge Elixir,New,116902 PLN,PLN,"{""addr1"": ""UL. SZCZECIŃSKA 7"", ""city"": ""WROCŁAW"", ""region"": ""DOLNOŚLĄSKIE"", ""country"": ""PL""}",51.1274,16.9535,LEASE,1492 PLN,per month,Hybrid,Automatic,FWD
VR7BAHPY5TE037663,C4 Max · od 1482 PLN/mies.,Citroën C4 Max · Rata od 1482 PLN netto/mies. · Leasing B2B · Sosnowiec · Sprawdź ofertę!,https://sklep.citroen.pl/produkt/c4/vr7bahpy5te037663/,https://raw.githubusercontent.com/Andy11001/-alfa-inventory/master/data/images/VR7BAHPY5TE037663_clean.webp,Citroën,C4,2025,0,KM,Hatchback,Bleu Eclipse,New,116078 PLN,PLN,"{""addr1"": ""SOSNOWIEC"", ""city"": ""SOSNOWIEC"", ""region"": ""ŚLĄSKIE"", ""country"": ""PL""}",,,LEASE,1482 PLN,per month,Hybrid,Automatic,FWD
VR7BDHPYXTE039190,C4 X Max · od 1482 PLN/mies.,Citroën C4 X Max · Rata od 1482 PLN netto/mies. · Leasing B2B · Warszawa · Sprawdź ofertę!,https://sklep.citroen.pl/produkt/c4-x/vr7bdhpyxte039190/,https://raw.githubusercontent.com/Andy11001/-alfa-inventory/master/data/images/VR7BDHPYXTE039190_clean.webp,Citroën,C4 X,2025,0,KM,SUV,Mercury Grey,New,116078 PLN,PLN,"{""addr1"": ""AL. KRAKOWSKA 206"", ""city"": ""WARSZAWA"", ""region"": ""MAZOWIECKIE"", ""country"": ""PL""}",52.2084,20.9412,LEASE,1482 PLN,per month,Hybrid,Automatic,FWD
VR7BAHPY2TE037524,C4 Max · od 1482 PLN/mies.,Citroën C4 Max · Rata od 1482 PLN netto/mies. · Leasing B2B · Radom · Sprawdź ofertę!,https://sklep.citroen.pl/produkt/c4/vr7bahpy2te037524/,https://raw.githubusercontent.com/Andy11001/-alfa-inventory/master/data/images/VR7BAHPY2TE037524_clean.webp,Citroën,C4,2025,0,KM,Hatchback,Gris Mercury,New,116078 PLN,PLN,"{""addr1"": ""RADOM"", ""city"": ""RADOM"", ""region"": ""MAZOWIECKIE"", ""country"": ""PL""}",,,LEASE,1482 PLN,per month,Hybrid,Automatic,FWD
VR7BDHPY9TE038967,C4 X Max · od 1479 PLN/mies.,Citroën C4 X Max · Rata od 1479 PLN netto/mies. · Leasing B2B · Kraków · Sprawdź ofertę!,https://sklep.citroen.pl/produkt/c4-x/vr7bdhpy9te038967/,https://raw.githubusercontent.com/Andy11001/-alfa-inventory/master/data/images/VR7BDHPY9TE038967_clean.webp,Citroën,C4 X,2025,0,KM,SUV,Rouge Elixir,New,115912 PLN,PLN,"{""addr1"": ""UL. OPOLSKA 9"", ""city"": ""KRAKÓW"", ""region"": ""MAŁOPOLSKIE"", ""country"": ""PL""}",50.0931,19.9238,LEASE,1479 PLN,per month,Hybrid,Automatic,FWD
VR7BDHPY0TE038968,C4 X Max · od 1479 PLN/mies.,Citroën C4 X Max · Rata od 1479 PLN netto/mies. · Leasing B2B · Kraków · Sprawdź ofertę!,https://sklep.citroen.pl/produkt/c4-x/vr7bdhpy0te038968/,https://raw.githubusercontent.com/Andy11001/-alfa-inventory/master/data/images/VR7BDHPY0TE038968_clean.webp,Citroën,C4 X,2025,0,KM,SUV,Rouge Elixir,New,115912 PLN,PLN,"{""addr1"": ""UL. OPOLSKA 9"", ""city"": ""KRAKÓW"", ""region"": ""MAŁOPOLSKIE"", ""country"": ""PL""}",50.0931,19.9238,LEASE,1479 PLN,per month,Hybrid,Automatic,FWD
VR7BDHPY9TE025099,C4 X Max · od 1478 PLN/mies.,Citroën C4 X Max · Rata od 1478 PLN netto/mies. · Leasing B2B · Gorzów Wielkopolski · Sprawdź ofertę!,https://sklep.citroen.pl/produkt/c4-x/vr7bdhpy9te025099/,https://raw.githubusercontent.com/Andy11001/-alfa-inventory/master/data/images/VR7BDHPY9TE025099_clean.jpg,Citroën,C4 X,2025,0,KM,SUV,Blanc Okenite,New,115830 PLN,PLN,"{""addr1"": ""GORZÓW WIELKOPOLSKI"", ""city"": ""GORZÓW WIELKOPOLSKI"", ""region"": ""MAZOWIECKIE"", ""country"": ""PL""}",,,LEASE,1478 PLN,per month,Hybrid,Automatic,FWD
VR7BAHPY9TE037746,C4 Max · od 1477 PLN/mies.,Citroën C4 Max · Rata od 1477 PLN netto/mies. · Leasing B2B · Łódź · Sprawdź ofertę!,https://sklep.citroen.pl/produkt/c4/vr7bahpy9te037746/,https://raw.githubusercontent.com/Andy11001/-alfa-inventory/master/data/images/VR7BAHPY9TE037746_clean.jpg,Citroën,C4,2025,0,KM,Hatchback,Bleu Eclipse,New,115706 PLN,PLN,"{""addr1"": ""UL. OBYWATELSKA 181"", ""city"": ""ŁÓDŹ"", ""region"": ""ŁÓDZKIE"", ""country"": ""PL""}",51.7371,19.4316,LEASE,1477 PLN,per month,Hybrid,Automatic,FWD
VR7BAHPYXTE027632,C4 Max · od 1474 PLN/mies.,Citroën C4 Max · Rata od 1474 PLN netto/mies. · Leasing B2B · Radom · Sprawdź ofertę!,https://sklep.citroen.pl/produkt/c4/vr7bahpyxte027632/,https://raw.githubusercontent.com/Andy11001/-alfa-inventory/master/data/images/VR7BAHPYXTE027632_clean.webp,Citroën,C4,2025,0,KM,Hatchback,Blanc Okenite,New,115459 PLN,PLN,"{""addr1"": ""RADOM"", ""city"": ""RADOM"", ""region"": ""MAZOWIECKIE"", ""country"": ""PL""}",,,LEASE,1474 PLN,per month,Hybrid,Automatic,FWD
VR7BAHPY5TE022936,C4 Max · od 1391 PLN/mies.,Citroën C4 Max · Rata od 1391 PLN netto/mies. · Leasing B2B · Warszawa · Sprawdź ofertę!,https://sklep.citroen.pl/produkt/c4/vr7bahpy5te022936/,https://raw.githubusercontent.com/Andy11001/-alfa-inventory/master/data/images/VR7BAHPY5TE022936_clean.webp,Citroën,C4,2025,0,KM,Hatchback,Perla Nera,New,108900 PLN,PLN,"{""addr1"": ""AL. KRAKOWSKA 206"", ""city"": ""WARSZAWA"", ""region"": ""MAZOWIECKIE"", ""country"": ""PL""}",52.2084,20.9412,LEASE,1391 PLN,per month,Hybrid,Automatic,FWD
VR7BDHPY7TE037140,C4 X Max · od 1468 PLN/mies.,Citroën C4 X Max · Rata od 1468 PLN netto/mies. · Leasing B2B · Szczecin · Sprawdź ofertę!,https://sklep.citroen.pl/produkt/c4-x/vr7bdhpy7te037140/,https://raw.githubusercontent.com/Andy11001/-alfa-inventory/master/data/images/VR7BDHPY7TE037140_clean.webp,Citroën,C4 X,2025,0,KM,SUV,Blue Eclipse,New,115005 PLN,PLN,"{""addr1"": ""UL. STRUGA 1B"", ""city"": ""SZCZECIN"", ""region"": ""ZACHODNIOPOMORSKIE"", ""country"": ""PL""}",53.3891,14.6543,LEASE,1468 PLN,per month,Hybrid,Automatic,FWD
VR7BAHPY5TE035671,C4 Max · od 1461 PLN/mies.,Citroën C4 Max · Rata od 1461 PLN netto/mies. · Leasing B2B · Stare Bielice · Sprawdź ofertę!,https://sklep.citroen.pl/produkt/c4/vr7bahpy5te035671/,https://raw.githubusercontent.com/Andy11001/-alfa-inventory/master/data/images/VR7BAHPY5TE035671_clean.webp,Citroën,C4,2025,0,KM,Hatchback,Rouge Elixir,New,114469 PLN,PLN,"{""addr1"": ""STARE BIELICE"", ""city"": ""STARE BIELICE"", ""region"": ""MAZOWIECKIE"", ""country"": ""PL""}",,,LEASE,1461 PLN,per month,Hybrid,Automatic,FWD
VR7BDHPY9TE035728,C4 X Max · od 1461 PLN/mies.,Citroën C4 X Max · Rata od 1461 PLN netto/mies. · Leasing B2B · Łódź · Sprawdź ofertę!,https://sklep.citroen.pl/produkt/c4-x/vr7bdhpy9te035728/,https://raw.githubusercontent.com/Andy11001/-alfa-inventory/master/data/images/VR7BDHPY9TE035728_clean.webp,Citroën,C4 X,2025,0,KM,SUV,Rouge Elixir,New,114469 PLN,PLN,"{""addr1"": ""UL. OBYWATELSKA 181"", ""city"": ""ŁÓDŹ"", ""region"": ""ŁÓDZKIE"", ""country"": ""PL""}",51.7371,19.4316,LEASE,1461 PLN,per month,Hybrid,Automatic,FWD
VR7BDHPYXTE033616,C4 X Max · od 1382 PLN/mies.,Citroën C4 X Max · Rata od 1382 PLN netto/mies. · Leasing B2B · Zielona Góra · Sprawdź ofertę!,https://sklep.citroen.pl/produkt/c4-x/vr7bdhpyxte033616/,https://raw.githubusercontent.com/Andy11001/-alfa-inventory/master/data/images/VR7BDHPYXTE033616_clean.webp,Citroën,C4 X,2025,0,KM,SUV,Rouge Elixir,New,108225 PLN,PLN,"{""addr1"": ""ZIELONA GÓRA"", ""city"": ""ZIELONA GÓRA"", ""region"": ""MAZOWIECKIE"", ""country"": ""PL""}",,,LEASE,1382 PLN,per month,Hybrid,Automatic,FWD
VR7BAHPY4TE036231,C4 Max · od 1455 PLN/mies.,Citroën C4 Max · Rata od 1455 PLN netto/mies. · Leasing B2B · Bielsko-Biała · Sprawdź ofertę!,https://sklep.citroen.pl/produkt/c4/vr7bahpy4te036231/,https://raw.githubusercontent.com/Andy11001/-alfa-inventory/master/data/images/VR7BAHPY4TE036231_clean.webp,Citroën,C4,2025,0,KM,Hatchback,Rouge Elixir,New,114015 PLN,PLN,"{""addr1"": ""BIELSKO-BIAŁA"", ""city"": ""BIELSKO-BIAŁA"", ""region"": ""ŚLĄSKIE"", ""country"": ""PL""}",,,LEASE,1455 PLN,per month,Hybrid,Automatic,FWD
VR7BAHPY0TE033004,C4 Max · od 1448 PLN/mies.,Citroën C4 Max · Rata od 1448 PLN netto/mies. · Leasing B2B · Rybnik · Sprawdź ofertę!,https://sklep.citroen.pl/produkt/c4/vr7bahpy0te033004/,https://raw.githubusercontent.com/Andy11001/-alfa-inventory/master/data/images/VR7BAHPY0TE033004_clean.webp,Citroën,C4,2025,0,KM,Hatchback,Gris Mercury,New,113438 PLN,PLN,"{""addr1"": ""RYBNIK"", ""city"": ""RYBNIK"", ""region"": ""ŚLĄSKIE"", ""country"": ""PL""}",,,LEASE,1448 PLN,per month,Hybrid,Automatic,FWD
VR7BAHPY0TE038011,C4 Max · od 1447 PLN/mies.,Citroën C4 Max · Rata od 1447 PLN netto/mies. · Leasing B2B · Bielsko-Biała · Sprawdź ofertę!,https://sklep.citroen.pl/produkt/c4/vr7bahpy0te038011/,https://raw.githubusercontent.com/Andy11001/-alfa-inventory/master/data/images/VR7BAHPY0TE038011_clean.webp,Citroën,C4,2025,0,KM,Hatchback,Blanc Okenite,New,113355 PLN,PLN,"{""addr1"": ""BIELSKO-BIAŁA"", ""city"": ""BIELSKO-BIAŁA"", ""region"": ""ŚLĄSKIE"", ""country"": ""PL""}",,,LEASE,1447 PLN,per month,Hybrid,Automatic,FWD
VR7BAHPY4TE036293,C4 Max · od 1439 PLN/mies.,Citroën C4 Max · Rata od 1439 PLN netto/mies. · Leasing B2B · Grębów · Sprawdź ofertę!,https://sklep.citroen.pl/produkt/c4/vr7bahpy4te036293/,https://raw.githubusercontent.com/Andy11001/-alfa-inventory/master/data/images/VR7BAHPY4TE036293_clean.webp,Citroën,C4,2025,0,KM,Hatchback,Gris Mercury,New,112736 PLN,PLN,"{""addr1"": ""GRĘBÓW"", ""city"": ""GRĘBÓW"", ""region"": ""MAZOWIECKIE"", ""country"": ""PL""}",,,LEASE,1439 PLN,per month,Hybrid,Automatic,FWD
VR7BAHPY3TE037466,C4 Max · od 1438 PLN/mies.,Citroën C4 Max · Rata od 1438 PLN netto/mies. · Leasing B2B · Szczecin · Sprawdź ofertę!,https://sklep.citroen.pl/produkt/c4/vr7bahpy3te037466/,https://raw.githubusercontent.com/Andy11001/-alfa-inventory/master/data/images/VR7BAHPY3TE037466_clean.webp,Citroën,C4,2025,0,KM,Hatchback,Perla Nera,New,112612 PLN,PLN,"{""addr1"": ""UL. STRUGA 1B"", ""city"": ""SZCZECIN"", ""region"": ""ZACHODNIOPOMORSKIE"", ""country"": ""PL""}",53.3891,14.6543,LEASE,1438 PLN,per month,Hybrid,Automatic,FWD
VR7BDHPY2TE037904,C4 X Max · od 1437 PLN/mies.,Citroën C4 X Max · Rata od 1437 PLN netto/mies. · Leasing B2B · Częstochowa · Sprawdź ofertę!,https://sklep.citroen.pl/produkt/c4-x/vr7bdhpy2te037904/,https://raw.githubusercontent.com/Andy11001/-alfa-inventory/master/data/images/VR7BDHPY2TE037904_clean.webp,Citroën,C4 X,2025,0,KM,SUV,Blue Eclipse,New,112571 PLN,PLN,"{""addr1"": ""CZĘSTOCHOWA"", ""city"": ""CZĘSTOCHOWA"", ""region"": ""MAZOWIECKIE"", ""country"": ""PL""}",,,LEASE,1437 PLN,per month,Hybrid,Automatic,FWD
VR7BAHPY7TE037941,C4 Max · od 1437 PLN/mies.,Citroën C4 Max · Rata od 1437 PLN netto/mies. · Leasing B2B · Stare Bielice · Sprawdź ofertę!,https://sklep.citroen.pl/produkt/c4/vr7bahpy7te037941/,https://raw.githubusercontent.com/Andy11001/-alfa-inventory/master/data/images/VR7BAHPY7TE037941_clean.webp,Citroën,C4,2025,0,KM,Hatchback,Gris Mercury,New,112571 PLN,PLN,"{""addr1"": ""STARE BIELICE"", ""city"": ""STARE BIELICE"", ""region"": ""MAZOWIECKIE"", ""country"": ""PL""}",,,LEASE,1437 PLN,per month,Hybrid,Automatic,FWD
VR7BAHPY1TE037658,C4 Max · od 1437 PLN/mies.,Citroën C4 Max · Rata od 1437 PLN netto/mies. · Leasing B2B · Radom · Sprawdź ofertę!,https://sklep.citroen.pl/produkt/c4/vr7bahpy1te037658/,https://raw.githubusercontent.com/Andy11001/-alfa-inventory/master/data/images/VR7BAHPY1TE037658_clean.webp,Citroën,C4,2025,0,KM,Hatchback,Gris Mercury,New,112571 PLN,PLN,"{""addr1"": ""RADOM"", ""city"": ""RADOM"", ""region"": ""MAZOWIECKIE"", ""country"": ""PL""}",,,LEASE,1437 PLN,per month,Hybrid,Automatic,FWD
VR7BDHPYXTE026889,C4 X Max · od 1434 PLN/mies.,Citroën C4 X Max · Rata od 1434 PLN netto/mies. · Leasing B2B · Łódź · Sprawdź ofertę!,https://sklep.citroen.pl/produkt/c4-x/vr7bdhpyxte026889/,https://raw.githubusercontent.com/Andy11001/-alfa-inventory/master/data/images/VR7BDHPYXTE026889_clean.webp,Citroën,C4 X,2025,0,KM,SUV,Blanc Okenite,New,112324 PLN,PLN,"{""addr1"": ""UL. OBYWATELSKA 181"", ""city"": ""ŁÓDŹ"", ""region"": ""ŁÓDZKIE"", ""country"": ""PL""}",51.7371,19.4316,LEASE,1434 PLN,per month,Hybrid,Automatic,FWD
VR7BAHPY7TE031976,C4 Max · od 1432 PLN/mies.,Citroën C4 Max · Rata od 1432 PLN netto/mies. · Leasing B2B · Gorzów Wielkopolski · Sprawdź ofertę!,https://sklep.citroen.pl/produkt/c4/vr7bahpy7te031976/,https://raw.githubusercontent.com/Andy11001/-alfa-inventory/master/data/images/VR7BAHPY7TE031976_clean.webp,Citroën,C4,2025,0,KM,Hatchback,Perla Nera,New,112200 PLN,PLN,"{""addr1"": ""GORZÓW WIELKOPOLSKI"", ""city"": ""GORZÓW WIELKOPOLSKI"", ""region"": ""MAZOWIECKIE"", ""country"": ""PL""}",,,LEASE,1432 PLN,per month,Hybrid,Automatic,FWD
VR7BAHPY5TE036450,C4 Max · od 1432 PLN/mies.,Citroën C4 Max · Rata od 1432 PLN netto/mies. · Leasing B2B · Rybnik · Sprawdź ofertę!,https://sklep.citroen.pl/produkt/c4/vr7bahpy5te036450/,https://raw.githubusercontent.com/Andy11001/-alfa-inventory/master/data/images/VR7BAHPY5TE036450_clean.webp,Citroën,C4,2025,0,KM,Hatchback,Gris Mercury,New,112200 PLN,PLN,"{""addr1"": ""RYBNIK"", ""city"": ""RYBNIK"", ""region"": ""ŚLĄSKIE"", ""country"": ""PL""}",,,LEASE,1432 PLN,per month,Hybrid,Automatic,FWD
VR7CGHPY2TT240394,C3 Aircross Max · od 1515 PLN/mies.,Citroën C3 Aircross Max · Rata od 1515 PLN netto/mies. · Leasing B2B · Warszawa · Sprawdź ofertę!,https://sklep.citroen.pl/produkt/c3-aircross/vr7cghpy2tt240394/,https://raw.githubusercontent.com/Andy11001/-alfa-inventory/master/data/images/VR7CGHPY2TT240394_clean.webp,Citroën,C3 Aircross,2025,0,KM,SUV,Elixir Red,New,118734 PLN,PLN,"{""addr1"": ""AL. KRAKOWSKA 206"", ""city"": ""WARSZAWA"", ""region"": ""MAZOWIECKIE"", ""country"": ""PL""}",52.2084,20.9412,LEASE,1515 PLN,per month,Hybrid,Automatic,FWD
VR7BDHPY7TE020239,C4 X Max · od 1418 PLN/mies.,Citroën C4 X Max · Rata od 1418 PLN netto/mies. · Leasing B2B · Radom · Sprawdź ofertę!,https://sklep.citroen.pl/produkt/c4-x/vr7bdhpy7te020239/,https://raw.githubusercontent.com/Andy11001/-alfa-inventory/master/data/images/VR7BDHPY7TE020239_clean.webp,Citroën,C4 X,2025,0,KM,SUV,Mercury Grey,New,111086 PLN,PLN,"{""addr1"": ""RADOM"", ""city"": ""RADOM"", ""region"": ""MAZOWIECKIE"", ""country"": ""PL""}",,,LEASE,1418 PLN,per month,Hybrid,Automatic,FWD
VR7BAHPY5TE023567,C4 Max · od 1414 PLN/mies.,Citroën C4 Max · Rata od 1414 PLN netto/mies. · Leasing B2B · Warszawa · Sprawdź ofertę!,https://sklep.citroen.pl/produkt/c4/vr7bahpy5te023567/,https://raw.githubusercontent.com/Andy11001/-alfa-inventory/master/data/images/VR7BAHPY5TE023567_clean.webp,Citroën,C4,2025,0,KM,Hatchback,Bleu Eclipse,New,110715 PLN,PLN,"{""addr1"": ""AL. KRAKOWSKA 206"", ""city"": ""WARSZAWA"", ""region"": ""MAZOWIECKIE"", ""country"": ""PL""}",52.2084,20.9412,LEASE,1414 PLN,per month,Hybrid,Automatic,FWD
VR7BDHPY5TE020899,C4 X Max · od 1414 PLN/mies.,Citroën C4 X Max · Rata od 1414 PLN netto/mies. · Leasing B2B · Kutno · Sprawdź ofertę!,https://sklep.citroen.pl/produkt/c4-x/vr7bdhpy5te020899/,https://raw.githubusercontent.com/Andy11001/-alfa-inventory/master/data/images/VR7BDHPY5TE020899_clean.webp,Citroën,C4 X,2025,0,KM,SUV,Mercury Grey,New,110715 PLN,PLN,"{""addr1"": ""KUTNO"", ""city"": ""KUTNO"", ""region"": ""MAZOWIECKIE"", ""country"": ""PL""}",,,LEASE,1414 PLN,per month,Hybrid,Automatic,FWD
VR7BDHPY0TE026285,C4 X Max · od 1414 PLN/mies.,Citroën C4 X Max · Rata od 1414 PLN netto/mies. · Leasing B2B · Warszawa · Sprawdź ofertę!,https://sklep.citroen.pl/produkt/c4-x/vr7bdhpy0te026285/,https://raw.githubusercontent.com/Andy11001/-alfa-inventory/master/data/images/VR7BDHPY0TE026285_clean.webp,Citroën,C4 X,2025,0,KM,SUV,Blue Eclipse,New,110715 PLN,PLN,"{""addr1"": ""AL. KRAKOWSKA 206"", ""city"": ""WARSZAWA"", ""region"": ""MAZOWIECKIE"", ""country"": ""PL""}",52.2084,20.9412,LEASE,1414 PLN,per month,Hybrid,Automatic,FWD
VR7CGHPY9TT247228,C3 Aircross Max · od 1506 PLN/mies.,Citroën C3 Aircross Max · Rata od 1506 PLN netto/mies. · Leasing B2B · Elbląg · Sprawdź ofertę!,https://sklep.citroen.pl/produkt/c3-aircross/vr7cghpy9tt247228/,https://raw.githubusercontent.com/Andy11001/-alfa-inventory/master/data/images/VR7CGHPY9TT247228_clean.webp,Citroën,C3 Aircross,2025,0,KM,SUV,Montana Green,New,118030 PLN,PLN,"{""addr1"": ""ELBLĄG"", ""city"": ""ELBLĄG"", ""region"": ""MAZOWIECKIE"", ""country"": ""PL""}",,,LEASE,1506 PLN,per month,Hybrid,Automatic,FWD
VR7CGHPY9TT241932,C3 Aircross Max · od 1502 PLN/mies.,Citroën C3 Aircross Max · Rata od 1502 PLN netto/mies. · Leasing B2B · Szczecin · Sprawdź ofertę!,https://sklep.citroen.pl/produkt/c3-aircross/vr7cghpy9tt241932/,https://raw.githubusercontent.com/Andy11001/-alfa-inventory/master/data/images/VR7CGHPY9TT241932_clean.webp,Citroën,C3 Aircross,2025,0,KM,SUV,Mercury Grey,New,117656 PLN,PLN,"{""addr1"": ""UL. STRUGA 1B"", ""city"": ""SZCZECIN"", ""region"": ""ZACHODNIOPOMORSKIE"", ""country"": ""PL""}",53.3891,14.6543,LEASE,1502 PLN,per month,Hybrid,Automatic,FWD
VR7BAHPY5TE037677,C4 Max · od 1331 PLN/mies.,Citroën C4 Max · Rata od 1331 PLN netto/mies. · Leasing B2B · Zielona Góra · Sprawdź ofertę!,https://sklep.citroen.pl/produkt/c4/vr7bahpy5te037677/,https://raw.githubusercontent.com/Andy11001/-alfa-inventory/master/data/images/VR7BAHPY5TE037677_clean.webp,Citroën,C4,2025,0,KM,Hatchback,Perla Nera,New,104169 PLN,PLN,"{""addr1"": ""ZIELONA GÓRA"", ""city"": ""ZIELONA GÓRA"", ""region"": ""MAZOWIECKIE"", ""country"": ""PL""}",,,LEASE,1331 PLN,per month,Hybrid,Automatic,FWD
VR7BAHPY7TE037678,C4 Max · od 1331 PLN/mies.,Citroën C4 Max · Rata od 1331 PLN netto/mies. · Leasing B2B · Zielona Góra · Sprawdź ofertę!,https://sklep.citroen.pl/produkt/c4/vr7bahpy7te037678/,https://raw.githubusercontent.com/Andy11001/-alfa-inventory/master/data/images/VR7BAHPY7TE037678_clean.webp,Citroën,C4,2025,0,KM,Hatchback,Perla Nera,New,104169 PLN,PLN,"{""addr1"": ""ZIELONA GÓRA"", ""city"": ""ZIELONA GÓRA"", ""region"": ""MAZOWIECKIE"", ""country"": ""PL""}",,,LEASE,1331 PLN,per month,Hybrid,Automatic,FWD
VR7BDHPY3TE022828,C4 X Max · od 1405 PLN/mies.,Citroën C4 X Max · Rata od 1405 PLN netto/mies. · Leasing B2B · Słupsk · Sprawdź ofertę!,https://sklep.citroen.pl/produkt/c4-x/vr7bdhpy3te022828/,https://raw.githubusercontent.com/Andy11001/-alfa-inventory/master/data/images/VR7BDHPY3TE022828_clean.webp,Citroën,C4 X,2025,0,KM,SUV,Blue Eclipse,New,110014 PLN,PLN,"{""addr1"": ""SŁUPSK"", ""city"": ""SŁUPSK"", ""region"": ""POMORSKIE"", ""country"": ""PL""}",,,LEASE,1405 PLN,per month,Hybrid,Automatic,FWD
VR7BAHPY8TE037639,C4 Max · od 1393 PLN/mies.,Citroën C4 Max · Rata od 1393 PLN netto/mies. · Leasing B2B · Elbląg · Sprawdź ofertę!,https://sklep.citroen.pl/produkt/c4/vr7bahpy8te037639/,https://raw.githubusercontent.com/Andy11001/-alfa-inventory/master/data/images/VR7BAHPY8TE037639_clean.webp,Citroën,C4,2025,0,KM,Hatchback,Perla Nera,New,109106 PLN,PLN,"{""addr1"": ""ELBLĄG"", ""city"": ""ELBLĄG"", ""region"": ""MAZOWIECKIE"", ""country"": ""PL""}",,,LEASE,1393 PLN,per month,Hybrid,Automatic,FWD
VR7CGHPYXTT200158,C3 Aircross Max · od 1407 PLN/mies.,Citroën C3 Aircross Max · Rata od 1407 PLN netto/mies. · Leasing B2B · Zielona Góra · Sprawdź ofertę!,https://sklep.citroen.pl/produkt/c3-aircross/vr7cghpyxtt200158/,https://raw.githubusercontent.com/Andy11001/-alfa-inventory/master/data/images/VR7CGHPYXTT200158_clean.webp,Citroën,C3 Aircross,2025,0,KM,SUV,Elixir Red,New,110200 PLN,PLN,"{""addr1"": ""ZIELONA GÓRA"", ""city"": ""ZIELONA GÓRA"", ""region"": ""MAZOWIECKIE"", ""country"": ""PL""}",,,LEASE,1407 PLN,per month,Hybrid,Automatic,FWD
VR7BAHPY1TE031634,C4 Max · od 1376 PLN/mies.,Citroën C4 Max · Rata od 1376 PLN netto/mies. · Leasing B2B · Łódź · Sprawdź ofertę!,https://sklep.citroen.pl/produkt/c4/vr7bahpy1te031634/,https://raw.githubusercontent.com/Andy11001/-alfa-inventory/master/data/images/VR7BAHPY1TE031634_clean.webp,Citroën,C4,2025,0,KM,Hatchback,Bleu Eclipse,New,107745 PLN,PLN,"{""addr1"": ""UL. OBYWATELSKA 181"", ""city"": ""ŁÓDŹ"", ""region"": ""ŁÓDZKIE"", ""country"": ""PL""}",51.7371,19.4316,LEASE,1376 PLN,per month,Hybrid,Automatic,FWD
VR7CGHPY6TT219225,C3 Aircross Max · od 1465 PLN/mies.,Citroën C3 Aircross Max · Rata od 1465 PLN netto/mies. · Leasing B2B · Gdańsk · Sprawdź ofertę!,https://sklep.citroen.pl/produkt/c3-aircross/vr7cghpy6tt219225/,https://raw.githubusercontent.com/Andy11001/-alfa-inventory/master/data/images/VR7CGHPY6TT219225_clean.webp,Citroën,C3 Aircross,2025,0,KM,SUV,Montana Green,New,114752 PLN,PLN,"{""addr1"": ""AL. GRUNWALDZKA 256"", ""city"": ""GDAŃSK"", ""region"": ""POMORSKIE"", ""country"": ""PL""}",54.4022,18.5714,LEASE,1465 PLN,per month,Hybrid,Automatic,FWD
VR7CGHPYXTT219227,C3 Aircross Max · od 1465 PLN/mies.,Citroën C3 Aircross Max · Rata od 1465 PLN netto/mies. · Leasing B2B · Gdańsk · Sprawdź ofertę!,https://sklep.citroen.pl/produkt/c3-aircross/vr7cghpyxtt219227/,https://raw.githubusercontent.com/Andy11001/-alfa-inventory/master/data/images/VR7CGHPYXTT219227_clean.webp,Citroën,C3 Aircross,2025,0,KM,SUV,Montana Green,New,114752 PLN,PLN,"{""addr1"": ""AL. GRUNWALDZKA 256"", ""city"": ""GDAŃSK"", ""region"": ""POMORSKIE"", ""country"": ""PL""}",54.4022,18.5714,LEASE,1465 PLN,per month,Hybrid,Automatic,FWD
VR7CGHPY6TT219239,C3 Aircross Max · od 1465 PLN/mies.,Citroën C3 Aircross Max · Rata od 1465 PLN netto/mies. · Leasing B2B · Gdańsk · Sprawdź ofertę!,https://sklep.citroen.pl/produkt/c3-aircross/vr7cghpy6tt219239/,https://raw.githubusercontent.com/Andy11001/-alfa-inventory/master/data/images/VR7CGHPY6TT219239_clean.webp,Citroën,C3 Aircross,2025,0,KM,SUV,Montana Green,New,114752 PLN,PLN,"{""addr1"": ""AL. GRUNWALDZKA 256"", ""city"": ""GDAŃSK"", ""region"": ""POMORSKIE"", ""country"": ""PL""}",54.4022,18.5714,LEASE,1465 PLN,per month,Hybrid,Automatic,FWD
VR7CGHPY4TT219157,C3 Aircross Max · od 1465 PLN/mies.,Citroën C3 Aircross Max · Rata od 1465 PLN netto/mies. · Leasing B2B · Gdańsk · Sprawdź ofertę!,https://sklep.citroen.pl/produkt/c3-aircross/vr7cghpy4tt219157/,https://raw.githubusercontent.com/Andy11001/-alfa-inventory/master/data/images/VR7CGHPY4TT219157_clean.webp,Citroën,C3 Aircross,2025,0,KM,SUV,Montana Green,New,114752 PLN,PLN,"{""addr1"": ""AL. GRUNWALDZKA 256"", ""city"": ""GDAŃSK"", ""region"": ""POMORSKIE"", ""country"": ""PL""}",54.4022,18.5714,LEASE,1465 PLN,per month,Hybrid,Automatic,FWD
VR7CGHPY4TT221281,C3 Aircross Max · od 1465 PLN/mies.,Citroën C3 Aircross Max · Rata od 1465 PLN netto/mies. · Leasing B2B · Gdańsk · Sprawdź ofertę!,https://sklep.citroen.pl/produkt/c3-aircross/vr7cghpy4tt221281/,https://raw.githubusercontent.com/Andy11001/-alfa-inventory/master/data/images/VR7CGHPY4TT221281_clean.webp,Citroën,C3 Aircross,2025,0,KM,SUV,Montana Green,New,114752 PLN,PLN,"{""addr1"": ""AL. GRUNWALDZKA 256"", ""city"": ""GDAŃSK"", ""region"": ""POMORSKIE"", ""country"": ""PL""}",54.4022,18.5714,LEASE,1465 PLN,per month,Hybrid,Automatic,FWD
VR7CGHPY0TT219155,C3 Aircross Max · od 1465 PLN/mies.,Citroën C3 Aircross Max · Rata od 1465 PLN netto/mies. · Leasing B2B · Gdańsk · Sprawdź ofertę!,https://sklep.citroen.pl/produkt/c3-aircross/vr7cghpy0tt219155/,https://raw.githubusercontent.com/Andy11001/-alfa-inventory/master/data/images/VR7CGHPY0TT219155_clean.webp,Citroën,C3 Aircross,2025,0,KM,SUV,Montana Green,New,114752 PLN,PLN,"{""addr1"": ""AL. GRUNWALDZKA 256"", ""city"": ""GDAŃSK"", ""region"": ""POMORSKIE"", ""country"": ""PL""}",54.4022,18.5714,LEASE,1465 PLN,per month,Hybrid,Automatic,FWD
VR7CGHPY3TT219229,C3 Aircross Max · od 1465 PLN/mies.,Citroën C3 Aircross Max · Rata od 1465 PLN netto/mies. · Leasing B2B · Gdańsk · Sprawdź ofertę!,https://sklep.citroen.pl/produkt/c3-aircross/vr7cghpy3tt219229/,https://raw.githubusercontent.com/Andy11001/-alfa-inventory/master/data/images/VR7CGHPY3TT219229_clean.webp,Citroën,C3 Aircross,2025,0,KM,SUV,Montana Green,New,114752 PLN,PLN,"{""addr1"": ""AL. GRUNWALDZKA 256"", ""city"": ""GDAŃSK"", ""region"": ""POMORSKIE"", ""country"": ""PL""}",54.4022,18.5714,LEASE,1465 PLN,per month,Hybrid,Automatic,FWD
VR7BAHPY2TE036888,C4 Plus · od 1399 PLN/mies.,Citroën C4 Plus · Rata od 1399 PLN netto/mies. · Leasing B2B · Poznań · Sprawdź ofertę!,https://sklep.citroen.pl/produkt/c4/vr7bahpy2te036888/,https://raw.githubusercontent.com/Andy11001/-alfa-inventory/master/data/images/VR7BAHPY2TE036888_clean.webp,Citroën,C4,2025,0,KM,Hatchback,Gris Mercury,New,109596 PLN,PLN,"{""addr1"": ""UL. KRZYWOUSTEGO 71"", ""city"": ""POZNAŃ"", ""region"": ""WIELKOPOLSKIE"", ""country"": ""PL""}",52.3787,17.0270,LEASE,1399 PLN,per month,Hybrid,Automatic,FWD
VR7BAHPY2TE036678,C4 Plus · od 1399 PLN/mies.,Citroën C4 Plus · Rata od 1399 PLN netto/mies. · Leasing B2B · Poznań · Sprawdź ofertę!,https://sklep.citroen.pl/produkt/c4/vr7bahpy2te036678/,https://raw.githubusercontent.com/Andy11001/-alfa-inventory/master/data/images/VR7BAHPY2TE036678_clean.webp,Citroën,C4,2025,0,KM,Hatchback,Manhattan Green,New,109596 PLN,PLN,"{""addr1"": ""UL. KRZYWOUSTEGO 71"", ""city"": ""POZNAŃ"", ""region"": ""WIELKOPOLSKIE"", ""country"": ""PL""}",52.3787,17.0270,LEASE,1399 PLN,per month,Hybrid,Automatic,FWD
VR7CGHPY8TT192089,C3 Aircross Max · od 1452 PLN/mies.,Citroën C3 Aircross Max · Rata od 1452 PLN netto/mies. · Leasing B2B · Kraków · Sprawdź ofertę!,https://sklep.citroen.pl/produkt/c3-aircross/vr7cghpy8tt192089/,https://raw.githubusercontent.com/Andy11001/-alfa-inventory/master/data/images/VR7CGHPY8TT192089_clean.webp,Citroën,C3 Aircross,2025,0,KM,SUV,Polar White,New,113784 PLN,PLN,"{""addr1"": ""UL. OPOLSKA 9"", ""city"": ""KRAKÓW"", ""region"": ""MAŁOPOLSKIE"", ""country"": ""PL""}",50.0931,19.9238,LEASE,1452 PLN,per month,Hybrid,Automatic,FWD
VR7BAHPY1TE037496,C4 Business · od 1630 PLN/mies.,Citroën C4 Business · Rata od 1630 PLN netto/mies. · Leasing B2B · Szczecin · Sprawdź ofertę!,https://sklep.citroen.pl/produkt/c4/vr7bahpy1te037496/,https://raw.githubusercontent.com/Andy11001/-alfa-inventory/master/data/images/VR7BAHPY1TE037496_clean.webp,Citroën,C4,2025,0,KM,Hatchback,Gris Mercury,New,127750 PLN,PLN,"{""addr1"": ""UL. STRUGA 1B"", ""city"": ""SZCZECIN"", ""region"": ""ZACHODNIOPOMORSKIE"", ""country"": ""PL""}",53.3891,14.6543,LEASE,1630 PLN,per month,Hybrid,Automatic,FWD
VR7CGHPY5TT244892,C3 Aircross Max · od 1434 PLN/mies.,Citroën C3 Aircross Max · Rata od 1434 PLN netto/mies. · Leasing B2B · Gdańsk · Sprawdź ofertę!,https://sklep.citroen.pl/produkt/c3-aircross/vr7cghpy5tt244892/,https://raw.githubusercontent.com/Andy11001/-alfa-inventory/master/data/images/VR7CGHPY5TT244892_clean.webp,Citroën,C3 Aircross,2025,0,KM,SUV,Noir Perla Nera,New,112288 PLN,PLN,"{""addr1"": ""AL. GRUNWALDZKA 256"", ""city"": ""GDAŃSK"", ""region"": ""POMORSKIE"", ""country"": ""PL""}",54.4022,18.5714,LEASE,1434 PLN,per month,Hybrid,Automatic,FWD
VR7CGHPY3TT244891,C3 Aircross Max · od 1434 PLN/mies.,Citroën C3 Aircross Max · Rata od 1434 PLN netto/mies. · Leasing B2B · Gdańsk · Sprawdź ofertę!,https://sklep.citroen.pl/produkt/c3-aircross/vr7cghpy3tt244891/,https://raw.githubusercontent.com/Andy11001/-alfa-inventory/master/data/images/VR7CGHPY3TT244891_clean.webp,Citroën,C3 Aircross,2025,0,KM,SUV,Noir Perla Nera,New,112288 PLN,PLN,"{""addr1"": ""AL. GRUNWALDZKA 256"", ""city"": ""GDAŃSK"", ""region"": ""POMORSKIE"", ""country"": ""PL""}",54.4022,18.5714,LEASE,1434 PLN,per month,Hybrid,Automatic,FWD
VR7CGHPY1TT244680,C3 Aircross Plus · od 1419 PLN/mies.,Citroën C3 Aircross Plus · Rata od 1419 PLN netto/mies. · Leasing B2B · Gdańsk · Sprawdź ofertę!,https://sklep.citroen.pl/produkt/c3-aircross/vr7cghpy1tt244680/,https://raw.githubusercontent.com/Andy11001/-alfa-inventory/master/data/images/VR7CGHPY1TT244680_clean.webp,Citroën,C3 Aircross,2025,0,KM,SUV,B0Mm0B B0Nbright Blueb,New,111144 PLN,PLN,"{""addr1"": ""AL. GRUNWALDZKA 256"", ""city"": ""GDAŃSK"", ""region"": ""POMORSKIE"", ""country"": ""PL""}",54.4022,18.5714,LEASE,1419 PLN,per month,Hybrid,Automatic,FWD
VR7CGHPY6TT244755,C3 Aircross Plus · od 1418 PLN/mies.,Citroën C3 Aircross Plus · Rata od 1418 PLN netto/mies. · Leasing B2B · Łódź · Sprawdź ofertę!,https://sklep.citroen.pl/produkt/c3-aircross/vr7cghpy6tt244755/,https://raw.githubusercontent.com/Andy11001/-alfa-inventory/master/data/images/VR7CGHPY6TT244755_clean.webp,Citroën,C3 Aircross,2025,0,KM,SUV,B0Mm0B B0Nbright Blueb,New,111056 PLN,PLN,"{""addr1"": ""UL. OBYWATELSKA 181"", ""city"": ""ŁÓDŹ"", ""region"": ""ŁÓDZKIE"", ""country"": ""PL""}",51.7371,19.4316,LEASE,1418 PLN,per month,Hybrid,Automatic,FWD
VR7CGHPY4TT243197,C3 Aircross Plus · od 1406 PLN/mies.,Citroën C3 Aircross Plus · Rata od 1406 PLN netto/mies. · Leasing B2B · Kraczkowa · Sprawdź ofertę!,https://sklep.citroen.pl/produkt/c3-aircross/vr7cghpy4tt243197/,https://raw.githubusercontent.com/Andy11001/-alfa-inventory/master/data/images/VR7CGHPY4TT243197_clean.webp,Citroën,C3 Aircross,2025,0,KM,SUV,Mercury Grey,New,110088 PLN,PLN,"{""addr1"": ""KRACZKOWA"", ""city"": ""KRACZKOWA"", ""region"": ""MAZOWIECKIE"", ""country"": ""PL""}",,,LEASE,1406 PLN,per month,Hybrid,Automatic,FWD
VR7BDHPY3TE032730,C4 X Plus · od 1348 PLN/mies.,Citroën C4 X Plus · Rata od 1348 PLN netto/mies. · Leasing B2B · Wrocław · Sprawdź ofertę!,https://sklep.citroen.pl/produkt/c4-x/vr7bdhpy3te032730/,https://raw.githubusercontent.com/Andy11001/-alfa-inventory/master/data/images/VR7BDHPY3TE032730_clean.webp,Citroën,C4 X,2025,0,KM,SUV,Blanc Okenite,New,105540 PLN,PLN,"{""addr1"": ""UL. SZCZECIŃSKA 7"", ""city"": ""WROCŁAW"", ""region"": ""DOLNOŚLĄSKIE"", ""country"": ""PL""}",51.1274,16.9535,LEASE,1348 PLN,per month,Hybrid,Automatic,FWD
VR7BAHPY5TE023195,C4 Collection · od 1343 PLN/mies.,Citroën C4 Collection · Rata od 1343 PLN netto/mies. · Leasing B2B · Bielsko-Biała · Sprawdź ofertę!,https://sklep.citroen.pl/produkt/c4/vr7bahpy5te023195/,https://raw.githubusercontent.com/Andy11001/-alfa-inventory/master/data/images/VR7BAHPY5TE023195_clean.jpg,Citroën,C4,2025,0,KM,Hatchback,Bleu Eclipse,New,105118 PLN,PLN,"{""addr1"": ""BIELSKO-BIAŁA"", ""city"": ""BIELSKO-BIAŁA"", ""region"": ""ŚLĄSKIE"", ""country"": ""PL""}",,,LEASE,1343 PLN,per month,Hybrid,Automatic,FWD
VR7BAHPY9TE023202,C4 Collection · od 1343 PLN/mies.,Citroën C4 Collection · Rata od 1343 PLN netto/mies. · Leasing B2B · Łódź · Sprawdź ofertę!,https://sklep.citroen.pl/produkt/c4/vr7bahpy9te023202/,https://raw.githubusercontent.com/Andy11001/-alfa-inventory/master/data/images/VR7BAHPY9TE023202_clean.webp,Citroën,C4,2025,0,KM,Hatchback,Bleu Eclipse,New,105118 PLN,PLN,"{""addr1"": ""UL. OBYWATELSKA 181"", ""city"": ""ŁÓDŹ"", ""region"": ""ŁÓDZKIE"", ""country"": ""PL""}",51.7371,19.4316,LEASE,1343 PLN,per month,Hybrid,Automatic,FWD
VR7BAHPY5TE024640,C4 Plus · od 1325 PLN/mies.,Citroën C4 Plus · Rata od 1325 PLN netto/mies. · Leasing B2B · Bielsko-Biała · Sprawdź ofertę!,https://sklep.citroen.pl/produkt/c4/vr7bahpy5te024640/,https://raw.githubusercontent.com/Andy11001/-alfa-inventory/master/data/images/VR7BAHPY5TE024640_clean.webp,Citroën,C4,2025,0,KM,Hatchback,Manhattan Green,New,103766 PLN,PLN,"{""addr1"": ""BIELSKO-BIAŁA"", ""city"": ""BIELSKO-BIAŁA"", ""region"": ""ŚLĄSKIE"", ""country"": ""PL""}",,,LEASE,1325 PLN,per month,Hybrid,Automatic,FWD
VR7CGHPYXTT244693,C3 Aircross Plus · od 1370 PLN/mies.,Citroën C3 Aircross Plus · Rata od 1370 PLN netto/mies. · Leasing B2B · Kutno · Sprawdź ofertę!,https://sklep.citroen.pl/produkt/c3-aircross/vr7cghpyxtt244693/,https://raw.githubusercontent.com/Andy11001/-alfa-inventory/master/data/images/VR7CGHPYXTT244693_clean.webp,Citroën,C3 Aircross,2025,0,KM,SUV,Noir Perla Nera,New,107272 PLN,PLN,"{""addr1"": ""KUTNO"", ""city"": ""KUTNO"", ""region"": ""MAZOWIECKIE"", ""country"": ""PL""}",,,LEASE,1370 PLN,per month,Hybrid,Automatic,FWD
VR7CGHPY5TT244794,C3 Aircross Plus · od 1369 PLN/mies.,Citroën C3 Aircross Plus · Rata od 1369 PLN netto/mies. · Leasing B2B · Wrocław · Sprawdź ofertę!,https://sklep.citroen.pl/produkt/c3-aircross/vr7cghpy5tt244794/,https://raw.githubusercontent.com/Andy11001/-alfa-inventory/master/data/images/VR7CGHPY5TT244794_clean.webp,Citroën,C3 Aircross,2025,0,KM,SUV,Noir Perla Nera,New,107184 PLN,PLN,"{""addr1"": ""UL. SZCZECIŃSKA 7"", ""city"": ""WROCŁAW"", ""region"": ""DOLNOŚLĄSKIE"", ""country"": ""PL""}",51.1274,16.9535,LEASE,1369 PLN,per month,Hybrid,Automatic,FWD
VR7CGHPX7TT243153,C3 Aircross Plus · od 1367 PLN/mies.,Citroën C3 Aircross Plus · Rata od 1367 PLN netto/mies. · Leasing B2B · Wrocław · Sprawdź ofertę!,https://sklep.citroen.pl/produkt/c3-aircross/vr7cghpx7tt243153/,https://raw.githubusercontent.com/Andy11001/-alfa-inventory/master/data/images/VR7CGHPX7TT243153_clean.webp,Citroën,C3 Aircross,2025,0,KM,SUV,Elixir Red,New,107008 PLN,PLN,"{""addr1"": ""UL. SZCZECIŃSKA 7"", ""city"": ""WROCŁAW"", ""region"": ""DOLNOŚLĄSKIE"", ""country"": ""PL""}",51.1274,16.9535,LEASE,1367 PLN,per month,Hybrid,Automatic,FWD
VR7BDHPY3TE026619,C4 X Plus · od 1294 PLN/mies.,Citroën C4 X Plus · Rata od 1294 PLN netto/mies. · Leasing B2B · Opole · Sprawdź ofertę!,https://sklep.citroen.pl/produkt/c4-x/vr7bdhpy3te026619/,https://raw.githubusercontent.com/Andy11001/-alfa-inventory/master/data/images/VR7BDHPY3TE026619_clean.webp,Citroën,C4 X,2025,0,KM,SUV,Perla Nera,New,101316 PLN,PLN,"{""addr1"": ""OPOLE"", ""city"": ""OPOLE"", ""region"": ""OPOLSKIE"", ""country"": ""PL""}",,,LEASE,1294 PLN,per month,Hybrid,Automatic,FWD
VR7CBZYA3SZ801168,C3 Plus · od 12673 PLN/mies.,Citroën C3 Plus · Rata od 12673 PLN netto/mies. · Leasing B2B · Warszawa · Sprawdź ofertę!,https://sklep.citroen.pl/produkt/c3/vr7cbzya3sz801168/,https://raw.githubusercontent.com/Andy11001/-alfa-inventory/master/data/images/VR7CBZYA3SZ801168_clean.jpg,Citroën,C3,2025,0,KM,Hatchback,Mercury Grey,New,998800 PLN,PLN,"{""addr1"": ""AL. KRAKOWSKA 206"", ""city"": ""WARSZAWA"", ""region"": ""MAZOWIECKIE"", ""country"": ""PL""}",52.2084,20.9412,LEASE,12673 PLN,per month,Electric,Automatic,FWD
VR7CGHPV7TT244804,C3 Aircross Plus · od 1194 PLN/mies.,Citroën C3 Aircross Plus · Rata od 1194 PLN netto/mies. · Leasing B2B · Kraków · Sprawdź ofertę!,https://sklep.citroen.pl/produkt/c3-aircross/vr7cghpv7tt244804/,https://raw.githubusercontent.com/Andy11001/-alfa-inventory/master/data/images/VR7CGHPV7TT244804_clean.webp,Citroën,C3 Aircross,2025,0,KM,SUV,B0Mm0B B0Nbright Blueb,New,93412 PLN,PLN,"{""addr1"": ""UL. OPOLSKA 9"", ""city"": ""KRAKÓW"", ""region"": ""MAŁOPOLSKIE"", ""country"": ""PL""}",50.0931,19.9238,LEASE,1194 PLN,per month,Gasoline,Manual,FWD
VR7CGHPV1TT244801,C3 Aircross Plus · od 1194 PLN/mies.,Citroën C3 Aircross Plus · Rata od 1194 PLN netto/mies. · Leasing B2B · Rybnik · Sprawdź ofertę!,https://sklep.citroen.pl/produkt/c3-aircross/vr7cghpv1tt244801/,https://raw.githubusercontent.com/Andy11001/-alfa-inventory/master/data/images/VR7CGHPV1TT244801_clean.webp,Citroën,C3 Aircross,2025,0,KM,SUV,B0Mm0B B0Nbright Blueb,New,93412 PLN,PLN,"{""addr1"": ""RYBNIK"", ""city"": ""RYBNIK"", ""region"": ""ŚLĄSKIE"", ""country"": ""PL""}",,,LEASE,1194 PLN,per month,Gasoline,Manual,FWD
VR7CGHPV3TT244802,C3 Aircross Plus · od 1194 PLN/mies.,Citroën C3 Aircross Plus · Rata od 1194 PLN netto/mies. · Leasing B2B · Gliwice · Sprawdź ofertę!,https://sklep.citroen.pl/produkt/c3-aircross/vr7cghpv3tt244802/,https://raw.githubusercontent.com/Andy11001/-alfa-inventory/master/data/images/VR7CGHPV3TT244802_clean.webp,Citroën,C3 Aircross,2025,0,KM,SUV,B0Mm0B B0Nbright Blueb,New,93412 PLN,PLN,"{""addr1"": ""GLIWICE"", ""city"": ""GLIWICE"", ""region"": ""ŚLĄSKIE"", ""country"": ""PL""}",,,LEASE,1194 PLN,per month,Gasoline,Manual,FWD
VR7CGHPV6TT244938,C3 Aircross Plus · od 1194 PLN/mies.,Citroën C3 Aircross Plus · Rata od 1194 PLN netto/mies. · Leasing B2B · Gliwice · Sprawdź ofertę!,https://sklep.citroen.pl/produkt/c3-aircross/vr7cghpv6tt244938/,https://raw.githubusercontent.com/Andy11001/-alfa-inventory/master/data/images/VR7CGHPV6TT244938_clean.webp,Citroën,C3 Aircross,2025,0,KM,SUV,Mercury Grey,New,93412 PLN,PLN,"{""addr1"": ""GLIWICE"", ""city"": ""GLIWICE"", ""region"": ""ŚLĄSKIE"", ""country"": ""PL""}",,,LEASE,1194 PLN,per month,Gasoline,Manual,FWD
VR7CGHPVXTT244800,C3 Aircross Plus · od 1194 PLN/mies.,Citroën C3 Aircross Plus · Rata od 1194 PLN netto/mies. · Leasing B2B · Gliwice · Sprawdź ofertę!,https://sklep.citroen.pl/produkt/c3-aircross/vr7cghpvxtt244800/,https://raw.githubusercontent.com/Andy11001/-alfa-inventory/master/data/images/VR7CGHPVXTT244800_clean.webp,Citroën,C3 Aircross,2025,0,KM,SUV,B0Mm0B B0Nbright Blueb,New,93412 PLN,PLN,"{""addr1"": ""GLIWICE"", ""city"": ""GLIWICE"", ""region"": ""ŚLĄSKIE"", ""country"": ""PL""}",,,LEASE,1194 PLN,per month,Gasoline,Manual,FWD
VR7CGHPV8TT244939,C3 Aircross Plus · od 1194 PLN/mies.,Citroën C3 Aircross Plus · Rata od 1194 PLN netto/mies. · Leasing B2B · Gliwice · Sprawdź ofertę!,https://sklep.citroen.pl/produkt/c3-aircross/vr7cghpv8tt244939/,https://raw.githubusercontent.com/Andy11001/-alfa-inventory/master/data/images/VR7CGHPV8TT244939_clean.webp,Citroën,C3 Aircross,2025,0,KM,SUV,Mercury Grey,New,93412 PLN,PLN,"{""addr1"": ""GLIWICE"", ""city"": ""GLIWICE"", ""region"": ""ŚLĄSKIE"", ""country"": ""PL""}",,,LEASE,1194 PLN,per month,Gasoline,Manual,FWD
VR7CCHPX2TT244366,C3 Max · od 1245 PLN/mies.,Citroën C3 Max · Rata od 1245 PLN netto/mies. · Leasing B2B · Białystok · Sprawdź ofertę!,https://sklep.citroen.pl/produkt/c3/vr7cchpx2tt244366/,https://raw.githubusercontent.com/Andy11001/-alfa-inventory/master/data/images/VR7CCHPX2TT244366_clean.webp,Citroën,C3,2025,0,KM,Hatchback,Polar White,New,97382 PLN,PLN,"{""addr1"": ""BIAŁYSTOK"", ""city"": ""BIAŁYSTOK"", ""region"": ""PODLASKIE"", ""country"": ""PL""}",,,LEASE,1245 PLN,per month,Hybrid,Automatic,FWD
VR7CGHPV4TT244923,C3 Aircross Plus · od 1181 PLN/mies.,Citroën C3 Aircross Plus · Rata od 1181 PLN netto/mies. · Leasing B2B · Katowice · Sprawdź ofertę!,https://sklep.citroen.pl/produkt/c3-aircross/vr7cghpv4tt244923/,https://raw.githubusercontent.com/Andy11001/-alfa-inventory/master/data/images/VR7CGHPV4TT244923_clean.webp,Citroën,C3 Aircross,2025,0,KM,SUV,Polar White,New,92356 PLN,PLN,"{""addr1"": ""AL. ROŹDZIEŃSKIEGO 170"", ""city"": ""KATOWICE"", ""region"": ""ŚLĄSKIE"", ""country"": ""PL""}",50.2649,19.0238,LEASE,1181 PLN,per month,Gasoline,Manual,FWD
VR7CGHPV2TT244919,C3 Aircross Plus · od 1181 PLN/mies.,Citroën C3 Aircross Plus · Rata od 1181 PLN netto/mies. · Leasing B2B · Radom · Sprawdź ofertę!,https://sklep.citroen.pl/produkt/c3-aircross/vr7cghpv2tt244919/,https://raw.githubusercontent.com/Andy11001/-alfa-inventory/master/data/images/VR7CGHPV2TT244919_clean.webp,Citroën,C3 Aircross,2025,0,KM,SUV,Polar White,New,92356 PLN,PLN,"{""addr1"": ""RADOM"", ""city"": ""RADOM"", ""region"": ""MAZOWIECKIE"", ""country"": ""PL""}",,,LEASE,1181 PLN,per month,Gasoline,Manual,FWD
VR7CGHPV2TT244922,C3 Aircross Plus · od 1181 PLN/mies.,Citroën C3 Aircross Plus · Rata od 1181 PLN netto/mies. · Leasing B2B · Wrocław · Sprawdź ofertę!,https://sklep.citroen.pl/produkt/c3-aircross/vr7cghpv2tt244922/,https://raw.githubusercontent.com/Andy11001/-alfa-inventory/master/data/images/VR7CGHPV2TT244922_clean.jpg,Citroën,C3 Aircross,2025,0,KM,SUV,Polar White,New,92356 PLN,PLN,"{""addr1"": ""UL. SZCZECIŃSKA 7"", ""city"": ""WROCŁAW"", ""region"": ""DOLNOŚLĄSKIE"", ""country"": ""PL""}",51.1274,16.9535,LEASE,1181 PLN,per month,Gasoline,Manual,FWD
VR7CGHPVXTT244912,C3 Aircross Plus · od 1177 PLN/mies.,Citroën C3 Aircross Plus · Rata od 1177 PLN netto/mies. · Leasing B2B · Radom · Sprawdź ofertę!,https://sklep.citroen.pl/produkt/c3-aircross/vr7cghpvxtt244912/,https://raw.githubusercontent.com/Andy11001/-alfa-inventory/master/data/images/VR7CGHPVXTT244912_clean.webp,Citroën,C3 Aircross,2025,0,KM,SUV,Mercury Grey,New,92092 PLN,PLN,"{""addr1"": ""RADOM"", ""city"": ""RADOM"", ""region"": ""MAZOWIECKIE"", ""country"": ""PL""}",,,LEASE,1177 PLN,per month,Gasoline,Manual,FWD
VR7CGHPV6TT244907,C3 Aircross Plus · od 1177 PLN/mies.,Citroën C3 Aircross Plus · Rata od 1177 PLN netto/mies. · Leasing B2B · Wrocław · Sprawdź ofertę!,https://sklep.citroen.pl/produkt/c3-aircross/vr7cghpv6tt244907/,https://raw.githubusercontent.com/Andy11001/-alfa-inventory/master/data/images/VR7CGHPV6TT244907_clean.webp,Citroën,C3 Aircross,2025,0,KM,SUV,B0Mm0B B0Nbright Blueb,New,92092 PLN,PLN,"{""addr1"": ""UL. SZCZECIŃSKA 7"", ""city"": ""WROCŁAW"", ""region"": ""DOLNOŚLĄSKIE"", ""country"": ""PL""}",51.1274,16.9535,LEASE,1177 PLN,per month,Gasoline,Manual,FWD
VR7CCHPX7TT244427,C3 Max · od 1225 PLN/mies.,Citroën C3 Max · Rata od 1225 PLN netto/mies. · Leasing B2B · Białystok · Sprawdź ofertę!,https://sklep.citroen.pl/produkt/c3/vr7cchpx7tt244427/,https://raw.githubusercontent.com/Andy11001/-alfa-inventory/master/data/images/VR7CCHPX7TT244427_clean.webp,Citroën,C3,2025,0,KM,Hatchback,Monte Carlo,New,95818 PLN,PLN,"{""addr1"": ""BIAŁYSTOK"", ""city"": ""BIAŁYSTOK"", ""region"": ""PODLASKIE"", ""country"": ""PL""}",,,LEASE,1225 PLN,per month,Hybrid,Automatic,FWD
VR7CCHPX6VZ828611,C3 Max · od 1225 PLN/mies.,Citroën C3 Max · Rata od 1225 PLN netto/mies. · Leasing B2B · Warszawa · Sprawdź ofertę!,https://sklep.citroen.pl/produkt/c3/vr7cchpx6vz828611/,https://raw.githubusercontent.com/Andy11001/-alfa-inventory/master/data/images/VR7CCHPX6VZ828611_clean.webp,Citroën,C3,2025,0,KM,Hatchback,Monte Carlo,New,95818 PLN,PLN,"{""addr1"": ""AL. KRAKOWSKA 206"", ""city"": ""WARSZAWA"", ""region"": ""MAZOWIECKIE"", ""country"": ""PL""}",52.2084,20.9412,LEASE,1225 PLN,per month,Hybrid,Automatic,FWD
VR7CCHPX7TT236022,C3 Business · od 1318 PLN/mies.,Citroën C3 Business · Rata od 1318 PLN netto/mies. · Leasing B2B · Opole · Sprawdź ofertę!,https://sklep.citroen.pl/produkt/c3/vr7cchpx7tt236022/,https://raw.githubusercontent.com/Andy11001/-alfa-inventory/master/data/images/VR7CCHPX7TT236022_clean.webp,Citroën,C3,2025,0,KM,Hatchback,Noir Perla Nera,New,103200 PLN,PLN,"{""addr1"": ""OPOLE"", ""city"": ""OPOLE"", ""region"": ""OPOLSKIE"", ""country"": ""PL""}",,,LEASE,1318 PLN,per month,Hybrid,Automatic,FWD
VR7CCHPX8ST238490,C3 Max · od 1306 PLN/mies.,Citroën C3 Max · Rata od 1306 PLN netto/mies. · Leasing B2B · Warszawa · Sprawdź ofertę!,https://sklep.citroen.pl/produkt/c3/vr7cchpx8st238490/,https://raw.githubusercontent.com/Andy11001/-alfa-inventory/master/data/images/VR7CCHPX8ST238490_clean.webp,Citroën,C3,2025,0,KM,Hatchback,Rouge Elixir,New,102200 PLN,PLN,"{""addr1"": ""AL. KRAKOWSKA 206"", ""city"": ""WARSZAWA"", ""region"": ""MAZOWIECKIE"", ""country"": ""PL""}",52.2084,20.9412,LEASE,1306 PLN,per month,Hybrid,Automatic,FWD
VR7CGHPV1TT244779,C3 Aircross Plus · od 1145 PLN/mies.,Citroën C3 Aircross Plus · Rata od 1145 PLN netto/mies. · Leasing B2B · Radom · Sprawdź ofertę!,https://sklep.citroen.pl/produkt/c3-aircross/vr7cghpv1tt244779/,https://raw.githubusercontent.com/Andy11001/-alfa-inventory/master/data/images/VR7CGHPV1TT244779_clean.webp,Citroën,C3 Aircross,2025,0,KM,SUV,Noir Perla Nera,New,89540 PLN,PLN,"{""addr1"": ""RADOM"", ""city"": ""RADOM"", ""region"": ""MAZOWIECKIE"", ""country"": ""PL""}",,,LEASE,1145 PLN,per month,Gasoline,Manual,FWD
VR7CCHPX0TT233494,C3 Plus · od 1223 PLN/mies.,Citroën C3 Plus · Rata od 1223 PLN netto/mies. · Leasing B2B · Poznań · Sprawdź ofertę!,https://sklep.citroen.pl/produkt/c3/vr7cchpx0tt233494/,https://raw.githubusercontent.com/Andy11001/-alfa-inventory/master/data/images/VR7CCHPX0TT233494_clean.webp,Citroën,C3,2025,0,KM,Hatchback,Polar White,New,95689 PLN,PLN,"{""addr1"": ""UL. KRZYWOUSTEGO 71"", ""city"": ""POZNAŃ"", ""region"": ""WIELKOPOLSKIE"", ""country"": ""PL""}",52.3787,17.0270,LEASE,1223 PLN,per month,Hybrid,Automatic,FWD
VR7CGHPVXTT244778,C3 Aircross Plus · od 1101 PLN/mies.,Citroën C3 Aircross Plus · Rata od 1101 PLN netto/mies. · Leasing B2B · Bydgoszcz · Sprawdź ofertę!,https://sklep.citroen.pl/produkt/c3-aircross/vr7cghpvxtt244778/,https://raw.githubusercontent.com/Andy11001/-alfa-inventory/master/data/images/VR7CGHPVXTT244778_clean.webp,Citroën,C3 Aircross,2025,0,KM,SUV,Noir Perla Nera,New,86064 PLN,PLN,"{""addr1"": ""BYDGOSZCZ"", ""city"": ""BYDGOSZCZ"", ""region"": ""KUJAWSKO-POMORSKIE"", ""country"": ""PL""}",,,LEASE,1101 PLN,per month,Gasoline,Manual,FWD
VR7CCHPX3TT240696,C3 Plus · od 1175 PLN/mies.,Citroën C3 Plus · Rata od 1175 PLN netto/mies. · Leasing B2B · Bielsko-Biała · Sprawdź ofertę!,https://sklep.citroen.pl/produkt/c3/vr7cchpx3tt240696/,https://raw.githubusercontent.com/Andy11001/-alfa-inventory/master/data/images/VR7CCHPX3TT240696_clean.webp,Citroën,C3,2025,0,KM,Hatchback,Bright Blue,New,91865 PLN,PLN,"{""addr1"": ""BIELSKO-BIAŁA"", ""city"": ""BIELSKO-BIAŁA"", ""region"": ""ŚLĄSKIE"", ""country"": ""PL""}",,,LEASE,1175 PLN,per month,Hybrid,Automatic,FWD
VR7CCHPX4TT244305,C3 Plus · od 1175 PLN/mies.,Citroën C3 Plus · Rata od 1175 PLN netto/mies. · Leasing B2B · Radom · Sprawdź ofertę!,https://sklep.citroen.pl/produkt/c3/vr7cchpx4tt244305/,https://raw.githubusercontent.com/Andy11001/-alfa-inventory/master/data/images/VR7CCHPX4TT244305_clean.jpg,Citroën,C3,2025,0,KM,Hatchback,Mercury Grey,New,91865 PLN,PLN,"{""addr1"": ""RADOM"", ""city"": ""RADOM"", ""region"": ""MAZOWIECKIE"", ""country"": ""PL""}",,,LEASE,1175 PLN,per month,Hybrid,Automatic,FWD
VR7CCHPX8TZ832611,C3 Plus · od 1173 PLN/mies.,Citroën C3 Plus · Rata od 1173 PLN netto/mies. · Leasing B2B · Łódź · Sprawdź ofertę!,https://sklep.citroen.pl/produkt/c3/vr7cchpx8tz832611/,https://raw.githubusercontent.com/Andy11001/-alfa-inventory/master/data/images/VR7CCHPX8TZ832611_clean.webp,Citroën,C3,2025,0,KM,Hatchback,Mercury Grey,New,91770 PLN,PLN,"{""addr1"": ""UL. OBYWATELSKA 181"", ""city"": ""ŁÓDŹ"", ""region"": ""ŁÓDZKIE"", ""country"": ""PL""}",51.7371,19.4316,LEASE,1173 PLN,per month,Hybrid,Automatic,FWD
VR7CCHPXXST265268,C3 Plus · od 1234 PLN/mies.,Citroën C3 Plus · Rata od 1234 PLN netto/mies. · Leasing B2B · Warszawa · Sprawdź ofertę!,https://sklep.citroen.pl/produkt/c3/vr7cchpxxst265268/,https://raw.githubusercontent.com/Andy11001/-alfa-inventory/master/data/images/VR7CCHPXXST265268_clean.webp,Citroën,C3,2025,0,KM,Hatchback,Mercury Grey,New,96575 PLN,PLN,"{""addr1"": ""AL. KRAKOWSKA 206"", ""city"": ""WARSZAWA"", ""region"": ""MAZOWIECKIE"", ""country"": ""PL""}",52.2084,20.9412,LEASE,1234 PLN,per month,Hybrid,Automatic,FWD
VR7CCHPVXTT242329,C3 Max · od 1124 PLN/mies.,Citroën C3 Max · Rata od 1124 PLN netto/mies. · Leasing B2B · Gorzów Wielkopolski · Sprawdź ofertę!,https://sklep.citroen.pl/produkt/c3/vr7cchpvxtt242329/,https://raw.githubusercontent.com/Andy11001/-alfa-inventory/master/data/images/VR7CCHPVXTT242329_clean.webp,Citroën,C3,2025,0,KM,Hatchback,Rouge Elixir,New,87906 PLN,PLN,"{""addr1"": ""GORZÓW WIELKOPOLSKI"", ""city"": ""GORZÓW WIELKOPOLSKI"", ""region"": ""MAZOWIECKIE"", ""country"": ""PL""}",,,LEASE,1124 PLN,per month,Gasoline,Manual,FWD
VR7CCHPX4ST265136,C3 Plus · od 1215 PLN/mies.,Citroën C3 Plus · Rata od 1215 PLN netto/mies. · Leasing B2B · Warszawa · Sprawdź ofertę!,https://sklep.citroen.pl/produkt/c3/vr7cchpx4st265136/,https://raw.githubusercontent.com/Andy11001/-alfa-inventory/master/data/images/VR7CCHPX4ST265136_clean.webp,Citroën,C3,2025,0,KM,Hatchback,Polar White,New,95075 PLN,PLN,"{""addr1"": ""AL. KRAKOWSKA 206"", ""city"": ""WARSZAWA"", ""region"": ""MAZOWIECKIE"", ""country"": ""PL""}",52.2084,20.9412,LEASE,1215 PLN,per month,Hybrid,Automatic,FWD
VR7CCHPV6TT242327,C3 Max · od 1113 PLN/mies.,Citroën C3 Max · Rata od 1113 PLN netto/mies. · Leasing B2B · Gorzów Wielkopolski · Sprawdź ofertę!,https://sklep.citroen.pl/produkt/c3/vr7cchpv6tt242327/,https://raw.githubusercontent.com/Andy11001/-alfa-inventory/master/data/images/VR7CCHPV6TT242327_clean.webp,Citroën,C3,2025,0,KM,Hatchback,Mercury Grey,New,87032 PLN,PLN,"{""addr1"": ""GORZÓW WIELKOPOLSKI"", ""city"": ""GORZÓW WIELKOPOLSKI"", ""region"": ""MAZOWIECKIE"", ""country"": ""PL""}",,,LEASE,1113 PLN,per month,Gasoline,Manual,FWD
VR7CCHPV1TT242221,C3 Max · od 1112 PLN/mies.,Citroën C3 Max · Rata od 1112 PLN netto/mies. · Leasing B2B · Słupsk · Sprawdź ofertę!,https://sklep.citroen.pl/produkt/c3/vr7cchpv1tt242221/,https://raw.githubusercontent.com/Andy11001/-alfa-inventory/master/data/images/VR7CCHPV1TT242221_clean.webp,Citroën,C3,2025,0,KM,Hatchback,Noir Perla Nera,New,86940 PLN,PLN,"{""addr1"": ""SŁUPSK"", ""city"": ""SŁUPSK"", ""region"": ""POMORSKIE"", ""country"": ""PL""}",,,LEASE,1112 PLN,per month,Gasoline,Manual,FWD
VR7CCHPV3TT257321,C3 Max · od 1099 PLN/mies.,Citroën C3 Max · Rata od 1099 PLN netto/mies. · Leasing B2B · Płock · Sprawdź ofertę!,https://sklep.citroen.pl/produkt/c3/vr7cchpv3tt257321/,https://raw.githubusercontent.com/Andy11001/-alfa-inventory/master/data/images/VR7CCHPV3TT257321_clean.jpg,Citroën,C3,2025,0,KM,Hatchback,Polar White,New,85928 PLN,PLN,"{""addr1"": ""PŁOCK"", ""city"": ""PŁOCK"", ""region"": ""MAZOWIECKIE"", ""country"": ""PL""}",,,LEASE,1099 PLN,per month,Gasoline,Manual,FWD
VR7CCHPV6TT242487,C3 Max · od 1099 PLN/mies.,Citroën C3 Max · Rata od 1099 PLN netto/mies. · Leasing B2B · Wrocław · Sprawdź ofertę!,https://sklep.citroen.pl/produkt/c3/vr7cchpv6tt242487/,https://raw.githubusercontent.com/Andy11001/-alfa-inventory/master/data/images/VR7CCHPV6TT242487_clean.webp,Citroën,C3,2025,0,KM,Hatchback,Polar White,New,85928 PLN,PLN,"{""addr1"": ""UL. SZCZECIŃSKA 7"", ""city"": ""WROCŁAW"", ""region"": ""DOLNOŚLĄSKIE"", ""country"": ""PL""}",51.1274,16.9535,LEASE,1099 PLN,per month,Gasoline,Manual,FWD
VR7CCHPV1TT242493,C3 Max · od 1099 PLN/mies.,Citroën C3 Max · Rata od 1099 PLN netto/mies. · Leasing B2B · Gliwice · Sprawdź ofertę!,https://sklep.citroen.pl/produkt/c3/vr7cchpv1tt242493/,https://raw.githubusercontent.com/Andy11001/-alfa-inventory/master/data/images/VR7CCHPV1TT242493_clean.webp,Citroën,C3,2025,0,KM,Hatchback,Polar White,New,85928 PLN,PLN,"{""addr1"": ""GLIWICE"", ""city"": ""GLIWICE"", ""region"": ""ŚLĄSKIE"", ""country"": ""PL""}",,,LEASE,1099 PLN,per month,Gasoline,Manual,FWD
VR7CCHPV6TT242490,C3 Max · od 1099 PLN/mies.,Citroën C3 Max · Rata od 1099 PLN netto/mies. · Leasing B2B · Elbląg · Sprawdź ofertę!,https://sklep.citroen.pl/produkt/c3/vr7cchpv6tt242490/,https://raw.githubusercontent.com/Andy11001/-alfa-inventory/master/data/images/VR7CCHPV6TT242490_clean.webp,Citroën,C3,2025,0,KM,Hatchback,Polar White,New,85928 PLN,PLN,"{""addr1"": ""ELBLĄG"", ""city"": ""ELBLĄG"", ""region"": ""MAZOWIECKIE"", ""country"": ""PL""}",,,LEASE,1099 PLN,per month,Gasoline,Manual,FWD
VR7CCHPV8TT242488,C3 Max · od 1099 PLN/mies.,Citroën C3 Max · Rata od 1099 PLN netto/mies. · Leasing B2B · Wrocław · Sprawdź ofertę!,https://sklep.citroen.pl/produkt/c3/vr7cchpv8tt242488/,https://raw.githubusercontent.com/Andy11001/-alfa-inventory/master/data/images/VR7CCHPV8TT242488_clean.webp,Citroën,C3,2025,0,KM,Hatchback,Polar White,New,85928 PLN,PLN,"{""addr1"": ""UL. SZCZECIŃSKA 7"", ""city"": ""WROCŁAW"", ""region"": ""DOLNOŚLĄSKIE"", ""country"": ""PL""}",51.1274,16.9535,LEASE,1099 PLN,per month,Gasoline,Manual,FWD
VR7CCHPV2TT242485,C3 Max · od 1099 PLN/mies.,Citroën C3 Max · Rata od 1099 PLN netto/mies. · Leasing B2B · Olsztyn · Sprawdź ofertę!,https://sklep.citroen.pl/produkt/c3/vr7cchpv2tt242485/,https://raw.githubusercontent.com/Andy11001/-alfa-inventory/master/data/images/VR7CCHPV2TT242485_clean.webp,Citroën,C3,2025,0,KM,Hatchback,Polar White,New,85928 PLN,PLN,"{""addr1"": ""OLSZTYN"", ""city"": ""OLSZTYN"", ""region"": ""MAZOWIECKIE"", ""country"": ""PL""}",,,LEASE,1099 PLN,per month,Gasoline,Manual,FWD
VR7CCHPV1TT257320,C3 Max · od 1099 PLN/mies.,Citroën C3 Max · Rata od 1099 PLN netto/mies. · Leasing B2B · Płock · Sprawdź ofertę!,https://sklep.citroen.pl/produkt/c3/vr7cchpv1tt257320/,https://raw.githubusercontent.com/Andy11001/-alfa-inventory/master/data/images/VR7CCHPV1TT257320_clean.webp,Citroën,C3,2025,0,KM,Hatchback,Polar White,New,85928 PLN,PLN,"{""addr1"": ""PŁOCK"", ""city"": ""PŁOCK"", ""region"": ""MAZOWIECKIE"", ""country"": ""PL""}",,,LEASE,1099 PLN,per month,Gasoline,Manual,FWD
VR7CCHPVXTT242492,C3 Max · od 1099 PLN/mies.,Citroën C3 Max · Rata od 1099 PLN netto/mies. · Leasing B2B · Grębów · Sprawdź ofertę!,https://sklep.citroen.pl/produkt/c3/vr7cchpvxtt242492/,https://raw.githubusercontent.com/Andy11001/-alfa-inventory/master/data/images/VR7CCHPVXTT242492_clean.webp,Citroën,C3,2025,0,KM,Hatchback,Polar White,New,85928 PLN,PLN,"{""addr1"": ""GRĘBÓW"", ""city"": ""GRĘBÓW"", ""region"": ""MAZOWIECKIE"", ""country"": ""PL""}",,,LEASE,1099 PLN,per month,Gasoline,Manual,FWD
VR7CCHPV1TT087489,C3 Max · od 1098 PLN/mies.,Citroën C3 Max · Rata od 1098 PLN netto/mies. · Leasing B2B · Warszawa · Sprawdź ofertę!,https://sklep.citroen.pl/produkt/c3/vr7cchpv1tt087489/,https://raw.githubusercontent.com/Andy11001/-alfa-inventory/master/data/images/VR7CCHPV1TT087489_clean.jpg,Citroën,C3,2025,0,KM,Hatchback,Rouge Elixir,New,85836 PLN,PLN,"{""addr1"": ""AL. KRAKOWSKA 206"", ""city"": ""WARSZAWA"", ""region"": ""MAZOWIECKIE"", ""country"": ""PL""}",52.2084,20.9412,LEASE,1098 PLN,per month,Gasoline,Manual,FWD
VR7CCHPX9ST265388,C3 Plus · od 1181 PLN/mies.,Citroën C3 Plus · Rata od 1181 PLN netto/mies. · Leasing B2B · Warszawa · Sprawdź ofertę!,https://sklep.citroen.pl/produkt/c3/vr7cchpx9st265388/,https://raw.githubusercontent.com/Andy11001/-alfa-inventory/master/data/images/VR7CCHPX9ST265388_clean.jpg,Citroën,C3,2025,0,KM,Hatchback,Monte Carlo,New,92400 PLN,PLN,"{""addr1"": ""AL. KRAKOWSKA 206"", ""city"": ""WARSZAWA"", ""region"": ""MAZOWIECKIE"", ""country"": ""PL""}",52.2084,20.9412,LEASE,1181 PLN,per month,Hybrid,Automatic,FWD
VR7CCHPV3TT242396,C3 Max · od 1079 PLN/mies.,Citroën C3 Max · Rata od 1079 PLN netto/mies. · Leasing B2B · Olsztyn · Sprawdź ofertę!,https://sklep.citroen.pl/produkt/c3/vr7cchpv3tt242396/,https://raw.githubusercontent.com/Andy11001/-alfa-inventory/master/data/images/VR7CCHPV3TT242396_clean.webp,Citroën,C3,2025,0,KM,Hatchback,Monte Carlo,New,84364 PLN,PLN,"{""addr1"": ""OLSZTYN"", ""city"": ""OLSZTYN"", ""region"": ""MAZOWIECKIE"", ""country"": ""PL""}",,,LEASE,1079 PLN,per month,Gasoline,Manual,FWD
VR7CCHPV5TT242397,C3 Max · od 1079 PLN/mies.,Citroën C3 Max · Rata od 1079 PLN netto/mies. · Leasing B2B · Olsztyn · Sprawdź ofertę!,https://sklep.citroen.pl/produkt/c3/vr7cchpv5tt242397/,https://raw.githubusercontent.com/Andy11001/-alfa-inventory/master/data/images/VR7CCHPV5TT242397_clean.webp,Citroën,C3,2025,0,KM,Hatchback,Monte Carlo,New,84364 PLN,PLN,"{""addr1"": ""OLSZTYN"", ""city"": ""OLSZTYN"", ""region"": ""MAZOWIECKIE"", ""country"": ""PL""}",,,LEASE,1079 PLN,per month,Gasoline,Manual,FWD
VR7CCHPVXTT242394,C3 Max · od 1079 PLN/mies.,Citroën C3 Max · Rata od 1079 PLN netto/mies. · Leasing B2B · Sosnowiec · Sprawdź ofertę!,https://sklep.citroen.pl/produkt/c3/vr7cchpvxtt242394/,https://raw.githubusercontent.com/Andy11001/-alfa-inventory/master/data/images/VR7CCHPVXTT242394_clean.webp,Citroën,C3,2025,0,KM,Hatchback,Monte Carlo,New,84364 PLN,PLN,"{""addr1"": ""SOSNOWIEC"", ""city"": ""SOSNOWIEC"", ""region"": ""ŚLĄSKIE"", ""country"": ""PL""}",,,LEASE,1079 PLN,per month,Gasoline,Manual,FWD
VR7CCHPV6TT229433,C3 Max · od 1073 PLN/mies.,Citroën C3 Max · Rata od 1073 PLN netto/mies. · Leasing B2B · Kalisz · Sprawdź ofertę!,https://sklep.citroen.pl/produkt/c3/vr7cchpv6tt229433/,https://raw.githubusercontent.com/Andy11001/-alfa-inventory/master/data/images/VR7CCHPV6TT229433_clean.webp,Citroën,C3,2025,0,KM,Hatchback,Polar White,New,83858 PLN,PLN,"{""addr1"": ""KALISZ"", ""city"": ""KALISZ"", ""region"": ""MAZOWIECKIE"", ""country"": ""PL""}",,,LEASE,1073 PLN,per month,Gasoline,Manual,FWD
VR7CCHPV3TT242365,C3 Plus · od 1047 PLN/mies.,Citroën C3 Plus · Rata od 1047 PLN netto/mies. · Leasing B2B · Zielona Góra · Sprawdź ofertę!,https://sklep.citroen.pl/produkt/c3/vr7cchpv3tt242365/,https://raw.githubusercontent.com/Andy11001/-alfa-inventory/master/data/images/VR7CCHPV3TT242365_clean.webp,Citroën,C3,2025,0,KM,Hatchback,Rouge Elixir,New,81800 PLN,PLN,"{""addr1"": ""ZIELONA GÓRA"", ""city"": ""ZIELONA GÓRA"", ""region"": ""MAZOWIECKIE"", ""country"": ""PL""}",,,LEASE,1047 PLN,per month,Gasoline,Manual,FWD
VR7CCHPV2TT142953,C3 Plus · od 1073 PLN/mies.,Citroën C3 Plus · Rata od 1073 PLN netto/mies. · Leasing B2B · Warszawa · Sprawdź ofertę!,https://sklep.citroen.pl/produkt/c3/vr7cchpv2tt142953/,https://raw.githubusercontent.com/Andy11001/-alfa-inventory/master/data/images/VR7CCHPV2TT142953_clean.webp,Citroën,C3,2025,0,KM,Hatchback,Polar White,New,83861 PLN,PLN,"{""addr1"": ""AL. KRAKOWSKA 206"", ""city"": ""WARSZAWA"", ""region"": ""MAZOWIECKIE"", ""country"": ""PL""}",52.2084,20.9412,LEASE,1073 PLN,per month,Gasoline,Manual,FWD
VR7CCHPV8TT142956,C3 Plus · od 1073 PLN/mies.,Citroën C3 Plus · Rata od 1073 PLN netto/mies. · Leasing B2B · Warszawa · Sprawdź ofertę!,https://sklep.citroen.pl/produkt/c3/vr7cchpv8tt142956/,https://raw.githubusercontent.com/Andy11001/-alfa-inventory/master/data/images/VR7CCHPV8TT142956_clean.webp,Citroën,C3,2025,0,KM,Hatchback,Polar White,New,83861 PLN,PLN,"{""addr1"": ""AL. KRAKOWSKA 206"", ""city"": ""WARSZAWA"", ""region"": ""MAZOWIECKIE"", ""country"": ""PL""}",52.2084,20.9412,LEASE,1073 PLN,per month,Gasoline,Manual,FWD
VR7CCHPV4TT142954,C3 Plus · od 1073 PLN/mies.,Citroën C3 Plus · Rata od 1073 PLN netto/mies. · Leasing B2B · Warszawa · Sprawdź ofertę!,https://sklep.citroen.pl/produkt/c3/vr7cchpv4tt142954/,https://raw.githubusercontent.com/Andy11001/-alfa-inventory/master/data/images/VR7CCHPV4TT142954_clean.webp,Citroën,C3,2025,0,KM,Hatchback,Polar White,New,83861 PLN,PLN,"{""addr1"": ""AL. KRAKOWSKA 206"", ""city"": ""WARSZAWA"", ""region"": ""MAZOWIECKIE"", ""country"": ""PL""}",52.2084,20.9412,LEASE,1073 PLN,per month,Gasoline,Manual,FWD
VR7CCHPV1TT142958,C3 Plus · od 1073 PLN/mies.,Citroën C3 Plus · Rata od 1073 PLN netto/mies. · Leasing B2B · Warszawa · Sprawdź ofertę!,https://sklep.citroen.pl/produkt/c3/vr7cchpv1tt142958/,https://raw.githubusercontent.com/Andy11001/-alfa-inventory/master/data/images/VR7CCHPV1TT142958_clean.webp,Citroën,C3,2025,0,KM,Hatchback,Polar White,New,83861 PLN,PLN,"{""addr1"": ""AL. KRAKOWSKA 206"", ""city"": ""WARSZAWA"", ""region"": ""MAZOWIECKIE"", ""country"": ""PL""}",52.2084,20.9412,LEASE,1073 PLN,per month,Gasoline,Manual,FWD
VR7CCHPV4TT256422,C3 Plus · od 1052 PLN/mies.,Citroën C3 Plus · Rata od 1052 PLN netto/mies. · Leasing B2B · Wieliczka · Sprawdź ofertę!,https://sklep.citroen.pl/produkt/c3/vr7cchpv4tt256422/,https://raw.githubusercontent.com/Andy11001/-alfa-inventory/master/data/images/VR7CCHPV4TT256422_clean.jpg,Citroën,C3,2025,0,KM,Hatchback,Mercury Grey,New,82222 PLN,PLN,"{""addr1"": ""WIELICZKA"", ""city"": ""WIELICZKA"", ""region"": ""MAZOWIECKIE"", ""country"": ""PL""}",,,LEASE,1052 PLN,per month,Gasoline,Manual,FWD
VR7CCHPVXTT209198,C3 Plus · od 1040 PLN/mies.,Citroën C3 Plus · Rata od 1040 PLN netto/mies. · Leasing B2B · Warszawa · Sprawdź ofertę!,https://sklep.citroen.pl/produkt/c3/vr7cchpvxtt209198/,https://raw.githubusercontent.com/Andy11001/-alfa-inventory/master/data/images/VR7CCHPVXTT209198_clean.webp,Citroën,C3,2025,0,KM,Hatchback,Noir Perla Nera,New,81249 PLN,PLN,"{""addr1"": ""AL. KRAKOWSKA 206"", ""city"": ""WARSZAWA"", ""region"": ""MAZOWIECKIE"", ""country"": ""PL""}",52.2084,20.9412,LEASE,1040 PLN,per month,Gasoline,Manual,FWD
VR7CCHPV9TT257310,C3 Plus · od 1026 PLN/mies.,Citroën C3 Plus · Rata od 1026 PLN netto/mies. · Leasing B2B · Łódź · Sprawdź ofertę!,https://sklep.citroen.pl/produkt/c3/vr7cchpv9tt257310/,https://raw.githubusercontent.com/Andy11001/-alfa-inventory/master/data/images/VR7CCHPV9TT257310_clean.webp,Citroën,C3,2025,0,KM,Hatchback,Polar White,New,80109 PLN,PLN,"{""addr1"": ""UL. OBYWATELSKA 181"", ""city"": ""ŁÓDŹ"", ""region"": ""ŁÓDZKIE"", ""country"": ""PL""}",51.7371,19.4316,LEASE,1026 PLN,per month,Gasoline,Manual,FWD
VR7CCHPV4TT244495,C3 Plus · od 1025 PLN/mies.,Citroën C3 Plus · Rata od 1025 PLN netto/mies. · Leasing B2B · Gliwice · Sprawdź ofertę!,https://sklep.citroen.pl/produkt/c3/vr7cchpv4tt244495/,https://raw.githubusercontent.com/Andy11001/-alfa-inventory/master/data/images/VR7CCHPV4TT244495_clean.webp,Citroën,C3,2025,0,KM,Hatchback,Bright Blue,New,80038 PLN,PLN,"{""addr1"": ""GLIWICE"", ""city"": ""GLIWICE"", ""region"": ""ŚLĄSKIE"", ""country"": ""PL""}",,,LEASE,1025 PLN,per month,Gasoline,Manual,FWD
VR7CCHPV9TT149575,C3 You · od 940 PLN/mies.,Citroën C3 You · Rata od 940 PLN netto/mies. · Leasing B2B · Łódź · Sprawdź ofertę!,https://sklep.citroen.pl/produkt/c3/vr7cchpv9tt149575/,https://raw.githubusercontent.com/Andy11001/-alfa-inventory/master/data/images/VR7CCHPV9TT149575_clean.jpg,Citroën,C3,2025,0,KM,Hatchback,Bright Blue,New,73402 PLN,PLN,"{""addr1"": ""UL. OBYWATELSKA 181"", ""city"": ""ŁÓDŹ"", ""region"": ""ŁÓDZKIE"", ""country"": ""PL""}",51.7371,19.4316,LEASE,940 PLN,per month,Gasoline,Manual,FWD
VR7CCHPV7TT149574,C3 You · od 940 PLN/mies.,Citroën C3 You · Rata od 940 PLN netto/mies. · Leasing B2B · Łódź · Sprawdź ofertę!,https://sklep.citroen.pl/produkt/c3/vr7cchpv7tt149574/,https://raw.githubusercontent.com/Andy11001/-alfa-inventory/master/data/images/VR7CCHPV7TT149574_clean.webp,Citroën,C3,2025,0,KM,Hatchback,Bright Blue,New,73402 PLN,PLN,"{""addr1"": ""UL. OBYWATELSKA 181"", ""city"": ""ŁÓDŹ"", ""region"": ""ŁÓDZKIE"", ""country"": ""PL""}",51.7371,19.4316,LEASE,940 PLN,per month,Gasoline,Manual,FWD
VR7CCHPV0TT149576,C3 You · od 940 PLN/mies.,Citroën C3 You · Rata od 940 PLN netto/mies. · Leasing B2B · Łódź · Sprawdź ofertę!,https://sklep.citroen.pl/produkt/c3/vr7cchpv0tt149576/,https://raw.githubusercontent.com/Andy11001/-alfa-inventory/master/data/images/VR7CCHPV0TT149576_clean.webp,Citroën,C3,2025,0,KM,Hatchback,Bright Blue,New,73402 PLN,PLN,"{""addr1"": ""UL. OBYWATELSKA 181"", ""city"": ""ŁÓDŹ"", ""region"": ""ŁÓDZKIE"", ""country"": ""PL""}",51.7371,19.4316,LEASE,940 PLN,per month,Gasoline,Manual,FWD
VR7BAHPY1TE034307,C4 Max · od 1407 PLN/mies.,Citroën C4 Max · Rata od 1407 PLN netto/mies. · Leasing B2B · Elbląg · Sprawdź ofertę!,https://sklep.citroen.pl/produkt/c4/vr7bahpy1te034307/,https://raw.githubusercontent.com/Andy11001/-alfa-inventory/master/data/images/VR7BAHPY1TE034307_clean.webp,Citroën,C4,2025,0,KM,Hatchback,Perla Nera,New,110179 PLN,PLN,"{""addr1"": ""ELBLĄG"", ""city"": ""ELBLĄG"", ""region"": ""MAZOWIECKIE"", ""country"": ""PL""}",,,LEASE,1407 PLN,per month,Hybrid,Automatic,FWD
VR7BAHPY3TE036382,C4 Plus · od 1343 PLN/mies.,Citroën C4 Plus · Rata od 1343 PLN netto/mies. · Leasing B2B · Opole · Sprawdź ofertę!,https://sklep.citroen.pl/produkt/c4/vr7bahpy3te036382/,https://raw.githubusercontent.com/Andy11001/-alfa-inventory/master/data/images/VR7BAHPY3TE036382_clean.webp,Citroën,C4,2025,0,KM,Hatchback,Manhattan Green,New,105118 PLN,PLN,"{""addr1"": ""OPOLE"", ""city"": ""OPOLE"", ""region"": ""OPOLSKIE"", ""country"": ""PL""}",,,LEASE,1343 PLN,per month,Hybrid,Automatic,FWD
VR7KBDGK6TL054615,Nowy C5 Aircross Max · od 2391 PLN/mies.,Citroën Nowy C5 Aircross Max · Rata od 2391 PLN netto/mies. · Leasing B2B · Wrocław · Sprawdź ofertę!,https://sklep.citroen.pl/produkt/nowy-c5-aircross/vr7kbdgk6tl054615/,https://raw.githubusercontent.com/Andy11001/-alfa-inventory/master/data/images/VR7KBDGK6TL054615_clean.webp,Citroën,Nowy C5 Aircross,2025,0,KM,SUV,Okenite White,New,187827 PLN,PLN,"{""addr1"": ""UL. SZCZECIŃSKA 7"", ""city"": ""WROCŁAW"", ""region"": ""DOLNOŚLĄSKIE"", ""country"": ""PL""}",51.1274,16.9535,LEASE,2391 PLN,per month,Hybrid,Automatic,FWD
VR7KAHPY3TL054831,Nowy C5 Aircross Max · od 1985 PLN/mies.,Citroën Nowy C5 Aircross Max · Rata od 1985 PLN netto/mies. · Leasing B2B · Warszawa · Sprawdź ofertę!,https://sklep.citroen.pl/produkt/nowy-c5-aircross/vr7kahpy3tl054831/,https://raw.githubusercontent.com/Andy11001/-alfa-inventory/master/data/images/VR7KAHPY3TL054831_clean.webp,Citroën,Nowy C5 Aircross,2025,0,KM,SUV,Perla Nera Black,New,155808 PLN,PLN,"{""addr1"": ""AL. KRAKOWSKA 206"", ""city"": ""WARSZAWA"", ""region"": ""MAZOWIECKIE"", ""country"": ""PL""}",52.2084,20.9412,LEASE,1985 PLN,per month,Hybrid,Automatic,FWD
VR7KAHPY8TL054601,Nowy C5 Aircross Max · od 1948 PLN/mies.,Citroën Nowy C5 Aircross Max · Rata od 1948 PLN netto/mies. · Leasing B2B · Warszawa · Sprawdź ofertę!,https://sklep.citroen.pl/produkt/nowy-c5-aircross/vr7kahpy8tl054601/,https://raw.githubusercontent.com/Andy11001/-alfa-inventory/master/data/images/VR7KAHPY8TL054601_clean.webp,Citroën,Nowy C5 Aircross,2025,0,KM,SUV,Perla Nera Black,New,152850 PLN,PLN,"{""addr1"": ""AL. KRAKOWSKA 206"", ""city"": ""WARSZAWA"", ""region"": ""MAZOWIECKIE"", ""country"": ""PL""}",52.2084,20.9412,LEASE,1948 PLN,per month,Hybrid,Automatic,FWD
VR7KAHPY3TL054702,Nowy C5 Aircross Max · od 1948 PLN/mies.,Citroën Nowy C5 Aircross Max · Rata od 1948 PLN netto/mies. · Leasing B2B · Olsztyn · Sprawdź ofertę!,https://sklep.citroen.pl/produkt/nowy-c5-aircross/vr7kahpy3tl054702/,https://raw.githubusercontent.com/Andy11001/-alfa-inventory/master/data/images/VR7KAHPY3TL054702_clean.webp,Citroën,Nowy C5 Aircross,2025,0,KM,SUV,Perla Nera Black,New,152850 PLN,PLN,"{""addr1"": ""OLSZTYN"", ""city"": ""OLSZTYN"", ""region"": ""MAZOWIECKIE"", ""country"": ""PL""}",,,LEASE,1948 PLN,per month,Hybrid,Automatic,FWD
VR7KAHPYXTL054504,Nowy C5 Aircross Max · od 1908 PLN/mies.,Citroën Nowy C5 Aircross Max · Rata od 1908 PLN netto/mies. · Leasing B2B · Olsztyn · Sprawdź ofertę!,https://sklep.citroen.pl/produkt/nowy-c5-aircross/vr7kahpyxtl054504/,https://raw.githubusercontent.com/Andy11001/-alfa-inventory/master/data/images/VR7KAHPYXTL054504_clean.webp,Citroën,Nowy C5 Aircross,2025,0,KM,SUV,Eclipse Blue,New,149718 PLN,PLN,"{""addr1"": ""OLSZTYN"", ""city"": ""OLSZTYN"", ""region"": ""MAZOWIECKIE"", ""country"": ""PL""}",,,LEASE,1908 PLN,per month,Hybrid,Automatic,FWD
VR7KAHPY1TL054634,Nowy C5 Aircross Max · od 1908 PLN/mies.,Citroën Nowy C5 Aircross Max · Rata od 1908 PLN netto/mies. · Leasing B2B · Olsztyn · Sprawdź ofertę!,https://sklep.citroen.pl/produkt/nowy-c5-aircross/vr7kahpy1tl054634/,https://raw.githubusercontent.com/Andy11001/-alfa-inventory/master/data/images/VR7KAHPY1TL054634_clean.webp,Citroën,Nowy C5 Aircross,2025,0,KM,SUV,Okenite White,New,149718 PLN,PLN,"{""addr1"": ""OLSZTYN"", ""city"": ""OLSZTYN"", ""region"": ""MAZOWIECKIE"", ""country"": ""PL""}",,,LEASE,1908 PLN,per month,Hybrid,Automatic,FWD
VR7KAHPY9TL054705,Nowy C5 Aircross Max · od 1892 PLN/mies.,Citroën Nowy C5 Aircross Max · Rata od 1892 PLN netto/mies. · Leasing B2B · Warszawa · Sprawdź ofertę!,https://sklep.citroen.pl/produkt/nowy-c5-aircross/vr7kahpy9tl054705/,https://raw.githubusercontent.com/Andy11001/-alfa-inventory/master/data/images/VR7KAHPY9TL054705_clean.webp,Citroën,Nowy C5 Aircross,2025,0,KM,SUV,Perla Nera Black,New,148413 PLN,PLN,"{""addr1"": ""AL. KRAKOWSKA 206"", ""city"": ""WARSZAWA"", ""region"": ""MAZOWIECKIE"", ""country"": ""PL""}",52.2084,20.9412,LEASE,1892 PLN,per month,Hybrid,Automatic,FWD
VR7KAHPY5TL054703,Nowy C5 Aircross Max · od 1892 PLN/mies.,Citroën Nowy C5 Aircross Max · Rata od 1892 PLN netto/mies. · Leasing B2B · Warszawa · Sprawdź ofertę!,https://sklep.citroen.pl/produkt/nowy-c5-aircross/vr7kahpy5tl054703/,https://raw.githubusercontent.com/Andy11001/-alfa-inventory/master/data/images/VR7KAHPY5TL054703_clean.jpg,Citroën,Nowy C5 Aircross,2025,0,KM,SUV,Perla Nera Black,New,148413 PLN,PLN,"{""addr1"": ""AL. KRAKOWSKA 206"", ""city"": ""WARSZAWA"", ""region"": ""MAZOWIECKIE"", ""country"": ""PL""}",52.2084,20.9412,LEASE,1892 PLN,per month,Hybrid,Automatic,FWD
VR7KAHPY7TL054704,Nowy C5 Aircross Max · od 1892 PLN/mies.,Citroën Nowy C5 Aircross Max · Rata od 1892 PLN netto/mies. · Leasing B2B · Kutno · Sprawdź ofertę!,https://sklep.citroen.pl/produkt/nowy-c5-aircross/vr7kahpy7tl054704/,https://raw.githubusercontent.com/Andy11001/-alfa-inventory/master/data/images/VR7KAHPY7TL054704_clean.webp,Citroën,Nowy C5 Aircross,2025,0,KM,SUV,Perla Nera Black,New,148413 PLN,PLN,"{""addr1"": ""KUTNO"", ""city"": ""KUTNO"", ""region"": ""MAZOWIECKIE"", ""country"": ""PL""}",,,LEASE,1892 PLN,per month,Hybrid,Automatic,FWD
VR7KAHPY3TL054666,Nowy C5 Aircross Max · od 1892 PLN/mies.,Citroën Nowy C5 Aircross Max · Rata od 1892 PLN netto/mies. · Leasing B2B · Szczecin · Sprawdź ofertę!,https://sklep.citroen.pl/produkt/nowy-c5-aircross/vr7kahpy3tl054666/,https://raw.githubusercontent.com/Andy11001/-alfa-inventory/master/data/images/VR7KAHPY3TL054666_clean.webp,Citroën,Nowy C5 Aircross,2025,0,KM,SUV,Platinium Grey,New,148413 PLN,PLN,"{""addr1"": ""UL. STRUGA 1B"", ""city"": ""SZCZECIN"", ""region"": ""ZACHODNIOPOMORSKIE"", ""country"": ""PL""}",53.3891,14.6543,LEASE,1892 PLN,per month,Hybrid,Automatic,FWD
VR7KAHPY0TL054494,Nowy C5 Aircross Max · od 1876 PLN/mies.,Citroën Nowy C5 Aircross Max · Rata od 1876 PLN netto/mies. · Leasing B2B · Warszawa · Sprawdź ofertę!,https://sklep.citroen.pl/produkt/nowy-c5-aircross/vr7kahpy0tl054494/,https://raw.githubusercontent.com/Andy11001/-alfa-inventory/master/data/images/VR7KAHPY0TL054494_clean.webp,Citroën,Nowy C5 Aircross,2025,0,KM,SUV,Ruby Red,New,147195 PLN,PLN,"{""addr1"": ""AL. KRAKOWSKA 206"", ""city"": ""WARSZAWA"", ""region"": ""MAZOWIECKIE"", ""country"": ""PL""}",52.2084,20.9412,LEASE,1876 PLN,per month,Hybrid,Automatic,FWD
VR7BAHPY6TE035534,C4 Max · od 1482 PLN/mies.,Citroën C4 Max · Rata od 1482 PLN netto/mies. · Leasing B2B · Poznań · Sprawdź ofertę!,https://sklep.citroen.pl/produkt/c4/vr7bahpy6te035534/,https://raw.githubusercontent.com/Andy11001/-alfa-inventory/master/data/images/VR7BAHPY6TE035534_clean.webp,Citroën,C4,2025,0,KM,Hatchback,Bleu Eclipse,New,116078 PLN,PLN,"{""addr1"": ""UL. KRZYWOUSTEGO 71"", ""city"": ""POZNAŃ"", ""region"": ""WIELKOPOLSKIE"", ""country"": ""PL""}",52.3787,17.0270,LEASE,1482 PLN,per month,Hybrid,Automatic,FWD
VR7BAHPY1TE033139,C4 Max · od 1432 PLN/mies.,Citroën C4 Max · Rata od 1432 PLN netto/mies. · Leasing B2B · Gdańsk · Sprawdź ofertę!,https://sklep.citroen.pl/produkt/c4/vr7bahpy1te033139/,https://raw.githubusercontent.com/Andy11001/-alfa-inventory/master/data/images/VR7BAHPY1TE033139_clean.webp,Citroën,C4,2025,0,KM,Hatchback,Bleu Eclipse,New,112200 PLN,PLN,"{""addr1"": ""AL. GRUNWALDZKA 256"", ""city"": ""GDAŃSK"", ""region"": ""POMORSKIE"", ""country"": ""PL""}",54.4022,18.5714,LEASE,1432 PLN,per month,Hybrid,Automatic,FWD
VR7BDHPY0TE033625,C4 X Max · od 1407 PLN/mies.,Citroën C4 X Max · Rata od 1407 PLN netto/mies. · Leasing B2B · Gdańsk · Sprawdź ofertę!,https://sklep.citroen.pl/produkt/c4-x/vr7bdhpy0te033625/,https://raw.githubusercontent.com/Andy11001/-alfa-inventory/master/data/images/VR7BDHPY0TE033625_clean.webp,Citroën,C4 X,2025,0,KM,SUV,Perla Nera,New,110179 PLN,PLN,"{""addr1"": ""AL. GRUNWALDZKA 256"", ""city"": ""GDAŃSK"", ""region"": ""POMORSKIE"", ""country"": ""PL""}",54.4022,18.5714,LEASE,1407 PLN,per month,Hybrid,Automatic,FWD
VR7BAHPY2TE023526,C4 Collection · od 1343 PLN/mies.,Citroën C4 Collection · Rata od 1343 PLN netto/mies. · Leasing B2B · Białystok · Sprawdź ofertę!,https://sklep.citroen.pl/produkt/c4/vr7bahpy2te023526/,https://raw.githubusercontent.com/Andy11001/-alfa-inventory/master/data/images/VR7BAHPY2TE023526_clean.webp,Citroën,C4,2025,0,KM,Hatchback,Bleu Eclipse,New,105118 PLN,PLN,"{""addr1"": ""BIAŁYSTOK"", ""city"": ""BIAŁYSTOK"", ""region"": ""PODLASKIE"", ""country"": ""PL""}",,,LEASE,1343 PLN,per month,Hybrid,Automatic,FWD
VR7BAHPY7TE022730,C4 Collection · od 1343 PLN/mies.,Citroën C4 Collection · Rata od 1343 PLN netto/mies. · Leasing B2B · Kraków · Sprawdź ofertę!,https://sklep.citroen.pl/produkt/c4/vr7bahpy7te022730/,https://raw.githubusercontent.com/Andy11001/-alfa-inventory/master/data/images/VR7BAHPY7TE022730_clean.webp,Citroën,C4,2025,0,KM,Hatchback,Bleu Eclipse,New,105118 PLN,PLN,"{""addr1"": ""UL. OPOLSKA 9"", ""city"": ""KRAKÓW"", ""region"": ""MAŁOPOLSKIE"", ""country"": ""PL""}",50.0931,19.9238,LEASE,1343 PLN,per month,Hybrid,Automatic,FWD
VR7BAHPY8TE022008,C4 Collection · od 1343 PLN/mies.,Citroën C4 Collection · Rata od 1343 PLN netto/mies. · Leasing B2B · Opole · Sprawdź ofertę!,https://sklep.citroen.pl/produkt/c4/vr7bahpy8te022008/,https://raw.githubusercontent.com/Andy11001/-alfa-inventory/master/data/images/VR7BAHPY8TE022008_clean.webp,Citroën,C4,2025,0,KM,Hatchback,Bleu Eclipse,New,105118 PLN,PLN,"{""addr1"": ""OPOLE"", ""city"": ""OPOLE"", ""region"": ""OPOLSKIE"", ""country"": ""PL""}",,,LEASE,1343 PLN,per month,Hybrid,Automatic,FWD
VR7CCHPX6TZ833059,C3 Max · od 1257 PLN/mies.,Citroën C3 Max · Rata od 1257 PLN netto/mies. · Leasing B2B · Kraczkowa · Sprawdź ofertę!,https://sklep.citroen.pl/produkt/c3/vr7cchpx6tz833059/,https://raw.githubusercontent.com/Andy11001/-alfa-inventory/master/data/images/VR7CCHPX6TZ833059_clean.webp,Citroën,C3,2025,0,KM,Hatchback,Mercury Grey,New,98394 PLN,PLN,"{""addr1"": ""KRACZKOWA"", ""city"": ""KRACZKOWA"", ""region"": ""MAZOWIECKIE"", ""country"": ""PL""}",,,LEASE,1257 PLN,per month,Hybrid,Automatic,FWD
VR7CCHPX2TT180622,C3 Plus · od 1248 PLN/mies.,Citroën C3 Plus · Rata od 1248 PLN netto/mies. · Leasing B2B · Białystok · Sprawdź ofertę!,https://sklep.citroen.pl/produkt/c3/vr7cchpx2tt180622/,https://raw.githubusercontent.com/Andy11001/-alfa-inventory/master/data/images/VR7CCHPX2TT180622_clean.webp,Citroën,C3,2025,0,KM,Hatchback,Rouge Elixir,New,97636 PLN,PLN,"{""addr1"": ""BIAŁYSTOK"", ""city"": ""BIAŁYSTOK"", ""region"": ""PODLASKIE"", ""country"": ""PL""}",,,LEASE,1248 PLN,per month,Hybrid,Automatic,FWD
VR7KAHPY0TL048601,Nowy C5 Aircross Max · od 2002 PLN/mies.,Citroën Nowy C5 Aircross Max · Rata od 2002 PLN netto/mies. · Leasing B2B · Motycz K. Lublina · Sprawdź ofertę!,https://sklep.citroen.pl/produkt/nowy-c5-aircross/vr7kahpy0tl048601/,https://raw.githubusercontent.com/Andy11001/-alfa-inventory/master/data/images/VR7KAHPY0TL048601_clean.webp,Citroën,Nowy C5 Aircross,2025,0,KM,SUV,Okenite White,New,157113 PLN,PLN,"{""addr1"": ""MOTYCZ K. LUBLINA"", ""city"": ""MOTYCZ K. LUBLINA"", ""region"": ""MAZOWIECKIE"", ""country"": ""PL""}",,,LEASE,2002 PLN,per month,Hybrid,Automatic,FWD
VR7KAHPY4TL048665,Nowy C5 Aircross Max · od 2002 PLN/mies.,Citroën Nowy C5 Aircross Max · Rata od 2002 PLN netto/mies. · Leasing B2B · Motycz K. Lublina · Sprawdź ofertę!,https://sklep.citroen.pl/produkt/nowy-c5-aircross/vr7kahpy4tl048665/,https://raw.githubusercontent.com/Andy11001/-alfa-inventory/master/data/images/VR7KAHPY4TL048665_clean.webp,Citroën,Nowy C5 Aircross,2025,0,KM,SUV,Astoria Green,New,157113 PLN,PLN,"{""addr1"": ""MOTYCZ K. LUBLINA"", ""city"": ""MOTYCZ K. LUBLINA"", ""region"": ""MAZOWIECKIE"", ""country"": ""PL""}",,,LEASE,2002 PLN,per month,Hybrid,Automatic,FWD
VR7KAHPY3TL054263,Nowy C5 Aircross Max · od 1985 PLN/mies.,Citroën Nowy C5 Aircross Max · Rata od 1985 PLN netto/mies. · Leasing B2B · Kalisz · Sprawdź ofertę!,https://sklep.citroen.pl/produkt/nowy-c5-aircross/vr7kahpy3tl054263/,https://raw.githubusercontent.com/Andy11001/-alfa-inventory/master/data/images/VR7KAHPY3TL054263_clean.webp,Citroën,Nowy C5 Aircross,2025,0,KM,SUV,Perla Nera Black,New,155808 PLN,PLN,"{""addr1"": ""KALISZ"", ""city"": ""KALISZ"", ""region"": ""MAZOWIECKIE"", ""country"": ""PL""}",,,LEASE,1985 PLN,per month,Hybrid,Automatic,FWD
VR7KAHPY9TL054512,Nowy C5 Aircross Max · od 1964 PLN/mies.,Citroën Nowy C5 Aircross Max · Rata od 1964 PLN netto/mies. · Leasing B2B · Olsztyn · Sprawdź ofertę!,https://sklep.citroen.pl/produkt/nowy-c5-aircross/vr7kahpy9tl054512/,https://raw.githubusercontent.com/Andy11001/-alfa-inventory/master/data/images/VR7KAHPY9TL054512_clean.webp,Citroën,Nowy C5 Aircross,2025,0,KM,SUV,Platinium Grey,New,154155 PLN,PLN,"{""addr1"": ""OLSZTYN"", ""city"": ""OLSZTYN"", ""region"": ""MAZOWIECKIE"", ""country"": ""PL""}",,,LEASE,1964 PLN,per month,Hybrid,Automatic,FWD
VR7KAHPY6TL054497,Nowy C5 Aircross Max · od 1964 PLN/mies.,Citroën Nowy C5 Aircross Max · Rata od 1964 PLN netto/mies. · Leasing B2B · Olsztyn · Sprawdź ofertę!,https://sklep.citroen.pl/produkt/nowy-c5-aircross/vr7kahpy6tl054497/,https://raw.githubusercontent.com/Andy11001/-alfa-inventory/master/data/images/VR7KAHPY6TL054497_clean.webp,Citroën,Nowy C5 Aircross,2025,0,KM,SUV,Okenite White,New,154155 PLN,PLN,"{""addr1"": ""OLSZTYN"", ""city"": ""OLSZTYN"", ""region"": ""MAZOWIECKIE"", ""country"": ""PL""}",,,LEASE,1964 PLN,per month,Hybrid,Automatic,FWD
VR7KAHPY6TL054600,Nowy C5 Aircross Max · od 1948 PLN/mies.,Citroën Nowy C5 Aircross Max · Rata od 1948 PLN netto/mies. · Leasing B2B · Warszawa · Sprawdź ofertę!,https://sklep.citroen.pl/produkt/nowy-c5-aircross/vr7kahpy6tl054600/,https://raw.githubusercontent.com/Andy11001/-alfa-inventory/master/data/images/VR7KAHPY6TL054600_clean.webp,Citroën,Nowy C5 Aircross,2025,0,KM,SUV,Perla Nera Black,New,152850 PLN,PLN,"{""addr1"": ""AL. KRAKOWSKA 206"", ""city"": ""WARSZAWA"", ""region"": ""MAZOWIECKIE"", ""country"": ""PL""}",52.2084,20.9412,LEASE,1948 PLN,per month,Hybrid,Automatic,FWD
VR7KAHPY5TL054474,Nowy C5 Aircross Max · od 1947 PLN/mies.,Citroën Nowy C5 Aircross Max · Rata od 1947 PLN netto/mies. · Leasing B2B · Szczecin · Sprawdź ofertę!,https://sklep.citroen.pl/produkt/nowy-c5-aircross/vr7kahpy5tl054474/,https://raw.githubusercontent.com/Andy11001/-alfa-inventory/master/data/images/VR7KAHPY5TL054474_clean.webp,Citroën,Nowy C5 Aircross,2025,0,KM,SUV,Perla Nera Black,New,152772 PLN,PLN,"{""addr1"": ""UL. STRUGA 1B"", ""city"": ""SZCZECIN"", ""region"": ""ZACHODNIOPOMORSKIE"", ""country"": ""PL""}",53.3891,14.6543,LEASE,1947 PLN,per month,Hybrid,Automatic,FWD
VR7KAHPY8TL054632,Nowy C5 Aircross Max · od 1908 PLN/mies.,Citroën Nowy C5 Aircross Max · Rata od 1908 PLN netto/mies. · Leasing B2B · Warszawa · Sprawdź ofertę!,https://sklep.citroen.pl/produkt/nowy-c5-aircross/vr7kahpy8tl054632/,https://raw.githubusercontent.com/Andy11001/-alfa-inventory/master/data/images/VR7KAHPY8TL054632_clean.webp,Citroën,Nowy C5 Aircross,2025,0,KM,SUV,Okenite White,New,149718 PLN,PLN,"{""addr1"": ""AL. KRAKOWSKA 206"", ""city"": ""WARSZAWA"", ""region"": ""MAZOWIECKIE"", ""country"": ""PL""}",52.2084,20.9412,LEASE,1908 PLN,per month,Hybrid,Automatic,FWD
VR7KAHPY0TL054172,Nowy C5 Aircross Max · od 1908 PLN/mies.,Citroën Nowy C5 Aircross Max · Rata od 1908 PLN netto/mies. · Leasing B2B · Warszawa · Sprawdź ofertę!,https://sklep.citroen.pl/produkt/nowy-c5-aircross/vr7kahpy0tl054172/,https://raw.githubusercontent.com/Andy11001/-alfa-inventory/master/data/images/VR7KAHPY0TL054172_clean.webp,Citroën,Nowy C5 Aircross,2025,0,KM,SUV,Okenite White,New,149718 PLN,PLN,"{""addr1"": ""AL. KRAKOWSKA 206"", ""city"": ""WARSZAWA"", ""region"": ""MAZOWIECKIE"", ""country"": ""PL""}",52.2084,20.9412,LEASE,1908 PLN,per month,Hybrid,Automatic,FWD
VR7KAHPY8TL054436,Nowy C5 Aircross Max · od 1890 PLN/mies.,Citroën Nowy C5 Aircross Max · Rata od 1890 PLN netto/mies. · Leasing B2B · Kalisz · Sprawdź ofertę!,https://sklep.citroen.pl/produkt/nowy-c5-aircross/vr7kahpy8tl054436/,https://raw.githubusercontent.com/Andy11001/-alfa-inventory/master/data/images/VR7KAHPY8TL054436_clean.webp,Citroën,Nowy C5 Aircross,2025,0,KM,SUV,Platinium Grey,New,148335 PLN,PLN,"{""addr1"": ""KALISZ"", ""city"": ""KALISZ"", ""region"": ""MAZOWIECKIE"", ""country"": ""PL""}",,,LEASE,1890 PLN,per month,Hybrid,Automatic,FWD
VR7KAHPY4TL054188,Nowy C5 Aircross Max · od 1876 PLN/mies.,Citroën Nowy C5 Aircross Max · Rata od 1876 PLN netto/mies. · Leasing B2B · Sosnowiec · Sprawdź ofertę!,https://sklep.citroen.pl/produkt/nowy-c5-aircross/vr7kahpy4tl054188/,https://raw.githubusercontent.com/Andy11001/-alfa-inventory/master/data/images/VR7KAHPY4TL054188_clean.webp,Citroën,Nowy C5 Aircross,2025,0,KM,SUV,Ruby Red,New,147195 PLN,PLN,"{""addr1"": ""SOSNOWIEC"", ""city"": ""SOSNOWIEC"", ""region"": ""ŚLĄSKIE"", ""country"": ""PL""}",,,LEASE,1876 PLN,per month,Hybrid,Automatic,FWD
VR7CGHPY4TT213469,C3 Aircross Max · od 1432 PLN/mies.,Citroën C3 Aircross Max · Rata od 1432 PLN netto/mies. · Leasing B2B · Motycz K. Lublina · Sprawdź ofertę!,https://sklep.citroen.pl/produkt/c3-aircross/vr7cghpy4tt213469/,https://raw.githubusercontent.com/Andy11001/-alfa-inventory/master/data/images/VR7CGHPY4TT213469_clean.webp,Citroën,C3 Aircross,2025,0,KM,SUV,Noir Perla Nera,New,112200 PLN,PLN,"{""addr1"": ""MOTYCZ K. LUBLINA"", ""city"": ""MOTYCZ K. LUBLINA"", ""region"": ""MAZOWIECKIE"", ""country"": ""PL""}",,,LEASE,1432 PLN,per month,Hybrid,Automatic,FWD
VR7CCHPX3TT229472,C3 Max · od 1259 PLN/mies.,Citroën C3 Max · Rata od 1259 PLN netto/mies. · Leasing B2B · Gdańsk · Sprawdź ofertę!,https://sklep.citroen.pl/produkt/c3/vr7cchpx3tt229472/,https://raw.githubusercontent.com/Andy11001/-alfa-inventory/master/data/images/VR7CCHPX3TT229472_clean.webp,Citroën,C3,2025,0,KM,Hatchback,Bright Blue,New,98486 PLN,PLN,"{""addr1"": ""AL. GRUNWALDZKA 256"", ""city"": ""GDAŃSK"", ""region"": ""POMORSKIE"", ""country"": ""PL""}",54.4022,18.5714,LEASE,1259 PLN,per month,Hybrid,Automatic,FWD
VR7CCHPV1TT256880,C3 Max · od 1124 PLN/mies.,Citroën C3 Max · Rata od 1124 PLN netto/mies. · Leasing B2B · Legnica · Sprawdź ofertę!,https://sklep.citroen.pl/produkt/c3/vr7cchpv1tt256880/,https://raw.githubusercontent.com/Andy11001/-alfa-inventory/master/data/images/VR7CCHPV1TT256880_clean.jpg,Citroën,C3,2025,0,KM,Hatchback,Rouge Elixir,New,87906 PLN,PLN,"{""addr1"": ""LEGNICA"", ""city"": ""LEGNICA"", ""region"": ""MAZOWIECKIE"", ""country"": ""PL""}",,,LEASE,1124 PLN,per month,Gasoline,Manual,FWD
VR7KAHPY0TL054432,Nowy C5 Aircross Max · od 2059 PLN/mies.,Citroën Nowy C5 Aircross Max · Rata od 2059 PLN netto/mies. · Leasing B2B · Piła · Sprawdź ofertę!,https://sklep.citroen.pl/produkt/nowy-c5-aircross/vr7kahpy0tl054432/,https://raw.githubusercontent.com/Andy11001/-alfa-inventory/master/data/images/VR7KAHPY0TL054432_clean.webp,Citroën,Nowy C5 Aircross,2025,0,KM,SUV,Platinium Grey,New,161646 PLN,PLN,"{""addr1"": ""PIŁA"", ""city"": ""PIŁA"", ""region"": ""MAZOWIECKIE"", ""country"": ""PL""}",,,LEASE,2059 PLN,per month,Hybrid,Automatic,FWD
VR7KAHPY5TL054457,Nowy C5 Aircross Max · od 2002 PLN/mies.,Citroën Nowy C5 Aircross Max · Rata od 2002 PLN netto/mies. · Leasing B2B · Grębów · Sprawdź ofertę!,https://sklep.citroen.pl/produkt/nowy-c5-aircross/vr7kahpy5tl054457/,https://raw.githubusercontent.com/Andy11001/-alfa-inventory/master/data/images/VR7KAHPY5TL054457_clean.webp,Citroën,Nowy C5 Aircross,2025,0,KM,SUV,Astoria Green,New,157113 PLN,PLN,"{""addr1"": ""GRĘBÓW"", ""city"": ""GRĘBÓW"", ""region"": ""MAZOWIECKIE"", ""country"": ""PL""}",,,LEASE,2002 PLN,per month,Hybrid,Automatic,FWD
VR7KAHPY3TL054425,Nowy C5 Aircross Max · od 1948 PLN/mies.,Citroën Nowy C5 Aircross Max · Rata od 1948 PLN netto/mies. · Leasing B2B · Bydgoszcz · Sprawdź ofertę!,https://sklep.citroen.pl/produkt/nowy-c5-aircross/vr7kahpy3tl054425/,https://raw.githubusercontent.com/Andy11001/-alfa-inventory/master/data/images/VR7KAHPY3TL054425_clean.webp,Citroën,Nowy C5 Aircross,2025,0,KM,SUV,Perla Nera Black,New,152850 PLN,PLN,"{""addr1"": ""BYDGOSZCZ"", ""city"": ""BYDGOSZCZ"", ""region"": ""KUJAWSKO-POMORSKIE"", ""country"": ""PL""}",,,LEASE,1948 PLN,per month,Hybrid,Automatic,FWD
VR7KAHPY7TL054475,Nowy C5 Aircross Max · od 1947 PLN/mies.,Citroën Nowy C5 Aircross Max · Rata od 1947 PLN netto/mies. · Leasing B2B · Szczecin · Sprawdź ofertę!,https://sklep.citroen.pl/produkt/nowy-c5-aircross/vr7kahpy7tl054475/,https://raw.githubusercontent.com/Andy11001/-alfa-inventory/master/data/images/VR7KAHPY7TL054475_clean.webp,Citroën,Nowy C5 Aircross,2025,0,KM,SUV,Perla Nera Black,New,152772 PLN,PLN,"{""addr1"": ""UL. STRUGA 1B"", ""city"": ""SZCZECIN"", ""region"": ""ZACHODNIOPOMORSKIE"", ""country"": ""PL""}",53.3891,14.6543,LEASE,1947 PLN,per month,Hybrid,Automatic,FWD
VR7KAHPY2TL054173,Nowy C5 Aircross Max · od 1908 PLN/mies.,Citroën Nowy C5 Aircross Max · Rata od 1908 PLN netto/mies. · Leasing B2B · Sosnowiec · Sprawdź ofertę!,https://sklep.citroen.pl/produkt/nowy-c5-aircross/vr7kahpy2tl054173/,https://raw.githubusercontent.com/Andy11001/-alfa-inventory/master/data/images/VR7KAHPY2TL054173_clean.webp,Citroën,Nowy C5 Aircross,2025,0,KM,SUV,Okenite White,New,149718 PLN,PLN,"{""addr1"": ""SOSNOWIEC"", ""city"": ""SOSNOWIEC"", ""region"": ""ŚLĄSKIE"", ""country"": ""PL""}",,,LEASE,1908 PLN,per month,Hybrid,Automatic,FWD
VR7KAHPYXTL054311,Nowy C5 Aircross Max · od 1908 PLN/mies.,Citroën Nowy C5 Aircross Max · Rata od 1908 PLN netto/mies. · Leasing B2B · Katowice · Sprawdź ofertę!,https://sklep.citroen.pl/produkt/nowy-c5-aircross/vr7kahpyxtl054311/,https://raw.githubusercontent.com/Andy11001/-alfa-inventory/master/data/images/VR7KAHPYXTL054311_clean.webp,Citroën,Nowy C5 Aircross,2025,0,KM,SUV,Okenite White,New,149718 PLN,PLN,"{""addr1"": ""AL. ROŹDZIEŃSKIEGO 170"", ""city"": ""KATOWICE"", ""region"": ""ŚLĄSKIE"", ""country"": ""PL""}",50.2649,19.0238,LEASE,1908 PLN,per month,Hybrid,Automatic,FWD
VR7KAHPY2TL054190,Nowy C5 Aircross Max · od 1876 PLN/mies.,Citroën Nowy C5 Aircross Max · Rata od 1876 PLN netto/mies. · Leasing B2B · Wrocław · Sprawdź ofertę!,https://sklep.citroen.pl/produkt/nowy-c5-aircross/vr7kahpy2tl054190/,https://raw.githubusercontent.com/Andy11001/-alfa-inventory/master/data/images/VR7KAHPY2TL054190_clean.webp,Citroën,Nowy C5 Aircross,2025,0,KM,SUV,Ruby Red,New,147195 PLN,PLN,"{""addr1"": ""UL. SZCZECIŃSKA 7"", ""city"": ""WROCŁAW"", ""region"": ""DOLNOŚLĄSKIE"", ""country"": ""PL""}",51.1274,16.9535,LEASE,1876 PLN,per month,Hybrid,Automatic,FWD
VR7BAHPY3TE036558,C4 Max · od 1545 PLN/mies.,Citroën C4 Max · Rata od 1545 PLN netto/mies. · Leasing B2B · Gdańsk · Sprawdź ofertę!,https://sklep.citroen.pl/produkt/c4/vr7bahpy3te036558/,https://raw.githubusercontent.com/Andy11001/-alfa-inventory/master/data/images/VR7BAHPY3TE036558_clean.webp,Citroën,C4,2025,0,KM,Hatchback,Rouge Elixir,New,121110 PLN,PLN,"{""addr1"": ""AL. GRUNWALDZKA 256"", ""city"": ""GDAŃSK"", ""region"": ""POMORSKIE"", ""country"": ""PL""}",54.4022,18.5714,LEASE,1545 PLN,per month,Hybrid,Automatic,FWD
VR7BDHPY9TE032330,C4 X Max · od 1497 PLN/mies.,Citroën C4 X Max · Rata od 1497 PLN netto/mies. · Leasing B2B · Płock · Sprawdź ofertę!,https://sklep.citroen.pl/produkt/c4-x/vr7bdhpy9te032330/,https://raw.githubusercontent.com/Andy11001/-alfa-inventory/master/data/images/VR7BDHPY9TE032330_clean.webp,Citroën,C4 X,2025,0,KM,SUV,Blanc Okenite,New,117315 PLN,PLN,"{""addr1"": ""PŁOCK"", ""city"": ""PŁOCK"", ""region"": ""MAZOWIECKIE"", ""country"": ""PL""}",,,LEASE,1497 PLN,per month,Hybrid,Automatic,FWD
VR7BAHPY0TE036372,C4 Max · od 1461 PLN/mies.,Citroën C4 Max · Rata od 1461 PLN netto/mies. · Leasing B2B · Kutno · Sprawdź ofertę!,https://sklep.citroen.pl/produkt/c4/vr7bahpy0te036372/,https://raw.githubusercontent.com/Andy11001/-alfa-inventory/master/data/images/VR7BAHPY0TE036372_clean.webp,Citroën,C4,2025,0,KM,Hatchback,Rouge Elixir,New,114469 PLN,PLN,"{""addr1"": ""KUTNO"", ""city"": ""KUTNO"", ""region"": ""MAZOWIECKIE"", ""country"": ""PL""}",,,LEASE,1461 PLN,per month,Hybrid,Automatic,FWD
VR7BAHPY0TE036212,C4 Max · od 1453 PLN/mies.,Citroën C4 Max · Rata od 1453 PLN netto/mies. · Leasing B2B · Kutno · Sprawdź ofertę!,https://sklep.citroen.pl/produkt/c4/vr7bahpy0te036212/,https://raw.githubusercontent.com/Andy11001/-alfa-inventory/master/data/images/VR7BAHPY0TE036212_clean.webp,Citroën,C4,2025,0,KM,Hatchback,Gris Mercury,New,113809 PLN,PLN,"{""addr1"": ""KUTNO"", ""city"": ""KUTNO"", ""region"": ""MAZOWIECKIE"", ""country"": ""PL""}",,,LEASE,1453 PLN,per month,Hybrid,Automatic,FWD
VR7BAHPY1TE038082,C4 Max · od 1439 PLN/mies.,Citroën C4 Max · Rata od 1439 PLN netto/mies. · Leasing B2B · Sosnowiec · Sprawdź ofertę!,https://sklep.citroen.pl/produkt/c4/vr7bahpy1te038082/,https://raw.githubusercontent.com/Andy11001/-alfa-inventory/master/data/images/VR7BAHPY1TE038082_clean.webp,Citroën,C4,2025,0,KM,Hatchback,Manhattan Green,New,112736 PLN,PLN,"{""addr1"": ""SOSNOWIEC"", ""city"": ""SOSNOWIEC"", ""region"": ""ŚLĄSKIE"", ""country"": ""PL""}",,,LEASE,1439 PLN,per month,Hybrid,Automatic,FWD
VR7BDHPY1TE016056,C4 X Max · od 1414 PLN/mies.,Citroën C4 X Max · Rata od 1414 PLN netto/mies. · Leasing B2B · Rybnik · Sprawdź ofertę!,https://sklep.citroen.pl/produkt/c4-x/vr7bdhpy1te016056/,https://raw.githubusercontent.com/Andy11001/-alfa-inventory/master/data/images/VR7BDHPY1TE016056_clean.webp,Citroën,C4 X,2025,0,KM,SUV,Mercury Grey,New,110715 PLN,PLN,"{""addr1"": ""RYBNIK"", ""city"": ""RYBNIK"", ""region"": ""ŚLĄSKIE"", ""country"": ""PL""}",,,LEASE,1414 PLN,per month,Hybrid,Automatic,FWD
VR7BDHPY5TE037900,C4 X Max · od 1407 PLN/mies.,Citroën C4 X Max · Rata od 1407 PLN netto/mies. · Leasing B2B · Konin · Sprawdź ofertę!,https://sklep.citroen.pl/produkt/c4-x/vr7bdhpy5te037900/,https://raw.githubusercontent.com/Andy11001/-alfa-inventory/master/data/images/VR7BDHPY5TE037900_clean.webp,Citroën,C4 X,2025,0,KM,SUV,Perla Nera,New,110179 PLN,PLN,"{""addr1"": ""KONIN"", ""city"": ""KONIN"", ""region"": ""MAZOWIECKIE"", ""country"": ""PL""}",,,LEASE,1407 PLN,per month,Hybrid,Automatic,FWD
VR7KAHPY1TL053922,Nowy C5 Aircross Max · od 2060 PLN/mies.,Citroën Nowy C5 Aircross Max · Rata od 2060 PLN netto/mies. · Leasing B2B · Olsztyn · Sprawdź ofertę!,https://sklep.citroen.pl/produkt/nowy-c5-aircross/vr7kahpy1tl053922/,https://raw.githubusercontent.com/Andy11001/-alfa-inventory/master/data/images/VR7KAHPY1TL053922_clean.webp,Citroën,Nowy C5 Aircross,2025,0,KM,SUV,Okenite White,New,161724 PLN,PLN,"{""addr1"": ""OLSZTYN"", ""city"": ""OLSZTYN"", ""region"": ""MAZOWIECKIE"", ""country"": ""PL""}",,,LEASE,2060 PLN,per month,Hybrid,Automatic,FWD
VR7KAHPY5TL054085,Nowy C5 Aircross Max · od 2044 PLN/mies.,Citroën Nowy C5 Aircross Max · Rata od 2044 PLN netto/mies. · Leasing B2B · Kutno · Sprawdź ofertę!,https://sklep.citroen.pl/produkt/nowy-c5-aircross/vr7kahpy5tl054085/,https://raw.githubusercontent.com/Andy11001/-alfa-inventory/master/data/images/VR7KAHPY5TL054085_clean.webp,Citroën,Nowy C5 Aircross,2025,0,KM,SUV,Perla Nera Black,New,160419 PLN,PLN,"{""addr1"": ""KUTNO"", ""city"": ""KUTNO"", ""region"": ""MAZOWIECKIE"", ""country"": ""PL""}",,,LEASE,2044 PLN,per month,Hybrid,Automatic,FWD
VR7KAHPY6TL053950,Nowy C5 Aircross Max · od 1964 PLN/mies.,Citroën Nowy C5 Aircross Max · Rata od 1964 PLN netto/mies. · Leasing B2B · Rybnik · Sprawdź ofertę!,https://sklep.citroen.pl/produkt/nowy-c5-aircross/vr7kahpy6tl053950/,https://raw.githubusercontent.com/Andy11001/-alfa-inventory/master/data/images/VR7KAHPY6TL053950_clean.webp,Citroën,Nowy C5 Aircross,2025,0,KM,SUV,Okenite White,New,154155 PLN,PLN,"{""addr1"": ""RYBNIK"", ""city"": ""RYBNIK"", ""region"": ""ŚLĄSKIE"", ""country"": ""PL""}",,,LEASE,1964 PLN,per month,Hybrid,Automatic,FWD
VR7KAHPY6TL054189,Nowy C5 Aircross Max · od 1876 PLN/mies.,Citroën Nowy C5 Aircross Max · Rata od 1876 PLN netto/mies. · Leasing B2B · Olsztyn · Sprawdź ofertę!,https://sklep.citroen.pl/produkt/nowy-c5-aircross/vr7kahpy6tl054189/,https://raw.githubusercontent.com/Andy11001/-alfa-inventory/master/data/images/VR7KAHPY6TL054189_clean.webp,Citroën,Nowy C5 Aircross,2025,0,KM,SUV,Ruby Red,New,147195 PLN,PLN,"{""addr1"": ""OLSZTYN"", ""city"": ""OLSZTYN"", ""region"": ""MAZOWIECKIE"", ""country"": ""PL""}",,,LEASE,1876 PLN,per month,Hybrid,Automatic,FWD
VR7KAHPY0TL054186,Nowy C5 Aircross Max · od 1876 PLN/mies.,Citroën Nowy C5 Aircross Max · Rata od 1876 PLN netto/mies. · Leasing B2B · Sosnowiec · Sprawdź ofertę!,https://sklep.citroen.pl/produkt/nowy-c5-aircross/vr7kahpy0tl054186/,https://raw.githubusercontent.com/Andy11001/-alfa-inventory/master/data/images/VR7KAHPY0TL054186_clean.webp,Citroën,Nowy C5 Aircross,2025,0,KM,SUV,Ruby Red,New,147195 PLN,PLN,"{""addr1"": ""SOSNOWIEC"", ""city"": ""SOSNOWIEC"", ""region"": ""ŚLĄSKIE"", ""country"": ""PL""}",,,LEASE,1876 PLN,per month,Hybrid,Automatic,FWD
VR7KAHPY2TL054187,Nowy C5 Aircross Max · od 1876 PLN/mies.,Citroën Nowy C5 Aircross Max · Rata od 1876 PLN netto/mies. · Leasing B2B · Sosnowiec · Sprawdź ofertę!,https://sklep.citroen.pl/produkt/nowy-c5-aircross/vr7kahpy2tl054187/,https://raw.githubusercontent.com/Andy11001/-alfa-inventory/master/data/images/VR7KAHPY2TL054187_clean.webp,Citroën,Nowy C5 Aircross,2025,0,KM,SUV,Ruby Red,New,147195 PLN,PLN,"{""addr1"": ""SOSNOWIEC"", ""city"": ""SOSNOWIEC"", ""region"": ""ŚLĄSKIE"", ""country"": ""PL""}",,,LEASE,1876 PLN,per month,Hybrid,Automatic,FWD
VR7CGHPY2TT244865,C3 Aircross Max · od 1452 PLN/mies.,Citroën C3 Aircross Max · Rata od 1452 PLN netto/mies. · Leasing B2B · Kraczkowa · Sprawdź ofertę!,https://sklep.citroen.pl/produkt/c3-aircross/vr7cghpy2tt244865/,https://raw.githubusercontent.com/Andy11001/-alfa-inventory/master/data/images/VR7CGHPY2TT244865_clean.webp,Citroën,C3 Aircross,2025,0,KM,SUV,Polar White,New,113784 PLN,PLN,"{""addr1"": ""KRACZKOWA"", ""city"": ""KRACZKOWA"", ""region"": ""MAZOWIECKIE"", ""country"": ""PL""}",,,LEASE,1452 PLN,per month,Hybrid,Automatic,FWD
VR7CCHPV7TT253403,C3 Plus · od 990 PLN/mies.,Citroën C3 Plus · Rata od 990 PLN netto/mies. · Leasing B2B · Kraczkowa · Sprawdź ofertę!,https://sklep.citroen.pl/produkt/c3/vr7cchpv7tt253403/,https://raw.githubusercontent.com/Andy11001/-alfa-inventory/master/data/images/VR7CCHPV7TT253403_clean.jpg,Citroën,C3,2025,0,KM,Hatchback,Monte Carlo,New,77282 PLN,PLN,"{""addr1"": ""KRACZKOWA"", ""city"": ""KRACZKOWA"", ""region"": ""MAZOWIECKIE"", ""country"": ""PL""}",,,LEASE,990 PLN,per month,Gasoline,Manual,FWD
VR7KAHPY0TL048968,Nowy C5 Aircross Max · od 1964 PLN/mies.,Citroën Nowy C5 Aircross Max · Rata od 1964 PLN netto/mies. · Leasing B2B · Kielce · Sprawdź ofertę!,https://sklep.citroen.pl/produkt/nowy-c5-aircross/vr7kahpy0tl048968/,https://raw.githubusercontent.com/Andy11001/-alfa-inventory/master/data/images/VR7KAHPY0TL048968_clean.webp,Citroën,Nowy C5 Aircross,2025,0,KM,SUV,Platinium Grey,New,154155 PLN,PLN,"{""addr1"": ""KIELCE"", ""city"": ""KIELCE"", ""region"": ""ŚWIĘTOKRZYSKIE"", ""country"": ""PL""}",,,LEASE,1964 PLN,per month,Hybrid,Automatic,FWD
VR7BAHPY7TE035638,C4 Max · od 1424 PLN/mies.,Citroën C4 Max · Rata od 1424 PLN netto/mies. · Leasing B2B · Zielona Góra · Sprawdź ofertę!,https://sklep.citroen.pl/produkt/c4/vr7bahpy7te035638/,https://raw.githubusercontent.com/Andy11001/-alfa-inventory/master/data/images/VR7BAHPY7TE035638_clean.webp,Citroën,C4,2025,0,KM,Hatchback,Rouge Elixir,New,111540 PLN,PLN,"{""addr1"": ""ZIELONA GÓRA"", ""city"": ""ZIELONA GÓRA"", ""region"": ""MAZOWIECKIE"", ""country"": ""PL""}",,,LEASE,1424 PLN,per month,Hybrid,Automatic,FWD
VR7BAHPYXTE036363,C4 Max · od 1403 PLN/mies.,Citroën C4 Max · Rata od 1403 PLN netto/mies. · Leasing B2B · Warszawa · Sprawdź ofertę!,https://sklep.citroen.pl/produkt/c4/vr7bahpyxte036363/,https://raw.githubusercontent.com/Andy11001/-alfa-inventory/master/data/images/VR7BAHPYXTE036363_clean.webp,Citroën,C4,2025,0,KM,Hatchback,Manhattan Green,New,109900 PLN,PLN,"{""addr1"": ""AL. KRAKOWSKA 206"", ""city"": ""WARSZAWA"", ""region"": ""MAZOWIECKIE"", ""country"": ""PL""}",52.2084,20.9412,LEASE,1403 PLN,per month,Hybrid,Automatic,FWD
VR7BAHPY0TE033228,C4 Max · od 1456 PLN/mies.,Citroën C4 Max · Rata od 1456 PLN netto/mies. · Leasing B2B · Sosnowiec · Sprawdź ofertę!,https://sklep.citroen.pl/produkt/c4/vr7bahpy0te033228/,https://raw.githubusercontent.com/Andy11001/-alfa-inventory/master/data/images/VR7BAHPY0TE033228_clean.webp,Citroën,C4,2025,0,KM,Hatchback,Rouge Elixir,New,114098 PLN,PLN,"{""addr1"": ""SOSNOWIEC"", ""city"": ""SOSNOWIEC"", ""region"": ""ŚLĄSKIE"", ""country"": ""PL""}",,,LEASE,1456 PLN,per month,Hybrid,Automatic,FWD
VR7BAHPY9TE038248,C4 Max · od 1446 PLN/mies.,Citroën C4 Max · Rata od 1446 PLN netto/mies. · Leasing B2B · Łódź · Sprawdź ofertę!,https://sklep.citroen.pl/produkt/c4/vr7bahpy9te038248/,https://raw.githubusercontent.com/Andy11001/-alfa-inventory/master/data/images/VR7BAHPY9TE038248_clean.webp,Citroën,C4,2025,0,KM,Hatchback,Perla Nera,New,113314 PLN,PLN,"{""addr1"": ""UL. OBYWATELSKA 181"", ""city"": ""ŁÓDŹ"", ""region"": ""ŁÓDZKIE"", ""country"": ""PL""}",51.7371,19.4316,LEASE,1446 PLN,per month,Hybrid,Automatic,FWD
VR7BAHPY7TE033176,C4 Max · od 1407 PLN/mies.,Citroën C4 Max · Rata od 1407 PLN netto/mies. · Leasing B2B · Konin · Sprawdź ofertę!,https://sklep.citroen.pl/produkt/c4/vr7bahpy7te033176/,https://raw.githubusercontent.com/Andy11001/-alfa-inventory/master/data/images/VR7BAHPY7TE033176_clean.webp,Citroën,C4,2025,0,KM,Hatchback,Perla Nera,New,110179 PLN,PLN,"{""addr1"": ""KONIN"", ""city"": ""KONIN"", ""region"": ""MAZOWIECKIE"", ""country"": ""PL""}",,,LEASE,1407 PLN,per month,Hybrid,Automatic,FWD
VR7BDHPY7TE037896,C4 X Max · od 1331 PLN/mies.,Citroën C4 X Max · Rata od 1331 PLN netto/mies. · Leasing B2B · Zielona Góra · Sprawdź ofertę!,https://sklep.citroen.pl/produkt/c4-x/vr7bdhpy7te037896/,https://raw.githubusercontent.com/Andy11001/-alfa-inventory/master/data/images/VR7BDHPY7TE037896_clean.webp,Citroën,C4 X,2025,0,KM,SUV,Perla Nera,New,104169 PLN,PLN,"{""addr1"": ""ZIELONA GÓRA"", ""city"": ""ZIELONA GÓRA"", ""region"": ""MAZOWIECKIE"", ""country"": ""PL""}",,,LEASE,1331 PLN,per month,Hybrid,Automatic,FWD
VR7CCHPV4TT256212,C3 Plus · od 1025 PLN/mies.,Citroën C3 Plus · Rata od 1025 PLN netto/mies. · Leasing B2B · Wieliczka · Sprawdź ofertę!,https://sklep.citroen.pl/produkt/c3/vr7cchpv4tt256212/,https://raw.githubusercontent.com/Andy11001/-alfa-inventory/master/data/images/VR7CCHPV4TT256212_clean.webp,Citroën,C3,2025,0,KM,Hatchback,Mercury Grey,New,80038 PLN,PLN,"{""addr1"": ""WIELICZKA"", ""city"": ""WIELICZKA"", ""region"": ""MAZOWIECKIE"", ""country"": ""PL""}",,,LEASE,1025 PLN,per month,Gasoline,Manual,FWD
VR7CCHPV1TT184384,C3 Plus · od 1025 PLN/mies.,Citroën C3 Plus · Rata od 1025 PLN netto/mies. · Leasing B2B · Warszawa · Sprawdź ofertę!,https://sklep.citroen.pl/produkt/c3/vr7cchpv1tt184384/,https://raw.githubusercontent.com/Andy11001/-alfa-inventory/master/data/images/VR7CCHPV1TT184384_clean.jpg,Citroën,C3,2025,0,KM,Hatchback,Mercury Grey,New,80038 PLN,PLN,"{""addr1"": ""AL. KRAKOWSKA 206"", ""city"": ""WARSZAWA"", ""region"": ""MAZOWIECKIE"", ""country"": ""PL""}",52.2084,20.9412,LEASE,1025 PLN,per month,Gasoline,Manual,FWD
VR7KAHPY3TL038032,Nowy C5 Aircross Max · od 2060 PLN/mies.,Citroën Nowy C5 Aircross Max · Rata od 2060 PLN netto/mies. · Leasing B2B · Wrocław · Sprawdź ofertę!,https://sklep.citroen.pl/produkt/nowy-c5-aircross/vr7kahpy3tl038032/,https://raw.githubusercontent.com/Andy11001/-alfa-inventory/master/data/images/VR7KAHPY3TL038032_clean.jpg,Citroën,Nowy C5 Aircross,2025,0,KM,SUV,Okenite White,New,161724 PLN,PLN,"{""addr1"": ""UL. SZCZECIŃSKA 7"", ""city"": ""WROCŁAW"", ""region"": ""DOLNOŚLĄSKIE"", ""country"": ""PL""}",51.1274,16.9535,LEASE,2060 PLN,per month,Hybrid,Automatic,FWD
VR7KAHPY1TL023514,Nowy C5 Aircross Max · od 1931 PLN/mies.,Citroën Nowy C5 Aircross Max · Rata od 1931 PLN netto/mies. · Leasing B2B · Wieliczka · Sprawdź ofertę!,https://sklep.citroen.pl/produkt/nowy-c5-aircross/vr7kahpy1tl023514/,https://raw.githubusercontent.com/Andy11001/-alfa-inventory/master/data/images/VR7KAHPY1TL023514_clean.jpg,Citroën,Nowy C5 Aircross,2025,0,KM,SUV,Platinium Grey,New,151545 PLN,PLN,"{""addr1"": ""WIELICZKA"", ""city"": ""WIELICZKA"", ""region"": ""MAZOWIECKIE"", ""country"": ""PL""}",,,LEASE,1931 PLN,per month,Hybrid,Automatic,FWD
VR7KAHPY3TL048799,Nowy C5 Aircross Max · od 1908 PLN/mies.,Citroën Nowy C5 Aircross Max · Rata od 1908 PLN netto/mies. · Leasing B2B · Warszawa · Sprawdź ofertę!,https://sklep.citroen.pl/produkt/nowy-c5-aircross/vr7kahpy3tl048799/,https://raw.githubusercontent.com/Andy11001/-alfa-inventory/master/data/images/VR7KAHPY3TL048799_clean.jpg,Citroën,Nowy C5 Aircross,2025,0,KM,SUV,Okenite White,New,149718 PLN,PLN,"{""addr1"": ""AL. KRAKOWSKA 206"", ""city"": ""WARSZAWA"", ""region"": ""MAZOWIECKIE"", ""country"": ""PL""}",52.2084,20.9412,LEASE,1908 PLN,per month,Hybrid,Automatic,FWD
VR7KAHPY9TL038617,Nowy C5 Aircross Plus · od 1815 PLN/mies.,Citroën Nowy C5 Aircross Plus · Rata od 1815 PLN netto/mies. · Leasing B2B · Poznań · Sprawdź ofertę!,https://sklep.citroen.pl/produkt/nowy-c5-aircross/vr7kahpy9tl038617/,https://raw.githubusercontent.com/Andy11001/-alfa-inventory/master/data/images/VR7KAHPY9TL038617_clean.jpg,Citroën,Nowy C5 Aircross,2025,0,KM,SUV,Ruby Red,New,142371 PLN,PLN,"{""addr1"": ""UL. KRZYWOUSTEGO 71"", ""city"": ""POZNAŃ"", ""region"": ""WIELKOPOLSKIE"", ""country"": ""PL""}",52.3787,17.0270,LEASE,1815 PLN,per month,Hybrid,Automatic,FWD
VR7BAHPY5TE034536,C4 Max · od 1437 PLN/mies.,Citroën C4 Max · Rata od 1437 PLN netto/mies. · Leasing B2B · Wrocław · Sprawdź ofertę!,https://sklep.citroen.pl/produkt/c4/vr7bahpy5te034536/,https://raw.githubusercontent.com/Andy11001/-alfa-inventory/master/data/images/VR7BAHPY5TE034536_clean.webp,Citroën,C4,2025,0,KM,Hatchback,Bleu Eclipse,New,112571 PLN,PLN,"{""addr1"": ""UL. SZCZECIŃSKA 7"", ""city"": ""WROCŁAW"", ""region"": ""DOLNOŚLĄSKIE"", ""country"": ""PL""}",51.1274,16.9535,LEASE,1437 PLN,per month,Hybrid,Automatic,FWD
VR7BAHPYXTE035682,C4 Max · od 1359 PLN/mies.,Citroën C4 Max · Rata od 1359 PLN netto/mies. · Leasing B2B · Zielona Góra · Sprawdź ofertę!,https://sklep.citroen.pl/produkt/c4/vr7bahpyxte035682/,https://raw.githubusercontent.com/Andy11001/-alfa-inventory/master/data/images/VR7BAHPYXTE035682_clean.jpg,Citroën,C4,2025,0,KM,Hatchback,Bleu Eclipse,New,106431 PLN,PLN,"{""addr1"": ""ZIELONA GÓRA"", ""city"": ""ZIELONA GÓRA"", ""region"": ""MAZOWIECKIE"", ""country"": ""PL""}",,,LEASE,1359 PLN,per month,Hybrid,Automatic,FWD
VR7CCHPX6TT244404,C3 Max · od 1259 PLN/mies.,Citroën C3 Max · Rata od 1259 PLN netto/mies. · Leasing B2B · Kutno · Sprawdź ofertę!,https://sklep.citroen.pl/produkt/c3/vr7cchpx6tt244404/,https://raw.githubusercontent.com/Andy11001/-alfa-inventory/master/data/images/VR7CCHPX6TT244404_clean.jpg,Citroën,C3,2025,0,KM,Hatchback,Bright Blue,New,98486 PLN,PLN,"{""addr1"": ""KUTNO"", ""city"": ""KUTNO"", ""region"": ""MAZOWIECKIE"", ""country"": ""PL""}",,,LEASE,1259 PLN,per month,Hybrid,Automatic,FWD
VR7CCHPV5TT229519,C3 Max · od 1113 PLN/mies.,Citroën C3 Max · Rata od 1113 PLN netto/mies. · Leasing B2B · Kalisz · Sprawdź ofertę!,https://sklep.citroen.pl/produkt/c3/vr7cchpv5tt229519/,https://raw.githubusercontent.com/Andy11001/-alfa-inventory/master/data/images/VR7CCHPV5TT229519_clean.webp,Citroën,C3,2025,0,KM,Hatchback,Mercury Grey,New,87032 PLN,PLN,"{""addr1"": ""KALISZ"", ""city"": ""KALISZ"", ""region"": ""MAZOWIECKIE"", ""country"": ""PL""}",,,LEASE,1113 PLN,per month,Gasoline,Manual,FWD
VR7KAHPY2TL038166,Nowy C5 Aircross Plus · od 1815 PLN/mies.,Citroën Nowy C5 Aircross Plus · Rata od 1815 PLN netto/mies. · Leasing B2B · Łódź · Sprawdź ofertę!,https://sklep.citroen.pl/produkt/nowy-c5-aircross/vr7kahpy2tl038166/,https://raw.githubusercontent.com/Andy11001/-alfa-inventory/master/data/images/VR7KAHPY2TL038166_clean.webp,Citroën,Nowy C5 Aircross,2025,0,KM,SUV,Ruby Red,New,142371 PLN,PLN,"{""addr1"": ""UL. OBYWATELSKA 181"", ""city"": ""ŁÓDŹ"", ""region"": ""ŁÓDZKIE"", ""country"": ""PL""}",51.7371,19.4316,LEASE,1815 PLN,per month,Hybrid,Automatic,FWD
VR7BDHPY9TE037902,C4 X Max · od 1359 PLN/mies.,Citroën C4 X Max · Rata od 1359 PLN netto/mies. · Leasing B2B · Zielona Góra · Sprawdź ofertę!,https://sklep.citroen.pl/produkt/c4-x/vr7bdhpy9te037902/,https://raw.githubusercontent.com/Andy11001/-alfa-inventory/master/data/images/VR7BDHPY9TE037902_clean.webp,Citroën,C4 X,2025,0,KM,SUV,Blue Eclipse,New,106431 PLN,PLN,"{""addr1"": ""ZIELONA GÓRA"", ""city"": ""ZIELONA GÓRA"", ""region"": ""MAZOWIECKIE"", ""country"": ""PL""}",,,LEASE,1359 PLN,per month,Hybrid,Automatic,FWD
VR7BAHPYXTE037691,C4 Max · od 1359 PLN/mies.,Citroën C4 Max · Rata od 1359 PLN netto/mies. · Leasing B2B · Zielona Góra · Sprawdź ofertę!,https://sklep.citroen.pl/produkt/c4/vr7bahpyxte037691/,https://raw.githubusercontent.com/Andy11001/-alfa-inventory/master/data/images/VR7BAHPYXTE037691_clean.webp,Citroën,C4,2025,0,KM,Hatchback,Bleu Eclipse,New,106431 PLN,PLN,"{""addr1"": ""ZIELONA GÓRA"", ""city"": ""ZIELONA GÓRA"", ""region"": ""MAZOWIECKIE"", ""country"": ""PL""}",,,LEASE,1359 PLN,per month,Hybrid,Automatic,FWD
VR7BDHPY2TE037899,C4 X Max · od 1331 PLN/mies.,Citroën C4 X Max · Rata od 1331 PLN netto/mies. · Leasing B2B · Zielona Góra · Sprawdź ofertę!,https://sklep.citroen.pl/produkt/c4-x/vr7bdhpy2te037899/,https://raw.githubusercontent.com/Andy11001/-alfa-inventory/master/data/images/VR7BDHPY2TE037899_clean.webp,Citroën,C4 X,2025,0,KM,SUV,Perla Nera,New,104169 PLN,PLN,"{""addr1"": ""ZIELONA GÓRA"", ""city"": ""ZIELONA GÓRA"", ""region"": ""MAZOWIECKIE"", ""country"": ""PL""}",,,LEASE,1331 PLN,per month,Hybrid,Automatic,FWD
VR7BDHPY4TE034096,C4 X Max · od 1407 PLN/mies.,Citroën C4 X Max · Rata od 1407 PLN netto/mies. · Leasing B2B · Sosnowiec · Sprawdź ofertę!,https://sklep.citroen.pl/produkt/c4-x/vr7bdhpy4te034096/,https://raw.githubusercontent.com/Andy11001/-alfa-inventory/master/data/images/VR7BDHPY4TE034096_clean.webp,Citroën,C4 X,2025,0,KM,SUV,Perla Nera,New,110179 PLN,PLN,"{""addr1"": ""SOSNOWIEC"", ""city"": ""SOSNOWIEC"", ""region"": ""ŚLĄSKIE"", ""country"": ""PL""}",,,LEASE,1407 PLN,per month,Hybrid,Automatic,FWD
VR7BAHPY3TE023194,C4 Collection · od 1343 PLN/mies.,Citroën C4 Collection · Rata od 1343 PLN netto/mies. · Leasing B2B · Bielsko-Biała · Sprawdź ofertę!,https://sklep.citroen.pl/produkt/c4/vr7bahpy3te023194/,https://raw.githubusercontent.com/Andy11001/-alfa-inventory/master/data/images/VR7BAHPY3TE023194_clean.webp,Citroën,C4,2025,0,KM,Hatchback,Bleu Eclipse,New,105118 PLN,PLN,"{""addr1"": ""BIELSKO-BIAŁA"", ""city"": ""BIELSKO-BIAŁA"", ""region"": ""ŚLĄSKIE"", ""country"": ""PL""}",,,LEASE,1343 PLN,per month,Hybrid,Automatic,FWD
VR7BAHPY4TE022734,C4 Collection · od 1343 PLN/mies.,Citroën C4 Collection · Rata od 1343 PLN netto/mies. · Leasing B2B · Bielsko-Biała · Sprawdź ofertę!,https://sklep.citroen.pl/produkt/c4/vr7bahpy4te022734/,https://raw.githubusercontent.com/Andy11001/-alfa-inventory/master/data/images/VR7BAHPY4TE022734_clean.jpg,Citroën,C4,2025,0,KM,Hatchback,Bleu Eclipse,New,105118 PLN,PLN,"{""addr1"": ""BIELSKO-BIAŁA"", ""city"": ""BIELSKO-BIAŁA"", ""region"": ""ŚLĄSKIE"", ""country"": ""PL""}",,,LEASE,1343 PLN,per month,Hybrid,Automatic,FWD
VR7CCHPX4TT244319,C3 Max · od 1270 PLN/mies.,Citroën C3 Max · Rata od 1270 PLN netto/mies. · Leasing B2B · Gliwice · Sprawdź ofertę!,https://sklep.citroen.pl/produkt/c3/vr7cchpx4tt244319/,https://raw.githubusercontent.com/Andy11001/-alfa-inventory/master/data/images/VR7CCHPX4TT244319_clean.webp,Citroën,C3,2025,0,KM,Hatchback,Rouge Elixir,New,99360 PLN,PLN,"{""addr1"": ""GLIWICE"", ""city"": ""GLIWICE"", ""region"": ""ŚLĄSKIE"", ""country"": ""PL""}",,,LEASE,1270 PLN,per month,Hybrid,Automatic,FWD
VR7CCHPX1TT244326,C3 Max · od 1270 PLN/mies.,Citroën C3 Max · Rata od 1270 PLN netto/mies. · Leasing B2B · Warszawa · Sprawdź ofertę!,https://sklep.citroen.pl/produkt/c3/vr7cchpx1tt244326/,https://raw.githubusercontent.com/Andy11001/-alfa-inventory/master/data/images/VR7CCHPX1TT244326_clean.jpg,Citroën,C3,2025,0,KM,Hatchback,Rouge Elixir,New,99360 PLN,PLN,"{""addr1"": ""AL. KRAKOWSKA 206"", ""city"": ""WARSZAWA"", ""region"": ""MAZOWIECKIE"", ""country"": ""PL""}",52.2084,20.9412,LEASE,1270 PLN,per month,Hybrid,Automatic,FWD
VR7CCHPX5TT229473,C3 Max · od 1259 PLN/mies.,Citroën C3 Max · Rata od 1259 PLN netto/mies. · Leasing B2B · Wrocław · Sprawdź ofertę!,https://sklep.citroen.pl/produkt/c3/vr7cchpx5tt229473/,https://raw.githubusercontent.com/Andy11001/-alfa-inventory/master/data/images/VR7CCHPX5TT229473_clean.webp,Citroën,C3,2025,0,KM,Hatchback,Bright Blue,New,98486 PLN,PLN,"{""addr1"": ""UL. SZCZECIŃSKA 7"", ""city"": ""WROCŁAW"", ""region"": ""DOLNOŚLĄSKIE"", ""country"": ""PL""}",51.1274,16.9535,LEASE,1259 PLN,per month,Hybrid,Automatic,FWD
VR7CCHPX5TT244300,C3 Max · od 1259 PLN/mies.,Citroën C3 Max · Rata od 1259 PLN netto/mies. · Leasing B2B · Łódź · Sprawdź ofertę!,https://sklep.citroen.pl/produkt/c3/vr7cchpx5tt244300/,https://raw.githubusercontent.com/Andy11001/-alfa-inventory/master/data/images/VR7CCHPX5TT244300_clean.webp,Citroën,C3,2025,0,KM,Hatchback,Mercury Grey,New,98486 PLN,PLN,"{""addr1"": ""UL. OBYWATELSKA 181"", ""city"": ""ŁÓDŹ"", ""region"": ""ŁÓDZKIE"", ""country"": ""PL""}",51.7371,19.4316,LEASE,1259 PLN,per month,Hybrid,Automatic,FWD
VR7KAHPY6TL038283,Nowy C5 Aircross Max · od 2060 PLN/mies.,Citroën Nowy C5 Aircross Max · Rata od 2060 PLN netto/mies. · Leasing B2B · Łódź · Sprawdź ofertę!,https://sklep.citroen.pl/produkt/nowy-c5-aircross/vr7kahpy6tl038283/,https://raw.githubusercontent.com/Andy11001/-alfa-inventory/master/data/images/VR7KAHPY6TL038283_clean.webp,Citroën,Nowy C5 Aircross,2025,0,KM,SUV,Platinium Grey,New,161724 PLN,PLN,"{""addr1"": ""UL. OBYWATELSKA 181"", ""city"": ""ŁÓDŹ"", ""region"": ""ŁÓDZKIE"", ""country"": ""PL""}",51.7371,19.4316,LEASE,2060 PLN,per month,Hybrid,Automatic,FWD
VR7KAHPY8TL037507,Nowy C5 Aircross Max · od 2060 PLN/mies.,Citroën Nowy C5 Aircross Max · Rata od 2060 PLN netto/mies. · Leasing B2B · Łódź · Sprawdź ofertę!,https://sklep.citroen.pl/produkt/nowy-c5-aircross/vr7kahpy8tl037507/,https://raw.githubusercontent.com/Andy11001/-alfa-inventory/master/data/images/VR7KAHPY8TL037507_clean.jpg,Citroën,Nowy C5 Aircross,2025,0,KM,SUV,Okenite White,New,161724 PLN,PLN,"{""addr1"": ""UL. OBYWATELSKA 181"", ""city"": ""ŁÓDŹ"", ""region"": ""ŁÓDZKIE"", ""country"": ""PL""}",51.7371,19.4316,LEASE,2060 PLN,per month,Hybrid,Automatic,FWD
VR7BAHPY0TE032371,C4 Max · od 1537 PLN/mies.,Citroën C4 Max · Rata od 1537 PLN netto/mies. · Leasing B2B · Kutno · Sprawdź ofertę!,https://sklep.citroen.pl/produkt/c4/vr7bahpy0te032371/,https://raw.githubusercontent.com/Andy11001/-alfa-inventory/master/data/images/VR7BAHPY0TE032371_clean.webp,Citroën,C4,2025,0,KM,Hatchback,Manhattan Green,New,120450 PLN,PLN,"{""addr1"": ""KUTNO"", ""city"": ""KUTNO"", ""region"": ""MAZOWIECKIE"", ""country"": ""PL""}",,,LEASE,1537 PLN,per month,Hybrid,Automatic,FWD
VR7CCHPV6TT242344,C3 Max · od 1113 PLN/mies.,Citroën C3 Max · Rata od 1113 PLN netto/mies. · Leasing B2B · Szczecin · Sprawdź ofertę!,https://sklep.citroen.pl/produkt/c3/vr7cchpv6tt242344/,https://raw.githubusercontent.com/Andy11001/-alfa-inventory/master/data/images/VR7CCHPV6TT242344_clean.webp,Citroën,C3,2025,0,KM,Hatchback,Mercury Grey,New,87032 PLN,PLN,"{""addr1"": ""UL. STRUGA 1B"", ""city"": ""SZCZECIN"", ""region"": ""ZACHODNIOPOMORSKIE"", ""country"": ""PL""}",53.3891,14.6543,LEASE,1113 PLN,per month,Gasoline,Manual,FWD
VR7BAHPY2TE034560,C4 Max · od 1461 PLN/mies.,Citroën C4 Max · Rata od 1461 PLN netto/mies. · Leasing B2B · Słupsk · Sprawdź ofertę!,https://sklep.citroen.pl/produkt/c4/vr7bahpy2te034560/,https://raw.githubusercontent.com/Andy11001/-alfa-inventory/master/data/images/VR7BAHPY2TE034560_clean.webp,Citroën,C4,2025,0,KM,Hatchback,Rouge Elixir,New,114469 PLN,PLN,"{""addr1"": ""SŁUPSK"", ""city"": ""SŁUPSK"", ""region"": ""POMORSKIE"", ""country"": ""PL""}",,,LEASE,1461 PLN,per month,Hybrid,Automatic,FWD
VR7CCHPXXTT229470,C3 Max · od 1259 PLN/mies.,Citroën C3 Max · Rata od 1259 PLN netto/mies. · Leasing B2B · Gdańsk · Sprawdź ofertę!,https://sklep.citroen.pl/produkt/c3/vr7cchpxxtt229470/,https://raw.githubusercontent.com/Andy11001/-alfa-inventory/master/data/images/VR7CCHPXXTT229470_clean.webp,Citroën,C3,2025,0,KM,Hatchback,Bright Blue,New,98486 PLN,PLN,"{""addr1"": ""AL. GRUNWALDZKA 256"", ""city"": ""GDAŃSK"", ""region"": ""POMORSKIE"", ""country"": ""PL""}",54.4022,18.5714,LEASE,1259 PLN,per month,Hybrid,Automatic,FWD
VR7CCHPV4TT188462,C3 Max · od 1124 PLN/mies.,Citroën C3 Max · Rata od 1124 PLN netto/mies. · Leasing B2B · Olsztyn · Sprawdź ofertę!,https://sklep.citroen.pl/produkt/c3/vr7cchpv4tt188462/,https://raw.githubusercontent.com/Andy11001/-alfa-inventory/master/data/images/VR7CCHPV4TT188462_clean.webp,Citroën,C3,2025,0,KM,Hatchback,Rouge Elixir,New,87906 PLN,PLN,"{""addr1"": ""OLSZTYN"", ""city"": ""OLSZTYN"", ""region"": ""MAZOWIECKIE"", ""country"": ""PL""}",,,LEASE,1124 PLN,per month,Gasoline,Manual,FWD
VR7BDHPY8TE020900,C4 X Max · od 1414 PLN/mies.,Citroën C4 X Max · Rata od 1414 PLN netto/mies. · Leasing B2B · Warszawa · Sprawdź ofertę!,https://sklep.citroen.pl/produkt/c4-x/vr7bdhpy8te020900/,https://raw.githubusercontent.com/Andy11001/-alfa-inventory/master/data/images/VR7BDHPY8TE020900_clean.webp,Citroën,C4 X,2025,0,KM,SUV,Mercury Grey,New,110715 PLN,PLN,"{""addr1"": ""AL. KRAKOWSKA 206"", ""city"": ""WARSZAWA"", ""region"": ""MAZOWIECKIE"", ""country"": ""PL""}",52.2084,20.9412,LEASE,1414 PLN,per month,Hybrid,Automatic,FWD
VR7CCHPVXTT242315,C3 Max · od 1124 PLN/mies.,Citroën C3 Max · Rata od 1124 PLN netto/mies. · Leasing B2B · Sosnowiec · Sprawdź ofertę!,https://sklep.citroen.pl/produkt/c3/vr7cchpvxtt242315/,https://raw.githubusercontent.com/Andy11001/-alfa-inventory/master/data/images/VR7CCHPVXTT242315_clean.webp,Citroën,C3,2025,0,KM,Hatchback,Rouge Elixir,New,87906 PLN,PLN,"{""addr1"": ""SOSNOWIEC"", ""city"": ""SOSNOWIEC"", ""region"": ""ŚLĄSKIE"", ""country"": ""PL""}",,,LEASE,1124 PLN,per month,Gasoline,Manual,FWD
VR7KAHPYXTL037878,Nowy C5 Aircross Max · od 2060 PLN/mies.,Citroën Nowy C5 Aircross Max · Rata od 2060 PLN netto/mies. · Leasing B2B · Wrocław · Sprawdź ofertę!,https://sklep.citroen.pl/produkt/nowy-c5-aircross/vr7kahpyxtl037878/,https://raw.githubusercontent.com/Andy11001/-alfa-inventory/master/data/images/VR7KAHPYXTL037878_clean.webp,Citroën,Nowy C5 Aircross,2025,0,KM,SUV,Eclipse Blue,New,161724 PLN,PLN,"{""addr1"": ""UL. SZCZECIŃSKA 7"", ""city"": ""WROCŁAW"", ""region"": ""DOLNOŚLĄSKIE"", ""country"": ""PL""}",51.1274,16.9535,LEASE,2060 PLN,per month,Hybrid,Automatic,FWD
VR7BAHPY9TE020591,C4 Max · od 1414 PLN/mies.,Citroën C4 Max · Rata od 1414 PLN netto/mies. · Leasing B2B · Warszawa · Sprawdź ofertę!,https://sklep.citroen.pl/produkt/c4/vr7bahpy9te020591/,https://raw.githubusercontent.com/Andy11001/-alfa-inventory/master/data/images/VR7BAHPY9TE020591_clean.webp,Citroën,C4,2025,0,KM,Hatchback,Gris Mercury,New,110715 PLN,PLN,"{""addr1"": ""AL. KRAKOWSKA 206"", ""city"": ""WARSZAWA"", ""region"": ""MAZOWIECKIE"", ""country"": ""PL""}",52.2084,20.9412,LEASE,1414 PLN,per month,Hybrid,Automatic,FWD
VR7CGHPY2TT244946,C3 Aircross Max · od 1465 PLN/mies.,Citroën C3 Aircross Max · Rata od 1465 PLN netto/mies. · Leasing B2B · Białystok · Sprawdź ofertę!,https://sklep.citroen.pl/produkt/c3-aircross/vr7cghpy2tt244946/,https://raw.githubusercontent.com/Andy11001/-alfa-inventory/master/data/images/VR7CGHPY2TT244946_clean.webp,Citroën,C3 Aircross,2025,0,KM,SUV,Mercury Grey,New,114752 PLN,PLN,"{""addr1"": ""BIAŁYSTOK"", ""city"": ""BIAŁYSTOK"", ""region"": ""PODLASKIE"", ""country"": ""PL""}",,,LEASE,1465 PLN,per month,Hybrid,Automatic,FWD
VR7CGHPY0TT244945,C3 Aircross Max · od 1465 PLN/mies.,Citroën C3 Aircross Max · Rata od 1465 PLN netto/mies. · Leasing B2B · Białystok · Sprawdź ofertę!,https://sklep.citroen.pl/produkt/c3-aircross/vr7cghpy0tt244945/,https://raw.githubusercontent.com/Andy11001/-alfa-inventory/master/data/images/VR7CGHPY0TT244945_clean.webp,Citroën,C3 Aircross,2025,0,KM,SUV,Mercury Grey,New,114752 PLN,PLN,"{""addr1"": ""BIAŁYSTOK"", ""city"": ""BIAŁYSTOK"", ""region"": ""PODLASKIE"", ""country"": ""PL""}",,,LEASE,1465 PLN,per month,Hybrid,Automatic,FWD
VR7CGHPY6TT244867,C3 Aircross Max · od 1452 PLN/mies.,Citroën C3 Aircross Max · Rata od 1452 PLN netto/mies. · Leasing B2B · Kalisz · Sprawdź ofertę!,https://sklep.citroen.pl/produkt/c3-aircross/vr7cghpy6tt244867/,https://raw.githubusercontent.com/Andy11001/-alfa-inventory/master/data/images/VR7CGHPY6TT244867_clean.webp,Citroën,C3 Aircross,2025,0,KM,SUV,Polar White,New,113784 PLN,PLN,"{""addr1"": ""KALISZ"", ""city"": ""KALISZ"", ""region"": ""MAZOWIECKIE"", ""country"": ""PL""}",,,LEASE,1452 PLN,per month,Hybrid,Automatic,FWD
VR7CGHPY7TT244814,C3 Aircross Max · od 1452 PLN/mies.,Citroën C3 Aircross Max · Rata od 1452 PLN netto/mies. · Leasing B2B · Kraczkowa · Sprawdź ofertę!,https://sklep.citroen.pl/produkt/c3-aircross/vr7cghpy7tt244814/,https://raw.githubusercontent.com/Andy11001/-alfa-inventory/master/data/images/VR7CGHPY7TT244814_clean.webp,Citroën,C3 Aircross,2025,0,KM,SUV,Polar White,New,113784 PLN,PLN,"{""addr1"": ""KRACZKOWA"", ""city"": ""KRACZKOWA"", ""region"": ""MAZOWIECKIE"", ""country"": ""PL""}",,,LEASE,1452 PLN,per month,Hybrid,Automatic,FWD
VR7CGHPY4TT244866,C3 Aircross Max · od 1452 PLN/mies.,Citroën C3 Aircross Max · Rata od 1452 PLN netto/mies. · Leasing B2B · Białystok · Sprawdź ofertę!,https://sklep.citroen.pl/produkt/c3-aircross/vr7cghpy4tt244866/,https://raw.githubusercontent.com/Andy11001/-alfa-inventory/master/data/images/VR7CGHPY4TT244866_clean.webp,Citroën,C3 Aircross,2025,0,KM,SUV,Polar White,New,113784 PLN,PLN,"{""addr1"": ""BIAŁYSTOK"", ""city"": ""BIAŁYSTOK"", ""region"": ""PODLASKIE"", ""country"": ""PL""}",,,LEASE,1452 PLN,per month,Hybrid,Automatic,FWD
VR7CGHPY9TT244815,C3 Aircross Plus · od 1406 PLN/mies.,Citroën C3 Aircross Plus · Rata od 1406 PLN netto/mies. · Leasing B2B · Kutno · Sprawdź ofertę!,https://sklep.citroen.pl/produkt/c3-aircross/vr7cghpy9tt244815/,https://raw.githubusercontent.com/Andy11001/-alfa-inventory/master/data/images/VR7CGHPY9TT244815_clean.webp,Citroën,C3 Aircross,2025,0,KM,SUV,Polar White,New,110088 PLN,PLN,"{""addr1"": ""KUTNO"", ""city"": ""KUTNO"", ""region"": ""MAZOWIECKIE"", ""country"": ""PL""}",,,LEASE,1406 PLN,per month,Hybrid,Automatic,FWD
VR7CGHPY6TT148110,C3 Aircross Plus · od 1363 PLN/mies.,Citroën C3 Aircross Plus · Rata od 1363 PLN netto/mies. · Leasing B2B · Warszawa · Sprawdź ofertę!,https://sklep.citroen.pl/produkt/c3-aircross/vr7cghpy6tt148110/,https://raw.githubusercontent.com/Andy11001/-alfa-inventory/master/data/images/VR7CGHPY6TT148110_clean.webp,Citroën,C3 Aircross,2025,0,KM,SUV,Mercury Grey,New,106722 PLN,PLN,"{""addr1"": ""AL. KRAKOWSKA 206"", ""city"": ""WARSZAWA"", ""region"": ""MAZOWIECKIE"", ""country"": ""PL""}",52.2084,20.9412,LEASE,1363 PLN,per month,Hybrid,Automatic,FWD
VR7CCHPX2TT178806,C3 Plus · od 1248 PLN/mies.,Citroën C3 Plus · Rata od 1248 PLN netto/mies. · Leasing B2B · Białystok · Sprawdź ofertę!,https://sklep.citroen.pl/produkt/c3/vr7cchpx2tt178806/,https://raw.githubusercontent.com/Andy11001/-alfa-inventory/master/data/images/VR7CCHPX2TT178806_clean.webp,Citroën,C3,2025,0,KM,Hatchback,Rouge Elixir,New,97636 PLN,PLN,"{""addr1"": ""BIAŁYSTOK"", ""city"": ""BIAŁYSTOK"", ""region"": ""PODLASKIE"", ""country"": ""PL""}",,,LEASE,1248 PLN,per month,Hybrid,Automatic,FWD
VR7BAHPY2TE033733,C4 Max · od 1437 PLN/mies.,Citroën C4 Max · Rata od 1437 PLN netto/mies. · Leasing B2B · Kutno · Sprawdź ofertę!,https://sklep.citroen.pl/produkt/c4/vr7bahpy2te033733/,https://raw.githubusercontent.com/Andy11001/-alfa-inventory/master/data/images/VR7BAHPY2TE033733_clean.webp,Citroën,C4,2025,0,KM,Hatchback,Bleu Eclipse,New,112571 PLN,PLN,"{""addr1"": ""KUTNO"", ""city"": ""KUTNO"", ""region"": ""MAZOWIECKIE"", ""country"": ""PL""}",,,LEASE,1437 PLN,per month,Hybrid,Automatic,FWD
VR7BAHPY2TE036745,C4 Max · od 1423 PLN/mies.,Citroën C4 Max · Rata od 1423 PLN netto/mies. · Leasing B2B · Grębów · Sprawdź ofertę!,https://sklep.citroen.pl/produkt/c4/vr7bahpy2te036745/,https://raw.githubusercontent.com/Andy11001/-alfa-inventory/master/data/images/VR7BAHPY2TE036745_clean.webp,Citroën,C4,2025,0,KM,Hatchback,Bleu Eclipse,New,111499 PLN,PLN,"{""addr1"": ""GRĘBÓW"", ""city"": ""GRĘBÓW"", ""region"": ""MAZOWIECKIE"", ""country"": ""PL""}",,,LEASE,1423 PLN,per month,Hybrid,Automatic,FWD
VR7CGHPY3TT244695,C3 Aircross Max · od 1466 PLN/mies.,Citroën C3 Aircross Max · Rata od 1466 PLN netto/mies. · Leasing B2B · Bydgoszcz · Sprawdź ofertę!,https://sklep.citroen.pl/produkt/c3-aircross/vr7cghpy3tt244695/,https://raw.githubusercontent.com/Andy11001/-alfa-inventory/master/data/images/VR7CGHPY3TT244695_clean.webp,Citroën,C3 Aircross,2025,0,KM,SUV,Mercury Grey,New,114840 PLN,PLN,"{""addr1"": ""BYDGOSZCZ"", ""city"": ""BYDGOSZCZ"", ""region"": ""KUJAWSKO-POMORSKIE"", ""country"": ""PL""}",,,LEASE,1466 PLN,per month,Hybrid,Automatic,FWD
VR7CGHPY8TT244711,C3 Aircross Plus · od 1419 PLN/mies.,Citroën C3 Aircross Plus · Rata od 1419 PLN netto/mies. · Leasing B2B · Wrocław · Sprawdź ofertę!,https://sklep.citroen.pl/produkt/c3-aircross/vr7cghpy8tt244711/,https://raw.githubusercontent.com/Andy11001/-alfa-inventory/master/data/images/VR7CGHPY8TT244711_clean.webp,Citroën,C3 Aircross,2025,0,KM,SUV,B0Mm0B B0Nbright Blueb,New,111144 PLN,PLN,"{""addr1"": ""UL. SZCZECIŃSKA 7"", ""city"": ""WROCŁAW"", ""region"": ""DOLNOŚLĄSKIE"", ""country"": ""PL""}",51.1274,16.9535,LEASE,1419 PLN,per month,Hybrid,Automatic,FWD
VR7CCHPX7TT228065,C3 Max · od 1270 PLN/mies.,Citroën C3 Max · Rata od 1270 PLN netto/mies. · Leasing B2B · Białystok · Sprawdź ofertę!,https://sklep.citroen.pl/produkt/c3/vr7cchpx7tt228065/,https://raw.githubusercontent.com/Andy11001/-alfa-inventory/master/data/images/VR7CCHPX7TT228065_clean.webp,Citroën,C3,2025,0,KM,Hatchback,Rouge Elixir,New,99360 PLN,PLN,"{""addr1"": ""BIAŁYSTOK"", ""city"": ""BIAŁYSTOK"", ""region"": ""PODLASKIE"", ""country"": ""PL""}",,,LEASE,1270 PLN,per month,Hybrid,Automatic,FWD
VR7CGHPX1TT243200,C3 Aircross Plus · od 1358 PLN/mies.,Citroën C3 Aircross Plus · Rata od 1358 PLN netto/mies. · Leasing B2B · Wrocław · Sprawdź ofertę!,https://sklep.citroen.pl/produkt/c3-aircross/vr7cghpx1tt243200/,https://raw.githubusercontent.com/Andy11001/-alfa-inventory/master/data/images/VR7CGHPX1TT243200_clean.webp,Citroën,C3 Aircross,2025,0,KM,SUV,Montana Green,New,106304 PLN,PLN,"{""addr1"": ""UL. SZCZECIŃSKA 7"", ""city"": ""WROCŁAW"", ""region"": ""DOLNOŚLĄSKIE"", ""country"": ""PL""}",51.1274,16.9535,LEASE,1358 PLN,per month,Hybrid,Automatic,FWD
VR7CCHPX5TT208168,C3 Max · od 1259 PLN/mies.,Citroën C3 Max · Rata od 1259 PLN netto/mies. · Leasing B2B · Gliwice · Sprawdź ofertę!,https://sklep.citroen.pl/produkt/c3/vr7cchpx5tt208168/,https://raw.githubusercontent.com/Andy11001/-alfa-inventory/master/data/images/VR7CCHPX5TT208168_clean.webp,Citroën,C3,2025,0,KM,Hatchback,Noir Perla Nera,New,98486 PLN,PLN,"{""addr1"": ""GLIWICE"", ""city"": ""GLIWICE"", ""region"": ""ŚLĄSKIE"", ""country"": ""PL""}",,,LEASE,1259 PLN,per month,Hybrid,Automatic,FWD
VR7CCHPV1TT242316,C3 Max · od 1124 PLN/mies.,Citroën C3 Max · Rata od 1124 PLN netto/mies. · Leasing B2B · Rybnik · Sprawdź ofertę!,https://sklep.citroen.pl/produkt/c3/vr7cchpv1tt242316/,https://raw.githubusercontent.com/Andy11001/-alfa-inventory/master/data/images/VR7CCHPV1TT242316_clean.webp,Citroën,C3,2025,0,KM,Hatchback,Rouge Elixir,New,87906 PLN,PLN,"{""addr1"": ""RYBNIK"", ""city"": ""RYBNIK"", ""region"": ""ŚLĄSKIE"", ""country"": ""PL""}",,,LEASE,1124 PLN,per month,Gasoline,Manual,FWD
VR7CCHPV1TT242350,C3 Max · od 1113 PLN/mies.,Citroën C3 Max · Rata od 1113 PLN netto/mies. · Leasing B2B · Warszawa · Sprawdź ofertę!,https://sklep.citroen.pl/produkt/c3/vr7cchpv1tt242350/,https://raw.githubusercontent.com/Andy11001/-alfa-inventory/master/data/images/VR7CCHPV1TT242350_clean.webp,Citroën,C3,2025,0,KM,Hatchback,Mercury Grey,New,87032 PLN,PLN,"{""addr1"": ""AL. KRAKOWSKA 206"", ""city"": ""WARSZAWA"", ""region"": ""MAZOWIECKIE"", ""country"": ""PL""}",52.2084,20.9412,LEASE,1113 PLN,per month,Gasoline,Manual,FWD
VR7CCHPV1TT242400,C3 Max · od 1079 PLN/mies.,Citroën C3 Max · Rata od 1079 PLN netto/mies. · Leasing B2B · Olsztyn · Sprawdź ofertę!,https://sklep.citroen.pl/produkt/c3/vr7cchpv1tt242400/,https://raw.githubusercontent.com/Andy11001/-alfa-inventory/master/data/images/VR7CCHPV1TT242400_clean.webp,Citroën,C3,2025,0,KM,Hatchback,Monte Carlo,New,84364 PLN,PLN,"{""addr1"": ""OLSZTYN"", ""city"": ""OLSZTYN"", ""region"": ""MAZOWIECKIE"", ""country"": ""PL""}",,,LEASE,1079 PLN,per month,Gasoline,Manual,FWD
VR7CCHPV7TT242398,C3 Max · od 1079 PLN/mies.,Citroën C3 Max · Rata od 1079 PLN netto/mies. · Leasing B2B · Olsztyn · Sprawdź ofertę!,https://sklep.citroen.pl/produkt/c3/vr7cchpv7tt242398/,https://raw.githubusercontent.com/Andy11001/-alfa-inventory/master/data/images/VR7CCHPV7TT242398_clean.webp,Citroën,C3,2025,0,KM,Hatchback,Monte Carlo,New,84364 PLN,PLN,"{""addr1"": ""OLSZTYN"", ""city"": ""OLSZTYN"", ""region"": ""MAZOWIECKIE"", ""country"": ""PL""}",,,LEASE,1079 PLN,per month,Gasoline,Manual,FWD
VR7CCHPV9TT242399,C3 Max · od 1079 PLN/mies.,Citroën C3 Max · Rata od 1079 PLN netto/mies. · Leasing B2B · Olsztyn · Sprawdź ofertę!,https://sklep.citroen.pl/produkt/c3/vr7cchpv9tt242399/,https://raw.githubusercontent.com/Andy11001/-alfa-inventory/master/data/images/VR7CCHPV9TT242399_clean.webp,Citroën,C3,2025,0,KM,Hatchback,Monte Carlo,New,84364 PLN,PLN,"{""addr1"": ""OLSZTYN"", ""city"": ""OLSZTYN"", ""region"": ""MAZOWIECKIE"", ""country"": ""PL""}",,,LEASE,1079 PLN,per month,Gasoline,Manual,FWD
VR7KAHPY6TL050594,Nowy C5 Aircross Max · od 1878 PLN/mies.,Citroën Nowy C5 Aircross Max · Rata od 1878 PLN netto/mies. · Leasing B2B · Olsztyn · Sprawdź ofertę!,https://sklep.citroen.pl/produkt/nowy-c5-aircross/vr7kahpy6tl050594/,https://raw.githubusercontent.com/Andy11001/-alfa-inventory/master/data/images/VR7KAHPY6TL050594_clean.webp,Citroën,Nowy C5 Aircross,2025,0,KM,SUV,Eclipse Blue,New,147326 PLN,PLN,"{""addr1"": ""OLSZTYN"", ""city"": ""OLSZTYN"", ""region"": ""MAZOWIECKIE"", ""country"": ""PL""}",,,LEASE,1878 PLN,per month,Hybrid,Automatic,FWD
VR7BAHPY1TE035702,C4 Max · od 1497 PLN/mies.,Citroën C4 Max · Rata od 1497 PLN netto/mies. · Leasing B2B · Motycz K. Lublina · Sprawdź ofertę!,https://sklep.citroen.pl/produkt/c4/vr7bahpy1te035702/,https://raw.githubusercontent.com/Andy11001/-alfa-inventory/master/data/images/VR7BAHPY1TE035702_clean.webp,Citroën,C4,2025,0,KM,Hatchback,Gris Mercury,New,117315 PLN,PLN,"{""addr1"": ""MOTYCZ K. LUBLINA"", ""city"": ""MOTYCZ K. LUBLINA"", ""region"": ""MAZOWIECKIE"", ""country"": ""PL""}",,,LEASE,1497 PLN,per month,Hybrid,Automatic,FWD
VR7BAHPYXTE035892,C4 Max · od 1461 PLN/mies.,Citroën C4 Max · Rata od 1461 PLN netto/mies. · Leasing B2B · Łódź · Sprawdź ofertę!,https://sklep.citroen.pl/produkt/c4/vr7bahpyxte035892/,https://raw.githubusercontent.com/Andy11001/-alfa-inventory/master/data/images/VR7BAHPYXTE035892_clean.webp,Citroën,C4,2025,0,KM,Hatchback,Rouge Elixir,New,114469 PLN,PLN,"{""addr1"": ""UL. OBYWATELSKA 181"", ""city"": ""ŁÓDŹ"", ""region"": ""ŁÓDZKIE"", ""country"": ""PL""}",51.7371,19.4316,LEASE,1461 PLN,per month,Hybrid,Automatic,FWD
VR7BAHPY7TE035803,C4 Max · od 1453 PLN/mies.,Citroën C4 Max · Rata od 1453 PLN netto/mies. · Leasing B2B · Łódź · Sprawdź ofertę!,https://sklep.citroen.pl/produkt/c4/vr7bahpy7te035803/,https://raw.githubusercontent.com/Andy11001/-alfa-inventory/master/data/images/VR7BAHPY7TE035803_clean.webp,Citroën,C4,2025,0,KM,Hatchback,Gris Mercury,New,113809 PLN,PLN,"{""addr1"": ""UL. OBYWATELSKA 181"", ""city"": ""ŁÓDŹ"", ""region"": ""ŁÓDZKIE"", ""country"": ""PL""}",51.7371,19.4316,LEASE,1453 PLN,per month,Hybrid,Automatic,FWD
VR7BAHPY9TE034622,C4 Max · od 1437 PLN/mies.,Citroën C4 Max · Rata od 1437 PLN netto/mies. · Leasing B2B · Częstochowa · Sprawdź ofertę!,https://sklep.citroen.pl/produkt/c4/vr7bahpy9te034622/,https://raw.githubusercontent.com/Andy11001/-alfa-inventory/master/data/images/VR7BAHPY9TE034622_clean.webp,Citroën,C4,2025,0,KM,Hatchback,Bleu Eclipse,New,112571 PLN,PLN,"{""addr1"": ""CZĘSTOCHOWA"", ""city"": ""CZĘSTOCHOWA"", ""region"": ""MAZOWIECKIE"", ""country"": ""PL""}",,,LEASE,1437 PLN,per month,Hybrid,Automatic,FWD
VR7BAHPY2TE029844,C4 Max · od 1429 PLN/mies.,Citroën C4 Max · Rata od 1429 PLN netto/mies. · Leasing B2B · Łódź · Sprawdź ofertę!,https://sklep.citroen.pl/produkt/c4/vr7bahpy2te029844/,https://raw.githubusercontent.com/Andy11001/-alfa-inventory/master/data/images/VR7BAHPY2TE029844_clean.webp,Citroën,C4,2025,0,KM,Hatchback,Manhattan Green,New,111952 PLN,PLN,"{""addr1"": ""UL. OBYWATELSKA 181"", ""city"": ""ŁÓDŹ"", ""region"": ""ŁÓDZKIE"", ""country"": ""PL""}",51.7371,19.4316,LEASE,1429 PLN,per month,Hybrid,Automatic,FWD
VR7BDHPY6TE034097,C4 X Max · od 1407 PLN/mies.,Citroën C4 X Max · Rata od 1407 PLN netto/mies. · Leasing B2B · Łódź · Sprawdź ofertę!,https://sklep.citroen.pl/produkt/c4-x/vr7bdhpy6te034097/,https://raw.githubusercontent.com/Andy11001/-alfa-inventory/master/data/images/VR7BDHPY6TE034097_clean.webp,Citroën,C4 X,2025,0,KM,SUV,Perla Nera,New,110179 PLN,PLN,"{""addr1"": ""UL. OBYWATELSKA 181"", ""city"": ""ŁÓDŹ"", ""region"": ""ŁÓDZKIE"", ""country"": ""PL""}",51.7371,19.4316,LEASE,1407 PLN,per month,Hybrid,Automatic,FWD
VR7CGHPY6TT194147,C3 Aircross Plus · od 1404 PLN/mies.,Citroën C3 Aircross Plus · Rata od 1404 PLN netto/mies. · Leasing B2B · Szczecin · Sprawdź ofertę!,https://sklep.citroen.pl/produkt/c3-aircross/vr7cghpy6tt194147/,https://raw.githubusercontent.com/Andy11001/-alfa-inventory/master/data/images/VR7CGHPY6TT194147_clean.webp,Citroën,C3 Aircross,2025,0,KM,SUV,Polar White,New,110000 PLN,PLN,"{""addr1"": ""UL. STRUGA 1B"", ""city"": ""SZCZECIN"", ""region"": ""ZACHODNIOPOMORSKIE"", ""country"": ""PL""}",53.3891,14.6543,LEASE,1404 PLN,per month,Hybrid,Automatic,FWD
VR7CCHPX5TT240702,C3 Plus · od 1238 PLN/mies.,Citroën C3 Plus · Rata od 1238 PLN netto/mies. · Leasing B2B · Gliwice · Sprawdź ofertę!,https://sklep.citroen.pl/produkt/c3/vr7cchpx5tt240702/,https://raw.githubusercontent.com/Andy11001/-alfa-inventory/master/data/images/VR7CCHPX5TT240702_clean.webp,Citroën,C3,2025,0,KM,Hatchback,Mercury Grey,New,96829 PLN,PLN,"{""addr1"": ""GLIWICE"", ""city"": ""GLIWICE"", ""region"": ""ŚLĄSKIE"", ""country"": ""PL""}",,,LEASE,1238 PLN,per month,Hybrid,Automatic,FWD
VR7CCHPV8TT242314,C3 Max · od 1124 PLN/mies.,Citroën C3 Max · Rata od 1124 PLN netto/mies. · Leasing B2B · Bydgoszcz · Sprawdź ofertę!,https://sklep.citroen.pl/produkt/c3/vr7cchpv8tt242314/,https://raw.githubusercontent.com/Andy11001/-alfa-inventory/master/data/images/VR7CCHPV8TT242314_clean.webp,Citroën,C3,2025,0,KM,Hatchback,Rouge Elixir,New,87906 PLN,PLN,"{""addr1"": ""BYDGOSZCZ"", ""city"": ""BYDGOSZCZ"", ""region"": ""KUJAWSKO-POMORSKIE"", ""country"": ""PL""}",,,LEASE,1124 PLN,per month,Gasoline,Manual,FWD
VR7CCHPV8TT242345,C3 Max · od 1113 PLN/mies.,Citroën C3 Max · Rata od 1113 PLN netto/mies. · Leasing B2B · Konin · Sprawdź ofertę!,https://sklep.citroen.pl/produkt/c3/vr7cchpv8tt242345/,https://raw.githubusercontent.com/Andy11001/-alfa-inventory/master/data/images/VR7CCHPV8TT242345_clean.webp,Citroën,C3,2025,0,KM,Hatchback,Mercury Grey,New,87032 PLN,PLN,"{""addr1"": ""KONIN"", ""city"": ""KONIN"", ""region"": ""MAZOWIECKIE"", ""country"": ""PL""}",,,LEASE,1113 PLN,per month,Gasoline,Manual,FWD
VR7CCHPVXTT242346,C3 Max · od 1113 PLN/mies.,Citroën C3 Max · Rata od 1113 PLN netto/mies. · Leasing B2B · Bydgoszcz · Sprawdź ofertę!,https://sklep.citroen.pl/produkt/c3/vr7cchpvxtt242346/,https://raw.githubusercontent.com/Andy11001/-alfa-inventory/master/data/images/VR7CCHPVXTT242346_clean.webp,Citroën,C3,2025,0,KM,Hatchback,Mercury Grey,New,87032 PLN,PLN,"{""addr1"": ""BYDGOSZCZ"", ""city"": ""BYDGOSZCZ"", ""region"": ""KUJAWSKO-POMORSKIE"", ""country"": ""PL""}",,,LEASE,1113 PLN,per month,Gasoline,Manual,FWD
VR7CCHPV6TT242392,C3 Max · od 1079 PLN/mies.,Citroën C3 Max · Rata od 1079 PLN netto/mies. · Leasing B2B · Konin · Sprawdź ofertę!,https://sklep.citroen.pl/produkt/c3/vr7cchpv6tt242392/,https://raw.githubusercontent.com/Andy11001/-alfa-inventory/master/data/images/VR7CCHPV6TT242392_clean.webp,Citroën,C3,2025,0,KM,Hatchback,Monte Carlo,New,84364 PLN,PLN,"{""addr1"": ""KONIN"", ""city"": ""KONIN"", ""region"": ""MAZOWIECKIE"", ""country"": ""PL""}",,,LEASE,1079 PLN,per month,Gasoline,Manual,FWD
VR7CCHPV1TT242395,C3 Max · od 1079 PLN/mies.,Citroën C3 Max · Rata od 1079 PLN netto/mies. · Leasing B2B · Gliwice · Sprawdź ofertę!,https://sklep.citroen.pl/produkt/c3/vr7cchpv1tt242395/,https://raw.githubusercontent.com/Andy11001/-alfa-inventory/master/data/images/VR7CCHPV1TT242395_clean.webp,Citroën,C3,2025,0,KM,Hatchback,Monte Carlo,New,84364 PLN,PLN,"{""addr1"": ""GLIWICE"", ""city"": ""GLIWICE"", ""region"": ""ŚLĄSKIE"", ""country"": ""PL""}",,,LEASE,1079 PLN,per month,Gasoline,Manual,FWD
VR7CCHPV2TT242390,C3 Max · od 1079 PLN/mies.,Citroën C3 Max · Rata od 1079 PLN netto/mies. · Leasing B2B · Olsztyn · Sprawdź ofertę!,https://sklep.citroen.pl/produkt/c3/vr7cchpv2tt242390/,https://raw.githubusercontent.com/Andy11001/-alfa-inventory/master/data/images/VR7CCHPV2TT242390_clean.webp,Citroën,C3,2025,0,KM,Hatchback,Monte Carlo,New,84364 PLN,PLN,"{""addr1"": ""OLSZTYN"", ""city"": ""OLSZTYN"", ""region"": ""MAZOWIECKIE"", ""country"": ""PL""}",,,LEASE,1079 PLN,per month,Gasoline,Manual,FWD
VR7CCHPV4TT242391,C3 Max · od 1079 PLN/mies.,Citroën C3 Max · Rata od 1079 PLN netto/mies. · Leasing B2B · Olsztyn · Sprawdź ofertę!,https://sklep.citroen.pl/produkt/c3/vr7cchpv4tt242391/,https://raw.githubusercontent.com/Andy11001/-alfa-inventory/master/data/images/VR7CCHPV4TT242391_clean.webp,Citroën,C3,2025,0,KM,Hatchback,Monte Carlo,New,84364 PLN,PLN,"{""addr1"": ""OLSZTYN"", ""city"": ""OLSZTYN"", ""region"": ""MAZOWIECKIE"", ""country"": ""PL""}",,,LEASE,1079 PLN,per month,Gasoline,Manual,FWD
VR7CCHPV5TT242254,C3 Plus · od 1026 PLN/mies.,Citroën C3 Plus · Rata od 1026 PLN netto/mies. · Leasing B2B · Rybnik · Sprawdź ofertę!,https://sklep.citroen.pl/produkt/c3/vr7cchpv5tt242254/,https://raw.githubusercontent.com/Andy11001/-alfa-inventory/master/data/images/VR7CCHPV5TT242254_clean.webp,Citroën,C3,2025,0,KM,Hatchback,Polar White,New,80109 PLN,PLN,"{""addr1"": ""RYBNIK"", ""city"": ""RYBNIK"", ""region"": ""ŚLĄSKIE"", ""country"": ""PL""}",,,LEASE,1026 PLN,per month,Gasoline,Manual,FWD
VR7CCHPV4TT244478,C3 Plus · od 990 PLN/mies.,Citroën C3 Plus · Rata od 990 PLN netto/mies. · Leasing B2B · Opole · Sprawdź ofertę!,https://sklep.citroen.pl/produkt/c3/vr7cchpv4tt244478/,https://raw.githubusercontent.com/Andy11001/-alfa-inventory/master/data/images/VR7CCHPV4TT244478_clean.webp,Citroën,C3,2025,0,KM,Hatchback,Monte Carlo,New,77282 PLN,PLN,"{""addr1"": ""OPOLE"", ""city"": ""OPOLE"", ""region"": ""OPOLSKIE"", ""country"": ""PL""}",,,LEASE,990 PLN,per month,Gasoline,Manual,FWD
VR7BAHPY3TE025656,C4 Max · od 1414 PLN/mies.,Citroën C4 Max · Rata od 1414 PLN netto/mies. · Leasing B2B · Warszawa · Sprawdź ofertę!,https://sklep.citroen.pl/produkt/c4/vr7bahpy3te025656/,https://raw.githubusercontent.com/Andy11001/-alfa-inventory/master/data/images/VR7BAHPY3TE025656_clean.webp,Citroën,C4,2025,0,KM,Hatchback,Gris Mercury,New,110715 PLN,PLN,"{""addr1"": ""AL. KRAKOWSKA 206"", ""city"": ""WARSZAWA"", ""region"": ""MAZOWIECKIE"", ""country"": ""PL""}",52.2084,20.9412,LEASE,1414 PLN,per month,Hybrid,Automatic,FWD
VR7BAHPY0TE022729,C4 Collection · od 1343 PLN/mies.,Citroën C4 Collection · Rata od 1343 PLN netto/mies. · Leasing B2B · Katowice · Sprawdź ofertę!,https://sklep.citroen.pl/produkt/c4/vr7bahpy0te022729/,https://raw.githubusercontent.com/Andy11001/-alfa-inventory/master/data/images/VR7BAHPY0TE022729_clean.webp,Citroën,C4,2025,0,KM,Hatchback,Bleu Eclipse,New,105118 PLN,PLN,"{""addr1"": ""AL. ROŹDZIEŃSKIEGO 170"", ""city"": ""KATOWICE"", ""region"": ""ŚLĄSKIE"", ""country"": ""PL""}",50.2649,19.0238,LEASE,1343 PLN,per month,Hybrid,Automatic,FWD
VR7CCHPX2TT228068,C3 Max · od 1270 PLN/mies.,Citroën C3 Max · Rata od 1270 PLN netto/mies. · Leasing B2B · Kutno · Sprawdź ofertę!,https://sklep.citroen.pl/produkt/c3/vr7cchpx2tt228068/,https://raw.githubusercontent.com/Andy11001/-alfa-inventory/master/data/images/VR7CCHPX2TT228068_clean.webp,Citroën,C3,2025,0,KM,Hatchback,Rouge Elixir,New,99360 PLN,PLN,"{""addr1"": ""KUTNO"", ""city"": ""KUTNO"", ""region"": ""MAZOWIECKIE"", ""country"": ""PL""}",,,LEASE,1270 PLN,per month,Hybrid,Automatic,FWD
VR7CCHPV1TT209185,C3 Max · od 1113 PLN/mies.,Citroën C3 Max · Rata od 1113 PLN netto/mies. · Leasing B2B · Warszawa · Sprawdź ofertę!,https://sklep.citroen.pl/produkt/c3/vr7cchpv1tt209185/,https://raw.githubusercontent.com/Andy11001/-alfa-inventory/master/data/images/VR7CCHPV1TT209185_clean.webp,Citroën,C3,2025,0,KM,Hatchback,Mercury Grey,New,87032 PLN,PLN,"{""addr1"": ""AL. KRAKOWSKA 206"", ""city"": ""WARSZAWA"", ""region"": ""MAZOWIECKIE"", ""country"": ""PL""}",52.2084,20.9412,LEASE,1113 PLN,per month,Gasoline,Manual,FWD
VR7KAHPYXTL037587,Nowy C5 Aircross Max · od 2060 PLN/mies.,Citroën Nowy C5 Aircross Max · Rata od 2060 PLN netto/mies. · Leasing B2B · Kutno · Sprawdź ofertę!,https://sklep.citroen.pl/produkt/nowy-c5-aircross/vr7kahpyxtl037587/,https://raw.githubusercontent.com/Andy11001/-alfa-inventory/master/data/images/VR7KAHPYXTL037587_clean.webp,Citroën,Nowy C5 Aircross,2025,0,KM,SUV,Platinium Grey,New,161724 PLN,PLN,"{""addr1"": ""KUTNO"", ""city"": ""KUTNO"", ""region"": ""MAZOWIECKIE"", ""country"": ""PL""}",,,LEASE,2060 PLN,per month,Hybrid,Automatic,FWD
VR7BAHPY5TE035802,C4 Max · od 1453 PLN/mies.,Citroën C4 Max · Rata od 1453 PLN netto/mies. · Leasing B2B · Sosnowiec · Sprawdź ofertę!,https://sklep.citroen.pl/produkt/c4/vr7bahpy5te035802/,https://raw.githubusercontent.com/Andy11001/-alfa-inventory/master/data/images/VR7BAHPY5TE035802_clean.webp,Citroën,C4,2025,0,KM,Hatchback,Gris Mercury,New,113809 PLN,PLN,"{""addr1"": ""SOSNOWIEC"", ""city"": ""SOSNOWIEC"", ""region"": ""ŚLĄSKIE"", ""country"": ""PL""}",,,LEASE,1453 PLN,per month,Hybrid,Automatic,FWD
VR7BAHPY5TE035539,C4 Max · od 1453 PLN/mies.,Citroën C4 Max · Rata od 1453 PLN netto/mies. · Leasing B2B · Sosnowiec · Sprawdź ofertę!,https://sklep.citroen.pl/produkt/c4/vr7bahpy5te035539/,https://raw.githubusercontent.com/Andy11001/-alfa-inventory/master/data/images/VR7BAHPY5TE035539_clean.webp,Citroën,C4,2025,0,KM,Hatchback,Gris Mercury,New,113809 PLN,PLN,"{""addr1"": ""SOSNOWIEC"", ""city"": ""SOSNOWIEC"", ""region"": ""ŚLĄSKIE"", ""country"": ""PL""}",,,LEASE,1453 PLN,per month,Hybrid,Automatic,FWD
VR7KAHPY9TL038133,Nowy C5 Aircross Max · od 2060 PLN/mies.,Citroën Nowy C5 Aircross Max · Rata od 2060 PLN netto/mies. · Leasing B2B · Łódź · Sprawdź ofertę!,https://sklep.citroen.pl/produkt/nowy-c5-aircross/vr7kahpy9tl038133/,https://raw.githubusercontent.com/Andy11001/-alfa-inventory/master/data/images/VR7KAHPY9TL038133_clean.webp,Citroën,Nowy C5 Aircross,2025,0,KM,SUV,Platinium Grey,New,161724 PLN,PLN,"{""addr1"": ""UL. OBYWATELSKA 181"", ""city"": ""ŁÓDŹ"", ""region"": ""ŁÓDZKIE"", ""country"": ""PL""}",51.7371,19.4316,LEASE,2060 PLN,per month,Hybrid,Automatic,FWD
VR7CGHPY8TT194134,C3 Aircross Plus · od 1404 PLN/mies.,Citroën C3 Aircross Plus · Rata od 1404 PLN netto/mies. · Leasing B2B · Łódź · Sprawdź ofertę!,https://sklep.citroen.pl/produkt/c3-aircross/vr7cghpy8tt194134/,https://raw.githubusercontent.com/Andy11001/-alfa-inventory/master/data/images/VR7CGHPY8TT194134_clean.webp,Citroën,C3 Aircross,2025,0,KM,SUV,Polar White,New,110000 PLN,PLN,"{""addr1"": ""UL. OBYWATELSKA 181"", ""city"": ""ŁÓDŹ"", ""region"": ""ŁÓDZKIE"", ""country"": ""PL""}",51.7371,19.4316,LEASE,1404 PLN,per month,Hybrid,Automatic,FWD
VR7CCHPV3TT227462,C3 Max · od 1113 PLN/mies.,Citroën C3 Max · Rata od 1113 PLN netto/mies. · Leasing B2B · Częstochowa · Sprawdź ofertę!,https://sklep.citroen.pl/produkt/c3/vr7cchpv3tt227462/,https://raw.githubusercontent.com/Andy11001/-alfa-inventory/master/data/images/VR7CCHPV3TT227462_clean.webp,Citroën,C3,2025,0,KM,Hatchback,Bright Blue,New,87032 PLN,PLN,"{""addr1"": ""CZĘSTOCHOWA"", ""city"": ""CZĘSTOCHOWA"", ""region"": ""MAZOWIECKIE"", ""country"": ""PL""}",,,LEASE,1113 PLN,per month,Gasoline,Manual,FWD
VR7KAHPY8TL036020,Nowy C5 Aircross Max · od 1858 PLN/mies.,Citroën Nowy C5 Aircross Max · Rata od 1858 PLN netto/mies. · Leasing B2B · Łódź · Sprawdź ofertę!,https://sklep.citroen.pl/produkt/nowy-c5-aircross/vr7kahpy8tl036020/,https://raw.githubusercontent.com/Andy11001/-alfa-inventory/master/data/images/VR7KAHPY8TL036020_clean.webp,Citroën,Nowy C5 Aircross,2025,0,KM,SUV,Eclipse Blue,New,145803 PLN,PLN,"{""addr1"": ""UL. OBYWATELSKA 181"", ""city"": ""ŁÓDŹ"", ""region"": ""ŁÓDZKIE"", ""country"": ""PL""}",51.7371,19.4316,LEASE,1858 PLN,per month,Hybrid,Automatic,FWD
VR7BAHPY0TE023198,C4 Collection · od 1343 PLN/mies.,Citroën C4 Collection · Rata od 1343 PLN netto/mies. · Leasing B2B · Warszawa · Sprawdź ofertę!,https://sklep.citroen.pl/produkt/c4/vr7bahpy0te023198/,https://raw.githubusercontent.com/Andy11001/-alfa-inventory/master/data/images/VR7BAHPY0TE023198_clean.webp,Citroën,C4,2025,0,KM,Hatchback,Bleu Eclipse,New,105118 PLN,PLN,"{""addr1"": ""AL. KRAKOWSKA 206"", ""city"": ""WARSZAWA"", ""region"": ""MAZOWIECKIE"", ""country"": ""PL""}",52.2084,20.9412,LEASE,1343 PLN,per month,Hybrid,Automatic,FWD
VR7CGHPY5TT236503,C3 Aircross Plus · od 1363 PLN/mies.,Citroën C3 Aircross Plus · Rata od 1363 PLN netto/mies. · Leasing B2B · Częstochowa · Sprawdź ofertę!,https://sklep.citroen.pl/produkt/c3-aircross/vr7cghpy5tt236503/,https://raw.githubusercontent.com/Andy11001/-alfa-inventory/master/data/images/VR7CGHPY5TT236503_clean.webp,Citroën,C3 Aircross,2025,0,KM,SUV,Mercury Grey,New,106722 PLN,PLN,"{""addr1"": ""CZĘSTOCHOWA"", ""city"": ""CZĘSTOCHOWA"", ""region"": ""MAZOWIECKIE"", ""country"": ""PL""}",,,LEASE,1363 PLN,per month,Hybrid,Automatic,FWD
VR7KAHPY1TL049269,Nowy C5 Aircross Max · od 2002 PLN/mies.,Citroën Nowy C5 Aircross Max · Rata od 2002 PLN netto/mies. · Leasing B2B · Sosnowiec · Sprawdź ofertę!,https://sklep.citroen.pl/produkt/nowy-c5-aircross/vr7kahpy1tl049269/,https://raw.githubusercontent.com/Andy11001/-alfa-inventory/master/data/images/VR7KAHPY1TL049269_clean.webp,Citroën,Nowy C5 Aircross,2025,0,KM,SUV,Astoria Green,New,157113 PLN,PLN,"{""addr1"": ""SOSNOWIEC"", ""city"": ""SOSNOWIEC"", ""region"": ""ŚLĄSKIE"", ""country"": ""PL""}",,,LEASE,2002 PLN,per month,Hybrid,Automatic,FWD
VR7KAHPY7TL048921,Nowy C5 Aircross Max · od 1950 PLN/mies.,Citroën Nowy C5 Aircross Max · Rata od 1950 PLN netto/mies. · Leasing B2B · Wrocław · Sprawdź ofertę!,https://sklep.citroen.pl/produkt/nowy-c5-aircross/vr7kahpy7tl048921/,https://raw.githubusercontent.com/Andy11001/-alfa-inventory/master/data/images/VR7KAHPY7TL048921_clean.webp,Citroën,Nowy C5 Aircross,2025,0,KM,SUV,Okenite White,New,152990 PLN,PLN,"{""addr1"": ""UL. SZCZECIŃSKA 7"", ""city"": ""WROCŁAW"", ""region"": ""DOLNOŚLĄSKIE"", ""country"": ""PL""}",51.1274,16.9535,LEASE,1950 PLN,per month,Hybrid,Automatic,FWD
VR7BAHPY0TE035481,C4 Max · od 1453 PLN/mies.,Citroën C4 Max · Rata od 1453 PLN netto/mies. · Leasing B2B · Legnica · Sprawdź ofertę!,https://sklep.citroen.pl/produkt/c4/vr7bahpy0te035481/,https://raw.githubusercontent.com/Andy11001/-alfa-inventory/master/data/images/VR7BAHPY0TE035481_clean.webp,Citroën,C4,2025,0,KM,Hatchback,Gris Mercury,New,113809 PLN,PLN,"{""addr1"": ""LEGNICA"", ""city"": ""LEGNICA"", ""region"": ""MAZOWIECKIE"", ""country"": ""PL""}",,,LEASE,1453 PLN,per month,Hybrid,Automatic,FWD
VR7BDHPY6TE033628,C4 X Max · od 1453 PLN/mies.,Citroën C4 X Max · Rata od 1453 PLN netto/mies. · Leasing B2B · Legnica · Sprawdź ofertę!,https://sklep.citroen.pl/produkt/c4-x/vr7bdhpy6te033628/,https://raw.githubusercontent.com/Andy11001/-alfa-inventory/master/data/images/VR7BDHPY6TE033628_clean.webp,Citroën,C4 X,2025,0,KM,SUV,Mercury Grey,New,113809 PLN,PLN,"{""addr1"": ""LEGNICA"", ""city"": ""LEGNICA"", ""region"": ""MAZOWIECKIE"", ""country"": ""PL""}",,,LEASE,1453 PLN,per month,Hybrid,Automatic,FWD
VR7BDHPY3TE025065,C4 X Max · od 1420 PLN/mies.,Citroën C4 X Max · Rata od 1420 PLN netto/mies. · Leasing B2B · Łódź · Sprawdź ofertę!,https://sklep.citroen.pl/produkt/c4-x/vr7bdhpy3te025065/,https://raw.githubusercontent.com/Andy11001/-alfa-inventory/master/data/images/VR7BDHPY3TE025065_clean.webp,Citroën,C4 X,2025,0,KM,SUV,Manhattan Green,New,111251 PLN,PLN,"{""addr1"": ""UL. OBYWATELSKA 181"", ""city"": ""ŁÓDŹ"", ""region"": ""ŁÓDZKIE"", ""country"": ""PL""}",51.7371,19.4316,LEASE,1420 PLN,per month,Hybrid,Automatic,FWD
VR7KBDGK2TL041523,Nowy C5 Aircross Max · od 2411 PLN/mies.,Citroën Nowy C5 Aircross Max · Rata od 2411 PLN netto/mies. · Leasing B2B · Warszawa · Sprawdź ofertę!,https://sklep.citroen.pl/produkt/nowy-c5-aircross/vr7kbdgk2tl041523/,https://raw.githubusercontent.com/Andy11001/-alfa-inventory/master/data/images/VR7KBDGK2TL041523_clean.webp,Citroën,Nowy C5 Aircross,2025,0,KM,SUV,Ruby Red,New,189367 PLN,PLN,"{""addr1"": ""AL. KRAKOWSKA 206"", ""city"": ""WARSZAWA"", ""region"": ""MAZOWIECKIE"", ""country"": ""PL""}",52.2084,20.9412,LEASE,2411 PLN,per month,Hybrid,Automatic,FWD
VR7KAHPY3TL049399,Nowy C5 Aircross Max · od 1892 PLN/mies.,Citroën Nowy C5 Aircross Max · Rata od 1892 PLN netto/mies. · Leasing B2B · Łódź · Sprawdź ofertę!,https://sklep.citroen.pl/produkt/nowy-c5-aircross/vr7kahpy3tl049399/,https://raw.githubusercontent.com/Andy11001/-alfa-inventory/master/data/images/VR7KAHPY3TL049399_clean.webp,Citroën,Nowy C5 Aircross,2025,0,KM,SUV,Perla Nera Black,New,148413 PLN,PLN,"{""addr1"": ""UL. OBYWATELSKA 181"", ""city"": ""ŁÓDŹ"", ""region"": ""ŁÓDZKIE"", ""country"": ""PL""}",51.7371,19.4316,LEASE,1892 PLN,per month,Hybrid,Automatic,FWD
VR7BDHPY4TE034079,C4 X Max · od 1437 PLN/mies.,Citroën C4 X Max · Rata od 1437 PLN netto/mies. · Leasing B2B · Wrocław · Sprawdź ofertę!,https://sklep.citroen.pl/produkt/c4-x/vr7bdhpy4te034079/,https://raw.githubusercontent.com/Andy11001/-alfa-inventory/master/data/images/VR7BDHPY4TE034079_clean.webp,Citroën,C4 X,2025,0,KM,SUV,Blue Eclipse,New,112571 PLN,PLN,"{""addr1"": ""UL. SZCZECIŃSKA 7"", ""city"": ""WROCŁAW"", ""region"": ""DOLNOŚLĄSKIE"", ""country"": ""PL""}",51.1274,16.9535,LEASE,1437 PLN,per month,Hybrid,Automatic,FWD
VR7BAHPY7TE033503,C4 Max · od 1416 PLN/mies.,Citroën C4 Max · Rata od 1416 PLN netto/mies. · Leasing B2B · Łódź · Sprawdź ofertę!,https://sklep.citroen.pl/produkt/c4/vr7bahpy7te033503/,https://raw.githubusercontent.com/Andy11001/-alfa-inventory/master/data/images/VR7BAHPY7TE033503_clean.webp,Citroën,C4,2025,0,KM,Hatchback,Gris Mercury,New,110921 PLN,PLN,"{""addr1"": ""UL. OBYWATELSKA 181"", ""city"": ""ŁÓDŹ"", ""region"": ""ŁÓDZKIE"", ""country"": ""PL""}",51.7371,19.4316,LEASE,1416 PLN,per month,Hybrid,Automatic,FWD
VR7BDHPY3TE023381,C4 X Max · od 1414 PLN/mies.,Citroën C4 X Max · Rata od 1414 PLN netto/mies. · Leasing B2B · Warszawa · Sprawdź ofertę!,https://sklep.citroen.pl/produkt/c4-x/vr7bdhpy3te023381/,https://raw.githubusercontent.com/Andy11001/-alfa-inventory/master/data/images/VR7BDHPY3TE023381_clean.webp,Citroën,C4 X,2025,0,KM,SUV,Mercury Grey,New,110715 PLN,PLN,"{""addr1"": ""AL. KRAKOWSKA 206"", ""city"": ""WARSZAWA"", ""region"": ""MAZOWIECKIE"", ""country"": ""PL""}",52.2084,20.9412,LEASE,1414 PLN,per month,Hybrid,Automatic,FWD
VR7BDHPYXTE020901,C4 X Max · od 1414 PLN/mies.,Citroën C4 X Max · Rata od 1414 PLN netto/mies. · Leasing B2B · Warszawa · Sprawdź ofertę!,https://sklep.citroen.pl/produkt/c4-x/vr7bdhpyxte020901/,https://raw.githubusercontent.com/Andy11001/-alfa-inventory/master/data/images/VR7BDHPYXTE020901_clean.webp,Citroën,C4 X,2025,0,KM,SUV,Mercury Grey,New,110715 PLN,PLN,"{""addr1"": ""AL. KRAKOWSKA 206"", ""city"": ""WARSZAWA"", ""region"": ""MAZOWIECKIE"", ""country"": ""PL""}",52.2084,20.9412,LEASE,1414 PLN,per month,Hybrid,Automatic,FWD
VR7BAHPY2TE027186,C4 Max · od 1392 PLN/mies.,Citroën C4 Max · Rata od 1392 PLN netto/mies. · Leasing B2B · Warszawa · Sprawdź ofertę!,https://sklep.citroen.pl/produkt/c4/vr7bahpy2te027186/,https://raw.githubusercontent.com/Andy11001/-alfa-inventory/master/data/images/VR7BAHPY2TE027186_clean.webp,Citroën,C4,2025,0,KM,Hatchback,Gris Mercury,New,108982 PLN,PLN,"{""addr1"": ""AL. KRAKOWSKA 206"", ""city"": ""WARSZAWA"", ""region"": ""MAZOWIECKIE"", ""country"": ""PL""}",52.2084,20.9412,LEASE,1392 PLN,per month,Hybrid,Automatic,FWD
VR7CGHPY1TT202445,C3 Aircross Max · od 1469 PLN/mies.,Citroën C3 Aircross Max · Rata od 1469 PLN netto/mies. · Leasing B2B · Warszawa · Sprawdź ofertę!,https://sklep.citroen.pl/produkt/c3-aircross/vr7cghpy1tt202445/,https://raw.githubusercontent.com/Andy11001/-alfa-inventory/master/data/images/VR7CGHPY1TT202445_clean.webp,Citroën,C3 Aircross,2025,0,KM,SUV,Montana Green,New,115126 PLN,PLN,"{""addr1"": ""AL. KRAKOWSKA 206"", ""city"": ""WARSZAWA"", ""region"": ""MAZOWIECKIE"", ""country"": ""PL""}",52.2084,20.9412,LEASE,1469 PLN,per month,Hybrid,Automatic,FWD
VR7CGHPYXTT196774,C3 Aircross Max · od 1466 PLN/mies.,Citroën C3 Aircross Max · Rata od 1466 PLN netto/mies. · Leasing B2B · Warszawa · Sprawdź ofertę!,https://sklep.citroen.pl/produkt/c3-aircross/vr7cghpyxtt196774/,https://raw.githubusercontent.com/Andy11001/-alfa-inventory/master/data/images/VR7CGHPYXTT196774_clean.webp,Citroën,C3 Aircross,2025,0,KM,SUV,Montana Green,New,114840 PLN,PLN,"{""addr1"": ""AL. KRAKOWSKA 206"", ""city"": ""WARSZAWA"", ""region"": ""MAZOWIECKIE"", ""country"": ""PL""}",52.2084,20.9412,LEASE,1466 PLN,per month,Hybrid,Automatic,FWD
VR7BAHPY3TE035927,C4 Collection · od 1380 PLN/mies.,Citroën C4 Collection · Rata od 1380 PLN netto/mies. · Leasing B2B · Wrocław · Sprawdź ofertę!,https://sklep.citroen.pl/produkt/c4/vr7bahpy3te035927/,https://raw.githubusercontent.com/Andy11001/-alfa-inventory/master/data/images/VR7BAHPY3TE035927_clean.webp,Citroën,C4,2025,0,KM,Hatchback,Bleu Eclipse,New,108076 PLN,PLN,"{""addr1"": ""UL. SZCZECIŃSKA 7"", ""city"": ""WROCŁAW"", ""region"": ""DOLNOŚLĄSKIE"", ""country"": ""PL""}",51.1274,16.9535,LEASE,1380 PLN,per month,Hybrid,Automatic,FWD
VR7BAHPY9TE035608,C4 Plus · od 1361 PLN/mies.,Citroën C4 Plus · Rata od 1361 PLN netto/mies. · Leasing B2B · Wrocław · Sprawdź ofertę!,https://sklep.citroen.pl/produkt/c4/vr7bahpy9te035608/,https://raw.githubusercontent.com/Andy11001/-alfa-inventory/master/data/images/VR7BAHPY9TE035608_clean.webp,Citroën,C4,2025,0,KM,Hatchback,Blanc Okenite,New,106554 PLN,PLN,"{""addr1"": ""UL. SZCZECIŃSKA 7"", ""city"": ""WROCŁAW"", ""region"": ""DOLNOŚLĄSKIE"", ""country"": ""PL""}",51.1274,16.9535,LEASE,1361 PLN,per month,Hybrid,Automatic,FWD
VR7BDHPY3TE034347,C4 X Plus · od 1353 PLN/mies.,Citroën C4 X Plus · Rata od 1353 PLN netto/mies. · Leasing B2B · Łódź · Sprawdź ofertę!,https://sklep.citroen.pl/produkt/c4-x/vr7bdhpy3te034347/,https://raw.githubusercontent.com/Andy11001/-alfa-inventory/master/data/images/VR7BDHPY3TE034347_clean.webp,Citroën,C4 X,2025,0,KM,SUV,Rouge Elixir,New,105963 PLN,PLN,"{""addr1"": ""UL. OBYWATELSKA 181"", ""city"": ""ŁÓDŹ"", ""region"": ""ŁÓDZKIE"", ""country"": ""PL""}",51.7371,19.4316,LEASE,1353 PLN,per month,Hybrid,Automatic,FWD
VR7BAHPYXTE034791,C4 Plus · od 1353 PLN/mies.,Citroën C4 Plus · Rata od 1353 PLN netto/mies. · Leasing B2B · Łódź · Sprawdź ofertę!,https://sklep.citroen.pl/produkt/c4/vr7bahpyxte034791/,https://raw.githubusercontent.com/Andy11001/-alfa-inventory/master/data/images/VR7BAHPYXTE034791_clean.webp,Citroën,C4,2025,0,KM,Hatchback,Rouge Elixir,New,105963 PLN,PLN,"{""addr1"": ""UL. OBYWATELSKA 181"", ""city"": ""ŁÓDŹ"", ""region"": ""ŁÓDZKIE"", ""country"": ""PL""}",51.7371,19.4316,LEASE,1353 PLN,per month,Hybrid,Automatic,FWD
VR7BAHPY4TE034141,C4 Collection · od 1349 PLN/mies.,Citroën C4 Collection · Rata od 1349 PLN netto/mies. · Leasing B2B · Wrocław · Sprawdź ofertę!,https://sklep.citroen.pl/produkt/c4/vr7bahpy4te034141/,https://raw.githubusercontent.com/Andy11001/-alfa-inventory/master/data/images/VR7BAHPY4TE034141_clean.webp,Citroën,C4,2025,0,KM,Hatchback,Perla Nera,New,105625 PLN,PLN,"{""addr1"": ""UL. SZCZECIŃSKA 7"", ""city"": ""WROCŁAW"", ""region"": ""DOLNOŚLĄSKIE"", ""country"": ""PL""}",51.1274,16.9535,LEASE,1349 PLN,per month,Hybrid,Automatic,FWD
VR7CCHPX5TT234334,C3 Max · od 1270 PLN/mies.,Citroën C3 Max · Rata od 1270 PLN netto/mies. · Leasing B2B · Piła · Sprawdź ofertę!,https://sklep.citroen.pl/produkt/c3/vr7cchpx5tt234334/,https://raw.githubusercontent.com/Andy11001/-alfa-inventory/master/data/images/VR7CCHPX5TT234334_clean.webp,Citroën,C3,2025,0,KM,Hatchback,Rouge Elixir,New,99360 PLN,PLN,"{""addr1"": ""PIŁA"", ""city"": ""PIŁA"", ""region"": ""MAZOWIECKIE"", ""country"": ""PL""}",,,LEASE,1270 PLN,per month,Hybrid,Automatic,FWD
VR7CCHPX3TT234297,C3 Plus · od 1238 PLN/mies.,Citroën C3 Plus · Rata od 1238 PLN netto/mies. · Leasing B2B · Kraków · Sprawdź ofertę!,https://sklep.citroen.pl/produkt/c3/vr7cchpx3tt234297/,https://raw.githubusercontent.com/Andy11001/-alfa-inventory/master/data/images/VR7CCHPX3TT234297_clean.webp,Citroën,C3,2025,0,KM,Hatchback,Mercury Grey,New,96829 PLN,PLN,"{""addr1"": ""UL. OPOLSKA 9"", ""city"": ""KRAKÓW"", ""region"": ""MAŁOPOLSKIE"", ""country"": ""PL""}",50.0931,19.9238,LEASE,1238 PLN,per month,Hybrid,Automatic,FWD
VR7CCHPX3TT234140,C3 Plus · od 1238 PLN/mies.,Citroën C3 Plus · Rata od 1238 PLN netto/mies. · Leasing B2B · Łódź · Sprawdź ofertę!,https://sklep.citroen.pl/produkt/c3/vr7cchpx3tt234140/,https://raw.githubusercontent.com/Andy11001/-alfa-inventory/master/data/images/VR7CCHPX3TT234140_clean.webp,Citroën,C3,2025,0,KM,Hatchback,Bright Blue,New,96829 PLN,PLN,"{""addr1"": ""UL. OBYWATELSKA 181"", ""city"": ""ŁÓDŹ"", ""region"": ""ŁÓDZKIE"", ""country"": ""PL""}",51.7371,19.4316,LEASE,1238 PLN,per month,Hybrid,Automatic,FWD
VR7CCHPX5TT234298,C3 Plus · od 1238 PLN/mies.,Citroën C3 Plus · Rata od 1238 PLN netto/mies. · Leasing B2B · Kraków · Sprawdź ofertę!,https://sklep.citroen.pl/produkt/c3/vr7cchpx5tt234298/,https://raw.githubusercontent.com/Andy11001/-alfa-inventory/master/data/images/VR7CCHPX5TT234298_clean.webp,Citroën,C3,2025,0,KM,Hatchback,Mercury Grey,New,96829 PLN,PLN,"{""addr1"": ""UL. OPOLSKA 9"", ""city"": ""KRAKÓW"", ""region"": ""MAŁOPOLSKIE"", ""country"": ""PL""}",50.0931,19.9238,LEASE,1238 PLN,per month,Hybrid,Automatic,FWD
VR7CCHPX2TT234341,C3 Plus · od 1223 PLN/mies.,Citroën C3 Plus · Rata od 1223 PLN netto/mies. · Leasing B2B · Piła · Sprawdź ofertę!,https://sklep.citroen.pl/produkt/c3/vr7cchpx2tt234341/,https://raw.githubusercontent.com/Andy11001/-alfa-inventory/master/data/images/VR7CCHPX2TT234341_clean.webp,Citroën,C3,2025,0,KM,Hatchback,Polar White,New,95689 PLN,PLN,"{""addr1"": ""PIŁA"", ""city"": ""PIŁA"", ""region"": ""MAZOWIECKIE"", ""country"": ""PL""}",,,LEASE,1223 PLN,per month,Hybrid,Automatic,FWD
VR7CCHPX8TT234117,C3 Plus · od 1222 PLN/mies.,Citroën C3 Plus · Rata od 1222 PLN netto/mies. · Leasing B2B · Sosnowiec · Sprawdź ofertę!,https://sklep.citroen.pl/produkt/c3/vr7cchpx8tt234117/,https://raw.githubusercontent.com/Andy11001/-alfa-inventory/master/data/images/VR7CCHPX8TT234117_clean.webp,Citroën,C3,2025,0,KM,Hatchback,Bright Blue,New,95618 PLN,PLN,"{""addr1"": ""SOSNOWIEC"", ""city"": ""SOSNOWIEC"", ""region"": ""ŚLĄSKIE"", ""country"": ""PL""}",,,LEASE,1222 PLN,per month,Hybrid,Automatic,FWD
VR7CCHPX3TT234459,C3 Plus · od 1187 PLN/mies.,Citroën C3 Plus · Rata od 1187 PLN netto/mies. · Leasing B2B · Kutno · Sprawdź ofertę!,https://sklep.citroen.pl/produkt/c3/vr7cchpx3tt234459/,https://raw.githubusercontent.com/Andy11001/-alfa-inventory/master/data/images/VR7CCHPX3TT234459_clean.webp,Citroën,C3,2025,0,KM,Hatchback,Noir Perla Nera,New,92862 PLN,PLN,"{""addr1"": ""KUTNO"", ""city"": ""KUTNO"", ""region"": ""MAZOWIECKIE"", ""country"": ""PL""}",,,LEASE,1187 PLN,per month,Hybrid,Automatic,FWD
VR7CCHPXXTT234460,C3 Plus · od 1187 PLN/mies.,Citroën C3 Plus · Rata od 1187 PLN netto/mies. · Leasing B2B · Szczecin · Sprawdź ofertę!,https://sklep.citroen.pl/produkt/c3/vr7cchpxxtt234460/,https://raw.githubusercontent.com/Andy11001/-alfa-inventory/master/data/images/VR7CCHPXXTT234460_clean.webp,Citroën,C3,2025,0,KM,Hatchback,Noir Perla Nera,New,92862 PLN,PLN,"{""addr1"": ""UL. STRUGA 1B"", ""city"": ""SZCZECIN"", ""region"": ""ZACHODNIOPOMORSKIE"", ""country"": ""PL""}",53.3891,14.6543,LEASE,1187 PLN,per month,Hybrid,Automatic,FWD
VR7CCHPV8TT228204,C3 Plus · od 1023 PLN/mies.,Citroën C3 Plus · Rata od 1023 PLN netto/mies. · Leasing B2B · Łódź · Sprawdź ofertę!,https://sklep.citroen.pl/produkt/c3/vr7cchpv8tt228204/,https://raw.githubusercontent.com/Andy11001/-alfa-inventory/master/data/images/VR7CCHPV8TT228204_clean.webp,Citroën,C3,2025,0,KM,Hatchback,Mercury Grey,New,79942 PLN,PLN,"{""addr1"": ""UL. OBYWATELSKA 181"", ""city"": ""ŁÓDŹ"", ""region"": ""ŁÓDZKIE"", ""country"": ""PL""}",51.7371,19.4316,LEASE,1023 PLN,per month,Gasoline,Manual,FWD
VR7BAHPYXTE033172,C4 Max · od 1506 PLN/mies.,Citroën C4 Max · Rata od 1506 PLN netto/mies. · Leasing B2B · Poznań · Sprawdź ofertę!,https://sklep.citroen.pl/produkt/c4/vr7bahpyxte033172/,https://raw.githubusercontent.com/Andy11001/-alfa-inventory/master/data/images/VR7BAHPYXTE033172_clean.webp,Citroën,C4,2025,0,KM,Hatchback,Rouge Elixir,New,117975 PLN,PLN,"{""addr1"": ""UL. KRZYWOUSTEGO 71"", ""city"": ""POZNAŃ"", ""region"": ""WIELKOPOLSKIE"", ""country"": ""PL""}",52.3787,17.0270,LEASE,1506 PLN,per month,Hybrid,Automatic,FWD
VR7BAHPY1TE034243,C4 Max · od 1437 PLN/mies.,Citroën C4 Max · Rata od 1437 PLN netto/mies. · Leasing B2B · Rybnik · Sprawdź ofertę!,https://sklep.citroen.pl/produkt/c4/vr7bahpy1te034243/,https://raw.githubusercontent.com/Andy11001/-alfa-inventory/master/data/images/VR7BAHPY1TE034243_clean.webp,Citroën,C4,2025,0,KM,Hatchback,Bleu Eclipse,New,112571 PLN,PLN,"{""addr1"": ""RYBNIK"", ""city"": ""RYBNIK"", ""region"": ""ŚLĄSKIE"", ""country"": ""PL""}",,,LEASE,1437 PLN,per month,Hybrid,Automatic,FWD
VR7CCHPX5TT233605,C3 Plus · od 1222 PLN/mies.,Citroën C3 Plus · Rata od 1222 PLN netto/mies. · Leasing B2B · Łódź · Sprawdź ofertę!,https://sklep.citroen.pl/produkt/c3/vr7cchpx5tt233605/,https://raw.githubusercontent.com/Andy11001/-alfa-inventory/master/data/images/VR7CCHPX5TT233605_clean.webp,Citroën,C3,2025,0,KM,Hatchback,Bright Blue,New,95618 PLN,PLN,"{""addr1"": ""UL. OBYWATELSKA 181"", ""city"": ""ŁÓDŹ"", ""region"": ""ŁÓDZKIE"", ""country"": ""PL""}",51.7371,19.4316,LEASE,1222 PLN,per month,Hybrid,Automatic,FWD
VR7CCHPV2TT229493,C3 Max · od 1124 PLN/mies.,Citroën C3 Max · Rata od 1124 PLN netto/mies. · Leasing B2B · Grębów · Sprawdź ofertę!,https://sklep.citroen.pl/produkt/c3/vr7cchpv2tt229493/,https://raw.githubusercontent.com/Andy11001/-alfa-inventory/master/data/images/VR7CCHPV2TT229493_clean.webp,Citroën,C3,2025,0,KM,Hatchback,Rouge Elixir,New,87906 PLN,PLN,"{""addr1"": ""GRĘBÓW"", ""city"": ""GRĘBÓW"", ""region"": ""MAZOWIECKIE"", ""country"": ""PL""}",,,LEASE,1124 PLN,per month,Gasoline,Manual,FWD
VR7CCHPV1TT229520,C3 Max · od 1113 PLN/mies.,Citroën C3 Max · Rata od 1113 PLN netto/mies. · Leasing B2B · Konin · Sprawdź ofertę!,https://sklep.citroen.pl/produkt/c3/vr7cchpv1tt229520/,https://raw.githubusercontent.com/Andy11001/-alfa-inventory/master/data/images/VR7CCHPV1TT229520_clean.webp,Citroën,C3,2025,0,KM,Hatchback,Mercury Grey,New,87032 PLN,PLN,"{""addr1"": ""KONIN"", ""city"": ""KONIN"", ""region"": ""MAZOWIECKIE"", ""country"": ""PL""}",,,LEASE,1113 PLN,per month,Gasoline,Manual,FWD
VR7CCHPVXTT229435,C3 Max · od 1099 PLN/mies.,Citroën C3 Max · Rata od 1099 PLN netto/mies. · Leasing B2B · Kalisz · Sprawdź ofertę!,https://sklep.citroen.pl/produkt/c3/vr7cchpvxtt229435/,https://raw.githubusercontent.com/Andy11001/-alfa-inventory/master/data/images/VR7CCHPVXTT229435_clean.webp,Citroën,C3,2025,0,KM,Hatchback,Polar White,New,85928 PLN,PLN,"{""addr1"": ""KALISZ"", ""city"": ""KALISZ"", ""region"": ""MAZOWIECKIE"", ""country"": ""PL""}",,,LEASE,1099 PLN,per month,Gasoline,Manual,FWD
VR7KAHPY3TL048575,Nowy C5 Aircross Max · od 2023 PLN/mies.,Citroën Nowy C5 Aircross Max · Rata od 2023 PLN netto/mies. · Leasing B2B · Katowice · Sprawdź ofertę!,https://sklep.citroen.pl/produkt/nowy-c5-aircross/vr7kahpy3tl048575/,https://raw.githubusercontent.com/Andy11001/-alfa-inventory/master/data/images/VR7KAHPY3TL048575_clean.webp,Citroën,Nowy C5 Aircross,2025,0,KM,SUV,Astoria Green,New,158766 PLN,PLN,"{""addr1"": ""AL. ROŹDZIEŃSKIEGO 170"", ""city"": ""KATOWICE"", ""region"": ""ŚLĄSKIE"", ""country"": ""PL""}",50.2649,19.0238,LEASE,2023 PLN,per month,Hybrid,Automatic,FWD
VR7KAHPY1TL048851,Nowy C5 Aircross Max · od 2023 PLN/mies.,Citroën Nowy C5 Aircross Max · Rata od 2023 PLN netto/mies. · Leasing B2B · Katowice · Sprawdź ofertę!,https://sklep.citroen.pl/produkt/nowy-c5-aircross/vr7kahpy1tl048851/,https://raw.githubusercontent.com/Andy11001/-alfa-inventory/master/data/images/VR7KAHPY1TL048851_clean.webp,Citroën,Nowy C5 Aircross,2025,0,KM,SUV,Okenite White,New,158766 PLN,PLN,"{""addr1"": ""AL. ROŹDZIEŃSKIEGO 170"", ""city"": ""KATOWICE"", ""region"": ""ŚLĄSKIE"", ""country"": ""PL""}",50.2649,19.0238,LEASE,2023 PLN,per month,Hybrid,Automatic,FWD
VR7KAHPY7TL048837,Nowy C5 Aircross Max · od 1991 PLN/mies.,Citroën Nowy C5 Aircross Max · Rata od 1991 PLN netto/mies. · Leasing B2B · Częstochowa · Sprawdź ofertę!,https://sklep.citroen.pl/produkt/nowy-c5-aircross/vr7kahpy7tl048837/,https://raw.githubusercontent.com/Andy11001/-alfa-inventory/master/data/images/VR7KAHPY7TL048837_clean.webp,Citroën,Nowy C5 Aircross,2025,0,KM,SUV,Ruby Red,New,156243 PLN,PLN,"{""addr1"": ""CZĘSTOCHOWA"", ""city"": ""CZĘSTOCHOWA"", ""region"": ""MAZOWIECKIE"", ""country"": ""PL""}",,,LEASE,1991 PLN,per month,Hybrid,Automatic,FWD
VR7KAHPYXTL027108,Nowy C5 Aircross Max · od 1858 PLN/mies.,Citroën Nowy C5 Aircross Max · Rata od 1858 PLN netto/mies. · Leasing B2B · Opole · Sprawdź ofertę!,https://sklep.citroen.pl/produkt/nowy-c5-aircross/vr7kahpyxtl027108/,https://raw.githubusercontent.com/Andy11001/-alfa-inventory/master/data/images/VR7KAHPYXTL027108_clean.webp,Citroën,Nowy C5 Aircross,2025,0,KM,SUV,Platinium Grey,New,145803 PLN,PLN,"{""addr1"": ""OPOLE"", ""city"": ""OPOLE"", ""region"": ""OPOLSKIE"", ""country"": ""PL""}",,,LEASE,1858 PLN,per month,Hybrid,Automatic,FWD
VR7KAHPY5TL048884,Nowy C5 Aircross Plus · od 1841 PLN/mies.,Citroën Nowy C5 Aircross Plus · Rata od 1841 PLN netto/mies. · Leasing B2B · Rybnik · Sprawdź ofertę!,https://sklep.citroen.pl/produkt/nowy-c5-aircross/vr7kahpy5tl048884/,https://raw.githubusercontent.com/Andy11001/-alfa-inventory/master/data/images/VR7KAHPY5TL048884_clean.webp,Citroën,Nowy C5 Aircross,2025,0,KM,SUV,Okenite White,New,144441 PLN,PLN,"{""addr1"": ""RYBNIK"", ""city"": ""RYBNIK"", ""region"": ""ŚLĄSKIE"", ""country"": ""PL""}",,,LEASE,1841 PLN,per month,Hybrid,Automatic,FWD
VR7BAHPY2TE033294,C4 Max · od 1497 PLN/mies.,Citroën C4 Max · Rata od 1497 PLN netto/mies. · Leasing B2B · Motycz K. Lublina · Sprawdź ofertę!,https://sklep.citroen.pl/produkt/c4/vr7bahpy2te033294/,https://raw.githubusercontent.com/Andy11001/-alfa-inventory/master/data/images/VR7BAHPY2TE033294_clean.webp,Citroën,C4,2025,0,KM,Hatchback,Blanc Okenite,New,117315 PLN,PLN,"{""addr1"": ""MOTYCZ K. LUBLINA"", ""city"": ""MOTYCZ K. LUBLINA"", ""region"": ""MAZOWIECKIE"", ""country"": ""PL""}",,,LEASE,1497 PLN,per month,Hybrid,Automatic,FWD
VR7BAHPYXTE032605,C4 Max · od 1448 PLN/mies.,Citroën C4 Max · Rata od 1448 PLN netto/mies. · Leasing B2B · Łódź · Sprawdź ofertę!,https://sklep.citroen.pl/produkt/c4/vr7bahpyxte032605/,https://raw.githubusercontent.com/Andy11001/-alfa-inventory/master/data/images/VR7BAHPYXTE032605_clean.webp,Citroën,C4,2025,0,KM,Hatchback,Gris Mercury,New,113438 PLN,PLN,"{""addr1"": ""UL. OBYWATELSKA 181"", ""city"": ""ŁÓDŹ"", ""region"": ""ŁÓDZKIE"", ""country"": ""PL""}",51.7371,19.4316,LEASE,1448 PLN,per month,Hybrid,Automatic,FWD
VR7CCHPV4TT229494,C3 Max · od 1124 PLN/mies.,Citroën C3 Max · Rata od 1124 PLN netto/mies. · Leasing B2B · Konin · Sprawdź ofertę!,https://sklep.citroen.pl/produkt/c3/vr7cchpv4tt229494/,https://raw.githubusercontent.com/Andy11001/-alfa-inventory/master/data/images/VR7CCHPV4TT229494_clean.webp,Citroën,C3,2025,0,KM,Hatchback,Rouge Elixir,New,87906 PLN,PLN,"{""addr1"": ""KONIN"", ""city"": ""KONIN"", ""region"": ""MAZOWIECKIE"", ""country"": ""PL""}",,,LEASE,1124 PLN,per month,Gasoline,Manual,FWD
VR7CCHPV5TT229522,C3 Max · od 1113 PLN/mies.,Citroën C3 Max · Rata od 1113 PLN netto/mies. · Leasing B2B · Warszawa · Sprawdź ofertę!,https://sklep.citroen.pl/produkt/c3/vr7cchpv5tt229522/,https://raw.githubusercontent.com/Andy11001/-alfa-inventory/master/data/images/VR7CCHPV5TT229522_clean.webp,Citroën,C3,2025,0,KM,Hatchback,Mercury Grey,New,87032 PLN,PLN,"{""addr1"": ""AL. KRAKOWSKA 206"", ""city"": ""WARSZAWA"", ""region"": ""MAZOWIECKIE"", ""country"": ""PL""}",52.2084,20.9412,LEASE,1113 PLN,per month,Gasoline,Manual,FWD
VR7CCHPV4TT229477,C3 Max · od 1112 PLN/mies.,Citroën C3 Max · Rata od 1112 PLN netto/mies. · Leasing B2B · Łódź · Sprawdź ofertę!,https://sklep.citroen.pl/produkt/c3/vr7cchpv4tt229477/,https://raw.githubusercontent.com/Andy11001/-alfa-inventory/master/data/images/VR7CCHPV4TT229477_clean.webp,Citroën,C3,2025,0,KM,Hatchback,Mercury Grey,New,86940 PLN,PLN,"{""addr1"": ""UL. OBYWATELSKA 181"", ""city"": ""ŁÓDŹ"", ""region"": ""ŁÓDZKIE"", ""country"": ""PL""}",51.7371,19.4316,LEASE,1112 PLN,per month,Gasoline,Manual,FWD
VR7CCHPV5TT229438,C3 Max · od 1099 PLN/mies.,Citroën C3 Max · Rata od 1099 PLN netto/mies. · Leasing B2B · Warszawa · Sprawdź ofertę!,https://sklep.citroen.pl/produkt/c3/vr7cchpv5tt229438/,https://raw.githubusercontent.com/Andy11001/-alfa-inventory/master/data/images/VR7CCHPV5TT229438_clean.webp,Citroën,C3,2025,0,KM,Hatchback,Polar White,New,85928 PLN,PLN,"{""addr1"": ""AL. KRAKOWSKA 206"", ""city"": ""WARSZAWA"", ""region"": ""MAZOWIECKIE"", ""country"": ""PL""}",52.2084,20.9412,LEASE,1099 PLN,per month,Gasoline,Manual,FWD
VR7CCHPV1TT229436,C3 Max · od 1099 PLN/mies.,Citroën C3 Max · Rata od 1099 PLN netto/mies. · Leasing B2B · Wrocław · Sprawdź ofertę!,https://sklep.citroen.pl/produkt/c3/vr7cchpv1tt229436/,https://raw.githubusercontent.com/Andy11001/-alfa-inventory/master/data/images/VR7CCHPV1TT229436_clean.webp,Citroën,C3,2025,0,KM,Hatchback,Polar White,New,85928 PLN,PLN,"{""addr1"": ""UL. SZCZECIŃSKA 7"", ""city"": ""WROCŁAW"", ""region"": ""DOLNOŚLĄSKIE"", ""country"": ""PL""}",51.1274,16.9535,LEASE,1099 PLN,per month,Gasoline,Manual,FWD
VR7CCHPV3TT229437,C3 Max · od 1099 PLN/mies.,Citroën C3 Max · Rata od 1099 PLN netto/mies. · Leasing B2B · Wrocław · Sprawdź ofertę!,https://sklep.citroen.pl/produkt/c3/vr7cchpv3tt229437/,https://raw.githubusercontent.com/Andy11001/-alfa-inventory/master/data/images/VR7CCHPV3TT229437_clean.webp,Citroën,C3,2025,0,KM,Hatchback,Polar White,New,85928 PLN,PLN,"{""addr1"": ""UL. SZCZECIŃSKA 7"", ""city"": ""WROCŁAW"", ""region"": ""DOLNOŚLĄSKIE"", ""country"": ""PL""}",51.1274,16.9535,LEASE,1099 PLN,per month,Gasoline,Manual,FWD
VR7CCHPV6TT142955,C3 Plus · od 1073 PLN/mies.,Citroën C3 Plus · Rata od 1073 PLN netto/mies. · Leasing B2B · Warszawa · Sprawdź ofertę!,https://sklep.citroen.pl/produkt/c3/vr7cchpv6tt142955/,https://raw.githubusercontent.com/Andy11001/-alfa-inventory/master/data/images/VR7CCHPV6TT142955_clean.webp,Citroën,C3,2025,0,KM,Hatchback,Polar White,New,83861 PLN,PLN,"{""addr1"": ""AL. KRAKOWSKA 206"", ""city"": ""WARSZAWA"", ""region"": ""MAZOWIECKIE"", ""country"": ""PL""}",52.2084,20.9412,LEASE,1073 PLN,per month,Gasoline,Manual,FWD
VR7KAHPY4TL048424,Nowy C5 Aircross Max · od 2044 PLN/mies.,Citroën Nowy C5 Aircross Max · Rata od 2044 PLN netto/mies. · Leasing B2B · Radom · Sprawdź ofertę!,https://sklep.citroen.pl/produkt/nowy-c5-aircross/vr7kahpy4tl048424/,https://raw.githubusercontent.com/Andy11001/-alfa-inventory/master/data/images/VR7KAHPY4TL048424_clean.webp,Citroën,Nowy C5 Aircross,2025,0,KM,SUV,Perla Nera Black,New,160419 PLN,PLN,"{""addr1"": ""RADOM"", ""city"": ""RADOM"", ""region"": ""MAZOWIECKIE"", ""country"": ""PL""}",,,LEASE,2044 PLN,per month,Hybrid,Automatic,FWD
VR7KAHPYXTL046323,Nowy C5 Aircross Max · od 2005 PLN/mies.,Citroën Nowy C5 Aircross Max · Rata od 2005 PLN netto/mies. · Leasing B2B · Kielce · Sprawdź ofertę!,https://sklep.citroen.pl/produkt/nowy-c5-aircross/vr7kahpyxtl046323/,https://raw.githubusercontent.com/Andy11001/-alfa-inventory/master/data/images/VR7KAHPYXTL046323_clean.webp,Citroën,Nowy C5 Aircross,2025,0,KM,SUV,Eclipse Blue,New,157383 PLN,PLN,"{""addr1"": ""KIELCE"", ""city"": ""KIELCE"", ""region"": ""ŚWIĘTOKRZYSKIE"", ""country"": ""PL""}",,,LEASE,2005 PLN,per month,Hybrid,Automatic,FWD
VR7KAHPY7TL048563,Nowy C5 Aircross Max · od 1948 PLN/mies.,Citroën Nowy C5 Aircross Max · Rata od 1948 PLN netto/mies. · Leasing B2B · Kielce · Sprawdź ofertę!,https://sklep.citroen.pl/produkt/nowy-c5-aircross/vr7kahpy7tl048563/,https://raw.githubusercontent.com/Andy11001/-alfa-inventory/master/data/images/VR7KAHPY7TL048563_clean.webp,Citroën,Nowy C5 Aircross,2025,0,KM,SUV,Perla Nera Black,New,152850 PLN,PLN,"{""addr1"": ""KIELCE"", ""city"": ""KIELCE"", ""region"": ""ŚWIĘTOKRZYSKIE"", ""country"": ""PL""}",,,LEASE,1948 PLN,per month,Hybrid,Automatic,FWD
VR7KAHPY9TL048564,Nowy C5 Aircross Max · od 1948 PLN/mies.,Citroën Nowy C5 Aircross Max · Rata od 1948 PLN netto/mies. · Leasing B2B · Kielce · Sprawdź ofertę!,https://sklep.citroen.pl/produkt/nowy-c5-aircross/vr7kahpy9tl048564/,https://raw.githubusercontent.com/Andy11001/-alfa-inventory/master/data/images/VR7KAHPY9TL048564_clean.webp,Citroën,Nowy C5 Aircross,2025,0,KM,SUV,Perla Nera Black,New,152850 PLN,PLN,"{""addr1"": ""KIELCE"", ""city"": ""KIELCE"", ""region"": ""ŚWIĘTOKRZYSKIE"", ""country"": ""PL""}",,,LEASE,1948 PLN,per month,Hybrid,Automatic,FWD
VR7KAHPY3TL048446,Nowy C5 Aircross Plus · od 1831 PLN/mies.,Citroën Nowy C5 Aircross Plus · Rata od 1831 PLN netto/mies. · Leasing B2B · Łódź · Sprawdź ofertę!,https://sklep.citroen.pl/produkt/nowy-c5-aircross/vr7kahpy3tl048446/,https://raw.githubusercontent.com/Andy11001/-alfa-inventory/master/data/images/VR7KAHPY3TL048446_clean.webp,Citroën,Nowy C5 Aircross,2025,0,KM,SUV,Platinium Grey,New,143631 PLN,PLN,"{""addr1"": ""UL. OBYWATELSKA 181"", ""city"": ""ŁÓDŹ"", ""region"": ""ŁÓDZKIE"", ""country"": ""PL""}",51.7371,19.4316,LEASE,1831 PLN,per month,Hybrid,Automatic,FWD
VR7BAHPY0TE035528,C4 Max · od 1545 PLN/mies.,Citroën C4 Max · Rata od 1545 PLN netto/mies. · Leasing B2B · Warszawa · Sprawdź ofertę!,https://sklep.citroen.pl/produkt/c4/vr7bahpy0te035528/,https://raw.githubusercontent.com/Andy11001/-alfa-inventory/master/data/images/VR7BAHPY0TE035528_clean.webp,Citroën,C4,2025,0,KM,Hatchback,Rouge Elixir,New,121110 PLN,PLN,"{""addr1"": ""AL. KRAKOWSKA 206"", ""city"": ""WARSZAWA"", ""region"": ""MAZOWIECKIE"", ""country"": ""PL""}",52.2084,20.9412,LEASE,1545 PLN,per month,Hybrid,Automatic,FWD
VR7BAHPY6TE035694,C4 Max · od 1537 PLN/mies.,Citroën C4 Max · Rata od 1537 PLN netto/mies. · Leasing B2B · Warszawa · Sprawdź ofertę!,https://sklep.citroen.pl/produkt/c4/vr7bahpy6te035694/,https://raw.githubusercontent.com/Andy11001/-alfa-inventory/master/data/images/VR7BAHPY6TE035694_clean.webp,Citroën,C4,2025,0,KM,Hatchback,Manhattan Green,New,120450 PLN,PLN,"{""addr1"": ""AL. KRAKOWSKA 206"", ""city"": ""WARSZAWA"", ""region"": ""MAZOWIECKIE"", ""country"": ""PL""}",52.2084,20.9412,LEASE,1537 PLN,per month,Hybrid,Automatic,FWD
VR7BAHPY3TE035846,C4 Max · od 1451 PLN/mies.,Citroën C4 Max · Rata od 1451 PLN netto/mies. · Leasing B2B · Kielce · Sprawdź ofertę!,https://sklep.citroen.pl/produkt/c4/vr7bahpy3te035846/,https://raw.githubusercontent.com/Andy11001/-alfa-inventory/master/data/images/VR7BAHPY3TE035846_clean.webp,Citroën,C4,2025,0,KM,Hatchback,Perla Nera,New,113685 PLN,PLN,"{""addr1"": ""KIELCE"", ""city"": ""KIELCE"", ""region"": ""ŚWIĘTOKRZYSKIE"", ""country"": ""PL""}",,,LEASE,1451 PLN,per month,Hybrid,Automatic,FWD
VR7CGHPY8TT229853,C3 Aircross Plus · od 1419 PLN/mies.,Citroën C3 Aircross Plus · Rata od 1419 PLN netto/mies. · Leasing B2B · Kutno · Sprawdź ofertę!,https://sklep.citroen.pl/produkt/c3-aircross/vr7cghpy8tt229853/,https://raw.githubusercontent.com/Andy11001/-alfa-inventory/master/data/images/VR7CGHPY8TT229853_clean.webp,Citroën,C3 Aircross,2025,0,KM,SUV,Mercury Grey,New,111144 PLN,PLN,"{""addr1"": ""KUTNO"", ""city"": ""KUTNO"", ""region"": ""MAZOWIECKIE"", ""country"": ""PL""}",,,LEASE,1419 PLN,per month,Hybrid,Automatic,FWD
VR7CGHPY6TT229852,C3 Aircross Plus · od 1406 PLN/mies.,Citroën C3 Aircross Plus · Rata od 1406 PLN netto/mies. · Leasing B2B · Piła · Sprawdź ofertę!,https://sklep.citroen.pl/produkt/c3-aircross/vr7cghpy6tt229852/,https://raw.githubusercontent.com/Andy11001/-alfa-inventory/master/data/images/VR7CGHPY6TT229852_clean.webp,Citroën,C3 Aircross,2025,0,KM,SUV,Polar White,New,110088 PLN,PLN,"{""addr1"": ""PIŁA"", ""city"": ""PIŁA"", ""region"": ""MAZOWIECKIE"", ""country"": ""PL""}",,,LEASE,1406 PLN,per month,Hybrid,Automatic,FWD
VR7BAHPY3TE034194,C4 Plus · od 1345 PLN/mies.,Citroën C4 Plus · Rata od 1345 PLN netto/mies. · Leasing B2B · Wrocław · Sprawdź ofertę!,https://sklep.citroen.pl/produkt/c4/vr7bahpy3te034194/,https://raw.githubusercontent.com/Andy11001/-alfa-inventory/master/data/images/VR7BAHPY3TE034194_clean.webp,Citroën,C4,2025,0,KM,Hatchback,Bleu Eclipse,New,105287 PLN,PLN,"{""addr1"": ""UL. SZCZECIŃSKA 7"", ""city"": ""WROCŁAW"", ""region"": ""DOLNOŚLĄSKIE"", ""country"": ""PL""}",51.1274,16.9535,LEASE,1345 PLN,per month,Hybrid,Automatic,FWD
VR7CCHPX2TT229480,C3 Max · od 1270 PLN/mies.,Citroën C3 Max · Rata od 1270 PLN netto/mies. · Leasing B2B · Wrocław · Sprawdź ofertę!,https://sklep.citroen.pl/produkt/c3/vr7cchpx2tt229480/,https://raw.githubusercontent.com/Andy11001/-alfa-inventory/master/data/images/VR7CCHPX2TT229480_clean.webp,Citroën,C3,2025,0,KM,Hatchback,Rouge Elixir,New,99360 PLN,PLN,"{""addr1"": ""UL. SZCZECIŃSKA 7"", ""city"": ""WROCŁAW"", ""region"": ""DOLNOŚLĄSKIE"", ""country"": ""PL""}",51.1274,16.9535,LEASE,1270 PLN,per month,Hybrid,Automatic,FWD
VR7CCHPX4TT229481,C3 Max · od 1270 PLN/mies.,Citroën C3 Max · Rata od 1270 PLN netto/mies. · Leasing B2B · Wrocław · Sprawdź ofertę!,https://sklep.citroen.pl/produkt/c3/vr7cchpx4tt229481/,https://raw.githubusercontent.com/Andy11001/-alfa-inventory/master/data/images/VR7CCHPX4TT229481_clean.webp,Citroën,C3,2025,0,KM,Hatchback,Rouge Elixir,New,99360 PLN,PLN,"{""addr1"": ""UL. SZCZECIŃSKA 7"", ""city"": ""WROCŁAW"", ""region"": ""DOLNOŚLĄSKIE"", ""country"": ""PL""}",51.1274,16.9535,LEASE,1270 PLN,per month,Hybrid,Automatic,FWD
VR7CCHPX1TT229471,C3 Max · od 1259 PLN/mies.,Citroën C3 Max · Rata od 1259 PLN netto/mies. · Leasing B2B · Gdańsk · Sprawdź ofertę!,https://sklep.citroen.pl/produkt/c3/vr7cchpx1tt229471/,https://raw.githubusercontent.com/Andy11001/-alfa-inventory/master/data/images/VR7CCHPX1TT229471_clean.webp,Citroën,C3,2025,0,KM,Hatchback,Bright Blue,New,98486 PLN,PLN,"{""addr1"": ""AL. GRUNWALDZKA 256"", ""city"": ""GDAŃSK"", ""region"": ""POMORSKIE"", ""country"": ""PL""}",54.4022,18.5714,LEASE,1259 PLN,per month,Hybrid,Automatic,FWD
VR7CCHPX7TT228177,C3 Max · od 1259 PLN/mies.,Citroën C3 Max · Rata od 1259 PLN netto/mies. · Leasing B2B · Szczecin · Sprawdź ofertę!,https://sklep.citroen.pl/produkt/c3/vr7cchpx7tt228177/,https://raw.githubusercontent.com/Andy11001/-alfa-inventory/master/data/images/VR7CCHPX7TT228177_clean.webp,Citroën,C3,2025,0,KM,Hatchback,Bright Blue,New,98486 PLN,PLN,"{""addr1"": ""UL. STRUGA 1B"", ""city"": ""SZCZECIN"", ""region"": ""ZACHODNIOPOMORSKIE"", ""country"": ""PL""}",53.3891,14.6543,LEASE,1259 PLN,per month,Hybrid,Automatic,FWD
VR7CCHPV1TT229498,C3 Max · od 1040 PLN/mies.,Citroën C3 Max · Rata od 1040 PLN netto/mies. · Leasing B2B · Zielona Góra · Sprawdź ofertę!,https://sklep.citroen.pl/produkt/c3/vr7cchpv1tt229498/,https://raw.githubusercontent.com/Andy11001/-alfa-inventory/master/data/images/VR7CCHPV1TT229498_clean.webp,Citroën,C3,2025,0,KM,Hatchback,Mercury Grey,New,81268 PLN,PLN,"{""addr1"": ""ZIELONA GÓRA"", ""city"": ""ZIELONA GÓRA"", ""region"": ""MAZOWIECKIE"", ""country"": ""PL""}",,,LEASE,1040 PLN,per month,Gasoline,Manual,FWD
VR7CCHPV0TT229556,C3 Plus · od 1067 PLN/mies.,Citroën C3 Plus · Rata od 1067 PLN netto/mies. · Leasing B2B · Bydgoszcz · Sprawdź ofertę!,https://sklep.citroen.pl/produkt/c3/vr7cchpv0tt229556/,https://raw.githubusercontent.com/Andy11001/-alfa-inventory/master/data/images/VR7CCHPV0TT229556_clean.webp,Citroën,C3,2025,0,KM,Hatchback,Polar White,New,83362 PLN,PLN,"{""addr1"": ""BYDGOSZCZ"", ""city"": ""BYDGOSZCZ"", ""region"": ""KUJAWSKO-POMORSKIE"", ""country"": ""PL""}",,,LEASE,1067 PLN,per month,Gasoline,Manual,FWD
VR7CCHPV5TT228144,C3 Plus · od 1040 PLN/mies.,Citroën C3 Plus · Rata od 1040 PLN netto/mies. · Leasing B2B · Gliwice · Sprawdź ofertę!,https://sklep.citroen.pl/produkt/c3/vr7cchpv5tt228144/,https://raw.githubusercontent.com/Andy11001/-alfa-inventory/master/data/images/VR7CCHPV5TT228144_clean.webp,Citroën,C3,2025,0,KM,Hatchback,Mercury Grey,New,81249 PLN,PLN,"{""addr1"": ""GLIWICE"", ""city"": ""GLIWICE"", ""region"": ""ŚLĄSKIE"", ""country"": ""PL""}",,,LEASE,1040 PLN,per month,Gasoline,Manual,FWD
VR7BAHPY3TE033367,C4 Max · od 1448 PLN/mies.,Citroën C4 Max · Rata od 1448 PLN netto/mies. · Leasing B2B · Wrocław · Sprawdź ofertę!,https://sklep.citroen.pl/produkt/c4/vr7bahpy3te033367/,https://raw.githubusercontent.com/Andy11001/-alfa-inventory/master/data/images/VR7BAHPY3TE033367_clean.webp,Citroën,C4,2025,0,KM,Hatchback,Blanc Okenite,New,113438 PLN,PLN,"{""addr1"": ""UL. SZCZECIŃSKA 7"", ""city"": ""WROCŁAW"", ""region"": ""DOLNOŚLĄSKIE"", ""country"": ""PL""}",51.1274,16.9535,LEASE,1448 PLN,per month,Hybrid,Automatic,FWD
VR7BAHPY9TE035107,C4 Max · od 1401 PLN/mies.,Citroën C4 Max · Rata od 1401 PLN netto/mies. · Leasing B2B · Gdańsk · Sprawdź ofertę!,https://sklep.citroen.pl/produkt/c4/vr7bahpy9te035107/,https://raw.githubusercontent.com/Andy11001/-alfa-inventory/master/data/images/VR7BAHPY9TE035107_clean.webp,Citroën,C4,2025,0,KM,Hatchback,Perla Nera,New,109725 PLN,PLN,"{""addr1"": ""AL. GRUNWALDZKA 256"", ""city"": ""GDAŃSK"", ""region"": ""POMORSKIE"", ""country"": ""PL""}",54.4022,18.5714,LEASE,1401 PLN,per month,Hybrid,Automatic,FWD
VR7BAHPY2TE034865,C4 Max · od 1401 PLN/mies.,Citroën C4 Max · Rata od 1401 PLN netto/mies. · Leasing B2B · Gdańsk · Sprawdź ofertę!,https://sklep.citroen.pl/produkt/c4/vr7bahpy2te034865/,https://raw.githubusercontent.com/Andy11001/-alfa-inventory/master/data/images/VR7BAHPY2TE034865_clean.webp,Citroën,C4,2025,0,KM,Hatchback,Perla Nera,New,109725 PLN,PLN,"{""addr1"": ""AL. GRUNWALDZKA 256"", ""city"": ""GDAŃSK"", ""region"": ""POMORSKIE"", ""country"": ""PL""}",54.4022,18.5714,LEASE,1401 PLN,per month,Hybrid,Automatic,FWD
VR7CGHPY0TT131061,C3 Aircross Max · od 1438 PLN/mies.,Citroën C3 Aircross Max · Rata od 1438 PLN netto/mies. · Leasing B2B · Łódź · Sprawdź ofertę!,https://sklep.citroen.pl/produkt/c3-aircross/vr7cghpy0tt131061/,https://raw.githubusercontent.com/Andy11001/-alfa-inventory/master/data/images/VR7CGHPY0TT131061_clean.webp,Citroën,C3 Aircross,2025,0,KM,SUV,Noir Perla Nera,New,112662 PLN,PLN,"{""addr1"": ""UL. OBYWATELSKA 181"", ""city"": ""ŁÓDŹ"", ""region"": ""ŁÓDZKIE"", ""country"": ""PL""}",51.7371,19.4316,LEASE,1438 PLN,per month,Hybrid,Automatic,FWD
VR7CGHPY3TT194123,C3 Aircross Plus · od 1404 PLN/mies.,Citroën C3 Aircross Plus · Rata od 1404 PLN netto/mies. · Leasing B2B · Poznań · Sprawdź ofertę!,https://sklep.citroen.pl/produkt/c3-aircross/vr7cghpy3tt194123/,https://raw.githubusercontent.com/Andy11001/-alfa-inventory/master/data/images/VR7CGHPY3TT194123_clean.webp,Citroën,C3 Aircross,2025,0,KM,SUV,Polar White,New,110000 PLN,PLN,"{""addr1"": ""UL. KRZYWOUSTEGO 71"", ""city"": ""POZNAŃ"", ""region"": ""WIELKOPOLSKIE"", ""country"": ""PL""}",52.3787,17.0270,LEASE,1404 PLN,per month,Hybrid,Automatic,FWD
VR7CGHPY7TT221159,C3 Aircross Plus · od 1380 PLN/mies.,Citroën C3 Aircross Plus · Rata od 1380 PLN netto/mies. · Leasing B2B · Warszawa · Sprawdź ofertę!,https://sklep.citroen.pl/produkt/c3-aircross/vr7cghpy7tt221159/,https://raw.githubusercontent.com/Andy11001/-alfa-inventory/master/data/images/VR7CGHPY7TT221159_clean.webp,Citroën,C3 Aircross,2025,0,KM,SUV,Polar White,New,108108 PLN,PLN,"{""addr1"": ""AL. KRAKOWSKA 206"", ""city"": ""WARSZAWA"", ""region"": ""MAZOWIECKIE"", ""country"": ""PL""}",52.2084,20.9412,LEASE,1380 PLN,per month,Hybrid,Automatic,FWD
VR7CCHPX1TT228384,C3 Plus · od 1241 PLN/mies.,Citroën C3 Plus · Rata od 1241 PLN netto/mies. · Leasing B2B · Łódź · Sprawdź ofertę!,https://sklep.citroen.pl/produkt/c3/vr7cchpx1tt228384/,https://raw.githubusercontent.com/Andy11001/-alfa-inventory/master/data/images/VR7CCHPX1TT228384_clean.webp,Citroën,C3,2025,0,KM,Hatchback,Rouge Elixir,New,97138 PLN,PLN,"{""addr1"": ""UL. OBYWATELSKA 181"", ""city"": ""ŁÓDŹ"", ""region"": ""ŁÓDZKIE"", ""country"": ""PL""}",51.7371,19.4316,LEASE,1241 PLN,per month,Hybrid,Automatic,FWD
VR7CCHPV8TT227392,C3 Business · od 1225 PLN/mies.,Citroën C3 Business · Rata od 1225 PLN netto/mies. · Leasing B2B · Kraków · Sprawdź ofertę!,https://sklep.citroen.pl/produkt/c3/vr7cchpv8tt227392/,https://raw.githubusercontent.com/Andy11001/-alfa-inventory/master/data/images/VR7CCHPV8TT227392_clean.webp,Citroën,C3,2025,0,KM,Hatchback,Mercury Grey,New,95875 PLN,PLN,"{""addr1"": ""UL. OPOLSKA 9"", ""city"": ""KRAKÓW"", ""region"": ""MAŁOPOLSKIE"", ""country"": ""PL""}",50.0931,19.9238,LEASE,1225 PLN,per month,Gasoline,Manual,FWD
VR7CCHPV6TT227391,C3 Business · od 1225 PLN/mies.,Citroën C3 Business · Rata od 1225 PLN netto/mies. · Leasing B2B · Kraków · Sprawdź ofertę!,https://sklep.citroen.pl/produkt/c3/vr7cchpv6tt227391/,https://raw.githubusercontent.com/Andy11001/-alfa-inventory/master/data/images/VR7CCHPV6TT227391_clean.webp,Citroën,C3,2025,0,KM,Hatchback,Mercury Grey,New,95875 PLN,PLN,"{""addr1"": ""UL. OPOLSKA 9"", ""city"": ""KRAKÓW"", ""region"": ""MAŁOPOLSKIE"", ""country"": ""PL""}",50.0931,19.9238,LEASE,1225 PLN,per month,Gasoline,Manual,FWD
VR7CCHPV4TT227390,C3 Business · od 1225 PLN/mies.,Citroën C3 Business · Rata od 1225 PLN netto/mies. · Leasing B2B · Kraków · Sprawdź ofertę!,https://sklep.citroen.pl/produkt/c3/vr7cchpv4tt227390/,https://raw.githubusercontent.com/Andy11001/-alfa-inventory/master/data/images/VR7CCHPV4TT227390_clean.webp,Citroën,C3,2025,0,KM,Hatchback,Mercury Grey,New,95875 PLN,PLN,"{""addr1"": ""UL. OPOLSKA 9"", ""city"": ""KRAKÓW"", ""region"": ""MAŁOPOLSKIE"", ""country"": ""PL""}",50.0931,19.9238,LEASE,1225 PLN,per month,Gasoline,Manual,FWD
VR7CCHPV8TT227389,C3 Business · od 1225 PLN/mies.,Citroën C3 Business · Rata od 1225 PLN netto/mies. · Leasing B2B · Kraków · Sprawdź ofertę!,https://sklep.citroen.pl/produkt/c3/vr7cchpv8tt227389/,https://raw.githubusercontent.com/Andy11001/-alfa-inventory/master/data/images/VR7CCHPV8TT227389_clean.webp,Citroën,C3,2025,0,KM,Hatchback,Mercury Grey,New,95875 PLN,PLN,"{""addr1"": ""UL. OPOLSKA 9"", ""city"": ""KRAKÓW"", ""region"": ""MAŁOPOLSKIE"", ""country"": ""PL""}",50.0931,19.9238,LEASE,1225 PLN,per month,Gasoline,Manual,FWD
VR7CCHPVXTT227877,C3 Max · od 1079 PLN/mies.,Citroën C3 Max · Rata od 1079 PLN netto/mies. · Leasing B2B · Elbląg · Sprawdź ofertę!,https://sklep.citroen.pl/produkt/c3/vr7cchpvxtt227877/,https://raw.githubusercontent.com/Andy11001/-alfa-inventory/master/data/images/VR7CCHPVXTT227877_clean.webp,Citroën,C3,2025,0,KM,Hatchback,Monte Carlo,New,84364 PLN,PLN,"{""addr1"": ""ELBLĄG"", ""city"": ""ELBLĄG"", ""region"": ""MAZOWIECKIE"", ""country"": ""PL""}",,,LEASE,1079 PLN,per month,Gasoline,Manual,FWD
VR7CCHPV4TT228300,C3 Plus · od 1036 PLN/mies.,Citroën C3 Plus · Rata od 1036 PLN netto/mies. · Leasing B2B · Łódź · Sprawdź ofertę!,https://sklep.citroen.pl/produkt/c3/vr7cchpv4tt228300/,https://raw.githubusercontent.com/Andy11001/-alfa-inventory/master/data/images/VR7CCHPV4TT228300_clean.webp,Citroën,C3,2025,0,KM,Hatchback,Rouge Elixir,New,80940 PLN,PLN,"{""addr1"": ""UL. OBYWATELSKA 181"", ""city"": ""ŁÓDŹ"", ""region"": ""ŁÓDZKIE"", ""country"": ""PL""}",51.7371,19.4316,LEASE,1036 PLN,per month,Gasoline,Manual,FWD
VR7CCHPV0TT228004,C3 Plus · od 982 PLN/mies.,Citroën C3 Plus · Rata od 982 PLN netto/mies. · Leasing B2B · Zielona Góra · Sprawdź ofertę!,https://sklep.citroen.pl/produkt/c3/vr7cchpv0tt228004/,https://raw.githubusercontent.com/Andy11001/-alfa-inventory/master/data/images/VR7CCHPV0TT228004_clean.webp,Citroën,C3,2025,0,KM,Hatchback,Mercury Grey,New,76700 PLN,PLN,"{""addr1"": ""ZIELONA GÓRA"", ""city"": ""ZIELONA GÓRA"", ""region"": ""MAZOWIECKIE"", ""country"": ""PL""}",,,LEASE,982 PLN,per month,Gasoline,Manual,FWD
VR7BAHPY4TE033040,C4 Max · od 1497 PLN/mies.,Citroën C4 Max · Rata od 1497 PLN netto/mies. · Leasing B2B · Motycz K. Lublina · Sprawdź ofertę!,https://sklep.citroen.pl/produkt/c4/vr7bahpy4te033040/,https://raw.githubusercontent.com/Andy11001/-alfa-inventory/master/data/images/VR7BAHPY4TE033040_clean.webp,Citroën,C4,2025,0,KM,Hatchback,Manhattan Green,New,117315 PLN,PLN,"{""addr1"": ""MOTYCZ K. LUBLINA"", ""city"": ""MOTYCZ K. LUBLINA"", ""region"": ""MAZOWIECKIE"", ""country"": ""PL""}",,,LEASE,1497 PLN,per month,Hybrid,Automatic,FWD
VR7BAHPY8TE031002,C4 Max · od 1414 PLN/mies.,Citroën C4 Max · Rata od 1414 PLN netto/mies. · Leasing B2B · Łódź · Sprawdź ofertę!,https://sklep.citroen.pl/produkt/c4/vr7bahpy8te031002/,https://raw.githubusercontent.com/Andy11001/-alfa-inventory/master/data/images/VR7BAHPY8TE031002_clean.webp,Citroën,C4,2025,0,KM,Hatchback,Bleu Eclipse,New,110715 PLN,PLN,"{""addr1"": ""UL. OBYWATELSKA 181"", ""city"": ""ŁÓDŹ"", ""region"": ""ŁÓDZKIE"", ""country"": ""PL""}",51.7371,19.4316,LEASE,1414 PLN,per month,Hybrid,Automatic,FWD
VR7BDHPY7TE030009,C4 X Max · od 1438 PLN/mies.,Citroën C4 X Max · Rata od 1438 PLN netto/mies. · Leasing B2B · Rybnik · Sprawdź ofertę!,https://sklep.citroen.pl/produkt/c4-x/vr7bdhpy7te030009/,https://raw.githubusercontent.com/Andy11001/-alfa-inventory/master/data/images/VR7BDHPY7TE030009_clean.webp,Citroën,C4 X,2025,0,KM,SUV,Rouge Elixir,New,112612 PLN,PLN,"{""addr1"": ""RYBNIK"", ""city"": ""RYBNIK"", ""region"": ""ŚLĄSKIE"", ""country"": ""PL""}",,,LEASE,1438 PLN,per month,Hybrid,Automatic,FWD
VR7BDHPY2TE032749,C4 X Max · od 1456 PLN/mies.,Citroën C4 X Max · Rata od 1456 PLN netto/mies. · Leasing B2B · Warszawa · Sprawdź ofertę!,https://sklep.citroen.pl/produkt/c4-x/vr7bdhpy2te032749/,https://raw.githubusercontent.com/Andy11001/-alfa-inventory/master/data/images/VR7BDHPY2TE032749_clean.webp,Citroën,C4 X,2025,0,KM,SUV,Rouge Elixir,New,114098 PLN,PLN,"{""addr1"": ""AL. KRAKOWSKA 206"", ""city"": ""WARSZAWA"", ""region"": ""MAZOWIECKIE"", ""country"": ""PL""}",52.2084,20.9412,LEASE,1456 PLN,per month,Hybrid,Automatic,FWD
VR7BAHPY3TE031053,C4 Max · od 1432 PLN/mies.,Citroën C4 Max · Rata od 1432 PLN netto/mies. · Leasing B2B · Płock · Sprawdź ofertę!,https://sklep.citroen.pl/produkt/c4/vr7bahpy3te031053/,https://raw.githubusercontent.com/Andy11001/-alfa-inventory/master/data/images/VR7BAHPY3TE031053_clean.webp,Citroën,C4,2025,0,KM,Hatchback,Perla Nera,New,112200 PLN,PLN,"{""addr1"": ""PŁOCK"", ""city"": ""PŁOCK"", ""region"": ""MAZOWIECKIE"", ""country"": ""PL""}",,,LEASE,1432 PLN,per month,Hybrid,Automatic,FWD
VR7CCHPXXTT184224,C3 Max · od 1232 PLN/mies.,Citroën C3 Max · Rata od 1232 PLN netto/mies. · Leasing B2B · Kraków · Sprawdź ofertę!,https://sklep.citroen.pl/produkt/c3/vr7cchpxxtt184224/,https://raw.githubusercontent.com/Andy11001/-alfa-inventory/master/data/images/VR7CCHPXXTT184224_clean.webp,Citroën,C3,2025,0,KM,Hatchback,Noir Perla Nera,New,96416 PLN,PLN,"{""addr1"": ""UL. OPOLSKA 9"", ""city"": ""KRAKÓW"", ""region"": ""MAŁOPOLSKIE"", ""country"": ""PL""}",50.0931,19.9238,LEASE,1232 PLN,per month,Hybrid,Automatic,FWD
VR7BDHPY0TE025086,C4 X Max · od 1478 PLN/mies.,Citroën C4 X Max · Rata od 1478 PLN netto/mies. · Leasing B2B · Gorzów Wielkopolski · Sprawdź ofertę!,https://sklep.citroen.pl/produkt/c4-x/vr7bdhpy0te025086/,https://raw.githubusercontent.com/Andy11001/-alfa-inventory/master/data/images/VR7BDHPY0TE025086_clean.webp,Citroën,C4 X,2025,0,KM,SUV,Mercury Grey,New,115830 PLN,PLN,"{""addr1"": ""GORZÓW WIELKOPOLSKI"", ""city"": ""GORZÓW WIELKOPOLSKI"", ""region"": ""MAZOWIECKIE"", ""country"": ""PL""}",,,LEASE,1478 PLN,per month,Hybrid,Automatic,FWD
VR7BAHPY5TE033225,C4 Max · od 1448 PLN/mies.,Citroën C4 Max · Rata od 1448 PLN netto/mies. · Leasing B2B · Łódź · Sprawdź ofertę!,https://sklep.citroen.pl/produkt/c4/vr7bahpy5te033225/,https://raw.githubusercontent.com/Andy11001/-alfa-inventory/master/data/images/VR7BAHPY5TE033225_clean.jpg,Citroën,C4,2025,0,KM,Hatchback,Gris Mercury,New,113438 PLN,PLN,"{""addr1"": ""UL. OBYWATELSKA 181"", ""city"": ""ŁÓDŹ"", ""region"": ""ŁÓDZKIE"", ""country"": ""PL""}",51.7371,19.4316,LEASE,1448 PLN,per month,Hybrid,Automatic,FWD
VR7BAHPY2TE035353,C4 Max · od 1506 PLN/mies.,Citroën C4 Max · Rata od 1506 PLN netto/mies. · Leasing B2B · Motycz K. Lublina · Sprawdź ofertę!,https://sklep.citroen.pl/produkt/c4/vr7bahpy2te035353/,https://raw.githubusercontent.com/Andy11001/-alfa-inventory/master/data/images/VR7BAHPY2TE035353_clean.webp,Citroën,C4,2025,0,KM,Hatchback,Rouge Elixir,New,117975 PLN,PLN,"{""addr1"": ""MOTYCZ K. LUBLINA"", ""city"": ""MOTYCZ K. LUBLINA"", ""region"": ""MAZOWIECKIE"", ""country"": ""PL""}",,,LEASE,1506 PLN,per month,Hybrid,Automatic,FWD
VR7BDHPY6TE027389,C4 X Max · od 1463 PLN/mies.,Citroën C4 X Max · Rata od 1463 PLN netto/mies. · Leasing B2B · Kutno · Sprawdź ofertę!,https://sklep.citroen.pl/produkt/c4-x/vr7bdhpy6te027389/,https://raw.githubusercontent.com/Andy11001/-alfa-inventory/master/data/images/VR7BDHPY6TE027389_clean.webp,Citroën,C4 X,2025,0,KM,SUV,Blanc Okenite,New,114592 PLN,PLN,"{""addr1"": ""KUTNO"", ""city"": ""KUTNO"", ""region"": ""MAZOWIECKIE"", ""country"": ""PL""}",,,LEASE,1463 PLN,per month,Hybrid,Automatic,FWD
VR7BDHPY2TE020259,C4 X Max · od 1382 PLN/mies.,Citroën C4 X Max · Rata od 1382 PLN netto/mies. · Leasing B2B · Łódź · Sprawdź ofertę!,https://sklep.citroen.pl/produkt/c4-x/vr7bdhpy2te020259/,https://raw.githubusercontent.com/Andy11001/-alfa-inventory/master/data/images/VR7BDHPY2TE020259_clean.webp,Citroën,C4 X,2025,0,KM,SUV,Blanc Okenite,New,108199 PLN,PLN,"{""addr1"": ""UL. OBYWATELSKA 181"", ""city"": ""ŁÓDŹ"", ""region"": ""ŁÓDZKIE"", ""country"": ""PL""}",51.7371,19.4316,LEASE,1382 PLN,per month,Hybrid,Automatic,FWD
VR7CCHPX7TT178820,C3 Plus · od 1196 PLN/mies.,Citroën C3 Plus · Rata od 1196 PLN netto/mies. · Leasing B2B · Zielona Góra · Sprawdź ofertę!,https://sklep.citroen.pl/produkt/c3/vr7cchpx7tt178820/,https://raw.githubusercontent.com/Andy11001/-alfa-inventory/master/data/images/VR7CCHPX7TT178820_clean.webp,Citroën,C3,2025,0,KM,Hatchback,Rouge Elixir,New,93525 PLN,PLN,"{""addr1"": ""ZIELONA GÓRA"", ""city"": ""ZIELONA GÓRA"", ""region"": ""MAZOWIECKIE"", ""country"": ""PL""}",,,LEASE,1196 PLN,per month,Hybrid,Automatic,FWD
VR7KAHPY3TL040248,Nowy C5 Aircross Max · od 2060 PLN/mies.,Citroën Nowy C5 Aircross Max · Rata od 2060 PLN netto/mies. · Leasing B2B · Gliwice · Sprawdź ofertę!,https://sklep.citroen.pl/produkt/nowy-c5-aircross/vr7kahpy3tl040248/,https://raw.githubusercontent.com/Andy11001/-alfa-inventory/master/data/images/VR7KAHPY3TL040248_clean.webp,Citroën,Nowy C5 Aircross,2025,0,KM,SUV,Okenite White,New,161724 PLN,PLN,"{""addr1"": ""GLIWICE"", ""city"": ""GLIWICE"", ""region"": ""ŚLĄSKIE"", ""country"": ""PL""}",,,LEASE,2060 PLN,per month,Hybrid,Automatic,FWD
VR7KAHPY0TL043849,Nowy C5 Aircross Max · od 1908 PLN/mies.,Citroën Nowy C5 Aircross Max · Rata od 1908 PLN netto/mies. · Leasing B2B · Konin · Sprawdź ofertę!,https://sklep.citroen.pl/produkt/nowy-c5-aircross/vr7kahpy0tl043849/,https://raw.githubusercontent.com/Andy11001/-alfa-inventory/master/data/images/VR7KAHPY0TL043849_clean.webp,Citroën,Nowy C5 Aircross,2025,0,KM,SUV,Astoria Green,New,149718 PLN,PLN,"{""addr1"": ""KONIN"", ""city"": ""KONIN"", ""region"": ""MAZOWIECKIE"", ""country"": ""PL""}",,,LEASE,1908 PLN,per month,Hybrid,Automatic,FWD
VR7CCHPX5TT180632,C3 Plus · od 1248 PLN/mies.,Citroën C3 Plus · Rata od 1248 PLN netto/mies. · Leasing B2B · Gorzów Wielkopolski · Sprawdź ofertę!,https://sklep.citroen.pl/produkt/c3/vr7cchpx5tt180632/,https://raw.githubusercontent.com/Andy11001/-alfa-inventory/master/data/images/VR7CCHPX5TT180632_clean.webp,Citroën,C3,2025,0,KM,Hatchback,Rouge Elixir,New,97636 PLN,PLN,"{""addr1"": ""GORZÓW WIELKOPOLSKI"", ""city"": ""GORZÓW WIELKOPOLSKI"", ""region"": ""MAZOWIECKIE"", ""country"": ""PL""}",,,LEASE,1248 PLN,per month,Hybrid,Automatic,FWD
VR7CGHPY6TT194102,C3 Aircross Plus · od 1404 PLN/mies.,Citroën C3 Aircross Plus · Rata od 1404 PLN netto/mies. · Leasing B2B · Poznań · Sprawdź ofertę!,https://sklep.citroen.pl/produkt/c3-aircross/vr7cghpy6tt194102/,https://raw.githubusercontent.com/Andy11001/-alfa-inventory/master/data/images/VR7CGHPY6TT194102_clean.webp,Citroën,C3 Aircross,2025,0,KM,SUV,Polar White,New,110000 PLN,PLN,"{""addr1"": ""UL. KRZYWOUSTEGO 71"", ""city"": ""POZNAŃ"", ""region"": ""WIELKOPOLSKIE"", ""country"": ""PL""}",52.3787,17.0270,LEASE,1404 PLN,per month,Hybrid,Automatic,FWD
VR7BDHPY7TE031774,C4 X Max · od 1473 PLN/mies.,Citroën C4 X Max · Rata od 1473 PLN netto/mies. · Leasing B2B · Elbląg · Sprawdź ofertę!,https://sklep.citroen.pl/produkt/c4-x/vr7bdhpy7te031774/,https://raw.githubusercontent.com/Andy11001/-alfa-inventory/master/data/images/VR7BDHPY7TE031774_clean.webp,Citroën,C4 X,2025,0,KM,SUV,Rouge Elixir,New,115418 PLN,PLN,"{""addr1"": ""ELBLĄG"", ""city"": ""ELBLĄG"", ""region"": ""MAZOWIECKIE"", ""country"": ""PL""}",,,LEASE,1473 PLN,per month,Hybrid,Automatic,FWD
VR7CGHPY7TT194125,C3 Aircross Plus · od 1404 PLN/mies.,Citroën C3 Aircross Plus · Rata od 1404 PLN netto/mies. · Leasing B2B · Szczecin · Sprawdź ofertę!,https://sklep.citroen.pl/produkt/c3-aircross/vr7cghpy7tt194125/,https://raw.githubusercontent.com/Andy11001/-alfa-inventory/master/data/images/VR7CGHPY7TT194125_clean.webp,Citroën,C3 Aircross,2025,0,KM,SUV,Polar White,New,110000 PLN,PLN,"{""addr1"": ""UL. STRUGA 1B"", ""city"": ""SZCZECIN"", ""region"": ""ZACHODNIOPOMORSKIE"", ""country"": ""PL""}",53.3891,14.6543,LEASE,1404 PLN,per month,Hybrid,Automatic,FWD
VR7CGHPY3TT194137,C3 Aircross Plus · od 1404 PLN/mies.,Citroën C3 Aircross Plus · Rata od 1404 PLN netto/mies. · Leasing B2B · Warszawa · Sprawdź ofertę!,https://sklep.citroen.pl/produkt/c3-aircross/vr7cghpy3tt194137/,https://raw.githubusercontent.com/Andy11001/-alfa-inventory/master/data/images/VR7CGHPY3TT194137_clean.webp,Citroën,C3 Aircross,2025,0,KM,SUV,Polar White,New,110000 PLN,PLN,"{""addr1"": ""AL. KRAKOWSKA 206"", ""city"": ""WARSZAWA"", ""region"": ""MAZOWIECKIE"", ""country"": ""PL""}",52.2084,20.9412,LEASE,1404 PLN,per month,Hybrid,Automatic,FWD
VR7CGHPY5TT194107,C3 Aircross Plus · od 1404 PLN/mies.,Citroën C3 Aircross Plus · Rata od 1404 PLN netto/mies. · Leasing B2B · Kutno · Sprawdź ofertę!,https://sklep.citroen.pl/produkt/c3-aircross/vr7cghpy5tt194107/,https://raw.githubusercontent.com/Andy11001/-alfa-inventory/master/data/images/VR7CGHPY5TT194107_clean.webp,Citroën,C3 Aircross,2025,0,KM,SUV,Polar White,New,110000 PLN,PLN,"{""addr1"": ""KUTNO"", ""city"": ""KUTNO"", ""region"": ""MAZOWIECKIE"", ""country"": ""PL""}",,,LEASE,1404 PLN,per month,Hybrid,Automatic,FWD
VR7BAHPY3TE035636,C4 Max · od 1493 PLN/mies.,Citroën C4 Max · Rata od 1493 PLN netto/mies. · Leasing B2B · Łódź · Sprawdź ofertę!,https://sklep.citroen.pl/produkt/c4/vr7bahpy3te035636/,https://raw.githubusercontent.com/Andy11001/-alfa-inventory/master/data/images/VR7BAHPY3TE035636_clean.webp,Citroën,C4,2025,0,KM,Hatchback,Gris Mercury,New,116944 PLN,PLN,"{""addr1"": ""UL. OBYWATELSKA 181"", ""city"": ""ŁÓDŹ"", ""region"": ""ŁÓDZKIE"", ""country"": ""PL""}",51.7371,19.4316,LEASE,1493 PLN,per month,Hybrid,Automatic,FWD
VR7BDHPY5TE023379,C4 X Max · od 1346 PLN/mies.,Citroën C4 X Max · Rata od 1346 PLN netto/mies. · Leasing B2B · Bydgoszcz · Sprawdź ofertę!,https://sklep.citroen.pl/produkt/c4-x/vr7bdhpy5te023379/,https://raw.githubusercontent.com/Andy11001/-alfa-inventory/master/data/images/VR7BDHPY5TE023379_clean.webp,Citroën,C4 X,2025,0,KM,SUV,Perla Nera,New,105352 PLN,PLN,"{""addr1"": ""BYDGOSZCZ"", ""city"": ""BYDGOSZCZ"", ""region"": ""KUJAWSKO-POMORSKIE"", ""country"": ""PL""}",,,LEASE,1346 PLN,per month,Hybrid,Automatic,FWD
VR7BAHPY8TE033560,C4 Max · od 1506 PLN/mies.,Citroën C4 Max · Rata od 1506 PLN netto/mies. · Leasing B2B · Olsztyn · Sprawdź ofertę!,https://sklep.citroen.pl/produkt/c4/vr7bahpy8te033560/,https://raw.githubusercontent.com/Andy11001/-alfa-inventory/master/data/images/VR7BAHPY8TE033560_clean.webp,Citroën,C4,2025,0,KM,Hatchback,Rouge Elixir,New,117975 PLN,PLN,"{""addr1"": ""OLSZTYN"", ""city"": ""OLSZTYN"", ""region"": ""MAZOWIECKIE"", ""country"": ""PL""}",,,LEASE,1506 PLN,per month,Hybrid,Automatic,FWD
VR7BAHPY1TE034534,C4 Max · od 1437 PLN/mies.,Citroën C4 Max · Rata od 1437 PLN netto/mies. · Leasing B2B · Bydgoszcz · Sprawdź ofertę!,https://sklep.citroen.pl/produkt/c4/vr7bahpy1te034534/,https://raw.githubusercontent.com/Andy11001/-alfa-inventory/master/data/images/VR7BAHPY1TE034534_clean.webp,Citroën,C4,2025,0,KM,Hatchback,Bleu Eclipse,New,112571 PLN,PLN,"{""addr1"": ""BYDGOSZCZ"", ""city"": ""BYDGOSZCZ"", ""region"": ""KUJAWSKO-POMORSKIE"", ""country"": ""PL""}",,,LEASE,1437 PLN,per month,Hybrid,Automatic,FWD
VR7CCHPX1TT178814,C3 Plus · od 1248 PLN/mies.,Citroën C3 Plus · Rata od 1248 PLN netto/mies. · Leasing B2B · Białystok · Sprawdź ofertę!,https://sklep.citroen.pl/produkt/c3/vr7cchpx1tt178814/,https://raw.githubusercontent.com/Andy11001/-alfa-inventory/master/data/images/VR7CCHPX1TT178814_clean.webp,Citroën,C3,2025,0,KM,Hatchback,Rouge Elixir,New,97636 PLN,PLN,"{""addr1"": ""BIAŁYSTOK"", ""city"": ""BIAŁYSTOK"", ""region"": ""PODLASKIE"", ""country"": ""PL""}",,,LEASE,1248 PLN,per month,Hybrid,Automatic,FWD
VR7BDHPY6TE033631,C4 X Max · od 1453 PLN/mies.,Citroën C4 X Max · Rata od 1453 PLN netto/mies. · Leasing B2B · Szczecin · Sprawdź ofertę!,https://sklep.citroen.pl/produkt/c4-x/vr7bdhpy6te033631/,https://raw.githubusercontent.com/Andy11001/-alfa-inventory/master/data/images/VR7BDHPY6TE033631_clean.webp,Citroën,C4 X,2025,0,KM,SUV,Mercury Grey,New,113809 PLN,PLN,"{""addr1"": ""UL. STRUGA 1B"", ""city"": ""SZCZECIN"", ""region"": ""ZACHODNIOPOMORSKIE"", ""country"": ""PL""}",53.3891,14.6543,LEASE,1453 PLN,per month,Hybrid,Automatic,FWD
VR7BAHPY6TE033489,C4 Max · od 1448 PLN/mies.,Citroën C4 Max · Rata od 1448 PLN netto/mies. · Leasing B2B · Łódź · Sprawdź ofertę!,https://sklep.citroen.pl/produkt/c4/vr7bahpy6te033489/,https://raw.githubusercontent.com/Andy11001/-alfa-inventory/master/data/images/VR7BAHPY6TE033489_clean.webp,Citroën,C4,2025,0,KM,Hatchback,Blanc Okenite,New,113438 PLN,PLN,"{""addr1"": ""UL. OBYWATELSKA 181"", ""city"": ""ŁÓDŹ"", ""region"": ""ŁÓDZKIE"", ""country"": ""PL""}",51.7371,19.4316,LEASE,1448 PLN,per month,Hybrid,Automatic,FWD
VR7CCHPVXTT226048,C3 Business · od 1225 PLN/mies.,Citroën C3 Business · Rata od 1225 PLN netto/mies. · Leasing B2B · Kraków · Sprawdź ofertę!,https://sklep.citroen.pl/produkt/c3/vr7cchpvxtt226048/,https://raw.githubusercontent.com/Andy11001/-alfa-inventory/master/data/images/VR7CCHPVXTT226048_clean.webp,Citroën,C3,2025,0,KM,Hatchback,Mercury Grey,New,95875 PLN,PLN,"{""addr1"": ""UL. OPOLSKA 9"", ""city"": ""KRAKÓW"", ""region"": ""MAŁOPOLSKIE"", ""country"": ""PL""}",50.0931,19.9238,LEASE,1225 PLN,per month,Gasoline,Manual,FWD
VR7KAHPY4TL043529,Nowy C5 Aircross Max · od 1991 PLN/mies.,Citroën Nowy C5 Aircross Max · Rata od 1991 PLN netto/mies. · Leasing B2B · Częstochowa · Sprawdź ofertę!,https://sklep.citroen.pl/produkt/nowy-c5-aircross/vr7kahpy4tl043529/,https://raw.githubusercontent.com/Andy11001/-alfa-inventory/master/data/images/VR7KAHPY4TL043529_clean.webp,Citroën,Nowy C5 Aircross,2025,0,KM,SUV,Ruby Red,New,156243 PLN,PLN,"{""addr1"": ""CZĘSTOCHOWA"", ""city"": ""CZĘSTOCHOWA"", ""region"": ""MAZOWIECKIE"", ""country"": ""PL""}",,,LEASE,1991 PLN,per month,Hybrid,Automatic,FWD
VR7KAHPY6TL043774,Nowy C5 Aircross Max · od 1970 PLN/mies.,Citroën Nowy C5 Aircross Max · Rata od 1970 PLN netto/mies. · Leasing B2B · Rybnik · Sprawdź ofertę!,https://sklep.citroen.pl/produkt/nowy-c5-aircross/vr7kahpy6tl043774/,https://raw.githubusercontent.com/Andy11001/-alfa-inventory/master/data/images/VR7KAHPY6TL043774_clean.jpg,Citroën,Nowy C5 Aircross,2025,0,KM,SUV,Ruby Red,New,154590 PLN,PLN,"{""addr1"": ""RYBNIK"", ""city"": ""RYBNIK"", ""region"": ""ŚLĄSKIE"", ""country"": ""PL""}",,,LEASE,1970 PLN,per month,Hybrid,Automatic,FWD
VR7KAHPY5TL043894,Nowy C5 Aircross Max · od 1946 PLN/mies.,Citroën Nowy C5 Aircross Max · Rata od 1946 PLN netto/mies. · Leasing B2B · Opole · Sprawdź ofertę!,https://sklep.citroen.pl/produkt/nowy-c5-aircross/vr7kahpy5tl043894/,https://raw.githubusercontent.com/Andy11001/-alfa-inventory/master/data/images/VR7KAHPY5TL043894_clean.webp,Citroën,Nowy C5 Aircross,2025,0,KM,SUV,Astoria Green,New,152676 PLN,PLN,"{""addr1"": ""OPOLE"", ""city"": ""OPOLE"", ""region"": ""OPOLSKIE"", ""country"": ""PL""}",,,LEASE,1946 PLN,per month,Hybrid,Automatic,FWD
VR7BDHPYXTE034071,C4 X Max · od 1461 PLN/mies.,Citroën C4 X Max · Rata od 1461 PLN netto/mies. · Leasing B2B · Poznań · Sprawdź ofertę!,https://sklep.citroen.pl/produkt/c4-x/vr7bdhpyxte034071/,https://raw.githubusercontent.com/Andy11001/-alfa-inventory/master/data/images/VR7BDHPYXTE034071_clean.webp,Citroën,C4 X,2025,0,KM,SUV,Rouge Elixir,New,114469 PLN,PLN,"{""addr1"": ""UL. KRZYWOUSTEGO 71"", ""city"": ""POZNAŃ"", ""region"": ""WIELKOPOLSKIE"", ""country"": ""PL""}",52.3787,17.0270,LEASE,1461 PLN,per month,Hybrid,Automatic,FWD
VR7BDHPY8TE033615,C4 X Max · od 1461 PLN/mies.,Citroën C4 X Max · Rata od 1461 PLN netto/mies. · Leasing B2B · Bydgoszcz · Sprawdź ofertę!,https://sklep.citroen.pl/produkt/c4-x/vr7bdhpy8te033615/,https://raw.githubusercontent.com/Andy11001/-alfa-inventory/master/data/images/VR7BDHPY8TE033615_clean.webp,Citroën,C4 X,2025,0,KM,SUV,Rouge Elixir,New,114469 PLN,PLN,"{""addr1"": ""BYDGOSZCZ"", ""city"": ""BYDGOSZCZ"", ""region"": ""KUJAWSKO-POMORSKIE"", ""country"": ""PL""}",,,LEASE,1461 PLN,per month,Hybrid,Automatic,FWD
VR7BDHPY1TE033634,C4 X Max · od 1453 PLN/mies.,Citroën C4 X Max · Rata od 1453 PLN netto/mies. · Leasing B2B · Kalisz · Sprawdź ofertę!,https://sklep.citroen.pl/produkt/c4-x/vr7bdhpy1te033634/,https://raw.githubusercontent.com/Andy11001/-alfa-inventory/master/data/images/VR7BDHPY1TE033634_clean.webp,Citroën,C4 X,2025,0,KM,SUV,Mercury Grey,New,113809 PLN,PLN,"{""addr1"": ""KALISZ"", ""city"": ""KALISZ"", ""region"": ""MAZOWIECKIE"", ""country"": ""PL""}",,,LEASE,1453 PLN,per month,Hybrid,Automatic,FWD
VR7BDHPY5TE034107,C4 X Max · od 1453 PLN/mies.,Citroën C4 X Max · Rata od 1453 PLN netto/mies. · Leasing B2B · Poznań · Sprawdź ofertę!,https://sklep.citroen.pl/produkt/c4-x/vr7bdhpy5te034107/,https://raw.githubusercontent.com/Andy11001/-alfa-inventory/master/data/images/VR7BDHPY5TE034107_clean.webp,Citroën,C4 X,2025,0,KM,SUV,Mercury Grey,New,113809 PLN,PLN,"{""addr1"": ""UL. KRZYWOUSTEGO 71"", ""city"": ""POZNAŃ"", ""region"": ""WIELKOPOLSKIE"", ""country"": ""PL""}",52.3787,17.0270,LEASE,1453 PLN,per month,Hybrid,Automatic,FWD
VR7BDHPY0TE034077,C4 X Max · od 1437 PLN/mies.,Citroën C4 X Max · Rata od 1437 PLN netto/mies. · Leasing B2B · Szczecin · Sprawdź ofertę!,https://sklep.citroen.pl/produkt/c4-x/vr7bdhpy0te034077/,https://raw.githubusercontent.com/Andy11001/-alfa-inventory/master/data/images/VR7BDHPY0TE034077_clean.webp,Citroën,C4 X,2025,0,KM,SUV,Blue Eclipse,New,112571 PLN,PLN,"{""addr1"": ""UL. STRUGA 1B"", ""city"": ""SZCZECIN"", ""region"": ""ZACHODNIOPOMORSKIE"", ""country"": ""PL""}",53.3891,14.6543,LEASE,1437 PLN,per month,Hybrid,Automatic,FWD
VR7BAHPYXTE034242,C4 Max · od 1437 PLN/mies.,Citroën C4 Max · Rata od 1437 PLN netto/mies. · Leasing B2B · Poznań · Sprawdź ofertę!,https://sklep.citroen.pl/produkt/c4/vr7bahpyxte034242/,https://raw.githubusercontent.com/Andy11001/-alfa-inventory/master/data/images/VR7BAHPYXTE034242_clean.webp,Citroën,C4,2025,0,KM,Hatchback,Bleu Eclipse,New,112571 PLN,PLN,"{""addr1"": ""UL. KRZYWOUSTEGO 71"", ""city"": ""POZNAŃ"", ""region"": ""WIELKOPOLSKIE"", ""country"": ""PL""}",52.3787,17.0270,LEASE,1437 PLN,per month,Hybrid,Automatic,FWD
VR7BAHPYXTE034533,C4 Max · od 1437 PLN/mies.,Citroën C4 Max · Rata od 1437 PLN netto/mies. · Leasing B2B · Elbląg · Sprawdź ofertę!,https://sklep.citroen.pl/produkt/c4/vr7bahpyxte034533/,https://raw.githubusercontent.com/Andy11001/-alfa-inventory/master/data/images/VR7BAHPYXTE034533_clean.webp,Citroën,C4,2025,0,KM,Hatchback,Bleu Eclipse,New,112571 PLN,PLN,"{""addr1"": ""ELBLĄG"", ""city"": ""ELBLĄG"", ""region"": ""MAZOWIECKIE"", ""country"": ""PL""}",,,LEASE,1437 PLN,per month,Hybrid,Automatic,FWD
VR7BAHPY3TE033904,C4 Max · od 1453 PLN/mies.,Citroën C4 Max · Rata od 1453 PLN netto/mies. · Leasing B2B · Legnica · Sprawdź ofertę!,https://sklep.citroen.pl/produkt/c4/vr7bahpy3te033904/,https://raw.githubusercontent.com/Andy11001/-alfa-inventory/master/data/images/VR7BAHPY3TE033904_clean.webp,Citroën,C4,2025,0,KM,Hatchback,Gris Mercury,New,113809 PLN,PLN,"{""addr1"": ""LEGNICA"", ""city"": ""LEGNICA"", ""region"": ""MAZOWIECKIE"", ""country"": ""PL""}",,,LEASE,1453 PLN,per month,Hybrid,Automatic,FWD
VR7CGHPY9TT213435,C3 Aircross Max · od 1465 PLN/mies.,Citroën C3 Aircross Max · Rata od 1465 PLN netto/mies. · Leasing B2B · Warszawa · Sprawdź ofertę!,https://sklep.citroen.pl/produkt/c3-aircross/vr7cghpy9tt213435/,https://raw.githubusercontent.com/Andy11001/-alfa-inventory/master/data/images/VR7CGHPY9TT213435_clean.webp,Citroën,C3 Aircross,2025,0,KM,SUV,Montana Green,New,114752 PLN,PLN,"{""addr1"": ""AL. KRAKOWSKA 206"", ""city"": ""WARSZAWA"", ""region"": ""MAZOWIECKIE"", ""country"": ""PL""}",52.2084,20.9412,LEASE,1465 PLN,per month,Hybrid,Automatic,FWD
VR7KCZKZ1SL049142,Nowy C5 Aircross Max · od 2439 PLN/mies.,Citroën Nowy C5 Aircross Max · Rata od 2439 PLN netto/mies. · Leasing B2B · Poznań · Sprawdź ofertę!,https://sklep.citroen.pl/produkt/nowy-c5-aircross/vr7kczkz1sl049142/,https://raw.githubusercontent.com/Andy11001/-alfa-inventory/master/data/images/VR7KCZKZ1SL049142_clean.webp,Citroën,Nowy C5 Aircross,2025,0,KM,SUV,Eclipse Blue,New,191590 PLN,PLN,"{""addr1"": ""UL. KRZYWOUSTEGO 71"", ""city"": ""POZNAŃ"", ""region"": ""WIELKOPOLSKIE"", ""country"": ""PL""}",52.3787,17.0270,LEASE,2439 PLN,per month,Electric,Automatic,FWD
VR7BAHPY9TE032966,C4 Max · od 1439 PLN/mies.,Citroën C4 Max · Rata od 1439 PLN netto/mies. · Leasing B2B · Olsztyn · Sprawdź ofertę!,https://sklep.citroen.pl/produkt/c4/vr7bahpy9te032966/,https://raw.githubusercontent.com/Andy11001/-alfa-inventory/master/data/images/VR7BAHPY9TE032966_clean.webp,Citroën,C4,2025,0,KM,Hatchback,Gris Mercury,New,112736 PLN,PLN,"{""addr1"": ""OLSZTYN"", ""city"": ""OLSZTYN"", ""region"": ""MAZOWIECKIE"", ""country"": ""PL""}",,,LEASE,1439 PLN,per month,Hybrid,Automatic,FWD
VR7CCHPX3TT178796,C3 Plus · od 1248 PLN/mies.,Citroën C3 Plus · Rata od 1248 PLN netto/mies. · Leasing B2B · Białystok · Sprawdź ofertę!,https://sklep.citroen.pl/produkt/c3/vr7cchpx3tt178796/,https://raw.githubusercontent.com/Andy11001/-alfa-inventory/master/data/images/VR7CCHPX3TT178796_clean.webp,Citroën,C3,2025,0,KM,Hatchback,Rouge Elixir,New,97636 PLN,PLN,"{""addr1"": ""BIAŁYSTOK"", ""city"": ""BIAŁYSTOK"", ""region"": ""PODLASKIE"", ""country"": ""PL""}",,,LEASE,1248 PLN,per month,Hybrid,Automatic,FWD
VR7BAHPY2TE033280,C4 Max · od 1493 PLN/mies.,Citroën C4 Max · Rata od 1493 PLN netto/mies. · Leasing B2B · Łódź · Sprawdź ofertę!,https://sklep.citroen.pl/produkt/c4/vr7bahpy2te033280/,https://raw.githubusercontent.com/Andy11001/-alfa-inventory/master/data/images/VR7BAHPY2TE033280_clean.webp,Citroën,C4,2025,0,KM,Hatchback,Manhattan Green,New,116944 PLN,PLN,"{""addr1"": ""UL. OBYWATELSKA 181"", ""city"": ""ŁÓDŹ"", ""region"": ""ŁÓDZKIE"", ""country"": ""PL""}",51.7371,19.4316,LEASE,1493 PLN,per month,Hybrid,Automatic,FWD
VR7KAHPY1TL043665,Nowy C5 Aircross Max · od 1892 PLN/mies.,Citroën Nowy C5 Aircross Max · Rata od 1892 PLN netto/mies. · Leasing B2B · Konin · Sprawdź ofertę!,https://sklep.citroen.pl/produkt/nowy-c5-aircross/vr7kahpy1tl043665/,https://raw.githubusercontent.com/Andy11001/-alfa-inventory/master/data/images/VR7KAHPY1TL043665_clean.webp,Citroën,Nowy C5 Aircross,2025,0,KM,SUV,Perla Nera Black,New,148413 PLN,PLN,"{""addr1"": ""KONIN"", ""city"": ""KONIN"", ""region"": ""MAZOWIECKIE"", ""country"": ""PL""}",,,LEASE,1892 PLN,per month,Hybrid,Automatic,FWD
VR7BDHPY4TE025771,C4 X Max · od 1518 PLN/mies.,Citroën C4 X Max · Rata od 1518 PLN netto/mies. · Leasing B2B · Białystok · Sprawdź ofertę!,https://sklep.citroen.pl/produkt/c4-x/vr7bdhpy4te025771/,https://raw.githubusercontent.com/Andy11001/-alfa-inventory/master/data/images/VR7BDHPY4TE025771_clean.webp,Citroën,C4 X,2025,0,KM,SUV,Mercury Grey,New,118965 PLN,PLN,"{""addr1"": ""BIAŁYSTOK"", ""city"": ""BIAŁYSTOK"", ""region"": ""PODLASKIE"", ""country"": ""PL""}",,,LEASE,1518 PLN,per month,Hybrid,Automatic,FWD
VR7KAHPY6TL043855,Nowy C5 Aircross Max · od 2002 PLN/mies.,Citroën Nowy C5 Aircross Max · Rata od 2002 PLN netto/mies. · Leasing B2B · Motycz K. Lublina · Sprawdź ofertę!,https://sklep.citroen.pl/produkt/nowy-c5-aircross/vr7kahpy6tl043855/,https://raw.githubusercontent.com/Andy11001/-alfa-inventory/master/data/images/VR7KAHPY6TL043855_clean.webp,Citroën,Nowy C5 Aircross,2025,0,KM,SUV,Astoria Green,New,157113 PLN,PLN,"{""addr1"": ""MOTYCZ K. LUBLINA"", ""city"": ""MOTYCZ K. LUBLINA"", ""region"": ""MAZOWIECKIE"", ""country"": ""PL""}",,,LEASE,2002 PLN,per month,Hybrid,Automatic,FWD
VR7BAHPY1TE023873,C4 Collection · od 1343 PLN/mies.,Citroën C4 Collection · Rata od 1343 PLN netto/mies. · Leasing B2B · Białystok · Sprawdź ofertę!,https://sklep.citroen.pl/produkt/c4/vr7bahpy1te023873/,https://raw.githubusercontent.com/Andy11001/-alfa-inventory/master/data/images/VR7BAHPY1TE023873_clean.webp,Citroën,C4,2025,0,KM,Hatchback,Bleu Eclipse,New,105118 PLN,PLN,"{""addr1"": ""BIAŁYSTOK"", ""city"": ""BIAŁYSTOK"", ""region"": ""PODLASKIE"", ""country"": ""PL""}",,,LEASE,1343 PLN,per month,Hybrid,Automatic,FWD
VR7CGHPY2TT221375,C3 Aircross Plus · od 1345 PLN/mies.,Citroën C3 Aircross Plus · Rata od 1345 PLN netto/mies. · Leasing B2B · Kraków · Sprawdź ofertę!,https://sklep.citroen.pl/produkt/c3-aircross/vr7cghpy2tt221375/,https://raw.githubusercontent.com/Andy11001/-alfa-inventory/master/data/images/VR7CGHPY2TT221375_clean.webp,Citroën,C3 Aircross,2025,0,KM,SUV,Polar White,New,105292 PLN,PLN,"{""addr1"": ""UL. OPOLSKA 9"", ""city"": ""KRAKÓW"", ""region"": ""MAŁOPOLSKIE"", ""country"": ""PL""}",50.0931,19.9238,LEASE,1345 PLN,per month,Hybrid,Automatic,FWD
VR7KAHPY6TL046254,Nowy C5 Aircross Max · od 1929 PLN/mies.,Citroën Nowy C5 Aircross Max · Rata od 1929 PLN netto/mies. · Leasing B2B · Gdańsk · Sprawdź ofertę!,https://sklep.citroen.pl/produkt/nowy-c5-aircross/vr7kahpy6tl046254/,https://raw.githubusercontent.com/Andy11001/-alfa-inventory/master/data/images/VR7KAHPY6TL046254_clean.webp,Citroën,Nowy C5 Aircross,2025,0,KM,SUV,Eclipse Blue,New,151371 PLN,PLN,"{""addr1"": ""AL. GRUNWALDZKA 256"", ""city"": ""GDAŃSK"", ""region"": ""POMORSKIE"", ""country"": ""PL""}",54.4022,18.5714,LEASE,1929 PLN,per month,Hybrid,Automatic,FWD
VR7BAHPY5TE035816,C4 Max · od 1431 PLN/mies.,Citroën C4 Max · Rata od 1431 PLN netto/mies. · Leasing B2B · Poznań · Sprawdź ofertę!,https://sklep.citroen.pl/produkt/c4/vr7bahpy5te035816/,https://raw.githubusercontent.com/Andy11001/-alfa-inventory/master/data/images/VR7BAHPY5TE035816_clean.webp,Citroën,C4,2025,0,KM,Hatchback,Bleu Eclipse,New,112118 PLN,PLN,"{""addr1"": ""UL. KRZYWOUSTEGO 71"", ""city"": ""POZNAŃ"", ""region"": ""WIELKOPOLSKIE"", ""country"": ""PL""}",52.3787,17.0270,LEASE,1431 PLN,per month,Hybrid,Automatic,FWD
VR7CGHPY5TT194110,C3 Aircross Plus · od 1404 PLN/mies.,Citroën C3 Aircross Plus · Rata od 1404 PLN netto/mies. · Leasing B2B · Kraków · Sprawdź ofertę!,https://sklep.citroen.pl/produkt/c3-aircross/vr7cghpy5tt194110/,https://raw.githubusercontent.com/Andy11001/-alfa-inventory/master/data/images/VR7CGHPY5TT194110_clean.webp,Citroën,C3 Aircross,2025,0,KM,SUV,Polar White,New,110000 PLN,PLN,"{""addr1"": ""UL. OPOLSKA 9"", ""city"": ""KRAKÓW"", ""region"": ""MAŁOPOLSKIE"", ""country"": ""PL""}",50.0931,19.9238,LEASE,1404 PLN,per month,Hybrid,Automatic,FWD
VR7CCHPX7TT220189,C3 Plus · od 1175 PLN/mies.,Citroën C3 Plus · Rata od 1175 PLN netto/mies. · Leasing B2B · Kraków · Sprawdź ofertę!,https://sklep.citroen.pl/produkt/c3/vr7cchpx7tt220189/,https://raw.githubusercontent.com/Andy11001/-alfa-inventory/master/data/images/VR7CCHPX7TT220189_clean.webp,Citroën,C3,2025,0,KM,Hatchback,Bright Blue,New,91865 PLN,PLN,"{""addr1"": ""UL. OPOLSKA 9"", ""city"": ""KRAKÓW"", ""region"": ""MAŁOPOLSKIE"", ""country"": ""PL""}",50.0931,19.9238,LEASE,1175 PLN,per month,Hybrid,Automatic,FWD
VR7KAHPY2TL037695,Nowy C5 Aircross Max · od 2060 PLN/mies.,Citroën Nowy C5 Aircross Max · Rata od 2060 PLN netto/mies. · Leasing B2B · Łódź · Sprawdź ofertę!,https://sklep.citroen.pl/produkt/nowy-c5-aircross/vr7kahpy2tl037695/,https://raw.githubusercontent.com/Andy11001/-alfa-inventory/master/data/images/VR7KAHPY2TL037695_clean.webp,Citroën,Nowy C5 Aircross,2025,0,KM,SUV,Astoria Green,New,161724 PLN,PLN,"{""addr1"": ""UL. OBYWATELSKA 181"", ""city"": ""ŁÓDŹ"", ""region"": ""ŁÓDZKIE"", ""country"": ""PL""}",51.7371,19.4316,LEASE,2060 PLN,per month,Hybrid,Automatic,FWD
VR7KAHPY1TL047859,Nowy C5 Aircross Max · od 1894 PLN/mies.,Citroën Nowy C5 Aircross Max · Rata od 1894 PLN netto/mies. · Leasing B2B · Gliwice · Sprawdź ofertę!,https://sklep.citroen.pl/produkt/nowy-c5-aircross/vr7kahpy1tl047859/,https://raw.githubusercontent.com/Andy11001/-alfa-inventory/master/data/images/VR7KAHPY1TL047859_clean.webp,Citroën,Nowy C5 Aircross,2025,0,KM,SUV,Astoria Green,New,148631 PLN,PLN,"{""addr1"": ""GLIWICE"", ""city"": ""GLIWICE"", ""region"": ""ŚLĄSKIE"", ""country"": ""PL""}",,,LEASE,1894 PLN,per month,Hybrid,Automatic,FWD
VR7KAHPY5TL044513,Nowy C5 Aircross Max · od 1791 PLN/mies.,Citroën Nowy C5 Aircross Max · Rata od 1791 PLN netto/mies. · Leasing B2B · Zielona Góra · Sprawdź ofertę!,https://sklep.citroen.pl/produkt/nowy-c5-aircross/vr7kahpy5tl044513/,https://raw.githubusercontent.com/Andy11001/-alfa-inventory/master/data/images/VR7KAHPY5TL044513_clean.webp,Citroën,Nowy C5 Aircross,2025,0,KM,SUV,Eclipse Blue,New,140500 PLN,PLN,"{""addr1"": ""ZIELONA GÓRA"", ""city"": ""ZIELONA GÓRA"", ""region"": ""MAZOWIECKIE"", ""country"": ""PL""}",,,LEASE,1791 PLN,per month,Hybrid,Automatic,FWD
VR7KAHPYXTL043891,Nowy C5 Aircross Max · od 1876 PLN/mies.,Citroën Nowy C5 Aircross Max · Rata od 1876 PLN netto/mies. · Leasing B2B · Poznań · Sprawdź ofertę!,https://sklep.citroen.pl/produkt/nowy-c5-aircross/vr7kahpyxtl043891/,https://raw.githubusercontent.com/Andy11001/-alfa-inventory/master/data/images/VR7KAHPYXTL043891_clean.webp,Citroën,Nowy C5 Aircross,2025,0,KM,SUV,Ruby Red,New,147195 PLN,PLN,"{""addr1"": ""UL. KRZYWOUSTEGO 71"", ""city"": ""POZNAŃ"", ""region"": ""WIELKOPOLSKIE"", ""country"": ""PL""}",52.3787,17.0270,LEASE,1876 PLN,per month,Hybrid,Automatic,FWD
VR7BAHPY8TE035891,C4 Max · od 1493 PLN/mies.,Citroën C4 Max · Rata od 1493 PLN netto/mies. · Leasing B2B · Sosnowiec · Sprawdź ofertę!,https://sklep.citroen.pl/produkt/c4/vr7bahpy8te035891/,https://raw.githubusercontent.com/Andy11001/-alfa-inventory/master/data/images/VR7BAHPY8TE035891_clean.webp,Citroën,C4,2025,0,KM,Hatchback,Manhattan Green,New,116944 PLN,PLN,"{""addr1"": ""SOSNOWIEC"", ""city"": ""SOSNOWIEC"", ""region"": ""ŚLĄSKIE"", ""country"": ""PL""}",,,LEASE,1493 PLN,per month,Hybrid,Automatic,FWD
VR7BAHPY0TE035853,C4 Max · od 1492 PLN/mies.,Citroën C4 Max · Rata od 1492 PLN netto/mies. · Leasing B2B · Poznań · Sprawdź ofertę!,https://sklep.citroen.pl/produkt/c4/vr7bahpy0te035853/,https://raw.githubusercontent.com/Andy11001/-alfa-inventory/master/data/images/VR7BAHPY0TE035853_clean.webp,Citroën,C4,2025,0,KM,Hatchback,Rouge Elixir,New,116902 PLN,PLN,"{""addr1"": ""UL. KRZYWOUSTEGO 71"", ""city"": ""POZNAŃ"", ""region"": ""WIELKOPOLSKIE"", ""country"": ""PL""}",52.3787,17.0270,LEASE,1492 PLN,per month,Hybrid,Automatic,FWD
VR7BAHPY5TE029465,C4 Max · od 1478 PLN/mies.,Citroën C4 Max · Rata od 1478 PLN netto/mies. · Leasing B2B · Motycz K. Lublina · Sprawdź ofertę!,https://sklep.citroen.pl/produkt/c4/vr7bahpy5te029465/,https://raw.githubusercontent.com/Andy11001/-alfa-inventory/master/data/images/VR7BAHPY5TE029465_clean.webp,Citroën,C4,2025,0,KM,Hatchback,Manhattan Green,New,115830 PLN,PLN,"{""addr1"": ""MOTYCZ K. LUBLINA"", ""city"": ""MOTYCZ K. LUBLINA"", ""region"": ""MAZOWIECKIE"", ""country"": ""PL""}",,,LEASE,1478 PLN,per month,Hybrid,Automatic,FWD
VR7BAHPY3TE035815,C4 Max · od 1431 PLN/mies.,Citroën C4 Max · Rata od 1431 PLN netto/mies. · Leasing B2B · Bielsko-Biała · Sprawdź ofertę!,https://sklep.citroen.pl/produkt/c4/vr7bahpy3te035815/,https://raw.githubusercontent.com/Andy11001/-alfa-inventory/master/data/images/VR7BAHPY3TE035815_clean.webp,Citroën,C4,2025,0,KM,Hatchback,Bleu Eclipse,New,112118 PLN,PLN,"{""addr1"": ""BIELSKO-BIAŁA"", ""city"": ""BIELSKO-BIAŁA"", ""region"": ""ŚLĄSKIE"", ""country"": ""PL""}",,,LEASE,1431 PLN,per month,Hybrid,Automatic,FWD
VR7CCHPX0TT219966,C3 Plus · od 1159 PLN/mies.,Citroën C3 Plus · Rata od 1159 PLN netto/mies. · Leasing B2B · Białystok · Sprawdź ofertę!,https://sklep.citroen.pl/produkt/c3/vr7cchpx0tt219966/,https://raw.githubusercontent.com/Andy11001/-alfa-inventory/master/data/images/VR7CCHPX0TT219966_clean.webp,Citroën,C3,2025,0,KM,Hatchback,Polar White,New,90630 PLN,PLN,"{""addr1"": ""BIAŁYSTOK"", ""city"": ""BIAŁYSTOK"", ""region"": ""PODLASKIE"", ""country"": ""PL""}",,,LEASE,1159 PLN,per month,Hybrid,Automatic,FWD
VR7CCHPXXTT217044,C3 Plus · od 1155 PLN/mies.,Citroën C3 Plus · Rata od 1155 PLN netto/mies. · Leasing B2B · Łódź · Sprawdź ofertę!,https://sklep.citroen.pl/produkt/c3/vr7cchpxxtt217044/,https://raw.githubusercontent.com/Andy11001/-alfa-inventory/master/data/images/VR7CCHPXXTT217044_clean.webp,Citroën,C3,2025,0,KM,Hatchback,Monte Carlo,New,90321 PLN,PLN,"{""addr1"": ""UL. OBYWATELSKA 181"", ""city"": ""ŁÓDŹ"", ""region"": ""ŁÓDZKIE"", ""country"": ""PL""}",51.7371,19.4316,LEASE,1155 PLN,per month,Hybrid,Automatic,FWD
VR7KAHPY9TL043638,Nowy C5 Aircross Max · od 1948 PLN/mies.,Citroën Nowy C5 Aircross Max · Rata od 1948 PLN netto/mies. · Leasing B2B · Kraków · Sprawdź ofertę!,https://sklep.citroen.pl/produkt/nowy-c5-aircross/vr7kahpy9tl043638/,https://raw.githubusercontent.com/Andy11001/-alfa-inventory/master/data/images/VR7KAHPY9TL043638_clean.webp,Citroën,Nowy C5 Aircross,2025,0,KM,SUV,Eclipse Blue,New,152850 PLN,PLN,"{""addr1"": ""UL. OPOLSKA 9"", ""city"": ""KRAKÓW"", ""region"": ""MAŁOPOLSKIE"", ""country"": ""PL""}",50.0931,19.9238,LEASE,1948 PLN,per month,Hybrid,Automatic,FWD
VR7BAHPY2TE035708,C4 Max · od 1537 PLN/mies.,Citroën C4 Max · Rata od 1537 PLN netto/mies. · Leasing B2B · Poznań · Sprawdź ofertę!,https://sklep.citroen.pl/produkt/c4/vr7bahpy2te035708/,https://raw.githubusercontent.com/Andy11001/-alfa-inventory/master/data/images/VR7BAHPY2TE035708_clean.webp,Citroën,C4,2025,0,KM,Hatchback,Blanc Okenite,New,120450 PLN,PLN,"{""addr1"": ""UL. KRZYWOUSTEGO 71"", ""city"": ""POZNAŃ"", ""region"": ""WIELKOPOLSKIE"", ""country"": ""PL""}",52.3787,17.0270,LEASE,1537 PLN,per month,Hybrid,Automatic,FWD
VR7BAHPY2TE034879,C4 Max · od 1516 PLN/mies.,Citroën C4 Max · Rata od 1516 PLN netto/mies. · Leasing B2B · Poznań · Sprawdź ofertę!,https://sklep.citroen.pl/produkt/c4/vr7bahpy2te034879/,https://raw.githubusercontent.com/Andy11001/-alfa-inventory/master/data/images/VR7BAHPY2TE034879_clean.webp,Citroën,C4,2025,0,KM,Hatchback,Bleu Eclipse,New,118759 PLN,PLN,"{""addr1"": ""UL. KRZYWOUSTEGO 71"", ""city"": ""POZNAŃ"", ""region"": ""WIELKOPOLSKIE"", ""country"": ""PL""}",52.3787,17.0270,LEASE,1516 PLN,per month,Hybrid,Automatic,FWD
VR7BAHPY9TE035639,C4 Max · od 1506 PLN/mies.,Citroën C4 Max · Rata od 1506 PLN netto/mies. · Leasing B2B · Rybnik · Sprawdź ofertę!,https://sklep.citroen.pl/produkt/c4/vr7bahpy9te035639/,https://raw.githubusercontent.com/Andy11001/-alfa-inventory/master/data/images/VR7BAHPY9TE035639_clean.webp,Citroën,C4,2025,0,KM,Hatchback,Rouge Elixir,New,117975 PLN,PLN,"{""addr1"": ""RYBNIK"", ""city"": ""RYBNIK"", ""region"": ""ŚLĄSKIE"", ""country"": ""PL""}",,,LEASE,1506 PLN,per month,Hybrid,Automatic,FWD
VR7BAHPY0TE035707,C4 Max · od 1403 PLN/mies.,Citroën C4 Max · Rata od 1403 PLN netto/mies. · Leasing B2B · Zielona Góra · Sprawdź ofertę!,https://sklep.citroen.pl/produkt/c4/vr7bahpy0te035707/,https://raw.githubusercontent.com/Andy11001/-alfa-inventory/master/data/images/VR7BAHPY0TE035707_clean.webp,Citroën,C4,2025,0,KM,Hatchback,Manhattan Green,New,109900 PLN,PLN,"{""addr1"": ""ZIELONA GÓRA"", ""city"": ""ZIELONA GÓRA"", ""region"": ""MAZOWIECKIE"", ""country"": ""PL""}",,,LEASE,1403 PLN,per month,Hybrid,Automatic,FWD
VR7BAHPY8TE035678,C4 Max · od 1477 PLN/mies.,Citroën C4 Max · Rata od 1477 PLN netto/mies. · Leasing B2B · Poznań · Sprawdź ofertę!,https://sklep.citroen.pl/produkt/c4/vr7bahpy8te035678/,https://raw.githubusercontent.com/Andy11001/-alfa-inventory/master/data/images/VR7BAHPY8TE035678_clean.webp,Citroën,C4,2025,0,KM,Hatchback,Bleu Eclipse,New,115706 PLN,PLN,"{""addr1"": ""UL. KRZYWOUSTEGO 71"", ""city"": ""POZNAŃ"", ""region"": ""WIELKOPOLSKIE"", ""country"": ""PL""}",52.3787,17.0270,LEASE,1477 PLN,per month,Hybrid,Automatic,FWD
VR7BAHPY1TE035571,C4 Max · od 1448 PLN/mies.,Citroën C4 Max · Rata od 1448 PLN netto/mies. · Leasing B2B · Łódź · Sprawdź ofertę!,https://sklep.citroen.pl/produkt/c4/vr7bahpy1te035571/,https://raw.githubusercontent.com/Andy11001/-alfa-inventory/master/data/images/VR7BAHPY1TE035571_clean.webp,Citroën,C4,2025,0,KM,Hatchback,Manhattan Green,New,113438 PLN,PLN,"{""addr1"": ""UL. OBYWATELSKA 181"", ""city"": ""ŁÓDŹ"", ""region"": ""ŁÓDZKIE"", ""country"": ""PL""}",51.7371,19.4316,LEASE,1448 PLN,per month,Hybrid,Automatic,FWD
VR7BAHPY1TE035490,C4 Max · od 1447 PLN/mies.,Citroën C4 Max · Rata od 1447 PLN netto/mies. · Leasing B2B · Poznań · Sprawdź ofertę!,https://sklep.citroen.pl/produkt/c4/vr7bahpy1te035490/,https://raw.githubusercontent.com/Andy11001/-alfa-inventory/master/data/images/VR7BAHPY1TE035490_clean.webp,Citroën,C4,2025,0,KM,Hatchback,Gris Mercury,New,113355 PLN,PLN,"{""addr1"": ""UL. KRZYWOUSTEGO 71"", ""city"": ""POZNAŃ"", ""region"": ""WIELKOPOLSKIE"", ""country"": ""PL""}",52.3787,17.0270,LEASE,1447 PLN,per month,Hybrid,Automatic,FWD
VR7CCHPX9TT217049,C3 Plus · od 1173 PLN/mies.,Citroën C3 Plus · Rata od 1173 PLN netto/mies. · Leasing B2B · Opole · Sprawdź ofertę!,https://sklep.citroen.pl/produkt/c3/vr7cchpx9tt217049/,https://raw.githubusercontent.com/Andy11001/-alfa-inventory/master/data/images/VR7CCHPX9TT217049_clean.webp,Citroën,C3,2025,0,KM,Hatchback,Noir Perla Nera,New,91770 PLN,PLN,"{""addr1"": ""OPOLE"", ""city"": ""OPOLE"", ""region"": ""OPOLSKIE"", ""country"": ""PL""}",,,LEASE,1173 PLN,per month,Hybrid,Automatic,FWD
VR7BDHPY5TE026282,C4 X Max · od 1420 PLN/mies.,Citroën C4 X Max · Rata od 1420 PLN netto/mies. · Leasing B2B · Łódź · Sprawdź ofertę!,https://sklep.citroen.pl/produkt/c4-x/vr7bdhpy5te026282/,https://raw.githubusercontent.com/Andy11001/-alfa-inventory/master/data/images/VR7BDHPY5TE026282_clean.webp,Citroën,C4 X,2025,0,KM,SUV,Manhattan Green,New,111251 PLN,PLN,"{""addr1"": ""UL. OBYWATELSKA 181"", ""city"": ""ŁÓDŹ"", ""region"": ""ŁÓDZKIE"", ""country"": ""PL""}",51.7371,19.4316,LEASE,1420 PLN,per month,Hybrid,Automatic,FWD
VR7BAHPY3TE033336,C4 Max · od 1493 PLN/mies.,Citroën C4 Max · Rata od 1493 PLN netto/mies. · Leasing B2B · Gliwice · Sprawdź ofertę!,https://sklep.citroen.pl/produkt/c4/vr7bahpy3te033336/,https://raw.githubusercontent.com/Andy11001/-alfa-inventory/master/data/images/VR7BAHPY3TE033336_clean.jpg,Citroën,C4,2025,0,KM,Hatchback,Gris Mercury,New,116944 PLN,PLN,"{""addr1"": ""GLIWICE"", ""city"": ""GLIWICE"", ""region"": ""ŚLĄSKIE"", ""country"": ""PL""}",,,LEASE,1493 PLN,per month,Hybrid,Automatic,FWD
VR7BAHPY5TE032995,C4 Max · od 1423 PLN/mies.,Citroën C4 Max · Rata od 1423 PLN netto/mies. · Leasing B2B · Gliwice · Sprawdź ofertę!,https://sklep.citroen.pl/produkt/c4/vr7bahpy5te032995/,https://raw.githubusercontent.com/Andy11001/-alfa-inventory/master/data/images/VR7BAHPY5TE032995_clean.webp,Citroën,C4,2025,0,KM,Hatchback,Bleu Eclipse,New,111499 PLN,PLN,"{""addr1"": ""GLIWICE"", ""city"": ""GLIWICE"", ""region"": ""ŚLĄSKIE"", ""country"": ""PL""}",,,LEASE,1423 PLN,per month,Hybrid,Automatic,FWD
VR7BAHPY2TE024837,C4 Max · od 1376 PLN/mies.,Citroën C4 Max · Rata od 1376 PLN netto/mies. · Leasing B2B · Łódź · Sprawdź ofertę!,https://sklep.citroen.pl/produkt/c4/vr7bahpy2te024837/,https://raw.githubusercontent.com/Andy11001/-alfa-inventory/master/data/images/VR7BAHPY2TE024837_clean.webp,Citroën,C4,2025,0,KM,Hatchback,Gris Mercury,New,107745 PLN,PLN,"{""addr1"": ""UL. OBYWATELSKA 181"", ""city"": ""ŁÓDŹ"", ""region"": ""ŁÓDZKIE"", ""country"": ""PL""}",51.7371,19.4316,LEASE,1376 PLN,per month,Hybrid,Automatic,FWD
VR7CCHPV0TT204530,C3 Plus · od 1025 PLN/mies.,Citroën C3 Plus · Rata od 1025 PLN netto/mies. · Leasing B2B · Szczecin · Sprawdź ofertę!,https://sklep.citroen.pl/produkt/c3/vr7cchpv0tt204530/,https://raw.githubusercontent.com/Andy11001/-alfa-inventory/master/data/images/VR7CCHPV0TT204530_clean.webp,Citroën,C3,2025,0,KM,Hatchback,Noir Perla Nera,New,80038 PLN,PLN,"{""addr1"": ""UL. STRUGA 1B"", ""city"": ""SZCZECIN"", ""region"": ""ZACHODNIOPOMORSKIE"", ""country"": ""PL""}",53.3891,14.6543,LEASE,1025 PLN,per month,Gasoline,Manual,FWD
VR7BDHPY5TE022846,C4 X Max · od 1374 PLN/mies.,Citroën C4 X Max · Rata od 1374 PLN netto/mies. · Leasing B2B · Elbląg · Sprawdź ofertę!,https://sklep.citroen.pl/produkt/c4-x/vr7bdhpy5te022846/,https://raw.githubusercontent.com/Andy11001/-alfa-inventory/master/data/images/VR7BDHPY5TE022846_clean.webp,Citroën,C4 X,2025,0,KM,SUV,Perla Nera,New,107621 PLN,PLN,"{""addr1"": ""ELBLĄG"", ""city"": ""ELBLĄG"", ""region"": ""MAZOWIECKIE"", ""country"": ""PL""}",,,LEASE,1374 PLN,per month,Hybrid,Automatic,FWD
VR7CCHPV9TT211816,C3 Max · od 1113 PLN/mies.,Citroën C3 Max · Rata od 1113 PLN netto/mies. · Leasing B2B · Konin · Sprawdź ofertę!,https://sklep.citroen.pl/produkt/c3/vr7cchpv9tt211816/,https://raw.githubusercontent.com/Andy11001/-alfa-inventory/master/data/images/VR7CCHPV9TT211816_clean.webp,Citroën,C3,2025,0,KM,Hatchback,Noir Perla Nera,New,87032 PLN,PLN,"{""addr1"": ""KONIN"", ""city"": ""KONIN"", ""region"": ""MAZOWIECKIE"", ""country"": ""PL""}",,,LEASE,1113 PLN,per month,Gasoline,Manual,FWD
VR7CCHPV1TT211602,C3 Max · od 1113 PLN/mies.,Citroën C3 Max · Rata od 1113 PLN netto/mies. · Leasing B2B · Warszawa · Sprawdź ofertę!,https://sklep.citroen.pl/produkt/c3/vr7cchpv1tt211602/,https://raw.githubusercontent.com/Andy11001/-alfa-inventory/master/data/images/VR7CCHPV1TT211602_clean.webp,Citroën,C3,2025,0,KM,Hatchback,Bright Blue,New,87032 PLN,PLN,"{""addr1"": ""AL. KRAKOWSKA 206"", ""city"": ""WARSZAWA"", ""region"": ""MAZOWIECKIE"", ""country"": ""PL""}",52.2084,20.9412,LEASE,1113 PLN,per month,Gasoline,Manual,FWD
VR7KAHPY8TL046255,Nowy C5 Aircross Max · od 1929 PLN/mies.,Citroën Nowy C5 Aircross Max · Rata od 1929 PLN netto/mies. · Leasing B2B · Gdańsk · Sprawdź ofertę!,https://sklep.citroen.pl/produkt/nowy-c5-aircross/vr7kahpy8tl046255/,https://raw.githubusercontent.com/Andy11001/-alfa-inventory/master/data/images/VR7KAHPY8TL046255_clean.webp,Citroën,Nowy C5 Aircross,2025,0,KM,SUV,Eclipse Blue,New,151371 PLN,PLN,"{""addr1"": ""AL. GRUNWALDZKA 256"", ""city"": ""GDAŃSK"", ""region"": ""POMORSKIE"", ""country"": ""PL""}",54.4022,18.5714,LEASE,1929 PLN,per month,Hybrid,Automatic,FWD
VR7KAHPY3TL046440,Nowy C5 Aircross Plus · od 1816 PLN/mies.,Citroën Nowy C5 Aircross Plus · Rata od 1816 PLN netto/mies. · Leasing B2B · Opole · Sprawdź ofertę!,https://sklep.citroen.pl/produkt/nowy-c5-aircross/vr7kahpy3tl046440/,https://raw.githubusercontent.com/Andy11001/-alfa-inventory/master/data/images/VR7KAHPY3TL046440_clean.webp,Citroën,Nowy C5 Aircross,2025,0,KM,SUV,Eclipse Blue,New,142461 PLN,PLN,"{""addr1"": ""OPOLE"", ""city"": ""OPOLE"", ""region"": ""OPOLSKIE"", ""country"": ""PL""}",,,LEASE,1816 PLN,per month,Hybrid,Automatic,FWD
VR7KAHPY7TL046439,Nowy C5 Aircross Plus · od 1816 PLN/mies.,Citroën Nowy C5 Aircross Plus · Rata od 1816 PLN netto/mies. · Leasing B2B · Opole · Sprawdź ofertę!,https://sklep.citroen.pl/produkt/nowy-c5-aircross/vr7kahpy7tl046439/,https://raw.githubusercontent.com/Andy11001/-alfa-inventory/master/data/images/VR7KAHPY7TL046439_clean.webp,Citroën,Nowy C5 Aircross,2025,0,KM,SUV,Eclipse Blue,New,142461 PLN,PLN,"{""addr1"": ""OPOLE"", ""city"": ""OPOLE"", ""region"": ""OPOLSKIE"", ""country"": ""PL""}",,,LEASE,1816 PLN,per month,Hybrid,Automatic,FWD
VR7BDHPY7TE022542,C4 X Max · od 1472 PLN/mies.,Citroën C4 X Max · Rata od 1472 PLN netto/mies. · Leasing B2B · Kielce · Sprawdź ofertę!,https://sklep.citroen.pl/produkt/c4-x/vr7bdhpy7te022542/,https://raw.githubusercontent.com/Andy11001/-alfa-inventory/master/data/images/VR7BDHPY7TE022542_clean.webp,Citroën,C4 X,2025,0,KM,SUV,Perla Nera,New,115335 PLN,PLN,"{""addr1"": ""KIELCE"", ""city"": ""KIELCE"", ""region"": ""ŚWIĘTOKRZYSKIE"", ""country"": ""PL""}",,,LEASE,1472 PLN,per month,Hybrid,Automatic,FWD
VR7BDHPY4TE024152,C4 X Max · od 1414 PLN/mies.,Citroën C4 X Max · Rata od 1414 PLN netto/mies. · Leasing B2B · Warszawa · Sprawdź ofertę!,https://sklep.citroen.pl/produkt/c4-x/vr7bdhpy4te024152/,https://raw.githubusercontent.com/Andy11001/-alfa-inventory/master/data/images/VR7BDHPY4TE024152_clean.webp,Citroën,C4 X,2025,0,KM,SUV,Blue Eclipse,New,110715 PLN,PLN,"{""addr1"": ""AL. KRAKOWSKA 206"", ""city"": ""WARSZAWA"", ""region"": ""MAZOWIECKIE"", ""country"": ""PL""}",52.2084,20.9412,LEASE,1414 PLN,per month,Hybrid,Automatic,FWD
VR7KAHPY7TL046277,Nowy C5 Aircross Max · od 2006 PLN/mies.,Citroën Nowy C5 Aircross Max · Rata od 2006 PLN netto/mies. · Leasing B2B · Gdańsk · Sprawdź ofertę!,https://sklep.citroen.pl/produkt/nowy-c5-aircross/vr7kahpy7tl046277/,https://raw.githubusercontent.com/Andy11001/-alfa-inventory/master/data/images/VR7KAHPY7TL046277_clean.jpg,Citroën,Nowy C5 Aircross,2025,0,KM,SUV,Perla Nera Black,New,157461 PLN,PLN,"{""addr1"": ""AL. GRUNWALDZKA 256"", ""city"": ""GDAŃSK"", ""region"": ""POMORSKIE"", ""country"": ""PL""}",54.4022,18.5714,LEASE,2006 PLN,per month,Hybrid,Automatic,FWD
VR7KAHPY5TL046262,Nowy C5 Aircross Max · od 1987 PLN/mies.,Citroën Nowy C5 Aircross Max · Rata od 1987 PLN netto/mies. · Leasing B2B · Gdańsk · Sprawdź ofertę!,https://sklep.citroen.pl/produkt/nowy-c5-aircross/vr7kahpy5tl046262/,https://raw.githubusercontent.com/Andy11001/-alfa-inventory/master/data/images/VR7KAHPY5TL046262_clean.webp,Citroën,Nowy C5 Aircross,2025,0,KM,SUV,Platinium Grey,New,155982 PLN,PLN,"{""addr1"": ""AL. GRUNWALDZKA 256"", ""city"": ""GDAŃSK"", ""region"": ""POMORSKIE"", ""country"": ""PL""}",54.4022,18.5714,LEASE,1987 PLN,per month,Hybrid,Automatic,FWD
VR7KAHPY3TL046261,Nowy C5 Aircross Max · od 1987 PLN/mies.,Citroën Nowy C5 Aircross Max · Rata od 1987 PLN netto/mies. · Leasing B2B · Gdańsk · Sprawdź ofertę!,https://sklep.citroen.pl/produkt/nowy-c5-aircross/vr7kahpy3tl046261/,https://raw.githubusercontent.com/Andy11001/-alfa-inventory/master/data/images/VR7KAHPY3TL046261_clean.webp,Citroën,Nowy C5 Aircross,2025,0,KM,SUV,Platinium Grey,New,155982 PLN,PLN,"{""addr1"": ""AL. GRUNWALDZKA 256"", ""city"": ""GDAŃSK"", ""region"": ""POMORSKIE"", ""country"": ""PL""}",54.4022,18.5714,LEASE,1987 PLN,per month,Hybrid,Automatic,FWD
VR7KAHPY2TL046221,Nowy C5 Aircross Max · od 1946 PLN/mies.,Citroën Nowy C5 Aircross Max · Rata od 1946 PLN netto/mies. · Leasing B2B · Opole · Sprawdź ofertę!,https://sklep.citroen.pl/produkt/nowy-c5-aircross/vr7kahpy2tl046221/,https://raw.githubusercontent.com/Andy11001/-alfa-inventory/master/data/images/VR7KAHPY2TL046221_clean.jpg,Citroën,Nowy C5 Aircross,2025,0,KM,SUV,Astoria Green,New,152676 PLN,PLN,"{""addr1"": ""OPOLE"", ""city"": ""OPOLE"", ""region"": ""OPOLSKIE"", ""country"": ""PL""}",,,LEASE,1946 PLN,per month,Hybrid,Automatic,FWD
VR7KAHPY2TL046249,Nowy C5 Aircross Max · od 1908 PLN/mies.,Citroën Nowy C5 Aircross Max · Rata od 1908 PLN netto/mies. · Leasing B2B · Gdańsk · Sprawdź ofertę!,https://sklep.citroen.pl/produkt/nowy-c5-aircross/vr7kahpy2tl046249/,https://raw.githubusercontent.com/Andy11001/-alfa-inventory/master/data/images/VR7KAHPY2TL046249_clean.webp,Citroën,Nowy C5 Aircross,2025,0,KM,SUV,Astoria Green,New,149718 PLN,PLN,"{""addr1"": ""AL. GRUNWALDZKA 256"", ""city"": ""GDAŃSK"", ""region"": ""POMORSKIE"", ""country"": ""PL""}",54.4022,18.5714,LEASE,1908 PLN,per month,Hybrid,Automatic,FWD
VR7KAHPY5TL046407,Nowy C5 Aircross Max · od 1890 PLN/mies.,Citroën Nowy C5 Aircross Max · Rata od 1890 PLN netto/mies. · Leasing B2B · Szczecin · Sprawdź ofertę!,https://sklep.citroen.pl/produkt/nowy-c5-aircross/vr7kahpy5tl046407/,https://raw.githubusercontent.com/Andy11001/-alfa-inventory/master/data/images/VR7KAHPY5TL046407_clean.webp,Citroën,Nowy C5 Aircross,2025,0,KM,SUV,Perla Nera Black,New,148335 PLN,PLN,"{""addr1"": ""UL. STRUGA 1B"", ""city"": ""SZCZECIN"", ""region"": ""ZACHODNIOPOMORSKIE"", ""country"": ""PL""}",53.3891,14.6543,LEASE,1890 PLN,per month,Hybrid,Automatic,FWD
VR7KAHPY7TL046408,Nowy C5 Aircross Max · od 1890 PLN/mies.,Citroën Nowy C5 Aircross Max · Rata od 1890 PLN netto/mies. · Leasing B2B · Szczecin · Sprawdź ofertę!,https://sklep.citroen.pl/produkt/nowy-c5-aircross/vr7kahpy7tl046408/,https://raw.githubusercontent.com/Andy11001/-alfa-inventory/master/data/images/VR7KAHPY7TL046408_clean.webp,Citroën,Nowy C5 Aircross,2025,0,KM,SUV,Perla Nera Black,New,148335 PLN,PLN,"{""addr1"": ""UL. STRUGA 1B"", ""city"": ""SZCZECIN"", ""region"": ""ZACHODNIOPOMORSKIE"", ""country"": ""PL""}",53.3891,14.6543,LEASE,1890 PLN,per month,Hybrid,Automatic,FWD
VR7KAHPY8TL046272,Nowy C5 Aircross Max · od 1876 PLN/mies.,Citroën Nowy C5 Aircross Max · Rata od 1876 PLN netto/mies. · Leasing B2B · Gdańsk · Sprawdź ofertę!,https://sklep.citroen.pl/produkt/nowy-c5-aircross/vr7kahpy8tl046272/,https://raw.githubusercontent.com/Andy11001/-alfa-inventory/master/data/images/VR7KAHPY8TL046272_clean.jpg,Citroën,Nowy C5 Aircross,2025,0,KM,SUV,Ruby Red,New,147195 PLN,PLN,"{""addr1"": ""AL. GRUNWALDZKA 256"", ""city"": ""GDAŃSK"", ""region"": ""POMORSKIE"", ""country"": ""PL""}",54.4022,18.5714,LEASE,1876 PLN,per month,Hybrid,Automatic,FWD
VR7KAHPYXTL046273,Nowy C5 Aircross Max · od 1876 PLN/mies.,Citroën Nowy C5 Aircross Max · Rata od 1876 PLN netto/mies. · Leasing B2B · Gdańsk · Sprawdź ofertę!,https://sklep.citroen.pl/produkt/nowy-c5-aircross/vr7kahpyxtl046273/,https://raw.githubusercontent.com/Andy11001/-alfa-inventory/master/data/images/VR7KAHPYXTL046273_clean.jpg,Citroën,Nowy C5 Aircross,2025,0,KM,SUV,Ruby Red,New,147195 PLN,PLN,"{""addr1"": ""AL. GRUNWALDZKA 256"", ""city"": ""GDAŃSK"", ""region"": ""POMORSKIE"", ""country"": ""PL""}",54.4022,18.5714,LEASE,1876 PLN,per month,Hybrid,Automatic,FWD
VR7KAHPY7TL046229,Nowy C5 Aircross Plus · od 1800 PLN/mies.,Citroën Nowy C5 Aircross Plus · Rata od 1800 PLN netto/mies. · Leasing B2B · Opole · Sprawdź ofertę!,https://sklep.citroen.pl/produkt/nowy-c5-aircross/vr7kahpy7tl046229/,https://raw.githubusercontent.com/Andy11001/-alfa-inventory/master/data/images/VR7KAHPY7TL046229_clean.webp,Citroën,Nowy C5 Aircross,2025,0,KM,SUV,Ruby Red,New,141201 PLN,PLN,"{""addr1"": ""OPOLE"", ""city"": ""OPOLE"", ""region"": ""OPOLSKIE"", ""country"": ""PL""}",,,LEASE,1800 PLN,per month,Hybrid,Automatic,FWD
VR7KAHPY5TL046228,Nowy C5 Aircross Plus · od 1800 PLN/mies.,Citroën Nowy C5 Aircross Plus · Rata od 1800 PLN netto/mies. · Leasing B2B · Opole · Sprawdź ofertę!,https://sklep.citroen.pl/produkt/nowy-c5-aircross/vr7kahpy5tl046228/,https://raw.githubusercontent.com/Andy11001/-alfa-inventory/master/data/images/VR7KAHPY5TL046228_clean.webp,Citroën,Nowy C5 Aircross,2025,0,KM,SUV,Ruby Red,New,141201 PLN,PLN,"{""addr1"": ""OPOLE"", ""city"": ""OPOLE"", ""region"": ""OPOLSKIE"", ""country"": ""PL""}",,,LEASE,1800 PLN,per month,Hybrid,Automatic,FWD
VR7BAHPY0TE032368,C4 Max · od 1447 PLN/mies.,Citroën C4 Max · Rata od 1447 PLN netto/mies. · Leasing B2B · Słupsk · Sprawdź ofertę!,https://sklep.citroen.pl/produkt/c4/vr7bahpy0te032368/,https://raw.githubusercontent.com/Andy11001/-alfa-inventory/master/data/images/VR7BAHPY0TE032368_clean.webp,Citroën,C4,2025,0,KM,Hatchback,Blanc Okenite,New,113355 PLN,PLN,"{""addr1"": ""SŁUPSK"", ""city"": ""SŁUPSK"", ""region"": ""POMORSKIE"", ""country"": ""PL""}",,,LEASE,1447 PLN,per month,Hybrid,Automatic,FWD
VR7BAHPY9TE033566,C4 Max · od 1447 PLN/mies.,Citroën C4 Max · Rata od 1447 PLN netto/mies. · Leasing B2B · Gdańsk · Sprawdź ofertę!,https://sklep.citroen.pl/produkt/c4/vr7bahpy9te033566/,https://raw.githubusercontent.com/Andy11001/-alfa-inventory/master/data/images/VR7BAHPY9TE033566_clean.jpg,Citroën,C4,2025,0,KM,Hatchback,Blanc Okenite,New,113355 PLN,PLN,"{""addr1"": ""AL. GRUNWALDZKA 256"", ""city"": ""GDAŃSK"", ""region"": ""POMORSKIE"", ""country"": ""PL""}",54.4022,18.5714,LEASE,1447 PLN,per month,Hybrid,Automatic,FWD
VR7BDHPY8TE030424,C4 X Max · od 1411 PLN/mies.,Citroën C4 X Max · Rata od 1411 PLN netto/mies. · Leasing B2B · Słupsk · Sprawdź ofertę!,https://sklep.citroen.pl/produkt/c4-x/vr7bdhpy8te030424/,https://raw.githubusercontent.com/Andy11001/-alfa-inventory/master/data/images/VR7BDHPY8TE030424_clean.jpg,Citroën,C4 X,2025,0,KM,SUV,Rouge Elixir,New,110509 PLN,PLN,"{""addr1"": ""SŁUPSK"", ""city"": ""SŁUPSK"", ""region"": ""POMORSKIE"", ""country"": ""PL""}",,,LEASE,1411 PLN,per month,Hybrid,Automatic,FWD
VR7CGHPY9TT194143,C3 Aircross Plus · od 1404 PLN/mies.,Citroën C3 Aircross Plus · Rata od 1404 PLN netto/mies. · Leasing B2B · Kutno · Sprawdź ofertę!,https://sklep.citroen.pl/produkt/c3-aircross/vr7cghpy9tt194143/,https://raw.githubusercontent.com/Andy11001/-alfa-inventory/master/data/images/VR7CGHPY9TT194143_clean.jpg,Citroën,C3 Aircross,2025,0,KM,SUV,Polar White,New,110000 PLN,PLN,"{""addr1"": ""KUTNO"", ""city"": ""KUTNO"", ""region"": ""MAZOWIECKIE"", ""country"": ""PL""}",,,LEASE,1404 PLN,per month,Hybrid,Automatic,FWD
VR7CCHPV6TT208744,C3 Max · od 1087 PLN/mies.,Citroën C3 Max · Rata od 1087 PLN netto/mies. · Leasing B2B · Warszawa · Sprawdź ofertę!,https://sklep.citroen.pl/produkt/c3/vr7cchpv6tt208744/,https://raw.githubusercontent.com/Andy11001/-alfa-inventory/master/data/images/VR7CCHPV6TT208744_clean.jpg,Citroën,C3,2025,0,KM,Hatchback,Mercury Grey,New,84962 PLN,PLN,"{""addr1"": ""AL. KRAKOWSKA 206"", ""city"": ""WARSZAWA"", ""region"": ""MAZOWIECKIE"", ""country"": ""PL""}",52.2084,20.9412,LEASE,1087 PLN,per month,Gasoline,Manual,FWD
VR7CCHPV0TT205998,C3 Plus · od 1017 PLN/mies.,Citroën C3 Plus · Rata od 1017 PLN netto/mies. · Leasing B2B · Olsztyn · Sprawdź ofertę!,https://sklep.citroen.pl/produkt/c3/vr7cchpv0tt205998/,https://raw.githubusercontent.com/Andy11001/-alfa-inventory/master/data/images/VR7CCHPV0TT205998_clean.jpg,Citroën,C3,2025,0,KM,Hatchback,Monte Carlo,New,79468 PLN,PLN,"{""addr1"": ""OLSZTYN"", ""city"": ""OLSZTYN"", ""region"": ""MAZOWIECKIE"", ""country"": ""PL""}",,,LEASE,1017 PLN,per month,Gasoline,Manual,FWD
VR7CCHPV9TT205997,C3 Plus · od 1017 PLN/mies.,Citroën C3 Plus · Rata od 1017 PLN netto/mies. · Leasing B2B · Olsztyn · Sprawdź ofertę!,https://sklep.citroen.pl/produkt/c3/vr7cchpv9tt205997/,https://raw.githubusercontent.com/Andy11001/-alfa-inventory/master/data/images/VR7CCHPV9TT205997_clean.webp,Citroën,C3,2025,0,KM,Hatchback,Monte Carlo,New,79468 PLN,PLN,"{""addr1"": ""OLSZTYN"", ""city"": ""OLSZTYN"", ""region"": ""MAZOWIECKIE"", ""country"": ""PL""}",,,LEASE,1017 PLN,per month,Gasoline,Manual,FWD
VR7CCHPVXTT209038,C3 Plus · od 1010 PLN/mies.,Citroën C3 Plus · Rata od 1010 PLN netto/mies. · Leasing B2B · Płock · Sprawdź ofertę!,https://sklep.citroen.pl/produkt/c3/vr7cchpvxtt209038/,https://raw.githubusercontent.com/Andy11001/-alfa-inventory/master/data/images/VR7CCHPVXTT209038_clean.jpg,Citroën,C3,2025,0,KM,Hatchback,Polar White,New,78898 PLN,PLN,"{""addr1"": ""PŁOCK"", ""city"": ""PŁOCK"", ""region"": ""MAZOWIECKIE"", ""country"": ""PL""}",,,LEASE,1010 PLN,per month,Gasoline,Manual,FWD
VR7CCHPV2TT204500,C3 Plus · od 1005 PLN/mies.,Citroën C3 Plus · Rata od 1005 PLN netto/mies. · Leasing B2B · Częstochowa · Sprawdź ofertę!,https://sklep.citroen.pl/produkt/c3/vr7cchpv2tt204500/,https://raw.githubusercontent.com/Andy11001/-alfa-inventory/master/data/images/VR7CCHPV2TT204500_clean.webp,Citroën,C3,2025,0,KM,Hatchback,Monte Carlo,New,78494 PLN,PLN,"{""addr1"": ""CZĘSTOCHOWA"", ""city"": ""CZĘSTOCHOWA"", ""region"": ""MAZOWIECKIE"", ""country"": ""PL""}",,,LEASE,1005 PLN,per month,Gasoline,Manual,FWD
VR7BDHPY5TE034110,C4 X Max · od 1493 PLN/mies.,Citroën C4 X Max · Rata od 1493 PLN netto/mies. · Leasing B2B · Łódź · Sprawdź ofertę!,https://sklep.citroen.pl/produkt/c4-x/vr7bdhpy5te034110/,https://raw.githubusercontent.com/Andy11001/-alfa-inventory/master/data/images/VR7BDHPY5TE034110_clean.webp,Citroën,C4 X,2025,0,KM,SUV,Manhattan Green,New,116944 PLN,PLN,"{""addr1"": ""UL. OBYWATELSKA 181"", ""city"": ""ŁÓDŹ"", ""region"": ""ŁÓDZKIE"", ""country"": ""PL""}",51.7371,19.4316,LEASE,1493 PLN,per month,Hybrid,Automatic,FWD
VR7BAHPY8TE034515,C4 Max · od 1439 PLN/mies.,Citroën C4 Max · Rata od 1439 PLN netto/mies. · Leasing B2B · Łódź · Sprawdź ofertę!,https://sklep.citroen.pl/produkt/c4/vr7bahpy8te034515/,https://raw.githubusercontent.com/Andy11001/-alfa-inventory/master/data/images/VR7BAHPY8TE034515_clean.webp,Citroën,C4,2025,0,KM,Hatchback,Manhattan Green,New,112736 PLN,PLN,"{""addr1"": ""UL. OBYWATELSKA 181"", ""city"": ""ŁÓDŹ"", ""region"": ""ŁÓDZKIE"", ""country"": ""PL""}",51.7371,19.4316,LEASE,1439 PLN,per month,Hybrid,Automatic,FWD
VR7CGHPY4TT202374,C3 Aircross Max · od 1457 PLN/mies.,Citroën C3 Aircross Max · Rata od 1457 PLN netto/mies. · Leasing B2B · Stare Bielice · Sprawdź ofertę!,https://sklep.citroen.pl/produkt/c3-aircross/vr7cghpy4tt202374/,https://raw.githubusercontent.com/Andy11001/-alfa-inventory/master/data/images/VR7CGHPY4TT202374_clean.webp,Citroën,C3 Aircross,2025,0,KM,SUV,Polar White,New,114158 PLN,PLN,"{""addr1"": ""STARE BIELICE"", ""city"": ""STARE BIELICE"", ""region"": ""MAZOWIECKIE"", ""country"": ""PL""}",,,LEASE,1457 PLN,per month,Hybrid,Automatic,FWD
VR7CCHPV9TT204042,C3 Plus · od 990 PLN/mies.,Citroën C3 Plus · Rata od 990 PLN netto/mies. · Leasing B2B · Szczecin · Sprawdź ofertę!,https://sklep.citroen.pl/produkt/c3/vr7cchpv9tt204042/,https://raw.githubusercontent.com/Andy11001/-alfa-inventory/master/data/images/VR7CCHPV9TT204042_clean.webp,Citroën,C3,2025,0,KM,Hatchback,Monte Carlo,New,77282 PLN,PLN,"{""addr1"": ""UL. STRUGA 1B"", ""city"": ""SZCZECIN"", ""region"": ""ZACHODNIOPOMORSKIE"", ""country"": ""PL""}",53.3891,14.6543,LEASE,990 PLN,per month,Gasoline,Manual,FWD
VR7CGHPY5TT194124,C3 Aircross Plus · od 1404 PLN/mies.,Citroën C3 Aircross Plus · Rata od 1404 PLN netto/mies. · Leasing B2B · Poznań · Sprawdź ofertę!,https://sklep.citroen.pl/produkt/c3-aircross/vr7cghpy5tt194124/,https://raw.githubusercontent.com/Andy11001/-alfa-inventory/master/data/images/VR7CGHPY5TT194124_clean.webp,Citroën,C3 Aircross,2025,0,KM,SUV,Polar White,New,110000 PLN,PLN,"{""addr1"": ""UL. KRZYWOUSTEGO 71"", ""city"": ""POZNAŃ"", ""region"": ""WIELKOPOLSKIE"", ""country"": ""PL""}",52.3787,17.0270,LEASE,1404 PLN,per month,Hybrid,Automatic,FWD
VR7CGHPY5TT194138,C3 Aircross Plus · od 1404 PLN/mies.,Citroën C3 Aircross Plus · Rata od 1404 PLN netto/mies. · Leasing B2B · Grębów · Sprawdź ofertę!,https://sklep.citroen.pl/produkt/c3-aircross/vr7cghpy5tt194138/,https://raw.githubusercontent.com/Andy11001/-alfa-inventory/master/data/images/VR7CGHPY5TT194138_clean.webp,Citroën,C3 Aircross,2025,0,KM,SUV,Polar White,New,110000 PLN,PLN,"{""addr1"": ""GRĘBÓW"", ""city"": ""GRĘBÓW"", ""region"": ""MAZOWIECKIE"", ""country"": ""PL""}",,,LEASE,1404 PLN,per month,Hybrid,Automatic,FWD
VR7CGHPY8TT194103,C3 Aircross Plus · od 1404 PLN/mies.,Citroën C3 Aircross Plus · Rata od 1404 PLN netto/mies. · Leasing B2B · Łódź · Sprawdź ofertę!,https://sklep.citroen.pl/produkt/c3-aircross/vr7cghpy8tt194103/,https://raw.githubusercontent.com/Andy11001/-alfa-inventory/master/data/images/VR7CGHPY8TT194103_clean.webp,Citroën,C3 Aircross,2025,0,KM,SUV,Polar White,New,110000 PLN,PLN,"{""addr1"": ""UL. OBYWATELSKA 181"", ""city"": ""ŁÓDŹ"", ""region"": ""ŁÓDZKIE"", ""country"": ""PL""}",51.7371,19.4316,LEASE,1404 PLN,per month,Hybrid,Automatic,FWD
VR7CGHPYXTT194121,C3 Aircross Plus · od 1404 PLN/mies.,Citroën C3 Aircross Plus · Rata od 1404 PLN netto/mies. · Leasing B2B · Białystok · Sprawdź ofertę!,https://sklep.citroen.pl/produkt/c3-aircross/vr7cghpyxtt194121/,https://raw.githubusercontent.com/Andy11001/-alfa-inventory/master/data/images/VR7CGHPYXTT194121_clean.webp,Citroën,C3 Aircross,2025,0,KM,SUV,Polar White,New,110000 PLN,PLN,"{""addr1"": ""BIAŁYSTOK"", ""city"": ""BIAŁYSTOK"", ""region"": ""PODLASKIE"", ""country"": ""PL""}",,,LEASE,1404 PLN,per month,Hybrid,Automatic,FWD
VR7KAHPY4TL037505,Nowy C5 Aircross Max · od 2060 PLN/mies.,Citroën Nowy C5 Aircross Max · Rata od 2060 PLN netto/mies. · Leasing B2B · Wrocław · Sprawdź ofertę!,https://sklep.citroen.pl/produkt/nowy-c5-aircross/vr7kahpy4tl037505/,https://raw.githubusercontent.com/Andy11001/-alfa-inventory/master/data/images/VR7KAHPY4TL037505_clean.webp,Citroën,Nowy C5 Aircross,2025,0,KM,SUV,Okenite White,New,161724 PLN,PLN,"{""addr1"": ""UL. SZCZECIŃSKA 7"", ""city"": ""WROCŁAW"", ""region"": ""DOLNOŚLĄSKIE"", ""country"": ""PL""}",51.1274,16.9535,LEASE,2060 PLN,per month,Hybrid,Automatic,FWD
VR7BAHPY2TE033277,C4 Max · od 1461 PLN/mies.,Citroën C4 Max · Rata od 1461 PLN netto/mies. · Leasing B2B · Gdańsk · Sprawdź ofertę!,https://sklep.citroen.pl/produkt/c4/vr7bahpy2te033277/,https://raw.githubusercontent.com/Andy11001/-alfa-inventory/master/data/images/VR7BAHPY2TE033277_clean.webp,Citroën,C4,2025,0,KM,Hatchback,Rouge Elixir,New,114469 PLN,PLN,"{""addr1"": ""AL. GRUNWALDZKA 256"", ""city"": ""GDAŃSK"", ""region"": ""POMORSKIE"", ""country"": ""PL""}",54.4022,18.5714,LEASE,1461 PLN,per month,Hybrid,Automatic,FWD
VR7BAHPY3TE033272,C4 Max · od 1455 PLN/mies.,Citroën C4 Max · Rata od 1455 PLN netto/mies. · Leasing B2B · Kraczkowa · Sprawdź ofertę!,https://sklep.citroen.pl/produkt/c4/vr7bahpy3te033272/,https://raw.githubusercontent.com/Andy11001/-alfa-inventory/master/data/images/VR7BAHPY3TE033272_clean.webp,Citroën,C4,2025,0,KM,Hatchback,Rouge Elixir,New,114015 PLN,PLN,"{""addr1"": ""KRACZKOWA"", ""city"": ""KRACZKOWA"", ""region"": ""MAZOWIECKIE"", ""country"": ""PL""}",,,LEASE,1455 PLN,per month,Hybrid,Automatic,FWD
VR7BAHPY5TE033371,C4 Max · od 1451 PLN/mies.,Citroën C4 Max · Rata od 1451 PLN netto/mies. · Leasing B2B · Radom · Sprawdź ofertę!,https://sklep.citroen.pl/produkt/c4/vr7bahpy5te033371/,https://raw.githubusercontent.com/Andy11001/-alfa-inventory/master/data/images/VR7BAHPY5TE033371_clean.webp,Citroën,C4,2025,0,KM,Hatchback,Perla Nera,New,113685 PLN,PLN,"{""addr1"": ""RADOM"", ""city"": ""RADOM"", ""region"": ""MAZOWIECKIE"", ""country"": ""PL""}",,,LEASE,1451 PLN,per month,Hybrid,Automatic,FWD
VR7BDHPY5TE033409,C4 X Max · od 1448 PLN/mies.,Citroën C4 X Max · Rata od 1448 PLN netto/mies. · Leasing B2B · Olsztyn · Sprawdź ofertę!,https://sklep.citroen.pl/produkt/c4-x/vr7bdhpy5te033409/,https://raw.githubusercontent.com/Andy11001/-alfa-inventory/master/data/images/VR7BDHPY5TE033409_clean.webp,Citroën,C4 X,2025,0,KM,SUV,Rouge Elixir,New,113396 PLN,PLN,"{""addr1"": ""OLSZTYN"", ""city"": ""OLSZTYN"", ""region"": ""MAZOWIECKIE"", ""country"": ""PL""}",,,LEASE,1448 PLN,per month,Hybrid,Automatic,FWD
VR7BAHPYXTE033477,C4 Max · od 1439 PLN/mies.,Citroën C4 Max · Rata od 1439 PLN netto/mies. · Leasing B2B · Olsztyn · Sprawdź ofertę!,https://sklep.citroen.pl/produkt/c4/vr7bahpyxte033477/,https://raw.githubusercontent.com/Andy11001/-alfa-inventory/master/data/images/VR7BAHPYXTE033477_clean.webp,Citroën,C4,2025,0,KM,Hatchback,Blanc Okenite,New,112736 PLN,PLN,"{""addr1"": ""OLSZTYN"", ""city"": ""OLSZTYN"", ""region"": ""MAZOWIECKIE"", ""country"": ""PL""}",,,LEASE,1439 PLN,per month,Hybrid,Automatic,FWD
VR7BDHPY7TE033377,C4 X Max · od 1431 PLN/mies.,Citroën C4 X Max · Rata od 1431 PLN netto/mies. · Leasing B2B · Gdańsk · Sprawdź ofertę!,https://sklep.citroen.pl/produkt/c4-x/vr7bdhpy7te033377/,https://raw.githubusercontent.com/Andy11001/-alfa-inventory/master/data/images/VR7BDHPY7TE033377_clean.webp,Citroën,C4 X,2025,0,KM,SUV,Mercury Grey,New,112118 PLN,PLN,"{""addr1"": ""AL. GRUNWALDZKA 256"", ""city"": ""GDAŃSK"", ""region"": ""POMORSKIE"", ""country"": ""PL""}",54.4022,18.5714,LEASE,1431 PLN,per month,Hybrid,Automatic,FWD
VR7CGHPY2TT202342,C3 Aircross Max · od 1432 PLN/mies.,Citroën C3 Aircross Max · Rata od 1432 PLN netto/mies. · Leasing B2B · Poznań · Sprawdź ofertę!,https://sklep.citroen.pl/produkt/c3-aircross/vr7cghpy2tt202342/,https://raw.githubusercontent.com/Andy11001/-alfa-inventory/master/data/images/VR7CGHPY2TT202342_clean.webp,Citroën,C3 Aircross,2025,0,KM,SUV,Polar White,New,112178 PLN,PLN,"{""addr1"": ""UL. KRZYWOUSTEGO 71"", ""city"": ""POZNAŃ"", ""region"": ""WIELKOPOLSKIE"", ""country"": ""PL""}",52.3787,17.0270,LEASE,1432 PLN,per month,Hybrid,Automatic,FWD
VR7KAHPY8TL038284,Nowy C5 Aircross Max · od 2060 PLN/mies.,Citroën Nowy C5 Aircross Max · Rata od 2060 PLN netto/mies. · Leasing B2B · Płock · Sprawdź ofertę!,https://sklep.citroen.pl/produkt/nowy-c5-aircross/vr7kahpy8tl038284/,https://raw.githubusercontent.com/Andy11001/-alfa-inventory/master/data/images/VR7KAHPY8TL038284_clean.webp,Citroën,Nowy C5 Aircross,2025,0,KM,SUV,Platinium Grey,New,161724 PLN,PLN,"{""addr1"": ""PŁOCK"", ""city"": ""PŁOCK"", ""region"": ""MAZOWIECKIE"", ""country"": ""PL""}",,,LEASE,2060 PLN,per month,Hybrid,Automatic,FWD
VR7BAHPY8TE033171,C4 Max · od 1506 PLN/mies.,Citroën C4 Max · Rata od 1506 PLN netto/mies. · Leasing B2B · Motycz K. Lublina · Sprawdź ofertę!,https://sklep.citroen.pl/produkt/c4/vr7bahpy8te033171/,https://raw.githubusercontent.com/Andy11001/-alfa-inventory/master/data/images/VR7BAHPY8TE033171_clean.webp,Citroën,C4,2025,0,KM,Hatchback,Rouge Elixir,New,117975 PLN,PLN,"{""addr1"": ""MOTYCZ K. LUBLINA"", ""city"": ""MOTYCZ K. LUBLINA"", ""region"": ""MAZOWIECKIE"", ""country"": ""PL""}",,,LEASE,1506 PLN,per month,Hybrid,Automatic,FWD
VR7BAHPY2TE033344,C4 Max · od 1497 PLN/mies.,Citroën C4 Max · Rata od 1497 PLN netto/mies. · Leasing B2B · Gliwice · Sprawdź ofertę!,https://sklep.citroen.pl/produkt/c4/vr7bahpy2te033344/,https://raw.githubusercontent.com/Andy11001/-alfa-inventory/master/data/images/VR7BAHPY2TE033344_clean.webp,Citroën,C4,2025,0,KM,Hatchback,Gris Mercury,New,117315 PLN,PLN,"{""addr1"": ""GLIWICE"", ""city"": ""GLIWICE"", ""region"": ""ŚLĄSKIE"", ""country"": ""PL""}",,,LEASE,1497 PLN,per month,Hybrid,Automatic,FWD
VR7BAHPY4TE033295,C4 Max · od 1497 PLN/mies.,Citroën C4 Max · Rata od 1497 PLN netto/mies. · Leasing B2B · Warszawa · Sprawdź ofertę!,https://sklep.citroen.pl/produkt/c4/vr7bahpy4te033295/,https://raw.githubusercontent.com/Andy11001/-alfa-inventory/master/data/images/VR7BAHPY4TE033295_clean.webp,Citroën,C4,2025,0,KM,Hatchback,Blanc Okenite,New,117315 PLN,PLN,"{""addr1"": ""AL. KRAKOWSKA 206"", ""city"": ""WARSZAWA"", ""region"": ""MAZOWIECKIE"", ""country"": ""PL""}",52.2084,20.9412,LEASE,1497 PLN,per month,Hybrid,Automatic,FWD
VR7BAHPY9TE033227,C4 Max · od 1456 PLN/mies.,Citroën C4 Max · Rata od 1456 PLN netto/mies. · Leasing B2B · Warszawa · Sprawdź ofertę!,https://sklep.citroen.pl/produkt/c4/vr7bahpy9te033227/,https://raw.githubusercontent.com/Andy11001/-alfa-inventory/master/data/images/VR7BAHPY9TE033227_clean.webp,Citroën,C4,2025,0,KM,Hatchback,Rouge Elixir,New,114098 PLN,PLN,"{""addr1"": ""AL. KRAKOWSKA 206"", ""city"": ""WARSZAWA"", ""region"": ""MAZOWIECKIE"", ""country"": ""PL""}",52.2084,20.9412,LEASE,1456 PLN,per month,Hybrid,Automatic,FWD
VR7BAHPY2TE033229,C4 Max · od 1456 PLN/mies.,Citroën C4 Max · Rata od 1456 PLN netto/mies. · Leasing B2B · Sosnowiec · Sprawdź ofertę!,https://sklep.citroen.pl/produkt/c4/vr7bahpy2te033229/,https://raw.githubusercontent.com/Andy11001/-alfa-inventory/master/data/images/VR7BAHPY2TE033229_clean.webp,Citroën,C4,2025,0,KM,Hatchback,Rouge Elixir,New,114098 PLN,PLN,"{""addr1"": ""SOSNOWIEC"", ""city"": ""SOSNOWIEC"", ""region"": ""ŚLĄSKIE"", ""country"": ""PL""}",,,LEASE,1456 PLN,per month,Hybrid,Automatic,FWD
VR7BAHPY5TE033368,C4 Max · od 1453 PLN/mies.,Citroën C4 Max · Rata od 1453 PLN netto/mies. · Leasing B2B · Konin · Sprawdź ofertę!,https://sklep.citroen.pl/produkt/c4/vr7bahpy5te033368/,https://raw.githubusercontent.com/Andy11001/-alfa-inventory/master/data/images/VR7BAHPY5TE033368_clean.webp,Citroën,C4,2025,0,KM,Hatchback,Gris Mercury,New,113809 PLN,PLN,"{""addr1"": ""KONIN"", ""city"": ""KONIN"", ""region"": ""MAZOWIECKIE"", ""country"": ""PL""}",,,LEASE,1453 PLN,per month,Hybrid,Automatic,FWD
VR7BAHPY3TE033224,C4 Max · od 1448 PLN/mies.,Citroën C4 Max · Rata od 1448 PLN netto/mies. · Leasing B2B · Sosnowiec · Sprawdź ofertę!,https://sklep.citroen.pl/produkt/c4/vr7bahpy3te033224/,https://raw.githubusercontent.com/Andy11001/-alfa-inventory/master/data/images/VR7BAHPY3TE033224_clean.webp,Citroën,C4,2025,0,KM,Hatchback,Gris Mercury,New,113438 PLN,PLN,"{""addr1"": ""SOSNOWIEC"", ""city"": ""SOSNOWIEC"", ""region"": ""ŚLĄSKIE"", ""country"": ""PL""}",,,LEASE,1448 PLN,per month,Hybrid,Automatic,FWD
VR7BAHPY8TE033283,C4 Max · od 1401 PLN/mies.,Citroën C4 Max · Rata od 1401 PLN netto/mies. · Leasing B2B · Gdańsk · Sprawdź ofertę!,https://sklep.citroen.pl/produkt/c4/vr7bahpy8te033283/,https://raw.githubusercontent.com/Andy11001/-alfa-inventory/master/data/images/VR7BAHPY8TE033283_clean.webp,Citroën,C4,2025,0,KM,Hatchback,Perla Nera,New,109725 PLN,PLN,"{""addr1"": ""AL. GRUNWALDZKA 256"", ""city"": ""GDAŃSK"", ""region"": ""POMORSKIE"", ""country"": ""PL""}",54.4022,18.5714,LEASE,1401 PLN,per month,Hybrid,Automatic,FWD
VR7BDHPY4TE033384,C4 X Max · od 1401 PLN/mies.,Citroën C4 X Max · Rata od 1401 PLN netto/mies. · Leasing B2B · Gdańsk · Sprawdź ofertę!,https://sklep.citroen.pl/produkt/c4-x/vr7bdhpy4te033384/,https://raw.githubusercontent.com/Andy11001/-alfa-inventory/master/data/images/VR7BDHPY4TE033384_clean.webp,Citroën,C4 X,2025,0,KM,SUV,Perla Nera,New,109725 PLN,PLN,"{""addr1"": ""AL. GRUNWALDZKA 256"", ""city"": ""GDAŃSK"", ""region"": ""POMORSKIE"", ""country"": ""PL""}",54.4022,18.5714,LEASE,1401 PLN,per month,Hybrid,Automatic,FWD
VR7BAHPYXTE033284,C4 Max · od 1401 PLN/mies.,Citroën C4 Max · Rata od 1401 PLN netto/mies. · Leasing B2B · Gdańsk · Sprawdź ofertę!,https://sklep.citroen.pl/produkt/c4/vr7bahpyxte033284/,https://raw.githubusercontent.com/Andy11001/-alfa-inventory/master/data/images/VR7BAHPYXTE033284_clean.webp,Citroën,C4,2025,0,KM,Hatchback,Perla Nera,New,109725 PLN,PLN,"{""addr1"": ""AL. GRUNWALDZKA 256"", ""city"": ""GDAŃSK"", ""region"": ""POMORSKIE"", ""country"": ""PL""}",54.4022,18.5714,LEASE,1401 PLN,per month,Hybrid,Automatic,FWD
VR7BAHPY8TE033249,C4 Collection · od 1362 PLN/mies.,Citroën C4 Collection · Rata od 1362 PLN netto/mies. · Leasing B2B · Opole · Sprawdź ofertę!,https://sklep.citroen.pl/produkt/c4/vr7bahpy8te033249/,https://raw.githubusercontent.com/Andy11001/-alfa-inventory/master/data/images/VR7BAHPY8TE033249_clean.webp,Citroën,C4,2025,0,KM,Hatchback,Gris Mercury,New,106639 PLN,PLN,"{""addr1"": ""OPOLE"", ""city"": ""OPOLE"", ""region"": ""OPOLSKIE"", ""country"": ""PL""}",,,LEASE,1362 PLN,per month,Hybrid,Automatic,FWD
VR7BAHPY0TE024321,C4 Collection · od 1343 PLN/mies.,Citroën C4 Collection · Rata od 1343 PLN netto/mies. · Leasing B2B · Elbląg · Sprawdź ofertę!,https://sklep.citroen.pl/produkt/c4/vr7bahpy0te024321/,https://raw.githubusercontent.com/Andy11001/-alfa-inventory/master/data/images/VR7BAHPY0TE024321_clean.webp,Citroën,C4,2025,0,KM,Hatchback,Bleu Eclipse,New,105118 PLN,PLN,"{""addr1"": ""ELBLĄG"", ""city"": ""ELBLĄG"", ""region"": ""MAZOWIECKIE"", ""country"": ""PL""}",,,LEASE,1343 PLN,per month,Hybrid,Automatic,FWD
VR7BAHPY9TE033101,C4 Max · od 1497 PLN/mies.,Citroën C4 Max · Rata od 1497 PLN netto/mies. · Leasing B2B · Warszawa · Sprawdź ofertę!,https://sklep.citroen.pl/produkt/c4/vr7bahpy9te033101/,https://raw.githubusercontent.com/Andy11001/-alfa-inventory/master/data/images/VR7BAHPY9TE033101_clean.webp,Citroën,C4,2025,0,KM,Hatchback,Blanc Okenite,New,117315 PLN,PLN,"{""addr1"": ""AL. KRAKOWSKA 206"", ""city"": ""WARSZAWA"", ""region"": ""MAZOWIECKIE"", ""country"": ""PL""}",52.2084,20.9412,LEASE,1497 PLN,per month,Hybrid,Automatic,FWD
VR7BAHPY8TE033140,C4 Max · od 1491 PLN/mies.,Citroën C4 Max · Rata od 1491 PLN netto/mies. · Leasing B2B · Warszawa · Sprawdź ofertę!,https://sklep.citroen.pl/produkt/c4/vr7bahpy8te033140/,https://raw.githubusercontent.com/Andy11001/-alfa-inventory/master/data/images/VR7BAHPY8TE033140_clean.webp,Citroën,C4,2025,0,KM,Hatchback,Perla Nera,New,116820 PLN,PLN,"{""addr1"": ""AL. KRAKOWSKA 206"", ""city"": ""WARSZAWA"", ""region"": ""MAZOWIECKIE"", ""country"": ""PL""}",52.2084,20.9412,LEASE,1491 PLN,per month,Hybrid,Automatic,FWD
VR7BAHPY0TE033276,C4 Max · od 1461 PLN/mies.,Citroën C4 Max · Rata od 1461 PLN netto/mies. · Leasing B2B · Konin · Sprawdź ofertę!,https://sklep.citroen.pl/produkt/c4/vr7bahpy0te033276/,https://raw.githubusercontent.com/Andy11001/-alfa-inventory/master/data/images/VR7BAHPY0TE033276_clean.webp,Citroën,C4,2025,0,KM,Hatchback,Rouge Elixir,New,114469 PLN,PLN,"{""addr1"": ""KONIN"", ""city"": ""KONIN"", ""region"": ""MAZOWIECKIE"", ""country"": ""PL""}",,,LEASE,1461 PLN,per month,Hybrid,Automatic,FWD
VR7BAHPY1TE033075,C4 Max · od 1456 PLN/mies.,Citroën C4 Max · Rata od 1456 PLN netto/mies. · Leasing B2B · Płock · Sprawdź ofertę!,https://sklep.citroen.pl/produkt/c4/vr7bahpy1te033075/,https://raw.githubusercontent.com/Andy11001/-alfa-inventory/master/data/images/VR7BAHPY1TE033075_clean.webp,Citroën,C4,2025,0,KM,Hatchback,Blanc Okenite,New,114056 PLN,PLN,"{""addr1"": ""PŁOCK"", ""city"": ""PŁOCK"", ""region"": ""MAZOWIECKIE"", ""country"": ""PL""}",,,LEASE,1456 PLN,per month,Hybrid,Automatic,FWD
VR7BAHPY5TE033130,C4 Max · od 1453 PLN/mies.,Citroën C4 Max · Rata od 1453 PLN netto/mies. · Leasing B2B · Sosnowiec · Sprawdź ofertę!,https://sklep.citroen.pl/produkt/c4/vr7bahpy5te033130/,https://raw.githubusercontent.com/Andy11001/-alfa-inventory/master/data/images/VR7BAHPY5TE033130_clean.jpg,Citroën,C4,2025,0,KM,Hatchback,Blanc Okenite,New,113809 PLN,PLN,"{""addr1"": ""SOSNOWIEC"", ""city"": ""SOSNOWIEC"", ""region"": ""ŚLĄSKIE"", ""country"": ""PL""}",,,LEASE,1453 PLN,per month,Hybrid,Automatic,FWD
VR7BAHPY6TE033119,C4 Max · od 1448 PLN/mies.,Citroën C4 Max · Rata od 1448 PLN netto/mies. · Leasing B2B · Olsztyn · Sprawdź ofertę!,https://sklep.citroen.pl/produkt/c4/vr7bahpy6te033119/,https://raw.githubusercontent.com/Andy11001/-alfa-inventory/master/data/images/VR7BAHPY6TE033119_clean.webp,Citroën,C4,2025,0,KM,Hatchback,Rouge Elixir,New,113396 PLN,PLN,"{""addr1"": ""OLSZTYN"", ""city"": ""OLSZTYN"", ""region"": ""MAZOWIECKIE"", ""country"": ""PL""}",,,LEASE,1448 PLN,per month,Hybrid,Automatic,FWD
VR7BDHPY3TE032758,C4 X Max · od 1439 PLN/mies.,Citroën C4 X Max · Rata od 1439 PLN netto/mies. · Leasing B2B · Olsztyn · Sprawdź ofertę!,https://sklep.citroen.pl/produkt/c4-x/vr7bdhpy3te032758/,https://raw.githubusercontent.com/Andy11001/-alfa-inventory/master/data/images/VR7BDHPY3TE032758_clean.webp,Citroën,C4 X,2025,0,KM,SUV,Mercury Grey,New,112736 PLN,PLN,"{""addr1"": ""OLSZTYN"", ""city"": ""OLSZTYN"", ""region"": ""MAZOWIECKIE"", ""country"": ""PL""}",,,LEASE,1439 PLN,per month,Hybrid,Automatic,FWD
VR7BAHPY8TE033008,C4 Max · od 1431 PLN/mies.,Citroën C4 Max · Rata od 1431 PLN netto/mies. · Leasing B2B · Gdańsk · Sprawdź ofertę!,https://sklep.citroen.pl/produkt/c4/vr7bahpy8te033008/,https://raw.githubusercontent.com/Andy11001/-alfa-inventory/master/data/images/VR7BAHPY8TE033008_clean.webp,Citroën,C4,2025,0,KM,Hatchback,Gris Mercury,New,112118 PLN,PLN,"{""addr1"": ""AL. GRUNWALDZKA 256"", ""city"": ""GDAŃSK"", ""region"": ""POMORSKIE"", ""country"": ""PL""}",54.4022,18.5714,LEASE,1431 PLN,per month,Hybrid,Automatic,FWD
VR7BDHPY8TE016054,C4 X Max · od 1414 PLN/mies.,Citroën C4 X Max · Rata od 1414 PLN netto/mies. · Leasing B2B · Kielce · Sprawdź ofertę!,https://sklep.citroen.pl/produkt/c4-x/vr7bdhpy8te016054/,https://raw.githubusercontent.com/Andy11001/-alfa-inventory/master/data/images/VR7BDHPY8TE016054_clean.webp,Citroën,C4 X,2025,0,KM,SUV,Mercury Grey,New,110715 PLN,PLN,"{""addr1"": ""KIELCE"", ""city"": ""KIELCE"", ""region"": ""ŚWIĘTOKRZYSKIE"", ""country"": ""PL""}",,,LEASE,1414 PLN,per month,Hybrid,Automatic,FWD
VR7BDHPYXTE016055,C4 X Max · od 1414 PLN/mies.,Citroën C4 X Max · Rata od 1414 PLN netto/mies. · Leasing B2B · Kielce · Sprawdź ofertę!,https://sklep.citroen.pl/produkt/c4-x/vr7bdhpyxte016055/,https://raw.githubusercontent.com/Andy11001/-alfa-inventory/master/data/images/VR7BDHPYXTE016055_clean.webp,Citroën,C4 X,2025,0,KM,SUV,Mercury Grey,New,110715 PLN,PLN,"{""addr1"": ""KIELCE"", ""city"": ""KIELCE"", ""region"": ""ŚWIĘTOKRZYSKIE"", ""country"": ""PL""}",,,LEASE,1414 PLN,per month,Hybrid,Automatic,FWD
VR7BAHPY0TE033102,C4 Max · od 1401 PLN/mies.,Citroën C4 Max · Rata od 1401 PLN netto/mies. · Leasing B2B · Gdańsk · Sprawdź ofertę!,https://sklep.citroen.pl/produkt/c4/vr7bahpy0te033102/,https://raw.githubusercontent.com/Andy11001/-alfa-inventory/master/data/images/VR7BAHPY0TE033102_clean.jpg,Citroën,C4,2025,0,KM,Hatchback,Perla Nera,New,109725 PLN,PLN,"{""addr1"": ""AL. GRUNWALDZKA 256"", ""city"": ""GDAŃSK"", ""region"": ""POMORSKIE"", ""country"": ""PL""}",54.4022,18.5714,LEASE,1401 PLN,per month,Hybrid,Automatic,FWD
VR7BAHPY9TE032952,C4 Max · od 1537 PLN/mies.,Citroën C4 Max · Rata od 1537 PLN netto/mies. · Leasing B2B · Warszawa · Sprawdź ofertę!,https://sklep.citroen.pl/produkt/c4/vr7bahpy9te032952/,https://raw.githubusercontent.com/Andy11001/-alfa-inventory/master/data/images/VR7BAHPY9TE032952_clean.webp,Citroën,C4,2025,0,KM,Hatchback,Manhattan Green,New,120450 PLN,PLN,"{""addr1"": ""AL. KRAKOWSKA 206"", ""city"": ""WARSZAWA"", ""region"": ""MAZOWIECKIE"", ""country"": ""PL""}",52.2084,20.9412,LEASE,1537 PLN,per month,Hybrid,Automatic,FWD
VR7BAHPY0TE032810,C4 Max · od 1497 PLN/mies.,Citroën C4 Max · Rata od 1497 PLN netto/mies. · Leasing B2B · Olsztyn · Sprawdź ofertę!,https://sklep.citroen.pl/produkt/c4/vr7bahpy0te032810/,https://raw.githubusercontent.com/Andy11001/-alfa-inventory/master/data/images/VR7BAHPY0TE032810_clean.webp,Citroën,C4,2025,0,KM,Hatchback,Blanc Okenite,New,117315 PLN,PLN,"{""addr1"": ""OLSZTYN"", ""city"": ""OLSZTYN"", ""region"": ""MAZOWIECKIE"", ""country"": ""PL""}",,,LEASE,1497 PLN,per month,Hybrid,Automatic,FWD
VR7BAHPYXTE032832,C4 Max · od 1492 PLN/mies.,Citroën C4 Max · Rata od 1492 PLN netto/mies. · Leasing B2B · Wrocław · Sprawdź ofertę!,https://sklep.citroen.pl/produkt/c4/vr7bahpyxte032832/,https://raw.githubusercontent.com/Andy11001/-alfa-inventory/master/data/images/VR7BAHPYXTE032832_clean.webp,Citroën,C4,2025,0,KM,Hatchback,Rouge Elixir,New,116902 PLN,PLN,"{""addr1"": ""UL. SZCZECIŃSKA 7"", ""city"": ""WROCŁAW"", ""region"": ""DOLNOŚLĄSKIE"", ""country"": ""PL""}",51.1274,16.9535,LEASE,1492 PLN,per month,Hybrid,Automatic,FWD
VR7BAHPY8TE032862,C4 Max · od 1491 PLN/mies.,Citroën C4 Max · Rata od 1491 PLN netto/mies. · Leasing B2B · Warszawa · Sprawdź ofertę!,https://sklep.citroen.pl/produkt/c4/vr7bahpy8te032862/,https://raw.githubusercontent.com/Andy11001/-alfa-inventory/master/data/images/VR7BAHPY8TE032862_clean.webp,Citroën,C4,2025,0,KM,Hatchback,Perla Nera,New,116820 PLN,PLN,"{""addr1"": ""AL. KRAKOWSKA 206"", ""city"": ""WARSZAWA"", ""region"": ""MAZOWIECKIE"", ""country"": ""PL""}",52.2084,20.9412,LEASE,1491 PLN,per month,Hybrid,Automatic,FWD
VR7BDHPY0TE032765,C4 X Max · od 1431 PLN/mies.,Citroën C4 X Max · Rata od 1431 PLN netto/mies. · Leasing B2B · Gdańsk · Sprawdź ofertę!,https://sklep.citroen.pl/produkt/c4-x/vr7bdhpy0te032765/,https://raw.githubusercontent.com/Andy11001/-alfa-inventory/master/data/images/VR7BDHPY0TE032765_clean.webp,Citroën,C4 X,2025,0,KM,SUV,Mercury Grey,New,112118 PLN,PLN,"{""addr1"": ""AL. GRUNWALDZKA 256"", ""city"": ""GDAŃSK"", ""region"": ""POMORSKIE"", ""country"": ""PL""}",54.4022,18.5714,LEASE,1431 PLN,per month,Hybrid,Automatic,FWD
VR7BAHPY4TE024497,C4 Max · od 1414 PLN/mies.,Citroën C4 Max · Rata od 1414 PLN netto/mies. · Leasing B2B · Warszawa · Sprawdź ofertę!,https://sklep.citroen.pl/produkt/c4/vr7bahpy4te024497/,https://raw.githubusercontent.com/Andy11001/-alfa-inventory/master/data/images/VR7BAHPY4TE024497_clean.webp,Citroën,C4,2025,0,KM,Hatchback,Bleu Eclipse,New,110715 PLN,PLN,"{""addr1"": ""AL. KRAKOWSKA 206"", ""city"": ""WARSZAWA"", ""region"": ""MAZOWIECKIE"", ""country"": ""PL""}",52.2084,20.9412,LEASE,1414 PLN,per month,Hybrid,Automatic,FWD
VR7BDHPY0TE026626,C4 X Max · od 1414 PLN/mies.,Citroën C4 X Max · Rata od 1414 PLN netto/mies. · Leasing B2B · Warszawa · Sprawdź ofertę!,https://sklep.citroen.pl/produkt/c4-x/vr7bdhpy0te026626/,https://raw.githubusercontent.com/Andy11001/-alfa-inventory/master/data/images/VR7BDHPY0TE026626_clean.webp,Citroën,C4 X,2025,0,KM,SUV,Blue Eclipse,New,110715 PLN,PLN,"{""addr1"": ""AL. KRAKOWSKA 206"", ""city"": ""WARSZAWA"", ""region"": ""MAZOWIECKIE"", ""country"": ""PL""}",52.2084,20.9412,LEASE,1414 PLN,per month,Hybrid,Automatic,FWD
VR7BDHPY8TE032769,C4 X Max · od 1401 PLN/mies.,Citroën C4 X Max · Rata od 1401 PLN netto/mies. · Leasing B2B · Gdańsk · Sprawdź ofertę!,https://sklep.citroen.pl/produkt/c4-x/vr7bdhpy8te032769/,https://raw.githubusercontent.com/Andy11001/-alfa-inventory/master/data/images/VR7BDHPY8TE032769_clean.webp,Citroën,C4 X,2025,0,KM,SUV,Perla Nera,New,109725 PLN,PLN,"{""addr1"": ""AL. GRUNWALDZKA 256"", ""city"": ""GDAŃSK"", ""region"": ""POMORSKIE"", ""country"": ""PL""}",54.4022,18.5714,LEASE,1401 PLN,per month,Hybrid,Automatic,FWD
VR7BAHPY6TE023870,C4 Collection · od 1343 PLN/mies.,Citroën C4 Collection · Rata od 1343 PLN netto/mies. · Leasing B2B · Gorzów Wielkopolski · Sprawdź ofertę!,https://sklep.citroen.pl/produkt/c4/vr7bahpy6te023870/,https://raw.githubusercontent.com/Andy11001/-alfa-inventory/master/data/images/VR7BAHPY6TE023870_clean.webp,Citroën,C4,2025,0,KM,Hatchback,Bleu Eclipse,New,105118 PLN,PLN,"{""addr1"": ""GORZÓW WIELKOPOLSKI"", ""city"": ""GORZÓW WIELKOPOLSKI"", ""region"": ""MAZOWIECKIE"", ""country"": ""PL""}",,,LEASE,1343 PLN,per month,Hybrid,Automatic,FWD
VR7CCHPV3TT186055,C3 Plus · od 1081 PLN/mies.,Citroën C3 Plus · Rata od 1081 PLN netto/mies. · Leasing B2B · Częstochowa · Sprawdź ofertę!,https://sklep.citroen.pl/produkt/c3/vr7cchpv3tt186055/,https://raw.githubusercontent.com/Andy11001/-alfa-inventory/master/data/images/VR7CCHPV3TT186055_clean.webp,Citroën,C3,2025,0,KM,Hatchback,Mercury Grey,New,84502 PLN,PLN,"{""addr1"": ""CZĘSTOCHOWA"", ""city"": ""CZĘSTOCHOWA"", ""region"": ""MAZOWIECKIE"", ""country"": ""PL""}",,,LEASE,1081 PLN,per month,Gasoline,Manual,FWD
VR7KBDGK4TL037263,Nowy C5 Aircross Max · od 2448 PLN/mies.,Citroën Nowy C5 Aircross Max · Rata od 2448 PLN netto/mies. · Leasing B2B · Poznań · Sprawdź ofertę!,https://sklep.citroen.pl/produkt/nowy-c5-aircross/vr7kbdgk4tl037263/,https://raw.githubusercontent.com/Andy11001/-alfa-inventory/master/data/images/VR7KBDGK4TL037263_clean.webp,Citroën,Nowy C5 Aircross,2025,0,KM,SUV,Okenite White,New,192315 PLN,PLN,"{""addr1"": ""UL. KRZYWOUSTEGO 71"", ""city"": ""POZNAŃ"", ""region"": ""WIELKOPOLSKIE"", ""country"": ""PL""}",52.3787,17.0270,LEASE,2448 PLN,per month,Hybrid,Automatic,FWD
VR7KBDGK7TL039203,Nowy C5 Aircross Max · od 2402 PLN/mies.,Citroën Nowy C5 Aircross Max · Rata od 2402 PLN netto/mies. · Leasing B2B · Kalisz · Sprawdź ofertę!,https://sklep.citroen.pl/produkt/nowy-c5-aircross/vr7kbdgk7tl039203/,https://raw.githubusercontent.com/Andy11001/-alfa-inventory/master/data/images/VR7KBDGK7TL039203_clean.webp,Citroën,Nowy C5 Aircross,2025,0,KM,SUV,Okenite White,New,188672 PLN,PLN,"{""addr1"": ""KALISZ"", ""city"": ""KALISZ"", ""region"": ""MAZOWIECKIE"", ""country"": ""PL""}",,,LEASE,2402 PLN,per month,Hybrid,Automatic,FWD
VR7KBDGK7TL037872,Nowy C5 Aircross Max · od 2384 PLN/mies.,Citroën Nowy C5 Aircross Max · Rata od 2384 PLN netto/mies. · Leasing B2B · Olsztyn · Sprawdź ofertę!,https://sklep.citroen.pl/produkt/nowy-c5-aircross/vr7kbdgk7tl037872/,https://raw.githubusercontent.com/Andy11001/-alfa-inventory/master/data/images/VR7KBDGK7TL037872_clean.webp,Citroën,Nowy C5 Aircross,2025,0,KM,SUV,Platinium Grey,New,187255 PLN,PLN,"{""addr1"": ""OLSZTYN"", ""city"": ""OLSZTYN"", ""region"": ""MAZOWIECKIE"", ""country"": ""PL""}",,,LEASE,2384 PLN,per month,Hybrid,Automatic,FWD
VR7KBDGK5TL040432,Nowy C5 Aircross Max · od 2381 PLN/mies.,Citroën Nowy C5 Aircross Max · Rata od 2381 PLN netto/mies. · Leasing B2B · Łódź · Sprawdź ofertę!,https://sklep.citroen.pl/produkt/nowy-c5-aircross/vr7kbdgk5tl040432/,https://raw.githubusercontent.com/Andy11001/-alfa-inventory/master/data/images/VR7KBDGK5TL040432_clean.webp,Citroën,Nowy C5 Aircross,2025,0,KM,SUV,Ruby Red,New,187044 PLN,PLN,"{""addr1"": ""UL. OBYWATELSKA 181"", ""city"": ""ŁÓDŹ"", ""region"": ""ŁÓDZKIE"", ""country"": ""PL""}",51.7371,19.4316,LEASE,2381 PLN,per month,Hybrid,Automatic,FWD
VR7KAHPY7TL038034,Nowy C5 Aircross Max · od 2060 PLN/mies.,Citroën Nowy C5 Aircross Max · Rata od 2060 PLN netto/mies. · Leasing B2B · Łódź · Sprawdź ofertę!,https://sklep.citroen.pl/produkt/nowy-c5-aircross/vr7kahpy7tl038034/,https://raw.githubusercontent.com/Andy11001/-alfa-inventory/master/data/images/VR7KAHPY7TL038034_clean.webp,Citroën,Nowy C5 Aircross,2025,0,KM,SUV,Okenite White,New,161724 PLN,PLN,"{""addr1"": ""UL. OBYWATELSKA 181"", ""city"": ""ŁÓDŹ"", ""region"": ""ŁÓDZKIE"", ""country"": ""PL""}",51.7371,19.4316,LEASE,2060 PLN,per month,Hybrid,Automatic,FWD
VR7KAHPY7TL037904,Nowy C5 Aircross Max · od 2060 PLN/mies.,Citroën Nowy C5 Aircross Max · Rata od 2060 PLN netto/mies. · Leasing B2B · Łódź · Sprawdź ofertę!,https://sklep.citroen.pl/produkt/nowy-c5-aircross/vr7kahpy7tl037904/,https://raw.githubusercontent.com/Andy11001/-alfa-inventory/master/data/images/VR7KAHPY7TL037904_clean.webp,Citroën,Nowy C5 Aircross,2025,0,KM,SUV,Astoria Green,New,161724 PLN,PLN,"{""addr1"": ""UL. OBYWATELSKA 181"", ""city"": ""ŁÓDŹ"", ""region"": ""ŁÓDZKIE"", ""country"": ""PL""}",51.7371,19.4316,LEASE,2060 PLN,per month,Hybrid,Automatic,FWD
VR7KAHPY7TL034596,Nowy C5 Aircross Max · od 1918 PLN/mies.,Citroën Nowy C5 Aircross Max · Rata od 1918 PLN netto/mies. · Leasing B2B · Zielona Góra · Sprawdź ofertę!,https://sklep.citroen.pl/produkt/nowy-c5-aircross/vr7kahpy7tl034596/,https://raw.githubusercontent.com/Andy11001/-alfa-inventory/master/data/images/VR7KAHPY7TL034596_clean.webp,Citroën,Nowy C5 Aircross,2025,0,KM,SUV,Perla Nera Black,New,150500 PLN,PLN,"{""addr1"": ""ZIELONA GÓRA"", ""city"": ""ZIELONA GÓRA"", ""region"": ""MAZOWIECKIE"", ""country"": ""PL""}",,,LEASE,1918 PLN,per month,Hybrid,Automatic,FWD
VR7KAHPYXTL034835,Nowy C5 Aircross Max · od 1868 PLN/mies.,Citroën Nowy C5 Aircross Max · Rata od 1868 PLN netto/mies. · Leasing B2B · Bielsko-Biała · Sprawdź ofertę!,https://sklep.citroen.pl/produkt/nowy-c5-aircross/vr7kahpyxtl034835/,https://raw.githubusercontent.com/Andy11001/-alfa-inventory/master/data/images/VR7KAHPYXTL034835_clean.webp,Citroën,Nowy C5 Aircross,2025,0,KM,SUV,Astoria Green,New,146543 PLN,PLN,"{""addr1"": ""BIELSKO-BIAŁA"", ""city"": ""BIELSKO-BIAŁA"", ""region"": ""ŚLĄSKIE"", ""country"": ""PL""}",,,LEASE,1868 PLN,per month,Hybrid,Automatic,FWD
VR7KAHPY9TL041632,Nowy C5 Aircross Plus · od 1754 PLN/mies.,Citroën Nowy C5 Aircross Plus · Rata od 1754 PLN netto/mies. · Leasing B2B · Łódź · Sprawdź ofertę!,https://sklep.citroen.pl/produkt/nowy-c5-aircross/vr7kahpy9tl041632/,https://raw.githubusercontent.com/Andy11001/-alfa-inventory/master/data/images/VR7KAHPY9TL041632_clean.webp,Citroën,Nowy C5 Aircross,2025,0,KM,SUV,Ruby Red,New,137601 PLN,PLN,"{""addr1"": ""UL. OBYWATELSKA 181"", ""city"": ""ŁÓDŹ"", ""region"": ""ŁÓDZKIE"", ""country"": ""PL""}",51.7371,19.4316,LEASE,1754 PLN,per month,Hybrid,Automatic,FWD
VR7BAHPY4TE028954,C4 Max · od 1473 PLN/mies.,Citroën C4 Max · Rata od 1473 PLN netto/mies. · Leasing B2B · Kraków · Sprawdź ofertę!,https://sklep.citroen.pl/produkt/c4/vr7bahpy4te028954/,https://raw.githubusercontent.com/Andy11001/-alfa-inventory/master/data/images/VR7BAHPY4TE028954_clean.webp,Citroën,C4,2025,0,KM,Hatchback,Rouge Elixir,New,115418 PLN,PLN,"{""addr1"": ""UL. OPOLSKA 9"", ""city"": ""KRAKÓW"", ""region"": ""MAŁOPOLSKIE"", ""country"": ""PL""}",50.0931,19.9238,LEASE,1473 PLN,per month,Hybrid,Automatic,FWD
VR7BAHPYXTE032653,C4 Business · od 1630 PLN/mies.,Citroën C4 Business · Rata od 1630 PLN netto/mies. · Leasing B2B · Częstochowa · Sprawdź ofertę!,https://sklep.citroen.pl/produkt/c4/vr7bahpyxte032653/,https://raw.githubusercontent.com/Andy11001/-alfa-inventory/master/data/images/VR7BAHPYXTE032653_clean.webp,Citroën,C4,2025,0,KM,Hatchback,Gris Mercury,New,127750 PLN,PLN,"{""addr1"": ""CZĘSTOCHOWA"", ""city"": ""CZĘSTOCHOWA"", ""region"": ""MAZOWIECKIE"", ""country"": ""PL""}",,,LEASE,1630 PLN,per month,Hybrid,Automatic,FWD
VR7CGHPY4TT192025,C3 Aircross Max · od 1434 PLN/mies.,Citroën C3 Aircross Max · Rata od 1434 PLN netto/mies. · Leasing B2B · Gdańsk · Sprawdź ofertę!,https://sklep.citroen.pl/produkt/c3-aircross/vr7cghpy4tt192025/,https://raw.githubusercontent.com/Andy11001/-alfa-inventory/master/data/images/VR7CGHPY4TT192025_clean.webp,Citroën,C3 Aircross,2025,0,KM,SUV,Noir Perla Nera,New,112288 PLN,PLN,"{""addr1"": ""AL. GRUNWALDZKA 256"", ""city"": ""GDAŃSK"", ""region"": ""POMORSKIE"", ""country"": ""PL""}",54.4022,18.5714,LEASE,1434 PLN,per month,Hybrid,Automatic,FWD
VR7BAHPY2TE024322,C4 Collection · od 1257 PLN/mies.,Citroën C4 Collection · Rata od 1257 PLN netto/mies. · Leasing B2B · Katowice · Sprawdź ofertę!,https://sklep.citroen.pl/produkt/c4/vr7bahpy2te024322/,https://raw.githubusercontent.com/Andy11001/-alfa-inventory/master/data/images/VR7BAHPY2TE024322_clean.webp,Citroën,C4,2025,0,KM,Hatchback,Bleu Eclipse,New,98381 PLN,PLN,"{""addr1"": ""AL. ROŹDZIEŃSKIEGO 170"", ""city"": ""KATOWICE"", ""region"": ""ŚLĄSKIE"", ""country"": ""PL""}",50.2649,19.0238,LEASE,1257 PLN,per month,Hybrid,Automatic,FWD
VR7CGHPY5TT192082,C3 Aircross Max · od 1452 PLN/mies.,Citroën C3 Aircross Max · Rata od 1452 PLN netto/mies. · Leasing B2B · Warszawa · Sprawdź ofertę!,https://sklep.citroen.pl/produkt/c3-aircross/vr7cghpy5tt192082/,https://raw.githubusercontent.com/Andy11001/-alfa-inventory/master/data/images/VR7CGHPY5TT192082_clean.webp,Citroën,C3 Aircross,2025,0,KM,SUV,Polar White,New,113784 PLN,PLN,"{""addr1"": ""AL. KRAKOWSKA 206"", ""city"": ""WARSZAWA"", ""region"": ""MAZOWIECKIE"", ""country"": ""PL""}",52.2084,20.9412,LEASE,1452 PLN,per month,Hybrid,Automatic,FWD
VR7CGHPY9TT192134,C3 Aircross Max · od 1450 PLN/mies.,Citroën C3 Aircross Max · Rata od 1450 PLN netto/mies. · Leasing B2B · Kraków · Sprawdź ofertę!,https://sklep.citroen.pl/produkt/c3-aircross/vr7cghpy9tt192134/,https://raw.githubusercontent.com/Andy11001/-alfa-inventory/master/data/images/VR7CGHPY9TT192134_clean.webp,Citroën,C3 Aircross,2025,0,KM,SUV,Elixir Red,New,113564 PLN,PLN,"{""addr1"": ""UL. OPOLSKA 9"", ""city"": ""KRAKÓW"", ""region"": ""MAŁOPOLSKIE"", ""country"": ""PL""}",50.0931,19.9238,LEASE,1450 PLN,per month,Hybrid,Automatic,FWD
VR7BAHPY4TE023561,C4 Max · od 1414 PLN/mies.,Citroën C4 Max · Rata od 1414 PLN netto/mies. · Leasing B2B · Warszawa · Sprawdź ofertę!,https://sklep.citroen.pl/produkt/c4/vr7bahpy4te023561/,https://raw.githubusercontent.com/Andy11001/-alfa-inventory/master/data/images/VR7BAHPY4TE023561_clean.webp,Citroën,C4,2025,0,KM,Hatchback,Gris Mercury,New,110715 PLN,PLN,"{""addr1"": ""AL. KRAKOWSKA 206"", ""city"": ""WARSZAWA"", ""region"": ""MAZOWIECKIE"", ""country"": ""PL""}",52.2084,20.9412,LEASE,1414 PLN,per month,Hybrid,Automatic,FWD
VR7CCHPV5TT087382,C3 Max · od 1070 PLN/mies.,Citroën C3 Max · Rata od 1070 PLN netto/mies. · Leasing B2B · Warszawa · Sprawdź ofertę!,https://sklep.citroen.pl/produkt/c3/vr7cchpv5tt087382/,https://raw.githubusercontent.com/Andy11001/-alfa-inventory/master/data/images/VR7CCHPV5TT087382_clean.webp,Citroën,C3,2025,0,KM,Hatchback,Polar White,New,83582 PLN,PLN,"{""addr1"": ""AL. KRAKOWSKA 206"", ""city"": ""WARSZAWA"", ""region"": ""MAZOWIECKIE"", ""country"": ""PL""}",52.2084,20.9412,LEASE,1070 PLN,per month,Gasoline,Manual,FWD
VR7KAHPY1TL038031,Nowy C5 Aircross Max · od 2060 PLN/mies.,Citroën Nowy C5 Aircross Max · Rata od 2060 PLN netto/mies. · Leasing B2B · Wrocław · Sprawdź ofertę!,https://sklep.citroen.pl/produkt/nowy-c5-aircross/vr7kahpy1tl038031/,https://raw.githubusercontent.com/Andy11001/-alfa-inventory/master/data/images/VR7KAHPY1TL038031_clean.webp,Citroën,Nowy C5 Aircross,2025,0,KM,SUV,Okenite White,New,161724 PLN,PLN,"{""addr1"": ""UL. SZCZECIŃSKA 7"", ""city"": ""WROCŁAW"", ""region"": ""DOLNOŚLĄSKIE"", ""country"": ""PL""}",51.1274,16.9535,LEASE,2060 PLN,per month,Hybrid,Automatic,FWD
VR7KAHPY0TL037906,Nowy C5 Aircross Max · od 2060 PLN/mies.,Citroën Nowy C5 Aircross Max · Rata od 2060 PLN netto/mies. · Leasing B2B · Łódź · Sprawdź ofertę!,https://sklep.citroen.pl/produkt/nowy-c5-aircross/vr7kahpy0tl037906/,https://raw.githubusercontent.com/Andy11001/-alfa-inventory/master/data/images/VR7KAHPY0TL037906_clean.webp,Citroën,Nowy C5 Aircross,2025,0,KM,SUV,Astoria Green,New,161724 PLN,PLN,"{""addr1"": ""UL. OBYWATELSKA 181"", ""city"": ""ŁÓDŹ"", ""region"": ""ŁÓDZKIE"", ""country"": ""PL""}",51.7371,19.4316,LEASE,2060 PLN,per month,Hybrid,Automatic,FWD
VR7KAHPYXTL037590,Nowy C5 Aircross Max · od 2060 PLN/mies.,Citroën Nowy C5 Aircross Max · Rata od 2060 PLN netto/mies. · Leasing B2B · Płock · Sprawdź ofertę!,https://sklep.citroen.pl/produkt/nowy-c5-aircross/vr7kahpyxtl037590/,https://raw.githubusercontent.com/Andy11001/-alfa-inventory/master/data/images/VR7KAHPYXTL037590_clean.webp,Citroën,Nowy C5 Aircross,2025,0,KM,SUV,Platinium Grey,New,161724 PLN,PLN,"{""addr1"": ""PŁOCK"", ""city"": ""PŁOCK"", ""region"": ""MAZOWIECKIE"", ""country"": ""PL""}",,,LEASE,2060 PLN,per month,Hybrid,Automatic,FWD
VR7KAHPY0TL037856,Nowy C5 Aircross Max · od 2044 PLN/mies.,Citroën Nowy C5 Aircross Max · Rata od 2044 PLN netto/mies. · Leasing B2B · Radom · Sprawdź ofertę!,https://sklep.citroen.pl/produkt/nowy-c5-aircross/vr7kahpy0tl037856/,https://raw.githubusercontent.com/Andy11001/-alfa-inventory/master/data/images/VR7KAHPY0TL037856_clean.webp,Citroën,Nowy C5 Aircross,2025,0,KM,SUV,Platinium Grey,New,160419 PLN,PLN,"{""addr1"": ""RADOM"", ""city"": ""RADOM"", ""region"": ""MAZOWIECKIE"", ""country"": ""PL""}",,,LEASE,2044 PLN,per month,Hybrid,Automatic,FWD
VR7KAHPY3TL037981,Nowy C5 Aircross Max · od 2044 PLN/mies.,Citroën Nowy C5 Aircross Max · Rata od 2044 PLN netto/mies. · Leasing B2B · Łódź · Sprawdź ofertę!,https://sklep.citroen.pl/produkt/nowy-c5-aircross/vr7kahpy3tl037981/,https://raw.githubusercontent.com/Andy11001/-alfa-inventory/master/data/images/VR7KAHPY3TL037981_clean.webp,Citroën,Nowy C5 Aircross,2025,0,KM,SUV,Perla Nera Black,New,160419 PLN,PLN,"{""addr1"": ""UL. OBYWATELSKA 181"", ""city"": ""ŁÓDŹ"", ""region"": ""ŁÓDZKIE"", ""country"": ""PL""}",51.7371,19.4316,LEASE,2044 PLN,per month,Hybrid,Automatic,FWD
VR7KAHPY1TL037980,Nowy C5 Aircross Max · od 2044 PLN/mies.,Citroën Nowy C5 Aircross Max · Rata od 2044 PLN netto/mies. · Leasing B2B · Elbląg · Sprawdź ofertę!,https://sklep.citroen.pl/produkt/nowy-c5-aircross/vr7kahpy1tl037980/,https://raw.githubusercontent.com/Andy11001/-alfa-inventory/master/data/images/VR7KAHPY1TL037980_clean.webp,Citroën,Nowy C5 Aircross,2025,0,KM,SUV,Perla Nera Black,New,160419 PLN,PLN,"{""addr1"": ""ELBLĄG"", ""city"": ""ELBLĄG"", ""region"": ""MAZOWIECKIE"", ""country"": ""PL""}",,,LEASE,2044 PLN,per month,Hybrid,Automatic,FWD
VR7KAHPYXTL038108,Nowy C5 Aircross Max · od 2028 PLN/mies.,Citroën Nowy C5 Aircross Max · Rata od 2028 PLN netto/mies. · Leasing B2B · Łódź · Sprawdź ofertę!,https://sklep.citroen.pl/produkt/nowy-c5-aircross/vr7kahpyxtl038108/,https://raw.githubusercontent.com/Andy11001/-alfa-inventory/master/data/images/VR7KAHPYXTL038108_clean.webp,Citroën,Nowy C5 Aircross,2025,0,KM,SUV,Ruby Red,New,159201 PLN,PLN,"{""addr1"": ""UL. OBYWATELSKA 181"", ""city"": ""ŁÓDŹ"", ""region"": ""ŁÓDZKIE"", ""country"": ""PL""}",51.7371,19.4316,LEASE,2028 PLN,per month,Hybrid,Automatic,FWD
VR7KAHPY6TL038249,Nowy C5 Aircross Max · od 2012 PLN/mies.,Citroën Nowy C5 Aircross Max · Rata od 2012 PLN netto/mies. · Leasing B2B · Radom · Sprawdź ofertę!,https://sklep.citroen.pl/produkt/nowy-c5-aircross/vr7kahpy6tl038249/,https://raw.githubusercontent.com/Andy11001/-alfa-inventory/master/data/images/VR7KAHPY6TL038249_clean.webp,Citroën,Nowy C5 Aircross,2025,0,KM,SUV,Ruby Red,New,157896 PLN,PLN,"{""addr1"": ""RADOM"", ""city"": ""RADOM"", ""region"": ""MAZOWIECKIE"", ""country"": ""PL""}",,,LEASE,2012 PLN,per month,Hybrid,Automatic,FWD
VR7KAHPY0TL038862,Nowy C5 Aircross Max · od 2006 PLN/mies.,Citroën Nowy C5 Aircross Max · Rata od 2006 PLN netto/mies. · Leasing B2B · Łódź · Sprawdź ofertę!,https://sklep.citroen.pl/produkt/nowy-c5-aircross/vr7kahpy0tl038862/,https://raw.githubusercontent.com/Andy11001/-alfa-inventory/master/data/images/VR7KAHPY0TL038862_clean.webp,Citroën,Nowy C5 Aircross,2025,0,KM,SUV,Perla Nera Black,New,157461 PLN,PLN,"{""addr1"": ""UL. OBYWATELSKA 181"", ""city"": ""ŁÓDŹ"", ""region"": ""ŁÓDZKIE"", ""country"": ""PL""}",51.7371,19.4316,LEASE,2006 PLN,per month,Hybrid,Automatic,FWD
VR7KAHPY0TL040725,Nowy C5 Aircross Max · od 2006 PLN/mies.,Citroën Nowy C5 Aircross Max · Rata od 2006 PLN netto/mies. · Leasing B2B · Łódź · Sprawdź ofertę!,https://sklep.citroen.pl/produkt/nowy-c5-aircross/vr7kahpy0tl040725/,https://raw.githubusercontent.com/Andy11001/-alfa-inventory/master/data/images/VR7KAHPY0TL040725_clean.webp,Citroën,Nowy C5 Aircross,2025,0,KM,SUV,Eclipse Blue,New,157461 PLN,PLN,"{""addr1"": ""UL. OBYWATELSKA 181"", ""city"": ""ŁÓDŹ"", ""region"": ""ŁÓDZKIE"", ""country"": ""PL""}",51.7371,19.4316,LEASE,2006 PLN,per month,Hybrid,Automatic,FWD
VR7KAHPY8TL037832,Nowy C5 Aircross Max · od 2002 PLN/mies.,Citroën Nowy C5 Aircross Max · Rata od 2002 PLN netto/mies. · Leasing B2B · Grębów · Sprawdź ofertę!,https://sklep.citroen.pl/produkt/nowy-c5-aircross/vr7kahpy8tl037832/,https://raw.githubusercontent.com/Andy11001/-alfa-inventory/master/data/images/VR7KAHPY8TL037832_clean.webp,Citroën,Nowy C5 Aircross,2025,0,KM,SUV,Okenite White,New,157113 PLN,PLN,"{""addr1"": ""GRĘBÓW"", ""city"": ""GRĘBÓW"", ""region"": ""MAZOWIECKIE"", ""country"": ""PL""}",,,LEASE,2002 PLN,per month,Hybrid,Automatic,FWD
VR7KAHPY2TL035445,Nowy C5 Aircross Max · od 1988 PLN/mies.,Citroën Nowy C5 Aircross Max · Rata od 1988 PLN netto/mies. · Leasing B2B · Łódź · Sprawdź ofertę!,https://sklep.citroen.pl/produkt/nowy-c5-aircross/vr7kahpy2tl035445/,https://raw.githubusercontent.com/Andy11001/-alfa-inventory/master/data/images/VR7KAHPY2TL035445_clean.webp,Citroën,Nowy C5 Aircross,2025,0,KM,SUV,Ruby Red,New,156026 PLN,PLN,"{""addr1"": ""UL. OBYWATELSKA 181"", ""city"": ""ŁÓDŹ"", ""region"": ""ŁÓDZKIE"", ""country"": ""PL""}",51.7371,19.4316,LEASE,1988 PLN,per month,Hybrid,Automatic,FWD
VR7KAHPY6TL035626,Nowy C5 Aircross Max · od 1973 PLN/mies.,Citroën Nowy C5 Aircross Max · Rata od 1973 PLN netto/mies. · Leasing B2B · Warszawa · Sprawdź ofertę!,https://sklep.citroen.pl/produkt/nowy-c5-aircross/vr7kahpy6tl035626/,https://raw.githubusercontent.com/Andy11001/-alfa-inventory/master/data/images/VR7KAHPY6TL035626_clean.webp,Citroën,Nowy C5 Aircross,2025,0,KM,SUV,Perla Nera Black,New,154851 PLN,PLN,"{""addr1"": ""AL. KRAKOWSKA 206"", ""city"": ""WARSZAWA"", ""region"": ""MAZOWIECKIE"", ""country"": ""PL""}",52.2084,20.9412,LEASE,1973 PLN,per month,Hybrid,Automatic,FWD
VR7KAHPY6TL038056,Nowy C5 Aircross Max · od 1972 PLN/mies.,Citroën Nowy C5 Aircross Max · Rata od 1972 PLN netto/mies. · Leasing B2B · Kalisz · Sprawdź ofertę!,https://sklep.citroen.pl/produkt/nowy-c5-aircross/vr7kahpy6tl038056/,https://raw.githubusercontent.com/Andy11001/-alfa-inventory/master/data/images/VR7KAHPY6TL038056_clean.webp,Citroën,Nowy C5 Aircross,2025,0,KM,SUV,Ruby Red,New,154764 PLN,PLN,"{""addr1"": ""KALISZ"", ""city"": ""KALISZ"", ""region"": ""MAZOWIECKIE"", ""country"": ""PL""}",,,LEASE,1972 PLN,per month,Hybrid,Automatic,FWD
VR7KAHPY4TL036354,Nowy C5 Aircross Max · od 1966 PLN/mies.,Citroën Nowy C5 Aircross Max · Rata od 1966 PLN netto/mies. · Leasing B2B · Warszawa · Sprawdź ofertę!,https://sklep.citroen.pl/produkt/nowy-c5-aircross/vr7kahpy4tl036354/,https://raw.githubusercontent.com/Andy11001/-alfa-inventory/master/data/images/VR7KAHPY4TL036354_clean.webp,Citroën,Nowy C5 Aircross,2025,0,KM,SUV,Eclipse Blue,New,154286 PLN,PLN,"{""addr1"": ""AL. KRAKOWSKA 206"", ""city"": ""WARSZAWA"", ""region"": ""MAZOWIECKIE"", ""country"": ""PL""}",52.2084,20.9412,LEASE,1966 PLN,per month,Hybrid,Automatic,FWD
VR7KAHPY8TL038835,Nowy C5 Aircross Max · od 1964 PLN/mies.,Citroën Nowy C5 Aircross Max · Rata od 1964 PLN netto/mies. · Leasing B2B · Gorzów Wielkopolski · Sprawdź ofertę!,https://sklep.citroen.pl/produkt/nowy-c5-aircross/vr7kahpy8tl038835/,https://raw.githubusercontent.com/Andy11001/-alfa-inventory/master/data/images/VR7KAHPY8TL038835_clean.webp,Citroën,Nowy C5 Aircross,2025,0,KM,SUV,Platinium Grey,New,154155 PLN,PLN,"{""addr1"": ""GORZÓW WIELKOPOLSKI"", ""city"": ""GORZÓW WIELKOPOLSKI"", ""region"": ""MAZOWIECKIE"", ""country"": ""PL""}",,,LEASE,1964 PLN,per month,Hybrid,Automatic,FWD
VR7KAHPY3TL038953,Nowy C5 Aircross Max · od 1964 PLN/mies.,Citroën Nowy C5 Aircross Max · Rata od 1964 PLN netto/mies. · Leasing B2B · Gorzów Wielkopolski · Sprawdź ofertę!,https://sklep.citroen.pl/produkt/nowy-c5-aircross/vr7kahpy3tl038953/,https://raw.githubusercontent.com/Andy11001/-alfa-inventory/master/data/images/VR7KAHPY3TL038953_clean.webp,Citroën,Nowy C5 Aircross,2025,0,KM,SUV,Eclipse Blue,New,154155 PLN,PLN,"{""addr1"": ""GORZÓW WIELKOPOLSKI"", ""city"": ""GORZÓW WIELKOPOLSKI"", ""region"": ""MAZOWIECKIE"", ""country"": ""PL""}",,,LEASE,1964 PLN,per month,Hybrid,Automatic,FWD
VR7KAHPY6TL038834,Nowy C5 Aircross Max · od 1964 PLN/mies.,Citroën Nowy C5 Aircross Max · Rata od 1964 PLN netto/mies. · Leasing B2B · Łódź · Sprawdź ofertę!,https://sklep.citroen.pl/produkt/nowy-c5-aircross/vr7kahpy6tl038834/,https://raw.githubusercontent.com/Andy11001/-alfa-inventory/master/data/images/VR7KAHPY6TL038834_clean.webp,Citroën,Nowy C5 Aircross,2025,0,KM,SUV,Platinium Grey,New,154155 PLN,PLN,"{""addr1"": ""UL. OBYWATELSKA 181"", ""city"": ""ŁÓDŹ"", ""region"": ""ŁÓDZKIE"", ""country"": ""PL""}",51.7371,19.4316,LEASE,1964 PLN,per month,Hybrid,Automatic,FWD
VR7KAHPY8TL040956,Nowy C5 Aircross Max · od 1951 PLN/mies.,Citroën Nowy C5 Aircross Max · Rata od 1951 PLN netto/mies. · Leasing B2B · Białystok · Sprawdź ofertę!,https://sklep.citroen.pl/produkt/nowy-c5-aircross/vr7kahpy8tl040956/,https://raw.githubusercontent.com/Andy11001/-alfa-inventory/master/data/images/VR7KAHPY8TL040956_clean.webp,Citroën,Nowy C5 Aircross,2025,0,KM,SUV,Okenite White,New,153068 PLN,PLN,"{""addr1"": ""BIAŁYSTOK"", ""city"": ""BIAŁYSTOK"", ""region"": ""PODLASKIE"", ""country"": ""PL""}",,,LEASE,1951 PLN,per month,Hybrid,Automatic,FWD
VR7KAHPY6TL040955,Nowy C5 Aircross Max · od 1951 PLN/mies.,Citroën Nowy C5 Aircross Max · Rata od 1951 PLN netto/mies. · Leasing B2B · Białystok · Sprawdź ofertę!,https://sklep.citroen.pl/produkt/nowy-c5-aircross/vr7kahpy6tl040955/,https://raw.githubusercontent.com/Andy11001/-alfa-inventory/master/data/images/VR7KAHPY6TL040955_clean.webp,Citroën,Nowy C5 Aircross,2025,0,KM,SUV,Okenite White,New,153068 PLN,PLN,"{""addr1"": ""BIAŁYSTOK"", ""city"": ""BIAŁYSTOK"", ""region"": ""PODLASKIE"", ""country"": ""PL""}",,,LEASE,1951 PLN,per month,Hybrid,Automatic,FWD
VR7KAHPY6TL039143,Nowy C5 Aircross Max · od 1948 PLN/mies.,Citroën Nowy C5 Aircross Max · Rata od 1948 PLN netto/mies. · Leasing B2B · Łódź · Sprawdź ofertę!,https://sklep.citroen.pl/produkt/nowy-c5-aircross/vr7kahpy6tl039143/,https://raw.githubusercontent.com/Andy11001/-alfa-inventory/master/data/images/VR7KAHPY6TL039143_clean.webp,Citroën,Nowy C5 Aircross,2025,0,KM,SUV,Eclipse Blue,New,152850 PLN,PLN,"{""addr1"": ""UL. OBYWATELSKA 181"", ""city"": ""ŁÓDŹ"", ""region"": ""ŁÓDZKIE"", ""country"": ""PL""}",51.7371,19.4316,LEASE,1948 PLN,per month,Hybrid,Automatic,FWD
VR7KAHPY9TL038410,Nowy C5 Aircross Max · od 1946 PLN/mies.,Citroën Nowy C5 Aircross Max · Rata od 1946 PLN netto/mies. · Leasing B2B · Radom · Sprawdź ofertę!,https://sklep.citroen.pl/produkt/nowy-c5-aircross/vr7kahpy9tl038410/,https://raw.githubusercontent.com/Andy11001/-alfa-inventory/master/data/images/VR7KAHPY9TL038410_clean.webp,Citroën,Nowy C5 Aircross,2025,0,KM,SUV,Okenite White,New,152676 PLN,PLN,"{""addr1"": ""RADOM"", ""city"": ""RADOM"", ""region"": ""MAZOWIECKIE"", ""country"": ""PL""}",,,LEASE,1946 PLN,per month,Hybrid,Automatic,FWD
VR7KAHPY7TL036168,Nowy C5 Aircross Max · od 1939 PLN/mies.,Citroën Nowy C5 Aircross Max · Rata od 1939 PLN netto/mies. · Leasing B2B · Radom · Sprawdź ofertę!,https://sklep.citroen.pl/produkt/nowy-c5-aircross/vr7kahpy7tl036168/,https://raw.githubusercontent.com/Andy11001/-alfa-inventory/master/data/images/VR7KAHPY7TL036168_clean.webp,Citroën,Nowy C5 Aircross,2025,0,KM,SUV,Ruby Red,New,152154 PLN,PLN,"{""addr1"": ""RADOM"", ""city"": ""RADOM"", ""region"": ""MAZOWIECKIE"", ""country"": ""PL""}",,,LEASE,1939 PLN,per month,Hybrid,Automatic,FWD
VR7KAHPY8TL039046,Nowy C5 Aircross Max · od 1932 PLN/mies.,Citroën Nowy C5 Aircross Max · Rata od 1932 PLN netto/mies. · Leasing B2B · Gorzów Wielkopolski · Sprawdź ofertę!,https://sklep.citroen.pl/produkt/nowy-c5-aircross/vr7kahpy8tl039046/,https://raw.githubusercontent.com/Andy11001/-alfa-inventory/master/data/images/VR7KAHPY8TL039046_clean.jpg,Citroën,Nowy C5 Aircross,2025,0,KM,SUV,Ruby Red,New,151632 PLN,PLN,"{""addr1"": ""GORZÓW WIELKOPOLSKI"", ""city"": ""GORZÓW WIELKOPOLSKI"", ""region"": ""MAZOWIECKIE"", ""country"": ""PL""}",,,LEASE,1932 PLN,per month,Hybrid,Automatic,FWD
VR7BCZKW3TE029468,C4 Max · od 1863 PLN/mies.,Citroën C4 Max · Rata od 1863 PLN netto/mies. · Leasing B2B · Wrocław · Sprawdź ofertę!,https://sklep.citroen.pl/produkt/c4/vr7bczkw3te029468/,https://raw.githubusercontent.com/Andy11001/-alfa-inventory/master/data/images/VR7BCZKW3TE029468_clean.webp,Citroën,C4,2025,0,KM,Hatchback,Blanc Okenite,New,146200 PLN,PLN,"{""addr1"": ""UL. SZCZECIŃSKA 7"", ""city"": ""WROCŁAW"", ""region"": ""DOLNOŚLĄSKIE"", ""country"": ""PL""}",51.1274,16.9535,LEASE,1863 PLN,per month,Electric,Automatic,FWD
VR7KAHPY6TL022990,Nowy C5 Aircross Max · od 1931 PLN/mies.,Citroën Nowy C5 Aircross Max · Rata od 1931 PLN netto/mies. · Leasing B2B · Wieliczka · Sprawdź ofertę!,https://sklep.citroen.pl/produkt/nowy-c5-aircross/vr7kahpy6tl022990/,https://raw.githubusercontent.com/Andy11001/-alfa-inventory/master/data/images/VR7KAHPY6TL022990_clean.webp,Citroën,Nowy C5 Aircross,2025,0,KM,SUV,Eclipse Blue,New,151545 PLN,PLN,"{""addr1"": ""WIELICZKA"", ""city"": ""WIELICZKA"", ""region"": ""MAZOWIECKIE"", ""country"": ""PL""}",,,LEASE,1931 PLN,per month,Hybrid,Automatic,FWD
VR7KAHPY7TL023193,Nowy C5 Aircross Max · od 1931 PLN/mies.,Citroën Nowy C5 Aircross Max · Rata od 1931 PLN netto/mies. · Leasing B2B · Wieliczka · Sprawdź ofertę!,https://sklep.citroen.pl/produkt/nowy-c5-aircross/vr7kahpy7tl023193/,https://raw.githubusercontent.com/Andy11001/-alfa-inventory/master/data/images/VR7KAHPY7TL023193_clean.webp,Citroën,Nowy C5 Aircross,2025,0,KM,SUV,Astoria Green,New,151545 PLN,PLN,"{""addr1"": ""WIELICZKA"", ""city"": ""WIELICZKA"", ""region"": ""MAZOWIECKIE"", ""country"": ""PL""}",,,LEASE,1931 PLN,per month,Hybrid,Automatic,FWD
VR7KAHPY8TL023493,Nowy C5 Aircross Max · od 1930 PLN/mies.,Citroën Nowy C5 Aircross Max · Rata od 1930 PLN netto/mies. · Leasing B2B · Wieliczka · Sprawdź ofertę!,https://sklep.citroen.pl/produkt/nowy-c5-aircross/vr7kahpy8tl023493/,https://raw.githubusercontent.com/Andy11001/-alfa-inventory/master/data/images/VR7KAHPY8TL023493_clean.webp,Citroën,Nowy C5 Aircross,2025,0,KM,SUV,Astoria Green,New,151467 PLN,PLN,"{""addr1"": ""WIELICZKA"", ""city"": ""WIELICZKA"", ""region"": ""MAZOWIECKIE"", ""country"": ""PL""}",,,LEASE,1930 PLN,per month,Hybrid,Automatic,FWD
VR7KAHPY4TL038203,Nowy C5 Aircross Max · od 1929 PLN/mies.,Citroën Nowy C5 Aircross Max · Rata od 1929 PLN netto/mies. · Leasing B2B · Radom · Sprawdź ofertę!,https://sklep.citroen.pl/produkt/nowy-c5-aircross/vr7kahpy4tl038203/,https://raw.githubusercontent.com/Andy11001/-alfa-inventory/master/data/images/VR7KAHPY4TL038203_clean.webp,Citroën,Nowy C5 Aircross,2025,0,KM,SUV,Perla Nera Black,New,151371 PLN,PLN,"{""addr1"": ""RADOM"", ""city"": ""RADOM"", ""region"": ""MAZOWIECKIE"", ""country"": ""PL""}",,,LEASE,1929 PLN,per month,Hybrid,Automatic,FWD
VR7KAHPY8TL040794,Nowy C5 Aircross Max · od 1919 PLN/mies.,Citroën Nowy C5 Aircross Max · Rata od 1919 PLN netto/mies. · Leasing B2B · Białystok · Sprawdź ofertę!,https://sklep.citroen.pl/produkt/nowy-c5-aircross/vr7kahpy8tl040794/,https://raw.githubusercontent.com/Andy11001/-alfa-inventory/master/data/images/VR7KAHPY8TL040794_clean.jpg,Citroën,Nowy C5 Aircross,2025,0,KM,SUV,Ruby Red,New,150545 PLN,PLN,"{""addr1"": ""BIAŁYSTOK"", ""city"": ""BIAŁYSTOK"", ""region"": ""PODLASKIE"", ""country"": ""PL""}",,,LEASE,1919 PLN,per month,Hybrid,Automatic,FWD
VR7KAHPY1TL035310,Nowy C5 Aircross Max · od 1916 PLN/mies.,Citroën Nowy C5 Aircross Max · Rata od 1916 PLN netto/mies. · Leasing B2B · Łódź · Sprawdź ofertę!,https://sklep.citroen.pl/produkt/nowy-c5-aircross/vr7kahpy1tl035310/,https://raw.githubusercontent.com/Andy11001/-alfa-inventory/master/data/images/VR7KAHPY1TL035310_clean.webp,Citroën,Nowy C5 Aircross,2025,0,KM,SUV,Perla Nera Black,New,150336 PLN,PLN,"{""addr1"": ""UL. OBYWATELSKA 181"", ""city"": ""ŁÓDŹ"", ""region"": ""ŁÓDZKIE"", ""country"": ""PL""}",51.7371,19.4316,LEASE,1916 PLN,per month,Hybrid,Automatic,FWD
VR7KAHPY1TL036439,Nowy C5 Aircross Max · od 1911 PLN/mies.,Citroën Nowy C5 Aircross Max · Rata od 1911 PLN netto/mies. · Leasing B2B · Bielsko-Biała · Sprawdź ofertę!,https://sklep.citroen.pl/produkt/nowy-c5-aircross/vr7kahpy1tl036439/,https://raw.githubusercontent.com/Andy11001/-alfa-inventory/master/data/images/VR7KAHPY1TL036439_clean.jpg,Citroën,Nowy C5 Aircross,2025,0,KM,SUV,Eclipse Blue,New,149988 PLN,PLN,"{""addr1"": ""BIELSKO-BIAŁA"", ""city"": ""BIELSKO-BIAŁA"", ""region"": ""ŚLĄSKIE"", ""country"": ""PL""}",,,LEASE,1911 PLN,per month,Hybrid,Automatic,FWD
VR7KAHPY4TL036399,Nowy C5 Aircross Max · od 1909 PLN/mies.,Citroën Nowy C5 Aircross Max · Rata od 1909 PLN netto/mies. · Leasing B2B · Białystok · Sprawdź ofertę!,https://sklep.citroen.pl/produkt/nowy-c5-aircross/vr7kahpy4tl036399/,https://raw.githubusercontent.com/Andy11001/-alfa-inventory/master/data/images/VR7KAHPY4TL036399_clean.webp,Citroën,Nowy C5 Aircross,2025,0,KM,SUV,Okenite White,New,149770 PLN,PLN,"{""addr1"": ""BIAŁYSTOK"", ""city"": ""BIAŁYSTOK"", ""region"": ""PODLASKIE"", ""country"": ""PL""}",,,LEASE,1909 PLN,per month,Hybrid,Automatic,FWD
VR7KAHPY4TL038704,Nowy C5 Aircross Max · od 1894 PLN/mies.,Citroën Nowy C5 Aircross Max · Rata od 1894 PLN netto/mies. · Leasing B2B · Bydgoszcz · Sprawdź ofertę!,https://sklep.citroen.pl/produkt/nowy-c5-aircross/vr7kahpy4tl038704/,https://raw.githubusercontent.com/Andy11001/-alfa-inventory/master/data/images/VR7KAHPY4TL038704_clean.webp,Citroën,Nowy C5 Aircross,2025,0,KM,SUV,Astoria Green,New,148631 PLN,PLN,"{""addr1"": ""BYDGOSZCZ"", ""city"": ""BYDGOSZCZ"", ""region"": ""KUJAWSKO-POMORSKIE"", ""country"": ""PL""}",,,LEASE,1894 PLN,per month,Hybrid,Automatic,FWD
VR7KAHPYXTL039050,Nowy C5 Aircross Max · od 1875 PLN/mies.,Citroën Nowy C5 Aircross Max · Rata od 1875 PLN netto/mies. · Leasing B2B · Łódź · Sprawdź ofertę!,https://sklep.citroen.pl/produkt/nowy-c5-aircross/vr7kahpyxtl039050/,https://raw.githubusercontent.com/Andy11001/-alfa-inventory/master/data/images/VR7KAHPYXTL039050_clean.webp,Citroën,Nowy C5 Aircross,2025,0,KM,SUV,Ruby Red,New,147117 PLN,PLN,"{""addr1"": ""UL. OBYWATELSKA 181"", ""city"": ""ŁÓDŹ"", ""region"": ""ŁÓDZKIE"", ""country"": ""PL""}",51.7371,19.4316,LEASE,1875 PLN,per month,Hybrid,Automatic,FWD
VR7KAHPY5TL037965,Nowy C5 Aircross Max · od 1862 PLN/mies.,Citroën Nowy C5 Aircross Max · Rata od 1862 PLN netto/mies. · Leasing B2B · Bydgoszcz · Sprawdź ofertę!,https://sklep.citroen.pl/produkt/nowy-c5-aircross/vr7kahpy5tl037965/,https://raw.githubusercontent.com/Andy11001/-alfa-inventory/master/data/images/VR7KAHPY5TL037965_clean.webp,Citroën,Nowy C5 Aircross,2025,0,KM,SUV,Ruby Red,New,146108 PLN,PLN,"{""addr1"": ""BYDGOSZCZ"", ""city"": ""BYDGOSZCZ"", ""region"": ""KUJAWSKO-POMORSKIE"", ""country"": ""PL""}",,,LEASE,1862 PLN,per month,Hybrid,Automatic,FWD
VR7KAHPY0TL037968,Nowy C5 Aircross Max · od 1862 PLN/mies.,Citroën Nowy C5 Aircross Max · Rata od 1862 PLN netto/mies. · Leasing B2B · Bydgoszcz · Sprawdź ofertę!,https://sklep.citroen.pl/produkt/nowy-c5-aircross/vr7kahpy0tl037968/,https://raw.githubusercontent.com/Andy11001/-alfa-inventory/master/data/images/VR7KAHPY0TL037968_clean.webp,Citroën,Nowy C5 Aircross,2025,0,KM,SUV,Ruby Red,New,146108 PLN,PLN,"{""addr1"": ""BYDGOSZCZ"", ""city"": ""BYDGOSZCZ"", ""region"": ""KUJAWSKO-POMORSKIE"", ""country"": ""PL""}",,,LEASE,1862 PLN,per month,Hybrid,Automatic,FWD
VR7KAHPY9TL023132,Nowy C5 Aircross Max · od 1851 PLN/mies.,Citroën Nowy C5 Aircross Max · Rata od 1851 PLN netto/mies. · Leasing B2B · Wieliczka · Sprawdź ofertę!,https://sklep.citroen.pl/produkt/nowy-c5-aircross/vr7kahpy9tl023132/,https://raw.githubusercontent.com/Andy11001/-alfa-inventory/master/data/images/VR7KAHPY9TL023132_clean.webp,Citroën,Nowy C5 Aircross,2025,0,KM,SUV,Platinium Grey,New,145238 PLN,PLN,"{""addr1"": ""WIELICZKA"", ""city"": ""WIELICZKA"", ""region"": ""MAZOWIECKIE"", ""country"": ""PL""}",,,LEASE,1851 PLN,per month,Hybrid,Automatic,FWD
VR7KAHPY6TL019636,Nowy C5 Aircross Max · od 1836 PLN/mies.,Citroën Nowy C5 Aircross Max · Rata od 1836 PLN netto/mies. · Leasing B2B · Wieliczka · Sprawdź ofertę!,https://sklep.citroen.pl/produkt/nowy-c5-aircross/vr7kahpy6tl019636/,https://raw.githubusercontent.com/Andy11001/-alfa-inventory/master/data/images/VR7KAHPY6TL019636_clean.webp,Citroën,Nowy C5 Aircross,2025,0,KM,SUV,Ruby Red,New,144020 PLN,PLN,"{""addr1"": ""WIELICZKA"", ""city"": ""WIELICZKA"", ""region"": ""MAZOWIECKIE"", ""country"": ""PL""}",,,LEASE,1836 PLN,per month,Hybrid,Automatic,FWD
VR7KAHPY4TL038234,Nowy C5 Aircross Plus · od 1831 PLN/mies.,Citroën Nowy C5 Aircross Plus · Rata od 1831 PLN netto/mies. · Leasing B2B · Grębów · Sprawdź ofertę!,https://sklep.citroen.pl/produkt/nowy-c5-aircross/vr7kahpy4tl038234/,https://raw.githubusercontent.com/Andy11001/-alfa-inventory/master/data/images/VR7KAHPY4TL038234_clean.webp,Citroën,Nowy C5 Aircross,2025,0,KM,SUV,Eclipse Blue,New,143631 PLN,PLN,"{""addr1"": ""GRĘBÓW"", ""city"": ""GRĘBÓW"", ""region"": ""MAZOWIECKIE"", ""country"": ""PL""}",,,LEASE,1831 PLN,per month,Hybrid,Automatic,FWD
VR7KAHPY5TL038307,Nowy C5 Aircross Plus · od 1824 PLN/mies.,Citroën Nowy C5 Aircross Plus · Rata od 1824 PLN netto/mies. · Leasing B2B · Rybnik · Sprawdź ofertę!,https://sklep.citroen.pl/produkt/nowy-c5-aircross/vr7kahpy5tl038307/,https://raw.githubusercontent.com/Andy11001/-alfa-inventory/master/data/images/VR7KAHPY5TL038307_clean.webp,Citroën,Nowy C5 Aircross,2025,0,KM,SUV,Platinium Grey,New,143091 PLN,PLN,"{""addr1"": ""RYBNIK"", ""city"": ""RYBNIK"", ""region"": ""ŚLĄSKIE"", ""country"": ""PL""}",,,LEASE,1824 PLN,per month,Hybrid,Automatic,FWD
VR7KAHPY9TL038357,Nowy C5 Aircross Plus · od 1824 PLN/mies.,Citroën Nowy C5 Aircross Plus · Rata od 1824 PLN netto/mies. · Leasing B2B · Rybnik · Sprawdź ofertę!,https://sklep.citroen.pl/produkt/nowy-c5-aircross/vr7kahpy9tl038357/,https://raw.githubusercontent.com/Andy11001/-alfa-inventory/master/data/images/VR7KAHPY9TL038357_clean.webp,Citroën,Nowy C5 Aircross,2025,0,KM,SUV,Astoria Green,New,143091 PLN,PLN,"{""addr1"": ""RYBNIK"", ""city"": ""RYBNIK"", ""region"": ""ŚLĄSKIE"", ""country"": ""PL""}",,,LEASE,1824 PLN,per month,Hybrid,Automatic,FWD
VR7KAHPY8TL040228,Nowy C5 Aircross Plus · od 1823 PLN/mies.,Citroën Nowy C5 Aircross Plus · Rata od 1823 PLN netto/mies. · Leasing B2B · Rybnik · Sprawdź ofertę!,https://sklep.citroen.pl/produkt/nowy-c5-aircross/vr7kahpy8tl040228/,https://raw.githubusercontent.com/Andy11001/-alfa-inventory/master/data/images/VR7KAHPY8TL040228_clean.webp,Citroën,Nowy C5 Aircross,2025,0,KM,SUV,Eclipse Blue,New,143010 PLN,PLN,"{""addr1"": ""RYBNIK"", ""city"": ""RYBNIK"", ""region"": ""ŚLĄSKIE"", ""country"": ""PL""}",,,LEASE,1823 PLN,per month,Hybrid,Automatic,FWD
VR7BDHPY3TE030444,C4 X Max · od 1487 PLN/mies.,Citroën C4 X Max · Rata od 1487 PLN netto/mies. · Leasing B2B · Wrocław · Sprawdź ofertę!,https://sklep.citroen.pl/produkt/c4-x/vr7bdhpy3te030444/,https://raw.githubusercontent.com/Andy11001/-alfa-inventory/master/data/images/VR7BDHPY3TE030444_clean.jpg,Citroën,C4 X,2025,0,KM,SUV,Rouge Elixir,New,116490 PLN,PLN,"{""addr1"": ""UL. SZCZECIŃSKA 7"", ""city"": ""WROCŁAW"", ""region"": ""DOLNOŚLĄSKIE"", ""country"": ""PL""}",51.1274,16.9535,LEASE,1487 PLN,per month,Hybrid,Automatic,FWD
VR7BAHPY3TE029917,C4 Max · od 1482 PLN/mies.,Citroën C4 Max · Rata od 1482 PLN netto/mies. · Leasing B2B · Łódź · Sprawdź ofertę!,https://sklep.citroen.pl/produkt/c4/vr7bahpy3te029917/,https://raw.githubusercontent.com/Andy11001/-alfa-inventory/master/data/images/VR7BAHPY3TE029917_clean.webp,Citroën,C4,2025,0,KM,Hatchback,Rouge Elixir,New,116119 PLN,PLN,"{""addr1"": ""UL. OBYWATELSKA 181"", ""city"": ""ŁÓDŹ"", ""region"": ""ŁÓDZKIE"", ""country"": ""PL""}",51.7371,19.4316,LEASE,1482 PLN,per month,Hybrid,Automatic,FWD
VR7BDHPY9TE032313,C4 X Max · od 1482 PLN/mies.,Citroën C4 X Max · Rata od 1482 PLN netto/mies. · Leasing B2B · Kutno · Sprawdź ofertę!,https://sklep.citroen.pl/produkt/c4-x/vr7bdhpy9te032313/,https://raw.githubusercontent.com/Andy11001/-alfa-inventory/master/data/images/VR7BDHPY9TE032313_clean.webp,Citroën,C4 X,2025,0,KM,SUV,Manhattan Green,New,116078 PLN,PLN,"{""addr1"": ""KUTNO"", ""city"": ""KUTNO"", ""region"": ""MAZOWIECKIE"", ""country"": ""PL""}",,,LEASE,1482 PLN,per month,Hybrid,Automatic,FWD
VR7BAHPY6TE029930,C4 Max · od 1416 PLN/mies.,Citroën C4 Max · Rata od 1416 PLN netto/mies. · Leasing B2B · Warszawa · Sprawdź ofertę!,https://sklep.citroen.pl/produkt/c4/vr7bahpy6te029930/,https://raw.githubusercontent.com/Andy11001/-alfa-inventory/master/data/images/VR7BAHPY6TE029930_clean.webp,Citroën,C4,2025,0,KM,Hatchback,Blanc Okenite,New,110900 PLN,PLN,"{""addr1"": ""AL. KRAKOWSKA 206"", ""city"": ""WARSZAWA"", ""region"": ""MAZOWIECKIE"", ""country"": ""PL""}",52.2084,20.9412,LEASE,1416 PLN,per month,Hybrid,Automatic,FWD
VR7BAHPY9TE029730,C4 Max · od 1474 PLN/mies.,Citroën C4 Max · Rata od 1474 PLN netto/mies. · Leasing B2B · Radom · Sprawdź ofertę!,https://sklep.citroen.pl/produkt/c4/vr7bahpy9te029730/,https://raw.githubusercontent.com/Andy11001/-alfa-inventory/master/data/images/VR7BAHPY9TE029730_clean.webp,Citroën,C4,2025,0,KM,Hatchback,Blanc Okenite,New,115459 PLN,PLN,"{""addr1"": ""RADOM"", ""city"": ""RADOM"", ""region"": ""MAZOWIECKIE"", ""country"": ""PL""}",,,LEASE,1474 PLN,per month,Hybrid,Automatic,FWD
VR7BAHPY6TE029474,C4 Max · od 1474 PLN/mies.,Citroën C4 Max · Rata od 1474 PLN netto/mies. · Leasing B2B · Radom · Sprawdź ofertę!,https://sklep.citroen.pl/produkt/c4/vr7bahpy6te029474/,https://raw.githubusercontent.com/Andy11001/-alfa-inventory/master/data/images/VR7BAHPY6TE029474_clean.webp,Citroën,C4,2025,0,KM,Hatchback,Blanc Okenite,New,115459 PLN,PLN,"{""addr1"": ""RADOM"", ""city"": ""RADOM"", ""region"": ""MAZOWIECKIE"", ""country"": ""PL""}",,,LEASE,1474 PLN,per month,Hybrid,Automatic,FWD
VR7BDHPYXTE029999,C4 X Max · od 1474 PLN/mies.,Citroën C4 X Max · Rata od 1474 PLN netto/mies. · Leasing B2B · Wrocław · Sprawdź ofertę!,https://sklep.citroen.pl/produkt/c4-x/vr7bdhpyxte029999/,https://raw.githubusercontent.com/Andy11001/-alfa-inventory/master/data/images/VR7BDHPYXTE029999_clean.webp,Citroën,C4 X,2025,0,KM,SUV,Blanc Okenite,New,115459 PLN,PLN,"{""addr1"": ""UL. SZCZECIŃSKA 7"", ""city"": ""WROCŁAW"", ""region"": ""DOLNOŚLĄSKIE"", ""country"": ""PL""}",51.1274,16.9535,LEASE,1474 PLN,per month,Hybrid,Automatic,FWD
VR7BDHPY9TE032229,C4 X Max · od 1472 PLN/mies.,Citroën C4 X Max · Rata od 1472 PLN netto/mies. · Leasing B2B · Płock · Sprawdź ofertę!,https://sklep.citroen.pl/produkt/c4-x/vr7bdhpy9te032229/,https://raw.githubusercontent.com/Andy11001/-alfa-inventory/master/data/images/VR7BDHPY9TE032229_clean.webp,Citroën,C4 X,2025,0,KM,SUV,Perla Nera,New,115335 PLN,PLN,"{""addr1"": ""PŁOCK"", ""city"": ""PŁOCK"", ""region"": ""MAZOWIECKIE"", ""country"": ""PL""}",,,LEASE,1472 PLN,per month,Hybrid,Automatic,FWD
VR7BAHPY4TE031031,C4 Max · od 1467 PLN/mies.,Citroën C4 Max · Rata od 1467 PLN netto/mies. · Leasing B2B · Łódź · Sprawdź ofertę!,https://sklep.citroen.pl/produkt/c4/vr7bahpy4te031031/,https://raw.githubusercontent.com/Andy11001/-alfa-inventory/master/data/images/VR7BAHPY4TE031031_clean.webp,Citroën,C4,2025,0,KM,Hatchback,Perla Nera,New,114964 PLN,PLN,"{""addr1"": ""UL. OBYWATELSKA 181"", ""city"": ""ŁÓDŹ"", ""region"": ""ŁÓDZKIE"", ""country"": ""PL""}",51.7371,19.4316,LEASE,1467 PLN,per month,Hybrid,Automatic,FWD
VR7BAHPY6TE030947,C4 Max · od 1461 PLN/mies.,Citroën C4 Max · Rata od 1461 PLN netto/mies. · Leasing B2B · Bydgoszcz · Sprawdź ofertę!,https://sklep.citroen.pl/produkt/c4/vr7bahpy6te030947/,https://raw.githubusercontent.com/Andy11001/-alfa-inventory/master/data/images/VR7BAHPY6TE030947_clean.webp,Citroën,C4,2025,0,KM,Hatchback,Rouge Elixir,New,114428 PLN,PLN,"{""addr1"": ""BYDGOSZCZ"", ""city"": ""BYDGOSZCZ"", ""region"": ""KUJAWSKO-POMORSKIE"", ""country"": ""PL""}",,,LEASE,1461 PLN,per month,Hybrid,Automatic,FWD
VR7BAHPY9TE030926,C4 Max · od 1449 PLN/mies.,Citroën C4 Max · Rata od 1449 PLN netto/mies. · Leasing B2B · Gliwice · Sprawdź ofertę!,https://sklep.citroen.pl/produkt/c4/vr7bahpy9te030926/,https://raw.githubusercontent.com/Andy11001/-alfa-inventory/master/data/images/VR7BAHPY9TE030926_clean.jpg,Citroën,C4,2025,0,KM,Hatchback,Bleu Eclipse,New,113520 PLN,PLN,"{""addr1"": ""GLIWICE"", ""city"": ""GLIWICE"", ""region"": ""ŚLĄSKIE"", ""country"": ""PL""}",,,LEASE,1449 PLN,per month,Hybrid,Automatic,FWD
VR7BDHPY8TE029984,C4 X Max · od 1442 PLN/mies.,Citroën C4 X Max · Rata od 1442 PLN netto/mies. · Leasing B2B · Gdańsk · Sprawdź ofertę!,https://sklep.citroen.pl/produkt/c4-x/vr7bdhpy8te029984/,https://raw.githubusercontent.com/Andy11001/-alfa-inventory/master/data/images/VR7BDHPY8TE029984_clean.webp,Citroën,C4 X,2025,0,KM,SUV,Rouge Elixir,New,112984 PLN,PLN,"{""addr1"": ""AL. GRUNWALDZKA 256"", ""city"": ""GDAŃSK"", ""region"": ""POMORSKIE"", ""country"": ""PL""}",54.4022,18.5714,LEASE,1442 PLN,per month,Hybrid,Automatic,FWD
VR7BAHPY3TE029514,C4 Max · od 1442 PLN/mies.,Citroën C4 Max · Rata od 1442 PLN netto/mies. · Leasing B2B · Gorzów Wielkopolski · Sprawdź ofertę!,https://sklep.citroen.pl/produkt/c4/vr7bahpy3te029514/,https://raw.githubusercontent.com/Andy11001/-alfa-inventory/master/data/images/VR7BAHPY3TE029514_clean.jpg,Citroën,C4,2025,0,KM,Hatchback,Gris Mercury,New,112942 PLN,PLN,"{""addr1"": ""GORZÓW WIELKOPOLSKI"", ""city"": ""GORZÓW WIELKOPOLSKI"", ""region"": ""MAZOWIECKIE"", ""country"": ""PL""}",,,LEASE,1442 PLN,per month,Hybrid,Automatic,FWD
VR7BAHPY1TE031052,C4 Max · od 1432 PLN/mies.,Citroën C4 Max · Rata od 1432 PLN netto/mies. · Leasing B2B · Gorzów Wielkopolski · Sprawdź ofertę!,https://sklep.citroen.pl/produkt/c4/vr7bahpy1te031052/,https://raw.githubusercontent.com/Andy11001/-alfa-inventory/master/data/images/VR7BAHPY1TE031052_clean.webp,Citroën,C4,2025,0,KM,Hatchback,Perla Nera,New,112200 PLN,PLN,"{""addr1"": ""GORZÓW WIELKOPOLSKI"", ""city"": ""GORZÓW WIELKOPOLSKI"", ""region"": ""MAZOWIECKIE"", ""country"": ""PL""}",,,LEASE,1432 PLN,per month,Hybrid,Automatic,FWD
VR7BAHPY9TE029873,C4 Max · od 1429 PLN/mies.,Citroën C4 Max · Rata od 1429 PLN netto/mies. · Leasing B2B · Sosnowiec · Sprawdź ofertę!,https://sklep.citroen.pl/produkt/c4/vr7bahpy9te029873/,https://raw.githubusercontent.com/Andy11001/-alfa-inventory/master/data/images/VR7BAHPY9TE029873_clean.jpg,Citroën,C4,2025,0,KM,Hatchback,Blanc Okenite,New,111952 PLN,PLN,"{""addr1"": ""SOSNOWIEC"", ""city"": ""SOSNOWIEC"", ""region"": ""ŚLĄSKIE"", ""country"": ""PL""}",,,LEASE,1429 PLN,per month,Hybrid,Automatic,FWD
VR7BDHPY9TE031176,C4 X Max · od 1428 PLN/mies.,Citroën C4 X Max · Rata od 1428 PLN netto/mies. · Leasing B2B · Łódź · Sprawdź ofertę!,https://sklep.citroen.pl/produkt/c4-x/vr7bdhpy9te031176/,https://raw.githubusercontent.com/Andy11001/-alfa-inventory/master/data/images/VR7BDHPY9TE031176_clean.webp,Citroën,C4 X,2025,0,KM,SUV,Perla Nera,New,111829 PLN,PLN,"{""addr1"": ""UL. OBYWATELSKA 181"", ""city"": ""ŁÓDŹ"", ""region"": ""ŁÓDZKIE"", ""country"": ""PL""}",51.7371,19.4316,LEASE,1428 PLN,per month,Hybrid,Automatic,FWD
VR7BAHPY4TE031451,C4 Max · od 1426 PLN/mies.,Citroën C4 Max · Rata od 1426 PLN netto/mies. · Leasing B2B · Łódź · Sprawdź ofertę!,https://sklep.citroen.pl/produkt/c4/vr7bahpy4te031451/,https://raw.githubusercontent.com/Andy11001/-alfa-inventory/master/data/images/VR7BAHPY4TE031451_clean.webp,Citroën,C4,2025,0,KM,Hatchback,Manhattan Green,New,111705 PLN,PLN,"{""addr1"": ""UL. OBYWATELSKA 181"", ""city"": ""ŁÓDŹ"", ""region"": ""ŁÓDZKIE"", ""country"": ""PL""}",51.7371,19.4316,LEASE,1426 PLN,per month,Hybrid,Automatic,FWD
VR7BAHPY4TE031028,C4 Max · od 1421 PLN/mies.,Citroën C4 Max · Rata od 1421 PLN netto/mies. · Leasing B2B · Kalisz · Sprawdź ofertę!,https://sklep.citroen.pl/produkt/c4/vr7bahpy4te031028/,https://raw.githubusercontent.com/Andy11001/-alfa-inventory/master/data/images/VR7BAHPY4TE031028_clean.webp,Citroën,C4,2025,0,KM,Hatchback,Rouge Elixir,New,111292 PLN,PLN,"{""addr1"": ""KALISZ"", ""city"": ""KALISZ"", ""region"": ""MAZOWIECKIE"", ""country"": ""PL""}",,,LEASE,1421 PLN,per month,Hybrid,Automatic,FWD
VR7BAHPY6TE027482,C4 Max · od 1420 PLN/mies.,Citroën C4 Max · Rata od 1420 PLN netto/mies. · Leasing B2B · Łódź · Sprawdź ofertę!,https://sklep.citroen.pl/produkt/c4/vr7bahpy6te027482/,https://raw.githubusercontent.com/Andy11001/-alfa-inventory/master/data/images/VR7BAHPY6TE027482_clean.webp,Citroën,C4,2025,0,KM,Hatchback,Gris Mercury,New,111251 PLN,PLN,"{""addr1"": ""UL. OBYWATELSKA 181"", ""city"": ""ŁÓDŹ"", ""region"": ""ŁÓDZKIE"", ""country"": ""PL""}",51.7371,19.4316,LEASE,1420 PLN,per month,Hybrid,Automatic,FWD
VR7BDHPY3TE030007,C4 X Max · od 1418 PLN/mies.,Citroën C4 X Max · Rata od 1418 PLN netto/mies. · Leasing B2B · Łódź · Sprawdź ofertę!,https://sklep.citroen.pl/produkt/c4-x/vr7bdhpy3te030007/,https://raw.githubusercontent.com/Andy11001/-alfa-inventory/master/data/images/VR7BDHPY3TE030007_clean.webp,Citroën,C4 X,2025,0,KM,SUV,Manhattan Green,New,111086 PLN,PLN,"{""addr1"": ""UL. OBYWATELSKA 181"", ""city"": ""ŁÓDŹ"", ""region"": ""ŁÓDZKIE"", ""country"": ""PL""}",51.7371,19.4316,LEASE,1418 PLN,per month,Hybrid,Automatic,FWD
VR7BAHPY8TE031954,C4 Max · od 1405 PLN/mies.,Citroën C4 Max · Rata od 1405 PLN netto/mies. · Leasing B2B · Łódź · Sprawdź ofertę!,https://sklep.citroen.pl/produkt/c4/vr7bahpy8te031954/,https://raw.githubusercontent.com/Andy11001/-alfa-inventory/master/data/images/VR7BAHPY8TE031954_clean.webp,Citroën,C4,2025,0,KM,Hatchback,Gris Mercury,New,110014 PLN,PLN,"{""addr1"": ""UL. OBYWATELSKA 181"", ""city"": ""ŁÓDŹ"", ""region"": ""ŁÓDZKIE"", ""country"": ""PL""}",51.7371,19.4316,LEASE,1405 PLN,per month,Hybrid,Automatic,FWD
VR7BAHPY9TE030988,C4 Max · od 1405 PLN/mies.,Citroën C4 Max · Rata od 1405 PLN netto/mies. · Leasing B2B · Olsztyn · Sprawdź ofertę!,https://sklep.citroen.pl/produkt/c4/vr7bahpy9te030988/,https://raw.githubusercontent.com/Andy11001/-alfa-inventory/master/data/images/VR7BAHPY9TE030988_clean.jpg,Citroën,C4,2025,0,KM,Hatchback,Bleu Eclipse,New,110014 PLN,PLN,"{""addr1"": ""OLSZTYN"", ""city"": ""OLSZTYN"", ""region"": ""MAZOWIECKIE"", ""country"": ""PL""}",,,LEASE,1405 PLN,per month,Hybrid,Automatic,FWD
VR7BAHPY6TE030785,C4 Max · od 1388 PLN/mies.,Citroën C4 Max · Rata od 1388 PLN netto/mies. · Leasing B2B · Katowice · Sprawdź ofertę!,https://sklep.citroen.pl/produkt/c4/vr7bahpy6te030785/,https://raw.githubusercontent.com/Andy11001/-alfa-inventory/master/data/images/VR7BAHPY6TE030785_clean.webp,Citroën,C4,2025,0,KM,Hatchback,Perla Nera,New,108694 PLN,PLN,"{""addr1"": ""AL. ROŹDZIEŃSKIEGO 170"", ""city"": ""KATOWICE"", ""region"": ""ŚLĄSKIE"", ""country"": ""PL""}",50.2649,19.0238,LEASE,1388 PLN,per month,Hybrid,Automatic,FWD
VR7BDHPY4TE032221,C4 X Max · od 1383 PLN/mies.,Citroën C4 X Max · Rata od 1383 PLN netto/mies. · Leasing B2B · Łódź · Sprawdź ofertę!,https://sklep.citroen.pl/produkt/c4-x/vr7bdhpy4te032221/,https://raw.githubusercontent.com/Andy11001/-alfa-inventory/master/data/images/VR7BDHPY4TE032221_clean.webp,Citroën,C4 X,2025,0,KM,SUV,Perla Nera,New,108322 PLN,PLN,"{""addr1"": ""UL. OBYWATELSKA 181"", ""city"": ""ŁÓDŹ"", ""region"": ""ŁÓDZKIE"", ""country"": ""PL""}",51.7371,19.4316,LEASE,1383 PLN,per month,Hybrid,Automatic,FWD
VR7BAHPYXTE031471,C4 Max · od 1383 PLN/mies.,Citroën C4 Max · Rata od 1383 PLN netto/mies. · Leasing B2B · Łódź · Sprawdź ofertę!,https://sklep.citroen.pl/produkt/c4/vr7bahpyxte031471/,https://raw.githubusercontent.com/Andy11001/-alfa-inventory/master/data/images/VR7BAHPYXTE031471_clean.webp,Citroën,C4,2025,0,KM,Hatchback,Perla Nera,New,108322 PLN,PLN,"{""addr1"": ""UL. OBYWATELSKA 181"", ""city"": ""ŁÓDŹ"", ""region"": ""ŁÓDZKIE"", ""country"": ""PL""}",51.7371,19.4316,LEASE,1383 PLN,per month,Hybrid,Automatic,FWD
VR7BAHPY1TE030886,C4 Max · od 1308 PLN/mies.,Citroën C4 Max · Rata od 1308 PLN netto/mies. · Leasing B2B · Zielona Góra · Sprawdź ofertę!,https://sklep.citroen.pl/produkt/c4/vr7bahpy1te030886/,https://raw.githubusercontent.com/Andy11001/-alfa-inventory/master/data/images/VR7BAHPY1TE030886_clean.webp,Citroën,C4,2025,0,KM,Hatchback,Perla Nera,New,102413 PLN,PLN,"{""addr1"": ""ZIELONA GÓRA"", ""city"": ""ZIELONA GÓRA"", ""region"": ""MAZOWIECKIE"", ""country"": ""PL""}",,,LEASE,1308 PLN,per month,Hybrid,Automatic,FWD
VR7BAHPY4TE032518,C4 Collection · od 1380 PLN/mies.,Citroën C4 Collection · Rata od 1380 PLN netto/mies. · Leasing B2B · Częstochowa · Sprawdź ofertę!,https://sklep.citroen.pl/produkt/c4/vr7bahpy4te032518/,https://raw.githubusercontent.com/Andy11001/-alfa-inventory/master/data/images/VR7BAHPY4TE032518_clean.jpg,Citroën,C4,2025,0,KM,Hatchback,Gris Mercury,New,108076 PLN,PLN,"{""addr1"": ""CZĘSTOCHOWA"", ""city"": ""CZĘSTOCHOWA"", ""region"": ""MAZOWIECKIE"", ""country"": ""PL""}",,,LEASE,1380 PLN,per month,Hybrid,Automatic,FWD
VR7BAHPY6TE031502,C4 Business · od 1607 PLN/mies.,Citroën C4 Business · Rata od 1607 PLN netto/mies. · Leasing B2B · Częstochowa · Sprawdź ofertę!,https://sklep.citroen.pl/produkt/c4/vr7bahpy6te031502/,https://raw.githubusercontent.com/Andy11001/-alfa-inventory/master/data/images/VR7BAHPY6TE031502_clean.webp,Citroën,C4,2025,0,KM,Hatchback,Bleu Eclipse,New,125950 PLN,PLN,"{""addr1"": ""CZĘSTOCHOWA"", ""city"": ""CZĘSTOCHOWA"", ""region"": ""MAZOWIECKIE"", ""country"": ""PL""}",,,LEASE,1607 PLN,per month,Hybrid,Automatic,FWD
VR7BAHPY3TE031828,C4 Business · od 1607 PLN/mies.,Citroën C4 Business · Rata od 1607 PLN netto/mies. · Leasing B2B · Częstochowa · Sprawdź ofertę!,https://sklep.citroen.pl/produkt/c4/vr7bahpy3te031828/,https://raw.githubusercontent.com/Andy11001/-alfa-inventory/master/data/images/VR7BAHPY3TE031828_clean.webp,Citroën,C4,2025,0,KM,Hatchback,Gris Mercury,New,125950 PLN,PLN,"{""addr1"": ""CZĘSTOCHOWA"", ""city"": ""CZĘSTOCHOWA"", ""region"": ""MAZOWIECKIE"", ""country"": ""PL""}",,,LEASE,1607 PLN,per month,Hybrid,Automatic,FWD
VR7CGHPY8TT150179,C3 Aircross Plus · od 1410 PLN/mies.,Citroën C3 Aircross Plus · Rata od 1410 PLN netto/mies. · Leasing B2B · Wieliczka · Sprawdź ofertę!,https://sklep.citroen.pl/produkt/c3-aircross/vr7cghpy8tt150179/,https://raw.githubusercontent.com/Andy11001/-alfa-inventory/master/data/images/VR7CGHPY8TT150179_clean.webp,Citroën,C3 Aircross,2025,0,KM,SUV,B0Mm0B B0Nbright Blueb,New,110462 PLN,PLN,"{""addr1"": ""WIELICZKA"", ""city"": ""WIELICZKA"", ""region"": ""MAZOWIECKIE"", ""country"": ""PL""}",,,LEASE,1410 PLN,per month,Hybrid,Automatic,FWD
VR7BAHPY8TE031503,C4 Plus · od 1294 PLN/mies.,Citroën C4 Plus · Rata od 1294 PLN netto/mies. · Leasing B2B · Częstochowa · Sprawdź ofertę!,https://sklep.citroen.pl/produkt/c4/vr7bahpy8te031503/,https://raw.githubusercontent.com/Andy11001/-alfa-inventory/master/data/images/VR7BAHPY8TE031503_clean.webp,Citroën,C4,2025,0,KM,Hatchback,Gris Mercury,New,101316 PLN,PLN,"{""addr1"": ""CZĘSTOCHOWA"", ""city"": ""CZĘSTOCHOWA"", ""region"": ""MAZOWIECKIE"", ""country"": ""PL""}",,,LEASE,1294 PLN,per month,Hybrid,Automatic,FWD
VR7CCHPV4TT157146,C3 Max · od 1077 PLN/mies.,Citroën C3 Max · Rata od 1077 PLN netto/mies. · Leasing B2B · Łódź · Sprawdź ofertę!,https://sklep.citroen.pl/produkt/c3/vr7cchpv4tt157146/,https://raw.githubusercontent.com/Andy11001/-alfa-inventory/master/data/images/VR7CCHPV4TT157146_clean.jpg,Citroën,C3,2025,0,KM,Hatchback,Bright Blue,New,84180 PLN,PLN,"{""addr1"": ""UL. OBYWATELSKA 181"", ""city"": ""ŁÓDŹ"", ""region"": ""ŁÓDZKIE"", ""country"": ""PL""}",51.7371,19.4316,LEASE,1077 PLN,per month,Gasoline,Manual,FWD
VR7CCHPV1TT186054,C3 Plus · od 1081 PLN/mies.,Citroën C3 Plus · Rata od 1081 PLN netto/mies. · Leasing B2B · Częstochowa · Sprawdź ofertę!,https://sklep.citroen.pl/produkt/c3/vr7cchpv1tt186054/,https://raw.githubusercontent.com/Andy11001/-alfa-inventory/master/data/images/VR7CCHPV1TT186054_clean.webp,Citroën,C3,2025,0,KM,Hatchback,Mercury Grey,New,84502 PLN,PLN,"{""addr1"": ""CZĘSTOCHOWA"", ""city"": ""CZĘSTOCHOWA"", ""region"": ""MAZOWIECKIE"", ""country"": ""PL""}",,,LEASE,1081 PLN,per month,Gasoline,Manual,FWD
VR7CCHPV2TT188136,C3 You · od 904 PLN/mies.,Citroën C3 You · Rata od 904 PLN netto/mies. · Leasing B2B · Łódź · Sprawdź ofertę!,https://sklep.citroen.pl/produkt/c3/vr7cchpv2tt188136/,https://raw.githubusercontent.com/Andy11001/-alfa-inventory/master/data/images/VR7CCHPV2TT188136_clean.webp,Citroën,C3,2025,0,KM,Hatchback,Monte Carlo,New,70560 PLN,PLN,"{""addr1"": ""UL. OBYWATELSKA 181"", ""city"": ""ŁÓDŹ"", ""region"": ""ŁÓDZKIE"", ""country"": ""PL""}",51.7371,19.4316,LEASE,904 PLN,per month,Gasoline,Manual,FWD
VR7KAHPYXTL038349,Nowy C5 Aircross Max · od 1859 PLN/mies.,Citroën Nowy C5 Aircross Max · Rata od 1859 PLN netto/mies. · Leasing B2B · Kraków · Sprawdź ofertę!,https://sklep.citroen.pl/produkt/nowy-c5-aircross/vr7kahpyxtl038349/,https://raw.githubusercontent.com/Andy11001/-alfa-inventory/master/data/images/VR7KAHPYXTL038349_clean.webp,Citroën,Nowy C5 Aircross,2025,0,KM,SUV,Ruby Red,New,145812 PLN,PLN,"{""addr1"": ""UL. OPOLSKA 9"", ""city"": ""KRAKÓW"", ""region"": ""MAŁOPOLSKIE"", ""country"": ""PL""}",50.0931,19.9238,LEASE,1859 PLN,per month,Hybrid,Automatic,FWD
VR7BAHPY5TE032639,C4 Max · od 1541 PLN/mies.,Citroën C4 Max · Rata od 1541 PLN netto/mies. · Leasing B2B · Łódź · Sprawdź ofertę!,https://sklep.citroen.pl/produkt/c4/vr7bahpy5te032639/,https://raw.githubusercontent.com/Andy11001/-alfa-inventory/master/data/images/VR7BAHPY5TE032639_clean.webp,Citroën,C4,2025,0,KM,Hatchback,Rouge Elixir,New,120739 PLN,PLN,"{""addr1"": ""UL. OBYWATELSKA 181"", ""city"": ""ŁÓDŹ"", ""region"": ""ŁÓDZKIE"", ""country"": ""PL""}",51.7371,19.4316,LEASE,1541 PLN,per month,Hybrid,Automatic,FWD
VR7BDHPY7TE032326,C4 X Max · od 1506 PLN/mies.,Citroën C4 X Max · Rata od 1506 PLN netto/mies. · Leasing B2B · Łódź · Sprawdź ofertę!,https://sklep.citroen.pl/produkt/c4-x/vr7bdhpy7te032326/,https://raw.githubusercontent.com/Andy11001/-alfa-inventory/master/data/images/VR7BDHPY7TE032326_clean.webp,Citroën,C4 X,2025,0,KM,SUV,Rouge Elixir,New,117975 PLN,PLN,"{""addr1"": ""UL. OBYWATELSKA 181"", ""city"": ""ŁÓDŹ"", ""region"": ""ŁÓDZKIE"", ""country"": ""PL""}",51.7371,19.4316,LEASE,1506 PLN,per month,Hybrid,Automatic,FWD
VR7BAHPYXTE032541,C4 Max · od 1500 PLN/mies.,Citroën C4 Max · Rata od 1500 PLN netto/mies. · Leasing B2B · Wrocław · Sprawdź ofertę!,https://sklep.citroen.pl/produkt/c4/vr7bahpyxte032541/,https://raw.githubusercontent.com/Andy11001/-alfa-inventory/master/data/images/VR7BAHPYXTE032541_clean.webp,Citroën,C4,2025,0,KM,Hatchback,Rouge Elixir,New,117521 PLN,PLN,"{""addr1"": ""UL. SZCZECIŃSKA 7"", ""city"": ""WROCŁAW"", ""region"": ""DOLNOŚLĄSKIE"", ""country"": ""PL""}",51.1274,16.9535,LEASE,1500 PLN,per month,Hybrid,Automatic,FWD
VR7BAHPY0TE032600,C4 Max · od 1487 PLN/mies.,Citroën C4 Max · Rata od 1487 PLN netto/mies. · Leasing B2B · Gdańsk · Sprawdź ofertę!,https://sklep.citroen.pl/produkt/c4/vr7bahpy0te032600/,https://raw.githubusercontent.com/Andy11001/-alfa-inventory/master/data/images/VR7BAHPY0TE032600_clean.webp,Citroën,C4,2025,0,KM,Hatchback,Blanc Okenite,New,116490 PLN,PLN,"{""addr1"": ""AL. GRUNWALDZKA 256"", ""city"": ""GDAŃSK"", ""region"": ""POMORSKIE"", ""country"": ""PL""}",54.4022,18.5714,LEASE,1487 PLN,per month,Hybrid,Automatic,FWD
VR7BAHPY2TE032713,C4 Max · od 1456 PLN/mies.,Citroën C4 Max · Rata od 1456 PLN netto/mies. · Leasing B2B · Warszawa · Sprawdź ofertę!,https://sklep.citroen.pl/produkt/c4/vr7bahpy2te032713/,https://raw.githubusercontent.com/Andy11001/-alfa-inventory/master/data/images/VR7BAHPY2TE032713_clean.webp,Citroën,C4,2025,0,KM,Hatchback,Rouge Elixir,New,114098 PLN,PLN,"{""addr1"": ""AL. KRAKOWSKA 206"", ""city"": ""WARSZAWA"", ""region"": ""MAZOWIECKIE"", ""country"": ""PL""}",52.2084,20.9412,LEASE,1456 PLN,per month,Hybrid,Automatic,FWD
VR7BDHPY6TE032320,C4 X Max · od 1456 PLN/mies.,Citroën C4 X Max · Rata od 1456 PLN netto/mies. · Leasing B2B · Warszawa · Sprawdź ofertę!,https://sklep.citroen.pl/produkt/c4-x/vr7bdhpy6te032320/,https://raw.githubusercontent.com/Andy11001/-alfa-inventory/master/data/images/VR7BDHPY6TE032320_clean.webp,Citroën,C4 X,2025,0,KM,SUV,Rouge Elixir,New,114098 PLN,PLN,"{""addr1"": ""AL. KRAKOWSKA 206"", ""city"": ""WARSZAWA"", ""region"": ""MAZOWIECKIE"", ""country"": ""PL""}",52.2084,20.9412,LEASE,1456 PLN,per month,Hybrid,Automatic,FWD
VR7BAHPY3TE032395,C4 Max · od 1456 PLN/mies.,Citroën C4 Max · Rata od 1456 PLN netto/mies. · Leasing B2B · Warszawa · Sprawdź ofertę!,https://sklep.citroen.pl/produkt/c4/vr7bahpy3te032395/,https://raw.githubusercontent.com/Andy11001/-alfa-inventory/master/data/images/VR7BAHPY3TE032395_clean.webp,Citroën,C4,2025,0,KM,Hatchback,Rouge Elixir,New,114098 PLN,PLN,"{""addr1"": ""AL. KRAKOWSKA 206"", ""city"": ""WARSZAWA"", ""region"": ""MAZOWIECKIE"", ""country"": ""PL""}",52.2084,20.9412,LEASE,1456 PLN,per month,Hybrid,Automatic,FWD
VR7BDHPY8TE032321,C4 X Max · od 1455 PLN/mies.,Citroën C4 X Max · Rata od 1455 PLN netto/mies. · Leasing B2B · Wrocław · Sprawdź ofertę!,https://sklep.citroen.pl/produkt/c4-x/vr7bdhpy8te032321/,https://raw.githubusercontent.com/Andy11001/-alfa-inventory/master/data/images/VR7BDHPY8TE032321_clean.webp,Citroën,C4 X,2025,0,KM,SUV,Rouge Elixir,New,114015 PLN,PLN,"{""addr1"": ""UL. SZCZECIŃSKA 7"", ""city"": ""WROCŁAW"", ""region"": ""DOLNOŚLĄSKIE"", ""country"": ""PL""}",51.1274,16.9535,LEASE,1455 PLN,per month,Hybrid,Automatic,FWD
VR7BDHPY2TE032332,C4 X Max · od 1453 PLN/mies.,Citroën C4 X Max · Rata od 1453 PLN netto/mies. · Leasing B2B · Płock · Sprawdź ofertę!,https://sklep.citroen.pl/produkt/c4-x/vr7bdhpy2te032332/,https://raw.githubusercontent.com/Andy11001/-alfa-inventory/master/data/images/VR7BDHPY2TE032332_clean.webp,Citroën,C4 X,2025,0,KM,SUV,Blanc Okenite,New,113809 PLN,PLN,"{""addr1"": ""PŁOCK"", ""city"": ""PŁOCK"", ""region"": ""MAZOWIECKIE"", ""country"": ""PL""}",,,LEASE,1453 PLN,per month,Hybrid,Automatic,FWD
VR7BAHPY8TE032604,C4 Max · od 1448 PLN/mies.,Citroën C4 Max · Rata od 1448 PLN netto/mies. · Leasing B2B · Łódź · Sprawdź ofertę!,https://sklep.citroen.pl/produkt/c4/vr7bahpy8te032604/,https://raw.githubusercontent.com/Andy11001/-alfa-inventory/master/data/images/VR7BAHPY8TE032604_clean.webp,Citroën,C4,2025,0,KM,Hatchback,Gris Mercury,New,113438 PLN,PLN,"{""addr1"": ""UL. OBYWATELSKA 181"", ""city"": ""ŁÓDŹ"", ""region"": ""ŁÓDZKIE"", ""country"": ""PL""}",51.7371,19.4316,LEASE,1448 PLN,per month,Hybrid,Automatic,FWD
VR7BDHPY5TE032745,C4 X Max · od 1448 PLN/mies.,Citroën C4 X Max · Rata od 1448 PLN netto/mies. · Leasing B2B · Łódź · Sprawdź ofertę!,https://sklep.citroen.pl/produkt/c4-x/vr7bdhpy5te032745/,https://raw.githubusercontent.com/Andy11001/-alfa-inventory/master/data/images/VR7BDHPY5TE032745_clean.webp,Citroën,C4 X,2025,0,KM,SUV,Mercury Grey,New,113438 PLN,PLN,"{""addr1"": ""UL. OBYWATELSKA 181"", ""city"": ""ŁÓDŹ"", ""region"": ""ŁÓDZKIE"", ""country"": ""PL""}",51.7371,19.4316,LEASE,1448 PLN,per month,Hybrid,Automatic,FWD
VR7BDHPY4TE032316,C4 X Max · od 1448 PLN/mies.,Citroën C4 X Max · Rata od 1448 PLN netto/mies. · Leasing B2B · Łódź · Sprawdź ofertę!,https://sklep.citroen.pl/produkt/c4-x/vr7bdhpy4te032316/,https://raw.githubusercontent.com/Andy11001/-alfa-inventory/master/data/images/VR7BDHPY4TE032316_clean.webp,Citroën,C4 X,2025,0,KM,SUV,Manhattan Green,New,113438 PLN,PLN,"{""addr1"": ""UL. OBYWATELSKA 181"", ""city"": ""ŁÓDŹ"", ""region"": ""ŁÓDZKIE"", ""country"": ""PL""}",51.7371,19.4316,LEASE,1448 PLN,per month,Hybrid,Automatic,FWD
VR7BDHPY6TE032317,C4 X Max · od 1448 PLN/mies.,Citroën C4 X Max · Rata od 1448 PLN netto/mies. · Leasing B2B · Wrocław · Sprawdź ofertę!,https://sklep.citroen.pl/produkt/c4-x/vr7bdhpy6te032317/,https://raw.githubusercontent.com/Andy11001/-alfa-inventory/master/data/images/VR7BDHPY6TE032317_clean.webp,Citroën,C4 X,2025,0,KM,SUV,Manhattan Green,New,113438 PLN,PLN,"{""addr1"": ""UL. SZCZECIŃSKA 7"", ""city"": ""WROCŁAW"", ""region"": ""DOLNOŚLĄSKIE"", ""country"": ""PL""}",51.1274,16.9535,LEASE,1448 PLN,per month,Hybrid,Automatic,FWD
VR7BDHPY8TE032318,C4 X Max · od 1448 PLN/mies.,Citroën C4 X Max · Rata od 1448 PLN netto/mies. · Leasing B2B · Elbląg · Sprawdź ofertę!,https://sklep.citroen.pl/produkt/c4-x/vr7bdhpy8te032318/,https://raw.githubusercontent.com/Andy11001/-alfa-inventory/master/data/images/VR7BDHPY8TE032318_clean.webp,Citroën,C4 X,2025,0,KM,SUV,Rouge Elixir,New,113396 PLN,PLN,"{""addr1"": ""ELBLĄG"", ""city"": ""ELBLĄG"", ""region"": ""MAZOWIECKIE"", ""country"": ""PL""}",,,LEASE,1448 PLN,per month,Hybrid,Automatic,FWD
VR7BDHPY1TE032323,C4 X Max · od 1447 PLN/mies.,Citroën C4 X Max · Rata od 1447 PLN netto/mies. · Leasing B2B · Gdańsk · Sprawdź ofertę!,https://sklep.citroen.pl/produkt/c4-x/vr7bdhpy1te032323/,https://raw.githubusercontent.com/Andy11001/-alfa-inventory/master/data/images/VR7BDHPY1TE032323_clean.webp,Citroën,C4 X,2025,0,KM,SUV,Manhattan Green,New,113355 PLN,PLN,"{""addr1"": ""AL. GRUNWALDZKA 256"", ""city"": ""GDAŃSK"", ""region"": ""POMORSKIE"", ""country"": ""PL""}",54.4022,18.5714,LEASE,1447 PLN,per month,Hybrid,Automatic,FWD
VR7BAHPY9TE032451,C4 Max · od 1447 PLN/mies.,Citroën C4 Max · Rata od 1447 PLN netto/mies. · Leasing B2B · Gdańsk · Sprawdź ofertę!,https://sklep.citroen.pl/produkt/c4/vr7bahpy9te032451/,https://raw.githubusercontent.com/Andy11001/-alfa-inventory/master/data/images/VR7BAHPY9TE032451_clean.webp,Citroën,C4,2025,0,KM,Hatchback,Gris Mercury,New,113355 PLN,PLN,"{""addr1"": ""AL. GRUNWALDZKA 256"", ""city"": ""GDAŃSK"", ""region"": ""POMORSKIE"", ""country"": ""PL""}",54.4022,18.5714,LEASE,1447 PLN,per month,Hybrid,Automatic,FWD
VR7BAHPYXTE032636,C4 Max · od 1432 PLN/mies.,Citroën C4 Max · Rata od 1432 PLN netto/mies. · Leasing B2B · Częstochowa · Sprawdź ofertę!,https://sklep.citroen.pl/produkt/c4/vr7bahpyxte032636/,https://raw.githubusercontent.com/Andy11001/-alfa-inventory/master/data/images/VR7BAHPYXTE032636_clean.webp,Citroën,C4,2025,0,KM,Hatchback,Rouge Elixir,New,112159 PLN,PLN,"{""addr1"": ""CZĘSTOCHOWA"", ""city"": ""CZĘSTOCHOWA"", ""region"": ""MAZOWIECKIE"", ""country"": ""PL""}",,,LEASE,1432 PLN,per month,Hybrid,Automatic,FWD
VR7BDHPY0TE032314,C4 X Max · od 1423 PLN/mies.,Citroën C4 X Max · Rata od 1423 PLN netto/mies. · Leasing B2B · Wrocław · Sprawdź ofertę!,https://sklep.citroen.pl/produkt/c4-x/vr7bdhpy0te032314/,https://raw.githubusercontent.com/Andy11001/-alfa-inventory/master/data/images/VR7BDHPY0TE032314_clean.webp,Citroën,C4 X,2025,0,KM,SUV,Mercury Grey,New,111499 PLN,PLN,"{""addr1"": ""UL. SZCZECIŃSKA 7"", ""city"": ""WROCŁAW"", ""region"": ""DOLNOŚLĄSKIE"", ""country"": ""PL""}",51.1274,16.9535,LEASE,1423 PLN,per month,Hybrid,Automatic,FWD
VR7BDHPY9TE032327,C4 X Max · od 1416 PLN/mies.,Citroën C4 X Max · Rata od 1416 PLN netto/mies. · Leasing B2B · Warszawa · Sprawdź ofertę!,https://sklep.citroen.pl/produkt/c4-x/vr7bdhpy9te032327/,https://raw.githubusercontent.com/Andy11001/-alfa-inventory/master/data/images/VR7BDHPY9TE032327_clean.webp,Citroën,C4 X,2025,0,KM,SUV,Blanc Okenite,New,110921 PLN,PLN,"{""addr1"": ""AL. KRAKOWSKA 206"", ""city"": ""WARSZAWA"", ""region"": ""MAZOWIECKIE"", ""country"": ""PL""}",52.2084,20.9412,LEASE,1416 PLN,per month,Hybrid,Automatic,FWD
VR7CGHPY3TT192081,C3 Aircross Max · od 1452 PLN/mies.,Citroën C3 Aircross Max · Rata od 1452 PLN netto/mies. · Leasing B2B · Gdańsk · Sprawdź ofertę!,https://sklep.citroen.pl/produkt/c3-aircross/vr7cghpy3tt192081/,https://raw.githubusercontent.com/Andy11001/-alfa-inventory/master/data/images/VR7CGHPY3TT192081_clean.webp,Citroën,C3 Aircross,2025,0,KM,SUV,Polar White,New,113784 PLN,PLN,"{""addr1"": ""AL. GRUNWALDZKA 256"", ""city"": ""GDAŃSK"", ""region"": ""POMORSKIE"", ""country"": ""PL""}",54.4022,18.5714,LEASE,1452 PLN,per month,Hybrid,Automatic,FWD
VR7CGHPY4TT192087,C3 Aircross Max · od 1452 PLN/mies.,Citroën C3 Aircross Max · Rata od 1452 PLN netto/mies. · Leasing B2B · Gdańsk · Sprawdź ofertę!,https://sklep.citroen.pl/produkt/c3-aircross/vr7cghpy4tt192087/,https://raw.githubusercontent.com/Andy11001/-alfa-inventory/master/data/images/VR7CGHPY4TT192087_clean.webp,Citroën,C3 Aircross,2025,0,KM,SUV,Polar White,New,113784 PLN,PLN,"{""addr1"": ""AL. GRUNWALDZKA 256"", ""city"": ""GDAŃSK"", ""region"": ""POMORSKIE"", ""country"": ""PL""}",54.4022,18.5714,LEASE,1452 PLN,per month,Hybrid,Automatic,FWD
VR7BAHPY4TE032504,C4 Business · od 1649 PLN/mies.,Citroën C4 Business · Rata od 1649 PLN netto/mies. · Leasing B2B · Kutno · Sprawdź ofertę!,https://sklep.citroen.pl/produkt/c4/vr7bahpy4te032504/,https://raw.githubusercontent.com/Andy11001/-alfa-inventory/master/data/images/VR7BAHPY4TE032504_clean.webp,Citroën,C4,2025,0,KM,Hatchback,Gris Mercury,New,129250 PLN,PLN,"{""addr1"": ""KUTNO"", ""city"": ""KUTNO"", ""region"": ""MAZOWIECKIE"", ""country"": ""PL""}",,,LEASE,1649 PLN,per month,Hybrid,Automatic,FWD
VR7BAHPY1TE032539,C4 Plus · od 1387 PLN/mies.,Citroën C4 Plus · Rata od 1387 PLN netto/mies. · Leasing B2B · Poznań · Sprawdź ofertę!,https://sklep.citroen.pl/produkt/c4/vr7bahpy1te032539/,https://raw.githubusercontent.com/Andy11001/-alfa-inventory/master/data/images/VR7BAHPY1TE032539_clean.webp,Citroën,C4,2025,0,KM,Hatchback,Blanc Okenite,New,108582 PLN,PLN,"{""addr1"": ""UL. KRZYWOUSTEGO 71"", ""city"": ""POZNAŃ"", ""region"": ""WIELKOPOLSKIE"", ""country"": ""PL""}",52.3787,17.0270,LEASE,1387 PLN,per month,Hybrid,Automatic,FWD
VR7CCHPX5TT178797,C3 Plus · od 1248 PLN/mies.,Citroën C3 Plus · Rata od 1248 PLN netto/mies. · Leasing B2B · Kraków · Sprawdź ofertę!,https://sklep.citroen.pl/produkt/c3/vr7cchpx5tt178797/,https://raw.githubusercontent.com/Andy11001/-alfa-inventory/master/data/images/VR7CCHPX5TT178797_clean.webp,Citroën,C3,2025,0,KM,Hatchback,Rouge Elixir,New,97636 PLN,PLN,"{""addr1"": ""UL. OPOLSKA 9"", ""city"": ""KRAKÓW"", ""region"": ""MAŁOPOLSKIE"", ""country"": ""PL""}",50.0931,19.9238,LEASE,1248 PLN,per month,Hybrid,Automatic,FWD
VR7CCHPV6TT188141,C3 You · od 904 PLN/mies.,Citroën C3 You · Rata od 904 PLN netto/mies. · Leasing B2B · Łódź · Sprawdź ofertę!,https://sklep.citroen.pl/produkt/c3/vr7cchpv6tt188141/,https://raw.githubusercontent.com/Andy11001/-alfa-inventory/master/data/images/VR7CCHPV6TT188141_clean.webp,Citroën,C3,2025,0,KM,Hatchback,Monte Carlo,New,70560 PLN,PLN,"{""addr1"": ""UL. OBYWATELSKA 181"", ""city"": ""ŁÓDŹ"", ""region"": ""ŁÓDZKIE"", ""country"": ""PL""}",51.7371,19.4316,LEASE,904 PLN,per month,Gasoline,Manual,FWD
VR7CCHPVXTT188143,C3 You · od 904 PLN/mies.,Citroën C3 You · Rata od 904 PLN netto/mies. · Leasing B2B · Łódź · Sprawdź ofertę!,https://sklep.citroen.pl/produkt/c3/vr7cchpvxtt188143/,https://raw.githubusercontent.com/Andy11001/-alfa-inventory/master/data/images/VR7CCHPVXTT188143_clean.webp,Citroën,C3,2025,0,KM,Hatchback,Monte Carlo,New,70560 PLN,PLN,"{""addr1"": ""UL. OBYWATELSKA 181"", ""city"": ""ŁÓDŹ"", ""region"": ""ŁÓDZKIE"", ""country"": ""PL""}",51.7371,19.4316,LEASE,904 PLN,per month,Gasoline,Manual,FWD
VR7CCHPV4TT188137,C3 You · od 904 PLN/mies.,Citroën C3 You · Rata od 904 PLN netto/mies. · Leasing B2B · Radom · Sprawdź ofertę!,https://sklep.citroen.pl/produkt/c3/vr7cchpv4tt188137/,https://raw.githubusercontent.com/Andy11001/-alfa-inventory/master/data/images/VR7CCHPV4TT188137_clean.webp,Citroën,C3,2025,0,KM,Hatchback,Monte Carlo,New,70560 PLN,PLN,"{""addr1"": ""RADOM"", ""city"": ""RADOM"", ""region"": ""MAZOWIECKIE"", ""country"": ""PL""}",,,LEASE,904 PLN,per month,Gasoline,Manual,FWD
VR7CCHPV8TT188142,C3 You · od 904 PLN/mies.,Citroën C3 You · Rata od 904 PLN netto/mies. · Leasing B2B · Łódź · Sprawdź ofertę!,https://sklep.citroen.pl/produkt/c3/vr7cchpv8tt188142/,https://raw.githubusercontent.com/Andy11001/-alfa-inventory/master/data/images/VR7CCHPV8TT188142_clean.webp,Citroën,C3,2025,0,KM,Hatchback,Monte Carlo,New,70560 PLN,PLN,"{""addr1"": ""UL. OBYWATELSKA 181"", ""city"": ""ŁÓDŹ"", ""region"": ""ŁÓDZKIE"", ""country"": ""PL""}",51.7371,19.4316,LEASE,904 PLN,per month,Gasoline,Manual,FWD
VR7CCHPV4TT188140,C3 You · od 904 PLN/mies.,Citroën C3 You · Rata od 904 PLN netto/mies. · Leasing B2B · Łódź · Sprawdź ofertę!,https://sklep.citroen.pl/produkt/c3/vr7cchpv4tt188140/,https://raw.githubusercontent.com/Andy11001/-alfa-inventory/master/data/images/VR7CCHPV4TT188140_clean.webp,Citroën,C3,2025,0,KM,Hatchback,Monte Carlo,New,70560 PLN,PLN,"{""addr1"": ""UL. OBYWATELSKA 181"", ""city"": ""ŁÓDŹ"", ""region"": ""ŁÓDZKIE"", ""country"": ""PL""}",51.7371,19.4316,LEASE,904 PLN,per month,Gasoline,Manual,FWD
VR7KBDGK2TL037360,Nowy C5 Aircross Max · od 2505 PLN/mies.,Citroën Nowy C5 Aircross Max · Rata od 2505 PLN netto/mies. · Leasing B2B · Poznań · Sprawdź ofertę!,https://sklep.citroen.pl/produkt/nowy-c5-aircross/vr7kbdgk2tl037360/,https://raw.githubusercontent.com/Andy11001/-alfa-inventory/master/data/images/VR7KBDGK2TL037360_clean.webp,Citroën,Nowy C5 Aircross,2025,0,KM,SUV,Astoria Green,New,196803 PLN,PLN,"{""addr1"": ""UL. KRZYWOUSTEGO 71"", ""city"": ""POZNAŃ"", ""region"": ""WIELKOPOLSKIE"", ""country"": ""PL""}",52.3787,17.0270,LEASE,2505 PLN,per month,Hybrid,Automatic,FWD
VR7KAHPY9TL035328,Nowy C5 Aircross Max · od 1917 PLN/mies.,Citroën Nowy C5 Aircross Max · Rata od 1917 PLN netto/mies. · Leasing B2B · Częstochowa · Sprawdź ofertę!,https://sklep.citroen.pl/produkt/nowy-c5-aircross/vr7kahpy9tl035328/,https://raw.githubusercontent.com/Andy11001/-alfa-inventory/master/data/images/VR7KAHPY9TL035328_clean.webp,Citroën,Nowy C5 Aircross,2025,0,KM,SUV,Platinium Grey,New,150414 PLN,PLN,"{""addr1"": ""CZĘSTOCHOWA"", ""city"": ""CZĘSTOCHOWA"", ""region"": ""MAZOWIECKIE"", ""country"": ""PL""}",,,LEASE,1917 PLN,per month,Hybrid,Automatic,FWD
VR7KAHPYXTL018098,Nowy C5 Aircross Max · od 1915 PLN/mies.,Citroën Nowy C5 Aircross Max · Rata od 1915 PLN netto/mies. · Leasing B2B · Łódź · Sprawdź ofertę!,https://sklep.citroen.pl/produkt/nowy-c5-aircross/vr7kahpyxtl018098/,https://raw.githubusercontent.com/Andy11001/-alfa-inventory/master/data/images/VR7KAHPYXTL018098_clean.webp,Citroën,Nowy C5 Aircross,2025,0,KM,SUV,Astoria Green,New,150240 PLN,PLN,"{""addr1"": ""UL. OBYWATELSKA 181"", ""city"": ""ŁÓDŹ"", ""region"": ""ŁÓDZKIE"", ""country"": ""PL""}",51.7371,19.4316,LEASE,1915 PLN,per month,Hybrid,Automatic,FWD
VR7KAHPY8TL032551,Nowy C5 Aircross Max · od 1875 PLN/mies.,Citroën Nowy C5 Aircross Max · Rata od 1875 PLN netto/mies. · Leasing B2B · Białystok · Sprawdź ofertę!,https://sklep.citroen.pl/produkt/nowy-c5-aircross/vr7kahpy8tl032551/,https://raw.githubusercontent.com/Andy11001/-alfa-inventory/master/data/images/VR7KAHPY8TL032551_clean.webp,Citroën,Nowy C5 Aircross,2025,0,KM,SUV,Okenite White,New,147108 PLN,PLN,"{""addr1"": ""BIAŁYSTOK"", ""city"": ""BIAŁYSTOK"", ""region"": ""PODLASKIE"", ""country"": ""PL""}",,,LEASE,1875 PLN,per month,Hybrid,Automatic,FWD
VR7KAHPY2TL035624,Nowy C5 Aircross Max · od 1868 PLN/mies.,Citroën Nowy C5 Aircross Max · Rata od 1868 PLN netto/mies. · Leasing B2B · Katowice · Sprawdź ofertę!,https://sklep.citroen.pl/produkt/nowy-c5-aircross/vr7kahpy2tl035624/,https://raw.githubusercontent.com/Andy11001/-alfa-inventory/master/data/images/VR7KAHPY2TL035624_clean.jpg,Citroën,Nowy C5 Aircross,2025,0,KM,SUV,Okenite White,New,146543 PLN,PLN,"{""addr1"": ""AL. ROŹDZIEŃSKIEGO 170"", ""city"": ""KATOWICE"", ""region"": ""ŚLĄSKIE"", ""country"": ""PL""}",50.2649,19.0238,LEASE,1868 PLN,per month,Hybrid,Automatic,FWD
VR7KAHPY2TL032870,Nowy C5 Aircross Max · od 1851 PLN/mies.,Citroën Nowy C5 Aircross Max · Rata od 1851 PLN netto/mies. · Leasing B2B · Łódź · Sprawdź ofertę!,https://sklep.citroen.pl/produkt/nowy-c5-aircross/vr7kahpy2tl032870/,https://raw.githubusercontent.com/Andy11001/-alfa-inventory/master/data/images/VR7KAHPY2TL032870_clean.jpg,Citroën,Nowy C5 Aircross,2025,0,KM,SUV,Platinium Grey,New,145238 PLN,PLN,"{""addr1"": ""UL. OBYWATELSKA 181"", ""city"": ""ŁÓDŹ"", ""region"": ""ŁÓDZKIE"", ""country"": ""PL""}",51.7371,19.4316,LEASE,1851 PLN,per month,Hybrid,Automatic,FWD
VR7KAHPY1TL035419,Nowy C5 Aircross Max · od 1843 PLN/mies.,Citroën Nowy C5 Aircross Max · Rata od 1843 PLN netto/mies. · Leasing B2B · Gliwice · Sprawdź ofertę!,https://sklep.citroen.pl/produkt/nowy-c5-aircross/vr7kahpy1tl035419/,https://raw.githubusercontent.com/Andy11001/-alfa-inventory/master/data/images/VR7KAHPY1TL035419_clean.webp,Citroën,Nowy C5 Aircross,2025,0,KM,SUV,Ruby Red,New,144585 PLN,PLN,"{""addr1"": ""GLIWICE"", ""city"": ""GLIWICE"", ""region"": ""ŚLĄSKIE"", ""country"": ""PL""}",,,LEASE,1843 PLN,per month,Hybrid,Automatic,FWD
VR7KAHPY0TL034116,Nowy C5 Aircross Max · od 1743 PLN/mies.,Citroën Nowy C5 Aircross Max · Rata od 1743 PLN netto/mies. · Leasing B2B · Zielona Góra · Sprawdź ofertę!,https://sklep.citroen.pl/produkt/nowy-c5-aircross/vr7kahpy0tl034116/,https://raw.githubusercontent.com/Andy11001/-alfa-inventory/master/data/images/VR7KAHPY0TL034116_clean.webp,Citroën,Nowy C5 Aircross,2025,0,KM,SUV,Ruby Red,New,136700 PLN,PLN,"{""addr1"": ""ZIELONA GÓRA"", ""city"": ""ZIELONA GÓRA"", ""region"": ""MAZOWIECKIE"", ""country"": ""PL""}",,,LEASE,1743 PLN,per month,Hybrid,Automatic,FWD
VR7BDHPY1TE024173,C4 X Max · od 1498 PLN/mies.,Citroën C4 X Max · Rata od 1498 PLN netto/mies. · Leasing B2B · Warszawa · Sprawdź ofertę!,https://sklep.citroen.pl/produkt/c4-x/vr7bdhpy1te024173/,https://raw.githubusercontent.com/Andy11001/-alfa-inventory/master/data/images/VR7BDHPY1TE024173_clean.jpg,Citroën,C4 X,2025,0,KM,SUV,Manhattan Green,New,117356 PLN,PLN,"{""addr1"": ""AL. KRAKOWSKA 206"", ""city"": ""WARSZAWA"", ""region"": ""MAZOWIECKIE"", ""country"": ""PL""}",52.2084,20.9412,LEASE,1498 PLN,per month,Hybrid,Automatic,FWD
VR7BDHPY3TE025079,C4 X Max · od 1465 PLN/mies.,Citroën C4 X Max · Rata od 1465 PLN netto/mies. · Leasing B2B · Kalisz · Sprawdź ofertę!,https://sklep.citroen.pl/produkt/c4-x/vr7bdhpy3te025079/,https://raw.githubusercontent.com/Andy11001/-alfa-inventory/master/data/images/VR7BDHPY3TE025079_clean.webp,Citroën,C4 X,2025,0,KM,SUV,Manhattan Green,New,114758 PLN,PLN,"{""addr1"": ""KALISZ"", ""city"": ""KALISZ"", ""region"": ""MAZOWIECKIE"", ""country"": ""PL""}",,,LEASE,1465 PLN,per month,Hybrid,Automatic,FWD
VR7BAHPY8TE024664,C4 Max · od 1458 PLN/mies.,Citroën C4 Max · Rata od 1458 PLN netto/mies. · Leasing B2B · Radom · Sprawdź ofertę!,https://sklep.citroen.pl/produkt/c4/vr7bahpy8te024664/,https://raw.githubusercontent.com/Andy11001/-alfa-inventory/master/data/images/VR7BAHPY8TE024664_clean.webp,Citroën,C4,2025,0,KM,Hatchback,Bleu Eclipse,New,114221 PLN,PLN,"{""addr1"": ""RADOM"", ""city"": ""RADOM"", ""region"": ""MAZOWIECKIE"", ""country"": ""PL""}",,,LEASE,1458 PLN,per month,Hybrid,Automatic,FWD
VR7BAHPY8TE026768,C4 Max · od 1438 PLN/mies.,Citroën C4 Max · Rata od 1438 PLN netto/mies. · Leasing B2B · Sosnowiec · Sprawdź ofertę!,https://sklep.citroen.pl/produkt/c4/vr7bahpy8te026768/,https://raw.githubusercontent.com/Andy11001/-alfa-inventory/master/data/images/VR7BAHPY8TE026768_clean.webp,Citroën,C4,2025,0,KM,Hatchback,Rouge Elixir,New,112612 PLN,PLN,"{""addr1"": ""SOSNOWIEC"", ""city"": ""SOSNOWIEC"", ""region"": ""ŚLĄSKIE"", ""country"": ""PL""}",,,LEASE,1438 PLN,per month,Hybrid,Automatic,FWD
VR7BAHPY6TE026994,C4 Max · od 1434 PLN/mies.,Citroën C4 Max · Rata od 1434 PLN netto/mies. · Leasing B2B · Bydgoszcz · Sprawdź ofertę!,https://sklep.citroen.pl/produkt/c4/vr7bahpy6te026994/,https://raw.githubusercontent.com/Andy11001/-alfa-inventory/master/data/images/VR7BAHPY6TE026994_clean.webp,Citroën,C4,2025,0,KM,Hatchback,Blanc Okenite,New,112324 PLN,PLN,"{""addr1"": ""BYDGOSZCZ"", ""city"": ""BYDGOSZCZ"", ""region"": ""KUJAWSKO-POMORSKIE"", ""country"": ""PL""}",,,LEASE,1434 PLN,per month,Hybrid,Automatic,FWD
VR7BAHPY0TE026845,C4 Max · od 1420 PLN/mies.,Citroën C4 Max · Rata od 1420 PLN netto/mies. · Leasing B2B · Sosnowiec · Sprawdź ofertę!,https://sklep.citroen.pl/produkt/c4/vr7bahpy0te026845/,https://raw.githubusercontent.com/Andy11001/-alfa-inventory/master/data/images/VR7BAHPY0TE026845_clean.jpg,Citroën,C4,2025,0,KM,Hatchback,Blanc Okenite,New,111251 PLN,PLN,"{""addr1"": ""SOSNOWIEC"", ""city"": ""SOSNOWIEC"", ""region"": ""ŚLĄSKIE"", ""country"": ""PL""}",,,LEASE,1420 PLN,per month,Hybrid,Automatic,FWD
VR7BDHPY5TE022829,C4 X Max · od 1405 PLN/mies.,Citroën C4 X Max · Rata od 1405 PLN netto/mies. · Leasing B2B · Elbląg · Sprawdź ofertę!,https://sklep.citroen.pl/produkt/c4-x/vr7bdhpy5te022829/,https://raw.githubusercontent.com/Andy11001/-alfa-inventory/master/data/images/VR7BDHPY5TE022829_clean.webp,Citroën,C4 X,2025,0,KM,SUV,Blue Eclipse,New,110014 PLN,PLN,"{""addr1"": ""ELBLĄG"", ""city"": ""ELBLĄG"", ""region"": ""MAZOWIECKIE"", ""country"": ""PL""}",,,LEASE,1405 PLN,per month,Hybrid,Automatic,FWD
VR7BDHPYXTE025080,C4 X Max · od 1397 PLN/mies.,Citroën C4 X Max · Rata od 1397 PLN netto/mies. · Leasing B2B · Łódź · Sprawdź ofertę!,https://sklep.citroen.pl/produkt/c4-x/vr7bdhpyxte025080/,https://raw.githubusercontent.com/Andy11001/-alfa-inventory/master/data/images/VR7BDHPYXTE025080_clean.jpg,Citroën,C4 X,2025,0,KM,SUV,Mercury Grey,New,109436 PLN,PLN,"{""addr1"": ""UL. OBYWATELSKA 181"", ""city"": ""ŁÓDŹ"", ""region"": ""ŁÓDZKIE"", ""country"": ""PL""}",51.7371,19.4316,LEASE,1397 PLN,per month,Hybrid,Automatic,FWD
VR7BDHPY7TE025067,C4 X Max · od 1397 PLN/mies.,Citroën C4 X Max · Rata od 1397 PLN netto/mies. · Leasing B2B · Warszawa · Sprawdź ofertę!,https://sklep.citroen.pl/produkt/c4-x/vr7bdhpy7te025067/,https://raw.githubusercontent.com/Andy11001/-alfa-inventory/master/data/images/VR7BDHPY7TE025067_clean.webp,Citroën,C4 X,2025,0,KM,SUV,Blanc Okenite,New,109436 PLN,PLN,"{""addr1"": ""AL. KRAKOWSKA 206"", ""city"": ""WARSZAWA"", ""region"": ""MAZOWIECKIE"", ""country"": ""PL""}",52.2084,20.9412,LEASE,1397 PLN,per month,Hybrid,Automatic,FWD
VR7BDHPY4TE025110,C4 X Max · od 1393 PLN/mies.,Citroën C4 X Max · Rata od 1393 PLN netto/mies. · Leasing B2B · Warszawa · Sprawdź ofertę!,https://sklep.citroen.pl/produkt/c4-x/vr7bdhpy4te025110/,https://raw.githubusercontent.com/Andy11001/-alfa-inventory/master/data/images/VR7BDHPY4TE025110_clean.webp,Citroën,C4 X,2025,0,KM,SUV,Blanc Okenite,New,109065 PLN,PLN,"{""addr1"": ""AL. KRAKOWSKA 206"", ""city"": ""WARSZAWA"", ""region"": ""MAZOWIECKIE"", ""country"": ""PL""}",52.2084,20.9412,LEASE,1393 PLN,per month,Hybrid,Automatic,FWD
VR7BDHPY1TE020897,C4 X Max · od 1383 PLN/mies.,Citroën C4 X Max · Rata od 1383 PLN netto/mies. · Leasing B2B · Łódź · Sprawdź ofertę!,https://sklep.citroen.pl/produkt/c4-x/vr7bdhpy1te020897/,https://raw.githubusercontent.com/Andy11001/-alfa-inventory/master/data/images/VR7BDHPY1TE020897_clean.webp,Citroën,C4 X,2025,0,KM,SUV,Perla Nera,New,108322 PLN,PLN,"{""addr1"": ""UL. OBYWATELSKA 181"", ""city"": ""ŁÓDŹ"", ""region"": ""ŁÓDZKIE"", ""country"": ""PL""}",51.7371,19.4316,LEASE,1383 PLN,per month,Hybrid,Automatic,FWD
VR7BAHPY3TE025401,C4 Max · od 1377 PLN/mies.,Citroën C4 Max · Rata od 1377 PLN netto/mies. · Leasing B2B · Warszawa · Sprawdź ofertę!,https://sklep.citroen.pl/produkt/c4/vr7bahpy3te025401/,https://raw.githubusercontent.com/Andy11001/-alfa-inventory/master/data/images/VR7BAHPY3TE025401_clean.webp,Citroën,C4,2025,0,KM,Hatchback,Manhattan Green,New,107828 PLN,PLN,"{""addr1"": ""AL. KRAKOWSKA 206"", ""city"": ""WARSZAWA"", ""region"": ""MAZOWIECKIE"", ""country"": ""PL""}",52.2084,20.9412,LEASE,1377 PLN,per month,Hybrid,Automatic,FWD
VR7BDHPYXTE026858,C4 X Max · od 1351 PLN/mies.,Citroën C4 X Max · Rata od 1351 PLN netto/mies. · Leasing B2B · Łódź · Sprawdź ofertę!,https://sklep.citroen.pl/produkt/c4-x/vr7bdhpyxte026858/,https://raw.githubusercontent.com/Andy11001/-alfa-inventory/master/data/images/VR7BDHPYXTE026858_clean.webp,Citroën,C4 X,2025,0,KM,SUV,Perla Nera,New,105806 PLN,PLN,"{""addr1"": ""UL. OBYWATELSKA 181"", ""city"": ""ŁÓDŹ"", ""region"": ""ŁÓDZKIE"", ""country"": ""PL""}",51.7371,19.4316,LEASE,1351 PLN,per month,Hybrid,Automatic,FWD
VR7BAHPY0TE024092,C4 Collection · od 1343 PLN/mies.,Citroën C4 Collection · Rata od 1343 PLN netto/mies. · Leasing B2B · Elbląg · Sprawdź ofertę!,https://sklep.citroen.pl/produkt/c4/vr7bahpy0te024092/,https://raw.githubusercontent.com/Andy11001/-alfa-inventory/master/data/images/VR7BAHPY0TE024092_clean.webp,Citroën,C4,2025,0,KM,Hatchback,Bleu Eclipse,New,105118 PLN,PLN,"{""addr1"": ""ELBLĄG"", ""city"": ""ELBLĄG"", ""region"": ""MAZOWIECKIE"", ""country"": ""PL""}",,,LEASE,1343 PLN,per month,Hybrid,Automatic,FWD
VR7BAHPY8TE023871,C4 Collection · od 1343 PLN/mies.,Citroën C4 Collection · Rata od 1343 PLN netto/mies. · Leasing B2B · Kalisz · Sprawdź ofertę!,https://sklep.citroen.pl/produkt/c4/vr7bahpy8te023871/,https://raw.githubusercontent.com/Andy11001/-alfa-inventory/master/data/images/VR7BAHPY8TE023871_clean.webp,Citroën,C4,2025,0,KM,Hatchback,Bleu Eclipse,New,105118 PLN,PLN,"{""addr1"": ""KALISZ"", ""city"": ""KALISZ"", ""region"": ""MAZOWIECKIE"", ""country"": ""PL""}",,,LEASE,1343 PLN,per month,Hybrid,Automatic,FWD
VR7BAHPY5TE022726,C4 Collection · od 1343 PLN/mies.,Citroën C4 Collection · Rata od 1343 PLN netto/mies. · Leasing B2B · Bielsko-Biała · Sprawdź ofertę!,https://sklep.citroen.pl/produkt/c4/vr7bahpy5te022726/,https://raw.githubusercontent.com/Andy11001/-alfa-inventory/master/data/images/VR7BAHPY5TE022726_clean.webp,Citroën,C4,2025,0,KM,Hatchback,Bleu Eclipse,New,105118 PLN,PLN,"{""addr1"": ""BIELSKO-BIAŁA"", ""city"": ""BIELSKO-BIAŁA"", ""region"": ""ŚLĄSKIE"", ""country"": ""PL""}",,,LEASE,1343 PLN,per month,Hybrid,Automatic,FWD
VR7CGHPYXTT150104,C3 Aircross Plus · od 1410 PLN/mies.,Citroën C3 Aircross Plus · Rata od 1410 PLN netto/mies. · Leasing B2B · Łódź · Sprawdź ofertę!,https://sklep.citroen.pl/produkt/c3-aircross/vr7cghpyxtt150104/,https://raw.githubusercontent.com/Andy11001/-alfa-inventory/master/data/images/VR7CGHPYXTT150104_clean.webp,Citroën,C3 Aircross,2025,0,KM,SUV,Mercury Grey,New,110462 PLN,PLN,"{""addr1"": ""UL. OBYWATELSKA 181"", ""city"": ""ŁÓDŹ"", ""region"": ""ŁÓDZKIE"", ""country"": ""PL""}",51.7371,19.4316,LEASE,1410 PLN,per month,Hybrid,Automatic,FWD
VR7BDHPY5TE026346,C4 X Plus · od 1325 PLN/mies.,Citroën C4 X Plus · Rata od 1325 PLN netto/mies. · Leasing B2B · Opole · Sprawdź ofertę!,https://sklep.citroen.pl/produkt/c4-x/vr7bdhpy5te026346/,https://raw.githubusercontent.com/Andy11001/-alfa-inventory/master/data/images/VR7BDHPY5TE026346_clean.jpg,Citroën,C4 X,2025,0,KM,SUV,Blue Eclipse,New,103766 PLN,PLN,"{""addr1"": ""OPOLE"", ""city"": ""OPOLE"", ""region"": ""OPOLSKIE"", ""country"": ""PL""}",,,LEASE,1325 PLN,per month,Hybrid,Automatic,FWD
VR7CGHPY4TT148431,C3 Aircross Plus · od 1389 PLN/mies.,Citroën C3 Aircross Plus · Rata od 1389 PLN netto/mies. · Leasing B2B · Kutno · Sprawdź ofertę!,https://sklep.citroen.pl/produkt/c3-aircross/vr7cghpy4tt148431/,https://raw.githubusercontent.com/Andy11001/-alfa-inventory/master/data/images/VR7CGHPY4TT148431_clean.webp,Citroën,C3 Aircross,2025,0,KM,SUV,Elixir Red,New,108746 PLN,PLN,"{""addr1"": ""KUTNO"", ""city"": ""KUTNO"", ""region"": ""MAZOWIECKIE"", ""country"": ""PL""}",,,LEASE,1389 PLN,per month,Hybrid,Automatic,FWD
VR7CCHPV4TT142856,C3 Plus · od 1088 PLN/mies.,Citroën C3 Plus · Rata od 1088 PLN netto/mies. · Leasing B2B · Warszawa · Sprawdź ofertę!,https://sklep.citroen.pl/produkt/c3/vr7cchpv4tt142856/,https://raw.githubusercontent.com/Andy11001/-alfa-inventory/master/data/images/VR7CCHPV4TT142856_clean.webp,Citroën,C3,2025,0,KM,Hatchback,Bright Blue,New,85001 PLN,PLN,"{""addr1"": ""AL. KRAKOWSKA 206"", ""city"": ""WARSZAWA"", ""region"": ""MAZOWIECKIE"", ""country"": ""PL""}",52.2084,20.9412,LEASE,1088 PLN,per month,Gasoline,Manual,FWD
VR7CCHPV3TT142914,C3 Plus · od 1072 PLN/mies.,Citroën C3 Plus · Rata od 1072 PLN netto/mies. · Leasing B2B · Łódź · Sprawdź ofertę!,https://sklep.citroen.pl/produkt/c3/vr7cchpv3tt142914/,https://raw.githubusercontent.com/Andy11001/-alfa-inventory/master/data/images/VR7CCHPV3TT142914_clean.webp,Citroën,C3,2025,0,KM,Hatchback,Mercury Grey,New,83790 PLN,PLN,"{""addr1"": ""UL. OBYWATELSKA 181"", ""city"": ""ŁÓDŹ"", ""region"": ""ŁÓDZKIE"", ""country"": ""PL""}",51.7371,19.4316,LEASE,1072 PLN,per month,Gasoline,Manual,FWD
VR7CCHPV7TT144794,C3 Plus · od 1026 PLN/mies.,Citroën C3 Plus · Rata od 1026 PLN netto/mies. · Leasing B2B · Gdańsk · Sprawdź ofertę!,https://sklep.citroen.pl/produkt/c3/vr7cchpv7tt144794/,https://raw.githubusercontent.com/Andy11001/-alfa-inventory/master/data/images/VR7CCHPV7TT144794_clean.webp,Citroën,C3,2025,0,KM,Hatchback,Polar White,New,80109 PLN,PLN,"{""addr1"": ""AL. GRUNWALDZKA 256"", ""city"": ""GDAŃSK"", ""region"": ""POMORSKIE"", ""country"": ""PL""}",54.4022,18.5714,LEASE,1026 PLN,per month,Gasoline,Manual,FWD
VR7BAHPY4TE026251,C4 Max · od 1442 PLN/mies.,Citroën C4 Max · Rata od 1442 PLN netto/mies. · Leasing B2B · Bydgoszcz · Sprawdź ofertę!,https://sklep.citroen.pl/produkt/c4/vr7bahpy4te026251/,https://raw.githubusercontent.com/Andy11001/-alfa-inventory/master/data/images/VR7BAHPY4TE026251_clean.webp,Citroën,C4,2025,0,KM,Hatchback,Rouge Elixir,New,112984 PLN,PLN,"{""addr1"": ""BYDGOSZCZ"", ""city"": ""BYDGOSZCZ"", ""region"": ""KUJAWSKO-POMORSKIE"", ""country"": ""PL""}",,,LEASE,1442 PLN,per month,Hybrid,Automatic,FWD
VR7BDHPY8TE025112,C4 X Max · od 1487 PLN/mies.,Citroën C4 X Max · Rata od 1487 PLN netto/mies. · Leasing B2B · Gorzów Wielkopolski · Sprawdź ofertę!,https://sklep.citroen.pl/produkt/c4-x/vr7bdhpy8te025112/,https://raw.githubusercontent.com/Andy11001/-alfa-inventory/master/data/images/VR7BDHPY8TE025112_clean.webp,Citroën,C4 X,2025,0,KM,SUV,Rouge Elixir,New,116490 PLN,PLN,"{""addr1"": ""GORZÓW WIELKOPOLSKI"", ""city"": ""GORZÓW WIELKOPOLSKI"", ""region"": ""MAZOWIECKIE"", ""country"": ""PL""}",,,LEASE,1487 PLN,per month,Hybrid,Automatic,FWD
VR7BDHPY4TE025074,C4 X Max · od 1474 PLN/mies.,Citroën C4 X Max · Rata od 1474 PLN netto/mies. · Leasing B2B · Radom · Sprawdź ofertę!,https://sklep.citroen.pl/produkt/c4-x/vr7bdhpy4te025074/,https://raw.githubusercontent.com/Andy11001/-alfa-inventory/master/data/images/VR7BDHPY4TE025074_clean.webp,Citroën,C4 X,2025,0,KM,SUV,Blanc Okenite,New,115459 PLN,PLN,"{""addr1"": ""RADOM"", ""city"": ""RADOM"", ""region"": ""MAZOWIECKIE"", ""country"": ""PL""}",,,LEASE,1474 PLN,per month,Hybrid,Automatic,FWD
VR7BDHPY6TE025075,C4 X Max · od 1468 PLN/mies.,Citroën C4 X Max · Rata od 1468 PLN netto/mies. · Leasing B2B · Gdańsk · Sprawdź ofertę!,https://sklep.citroen.pl/produkt/c4-x/vr7bdhpy6te025075/,https://raw.githubusercontent.com/Andy11001/-alfa-inventory/master/data/images/VR7BDHPY6TE025075_clean.webp,Citroën,C4 X,2025,0,KM,SUV,Blanc Okenite,New,115005 PLN,PLN,"{""addr1"": ""AL. GRUNWALDZKA 256"", ""city"": ""GDAŃSK"", ""region"": ""POMORSKIE"", ""country"": ""PL""}",54.4022,18.5714,LEASE,1468 PLN,per month,Hybrid,Automatic,FWD
VR7BDHPY7TE025084,C4 X Max · od 1429 PLN/mies.,Citroën C4 X Max · Rata od 1429 PLN netto/mies. · Leasing B2B · Sosnowiec · Sprawdź ofertę!,https://sklep.citroen.pl/produkt/c4-x/vr7bdhpy7te025084/,https://raw.githubusercontent.com/Andy11001/-alfa-inventory/master/data/images/VR7BDHPY7TE025084_clean.webp,Citroën,C4 X,2025,0,KM,SUV,Blanc Okenite,New,111952 PLN,PLN,"{""addr1"": ""SOSNOWIEC"", ""city"": ""SOSNOWIEC"", ""region"": ""ŚLĄSKIE"", ""country"": ""PL""}",,,LEASE,1429 PLN,per month,Hybrid,Automatic,FWD
VR7BDHPY1TE025064,C4 X Max · od 1420 PLN/mies.,Citroën C4 X Max · Rata od 1420 PLN netto/mies. · Leasing B2B · Łódź · Sprawdź ofertę!,https://sklep.citroen.pl/produkt/c4-x/vr7bdhpy1te025064/,https://raw.githubusercontent.com/Andy11001/-alfa-inventory/master/data/images/VR7BDHPY1TE025064_clean.webp,Citroën,C4 X,2025,0,KM,SUV,Manhattan Green,New,111251 PLN,PLN,"{""addr1"": ""UL. OBYWATELSKA 181"", ""city"": ""ŁÓDŹ"", ""region"": ""ŁÓDZKIE"", ""country"": ""PL""}",51.7371,19.4316,LEASE,1420 PLN,per month,Hybrid,Automatic,FWD
VR7BAHPY1TE024652,C4 Max · od 1405 PLN/mies.,Citroën C4 Max · Rata od 1405 PLN netto/mies. · Leasing B2B · Elbląg · Sprawdź ofertę!,https://sklep.citroen.pl/produkt/c4/vr7bahpy1te024652/,https://raw.githubusercontent.com/Andy11001/-alfa-inventory/master/data/images/VR7BAHPY1TE024652_clean.webp,Citroën,C4,2025,0,KM,Hatchback,Gris Mercury,New,110014 PLN,PLN,"{""addr1"": ""ELBLĄG"", ""city"": ""ELBLĄG"", ""region"": ""MAZOWIECKIE"", ""country"": ""PL""}",,,LEASE,1405 PLN,per month,Hybrid,Automatic,FWD
VR7KAHPY0TL023598,Nowy C5 Aircross Max · od 1931 PLN/mies.,Citroën Nowy C5 Aircross Max · Rata od 1931 PLN netto/mies. · Leasing B2B · Gorzów Wielkopolski · Sprawdź ofertę!,https://sklep.citroen.pl/produkt/nowy-c5-aircross/vr7kahpy0tl023598/,https://raw.githubusercontent.com/Andy11001/-alfa-inventory/master/data/images/VR7KAHPY0TL023598_clean.webp,Citroën,Nowy C5 Aircross,2025,0,KM,SUV,Astoria Green,New,151545 PLN,PLN,"{""addr1"": ""GORZÓW WIELKOPOLSKI"", ""city"": ""GORZÓW WIELKOPOLSKI"", ""region"": ""MAZOWIECKIE"", ""country"": ""PL""}",,,LEASE,1931 PLN,per month,Hybrid,Automatic,FWD
VR7KBDGK7TL023860,Nowy C5 Aircross Plus · od 2286 PLN/mies.,Citroën Nowy C5 Aircross Plus · Rata od 2286 PLN netto/mies. · Leasing B2B · Poznań · Sprawdź ofertę!,https://sklep.citroen.pl/produkt/nowy-c5-aircross/vr7kbdgk7tl023860/,https://raw.githubusercontent.com/Andy11001/-alfa-inventory/master/data/images/VR7KBDGK7TL023860_clean.webp,Citroën,Nowy C5 Aircross,2025,0,KM,SUV,Astoria Green,New,179534 PLN,PLN,"{""addr1"": ""UL. KRZYWOUSTEGO 71"", ""city"": ""POZNAŃ"", ""region"": ""WIELKOPOLSKIE"", ""country"": ""PL""}",52.3787,17.0270,LEASE,2286 PLN,per month,Hybrid,Automatic,FWD
VR7BCZKW1TE022485,C4 Max · od 1762 PLN/mies.,Citroën C4 Max · Rata od 1762 PLN netto/mies. · Leasing B2B · Warszawa · Sprawdź ofertę!,https://sklep.citroen.pl/produkt/c4/vr7bczkw1te022485/,https://raw.githubusercontent.com/Andy11001/-alfa-inventory/master/data/images/VR7BCZKW1TE022485_clean.webp,Citroën,C4,2025,0,KM,Hatchback,Manhattan Green,New,138200 PLN,PLN,"{""addr1"": ""AL. KRAKOWSKA 206"", ""city"": ""WARSZAWA"", ""region"": ""MAZOWIECKIE"", ""country"": ""PL""}",52.2084,20.9412,LEASE,1762 PLN,per month,Electric,Automatic,FWD
VR7KAHPY4TL032711,Nowy C5 Aircross Max · od 1874 PLN/mies.,Citroën Nowy C5 Aircross Max · Rata od 1874 PLN netto/mies. · Leasing B2B · Legnica · Sprawdź ofertę!,https://sklep.citroen.pl/produkt/nowy-c5-aircross/vr7kahpy4tl032711/,https://raw.githubusercontent.com/Andy11001/-alfa-inventory/master/data/images/VR7KAHPY4TL032711_clean.webp,Citroën,Nowy C5 Aircross,2025,0,KM,SUV,Platinium Grey,New,147030 PLN,PLN,"{""addr1"": ""LEGNICA"", ""city"": ""LEGNICA"", ""region"": ""MAZOWIECKIE"", ""country"": ""PL""}",,,LEASE,1874 PLN,per month,Hybrid,Automatic,FWD
VR7KAHPY8TL032601,Nowy C5 Aircross Max · od 1843 PLN/mies.,Citroën Nowy C5 Aircross Max · Rata od 1843 PLN netto/mies. · Leasing B2B · Łódź · Sprawdź ofertę!,https://sklep.citroen.pl/produkt/nowy-c5-aircross/vr7kahpy8tl032601/,https://raw.githubusercontent.com/Andy11001/-alfa-inventory/master/data/images/VR7KAHPY8TL032601_clean.webp,Citroën,Nowy C5 Aircross,2025,0,KM,SUV,Ruby Red,New,144585 PLN,PLN,"{""addr1"": ""UL. OBYWATELSKA 181"", ""city"": ""ŁÓDŹ"", ""region"": ""ŁÓDZKIE"", ""country"": ""PL""}",51.7371,19.4316,LEASE,1843 PLN,per month,Hybrid,Automatic,FWD
VR7BDHPY1TE023072,C4 X Max · od 1458 PLN/mies.,Citroën C4 X Max · Rata od 1458 PLN netto/mies. · Leasing B2B · Radom · Sprawdź ofertę!,https://sklep.citroen.pl/produkt/c4-x/vr7bdhpy1te023072/,https://raw.githubusercontent.com/Andy11001/-alfa-inventory/master/data/images/VR7BDHPY1TE023072_clean.webp,Citroën,C4 X,2025,0,KM,SUV,Blue Eclipse,New,114221 PLN,PLN,"{""addr1"": ""RADOM"", ""city"": ""RADOM"", ""region"": ""MAZOWIECKIE"", ""country"": ""PL""}",,,LEASE,1458 PLN,per month,Hybrid,Automatic,FWD
VR7BDHPYXTE023104,C4 X Max · od 1477 PLN/mies.,Citroën C4 X Max · Rata od 1477 PLN netto/mies. · Leasing B2B · Warszawa · Sprawdź ofertę!,https://sklep.citroen.pl/produkt/c4-x/vr7bdhpyxte023104/,https://raw.githubusercontent.com/Andy11001/-alfa-inventory/master/data/images/VR7BDHPYXTE023104_clean.webp,Citroën,C4 X,2025,0,KM,SUV,Mercury Grey,New,115700 PLN,PLN,"{""addr1"": ""AL. KRAKOWSKA 206"", ""city"": ""WARSZAWA"", ""region"": ""MAZOWIECKIE"", ""country"": ""PL""}",52.2084,20.9412,LEASE,1477 PLN,per month,Hybrid,Automatic,FWD
VR7BDHPYXTE023099,C4 X Max · od 1472 PLN/mies.,Citroën C4 X Max · Rata od 1472 PLN netto/mies. · Leasing B2B · Warszawa · Sprawdź ofertę!,https://sklep.citroen.pl/produkt/c4-x/vr7bdhpyxte023099/,https://raw.githubusercontent.com/Andy11001/-alfa-inventory/master/data/images/VR7BDHPYXTE023099_clean.webp,Citroën,C4 X,2025,0,KM,SUV,Mercury Grey,New,115300 PLN,PLN,"{""addr1"": ""AL. KRAKOWSKA 206"", ""city"": ""WARSZAWA"", ""region"": ""MAZOWIECKIE"", ""country"": ""PL""}",52.2084,20.9412,LEASE,1472 PLN,per month,Hybrid,Automatic,FWD
VR7BDHPYXTE023071,C4 X Max · od 1426 PLN/mies.,Citroën C4 X Max · Rata od 1426 PLN netto/mies. · Leasing B2B · Łódź · Sprawdź ofertę!,https://sklep.citroen.pl/produkt/c4-x/vr7bdhpyxte023071/,https://raw.githubusercontent.com/Andy11001/-alfa-inventory/master/data/images/VR7BDHPYXTE023071_clean.webp,Citroën,C4 X,2025,0,KM,SUV,Manhattan Green,New,111705 PLN,PLN,"{""addr1"": ""UL. OBYWATELSKA 181"", ""city"": ""ŁÓDŹ"", ""region"": ""ŁÓDZKIE"", ""country"": ""PL""}",51.7371,19.4316,LEASE,1426 PLN,per month,Hybrid,Automatic,FWD
VR7BDHPYXTE023085,C4 X Max · od 1431 PLN/mies.,Citroën C4 X Max · Rata od 1431 PLN netto/mies. · Leasing B2B · Warszawa · Sprawdź ofertę!,https://sklep.citroen.pl/produkt/c4-x/vr7bdhpyxte023085/,https://raw.githubusercontent.com/Andy11001/-alfa-inventory/master/data/images/VR7BDHPYXTE023085_clean.webp,Citroën,C4 X,2025,0,KM,SUV,Mercury Grey,New,112100 PLN,PLN,"{""addr1"": ""AL. KRAKOWSKA 206"", ""city"": ""WARSZAWA"", ""region"": ""MAZOWIECKIE"", ""country"": ""PL""}",52.2084,20.9412,LEASE,1431 PLN,per month,Hybrid,Automatic,FWD
VR7BAHPY1TE023033,C4 Max · od 1382 PLN/mies.,Citroën C4 Max · Rata od 1382 PLN netto/mies. · Leasing B2B · Gdańsk · Sprawdź ofertę!,https://sklep.citroen.pl/produkt/c4/vr7bahpy1te023033/,https://raw.githubusercontent.com/Andy11001/-alfa-inventory/master/data/images/VR7BAHPY1TE023033_clean.webp,Citroën,C4,2025,0,KM,Hatchback,Perla Nera,New,108240 PLN,PLN,"{""addr1"": ""AL. GRUNWALDZKA 256"", ""city"": ""GDAŃSK"", ""region"": ""POMORSKIE"", ""country"": ""PL""}",54.4022,18.5714,LEASE,1382 PLN,per month,Hybrid,Automatic,FWD
VR7CGHPY6TT129217,C3 Aircross Max · od 1480 PLN/mies.,Citroën C3 Aircross Max · Rata od 1480 PLN netto/mies. · Leasing B2B · Częstochowa · Sprawdź ofertę!,https://sklep.citroen.pl/produkt/c3-aircross/vr7cghpy6tt129217/,https://raw.githubusercontent.com/Andy11001/-alfa-inventory/master/data/images/VR7CGHPY6TT129217_clean.webp,Citroën,C3 Aircross,2025,0,KM,SUV,Elixir Red,New,115918 PLN,PLN,"{""addr1"": ""CZĘSTOCHOWA"", ""city"": ""CZĘSTOCHOWA"", ""region"": ""MAZOWIECKIE"", ""country"": ""PL""}",,,LEASE,1480 PLN,per month,Hybrid,Automatic,FWD
VR7BAHPY6TE022928,C4 Business · od 1559 PLN/mies.,Citroën C4 Business · Rata od 1559 PLN netto/mies. · Leasing B2B · Opole · Sprawdź ofertę!,https://sklep.citroen.pl/produkt/c4/vr7bahpy6te022928/,https://raw.githubusercontent.com/Andy11001/-alfa-inventory/master/data/images/VR7BAHPY6TE022928_clean.webp,Citroën,C4,2025,0,KM,Hatchback,Perla Nera,New,122200 PLN,PLN,"{""addr1"": ""OPOLE"", ""city"": ""OPOLE"", ""region"": ""OPOLSKIE"", ""country"": ""PL""}",,,LEASE,1559 PLN,per month,Hybrid,Automatic,FWD
VR7KAHPYXTL023964,Nowy C5 Aircross Max · od 1931 PLN/mies.,Citroën Nowy C5 Aircross Max · Rata od 1931 PLN netto/mies. · Leasing B2B · Gorzów Wielkopolski · Sprawdź ofertę!,https://sklep.citroen.pl/produkt/nowy-c5-aircross/vr7kahpyxtl023964/,https://raw.githubusercontent.com/Andy11001/-alfa-inventory/master/data/images/VR7KAHPYXTL023964_clean.webp,Citroën,Nowy C5 Aircross,2025,0,KM,SUV,Platinium Grey,New,151545 PLN,PLN,"{""addr1"": ""GORZÓW WIELKOPOLSKI"", ""city"": ""GORZÓW WIELKOPOLSKI"", ""region"": ""MAZOWIECKIE"", ""country"": ""PL""}",,,LEASE,1931 PLN,per month,Hybrid,Automatic,FWD
VR7BAHPY2TE022599,C4 Max · od 1399 PLN/mies.,Citroën C4 Max · Rata od 1399 PLN netto/mies. · Leasing B2B · Warszawa · Sprawdź ofertę!,https://sklep.citroen.pl/produkt/c4/vr7bahpy2te022599/,https://raw.githubusercontent.com/Andy11001/-alfa-inventory/master/data/images/VR7BAHPY2TE022599_clean.webp,Citroën,C4,2025,0,KM,Hatchback,Blanc Okenite,New,109600 PLN,PLN,"{""addr1"": ""AL. KRAKOWSKA 206"", ""city"": ""WARSZAWA"", ""region"": ""MAZOWIECKIE"", ""country"": ""PL""}",52.2084,20.9412,LEASE,1399 PLN,per month,Hybrid,Automatic,FWD
VR7KAHPY9TL031084,Nowy C5 Aircross Plus · od 1803 PLN/mies.,Citroën Nowy C5 Aircross Plus · Rata od 1803 PLN netto/mies. · Leasing B2B · Łódź · Sprawdź ofertę!,https://sklep.citroen.pl/produkt/nowy-c5-aircross/vr7kahpy9tl031084/,https://raw.githubusercontent.com/Andy11001/-alfa-inventory/master/data/images/VR7KAHPY9TL031084_clean.webp,Citroën,Nowy C5 Aircross,2025,0,KM,SUV,Perla Nera Black,New,141471 PLN,PLN,"{""addr1"": ""UL. OBYWATELSKA 181"", ""city"": ""ŁÓDŹ"", ""region"": ""ŁÓDZKIE"", ""country"": ""PL""}",51.7371,19.4316,LEASE,1803 PLN,per month,Hybrid,Automatic,FWD
VR7BAHPY9TE022261,C4 Max · od 1434 PLN/mies.,Citroën C4 Max · Rata od 1434 PLN netto/mies. · Leasing B2B · Warszawa · Sprawdź ofertę!,https://sklep.citroen.pl/produkt/c4/vr7bahpy9te022261/,https://raw.githubusercontent.com/Andy11001/-alfa-inventory/master/data/images/VR7BAHPY9TE022261_clean.webp,Citroën,C4,2025,0,KM,Hatchback,Blanc Okenite,New,112324 PLN,PLN,"{""addr1"": ""AL. KRAKOWSKA 206"", ""city"": ""WARSZAWA"", ""region"": ""MAZOWIECKIE"", ""country"": ""PL""}",52.2084,20.9412,LEASE,1434 PLN,per month,Hybrid,Automatic,FWD
VR7BDHPY5TE021647,C4 X Max · od 1420 PLN/mies.,Citroën C4 X Max · Rata od 1420 PLN netto/mies. · Leasing B2B · Elbląg · Sprawdź ofertę!,https://sklep.citroen.pl/produkt/c4-x/vr7bdhpy5te021647/,https://raw.githubusercontent.com/Andy11001/-alfa-inventory/master/data/images/VR7BDHPY5TE021647_clean.webp,Citroën,C4 X,2025,0,KM,SUV,Blanc Okenite,New,111251 PLN,PLN,"{""addr1"": ""ELBLĄG"", ""city"": ""ELBLĄG"", ""region"": ""MAZOWIECKIE"", ""country"": ""PL""}",,,LEASE,1420 PLN,per month,Hybrid,Automatic,FWD
VR7BDHPY1TE021662,C4 X Max · od 1374 PLN/mies.,Citroën C4 X Max · Rata od 1374 PLN netto/mies. · Leasing B2B · Elbląg · Sprawdź ofertę!,https://sklep.citroen.pl/produkt/c4-x/vr7bdhpy1te021662/,https://raw.githubusercontent.com/Andy11001/-alfa-inventory/master/data/images/VR7BDHPY1TE021662_clean.webp,Citroën,C4 X,2025,0,KM,SUV,Perla Nera,New,107621 PLN,PLN,"{""addr1"": ""ELBLĄG"", ""city"": ""ELBLĄG"", ""region"": ""MAZOWIECKIE"", ""country"": ""PL""}",,,LEASE,1374 PLN,per month,Hybrid,Automatic,FWD
VR7BAHPY7TE021383,C4 Plus · od 1295 PLN/mies.,Citroën C4 Plus · Rata od 1295 PLN netto/mies. · Leasing B2B · Łódź · Sprawdź ofertę!,https://sklep.citroen.pl/produkt/c4/vr7bahpy7te021383/,https://raw.githubusercontent.com/Andy11001/-alfa-inventory/master/data/images/VR7BAHPY7TE021383_clean.webp,Citroën,C4,2025,0,KM,Hatchback,Blanc Okenite,New,101400 PLN,PLN,"{""addr1"": ""UL. OBYWATELSKA 181"", ""city"": ""ŁÓDŹ"", ""region"": ""ŁÓDZKIE"", ""country"": ""PL""}",51.7371,19.4316,LEASE,1295 PLN,per month,Hybrid,Automatic,FWD
VR7CCHPV6TT086807,C3 Plus · od 1063 PLN/mies.,Citroën C3 Plus · Rata od 1063 PLN netto/mies. · Leasing B2B · Łódź · Sprawdź ofertę!,https://sklep.citroen.pl/produkt/c3/vr7cchpv6tt086807/,https://raw.githubusercontent.com/Andy11001/-alfa-inventory/master/data/images/VR7CCHPV6TT086807_clean.webp,Citroën,C3,2025,0,KM,Hatchback,Noir Perla Nera,New,83078 PLN,PLN,"{""addr1"": ""UL. OBYWATELSKA 181"", ""city"": ""ŁÓDŹ"", ""region"": ""ŁÓDZKIE"", ""country"": ""PL""}",51.7371,19.4316,LEASE,1063 PLN,per month,Gasoline,Manual,FWD
VR7BAHPYXTE020809,C4 Business · od 1607 PLN/mies.,Citroën C4 Business · Rata od 1607 PLN netto/mies. · Leasing B2B · Częstochowa · Sprawdź ofertę!,https://sklep.citroen.pl/produkt/c4/vr7bahpyxte020809/,https://raw.githubusercontent.com/Andy11001/-alfa-inventory/master/data/images/VR7BAHPYXTE020809_clean.webp,Citroën,C4,2025,0,KM,Hatchback,Gris Mercury,New,125950 PLN,PLN,"{""addr1"": ""CZĘSTOCHOWA"", ""city"": ""CZĘSTOCHOWA"", ""region"": ""MAZOWIECKIE"", ""country"": ""PL""}",,,LEASE,1607 PLN,per month,Hybrid,Automatic,FWD
VR7BDHPYXTE020915,C4 X Max · od 1421 PLN/mies.,Citroën C4 X Max · Rata od 1421 PLN netto/mies. · Leasing B2B · Gdańsk · Sprawdź ofertę!,https://sklep.citroen.pl/produkt/c4-x/vr7bdhpyxte020915/,https://raw.githubusercontent.com/Andy11001/-alfa-inventory/master/data/images/VR7BDHPYXTE020915_clean.webp,Citroën,C4 X,2025,0,KM,SUV,Rouge Elixir,New,111292 PLN,PLN,"{""addr1"": ""AL. GRUNWALDZKA 256"", ""city"": ""GDAŃSK"", ""region"": ""POMORSKIE"", ""country"": ""PL""}",54.4022,18.5714,LEASE,1421 PLN,per month,Hybrid,Automatic,FWD
VR7BDHPYXTE020879,C4 X Max · od 1413 PLN/mies.,Citroën C4 X Max · Rata od 1413 PLN netto/mies. · Leasing B2B · Gdańsk · Sprawdź ofertę!,https://sklep.citroen.pl/produkt/c4-x/vr7bdhpyxte020879/,https://raw.githubusercontent.com/Andy11001/-alfa-inventory/master/data/images/VR7BDHPYXTE020879_clean.webp,Citroën,C4 X,2025,0,KM,SUV,Blue Eclipse,New,110632 PLN,PLN,"{""addr1"": ""AL. GRUNWALDZKA 256"", ""city"": ""GDAŃSK"", ""region"": ""POMORSKIE"", ""country"": ""PL""}",54.4022,18.5714,LEASE,1413 PLN,per month,Hybrid,Automatic,FWD
VR7BAHPY8TE020758,C4 Max · od 1413 PLN/mies.,Citroën C4 Max · Rata od 1413 PLN netto/mies. · Leasing B2B · Gdańsk · Sprawdź ofertę!,https://sklep.citroen.pl/produkt/c4/vr7bahpy8te020758/,https://raw.githubusercontent.com/Andy11001/-alfa-inventory/master/data/images/VR7BAHPY8TE020758_clean.webp,Citroën,C4,2025,0,KM,Hatchback,Bleu Eclipse,New,110632 PLN,PLN,"{""addr1"": ""AL. GRUNWALDZKA 256"", ""city"": ""GDAŃSK"", ""region"": ""POMORSKIE"", ""country"": ""PL""}",54.4022,18.5714,LEASE,1413 PLN,per month,Hybrid,Automatic,FWD
VR7KAHPY6TL028806,Nowy C5 Aircross Max · od 1812 PLN/mies.,Citroën Nowy C5 Aircross Max · Rata od 1812 PLN netto/mies. · Leasing B2B · Zielona Góra · Sprawdź ofertę!,https://sklep.citroen.pl/produkt/nowy-c5-aircross/vr7kahpy6tl028806/,https://raw.githubusercontent.com/Andy11001/-alfa-inventory/master/data/images/VR7KAHPY6TL028806_clean.webp,Citroën,Nowy C5 Aircross,2025,0,KM,SUV,Ruby Red,New,142170 PLN,PLN,"{""addr1"": ""ZIELONA GÓRA"", ""city"": ""ZIELONA GÓRA"", ""region"": ""MAZOWIECKIE"", ""country"": ""PL""}",,,LEASE,1812 PLN,per month,Hybrid,Automatic,FWD
VR7KAHPY7TL028877,Nowy C5 Aircross Plus · od 1814 PLN/mies.,Citroën Nowy C5 Aircross Plus · Rata od 1814 PLN netto/mies. · Leasing B2B · Łódź · Sprawdź ofertę!,https://sklep.citroen.pl/produkt/nowy-c5-aircross/vr7kahpy7tl028877/,https://raw.githubusercontent.com/Andy11001/-alfa-inventory/master/data/images/VR7KAHPY7TL028877_clean.webp,Citroën,Nowy C5 Aircross,2025,0,KM,SUV,Okenite White,New,142281 PLN,PLN,"{""addr1"": ""UL. OBYWATELSKA 181"", ""city"": ""ŁÓDŹ"", ""region"": ""ŁÓDZKIE"", ""country"": ""PL""}",51.7371,19.4316,LEASE,1814 PLN,per month,Hybrid,Automatic,FWD
VR7CCHPV1TT087508,C3 Plus · od 1064 PLN/mies.,Citroën C3 Plus · Rata od 1064 PLN netto/mies. · Leasing B2B · Częstochowa · Sprawdź ofertę!,https://sklep.citroen.pl/produkt/c3/vr7cchpv1tt087508/,https://raw.githubusercontent.com/Andy11001/-alfa-inventory/master/data/images/VR7CCHPV1TT087508_clean.webp,Citroën,C3,2025,0,KM,Hatchback,Mercury Grey,New,83172 PLN,PLN,"{""addr1"": ""CZĘSTOCHOWA"", ""city"": ""CZĘSTOCHOWA"", ""region"": ""MAZOWIECKIE"", ""country"": ""PL""}",,,LEASE,1064 PLN,per month,Gasoline,Manual,FWD
VR7CBZYAXTZ804733,C3 Max · od 1264 PLN/mies.,Citroën C3 Max · Rata od 1264 PLN netto/mies. · Leasing B2B · Warszawa · Sprawdź ofertę!,https://sklep.citroen.pl/produkt/c3/vr7cbzyaxtz804733/,https://raw.githubusercontent.com/Andy11001/-alfa-inventory/master/data/images/VR7CBZYAXTZ804733_clean.webp,Citroën,C3,2025,0,KM,Hatchback,Polar White,New,98900 PLN,PLN,"{""addr1"": ""AL. KRAKOWSKA 206"", ""city"": ""WARSZAWA"", ""region"": ""MAZOWIECKIE"", ""country"": ""PL""}",52.2084,20.9412,LEASE,1264 PLN,per month,Electric,Automatic,FWD
VR7KAHPY0TL026288,Nowy C5 Aircross Max · od 1858 PLN/mies.,Citroën Nowy C5 Aircross Max · Rata od 1858 PLN netto/mies. · Leasing B2B · Łódź · Sprawdź ofertę!,https://sklep.citroen.pl/produkt/nowy-c5-aircross/vr7kahpy0tl026288/,https://raw.githubusercontent.com/Andy11001/-alfa-inventory/master/data/images/VR7KAHPY0TL026288_clean.webp,Citroën,Nowy C5 Aircross,2025,0,KM,SUV,Eclipse Blue,New,145803 PLN,PLN,"{""addr1"": ""UL. OBYWATELSKA 181"", ""city"": ""ŁÓDŹ"", ""region"": ""ŁÓDZKIE"", ""country"": ""PL""}",51.7371,19.4316,LEASE,1858 PLN,per month,Hybrid,Automatic,FWD
VR7KAHPY4TL026018,Nowy C5 Aircross Max · od 1906 PLN/mies.,Citroën Nowy C5 Aircross Max · Rata od 1906 PLN netto/mies. · Leasing B2B · Łódź · Sprawdź ofertę!,https://sklep.citroen.pl/produkt/nowy-c5-aircross/vr7kahpy4tl026018/,https://raw.githubusercontent.com/Andy11001/-alfa-inventory/master/data/images/VR7KAHPY4TL026018_clean.webp,Citroën,Nowy C5 Aircross,2025,0,KM,SUV,Eclipse Blue,New,149596 PLN,PLN,"{""addr1"": ""UL. OBYWATELSKA 181"", ""city"": ""ŁÓDŹ"", ""region"": ""ŁÓDZKIE"", ""country"": ""PL""}",51.7371,19.4316,LEASE,1906 PLN,per month,Hybrid,Automatic,FWD
VR7CCHPV8TT087487,C3 Max · od 1098 PLN/mies.,Citroën C3 Max · Rata od 1098 PLN netto/mies. · Leasing B2B · Warszawa · Sprawdź ofertę!,https://sklep.citroen.pl/produkt/c3/vr7cchpv8tt087487/,https://raw.githubusercontent.com/Andy11001/-alfa-inventory/master/data/images/VR7CCHPV8TT087487_clean.webp,Citroën,C3,2025,0,KM,Hatchback,Rouge Elixir,New,85836 PLN,PLN,"{""addr1"": ""AL. KRAKOWSKA 206"", ""city"": ""WARSZAWA"", ""region"": ""MAZOWIECKIE"", ""country"": ""PL""}",52.2084,20.9412,LEASE,1098 PLN,per month,Gasoline,Manual,FWD
VR7CCHPV3TT087381,C3 Max · od 1070 PLN/mies.,Citroën C3 Max · Rata od 1070 PLN netto/mies. · Leasing B2B · Warszawa · Sprawdź ofertę!,https://sklep.citroen.pl/produkt/c3/vr7cchpv3tt087381/,https://raw.githubusercontent.com/Andy11001/-alfa-inventory/master/data/images/VR7CCHPV3TT087381_clean.webp,Citroën,C3,2025,0,KM,Hatchback,Polar White,New,83582 PLN,PLN,"{""addr1"": ""AL. KRAKOWSKA 206"", ""city"": ""WARSZAWA"", ""region"": ""MAZOWIECKIE"", ""country"": ""PL""}",52.2084,20.9412,LEASE,1070 PLN,per month,Gasoline,Manual,FWD
VR7KAHPY0TL023634,Nowy C5 Aircross Max · od 1883 PLN/mies.,Citroën Nowy C5 Aircross Max · Rata od 1883 PLN netto/mies. · Leasing B2B · Elbląg · Sprawdź ofertę!,https://sklep.citroen.pl/produkt/nowy-c5-aircross/vr7kahpy0tl023634/,https://raw.githubusercontent.com/Andy11001/-alfa-inventory/master/data/images/VR7KAHPY0TL023634_clean.webp,Citroën,Nowy C5 Aircross,2025,0,KM,SUV,Ruby Red,New,147717 PLN,PLN,"{""addr1"": ""ELBLĄG"", ""city"": ""ELBLĄG"", ""region"": ""MAZOWIECKIE"", ""country"": ""PL""}",,,LEASE,1883 PLN,per month,Hybrid,Automatic,FWD
VR7KAHPY2TL023778,Nowy C5 Aircross Plus · od 1657 PLN/mies.,Citroën Nowy C5 Aircross Plus · Rata od 1657 PLN netto/mies. · Leasing B2B · Warszawa · Sprawdź ofertę!,https://sklep.citroen.pl/produkt/nowy-c5-aircross/vr7kahpy2tl023778/,https://raw.githubusercontent.com/Andy11001/-alfa-inventory/master/data/images/VR7KAHPY2TL023778_clean.webp,Citroën,Nowy C5 Aircross,2025,0,KM,SUV,Ruby Red,New,129900 PLN,PLN,"{""addr1"": ""AL. KRAKOWSKA 206"", ""city"": ""WARSZAWA"", ""region"": ""MAZOWIECKIE"", ""country"": ""PL""}",52.2084,20.9412,LEASE,1657 PLN,per month,Hybrid,Automatic,FWD
VR7BAHPY2TE015958,C4 Max · od 1434 PLN/mies.,Citroën C4 Max · Rata od 1434 PLN netto/mies. · Leasing B2B · Warszawa · Sprawdź ofertę!,https://sklep.citroen.pl/produkt/c4/vr7bahpy2te015958/,https://raw.githubusercontent.com/Andy11001/-alfa-inventory/master/data/images/VR7BAHPY2TE015958_clean.webp,Citroën,C4,2025,0,KM,Hatchback,Blanc Okenite,New,112324 PLN,PLN,"{""addr1"": ""AL. KRAKOWSKA 206"", ""city"": ""WARSZAWA"", ""region"": ""MAZOWIECKIE"", ""country"": ""PL""}",52.2084,20.9412,LEASE,1434 PLN,per month,Hybrid,Automatic,FWD
VR7BDHPY9TE016015,C4 X Max · od 1429 PLN/mies.,Citroën C4 X Max · Rata od 1429 PLN netto/mies. · Leasing B2B · Rybnik · Sprawdź ofertę!,https://sklep.citroen.pl/produkt/c4-x/vr7bdhpy9te016015/,https://raw.githubusercontent.com/Andy11001/-alfa-inventory/master/data/images/VR7BDHPY9TE016015_clean.webp,Citroën,C4 X,2025,0,KM,SUV,Blanc Okenite,New,111952 PLN,PLN,"{""addr1"": ""RYBNIK"", ""city"": ""RYBNIK"", ""region"": ""ŚLĄSKIE"", ""country"": ""PL""}",,,LEASE,1429 PLN,per month,Hybrid,Automatic,FWD
VR7KAHPY6TL018017,Nowy C5 Aircross Plus · od 1767 PLN/mies.,Citroën Nowy C5 Aircross Plus · Rata od 1767 PLN netto/mies. · Leasing B2B · Łódź · Sprawdź ofertę!,https://sklep.citroen.pl/produkt/nowy-c5-aircross/vr7kahpy6tl018017/,https://raw.githubusercontent.com/Andy11001/-alfa-inventory/master/data/images/VR7KAHPY6TL018017_clean.webp,Citroën,Nowy C5 Aircross,2025,0,KM,SUV,Okenite White,New,138591 PLN,PLN,"{""addr1"": ""UL. OBYWATELSKA 181"", ""city"": ""ŁÓDŹ"", ""region"": ""ŁÓDZKIE"", ""country"": ""PL""}",51.7371,19.4316,LEASE,1767 PLN,per month,Hybrid,Automatic,FWD
VR7BDHPY0TE011706,C4 X Max · od 1463 PLN/mies.,Citroën C4 X Max · Rata od 1463 PLN netto/mies. · Leasing B2B · Warszawa · Sprawdź ofertę!,https://sklep.citroen.pl/produkt/c4-x/vr7bdhpy0te011706/,https://raw.githubusercontent.com/Andy11001/-alfa-inventory/master/data/images/VR7BDHPY0TE011706_clean.webp,Citroën,C4 X,2025,0,KM,SUV,Blanc Okenite,New,114592 PLN,PLN,"{""addr1"": ""AL. KRAKOWSKA 206"", ""city"": ""WARSZAWA"", ""region"": ""MAZOWIECKIE"", ""country"": ""PL""}",52.2084,20.9412,LEASE,1463 PLN,per month,Hybrid,Automatic,FWD
VR7BDHPY2TE014252,C4 X Max · od 1382 PLN/mies.,Citroën C4 X Max · Rata od 1382 PLN netto/mies. · Leasing B2B · Gdańsk · Sprawdź ofertę!,https://sklep.citroen.pl/produkt/c4-x/vr7bdhpy2te014252/,https://raw.githubusercontent.com/Andy11001/-alfa-inventory/master/data/images/VR7BDHPY2TE014252_clean.webp,Citroën,C4 X,2025,0,KM,SUV,Perla Nera,New,108240 PLN,PLN,"{""addr1"": ""AL. GRUNWALDZKA 256"", ""city"": ""GDAŃSK"", ""region"": ""POMORSKIE"", ""country"": ""PL""}",54.4022,18.5714,LEASE,1382 PLN,per month,Hybrid,Automatic,FWD
VR7CHHPV9TT071221,C3 Base · od 1019 PLN/mies.,Citroën C3 Base · Rata od 1019 PLN netto/mies. · Leasing B2B · Białystok · Sprawdź ofertę!,https://sklep.citroen.pl/produkt/c3/vr7chhpv9tt071221/,https://raw.githubusercontent.com/Andy11001/-alfa-inventory/master/data/images/VR7CHHPV9TT071221_clean.webp,Citroën,C3,2025,0,KM,Van,Polar White,New,79605 PLN,PLN,"{""addr1"": ""BIAŁYSTOK"", ""city"": ""BIAŁYSTOK"", ""region"": ""PODLASKIE"", ""country"": ""PL""}",,,LEASE,1019 PLN,per month,Gasoline,Manual,FWD
VR7CCHPX9TT071218,C3 Plus · od 1158 PLN/mies.,Citroën C3 Plus · Rata od 1158 PLN netto/mies. · Leasing B2B · Łódź · Sprawdź ofertę!,https://sklep.citroen.pl/produkt/c3/vr7cchpx9tt071218/,https://raw.githubusercontent.com/Andy11001/-alfa-inventory/master/data/images/VR7CCHPX9TT071218_clean.webp,Citroën,C3,2025,0,KM,Hatchback,Bright Blue,New,90535 PLN,PLN,"{""addr1"": ""UL. OBYWATELSKA 181"", ""city"": ""ŁÓDŹ"", ""region"": ""ŁÓDZKIE"", ""country"": ""PL""}",51.7371,19.4316,LEASE,1158 PLN,per month,Hybrid,Automatic,FWD
VR7BDHPY8TE014191,C4 X Max · od 1478 PLN/mies.,Citroën C4 X Max · Rata od 1478 PLN netto/mies. · Leasing B2B · Gorzów Wielkopolski · Sprawdź ofertę!,https://sklep.citroen.pl/produkt/c4-x/vr7bdhpy8te014191/,https://raw.githubusercontent.com/Andy11001/-alfa-inventory/master/data/images/VR7BDHPY8TE014191_clean.webp,Citroën,C4 X,2025,0,KM,SUV,Mercury Grey,New,115830 PLN,PLN,"{""addr1"": ""GORZÓW WIELKOPOLSKI"", ""city"": ""GORZÓW WIELKOPOLSKI"", ""region"": ""MAZOWIECKIE"", ""country"": ""PL""}",,,LEASE,1478 PLN,per month,Hybrid,Automatic,FWD
VR7KAHPY0TL019275,Nowy C5 Aircross Max · od 1851 PLN/mies.,Citroën Nowy C5 Aircross Max · Rata od 1851 PLN netto/mies. · Leasing B2B · Łódź · Sprawdź ofertę!,https://sklep.citroen.pl/produkt/nowy-c5-aircross/vr7kahpy0tl019275/,https://raw.githubusercontent.com/Andy11001/-alfa-inventory/master/data/images/VR7KAHPY0TL019275_clean.webp,Citroën,Nowy C5 Aircross,2025,0,KM,SUV,Platinium Grey,New,145238 PLN,PLN,"{""addr1"": ""UL. OBYWATELSKA 181"", ""city"": ""ŁÓDŹ"", ""region"": ""ŁÓDZKIE"", ""country"": ""PL""}",51.7371,19.4316,LEASE,1851 PLN,per month,Hybrid,Automatic,FWD
VR7BDHPY5TE013435,C4 X Max · od 1382 PLN/mies.,Citroën C4 X Max · Rata od 1382 PLN netto/mies. · Leasing B2B · Gdańsk · Sprawdź ofertę!,https://sklep.citroen.pl/produkt/c4-x/vr7bdhpy5te013435/,https://raw.githubusercontent.com/Andy11001/-alfa-inventory/master/data/images/VR7BDHPY5TE013435_clean.webp,Citroën,C4 X,2025,0,KM,SUV,Perla Nera,New,108240 PLN,PLN,"{""addr1"": ""AL. GRUNWALDZKA 256"", ""city"": ""GDAŃSK"", ""region"": ""POMORSKIE"", ""country"": ""PL""}",54.4022,18.5714,LEASE,1382 PLN,per month,Hybrid,Automatic,FWD
VR7BDHPY6TE013430,C4 X Max · od 1413 PLN/mies.,Citroën C4 X Max · Rata od 1413 PLN netto/mies. · Leasing B2B · Kalisz · Sprawdź ofertę!,https://sklep.citroen.pl/produkt/c4-x/vr7bdhpy6te013430/,https://raw.githubusercontent.com/Andy11001/-alfa-inventory/master/data/images/VR7BDHPY6TE013430_clean.webp,Citroën,C4 X,2025,0,KM,SUV,Rouge Elixir,New,110674 PLN,PLN,"{""addr1"": ""KALISZ"", ""city"": ""KALISZ"", ""region"": ""MAZOWIECKIE"", ""country"": ""PL""}",,,LEASE,1413 PLN,per month,Hybrid,Automatic,FWD
VR7BDHPY2TE012355,C4 X Max · od 1463 PLN/mies.,Citroën C4 X Max · Rata od 1463 PLN netto/mies. · Leasing B2B · Warszawa · Sprawdź ofertę!,https://sklep.citroen.pl/produkt/c4-x/vr7bdhpy2te012355/,https://raw.githubusercontent.com/Andy11001/-alfa-inventory/master/data/images/VR7BDHPY2TE012355_clean.webp,Citroën,C4 X,2025,0,KM,SUV,Blanc Okenite,New,114592 PLN,PLN,"{""addr1"": ""AL. KRAKOWSKA 206"", ""city"": ""WARSZAWA"", ""region"": ""MAZOWIECKIE"", ""country"": ""PL""}",52.2084,20.9412,LEASE,1463 PLN,per month,Hybrid,Automatic,FWD
VR7BAHPY9TE012832,C4 Max · od 1434 PLN/mies.,Citroën C4 Max · Rata od 1434 PLN netto/mies. · Leasing B2B · Warszawa · Sprawdź ofertę!,https://sklep.citroen.pl/produkt/c4/vr7bahpy9te012832/,https://raw.githubusercontent.com/Andy11001/-alfa-inventory/master/data/images/VR7BAHPY9TE012832_clean.webp,Citroën,C4,2025,0,KM,Hatchback,Manhattan Green,New,112324 PLN,PLN,"{""addr1"": ""AL. KRAKOWSKA 206"", ""city"": ""WARSZAWA"", ""region"": ""MAZOWIECKIE"", ""country"": ""PL""}",52.2084,20.9412,LEASE,1434 PLN,per month,Hybrid,Automatic,FWD
VR7BDHPY5TE012625,C4 X Max · od 1463 PLN/mies.,Citroën C4 X Max · Rata od 1463 PLN netto/mies. · Leasing B2B · Warszawa · Sprawdź ofertę!,https://sklep.citroen.pl/produkt/c4-x/vr7bdhpy5te012625/,https://raw.githubusercontent.com/Andy11001/-alfa-inventory/master/data/images/VR7BDHPY5TE012625_clean.webp,Citroën,C4 X,2025,0,KM,SUV,Blanc Okenite,New,114592 PLN,PLN,"{""addr1"": ""AL. KRAKOWSKA 206"", ""city"": ""WARSZAWA"", ""region"": ""MAZOWIECKIE"", ""country"": ""PL""}",52.2084,20.9412,LEASE,1463 PLN,per month,Hybrid,Automatic,FWD
VR7KAHPY8TL015961,Nowy C5 Aircross Max · od 1930 PLN/mies.,Citroën Nowy C5 Aircross Max · Rata od 1930 PLN netto/mies. · Leasing B2B · Łódź · Sprawdź ofertę!,https://sklep.citroen.pl/produkt/nowy-c5-aircross/vr7kahpy8tl015961/,https://raw.githubusercontent.com/Andy11001/-alfa-inventory/master/data/images/VR7KAHPY8TL015961_clean.webp,Citroën,Nowy C5 Aircross,2025,0,KM,SUV,Eclipse Blue,New,151467 PLN,PLN,"{""addr1"": ""UL. OBYWATELSKA 181"", ""city"": ""ŁÓDŹ"", ""region"": ""ŁÓDZKIE"", ""country"": ""PL""}",51.7371,19.4316,LEASE,1930 PLN,per month,Hybrid,Automatic,FWD
VR7CCHPV8TT034420,C3 Plus · od 1055 PLN/mies.,Citroën C3 Plus · Rata od 1055 PLN netto/mies. · Leasing B2B · Łódź · Sprawdź ofertę!,https://sklep.citroen.pl/produkt/c3/vr7cchpv8tt034420/,https://raw.githubusercontent.com/Andy11001/-alfa-inventory/master/data/images/VR7CCHPV8TT034420_clean.jpg,Citroën,C3,2025,0,KM,Hatchback,Mercury Grey,New,82460 PLN,PLN,"{""addr1"": ""UL. OBYWATELSKA 181"", ""city"": ""ŁÓDŹ"", ""region"": ""ŁÓDZKIE"", ""country"": ""PL""}",51.7371,19.4316,LEASE,1055 PLN,per month,Gasoline,Manual,FWD
VR7BDHPY3TE004491,C4 X Max · od 1453 PLN/mies.,Citroën C4 X Max · Rata od 1453 PLN netto/mies. · Leasing B2B · Rybnik · Sprawdź ofertę!,https://sklep.citroen.pl/produkt/c4-x/vr7bdhpy3te004491/,https://raw.githubusercontent.com/Andy11001/-alfa-inventory/master/data/images/VR7BDHPY3TE004491_clean.webp,Citroën,C4 X,2025,0,KM,SUV,Blanc Okenite,New,113850 PLN,PLN,"{""addr1"": ""RYBNIK"", ""city"": ""RYBNIK"", ""region"": ""ŚLĄSKIE"", ""country"": ""PL""}",,,LEASE,1453 PLN,per month,Hybrid,Automatic,FWD
