vehicle_id,title,description,link,image_link,make,model,year,mileage.value,mileage.unit,body_style,exterior_color,state_of_vehicle,price,currency,address,latitude,longitude,offer_type,amount_price,amount_qualifier,fuel_type,transmission,drivetrain
244597,Grande Panda La Prima · od 669 PLN/mies.,Fiat Grande Panda La Prima · Rata od 669 PLN netto/mies. · Leasing B2B · NOWY TARG · Sprawdź ofertę!,https://salon.fiat.pl/oferta/244597,https://cdn.fcapoland.pl/uploads/00/244597/89fb30c0d200b220ea46bc1d3b4e61c4.jpg,Fiat,Grande Panda,2026,0,KM,Hatchback,Lakier metalizowany Żółty Limone,New,91492 PLN,PLN,"{""addr1"": ""UL. KRAKOWSKA 3"", ""city"": ""NOWY TARG"", ""region"": ""MAŁOPOLSKIE"", ""country"": ""PL"", ""postal_code"": ""34-400""}",49.45445,20.01966,LEASE,669 PLN,per month,Hybrid,Automatic,FWD
244543,Grande Panda La Prima · od 688 PLN/mies.,Fiat Grande Panda La Prima · Rata od 688 PLN netto/mies. · Leasing B2B · NOWY TARG · Sprawdź ofertę!,https://salon.fiat.pl/oferta/244543,https://cdn.fcapoland.pl/uploads/00/244543/4d833edc8d4bf8d0b9246ff508812ce0.jpg,Fiat,Grande Panda,2026,0,KM,Hatchback,Lakier metalizowany Lazurowy Acqua,New,94162 PLN,PLN,"{""addr1"": ""UL. KRAKOWSKA 3"", ""city"": ""NOWY TARG"", ""region"": ""MAŁOPOLSKIE"", ""country"": ""PL"", ""postal_code"": ""34-400""}",49.45445,20.01966,LEASE,688 PLN,per month,Hybrid,Automatic,FWD
244463,600 La Prima · od 976 PLN/mies.,Fiat 600 La Prima · Rata od 976 PLN netto/mies. · Leasing B2B · BYDGOSZCZ · Sprawdź ofertę!,https://salon.fiat.pl/oferta/244463,https://cdn.fcapoland.pl/uploads/00/244463/8a11d8a2980066f91d33825303bbccb9.jpg,Fiat,600,2026,0,KM,Hatchback,Lakier metalizowany Zielony Mare,New,106650 PLN,PLN,"{""addr1"": ""AL. ARMII KRAJOWEJ 250"", ""city"": ""BYDGOSZCZ"", ""region"": ""KUJAWSKO-POMORSKIE"", ""country"": ""PL"", ""postal_code"": ""85-689""}",53.17261,18.05499,LEASE,976 PLN,per month,Hybrid,Automatic,FWD
244392,Grande Panda Icon · od 691 PLN/mies.,Fiat Grande Panda Icon · Rata od 691 PLN netto/mies. · Leasing B2B · BIELSKO-BIAŁA · Sprawdź ofertę!,https://salon.fiat.pl/oferta/244392,https://cdn.fcapoland.pl/uploads/00/244392/1_render.jpg,Fiat,Grande Panda,2026,0,KM,Hatchback,Lakier metalizowany Niebieski Lago,New,80484 PLN,PLN,"{""addr1"": ""UL. WARSZAWSKA 158"", ""city"": ""BIELSKO-BIAŁA"", ""region"": ""ŚLĄSKIE"", ""country"": ""PL"", ""postal_code"": ""43-300""}",49.84307,19.03564,LEASE,691 PLN,per month,Gasoline,Manual,FWD
244356,Grande Panda Icon · od 667 PLN/mies.,Fiat Grande Panda Icon · Rata od 667 PLN netto/mies. · Leasing B2B · BIELSKO-BIAŁA · Sprawdź ofertę!,https://salon.fiat.pl/oferta/244356,https://cdn.fcapoland.pl/uploads/00/244356/1_render.jpg,Fiat,Grande Panda,2026,0,KM,Hatchback,Lakier pastelowy Red by (RED),New,77724 PLN,PLN,"{""addr1"": ""UL. WARSZAWSKA 158"", ""city"": ""BIELSKO-BIAŁA"", ""region"": ""ŚLĄSKIE"", ""country"": ""PL"", ""postal_code"": ""43-300""}",49.84307,19.03564,LEASE,667 PLN,per month,Gasoline,Manual,FWD
244346,Grande Panda Icon · od 717 PLN/mies.,Fiat Grande Panda Icon · Rata od 717 PLN netto/mies. · Leasing B2B · POZNAN · Sprawdź ofertę!,https://salon.fiat.pl/oferta/244346,https://cdn.fcapoland.pl/uploads/00/244346/1_render.jpg,Fiat,Grande Panda,2026,0,KM,Hatchback,Lakier pastelowy Red by (RED),New,80724 PLN,PLN,"{""addr1"": ""UL. GORZYSLAWA 9"", ""city"": ""POZNAN"", ""region"": ""WIELKOPOLSKIE"", ""country"": ""PL"", ""postal_code"": ""61-057""}",52.408466,17.029606,LEASE,717 PLN,per month,Gasoline,Manual,FWD
244344,Grande Panda Icon · od 667 PLN/mies.,Fiat Grande Panda Icon · Rata od 667 PLN netto/mies. · Leasing B2B · BIELSKO-BIAŁA · Sprawdź ofertę!,https://salon.fiat.pl/oferta/244344,https://cdn.fcapoland.pl/uploads/00/244344/1_render.jpg,Fiat,Grande Panda,2026,0,KM,Hatchback,Lakier pastelowy Red by (RED),New,77724 PLN,PLN,"{""addr1"": ""UL. WARSZAWSKA 158"", ""city"": ""BIELSKO-BIAŁA"", ""region"": ""ŚLĄSKIE"", ""country"": ""PL"", ""postal_code"": ""43-300""}",49.84307,19.03564,LEASE,667 PLN,per month,Gasoline,Manual,FWD
244336,Grande Panda La Prima · od 688 PLN/mies.,Fiat Grande Panda La Prima · Rata od 688 PLN netto/mies. · Leasing B2B · NOWY TARG · Sprawdź ofertę!,https://salon.fiat.pl/oferta/244336,https://cdn.fcapoland.pl/uploads/00/244336/87afb21a05386e07a1c64455f2f83d17.jpg,Fiat,Grande Panda,2026,0,KM,Hatchback,Lakier metalizowany Brazowy Luna,New,94162 PLN,PLN,"{""addr1"": ""UL. KRAKOWSKA 3"", ""city"": ""NOWY TARG"", ""region"": ""MAŁOPOLSKIE"", ""country"": ""PL"", ""postal_code"": ""34-400""}",49.45445,20.01966,LEASE,688 PLN,per month,Hybrid,Automatic,FWD
244335,Grande Panda La Prima · od 705 PLN/mies.,Fiat Grande Panda La Prima · Rata od 705 PLN netto/mies. · Leasing B2B · NOWY TARG · Sprawdź ofertę!,https://salon.fiat.pl/oferta/244335,https://cdn.fcapoland.pl/uploads/00/244335/cc87010129f8f210c4a2861a61197b28.jpg,Fiat,Grande Panda,2026,0,KM,Hatchback,Lakier metalizowany Niebieski Lago,New,95220 PLN,PLN,"{""addr1"": ""UL. KRAKOWSKA 3"", ""city"": ""NOWY TARG"", ""region"": ""MAŁOPOLSKIE"", ""country"": ""PL"", ""postal_code"": ""34-400""}",49.45445,20.01966,LEASE,705 PLN,per month,Hybrid,Automatic,FWD
244330,Pandina Icon,Fiat Pandina Icon · Leasing B2B · GDANSK · Sprawdź ofertę!,https://salon.fiat.pl/oferta/244330,https://cdn.fcapoland.pl/uploads/00/244330/d66d41886e932f54ecc5afc8a67a0742.jpg,Fiat,Pandina,2026,0,KM,Hatchback,Lakier pastelowy Biały Gelato z czarnym dachem,New,62040 PLN,PLN,"{""addr1"": ""UL. POTOKOWA 15AC"", ""city"": ""GDANSK"", ""region"": ""POMORSKIE"", ""country"": ""PL"", ""postal_code"": ""80-283""}",54.368945,18.570911,LEASE,,,Hybrid,Manual,FWD
244329,Pandina Icon,Fiat Pandina Icon · Leasing B2B · GDANSK · Sprawdź ofertę!,https://salon.fiat.pl/oferta/244329,https://cdn.fcapoland.pl/uploads/00/244329/5d23a8d24490bf6a0602a05ded865783.jpg,Fiat,Pandina,2026,0,KM,Hatchback,Lakier pastelowy Biały Gelato z czarnym dachem,New,62040 PLN,PLN,"{""addr1"": ""UL. POTOKOWA 15AC"", ""city"": ""GDANSK"", ""region"": ""POMORSKIE"", ""country"": ""PL"", ""postal_code"": ""80-283""}",54.368945,18.570911,LEASE,,,Hybrid,Manual,FWD
244324,Pandina Icon,Fiat Pandina Icon · Leasing B2B · RZESZOW · Sprawdź ofertę!,https://salon.fiat.pl/oferta/244324,https://cdn.fcapoland.pl/uploads/00/244324/1_render.jpg,Fiat,Pandina,2026,0,KM,Hatchback,Lakier pastelowy Red by (RED),New,61900 PLN,PLN,"{""addr1"": ""UL. WARSZAWSKA 135"", ""city"": ""RZESZOW"", ""region"": ""PODKARPACKIE"", ""country"": ""PL"", ""postal_code"": ""35-205""}",50.081623,21.984324,LEASE,,,Hybrid,Manual,FWD
244309,600 Street · od 1176 PLN/mies.,Fiat 600 Street · Rata od 1176 PLN netto/mies. · Leasing B2B · PLOCK · Sprawdź ofertę!,https://salon.fiat.pl/oferta/244309,https://cdn.fcapoland.pl/uploads/00/244309/c76b2e97e7fdb73c45ee5204ec4bb022.jpg,Fiat,600,2026,0,KM,Hatchback,Lakier pastelowy Biały Gelato z dachem w kolorze Czarny Cinema,New,84900 PLN,PLN,"{""addr1"": ""UL. BIELSKA 55"", ""city"": ""PLOCK"", ""region"": ""MAZOWIECKIE"", ""country"": ""PL"", ""postal_code"": ""09-400""}",52.55506,19.69753,LEASE,1176 PLN,per month,Gasoline,Manual,FWD
244302,600 Sport · od 1335 PLN/mies.,Fiat 600 Sport · Rata od 1335 PLN netto/mies. · Leasing B2B · WARSZAWA · Sprawdź ofertę!,https://salon.fiat.pl/oferta/244302,https://cdn.fcapoland.pl/uploads/00/244302/c5daaabd94b2f7546f6d8a03a6cdee60.jpg,Fiat,600,2026,0,KM,Hatchback,Lakier metalizowany Zielony Mediterraneo z dachem w kolorze Czarny Cinema,New,96500 PLN,PLN,"{""addr1"": ""UL. POLCZYNSKA 33"", ""city"": ""WARSZAWA"", ""region"": ""MAZOWIECKIE"", ""country"": ""PL"", ""postal_code"": ""01-377""}",52.218745,20.914414,LEASE,1335 PLN,per month,Hybrid,Automatic,FWD
244300,600 La Prima · od 942 PLN/mies.,Fiat 600 La Prima · Rata od 942 PLN netto/mies. · Leasing B2B · GDANSK · Sprawdź ofertę!,https://salon.fiat.pl/oferta/244300,https://cdn.fcapoland.pl/uploads/00/244300/7c2db83ebdaa378cda36f1bc264a0fbe.jpg,Fiat,600,2026,0,KM,Hatchback,Lakier metalizowany Lazurowy Acqua,New,103000 PLN,PLN,"{""addr1"": ""UL. POTOKOWA 15AC"", ""city"": ""GDANSK"", ""region"": ""POMORSKIE"", ""country"": ""PL"", ""postal_code"": ""80-283""}",54.368945,18.570911,LEASE,942 PLN,per month,Hybrid,Automatic,FWD
244298,600 Sport · od 1052 PLN/mies.,Fiat 600 Sport · Rata od 1052 PLN netto/mies. · Leasing B2B · SOSNOWIEC · Sprawdź ofertę!,https://salon.fiat.pl/oferta/244298,https://cdn.fcapoland.pl/uploads/00/244298/1_render.jpg,Fiat,600,2026,0,KM,Hatchback,Lakier metalizowany Zielony Mediterraneo z dachem w kolorze Czarny Cinema,New,103900 PLN,PLN,"{""addr1"": ""UL. ZUZANNY 36"", ""city"": ""SOSNOWIEC"", ""region"": ""ŚLĄSKIE"", ""country"": ""PL"", ""postal_code"": ""41-219""}",50.29942,19.16864,LEASE,1052 PLN,per month,Hybrid,Automatic,FWD
244294,600 Sport · od 895 PLN/mies.,Fiat 600 Sport · Rata od 895 PLN netto/mies. · Leasing B2B · WARSZAWA · Sprawdź ofertę!,https://salon.fiat.pl/oferta/244294,https://cdn.fcapoland.pl/uploads/00/244294/686004c50a53b174832c44ebc1ef674f.jpg,Fiat,600,2026,0,KM,Hatchback,Lakier metalizowany Zielony Mediterraneo z dachem w kolorze Czarny Cinema,New,99837 PLN,PLN,"{""addr1"": ""UL. POLCZYNSKA 33"", ""city"": ""WARSZAWA"", ""region"": ""MAZOWIECKIE"", ""country"": ""PL"", ""postal_code"": ""01-377""}",52.218745,20.914414,LEASE,895 PLN,per month,Hybrid,Automatic,FWD
244291,600 La Prima · od 1038 PLN/mies.,Fiat 600 La Prima · Rata od 1038 PLN netto/mies. · Leasing B2B · SOSNOWIEC · Sprawdź ofertę!,https://salon.fiat.pl/oferta/244291,https://cdn.fcapoland.pl/uploads/00/244291/1_render.jpg,Fiat,600,2026,0,KM,Hatchback,Lakier metalizowany Kremowy Cappucino z dachem w kolorze Czarny Cinema,New,102500 PLN,PLN,"{""addr1"": ""UL. ZUZANNY 36"", ""city"": ""SOSNOWIEC"", ""region"": ""ŚLĄSKIE"", ""country"": ""PL"", ""postal_code"": ""41-219""}",50.29942,19.16864,LEASE,1038 PLN,per month,Hybrid,Automatic,FWD
244289,600 La Prima · od 954 PLN/mies.,Fiat 600 La Prima · Rata od 954 PLN netto/mies. · Leasing B2B · KATOWICE · Sprawdź ofertę!,https://salon.fiat.pl/oferta/244289,https://cdn.fcapoland.pl/uploads/00/244289/b0b723906664c1b3b1e214d167eda314.jpg,Fiat,600,2026,0,KM,Hatchback,Lakier pastelowy Biały Gelato z dachem w kolorze Czarny Cinema,New,104500 PLN,PLN,"{""addr1"": ""UL. KOSCIUSZKI 261"", ""city"": ""KATOWICE"", ""region"": ""ŚLĄSKIE"", ""country"": ""PL"", ""postal_code"": ""40-690""}",50.209822,18.965429,LEASE,954 PLN,per month,Hybrid,Automatic,FWD
244288,600 La Prima · od 1313 PLN/mies.,Fiat 600 La Prima · Rata od 1313 PLN netto/mies. · Leasing B2B · NOWY TARG · Sprawdź ofertę!,https://salon.fiat.pl/oferta/244288,https://cdn.fcapoland.pl/uploads/00/244288/51c42c4a77182443553b10e007a5c7cd.jpg,Fiat,600,2026,0,KM,Hatchback,Lakier metalizowany Kremowy Cappucino z dachem w kolorze Czarny Cinema,New,129900 PLN,PLN,"{""addr1"": ""UL. KRAKOWSKA 3"", ""city"": ""NOWY TARG"", ""region"": ""MAŁOPOLSKIE"", ""country"": ""PL"", ""postal_code"": ""34-400""}",49.45445,20.01966,LEASE,1313 PLN,per month,Hybrid,Automatic,FWD
244280,600 La Prima · od 949 PLN/mies.,Fiat 600 La Prima · Rata od 949 PLN netto/mies. · Leasing B2B · GREBOW · Sprawdź ofertę!,https://salon.fiat.pl/oferta/244280,https://cdn.fcapoland.pl/uploads/00/244280/1_render.jpg,Fiat,600,2026,0,KM,Hatchback,Lakier metalizowany Kremowy Cappucino,New,104800 PLN,PLN,"{""addr1"": ""JAMNICA 160"", ""city"": ""GREBOW"", ""region"": ""PODKARPACKIE"", ""country"": ""PL"", ""postal_code"": ""39-410""}",50.5731,21.94109,LEASE,949 PLN,per month,Hybrid,Automatic,FWD
244275,600 La Prima · od 965 PLN/mies.,Fiat 600 La Prima · Rata od 965 PLN netto/mies. · Leasing B2B · GREBOW · Sprawdź ofertę!,https://salon.fiat.pl/oferta/244275,https://cdn.fcapoland.pl/uploads/00/244275/1_render.jpg,Fiat,600,2026,0,KM,Hatchback,Lakier pastelowy Biały Gelato z dachem w kolorze Czarny Cinema,New,106518 PLN,PLN,"{""addr1"": ""JAMNICA 160"", ""city"": ""GREBOW"", ""region"": ""PODKARPACKIE"", ""country"": ""PL"", ""postal_code"": ""39-410""}",50.5731,21.94109,LEASE,965 PLN,per month,Hybrid,Automatic,FWD
244270,600 La Prima · od 945 PLN/mies.,Fiat 600 La Prima · Rata od 945 PLN netto/mies. · Leasing B2B · LUBLIN · Sprawdź ofertę!,https://salon.fiat.pl/oferta/244270,https://cdn.fcapoland.pl/uploads/00/244270/f00fdcdca683c4b012341ac4767dd6d7.jpg,Fiat,600,2026,0,KM,Hatchback,Lakier pastelowy Biały Gelato z dachem w kolorze Czarny Cinema,New,105200 PLN,PLN,"{""addr1"": ""UL MEŁGIEWSKA 10"", ""city"": ""LUBLIN"", ""region"": ""LUBELSKIE"", ""country"": ""PL"", ""postal_code"": ""20-209""}",51.24833,22.60831,LEASE,945 PLN,per month,Hybrid,Automatic,FWD
244269,600 La Prima · od 945 PLN/mies.,Fiat 600 La Prima · Rata od 945 PLN netto/mies. · Leasing B2B · LUBLIN · Sprawdź ofertę!,https://salon.fiat.pl/oferta/244269,https://cdn.fcapoland.pl/uploads/00/244269/f613348c3cc44aec206d813668a68b22.jpg,Fiat,600,2026,0,KM,Hatchback,Lakier pastelowy Biały Gelato z dachem w kolorze Czarny Cinema,New,105200 PLN,PLN,"{""addr1"": ""UL MEŁGIEWSKA 10"", ""city"": ""LUBLIN"", ""region"": ""LUBELSKIE"", ""country"": ""PL"", ""postal_code"": ""20-209""}",51.24833,22.60831,LEASE,945 PLN,per month,Hybrid,Automatic,FWD
244226,Grande Panda La Prima · od 702 PLN/mies.,Fiat Grande Panda La Prima · Rata od 702 PLN netto/mies. · Leasing B2B · NOWY TARG · Sprawdź ofertę!,https://salon.fiat.pl/oferta/244226,https://cdn.fcapoland.pl/uploads/00/244226/24e413a7d00160740519d58d7dcae733.jpg,Fiat,Grande Panda,2026,0,KM,Hatchback,Lakier pastelowy Biały Gelato,New,94770 PLN,PLN,"{""addr1"": ""UL. KRAKOWSKA 3"", ""city"": ""NOWY TARG"", ""region"": ""MAŁOPOLSKIE"", ""country"": ""PL"", ""postal_code"": ""34-400""}",49.45445,20.01966,LEASE,702 PLN,per month,Hybrid,Automatic,FWD
244222,Grande Panda La Prima · od 686 PLN/mies.,Fiat Grande Panda La Prima · Rata od 686 PLN netto/mies. · Leasing B2B · NOWY TARG · Sprawdź ofertę!,https://salon.fiat.pl/oferta/244222,https://cdn.fcapoland.pl/uploads/00/244222/8c19b43b98346b69f7a8983d182c3deb.jpg,Fiat,Grande Panda,2026,0,KM,Hatchback,Lakier metalizowany Żółty Limone,New,92520 PLN,PLN,"{""addr1"": ""UL. KRAKOWSKA 3"", ""city"": ""NOWY TARG"", ""region"": ""MAŁOPOLSKIE"", ""country"": ""PL"", ""postal_code"": ""34-400""}",49.45445,20.01966,LEASE,686 PLN,per month,Hybrid,Automatic,FWD
244214,Pandina Icon,Fiat Pandina Icon · Leasing B2B · POZNAN · Sprawdź ofertę!,https://salon.fiat.pl/oferta/244214,https://cdn.fcapoland.pl/uploads/00/244214/1_render.jpg,Fiat,Pandina,2026,0,KM,Hatchback,Lakier pastelowy Czarny Cinema,New,60956 PLN,PLN,"{""addr1"": ""UL. GORZYSLAWA 9"", ""city"": ""POZNAN"", ""region"": ""WIELKOPOLSKIE"", ""country"": ""PL"", ""postal_code"": ""61-057""}",52.408466,17.029606,LEASE,,,Hybrid,Manual,FWD
244205,Grande Panda La Prima · od 656 PLN/mies.,Fiat Grande Panda La Prima · Rata od 656 PLN netto/mies. · Leasing B2B · GDANSK · Sprawdź ofertę!,https://salon.fiat.pl/oferta/244205,https://cdn.fcapoland.pl/uploads/00/244205/34c670a8f2ddf47f37356eb5af76369d.jpg,Fiat,Grande Panda,2026,0,KM,Hatchback,Lakier metalizowany Żółty Limone,New,89712 PLN,PLN,"{""addr1"": ""UL. POTOKOWA 15AC"", ""city"": ""GDANSK"", ""region"": ""POMORSKIE"", ""country"": ""PL"", ""postal_code"": ""80-283""}",54.368945,18.570911,LEASE,656 PLN,per month,Hybrid,Automatic,FWD
244202,Grande Panda La Prima · od 686 PLN/mies.,Fiat Grande Panda La Prima · Rata od 686 PLN netto/mies. · Leasing B2B · NOWY TARG · Sprawdź ofertę!,https://salon.fiat.pl/oferta/244202,https://cdn.fcapoland.pl/uploads/00/244202/48050304962baca682cce31df73a77a2.jpg,Fiat,Grande Panda,2026,0,KM,Hatchback,Lakier metalizowany Żółty Limone,New,92520 PLN,PLN,"{""addr1"": ""UL. KRAKOWSKA 3"", ""city"": ""NOWY TARG"", ""region"": ""MAŁOPOLSKIE"", ""country"": ""PL"", ""postal_code"": ""34-400""}",49.45445,20.01966,LEASE,686 PLN,per month,Hybrid,Automatic,FWD
244185,600 La Prima · od 945 PLN/mies.,Fiat 600 La Prima · Rata od 945 PLN netto/mies. · Leasing B2B · LUBLIN · Sprawdź ofertę!,https://salon.fiat.pl/oferta/244185,https://cdn.fcapoland.pl/uploads/00/244185/5d045ca25128e97a687b91a25afb8281.jpg,Fiat,600,2026,0,KM,Hatchback,Lakier metalizowany Kremowy Cappucino z dachem w kolorze Czarny Cinema,New,105200 PLN,PLN,"{""addr1"": ""UL MEŁGIEWSKA 10"", ""city"": ""LUBLIN"", ""region"": ""LUBELSKIE"", ""country"": ""PL"", ""postal_code"": ""20-209""}",51.24833,22.60831,LEASE,945 PLN,per month,Hybrid,Automatic,FWD
244183,600 Sport · od 1052 PLN/mies.,Fiat 600 Sport · Rata od 1052 PLN netto/mies. · Leasing B2B · SOSNOWIEC · Sprawdź ofertę!,https://salon.fiat.pl/oferta/244183,https://cdn.fcapoland.pl/uploads/00/244183/1_render.jpg,Fiat,600,2026,0,KM,Hatchback,Lakier metalizowany Zielony Mediterraneo z dachem w kolorze Czarny Cinema,New,103900 PLN,PLN,"{""addr1"": ""UL. ZUZANNY 36"", ""city"": ""SOSNOWIEC"", ""region"": ""ŚLĄSKIE"", ""country"": ""PL"", ""postal_code"": ""41-219""}",50.29942,19.16864,LEASE,1052 PLN,per month,Hybrid,Automatic,FWD
244175,Grande Panda La Prima · od 705 PLN/mies.,Fiat Grande Panda La Prima · Rata od 705 PLN netto/mies. · Leasing B2B · NOWY TARG · Sprawdź ofertę!,https://salon.fiat.pl/oferta/244175,https://cdn.fcapoland.pl/uploads/00/244175/d85b84a96e72e03a505b4725a3573099.jpg,Fiat,Grande Panda,2026,0,KM,Hatchback,Lakier metalizowany Brazowy Luna,New,95220 PLN,PLN,"{""addr1"": ""UL. KRAKOWSKA 3"", ""city"": ""NOWY TARG"", ""region"": ""MAŁOPOLSKIE"", ""country"": ""PL"", ""postal_code"": ""34-400""}",49.45445,20.01966,LEASE,705 PLN,per month,Hybrid,Automatic,FWD
244174,Grande Panda La Prima · od 705 PLN/mies.,Fiat Grande Panda La Prima · Rata od 705 PLN netto/mies. · Leasing B2B · NOWY TARG · Sprawdź ofertę!,https://salon.fiat.pl/oferta/244174,https://cdn.fcapoland.pl/uploads/00/244174/9d4c7a6a7559682e90d9b3db00202d3f.jpg,Fiat,Grande Panda,2026,0,KM,Hatchback,Lakier metalizowany Brazowy Luna,New,95220 PLN,PLN,"{""addr1"": ""UL. KRAKOWSKA 3"", ""city"": ""NOWY TARG"", ""region"": ""MAŁOPOLSKIE"", ""country"": ""PL"", ""postal_code"": ""34-400""}",49.45445,20.01966,LEASE,705 PLN,per month,Hybrid,Automatic,FWD
244157,Grande Panda La Prima · od 686 PLN/mies.,Fiat Grande Panda La Prima · Rata od 686 PLN netto/mies. · Leasing B2B · NOWY TARG · Sprawdź ofertę!,https://salon.fiat.pl/oferta/244157,https://cdn.fcapoland.pl/uploads/00/244157/44ad0e801eefc23f58e688a1bda57603.jpg,Fiat,Grande Panda,2026,0,KM,Hatchback,Lakier metalizowany Żółty Limone,New,92520 PLN,PLN,"{""addr1"": ""UL. KRAKOWSKA 3"", ""city"": ""NOWY TARG"", ""region"": ""MAŁOPOLSKIE"", ""country"": ""PL"", ""postal_code"": ""34-400""}",49.45445,20.01966,LEASE,686 PLN,per month,Hybrid,Automatic,FWD
244151,Grande Panda La Prima · od 677 PLN/mies.,Fiat Grande Panda La Prima · Rata od 677 PLN netto/mies. · Leasing B2B · LUBLIN · Sprawdź ofertę!,https://salon.fiat.pl/oferta/244151,https://cdn.fcapoland.pl/uploads/00/244151/aac8e182d5e173717bca77c981a8ff9c.jpg,Fiat,Grande Panda,2026,0,KM,Hatchback,Lakier metalizowany Lazurowy Acqua,New,93500 PLN,PLN,"{""addr1"": ""UL MEŁGIEWSKA 10"", ""city"": ""LUBLIN"", ""region"": ""LUBELSKIE"", ""country"": ""PL"", ""postal_code"": ""20-209""}",51.24833,22.60831,LEASE,677 PLN,per month,Hybrid,Automatic,FWD
244149,Grande Panda La Prima · od 705 PLN/mies.,Fiat Grande Panda La Prima · Rata od 705 PLN netto/mies. · Leasing B2B · NOWY TARG · Sprawdź ofertę!,https://salon.fiat.pl/oferta/244149,https://cdn.fcapoland.pl/uploads/00/244149/bdda502c7d6f36c8b7308336029aef01.jpg,Fiat,Grande Panda,2026,0,KM,Hatchback,Lakier metalizowany Czarny Cinema,New,95220 PLN,PLN,"{""addr1"": ""UL. KRAKOWSKA 3"", ""city"": ""NOWY TARG"", ""region"": ""MAŁOPOLSKIE"", ""country"": ""PL"", ""postal_code"": ""34-400""}",49.45445,20.01966,LEASE,705 PLN,per month,Hybrid,Automatic,FWD
244140,600 Sport · od 978 PLN/mies.,Fiat 600 Sport · Rata od 978 PLN netto/mies. · Leasing B2B · SZCZECIN · Sprawdź ofertę!,https://salon.fiat.pl/oferta/244140,https://cdn.fcapoland.pl/uploads/00/244140/25baf27425c0923083fcbb33521a4161.jpg,Fiat,600,2026,0,KM,Hatchback,Lakier metalizowany Zielony Mediterraneo z dachem w kolorze Czarny Cinema,New,106610 PLN,PLN,"{""addr1"": ""USTOWO 57"", ""city"": ""SZCZECIN"", ""region"": ""ZACHODNIOPOMORSKIE"", ""country"": ""PL"", ""postal_code"": ""71-001""}",53.38756,14.498444,LEASE,978 PLN,per month,Hybrid,Automatic,FWD
244128,600 Sport · od 948 PLN/mies.,Fiat 600 Sport · Rata od 948 PLN netto/mies. · Leasing B2B · SZCZECIN · Sprawdź ofertę!,https://salon.fiat.pl/oferta/244128,https://cdn.fcapoland.pl/uploads/00/244128/1_render.jpg,Fiat,600,2026,0,KM,Hatchback,Lakier pastelowy Red by (RED) z dachem w kolorze Czarny Cinema,New,103290 PLN,PLN,"{""addr1"": ""USTOWO 57"", ""city"": ""SZCZECIN"", ""region"": ""ZACHODNIOPOMORSKIE"", ""country"": ""PL"", ""postal_code"": ""71-001""}",53.38756,14.498444,LEASE,948 PLN,per month,Hybrid,Automatic,FWD
244126,600 Sport · od 950 PLN/mies.,Fiat 600 Sport · Rata od 950 PLN netto/mies. · Leasing B2B · NOWY TARG · Sprawdź ofertę!,https://salon.fiat.pl/oferta/244126,https://cdn.fcapoland.pl/uploads/00/244126/0132a53dfbc414658290a352cc4b9bc4.jpg,Fiat,600,2026,0,KM,Hatchback,Lakier metalizowany Kremowy Cappucino z dachem w kolorze Czarny Cinema,New,104878 PLN,PLN,"{""addr1"": ""UL. KRAKOWSKA 3"", ""city"": ""NOWY TARG"", ""region"": ""MAŁOPOLSKIE"", ""country"": ""PL"", ""postal_code"": ""34-400""}",49.45445,20.01966,LEASE,950 PLN,per month,Hybrid,Automatic,FWD
244124,Qubo L Icon,Fiat Qubo L Icon · Leasing B2B · POZNAN · Sprawdź ofertę!,https://salon.fiat.pl/oferta/244124,https://cdn.fcapoland.pl/uploads/00/244124/56456cb159b875734539640ee683564f.jpg,Fiat,Qubo L,2026,0,KM,Hatchback,Lakier metalizowany Niebieski Riviera,New,99700 PLN,PLN,"{""addr1"": ""UL. GORZYSLAWA 9"", ""city"": ""POZNAN"", ""region"": ""WIELKOPOLSKIE"", ""country"": ""PL"", ""postal_code"": ""61-057""}",52.408466,17.029606,LEASE,,,Diesel,Manual,FWD
244107,Grande Panda Icon · od 640 PLN/mies.,Fiat Grande Panda Icon · Rata od 640 PLN netto/mies. · Leasing B2B · LUBLIN · Sprawdź ofertę!,https://salon.fiat.pl/oferta/244107,https://cdn.fcapoland.pl/uploads/00/244107/1_render.jpg,Fiat,Grande Panda,2026,0,KM,Hatchback,Lakier pastelowy Red by (RED),New,85000 PLN,PLN,"{""addr1"": ""UL MEŁGIEWSKA 10"", ""city"": ""LUBLIN"", ""region"": ""LUBELSKIE"", ""country"": ""PL"", ""postal_code"": ""20-209""}",51.24833,22.60831,LEASE,640 PLN,per month,Hybrid,Automatic,FWD
244105,Grande Panda La Prima · od 705 PLN/mies.,Fiat Grande Panda La Prima · Rata od 705 PLN netto/mies. · Leasing B2B · NOWY TARG · Sprawdź ofertę!,https://salon.fiat.pl/oferta/244105,https://cdn.fcapoland.pl/uploads/00/244105/68c5612047a62cb663fcbb3021dbc3dd.jpg,Fiat,Grande Panda,2026,0,KM,Hatchback,Lakier metalizowany Niebieski Lago,New,95220 PLN,PLN,"{""addr1"": ""UL. KRAKOWSKA 3"", ""city"": ""NOWY TARG"", ""region"": ""MAŁOPOLSKIE"", ""country"": ""PL"", ""postal_code"": ""34-400""}",49.45445,20.01966,LEASE,705 PLN,per month,Hybrid,Automatic,FWD
244067,600 La Prima · od 1052 PLN/mies.,Fiat 600 La Prima · Rata od 1052 PLN netto/mies. · Leasing B2B · SOSNOWIEC · Sprawdź ofertę!,https://salon.fiat.pl/oferta/244067,https://cdn.fcapoland.pl/uploads/00/244067/1_render.jpg,Fiat,600,2026,0,KM,Hatchback,Lakier metalizowany Lazurowy Acqua,New,103900 PLN,PLN,"{""addr1"": ""UL. ZUZANNY 36"", ""city"": ""SOSNOWIEC"", ""region"": ""ŚLĄSKIE"", ""country"": ""PL"", ""postal_code"": ""41-219""}",50.29942,19.16864,LEASE,1052 PLN,per month,Hybrid,Automatic,FWD
244066,600 Sport · od 950 PLN/mies.,Fiat 600 Sport · Rata od 950 PLN netto/mies. · Leasing B2B · NOWY TARG · Sprawdź ofertę!,https://salon.fiat.pl/oferta/244066,https://cdn.fcapoland.pl/uploads/00/244066/28ff574548080a762851b52540654874.jpg,Fiat,600,2026,0,KM,Hatchback,Lakier metalizowany Zielony Mediterraneo z dachem w kolorze Czarny Cinema,New,104878 PLN,PLN,"{""addr1"": ""UL. KRAKOWSKA 3"", ""city"": ""NOWY TARG"", ""region"": ""MAŁOPOLSKIE"", ""country"": ""PL"", ""postal_code"": ""34-400""}",49.45445,20.01966,LEASE,950 PLN,per month,Hybrid,Automatic,FWD
244064,600 Sport · od 950 PLN/mies.,Fiat 600 Sport · Rata od 950 PLN netto/mies. · Leasing B2B · NOWY TARG · Sprawdź ofertę!,https://salon.fiat.pl/oferta/244064,https://cdn.fcapoland.pl/uploads/00/244064/c6dab6edcb7de1fba76bcdccb272d050.jpg,Fiat,600,2026,0,KM,Hatchback,Lakier metalizowany Zielony Mediterraneo z dachem w kolorze Czarny Cinema,New,104878 PLN,PLN,"{""addr1"": ""UL. KRAKOWSKA 3"", ""city"": ""NOWY TARG"", ""region"": ""MAŁOPOLSKIE"", ""country"": ""PL"", ""postal_code"": ""34-400""}",49.45445,20.01966,LEASE,950 PLN,per month,Hybrid,Automatic,FWD
244063,600 Sport · od 931 PLN/mies.,Fiat 600 Sport · Rata od 931 PLN netto/mies. · Leasing B2B · LUBLIN · Sprawdź ofertę!,https://salon.fiat.pl/oferta/244063,https://cdn.fcapoland.pl/uploads/00/244063/fb206c749a59c21579f6942cc83a5c51.jpg,Fiat,600,2026,0,KM,Hatchback,Lakier pastelowy Biały Gelato z dachem w kolorze Czarny Cinema,New,103600 PLN,PLN,"{""addr1"": ""UL MEŁGIEWSKA 10"", ""city"": ""LUBLIN"", ""region"": ""LUBELSKIE"", ""country"": ""PL"", ""postal_code"": ""20-209""}",51.24833,22.60831,LEASE,931 PLN,per month,Hybrid,Automatic,FWD
244062,600 Sport · od 931 PLN/mies.,Fiat 600 Sport · Rata od 931 PLN netto/mies. · Leasing B2B · LUBLIN · Sprawdź ofertę!,https://salon.fiat.pl/oferta/244062,https://cdn.fcapoland.pl/uploads/00/244062/e9219464ddc6987920dfbb76bc73531d.jpg,Fiat,600,2026,0,KM,Hatchback,Lakier pastelowy Biały Gelato z dachem w kolorze Czarny Cinema,New,103600 PLN,PLN,"{""addr1"": ""UL MEŁGIEWSKA 10"", ""city"": ""LUBLIN"", ""region"": ""LUBELSKIE"", ""country"": ""PL"", ""postal_code"": ""20-209""}",51.24833,22.60831,LEASE,931 PLN,per month,Hybrid,Automatic,FWD
244012,Grande Panda La Prima · od 702 PLN/mies.,Fiat Grande Panda La Prima · Rata od 702 PLN netto/mies. · Leasing B2B · NOWY TARG · Sprawdź ofertę!,https://salon.fiat.pl/oferta/244012,https://cdn.fcapoland.pl/uploads/00/244012/1912ed5da0fe803306e7685bdf49264a.jpg,Fiat,Grande Panda,2026,0,KM,Hatchback,Lakier pastelowy Biały Gelato,New,94770 PLN,PLN,"{""addr1"": ""UL. KRAKOWSKA 3"", ""city"": ""NOWY TARG"", ""region"": ""MAŁOPOLSKIE"", ""country"": ""PL"", ""postal_code"": ""34-400""}",49.45445,20.01966,LEASE,702 PLN,per month,Hybrid,Automatic,FWD
244011,Grande Panda La Prima · od 676 PLN/mies.,Fiat Grande Panda La Prima · Rata od 676 PLN netto/mies. · Leasing B2B · LUBLIN · Sprawdź ofertę!,https://salon.fiat.pl/oferta/244011,https://cdn.fcapoland.pl/uploads/00/244011/247b5144bc23c7bcab2d4cb3c4f31426.jpg,Fiat,Grande Panda,2026,0,KM,Hatchback,Lakier pastelowy Biały Gelato,New,93200 PLN,PLN,"{""addr1"": ""UL MEŁGIEWSKA 10"", ""city"": ""LUBLIN"", ""region"": ""LUBELSKIE"", ""country"": ""PL"", ""postal_code"": ""20-209""}",51.24833,22.60831,LEASE,676 PLN,per month,Hybrid,Automatic,FWD
244008,Grande Panda La Prima · od 710 PLN/mies.,Fiat Grande Panda La Prima · Rata od 710 PLN netto/mies. · Leasing B2B · ŁÓDŹ · Sprawdź ofertę!,https://salon.fiat.pl/oferta/244008,https://cdn.fcapoland.pl/uploads/00/244008/ff18ceea6636961735f5863746671fcb.jpg,Fiat,Grande Panda,2026,0,KM,Hatchback,Lakier metalizowany Niebieski Lago,New,95500 PLN,PLN,"{""addr1"": ""UL. SZPARAGOWA 4"", ""city"": ""ŁÓDŹ"", ""region"": ""ŁÓDZKIE"", ""country"": ""PL"", ""postal_code"": ""91-211""}",51.8027,19.37677,LEASE,710 PLN,per month,Hybrid,Automatic,FWD
244007,Grande Panda La Prima · od 667 PLN/mies.,Fiat Grande Panda La Prima · Rata od 667 PLN netto/mies. · Leasing B2B · LUBLIN · Sprawdź ofertę!,https://salon.fiat.pl/oferta/244007,https://cdn.fcapoland.pl/uploads/00/244007/724a070fb04a180be9ddb35f6d25c57b.jpg,Fiat,Grande Panda,2026,0,KM,Hatchback,Lakier metalizowany Żółty Limone,New,91400 PLN,PLN,"{""addr1"": ""UL MEŁGIEWSKA 10"", ""city"": ""LUBLIN"", ""region"": ""LUBELSKIE"", ""country"": ""PL"", ""postal_code"": ""20-209""}",51.24833,22.60831,LEASE,667 PLN,per month,Hybrid,Automatic,FWD
244006,Grande Panda Icon · od 694 PLN/mies.,Fiat Grande Panda Icon · Rata od 694 PLN netto/mies. · Leasing B2B · KRAKÓW-LIBERTÓW · Sprawdź ofertę!,https://salon.fiat.pl/oferta/244006,https://cdn.fcapoland.pl/uploads/00/244006/9b4cb188a92018f4205b363e26a357e7.jpg,Fiat,Grande Panda,2026,0,KM,Hatchback,Lakier metalizowany Brazowy Luna,New,77636 PLN,PLN,"{""addr1"": ""UL. GÓRA LIBERTOWSKA 12"", ""city"": ""KRAKÓW-LIBERTÓW"", ""region"": ""MAŁOPOLSKIE"", ""country"": ""PL"", ""postal_code"": ""30-444""}",49.97992,19.90923,LEASE,694 PLN,per month,Gasoline,Manual,FWD
243978,600 La Prima · od 978 PLN/mies.,Fiat 600 La Prima · Rata od 978 PLN netto/mies. · Leasing B2B · SZCZECIN · Sprawdź ofertę!,https://salon.fiat.pl/oferta/243978,https://cdn.fcapoland.pl/uploads/00/243978/314c8d9d4a8d023167a63be7d2c06210.jpg,Fiat,600,2026,0,KM,Hatchback,Lakier metalizowany Lazurowy Acqua,New,106610 PLN,PLN,"{""addr1"": ""USTOWO 57"", ""city"": ""SZCZECIN"", ""region"": ""ZACHODNIOPOMORSKIE"", ""country"": ""PL"", ""postal_code"": ""71-001""}",53.38756,14.498444,LEASE,978 PLN,per month,Hybrid,Automatic,FWD
243927,Grande Panda La Prima · od 667 PLN/mies.,Fiat Grande Panda La Prima · Rata od 667 PLN netto/mies. · Leasing B2B · LUBLIN · Sprawdź ofertę!,https://salon.fiat.pl/oferta/243927,https://cdn.fcapoland.pl/uploads/00/243927/dccf98985810da5a70e254ea7e8855e4.jpg,Fiat,Grande Panda,2026,0,KM,Hatchback,Lakier metalizowany Żółty Limone,New,91400 PLN,PLN,"{""addr1"": ""UL MEŁGIEWSKA 10"", ""city"": ""LUBLIN"", ""region"": ""LUBELSKIE"", ""country"": ""PL"", ""postal_code"": ""20-209""}",51.24833,22.60831,LEASE,667 PLN,per month,Hybrid,Automatic,FWD
243914,Pandina Icon,Fiat Pandina Icon · Leasing B2B · BYDGOSZCZ · Sprawdź ofertę!,https://salon.fiat.pl/oferta/243914,https://cdn.fcapoland.pl/uploads/00/243914/fcb65a64b35681c1fe874c87e6c47e2a.jpg,Fiat,Pandina,2026,0,KM,Hatchback,Lakier pastelowy Red by (RED),New,60950 PLN,PLN,"{""addr1"": ""AL. ARMII KRAJOWEJ 250"", ""city"": ""BYDGOSZCZ"", ""region"": ""KUJAWSKO-POMORSKIE"", ""country"": ""PL"", ""postal_code"": ""85-689""}",53.17261,18.05499,LEASE,,,Hybrid,Manual,FWD
243872,Grande Panda La Prima · od 664 PLN/mies.,Fiat Grande Panda La Prima · Rata od 664 PLN netto/mies. · Leasing B2B · BIELSKO-BIAŁA · Sprawdź ofertę!,https://salon.fiat.pl/oferta/243872,https://cdn.fcapoland.pl/uploads/00/243872/1_render.jpg,Fiat,Grande Panda,2026,0,KM,Hatchback,Lakier metalizowany Czarny Cinema,New,92720 PLN,PLN,"{""addr1"": ""UL. WARSZAWSKA 158"", ""city"": ""BIELSKO-BIAŁA"", ""region"": ""ŚLĄSKIE"", ""country"": ""PL"", ""postal_code"": ""43-300""}",49.84307,19.03564,LEASE,664 PLN,per month,Hybrid,Automatic,FWD
243871,Grande Panda La Prima · od 710 PLN/mies.,Fiat Grande Panda La Prima · Rata od 710 PLN netto/mies. · Leasing B2B · KRAKÓW-LIBERTÓW · Sprawdź ofertę!,https://salon.fiat.pl/oferta/243871,https://cdn.fcapoland.pl/uploads/00/243871/1_render.jpg,Fiat,Grande Panda,2026,0,KM,Hatchback,Lakier pastelowy Biały Gelato,New,95270 PLN,PLN,"{""addr1"": ""UL. GÓRA LIBERTOWSKA 12"", ""city"": ""KRAKÓW-LIBERTÓW"", ""region"": ""MAŁOPOLSKIE"", ""country"": ""PL"", ""postal_code"": ""30-444""}",49.97992,19.90923,LEASE,710 PLN,per month,Hybrid,Automatic,FWD
243867,Pandina Cross,Fiat Pandina Cross · Leasing B2B · OLSZTYN · Sprawdź ofertę!,https://salon.fiat.pl/oferta/243867,https://cdn.fcapoland.pl/uploads/00/243867/1_render.jpg,Fiat,Pandina,2026,0,KM,Hatchback,Lakier pastelowy Biały Gelato z czarnym dachem,New,66900 PLN,PLN,"{""addr1"": ""AL. OBRONCOW TOBRUKU 5"", ""city"": ""OLSZTYN"", ""region"": ""WARMIŃSKO-MAZURSKIE"", ""country"": ""PL"", ""postal_code"": ""10-092""}",53.764244,20.481829,LEASE,,,Hybrid,Manual,FWD
243852,600 La Prima · od 945 PLN/mies.,Fiat 600 La Prima · Rata od 945 PLN netto/mies. · Leasing B2B · LUBLIN · Sprawdź ofertę!,https://salon.fiat.pl/oferta/243852,https://cdn.fcapoland.pl/uploads/00/243852/a493f86adeed782598b645961d487c70.jpg,Fiat,600,2026,0,KM,Hatchback,Lakier metalizowany Kremowy Cappucino z dachem w kolorze Czarny Cinema,New,105200 PLN,PLN,"{""addr1"": ""UL MEŁGIEWSKA 10"", ""city"": ""LUBLIN"", ""region"": ""LUBELSKIE"", ""country"": ""PL"", ""postal_code"": ""20-209""}",51.24833,22.60831,LEASE,945 PLN,per month,Hybrid,Automatic,FWD
243849,600 La Prima · od 945 PLN/mies.,Fiat 600 La Prima · Rata od 945 PLN netto/mies. · Leasing B2B · LUBLIN · Sprawdź ofertę!,https://salon.fiat.pl/oferta/243849,https://cdn.fcapoland.pl/uploads/00/243849/4ff09e8ee140b663cafe044df3712aa2.jpg,Fiat,600,2026,0,KM,Hatchback,Lakier pastelowy Biały Gelato z dachem w kolorze Czarny Cinema,New,105200 PLN,PLN,"{""addr1"": ""UL MEŁGIEWSKA 10"", ""city"": ""LUBLIN"", ""region"": ""LUBELSKIE"", ""country"": ""PL"", ""postal_code"": ""20-209""}",51.24833,22.60831,LEASE,945 PLN,per month,Hybrid,Automatic,FWD
243848,600 La Prima · od 945 PLN/mies.,Fiat 600 La Prima · Rata od 945 PLN netto/mies. · Leasing B2B · LUBLIN · Sprawdź ofertę!,https://salon.fiat.pl/oferta/243848,https://cdn.fcapoland.pl/uploads/00/243848/fa5ad407d8a18feb4e2086640e955429.jpg,Fiat,600,2026,0,KM,Hatchback,Lakier metalizowany Kremowy Cappucino z dachem w kolorze Czarny Cinema,New,105200 PLN,PLN,"{""addr1"": ""UL MEŁGIEWSKA 10"", ""city"": ""LUBLIN"", ""region"": ""LUBELSKIE"", ""country"": ""PL"", ""postal_code"": ""20-209""}",51.24833,22.60831,LEASE,945 PLN,per month,Hybrid,Automatic,FWD
243811,Grande Panda La Prima · od 714 PLN/mies.,Fiat Grande Panda La Prima · Rata od 714 PLN netto/mies. · Leasing B2B · KRAKÓW-LIBERTÓW · Sprawdź ofertę!,https://salon.fiat.pl/oferta/243811,https://cdn.fcapoland.pl/uploads/00/243811/1_render.jpg,Fiat,Grande Panda,2026,0,KM,Hatchback,Lakier metalizowany Brazowy Luna,New,95720 PLN,PLN,"{""addr1"": ""UL. GÓRA LIBERTOWSKA 12"", ""city"": ""KRAKÓW-LIBERTÓW"", ""region"": ""MAŁOPOLSKIE"", ""country"": ""PL"", ""postal_code"": ""30-444""}",49.97992,19.90923,LEASE,714 PLN,per month,Hybrid,Automatic,FWD
243810,Grande Panda Icon · od 629 PLN/mies.,Fiat Grande Panda Icon · Rata od 629 PLN netto/mies. · Leasing B2B · WARSZAWA · Sprawdź ofertę!,https://salon.fiat.pl/oferta/243810,https://cdn.fcapoland.pl/uploads/00/243810/c98f8936559b0d6d5167821e9a73f5ab.jpg,Fiat,Grande Panda,2026,0,KM,Hatchback,Lakier pastelowy Red by (RED),New,72376 PLN,PLN,"{""addr1"": ""UL. POLCZYNSKA 33"", ""city"": ""WARSZAWA"", ""region"": ""MAZOWIECKIE"", ""country"": ""PL"", ""postal_code"": ""01-377""}",52.218745,20.914414,LEASE,629 PLN,per month,Gasoline,Manual,FWD
243776,Grande Panda La Prima · od 667 PLN/mies.,Fiat Grande Panda La Prima · Rata od 667 PLN netto/mies. · Leasing B2B · LUBLIN · Sprawdź ofertę!,https://salon.fiat.pl/oferta/243776,https://cdn.fcapoland.pl/uploads/00/243776/976000132f2cf64b3c9f953450dc1772.jpg,Fiat,Grande Panda,2026,0,KM,Hatchback,Lakier metalizowany Żółty Limone,New,91400 PLN,PLN,"{""addr1"": ""UL MEŁGIEWSKA 10"", ""city"": ""LUBLIN"", ""region"": ""LUBELSKIE"", ""country"": ""PL"", ""postal_code"": ""20-209""}",51.24833,22.60831,LEASE,667 PLN,per month,Hybrid,Automatic,FWD
243766,Grande Panda La Prima · od 669 PLN/mies.,Fiat Grande Panda La Prima · Rata od 669 PLN netto/mies. · Leasing B2B · WARSZAWA · Sprawdź ofertę!,https://salon.fiat.pl/oferta/243766,https://cdn.fcapoland.pl/uploads/00/243766/d8d73d8418e56756068971e1096916ba.jpg,Fiat,Grande Panda,2026,0,KM,Hatchback,Lakier metalizowany Żółty Limone,New,91520 PLN,PLN,"{""addr1"": ""UL. POLCZYNSKA 33"", ""city"": ""WARSZAWA"", ""region"": ""MAZOWIECKIE"", ""country"": ""PL"", ""postal_code"": ""01-377""}",52.218745,20.914414,LEASE,669 PLN,per month,Hybrid,Automatic,FWD
243763,Grande Panda La Prima · od 667 PLN/mies.,Fiat Grande Panda La Prima · Rata od 667 PLN netto/mies. · Leasing B2B · LUBLIN · Sprawdź ofertę!,https://salon.fiat.pl/oferta/243763,https://cdn.fcapoland.pl/uploads/00/243763/80804cfc98865bd9a2bfc5666098bd2e.jpg,Fiat,Grande Panda,2026,0,KM,Hatchback,Lakier metalizowany Żółty Limone,New,91400 PLN,PLN,"{""addr1"": ""UL MEŁGIEWSKA 10"", ""city"": ""LUBLIN"", ""region"": ""LUBELSKIE"", ""country"": ""PL"", ""postal_code"": ""20-209""}",51.24833,22.60831,LEASE,667 PLN,per month,Hybrid,Automatic,FWD
243761,Pandina Cross,Fiat Pandina Cross · Leasing B2B · LUBLIN · Sprawdź ofertę!,https://salon.fiat.pl/oferta/243761,https://cdn.fcapoland.pl/uploads/00/243761/1_render.jpg,Fiat,Pandina,2026,0,KM,Hatchback,Lakier pastelowy Biały Gelato,New,66500 PLN,PLN,"{""addr1"": ""UL MEŁGIEWSKA 10"", ""city"": ""LUBLIN"", ""region"": ""LUBELSKIE"", ""country"": ""PL"", ""postal_code"": ""20-209""}",51.24833,22.60831,LEASE,,,Hybrid,Manual,FWD
243735,600 Icon · od 962 PLN/mies.,Fiat 600 Icon · Rata od 962 PLN netto/mies. · Leasing B2B · SOSNOWIEC · Sprawdź ofertę!,https://salon.fiat.pl/oferta/243735,https://cdn.fcapoland.pl/uploads/00/243735/1_render.jpg,Fiat,600,2026,0,KM,Hatchback,Lakier metalizowany Kremowy Cappucino,New,94900 PLN,PLN,"{""addr1"": ""UL. ZUZANNY 36"", ""city"": ""SOSNOWIEC"", ""region"": ""ŚLĄSKIE"", ""country"": ""PL"", ""postal_code"": ""41-219""}",50.29942,19.16864,LEASE,962 PLN,per month,Hybrid,Automatic,FWD
243734,600 Sport · od 1038 PLN/mies.,Fiat 600 Sport · Rata od 1038 PLN netto/mies. · Leasing B2B · SOSNOWIEC · Sprawdź ofertę!,https://salon.fiat.pl/oferta/243734,https://cdn.fcapoland.pl/uploads/00/243734/1_render.jpg,Fiat,600,2026,0,KM,Hatchback,Lakier metalizowany Zielony Mare,New,102500 PLN,PLN,"{""addr1"": ""UL. ZUZANNY 36"", ""city"": ""SOSNOWIEC"", ""region"": ""ŚLĄSKIE"", ""country"": ""PL"", ""postal_code"": ""41-219""}",50.29942,19.16864,LEASE,1038 PLN,per month,Hybrid,Automatic,FWD
243733,600 La Prima · od 1038 PLN/mies.,Fiat 600 La Prima · Rata od 1038 PLN netto/mies. · Leasing B2B · SOSNOWIEC · Sprawdź ofertę!,https://salon.fiat.pl/oferta/243733,https://cdn.fcapoland.pl/uploads/00/243733/1_render.jpg,Fiat,600,2026,0,KM,Hatchback,Lakier pastelowy Czarny Cinema,New,102500 PLN,PLN,"{""addr1"": ""UL. ZUZANNY 36"", ""city"": ""SOSNOWIEC"", ""region"": ""ŚLĄSKIE"", ""country"": ""PL"", ""postal_code"": ""41-219""}",50.29942,19.16864,LEASE,1038 PLN,per month,Hybrid,Automatic,FWD
243732,600 Pop · od 781 PLN/mies.,Fiat 600 Pop · Rata od 781 PLN netto/mies. · Leasing B2B · TARNOWSKIE GÓRY · Sprawdź ofertę!,https://salon.fiat.pl/oferta/243732,https://cdn.fcapoland.pl/uploads/00/243732/c5dc9c05016b5992c81bd042fa9765f2.jpg,Fiat,600,2026,0,KM,Hatchback,Lakier metalizowany Zielony Mare,New,85056 PLN,PLN,"{""addr1"": ""UL. GLIWICKA 65"", ""city"": ""TARNOWSKIE GÓRY"", ""region"": """", ""country"": ""PL"", ""postal_code"": ""42-600""}",50.43672,18.84565,LEASE,781 PLN,per month,Hybrid,Automatic,FWD
243731,600 Pop · od 799 PLN/mies.,Fiat 600 Pop · Rata od 799 PLN netto/mies. · Leasing B2B · ŻORY · Sprawdź ofertę!,https://salon.fiat.pl/oferta/243731,https://cdn.fcapoland.pl/uploads/00/243731/0e258b7c1b39ecffc8352523e404b22b.jpg,Fiat,600,2026,0,KM,Hatchback,Lakier metalizowany Zielony Mare,New,86893 PLN,PLN,"{""addr1"": ""UL. KOŚCIUSZKI 79"", ""city"": ""ŻORY"", ""region"": ""ŚLĄSKIE"", ""country"": ""PL"", ""postal_code"": ""44-240""}",50.03099,18.70503,LEASE,799 PLN,per month,Hybrid,Automatic,FWD
243675,Grande Panda La Prima · od 714 PLN/mies.,Fiat Grande Panda La Prima · Rata od 714 PLN netto/mies. · Leasing B2B · BIALYSTOK · Sprawdź ofertę!,https://salon.fiat.pl/oferta/243675,https://cdn.fcapoland.pl/uploads/00/243675/1_render.jpg,Fiat,Grande Panda,2026,0,KM,Hatchback,Lakier metalizowany Brazowy Luna,New,95720 PLN,PLN,"{""addr1"": ""UL. GEN. WLADYSLAWA ANDERSA 71"", ""city"": ""BIALYSTOK"", ""region"": ""PODLASKIE"", ""country"": ""PL"", ""postal_code"": ""15-113""}",53.1563,23.1446,LEASE,714 PLN,per month,Hybrid,Automatic,FWD
243673,Grande Panda Icon · od 569 PLN/mies.,Fiat Grande Panda Icon · Rata od 569 PLN netto/mies. · Leasing B2B · WARSZAWA · Sprawdź ofertę!,https://salon.fiat.pl/oferta/243673,https://cdn.fcapoland.pl/uploads/00/243673/cd9e0466cdfb4b11851d513f4e428317.jpg,Fiat,Grande Panda,2026,0,KM,Hatchback,Lakier metalizowany Żółty Limone,New,75636 PLN,PLN,"{""addr1"": ""UL. POLCZYNSKA 33"", ""city"": ""WARSZAWA"", ""region"": ""MAZOWIECKIE"", ""country"": ""PL"", ""postal_code"": ""01-377""}",52.218745,20.914414,LEASE,569 PLN,per month,Hybrid,Automatic,FWD
243670,Grande Panda Icon · od 722 PLN/mies.,Fiat Grande Panda Icon · Rata od 722 PLN netto/mies. · Leasing B2B · SOSNOWIEC · Sprawdź ofertę!,https://salon.fiat.pl/oferta/243670,https://cdn.fcapoland.pl/uploads/00/243670/1_render.jpg,Fiat,Grande Panda,2026,0,KM,Hatchback,Lakier pastelowy Red by (RED),New,86500 PLN,PLN,"{""addr1"": ""UL. ZUZANNY 36"", ""city"": ""SOSNOWIEC"", ""region"": ""ŚLĄSKIE"", ""country"": ""PL"", ""postal_code"": ""41-219""}",50.29942,19.16864,LEASE,722 PLN,per month,Hybrid,Automatic,FWD
243669,Grande Panda La Prima · od 714 PLN/mies.,Fiat Grande Panda La Prima · Rata od 714 PLN netto/mies. · Leasing B2B · FALENTY · Sprawdź ofertę!,https://salon.fiat.pl/oferta/243669,https://cdn.fcapoland.pl/uploads/00/243669/1_render.jpg,Fiat,Grande Panda,2026,0,KM,Hatchback,Lakier metalizowany Brazowy Luna,New,95720 PLN,PLN,"{""addr1"": ""AL. KRAKOWSKA 8"", ""city"": ""FALENTY"", ""region"": ""MAZOWIECKIE"", ""country"": ""PL"", ""postal_code"": ""05-090""}",52.14213,20.90316,LEASE,714 PLN,per month,Hybrid,Automatic,FWD
243666,Grande Panda La Prima · od 667 PLN/mies.,Fiat Grande Panda La Prima · Rata od 667 PLN netto/mies. · Leasing B2B · LUBLIN · Sprawdź ofertę!,https://salon.fiat.pl/oferta/243666,https://cdn.fcapoland.pl/uploads/00/243666/534fc77743ddf027b5a1003cab9adb7d.jpg,Fiat,Grande Panda,2026,0,KM,Hatchback,Lakier metalizowany Żółty Limone,New,91400 PLN,PLN,"{""addr1"": ""UL MEŁGIEWSKA 10"", ""city"": ""LUBLIN"", ""region"": ""LUBELSKIE"", ""country"": ""PL"", ""postal_code"": ""20-209""}",51.24833,22.60831,LEASE,667 PLN,per month,Hybrid,Automatic,FWD
243665,Grande Panda La Prima · od 715 PLN/mies.,Fiat Grande Panda La Prima · Rata od 715 PLN netto/mies. · Leasing B2B · ŁÓDŹ · Sprawdź ofertę!,https://salon.fiat.pl/oferta/243665,https://cdn.fcapoland.pl/uploads/00/243665/4796683961d4153729648bb52ea4d998.jpg,Fiat,Grande Panda,2026,0,KM,Hatchback,Lakier metalizowany Czarny Cinema,New,95800 PLN,PLN,"{""addr1"": ""UL. SZPARAGOWA 4"", ""city"": ""ŁÓDŹ"", ""region"": ""ŁÓDZKIE"", ""country"": ""PL"", ""postal_code"": ""91-211""}",51.8027,19.37677,LEASE,715 PLN,per month,Hybrid,Automatic,FWD
243651,600 Icon · od 903 PLN/mies.,Fiat 600 Icon · Rata od 903 PLN netto/mies. · Leasing B2B · CZESTOCHOWA · Sprawdź ofertę!,https://salon.fiat.pl/oferta/243651,https://cdn.fcapoland.pl/uploads/00/243651/1_render.jpg,Fiat,600,2026,0,KM,Hatchback,Lakier metalizowany Kremowy Cappucino,New,97500 PLN,PLN,"{""addr1"": ""UL. BUGAJSKA 6/8"", ""city"": ""CZESTOCHOWA"", ""region"": ""ŚLĄSKIE"", ""country"": ""PL"", ""postal_code"": ""42-200""}",50.766723,19.165467,LEASE,903 PLN,per month,Hybrid,Automatic,FWD
243601,600 Sport · od 1028 PLN/mies.,Fiat 600 Sport · Rata od 1028 PLN netto/mies. · Leasing B2B · SOSNOWIEC · Sprawdź ofertę!,https://salon.fiat.pl/oferta/243601,https://cdn.fcapoland.pl/uploads/00/243601/1_render.jpg,Fiat,600,2026,0,KM,Hatchback,Lakier pastelowy Czarny Cinema,New,101500 PLN,PLN,"{""addr1"": ""UL. ZUZANNY 36"", ""city"": ""SOSNOWIEC"", ""region"": ""ŚLĄSKIE"", ""country"": ""PL"", ""postal_code"": ""41-219""}",50.29942,19.16864,LEASE,1028 PLN,per month,Hybrid,Automatic,FWD
243599,Qubo L La Prima,Fiat Qubo L La Prima · Leasing B2B · ŻORY · Sprawdź ofertę!,https://salon.fiat.pl/oferta/243599,https://cdn.fcapoland.pl/uploads/00/243599/1_render.jpg,Fiat,Qubo L,2026,0,KM,Hatchback,Lakier metalizowany Zielony Foresta,New,121900 PLN,PLN,"{""addr1"": ""UL. KOŚCIUSZKI 79"", ""city"": ""ŻORY"", ""region"": ""ŚLĄSKIE"", ""country"": ""PL"", ""postal_code"": ""44-240""}",50.03099,18.70503,LEASE,,,Diesel,Automatic,FWD
243598,Qubo L Icon,Fiat Qubo L Icon · Leasing B2B · ŻORY · Sprawdź ofertę!,https://salon.fiat.pl/oferta/243598,https://cdn.fcapoland.pl/uploads/00/243598/1_render.jpg,Fiat,Qubo L,2026,0,KM,Hatchback,Lakier metalizowany Zielony Foresta,New,116900 PLN,PLN,"{""addr1"": ""UL. KOŚCIUSZKI 79"", ""city"": ""ŻORY"", ""region"": ""ŚLĄSKIE"", ""country"": ""PL"", ""postal_code"": ""44-240""}",50.03099,18.70503,LEASE,,,Diesel,Automatic,FWD
243571,Grande Panda La Prima · od 700 PLN/mies.,Fiat Grande Panda La Prima · Rata od 700 PLN netto/mies. · Leasing B2B · KATOWICE · Sprawdź ofertę!,https://salon.fiat.pl/oferta/243571,https://cdn.fcapoland.pl/uploads/00/243571/019e62e6f94a3f5631c6fbcaebe22c87.jpg,Fiat,Grande Panda,2026,0,KM,Hatchback,Lakier metalizowany Niebieski Lago,New,94900 PLN,PLN,"{""addr1"": ""UL. KOSCIUSZKI 261"", ""city"": ""KATOWICE"", ""region"": ""ŚLĄSKIE"", ""country"": ""PL"", ""postal_code"": ""40-690""}",50.209822,18.965429,LEASE,700 PLN,per month,Hybrid,Automatic,FWD
243567,Grande Panda La Prima · od 664 PLN/mies.,Fiat Grande Panda La Prima · Rata od 664 PLN netto/mies. · Leasing B2B · BIELSKO-BIAŁA · Sprawdź ofertę!,https://salon.fiat.pl/oferta/243567,https://cdn.fcapoland.pl/uploads/00/243567/1_render.jpg,Fiat,Grande Panda,2026,0,KM,Hatchback,Lakier metalizowany Brazowy Luna,New,92720 PLN,PLN,"{""addr1"": ""UL. WARSZAWSKA 158"", ""city"": ""BIELSKO-BIAŁA"", ""region"": ""ŚLĄSKIE"", ""country"": ""PL"", ""postal_code"": ""43-300""}",49.84307,19.03564,LEASE,664 PLN,per month,Hybrid,Automatic,FWD
243564,Grande Panda La Prima · od 694 PLN/mies.,Fiat Grande Panda La Prima · Rata od 694 PLN netto/mies. · Leasing B2B · WARSZAWA · Sprawdź ofertę!,https://salon.fiat.pl/oferta/243564,https://cdn.fcapoland.pl/uploads/00/243564/3cc93842b603dfff0cb27917669dcdb8.jpg,Fiat,Grande Panda,2026,0,KM,Hatchback,Lakier metalizowany Niebieski Lago,New,94500 PLN,PLN,"{""addr1"": ""UL. RADZYMIŃSKA 112"", ""city"": ""WARSZAWA"", ""region"": ""MAZOWIECKIE"", ""country"": ""PL"", ""postal_code"": ""03-574""}",52.26811,21.06277,LEASE,694 PLN,per month,Hybrid,Automatic,FWD
243563,Grande Panda La Prima · od 667 PLN/mies.,Fiat Grande Panda La Prima · Rata od 667 PLN netto/mies. · Leasing B2B · CZESTOCHOWA · Sprawdź ofertę!,https://salon.fiat.pl/oferta/243563,https://cdn.fcapoland.pl/uploads/00/243563/1_render.jpg,Fiat,Grande Panda,2026,0,KM,Hatchback,Lakier metalizowany Żółty Limone,New,91400 PLN,PLN,"{""addr1"": ""UL. BUGAJSKA 6/8"", ""city"": ""CZESTOCHOWA"", ""region"": ""ŚLĄSKIE"", ""country"": ""PL"", ""postal_code"": ""42-200""}",50.766723,19.165467,LEASE,667 PLN,per month,Hybrid,Automatic,FWD
243562,Grande Panda La Prima · od 705 PLN/mies.,Fiat Grande Panda La Prima · Rata od 705 PLN netto/mies. · Leasing B2B · NOWY TARG · Sprawdź ofertę!,https://salon.fiat.pl/oferta/243562,https://cdn.fcapoland.pl/uploads/00/243562/9a3e6c225c103ea0e4c481e95b3d8d30.jpg,Fiat,Grande Panda,2026,0,KM,Hatchback,Lakier metalizowany Czarny Cinema,New,95220 PLN,PLN,"{""addr1"": ""UL. KRAKOWSKA 3"", ""city"": ""NOWY TARG"", ""region"": ""MAŁOPOLSKIE"", ""country"": ""PL"", ""postal_code"": ""34-400""}",49.45445,20.01966,LEASE,705 PLN,per month,Hybrid,Automatic,FWD
243467,600 La Prima · od 962 PLN/mies.,Fiat 600 La Prima · Rata od 962 PLN netto/mies. · Leasing B2B · RYBNIK · Sprawdź ofertę!,https://salon.fiat.pl/oferta/243467,https://cdn.fcapoland.pl/uploads/00/243467/ef9c8001745fd3fda85d8941066b2069.jpg,Fiat,600,2026,0,KM,Hatchback,Lakier metalizowany Lazurowy Acqua,New,104997 PLN,PLN,"{""addr1"": ""UL. ZORSKA 75"", ""city"": ""RYBNIK"", ""region"": ""ŚLĄSKIE"", ""country"": ""PL"", ""postal_code"": ""44-203""}",50.09212,18.57415,LEASE,962 PLN,per month,Hybrid,Automatic,FWD
243465,600 La Prima · od 969 PLN/mies.,Fiat 600 La Prima · Rata od 969 PLN netto/mies. · Leasing B2B · GDANSK · Sprawdź ofertę!,https://salon.fiat.pl/oferta/243465,https://cdn.fcapoland.pl/uploads/00/243465/ae12e6c97aa6dcfb252c1eda529a6eee.jpg,Fiat,600,2026,0,KM,Hatchback,Lakier metalizowany Zielony Mare,New,105500 PLN,PLN,"{""addr1"": ""UL. POTOKOWA 15AC"", ""city"": ""GDANSK"", ""region"": ""POMORSKIE"", ""country"": ""PL"", ""postal_code"": ""80-283""}",54.368945,18.570911,LEASE,969 PLN,per month,Hybrid,Automatic,FWD
243464,600 La Prima · od 969 PLN/mies.,Fiat 600 La Prima · Rata od 969 PLN netto/mies. · Leasing B2B · GDANSK · Sprawdź ofertę!,https://salon.fiat.pl/oferta/243464,https://cdn.fcapoland.pl/uploads/00/243464/30c70614b9e69639ae3ed275ff6966cb.jpg,Fiat,600,2026,0,KM,Hatchback,Lakier metalizowany Zielony Mare,New,105500 PLN,PLN,"{""addr1"": ""UL. POTOKOWA 15AC"", ""city"": ""GDANSK"", ""region"": ""POMORSKIE"", ""country"": ""PL"", ""postal_code"": ""80-283""}",54.368945,18.570911,LEASE,969 PLN,per month,Hybrid,Automatic,FWD
243462,600 La Prima · od 1007 PLN/mies.,Fiat 600 La Prima · Rata od 1007 PLN netto/mies. · Leasing B2B · RYBNIK · Sprawdź ofertę!,https://salon.fiat.pl/oferta/243462,https://cdn.fcapoland.pl/uploads/00/243462/e3f8faa8f1f143b724a569d93d85bb15.jpg,Fiat,600,2026,0,KM,Hatchback,Lakier metalizowany Kremowy Cappucino z dachem w kolorze Czarny Cinema,New,109977 PLN,PLN,"{""addr1"": ""UL. ZORSKA 75"", ""city"": ""RYBNIK"", ""region"": ""ŚLĄSKIE"", ""country"": ""PL"", ""postal_code"": ""44-203""}",50.09212,18.57415,LEASE,1007 PLN,per month,Hybrid,Automatic,FWD
243413,Grande Panda La Prima · od 705 PLN/mies.,Fiat Grande Panda La Prima · Rata od 705 PLN netto/mies. · Leasing B2B · GDANSK · Sprawdź ofertę!,https://salon.fiat.pl/oferta/243413,https://cdn.fcapoland.pl/uploads/00/243413/bf9868b2484269c99e99d8f15ac4c333.jpg,Fiat,Grande Panda,2026,0,KM,Hatchback,Lakier metalizowany Czarny Cinema,New,95220 PLN,PLN,"{""addr1"": ""UL. POTOKOWA 15AC"", ""city"": ""GDANSK"", ""region"": ""POMORSKIE"", ""country"": ""PL"", ""postal_code"": ""80-283""}",54.368945,18.570911,LEASE,705 PLN,per month,Hybrid,Automatic,FWD
243411,Grande Panda La Prima · od 714 PLN/mies.,Fiat Grande Panda La Prima · Rata od 714 PLN netto/mies. · Leasing B2B · SZCZECIN · Sprawdź ofertę!,https://salon.fiat.pl/oferta/243411,https://cdn.fcapoland.pl/uploads/00/243411/1_render.jpg,Fiat,Grande Panda,2026,0,KM,Hatchback,Lakier pastelowy Red by (RED),New,95720 PLN,PLN,"{""addr1"": ""USTOWO 57"", ""city"": ""SZCZECIN"", ""region"": ""ZACHODNIOPOMORSKIE"", ""country"": ""PL"", ""postal_code"": ""71-001""}",53.38756,14.498444,LEASE,714 PLN,per month,Hybrid,Automatic,FWD
243410,Grande Panda La Prima · od 788 PLN/mies.,Fiat Grande Panda La Prima · Rata od 788 PLN netto/mies. · Leasing B2B · SOSNOWIEC · Sprawdź ofertę!,https://salon.fiat.pl/oferta/243410,https://cdn.fcapoland.pl/uploads/00/243410/1_render.jpg,Fiat,Grande Panda,2026,0,KM,Hatchback,Lakier pastelowy Biały Gelato,New,94500 PLN,PLN,"{""addr1"": ""UL. ZUZANNY 36"", ""city"": ""SOSNOWIEC"", ""region"": ""ŚLĄSKIE"", ""country"": ""PL"", ""postal_code"": ""41-219""}",50.29942,19.16864,LEASE,788 PLN,per month,Hybrid,Automatic,FWD
243409,Grande Panda La Prima · od 677 PLN/mies.,Fiat Grande Panda La Prima · Rata od 677 PLN netto/mies. · Leasing B2B · WARSZAWA · Sprawdź ofertę!,https://salon.fiat.pl/oferta/243409,https://cdn.fcapoland.pl/uploads/00/243409/1_render.jpg,Fiat,Grande Panda,2026,0,KM,Hatchback,Lakier metalizowany Lazurowy Acqua,New,93500 PLN,PLN,"{""addr1"": ""UL. RADZYMIŃSKA 112"", ""city"": ""WARSZAWA"", ""region"": ""MAZOWIECKIE"", ""country"": ""PL"", ""postal_code"": ""03-574""}",52.26811,21.06277,LEASE,677 PLN,per month,Hybrid,Automatic,FWD
243407,Grande Panda Icon · od 644 PLN/mies.,Fiat Grande Panda Icon · Rata od 644 PLN netto/mies. · Leasing B2B · NOWY TARG · Sprawdź ofertę!,https://salon.fiat.pl/oferta/243407,https://cdn.fcapoland.pl/uploads/00/243407/6beaec23484323469febbd792d449371.jpg,Fiat,Grande Panda,2026,0,KM,Hatchback,Lakier metalizowany Czarny Cinema,New,84456 PLN,PLN,"{""addr1"": ""UL. KRAKOWSKA 3"", ""city"": ""NOWY TARG"", ""region"": ""MAŁOPOLSKIE"", ""country"": ""PL"", ""postal_code"": ""34-400""}",49.45445,20.01966,LEASE,644 PLN,per month,Hybrid,Automatic,FWD
243370,600 Icon · od 1266 PLN/mies.,Fiat 600 Icon · Rata od 1266 PLN netto/mies. · Leasing B2B · CZESTOCHOWA · Sprawdź ofertę!,https://salon.fiat.pl/oferta/243370,https://cdn.fcapoland.pl/uploads/00/243370/1_render.jpg,Fiat,600,2026,0,KM,Hatchback,Lakier metalizowany Kremowy Cappucino,New,91500 PLN,PLN,"{""addr1"": ""UL. BUGAJSKA 6/8"", ""city"": ""CZESTOCHOWA"", ""region"": ""ŚLĄSKIE"", ""country"": ""PL"", ""postal_code"": ""42-200""}",50.766723,19.165467,LEASE,1266 PLN,per month,Gasoline,Manual,FWD
243368,600 La Prima · od 939 PLN/mies.,Fiat 600 La Prima · Rata od 939 PLN netto/mies. · Leasing B2B · NOWY TARG · Sprawdź ofertę!,https://salon.fiat.pl/oferta/243368,https://cdn.fcapoland.pl/uploads/00/243368/66048e99373fc31e522a6aaa7dda02e5.jpg,Fiat,600,2026,0,KM,Hatchback,Lakier metalizowany Zielony Mare,New,102837 PLN,PLN,"{""addr1"": ""UL. KRAKOWSKA 3"", ""city"": ""NOWY TARG"", ""region"": ""MAŁOPOLSKIE"", ""country"": ""PL"", ""postal_code"": ""34-400""}",49.45445,20.01966,LEASE,939 PLN,per month,Hybrid,Automatic,FWD
243367,600 La Prima · od 969 PLN/mies.,Fiat 600 La Prima · Rata od 969 PLN netto/mies. · Leasing B2B · NOWY TARG · Sprawdź ofertę!,https://salon.fiat.pl/oferta/243367,https://cdn.fcapoland.pl/uploads/00/243367/96c3fcade8fbfa8fa7e0c60ba026b912.jpg,Fiat,600,2026,0,KM,Hatchback,Lakier metalizowany Zielony Mare,New,106157 PLN,PLN,"{""addr1"": ""UL. KRAKOWSKA 3"", ""city"": ""NOWY TARG"", ""region"": ""MAŁOPOLSKIE"", ""country"": ""PL"", ""postal_code"": ""34-400""}",49.45445,20.01966,LEASE,969 PLN,per month,Hybrid,Automatic,FWD
243366,600 La Prima · od 969 PLN/mies.,Fiat 600 La Prima · Rata od 969 PLN netto/mies. · Leasing B2B · NOWY TARG · Sprawdź ofertę!,https://salon.fiat.pl/oferta/243366,https://cdn.fcapoland.pl/uploads/00/243366/55df49ece6ae91d55a5af28e4674ed38.jpg,Fiat,600,2026,0,KM,Hatchback,Lakier metalizowany Zielony Mare,New,106157 PLN,PLN,"{""addr1"": ""UL. KRAKOWSKA 3"", ""city"": ""NOWY TARG"", ""region"": ""MAŁOPOLSKIE"", ""country"": ""PL"", ""postal_code"": ""34-400""}",49.45445,20.01966,LEASE,969 PLN,per month,Hybrid,Automatic,FWD
243365,600 La Prima · od 939 PLN/mies.,Fiat 600 La Prima · Rata od 939 PLN netto/mies. · Leasing B2B · NOWY TARG · Sprawdź ofertę!,https://salon.fiat.pl/oferta/243365,https://cdn.fcapoland.pl/uploads/00/243365/f6e6b3212c97cbfda3d9d7321059b580.jpg,Fiat,600,2026,0,KM,Hatchback,Lakier metalizowany Zielony Mare,New,102837 PLN,PLN,"{""addr1"": ""UL. KRAKOWSKA 3"", ""city"": ""NOWY TARG"", ""region"": ""MAŁOPOLSKIE"", ""country"": ""PL"", ""postal_code"": ""34-400""}",49.45445,20.01966,LEASE,939 PLN,per month,Hybrid,Automatic,FWD
243364,600 La Prima · od 954 PLN/mies.,Fiat 600 La Prima · Rata od 954 PLN netto/mies. · Leasing B2B · BIALYSTOK · Sprawdź ofertę!,https://salon.fiat.pl/oferta/243364,https://cdn.fcapoland.pl/uploads/00/243364/1_render.jpg,Fiat,600,2026,0,KM,Hatchback,Lakier pastelowy Red by (RED) z dachem w kolorze Czarny Cinema,New,104497 PLN,PLN,"{""addr1"": ""UL. GEN. WLADYSLAWA ANDERSA 71"", ""city"": ""BIALYSTOK"", ""region"": ""PODLASKIE"", ""country"": ""PL"", ""postal_code"": ""15-113""}",53.1563,23.1446,LEASE,954 PLN,per month,Hybrid,Automatic,FWD
243361,600 La Prima · od 917 PLN/mies.,Fiat 600 La Prima · Rata od 917 PLN netto/mies. · Leasing B2B · NOWY TARG · Sprawdź ofertę!,https://salon.fiat.pl/oferta/243361,https://cdn.fcapoland.pl/uploads/00/243361/011780f58ae4b88978626e3a6c173bb5.jpg,Fiat,600,2026,0,KM,Hatchback,Lakier pastelowy Czarny Cinema,New,100347 PLN,PLN,"{""addr1"": ""UL. KRAKOWSKA 3"", ""city"": ""NOWY TARG"", ""region"": ""MAŁOPOLSKIE"", ""country"": ""PL"", ""postal_code"": ""34-400""}",49.45445,20.01966,LEASE,917 PLN,per month,Hybrid,Automatic,FWD
243360,600 La Prima · od 962 PLN/mies.,Fiat 600 La Prima · Rata od 962 PLN netto/mies. · Leasing B2B · BIALYSTOK · Sprawdź ofertę!,https://salon.fiat.pl/oferta/243360,https://cdn.fcapoland.pl/uploads/00/243360/1_render.jpg,Fiat,600,2026,0,KM,Hatchback,Lakier metalizowany Kremowy Cappucino z dachem w kolorze Czarny Cinema,New,104997 PLN,PLN,"{""addr1"": ""UL. GEN. WLADYSLAWA ANDERSA 71"", ""city"": ""BIALYSTOK"", ""region"": ""PODLASKIE"", ""country"": ""PL"", ""postal_code"": ""15-113""}",53.1563,23.1446,LEASE,962 PLN,per month,Hybrid,Automatic,FWD
243359,600 La Prima · od 954 PLN/mies.,Fiat 600 La Prima · Rata od 954 PLN netto/mies. · Leasing B2B · BIALYSTOK · Sprawdź ofertę!,https://salon.fiat.pl/oferta/243359,https://cdn.fcapoland.pl/uploads/00/243359/1_render.jpg,Fiat,600,2026,0,KM,Hatchback,Lakier metalizowany Kremowy Cappucino z dachem w kolorze Czarny Cinema,New,104497 PLN,PLN,"{""addr1"": ""UL. GEN. WLADYSLAWA ANDERSA 71"", ""city"": ""BIALYSTOK"", ""region"": ""PODLASKIE"", ""country"": ""PL"", ""postal_code"": ""15-113""}",53.1563,23.1446,LEASE,954 PLN,per month,Hybrid,Automatic,FWD
243357,600 La Prima · od 947 PLN/mies.,Fiat 600 La Prima · Rata od 947 PLN netto/mies. · Leasing B2B · NOWY TARG · Sprawdź ofertę!,https://salon.fiat.pl/oferta/243357,https://cdn.fcapoland.pl/uploads/00/243357/d954ceadcb517cf1dcca3fd3911e5548.jpg,Fiat,600,2026,0,KM,Hatchback,Lakier pastelowy Czarny Cinema,New,103667 PLN,PLN,"{""addr1"": ""UL. KRAKOWSKA 3"", ""city"": ""NOWY TARG"", ""region"": ""MAŁOPOLSKIE"", ""country"": ""PL"", ""postal_code"": ""34-400""}",49.45445,20.01966,LEASE,947 PLN,per month,Hybrid,Automatic,FWD
243356,600 La Prima · od 947 PLN/mies.,Fiat 600 La Prima · Rata od 947 PLN netto/mies. · Leasing B2B · NOWY TARG · Sprawdź ofertę!,https://salon.fiat.pl/oferta/243356,https://cdn.fcapoland.pl/uploads/00/243356/7c3b2c3e36af9570918e227efaacc4a1.jpg,Fiat,600,2026,0,KM,Hatchback,Lakier pastelowy Czarny Cinema,New,103667 PLN,PLN,"{""addr1"": ""UL. KRAKOWSKA 3"", ""city"": ""NOWY TARG"", ""region"": ""MAŁOPOLSKIE"", ""country"": ""PL"", ""postal_code"": ""34-400""}",49.45445,20.01966,LEASE,947 PLN,per month,Hybrid,Automatic,FWD
243354,600 La Prima · od 939 PLN/mies.,Fiat 600 La Prima · Rata od 939 PLN netto/mies. · Leasing B2B · NOWY TARG · Sprawdź ofertę!,https://salon.fiat.pl/oferta/243354,https://cdn.fcapoland.pl/uploads/00/243354/7c5fa119c96f6509157af91ae0348c5b.jpg,Fiat,600,2026,0,KM,Hatchback,Lakier metalizowany Kremowy Cappucino,New,102837 PLN,PLN,"{""addr1"": ""UL. KRAKOWSKA 3"", ""city"": ""NOWY TARG"", ""region"": ""MAŁOPOLSKIE"", ""country"": ""PL"", ""postal_code"": ""34-400""}",49.45445,20.01966,LEASE,939 PLN,per month,Hybrid,Automatic,FWD
243353,600 La Prima · od 969 PLN/mies.,Fiat 600 La Prima · Rata od 969 PLN netto/mies. · Leasing B2B · NOWY TARG · Sprawdź ofertę!,https://salon.fiat.pl/oferta/243353,https://cdn.fcapoland.pl/uploads/00/243353/1ae00aff65b339fefa0a297045423f0c.jpg,Fiat,600,2026,0,KM,Hatchback,Lakier metalizowany Kremowy Cappucino,New,106157 PLN,PLN,"{""addr1"": ""UL. KRAKOWSKA 3"", ""city"": ""NOWY TARG"", ""region"": ""MAŁOPOLSKIE"", ""country"": ""PL"", ""postal_code"": ""34-400""}",49.45445,20.01966,LEASE,969 PLN,per month,Hybrid,Automatic,FWD
243352,600 La Prima · od 969 PLN/mies.,Fiat 600 La Prima · Rata od 969 PLN netto/mies. · Leasing B2B · NOWY TARG · Sprawdź ofertę!,https://salon.fiat.pl/oferta/243352,https://cdn.fcapoland.pl/uploads/00/243352/9c4f2ba3ceb356e76a69f2824c519487.jpg,Fiat,600,2026,0,KM,Hatchback,Lakier metalizowany Kremowy Cappucino,New,106157 PLN,PLN,"{""addr1"": ""UL. KRAKOWSKA 3"", ""city"": ""NOWY TARG"", ""region"": ""MAŁOPOLSKIE"", ""country"": ""PL"", ""postal_code"": ""34-400""}",49.45445,20.01966,LEASE,969 PLN,per month,Hybrid,Automatic,FWD
243350,600 La Prima · od 939 PLN/mies.,Fiat 600 La Prima · Rata od 939 PLN netto/mies. · Leasing B2B · NOWY TARG · Sprawdź ofertę!,https://salon.fiat.pl/oferta/243350,https://cdn.fcapoland.pl/uploads/00/243350/f683d74148f457b19a5bd9d449c52747.jpg,Fiat,600,2026,0,KM,Hatchback,Lakier metalizowany Kremowy Cappucino,New,102837 PLN,PLN,"{""addr1"": ""UL. KRAKOWSKA 3"", ""city"": ""NOWY TARG"", ""region"": ""MAŁOPOLSKIE"", ""country"": ""PL"", ""postal_code"": ""34-400""}",49.45445,20.01966,LEASE,939 PLN,per month,Hybrid,Automatic,FWD
243349,600 La Prima · od 917 PLN/mies.,Fiat 600 La Prima · Rata od 917 PLN netto/mies. · Leasing B2B · NOWY TARG · Sprawdź ofertę!,https://salon.fiat.pl/oferta/243349,https://cdn.fcapoland.pl/uploads/00/243349/1c379ed9f1cda131936d592116354989.jpg,Fiat,600,2026,0,KM,Hatchback,Lakier pastelowy Czarny Cinema,New,100347 PLN,PLN,"{""addr1"": ""UL. KRAKOWSKA 3"", ""city"": ""NOWY TARG"", ""region"": ""MAŁOPOLSKIE"", ""country"": ""PL"", ""postal_code"": ""34-400""}",49.45445,20.01966,LEASE,917 PLN,per month,Hybrid,Automatic,FWD
243348,600 La Prima · od 964 PLN/mies.,Fiat 600 La Prima · Rata od 964 PLN netto/mies. · Leasing B2B · GDANSK · Sprawdź ofertę!,https://salon.fiat.pl/oferta/243348,https://cdn.fcapoland.pl/uploads/00/243348/1_render.jpg,Fiat,600,2026,0,KM,Hatchback,Lakier pastelowy Red by (RED),New,105000 PLN,PLN,"{""addr1"": ""UL. POTOKOWA 15AC"", ""city"": ""GDANSK"", ""region"": ""POMORSKIE"", ""country"": ""PL"", ""postal_code"": ""80-283""}",54.368945,18.570911,LEASE,964 PLN,per month,Hybrid,Automatic,FWD
243347,600 Icon · od 919 PLN/mies.,Fiat 600 Icon · Rata od 919 PLN netto/mies. · Leasing B2B · CZESTOCHOWA · Sprawdź ofertę!,https://salon.fiat.pl/oferta/243347,https://cdn.fcapoland.pl/uploads/00/243347/1_render.jpg,Fiat,600,2026,0,KM,Hatchback,Lakier metalizowany Kremowy Cappucino,New,99200 PLN,PLN,"{""addr1"": ""UL. BUGAJSKA 6/8"", ""city"": ""CZESTOCHOWA"", ""region"": ""ŚLĄSKIE"", ""country"": ""PL"", ""postal_code"": ""42-200""}",50.766723,19.165467,LEASE,919 PLN,per month,Hybrid,Automatic,FWD
243341,600 La Prima · od 962 PLN/mies.,Fiat 600 La Prima · Rata od 962 PLN netto/mies. · Leasing B2B · OLSZTYN · Sprawdź ofertę!,https://salon.fiat.pl/oferta/243341,https://cdn.fcapoland.pl/uploads/00/243341/1_render.jpg,Fiat,600,2026,0,KM,Hatchback,Lakier metalizowany Pomarańczowy Sole,New,104997 PLN,PLN,"{""addr1"": ""AL. OBRONCOW TOBRUKU 5"", ""city"": ""OLSZTYN"", ""region"": ""WARMIŃSKO-MAZURSKIE"", ""country"": ""PL"", ""postal_code"": ""10-092""}",53.764244,20.481829,LEASE,962 PLN,per month,Hybrid,Automatic,FWD
243339,600 La Prima · od 919 PLN/mies.,Fiat 600 La Prima · Rata od 919 PLN netto/mies. · Leasing B2B · CZESTOCHOWA · Sprawdź ofertę!,https://salon.fiat.pl/oferta/243339,https://cdn.fcapoland.pl/uploads/00/243339/1_render.jpg,Fiat,600,2026,0,KM,Hatchback,Lakier metalizowany Kremowy Cappucino,New,101500 PLN,PLN,"{""addr1"": ""UL. BUGAJSKA 6/8"", ""city"": ""CZESTOCHOWA"", ""region"": ""ŚLĄSKIE"", ""country"": ""PL"", ""postal_code"": ""42-200""}",50.766723,19.165467,LEASE,919 PLN,per month,Hybrid,Automatic,FWD
243273,Grande Panda La Prima · od 660 PLN/mies.,Fiat Grande Panda La Prima · Rata od 660 PLN netto/mies. · Leasing B2B · ŁÓDŹ · Sprawdź ofertę!,https://salon.fiat.pl/oferta/243273,https://cdn.fcapoland.pl/uploads/00/243273/1ca2b8b59efec30ed7b3fcf5742a02c1.jpg,Fiat,Grande Panda,2026,0,KM,Hatchback,Lakier metalizowany Brazowy Luna,New,92500 PLN,PLN,"{""addr1"": ""UL. SZPARAGOWA 4"", ""city"": ""ŁÓDŹ"", ""region"": ""ŁÓDZKIE"", ""country"": ""PL"", ""postal_code"": ""91-211""}",51.8027,19.37677,LEASE,660 PLN,per month,Hybrid,Automatic,FWD
243272,Grande Panda La Prima · od 664 PLN/mies.,Fiat Grande Panda La Prima · Rata od 664 PLN netto/mies. · Leasing B2B · BIELSKO-BIAŁA · Sprawdź ofertę!,https://salon.fiat.pl/oferta/243272,https://cdn.fcapoland.pl/uploads/00/243272/1_render.jpg,Fiat,Grande Panda,2026,0,KM,Hatchback,Lakier metalizowany Niebieski Lago,New,92720 PLN,PLN,"{""addr1"": ""UL. WARSZAWSKA 158"", ""city"": ""BIELSKO-BIAŁA"", ""region"": ""ŚLĄSKIE"", ""country"": ""PL"", ""postal_code"": ""43-300""}",49.84307,19.03564,LEASE,664 PLN,per month,Hybrid,Automatic,FWD
243268,Grande Panda La Prima · od 685 PLN/mies.,Fiat Grande Panda La Prima · Rata od 685 PLN netto/mies. · Leasing B2B · GDANSK · Sprawdź ofertę!,https://salon.fiat.pl/oferta/243268,https://cdn.fcapoland.pl/uploads/00/243268/ab5fd9dd120fbf20e5d516d31d8b5689.jpg,Fiat,Grande Panda,2026,0,KM,Hatchback,Lakier metalizowany Żółty Limone,New,92500 PLN,PLN,"{""addr1"": ""UL. POTOKOWA 15AC"", ""city"": ""GDANSK"", ""region"": ""POMORSKIE"", ""country"": ""PL"", ""postal_code"": ""80-283""}",54.368945,18.570911,LEASE,685 PLN,per month,Hybrid,Automatic,FWD
243264,Grande Panda La Prima · od 689 PLN/mies.,Fiat Grande Panda La Prima · Rata od 689 PLN netto/mies. · Leasing B2B · WARSZAWA · Sprawdź ofertę!,https://salon.fiat.pl/oferta/243264,https://cdn.fcapoland.pl/uploads/00/243264/0857a1574205ed98548410b40a2255ff.jpg,Fiat,Grande Panda,2026,0,KM,Hatchback,Lakier metalizowany Brazowy Luna,New,94220 PLN,PLN,"{""addr1"": ""UL. POLCZYNSKA 33"", ""city"": ""WARSZAWA"", ""region"": ""MAZOWIECKIE"", ""country"": ""PL"", ""postal_code"": ""01-377""}",52.218745,20.914414,LEASE,689 PLN,per month,Hybrid,Automatic,FWD
243259,Grande Panda La Prima · od 689 PLN/mies.,Fiat Grande Panda La Prima · Rata od 689 PLN netto/mies. · Leasing B2B · KRAKÓW-LIBERTÓW · Sprawdź ofertę!,https://salon.fiat.pl/oferta/243259,https://cdn.fcapoland.pl/uploads/00/243259/49d5e9c8adc85c992f6181db7ca80006.jpg,Fiat,Grande Panda,2026,0,KM,Hatchback,Lakier metalizowany Żółty Limone,New,91720 PLN,PLN,"{""addr1"": ""UL. GÓRA LIBERTOWSKA 12"", ""city"": ""KRAKÓW-LIBERTÓW"", ""region"": ""MAŁOPOLSKIE"", ""country"": ""PL"", ""postal_code"": ""30-444""}",49.97992,19.90923,LEASE,689 PLN,per month,Hybrid,Automatic,FWD
243258,Grande Panda La Prima · od 705 PLN/mies.,Fiat Grande Panda La Prima · Rata od 705 PLN netto/mies. · Leasing B2B · GDANSK · Sprawdź ofertę!,https://salon.fiat.pl/oferta/243258,https://cdn.fcapoland.pl/uploads/00/243258/900c36c8f96d3da2e7858de31717124a.jpg,Fiat,Grande Panda,2026,0,KM,Hatchback,Lakier metalizowany Czarny Cinema,New,95200 PLN,PLN,"{""addr1"": ""UL. POTOKOWA 15AC"", ""city"": ""GDANSK"", ""region"": ""POMORSKIE"", ""country"": ""PL"", ""postal_code"": ""80-283""}",54.368945,18.570911,LEASE,705 PLN,per month,Hybrid,Automatic,FWD
243252,Grande Panda La Prima · od 715 PLN/mies.,Fiat Grande Panda La Prima · Rata od 715 PLN netto/mies. · Leasing B2B · ŁÓDŹ · Sprawdź ofertę!,https://salon.fiat.pl/oferta/243252,https://cdn.fcapoland.pl/uploads/00/243252/edfe55b79338678d636d8adcab0a1491.jpg,Fiat,Grande Panda,2026,0,KM,Hatchback,Lakier metalizowany Lazurowy Acqua,New,95800 PLN,PLN,"{""addr1"": ""UL. SZPARAGOWA 4"", ""city"": ""ŁÓDŹ"", ""region"": ""ŁÓDZKIE"", ""country"": ""PL"", ""postal_code"": ""91-211""}",51.8027,19.37677,LEASE,715 PLN,per month,Hybrid,Automatic,FWD
243250,Pandina Icon,Fiat Pandina Icon · Leasing B2B · OLSZTYN · Sprawdź ofertę!,https://salon.fiat.pl/oferta/243250,https://cdn.fcapoland.pl/uploads/00/243250/1_render.jpg,Fiat,Pandina,2026,0,KM,Hatchback,Lakier pastelowy Biały Gelato z czarnym dachem,New,62540 PLN,PLN,"{""addr1"": ""AL. OBRONCOW TOBRUKU 5"", ""city"": ""OLSZTYN"", ""region"": ""WARMIŃSKO-MAZURSKIE"", ""country"": ""PL"", ""postal_code"": ""10-092""}",53.764244,20.481829,LEASE,,,Hybrid,Manual,FWD
243246,Pandina Cross,Fiat Pandina Cross · Leasing B2B · LUBLIN · Sprawdź ofertę!,https://salon.fiat.pl/oferta/243246,https://cdn.fcapoland.pl/uploads/00/243246/1_render.jpg,Fiat,Pandina,2026,0,KM,Hatchback,Lakier pastelowy Zółty Positano,New,64600 PLN,PLN,"{""addr1"": ""UL MEŁGIEWSKA 10"", ""city"": ""LUBLIN"", ""region"": ""LUBELSKIE"", ""country"": ""PL"", ""postal_code"": ""20-209""}",51.24833,22.60831,LEASE,,,Hybrid,Manual,FWD
243214,600 La Prima · od 1212 PLN/mies.,Fiat 600 La Prima · Rata od 1212 PLN netto/mies. · Leasing B2B · BIELSKO-BIAŁA · Sprawdź ofertę!,https://salon.fiat.pl/oferta/243214,https://cdn.fcapoland.pl/uploads/00/243214/1_render.jpg,Fiat,600,2026,0,KM,Hatchback,Lakier pastelowy Czarny Cinema,New,87544 PLN,PLN,"{""addr1"": ""UL. WARSZAWSKA 158"", ""city"": ""BIELSKO-BIAŁA"", ""region"": ""ŚLĄSKIE"", ""country"": ""PL"", ""postal_code"": ""43-300""}",49.84307,19.03564,LEASE,1212 PLN,per month,Gasoline,Manual,FWD
243213,600 La Prima · od 1245 PLN/mies.,Fiat 600 La Prima · Rata od 1245 PLN netto/mies. · Leasing B2B · BIELSKO-BIAŁA · Sprawdź ofertę!,https://salon.fiat.pl/oferta/243213,https://cdn.fcapoland.pl/uploads/00/243213/1_render.jpg,Fiat,600,2026,0,KM,Hatchback,Lakier metalizowany Zielony Mare,New,89974 PLN,PLN,"{""addr1"": ""UL. WARSZAWSKA 158"", ""city"": ""BIELSKO-BIAŁA"", ""region"": ""ŚLĄSKIE"", ""country"": ""PL"", ""postal_code"": ""43-300""}",49.84307,19.03564,LEASE,1245 PLN,per month,Gasoline,Manual,FWD
243212,600 La Prima · od 1281 PLN/mies.,Fiat 600 La Prima · Rata od 1281 PLN netto/mies. · Leasing B2B · BIELSKO-BIAŁA · Sprawdź ofertę!,https://salon.fiat.pl/oferta/243212,https://cdn.fcapoland.pl/uploads/00/243212/0dfc6403d267619fe5f29f0869fa282e.jpg,Fiat,600,2026,0,KM,Hatchback,Lakier pastelowy Biały Gelato z dachem w kolorze Czarny Cinema,New,92594 PLN,PLN,"{""addr1"": ""UL. WARSZAWSKA 158"", ""city"": ""BIELSKO-BIAŁA"", ""region"": ""ŚLĄSKIE"", ""country"": ""PL"", ""postal_code"": ""43-300""}",49.84307,19.03564,LEASE,1281 PLN,per month,Gasoline,Manual,FWD
243209,600 La Prima · od 1268 PLN/mies.,Fiat 600 La Prima · Rata od 1268 PLN netto/mies. · Leasing B2B · ŻORY · Sprawdź ofertę!,https://salon.fiat.pl/oferta/243209,https://cdn.fcapoland.pl/uploads/00/243209/6efa4ce2cca740cb148da89bb6c86921.jpg,Fiat,600,2026,0,KM,Hatchback,Lakier pastelowy Red by (RED) z dachem w kolorze Czarny Cinema,New,91594 PLN,PLN,"{""addr1"": ""UL. KOŚCIUSZKI 79"", ""city"": ""ŻORY"", ""region"": ""ŚLĄSKIE"", ""country"": ""PL"", ""postal_code"": ""44-240""}",50.03099,18.70503,LEASE,1268 PLN,per month,Gasoline,Manual,FWD
243206,600 La Prima · od 1322 PLN/mies.,Fiat 600 La Prima · Rata od 1322 PLN netto/mies. · Leasing B2B · ŁÓDŹ · Sprawdź ofertę!,https://salon.fiat.pl/oferta/243206,https://cdn.fcapoland.pl/uploads/00/243206/1_render.jpg,Fiat,600,2026,0,KM,Hatchback,Lakier metalizowany Kremowy Cappucino,New,95594 PLN,PLN,"{""addr1"": ""UL.PABIANICKA 94/96"", ""city"": ""ŁÓDŹ"", ""region"": ""ŁÓDZKIE"", ""country"": ""PL"", ""postal_code"": ""93-548""}",51.72592,19.44758,LEASE,1322 PLN,per month,Gasoline,Manual,FWD
243204,600 Icon · od 1177 PLN/mies.,Fiat 600 Icon · Rata od 1177 PLN netto/mies. · Leasing B2B · ŁÓDŹ · Sprawdź ofertę!,https://salon.fiat.pl/oferta/243204,https://cdn.fcapoland.pl/uploads/00/243204/1_render.jpg,Fiat,600,2026,0,KM,Hatchback,Lakier metalizowany Zielony Mare,New,85000 PLN,PLN,"{""addr1"": ""UL. SZPARAGOWA 4"", ""city"": ""ŁÓDŹ"", ""region"": ""ŁÓDZKIE"", ""country"": ""PL"", ""postal_code"": ""91-211""}",51.8027,19.37677,LEASE,1177 PLN,per month,Gasoline,Manual,FWD
243203,600 Pop · od 851 PLN/mies.,Fiat 600 Pop · Rata od 851 PLN netto/mies. · Leasing B2B · NOWY TARG · Sprawdź ofertę!,https://salon.fiat.pl/oferta/243203,https://cdn.fcapoland.pl/uploads/00/243203/945dd2886f8287138fe55293d4560c37.jpg,Fiat,600,2026,0,KM,Hatchback,Lakier metalizowany Zielony Mare,New,90393 PLN,PLN,"{""addr1"": ""UL. KRAKOWSKA 3"", ""city"": ""NOWY TARG"", ""region"": ""MAŁOPOLSKIE"", ""country"": ""PL"", ""postal_code"": ""34-400""}",49.45445,20.01966,LEASE,851 PLN,per month,Hybrid,Automatic,FWD
243202,600 Icon · od 899 PLN/mies.,Fiat 600 Icon · Rata od 899 PLN netto/mies. · Leasing B2B · NOWY TARG · Sprawdź ofertę!,https://salon.fiat.pl/oferta/243202,https://cdn.fcapoland.pl/uploads/00/243202/5d01c621b0e30d92bd625045017e1131.jpg,Fiat,600,2026,0,KM,Hatchback,Lakier metalizowany Zielony Mare,New,96234 PLN,PLN,"{""addr1"": ""UL. KRAKOWSKA 3"", ""city"": ""NOWY TARG"", ""region"": ""MAŁOPOLSKIE"", ""country"": ""PL"", ""postal_code"": ""34-400""}",49.45445,20.01966,LEASE,899 PLN,per month,Hybrid,Automatic,FWD
243201,600 Icon · od 899 PLN/mies.,Fiat 600 Icon · Rata od 899 PLN netto/mies. · Leasing B2B · NOWY TARG · Sprawdź ofertę!,https://salon.fiat.pl/oferta/243201,https://cdn.fcapoland.pl/uploads/00/243201/7836715cd66d2c6defe4fee7f3bd8827.jpg,Fiat,600,2026,0,KM,Hatchback,Lakier metalizowany Kremowy Cappucino,New,96234 PLN,PLN,"{""addr1"": ""UL. KRAKOWSKA 3"", ""city"": ""NOWY TARG"", ""region"": ""MAŁOPOLSKIE"", ""country"": ""PL"", ""postal_code"": ""34-400""}",49.45445,20.01966,LEASE,899 PLN,per month,Hybrid,Automatic,FWD
243200,600 Pop · od 851 PLN/mies.,Fiat 600 Pop · Rata od 851 PLN netto/mies. · Leasing B2B · NOWY TARG · Sprawdź ofertę!,https://salon.fiat.pl/oferta/243200,https://cdn.fcapoland.pl/uploads/00/243200/248f84538b7b36d02d1fd33dda95b102.jpg,Fiat,600,2026,0,KM,Hatchback,Lakier metalizowany Kremowy Cappucino,New,90393 PLN,PLN,"{""addr1"": ""UL. KRAKOWSKA 3"", ""city"": ""NOWY TARG"", ""region"": ""MAŁOPOLSKIE"", ""country"": ""PL"", ""postal_code"": ""34-400""}",49.45445,20.01966,LEASE,851 PLN,per month,Hybrid,Automatic,FWD
243197,600 Icon · od 1273 PLN/mies.,Fiat 600 Icon · Rata od 1273 PLN netto/mies. · Leasing B2B · GREBOW · Sprawdź ofertę!,https://salon.fiat.pl/oferta/243197,https://cdn.fcapoland.pl/uploads/00/243197/1_render.jpg,Fiat,600,2026,0,KM,Hatchback,Lakier metalizowany Lazurowy Acqua,New,92000 PLN,PLN,"{""addr1"": ""JAMNICA 160"", ""city"": ""GREBOW"", ""region"": ""PODKARPACKIE"", ""country"": ""PL"", ""postal_code"": ""39-410""}",50.5731,21.94109,LEASE,1273 PLN,per month,Gasoline,Manual,FWD
243160,Grande Panda Icon · od 691 PLN/mies.,Fiat Grande Panda Icon · Rata od 691 PLN netto/mies. · Leasing B2B · BIELSKO-BIAŁA · Sprawdź ofertę!,https://salon.fiat.pl/oferta/243160,https://cdn.fcapoland.pl/uploads/00/243160/1_render.jpg,Fiat,Grande Panda,2026,0,KM,Hatchback,Lakier metalizowany Żółty Limone,New,80484 PLN,PLN,"{""addr1"": ""UL. WARSZAWSKA 158"", ""city"": ""BIELSKO-BIAŁA"", ""region"": ""ŚLĄSKIE"", ""country"": ""PL"", ""postal_code"": ""43-300""}",49.84307,19.03564,LEASE,691 PLN,per month,Gasoline,Manual,FWD
243159,Grande Panda Icon · od 691 PLN/mies.,Fiat Grande Panda Icon · Rata od 691 PLN netto/mies. · Leasing B2B · ŻORY · Sprawdź ofertę!,https://salon.fiat.pl/oferta/243159,https://cdn.fcapoland.pl/uploads/00/243159/4c9894c4201923d9b10ea26267fd4f51.jpg,Fiat,Grande Panda,2026,0,KM,Hatchback,Lakier metalizowany Żółty Limone,New,80484 PLN,PLN,"{""addr1"": ""UL. KOŚCIUSZKI 79"", ""city"": ""ŻORY"", ""region"": ""ŚLĄSKIE"", ""country"": ""PL"", ""postal_code"": ""44-240""}",50.03099,18.70503,LEASE,691 PLN,per month,Gasoline,Manual,FWD
243158,Grande Panda Icon · od 691 PLN/mies.,Fiat Grande Panda Icon · Rata od 691 PLN netto/mies. · Leasing B2B · ŻORY · Sprawdź ofertę!,https://salon.fiat.pl/oferta/243158,https://cdn.fcapoland.pl/uploads/00/243158/e5cb72967c167c3480aef1037de45497.jpg,Fiat,Grande Panda,2026,0,KM,Hatchback,Lakier metalizowany Żółty Limone,New,80484 PLN,PLN,"{""addr1"": ""UL. KOŚCIUSZKI 79"", ""city"": ""ŻORY"", ""region"": ""ŚLĄSKIE"", ""country"": ""PL"", ""postal_code"": ""44-240""}",50.03099,18.70503,LEASE,691 PLN,per month,Gasoline,Manual,FWD
243157,Grande Panda Icon · od 691 PLN/mies.,Fiat Grande Panda Icon · Rata od 691 PLN netto/mies. · Leasing B2B · BIELSKO-BIAŁA · Sprawdź ofertę!,https://salon.fiat.pl/oferta/243157,https://cdn.fcapoland.pl/uploads/00/243157/8498db46373223014cf865705d885a9d.jpg,Fiat,Grande Panda,2026,0,KM,Hatchback,Lakier metalizowany Żółty Limone,New,80484 PLN,PLN,"{""addr1"": ""UL. WARSZAWSKA 158"", ""city"": ""BIELSKO-BIAŁA"", ""region"": ""ŚLĄSKIE"", ""country"": ""PL"", ""postal_code"": ""43-300""}",49.84307,19.03564,LEASE,691 PLN,per month,Gasoline,Manual,FWD
243156,Grande Panda Icon · od 692 PLN/mies.,Fiat Grande Panda Icon · Rata od 692 PLN netto/mies. · Leasing B2B · TARNOWSKIE GÓRY · Sprawdź ofertę!,https://salon.fiat.pl/oferta/243156,https://cdn.fcapoland.pl/uploads/00/243156/4a8c713edbdf6d6329d42a384bc6ae60.jpg,Fiat,Grande Panda,2026,0,KM,Hatchback,Lakier metalizowany Żółty Limone,New,80510 PLN,PLN,"{""addr1"": ""UL. GLIWICKA 65"", ""city"": ""TARNOWSKIE GÓRY"", ""region"": """", ""country"": ""PL"", ""postal_code"": ""42-600""}",50.43672,18.84565,LEASE,692 PLN,per month,Gasoline,Manual,FWD
243155,Grande Panda La Prima · od 685 PLN/mies.,Fiat Grande Panda La Prima · Rata od 685 PLN netto/mies. · Leasing B2B · CZESTOCHOWA · Sprawdź ofertę!,https://salon.fiat.pl/oferta/243155,https://cdn.fcapoland.pl/uploads/00/243155/1_render.jpg,Fiat,Grande Panda,2026,0,KM,Hatchback,Lakier metalizowany Niebieski Lago,New,94000 PLN,PLN,"{""addr1"": ""UL. BUGAJSKA 6/8"", ""city"": ""CZESTOCHOWA"", ""region"": ""ŚLĄSKIE"", ""country"": ""PL"", ""postal_code"": ""42-200""}",50.766723,19.165467,LEASE,685 PLN,per month,Hybrid,Automatic,FWD
243154,Grande Panda La Prima · od 664 PLN/mies.,Fiat Grande Panda La Prima · Rata od 664 PLN netto/mies. · Leasing B2B · BIELSKO-BIAŁA · Sprawdź ofertę!,https://salon.fiat.pl/oferta/243154,https://cdn.fcapoland.pl/uploads/00/243154/1_render.jpg,Fiat,Grande Panda,2026,0,KM,Hatchback,Lakier metalizowany Brazowy Luna,New,92720 PLN,PLN,"{""addr1"": ""UL. WARSZAWSKA 158"", ""city"": ""BIELSKO-BIAŁA"", ""region"": ""ŚLĄSKIE"", ""country"": ""PL"", ""postal_code"": ""43-300""}",49.84307,19.03564,LEASE,664 PLN,per month,Hybrid,Automatic,FWD
243151,Grande Panda Icon · od 644 PLN/mies.,Fiat Grande Panda Icon · Rata od 644 PLN netto/mies. · Leasing B2B · NOWY TARG · Sprawdź ofertę!,https://salon.fiat.pl/oferta/243151,https://cdn.fcapoland.pl/uploads/00/243151/0662f26860c6a113cfa606f37a47f6fc.jpg,Fiat,Grande Panda,2026,0,KM,Hatchback,Lakier metalizowany Brazowy Luna,New,84456 PLN,PLN,"{""addr1"": ""UL. KRAKOWSKA 3"", ""city"": ""NOWY TARG"", ""region"": ""MAŁOPOLSKIE"", ""country"": ""PL"", ""postal_code"": ""34-400""}",49.45445,20.01966,LEASE,644 PLN,per month,Hybrid,Automatic,FWD
243146,Grande Panda La Prima · od 714 PLN/mies.,Fiat Grande Panda La Prima · Rata od 714 PLN netto/mies. · Leasing B2B · FALENTY · Sprawdź ofertę!,https://salon.fiat.pl/oferta/243146,https://cdn.fcapoland.pl/uploads/00/243146/1_render.jpg,Fiat,Grande Panda,2026,0,KM,Hatchback,Lakier metalizowany Lazurowy Acqua,New,95720 PLN,PLN,"{""addr1"": ""AL. KRAKOWSKA 8"", ""city"": ""FALENTY"", ""region"": ""MAZOWIECKIE"", ""country"": ""PL"", ""postal_code"": ""05-090""}",52.14213,20.90316,LEASE,714 PLN,per month,Hybrid,Automatic,FWD
243143,Grande Panda Icon · od 644 PLN/mies.,Fiat Grande Panda Icon · Rata od 644 PLN netto/mies. · Leasing B2B · NOWY TARG · Sprawdź ofertę!,https://salon.fiat.pl/oferta/243143,https://cdn.fcapoland.pl/uploads/00/243143/1c7250090eda725f925f3a6ed51631e9.jpg,Fiat,Grande Panda,2026,0,KM,Hatchback,Lakier metalizowany Żółty Limone,New,84456 PLN,PLN,"{""addr1"": ""UL. KRAKOWSKA 3"", ""city"": ""NOWY TARG"", ""region"": ""MAŁOPOLSKIE"", ""country"": ""PL"", ""postal_code"": ""34-400""}",49.45445,20.01966,LEASE,644 PLN,per month,Hybrid,Automatic,FWD
243142,Grande Panda La Prima · od 669 PLN/mies.,Fiat Grande Panda La Prima · Rata od 669 PLN netto/mies. · Leasing B2B · WARSZAWA · Sprawdź ofertę!,https://salon.fiat.pl/oferta/243142,https://cdn.fcapoland.pl/uploads/00/243142/5a7fae989845d5782717faf1d4f4dabf.jpg,Fiat,Grande Panda,2026,0,KM,Hatchback,Lakier metalizowany Żółty Limone,New,91520 PLN,PLN,"{""addr1"": ""UL. POLCZYNSKA 33"", ""city"": ""WARSZAWA"", ""region"": ""MAZOWIECKIE"", ""country"": ""PL"", ""postal_code"": ""01-377""}",52.218745,20.914414,LEASE,669 PLN,per month,Hybrid,Automatic,FWD
243141,Grande Panda La Prima · od 700 PLN/mies.,Fiat Grande Panda La Prima · Rata od 700 PLN netto/mies. · Leasing B2B · KATOWICE · Sprawdź ofertę!,https://salon.fiat.pl/oferta/243141,https://cdn.fcapoland.pl/uploads/00/243141/16736f298ff4d093555ccb06af7187bc.jpg,Fiat,Grande Panda,2026,0,KM,Hatchback,Lakier pastelowy Red by (RED),New,94900 PLN,PLN,"{""addr1"": ""UL. KOSCIUSZKI 261"", ""city"": ""KATOWICE"", ""region"": ""ŚLĄSKIE"", ""country"": ""PL"", ""postal_code"": ""40-690""}",50.209822,18.965429,LEASE,700 PLN,per month,Hybrid,Automatic,FWD
243140,Grande Panda La Prima · od 710 PLN/mies.,Fiat Grande Panda La Prima · Rata od 710 PLN netto/mies. · Leasing B2B · POZNAN · Sprawdź ofertę!,https://salon.fiat.pl/oferta/243140,https://cdn.fcapoland.pl/uploads/00/243140/1_render.jpg,Fiat,Grande Panda,2026,0,KM,Hatchback,Lakier pastelowy Biały Gelato,New,95270 PLN,PLN,"{""addr1"": ""UL. GORZYSLAWA 9"", ""city"": ""POZNAN"", ""region"": ""WIELKOPOLSKIE"", ""country"": ""PL"", ""postal_code"": ""61-057""}",52.408466,17.029606,LEASE,710 PLN,per month,Hybrid,Automatic,FWD
243138,Grande Panda La Prima · od 794 PLN/mies.,Fiat Grande Panda La Prima · Rata od 794 PLN netto/mies. · Leasing B2B · SOSNOWIEC · Sprawdź ofertę!,https://salon.fiat.pl/oferta/243138,https://cdn.fcapoland.pl/uploads/00/243138/1_render.jpg,Fiat,Grande Panda,2026,0,KM,Hatchback,Lakier metalizowany Żółty Limone,New,83900 PLN,PLN,"{""addr1"": ""UL. ZUZANNY 36"", ""city"": ""SOSNOWIEC"", ""region"": ""ŚLĄSKIE"", ""country"": ""PL"", ""postal_code"": ""41-219""}",50.29942,19.16864,LEASE,794 PLN,per month,Gasoline,Manual,FWD
243135,Grande Panda La Prima · od 660 PLN/mies.,Fiat Grande Panda La Prima · Rata od 660 PLN netto/mies. · Leasing B2B · ŁÓDŹ · Sprawdź ofertę!,https://salon.fiat.pl/oferta/243135,https://cdn.fcapoland.pl/uploads/00/243135/8d1caab4059ea642ba2f1556e06c5784.jpg,Fiat,Grande Panda,2026,0,KM,Hatchback,Lakier metalizowany Czarny Cinema,New,92500 PLN,PLN,"{""addr1"": ""UL. SZPARAGOWA 4"", ""city"": ""ŁÓDŹ"", ""region"": ""ŁÓDZKIE"", ""country"": ""PL"", ""postal_code"": ""91-211""}",51.8027,19.37677,LEASE,660 PLN,per month,Hybrid,Automatic,FWD
243130,Grande Panda Icon · od 640 PLN/mies.,Fiat Grande Panda Icon · Rata od 640 PLN netto/mies. · Leasing B2B · LUBLIN · Sprawdź ofertę!,https://salon.fiat.pl/oferta/243130,https://cdn.fcapoland.pl/uploads/00/243130/1_render.jpg,Fiat,Grande Panda,2026,0,KM,Hatchback,Lakier pastelowy Red by (RED),New,85000 PLN,PLN,"{""addr1"": ""UL MEŁGIEWSKA 10"", ""city"": ""LUBLIN"", ""region"": ""LUBELSKIE"", ""country"": ""PL"", ""postal_code"": ""20-209""}",51.24833,22.60831,LEASE,640 PLN,per month,Hybrid,Automatic,FWD
243099,600 La Prima · od 1276 PLN/mies.,Fiat 600 La Prima · Rata od 1276 PLN netto/mies. · Leasing B2B · CZESTOCHOWA · Sprawdź ofertę!,https://salon.fiat.pl/oferta/243099,https://cdn.fcapoland.pl/uploads/00/243099/1_render.jpg,Fiat,600,2026,0,KM,Hatchback,Lakier metalizowany Kremowy Cappucino,New,92200 PLN,PLN,"{""addr1"": ""UL. BUGAJSKA 6/8"", ""city"": ""CZESTOCHOWA"", ""region"": ""ŚLĄSKIE"", ""country"": ""PL"", ""postal_code"": ""42-200""}",50.766723,19.165467,LEASE,1276 PLN,per month,Gasoline,Manual,FWD
243098,600 La Prima · od 1276 PLN/mies.,Fiat 600 La Prima · Rata od 1276 PLN netto/mies. · Leasing B2B · CZESTOCHOWA · Sprawdź ofertę!,https://salon.fiat.pl/oferta/243098,https://cdn.fcapoland.pl/uploads/00/243098/1_render.jpg,Fiat,600,2026,0,KM,Hatchback,Lakier metalizowany Zielony Mare,New,92200 PLN,PLN,"{""addr1"": ""UL. BUGAJSKA 6/8"", ""city"": ""CZESTOCHOWA"", ""region"": ""ŚLĄSKIE"", ""country"": ""PL"", ""postal_code"": ""42-200""}",50.766723,19.165467,LEASE,1276 PLN,per month,Gasoline,Manual,FWD
243097,600 La Prima · od 1276 PLN/mies.,Fiat 600 La Prima · Rata od 1276 PLN netto/mies. · Leasing B2B · CZESTOCHOWA · Sprawdź ofertę!,https://salon.fiat.pl/oferta/243097,https://cdn.fcapoland.pl/uploads/00/243097/1_render.jpg,Fiat,600,2026,0,KM,Hatchback,Lakier metalizowany Zielony Mare,New,92200 PLN,PLN,"{""addr1"": ""UL. BUGAJSKA 6/8"", ""city"": ""CZESTOCHOWA"", ""region"": ""ŚLĄSKIE"", ""country"": ""PL"", ""postal_code"": ""42-200""}",50.766723,19.165467,LEASE,1276 PLN,per month,Gasoline,Manual,FWD
243096,600 La Prima · od 1276 PLN/mies.,Fiat 600 La Prima · Rata od 1276 PLN netto/mies. · Leasing B2B · CZESTOCHOWA · Sprawdź ofertę!,https://salon.fiat.pl/oferta/243096,https://cdn.fcapoland.pl/uploads/00/243096/1_render.jpg,Fiat,600,2026,0,KM,Hatchback,Lakier metalizowany Kremowy Cappucino,New,92200 PLN,PLN,"{""addr1"": ""UL. BUGAJSKA 6/8"", ""city"": ""CZESTOCHOWA"", ""region"": ""ŚLĄSKIE"", ""country"": ""PL"", ""postal_code"": ""42-200""}",50.766723,19.165467,LEASE,1276 PLN,per month,Gasoline,Manual,FWD
243063,Grande Panda La Prima · od 694 PLN/mies.,Fiat Grande Panda La Prima · Rata od 694 PLN netto/mies. · Leasing B2B · ŁÓDŹ · Sprawdź ofertę!,https://salon.fiat.pl/oferta/243063,https://cdn.fcapoland.pl/uploads/00/243063/1_render.jpg,Fiat,Grande Panda,2026,0,KM,Hatchback,Lakier metalizowany Żółty Limone,New,93020 PLN,PLN,"{""addr1"": ""UL.PABIANICKA 94/96"", ""city"": ""ŁÓDŹ"", ""region"": ""ŁÓDZKIE"", ""country"": ""PL"", ""postal_code"": ""93-548""}",51.72592,19.44758,LEASE,694 PLN,per month,Hybrid,Automatic,FWD
243061,Grande Panda La Prima · od 714 PLN/mies.,Fiat Grande Panda La Prima · Rata od 714 PLN netto/mies. · Leasing B2B · FALENTY · Sprawdź ofertę!,https://salon.fiat.pl/oferta/243061,https://cdn.fcapoland.pl/uploads/00/243061/1_render.jpg,Fiat,Grande Panda,2026,0,KM,Hatchback,Lakier metalizowany Lazurowy Acqua,New,95720 PLN,PLN,"{""addr1"": ""AL. KRAKOWSKA 8"", ""city"": ""FALENTY"", ""region"": ""MAZOWIECKIE"", ""country"": ""PL"", ""postal_code"": ""05-090""}",52.14213,20.90316,LEASE,714 PLN,per month,Hybrid,Automatic,FWD
243059,Grande Panda La Prima · od 714 PLN/mies.,Fiat Grande Panda La Prima · Rata od 714 PLN netto/mies. · Leasing B2B · FALENTY · Sprawdź ofertę!,https://salon.fiat.pl/oferta/243059,https://cdn.fcapoland.pl/uploads/00/243059/1_render.jpg,Fiat,Grande Panda,2026,0,KM,Hatchback,Lakier metalizowany Niebieski Lago,New,95720 PLN,PLN,"{""addr1"": ""AL. KRAKOWSKA 8"", ""city"": ""FALENTY"", ""region"": ""MAZOWIECKIE"", ""country"": ""PL"", ""postal_code"": ""05-090""}",52.14213,20.90316,LEASE,714 PLN,per month,Hybrid,Automatic,FWD
243053,Grande Panda La Prima · od 714 PLN/mies.,Fiat Grande Panda La Prima · Rata od 714 PLN netto/mies. · Leasing B2B · RYBNIK · Sprawdź ofertę!,https://salon.fiat.pl/oferta/243053,https://cdn.fcapoland.pl/uploads/00/243053/2ba5573b3c19386013fa40c837180641.jpg,Fiat,Grande Panda,2026,0,KM,Hatchback,Lakier metalizowany Czarny Cinema,New,95720 PLN,PLN,"{""addr1"": ""UL. ZORSKA 75"", ""city"": ""RYBNIK"", ""region"": ""ŚLĄSKIE"", ""country"": ""PL"", ""postal_code"": ""44-203""}",50.09212,18.57415,LEASE,714 PLN,per month,Hybrid,Automatic,FWD
243051,Grande Panda La Prima · od 714 PLN/mies.,Fiat Grande Panda La Prima · Rata od 714 PLN netto/mies. · Leasing B2B · BIALYSTOK · Sprawdź ofertę!,https://salon.fiat.pl/oferta/243051,https://cdn.fcapoland.pl/uploads/00/243051/1_render.jpg,Fiat,Grande Panda,2026,0,KM,Hatchback,Lakier metalizowany Brazowy Luna,New,95720 PLN,PLN,"{""addr1"": ""UL. GEN. WLADYSLAWA ANDERSA 71"", ""city"": ""BIALYSTOK"", ""region"": ""PODLASKIE"", ""country"": ""PL"", ""postal_code"": ""15-113""}",53.1563,23.1446,LEASE,714 PLN,per month,Hybrid,Automatic,FWD
243048,Grande Panda La Prima · od 696 PLN/mies.,Fiat Grande Panda La Prima · Rata od 696 PLN netto/mies. · Leasing B2B · BYDGOSZCZ · Sprawdź ofertę!,https://salon.fiat.pl/oferta/243048,https://cdn.fcapoland.pl/uploads/00/243048/474323217946da627ceeed741f3b0d5f.jpg,Fiat,Grande Panda,2026,0,KM,Hatchback,Lakier pastelowy Biały Gelato,New,83650 PLN,PLN,"{""addr1"": ""AL. ARMII KRAJOWEJ 250"", ""city"": ""BYDGOSZCZ"", ""region"": ""KUJAWSKO-POMORSKIE"", ""country"": ""PL"", ""postal_code"": ""85-689""}",53.17261,18.05499,LEASE,696 PLN,per month,Gasoline,Manual,FWD
243009,600 La Prima · od 947 PLN/mies.,Fiat 600 La Prima · Rata od 947 PLN netto/mies. · Leasing B2B · OLSZTYN · Sprawdź ofertę!,https://salon.fiat.pl/oferta/243009,https://cdn.fcapoland.pl/uploads/00/243009/1_render.jpg,Fiat,600,2026,0,KM,Hatchback,Lakier metalizowany Lazurowy Acqua,New,103337 PLN,PLN,"{""addr1"": ""AL. OBRONCOW TOBRUKU 5"", ""city"": ""OLSZTYN"", ""region"": ""WARMIŃSKO-MAZURSKIE"", ""country"": ""PL"", ""postal_code"": ""10-092""}",53.764244,20.481829,LEASE,947 PLN,per month,Hybrid,Automatic,FWD
242983,Grande Panda La Prima · od 694 PLN/mies.,Fiat Grande Panda La Prima · Rata od 694 PLN netto/mies. · Leasing B2B · POZNAN · Sprawdź ofertę!,https://salon.fiat.pl/oferta/242983,https://cdn.fcapoland.pl/uploads/00/242983/1_render.jpg,Fiat,Grande Panda,2026,0,KM,Hatchback,Lakier metalizowany Żółty Limone,New,93020 PLN,PLN,"{""addr1"": ""UL. GORZYSLAWA 9"", ""city"": ""POZNAN"", ""region"": ""WIELKOPOLSKIE"", ""country"": ""PL"", ""postal_code"": ""61-057""}",52.408466,17.029606,LEASE,694 PLN,per month,Hybrid,Automatic,FWD
242980,Grande Panda La Prima · od 700 PLN/mies.,Fiat Grande Panda La Prima · Rata od 700 PLN netto/mies. · Leasing B2B · KATOWICE · Sprawdź ofertę!,https://salon.fiat.pl/oferta/242980,https://cdn.fcapoland.pl/uploads/00/242980/88c8f2e0a09844489ecdcd6e99fd1e8c.jpg,Fiat,Grande Panda,2026,0,KM,Hatchback,Lakier metalizowany Brazowy Luna,New,94900 PLN,PLN,"{""addr1"": ""UL. KOSCIUSZKI 261"", ""city"": ""KATOWICE"", ""region"": ""ŚLĄSKIE"", ""country"": ""PL"", ""postal_code"": ""40-690""}",50.209822,18.965429,LEASE,700 PLN,per month,Hybrid,Automatic,FWD
242974,Grande Panda La Prima · od 714 PLN/mies.,Fiat Grande Panda La Prima · Rata od 714 PLN netto/mies. · Leasing B2B · BIALYSTOK · Sprawdź ofertę!,https://salon.fiat.pl/oferta/242974,https://cdn.fcapoland.pl/uploads/00/242974/1_render.jpg,Fiat,Grande Panda,2026,0,KM,Hatchback,Lakier metalizowany Lazurowy Acqua,New,95720 PLN,PLN,"{""addr1"": ""UL. GEN. WLADYSLAWA ANDERSA 71"", ""city"": ""BIALYSTOK"", ""region"": ""PODLASKIE"", ""country"": ""PL"", ""postal_code"": ""15-113""}",53.1563,23.1446,LEASE,714 PLN,per month,Hybrid,Automatic,FWD
242973,Grande Panda La Prima · od 694 PLN/mies.,Fiat Grande Panda La Prima · Rata od 694 PLN netto/mies. · Leasing B2B · ŁÓDŹ · Sprawdź ofertę!,https://salon.fiat.pl/oferta/242973,https://cdn.fcapoland.pl/uploads/00/242973/1_render.jpg,Fiat,Grande Panda,2026,0,KM,Hatchback,Lakier metalizowany Żółty Limone,New,93020 PLN,PLN,"{""addr1"": ""UL.PABIANICKA 94/96"", ""city"": ""ŁÓDŹ"", ""region"": ""ŁÓDZKIE"", ""country"": ""PL"", ""postal_code"": ""93-548""}",51.72592,19.44758,LEASE,694 PLN,per month,Hybrid,Automatic,FWD
242972,Grande Panda La Prima · od 681 PLN/mies.,Fiat Grande Panda La Prima · Rata od 681 PLN netto/mies. · Leasing B2B · SLUPSK · Sprawdź ofertę!,https://salon.fiat.pl/oferta/242972,https://cdn.fcapoland.pl/uploads/00/242972/72e585d3f65fbe0ea7989750036a25d5.jpg,Fiat,Grande Panda,2026,0,KM,Hatchback,Lakier metalizowany Żółty Limone,New,91220 PLN,PLN,"{""addr1"": ""UL. POZNANSKA 74"", ""city"": ""SLUPSK"", ""region"": ""POMORSKIE"", ""country"": ""PL"", ""postal_code"": ""76-200""}",54.45185,17.01674,LEASE,681 PLN,per month,Hybrid,Automatic,FWD
242971,Grande Panda La Prima · od 796 PLN/mies.,Fiat Grande Panda La Prima · Rata od 796 PLN netto/mies. · Leasing B2B · SOSNOWIEC · Sprawdź ofertę!,https://salon.fiat.pl/oferta/242971,https://cdn.fcapoland.pl/uploads/00/242971/1_render.jpg,Fiat,Grande Panda,2026,0,KM,Hatchback,Lakier metalizowany Żółty Limone z dachem w kolorze Czarny Cinema,New,95500 PLN,PLN,"{""addr1"": ""UL. ZUZANNY 36"", ""city"": ""SOSNOWIEC"", ""region"": ""ŚLĄSKIE"", ""country"": ""PL"", ""postal_code"": ""41-219""}",50.29942,19.16864,LEASE,796 PLN,per month,Hybrid,Automatic,FWD
242970,Grande Panda La Prima · od 694 PLN/mies.,Fiat Grande Panda La Prima · Rata od 694 PLN netto/mies. · Leasing B2B · ŁÓDŹ · Sprawdź ofertę!,https://salon.fiat.pl/oferta/242970,https://cdn.fcapoland.pl/uploads/00/242970/1_render.jpg,Fiat,Grande Panda,2026,0,KM,Hatchback,Lakier metalizowany Żółty Limone,New,93020 PLN,PLN,"{""addr1"": ""UL.PABIANICKA 94/96"", ""city"": ""ŁÓDŹ"", ""region"": ""ŁÓDZKIE"", ""country"": ""PL"", ""postal_code"": ""93-548""}",51.72592,19.44758,LEASE,694 PLN,per month,Hybrid,Automatic,FWD
242903,Grande Panda Icon · od 741 PLN/mies.,Fiat Grande Panda Icon · Rata od 741 PLN netto/mies. · Leasing B2B · POZNAN · Sprawdź ofertę!,https://salon.fiat.pl/oferta/242903,https://cdn.fcapoland.pl/uploads/00/242903/1_render.jpg,Fiat,Grande Panda,2026,0,KM,Hatchback,Lakier metalizowany Niebieski Lago,New,83484 PLN,PLN,"{""addr1"": ""UL. GORZYSLAWA 9"", ""city"": ""POZNAN"", ""region"": ""WIELKOPOLSKIE"", ""country"": ""PL"", ""postal_code"": ""61-057""}",52.408466,17.029606,LEASE,741 PLN,per month,Gasoline,Manual,FWD
242902,Grande Panda Icon · od 726 PLN/mies.,Fiat Grande Panda Icon · Rata od 726 PLN netto/mies. · Leasing B2B · POZNAN · Sprawdź ofertę!,https://salon.fiat.pl/oferta/242902,https://cdn.fcapoland.pl/uploads/00/242902/1_render.jpg,Fiat,Grande Panda,2026,0,KM,Hatchback,Lakier metalizowany Żółty Limone,New,82582 PLN,PLN,"{""addr1"": ""UL. GORZYSLAWA 9"", ""city"": ""POZNAN"", ""region"": ""WIELKOPOLSKIE"", ""country"": ""PL"", ""postal_code"": ""61-057""}",52.408466,17.029606,LEASE,726 PLN,per month,Gasoline,Manual,FWD
242901,Grande Panda Icon · od 741 PLN/mies.,Fiat Grande Panda Icon · Rata od 741 PLN netto/mies. · Leasing B2B · POZNAN · Sprawdź ofertę!,https://salon.fiat.pl/oferta/242901,https://cdn.fcapoland.pl/uploads/00/242901/1_render.jpg,Fiat,Grande Panda,2026,0,KM,Hatchback,Lakier metalizowany Żółty Limone,New,83484 PLN,PLN,"{""addr1"": ""UL. GORZYSLAWA 9"", ""city"": ""POZNAN"", ""region"": ""WIELKOPOLSKIE"", ""country"": ""PL"", ""postal_code"": ""61-057""}",52.408466,17.029606,LEASE,741 PLN,per month,Gasoline,Manual,FWD
242899,Grande Panda La Prima · od 660 PLN/mies.,Fiat Grande Panda La Prima · Rata od 660 PLN netto/mies. · Leasing B2B · ŁÓDŹ · Sprawdź ofertę!,https://salon.fiat.pl/oferta/242899,https://cdn.fcapoland.pl/uploads/00/242899/ff9f4c1613990dc76b3599870c382216.jpg,Fiat,Grande Panda,2026,0,KM,Hatchback,Lakier metalizowany Brazowy Luna,New,92500 PLN,PLN,"{""addr1"": ""UL. SZPARAGOWA 4"", ""city"": ""ŁÓDŹ"", ""region"": ""ŁÓDZKIE"", ""country"": ""PL"", ""postal_code"": ""91-211""}",51.8027,19.37677,LEASE,660 PLN,per month,Hybrid,Automatic,FWD
242898,Grande Panda La Prima · od 664 PLN/mies.,Fiat Grande Panda La Prima · Rata od 664 PLN netto/mies. · Leasing B2B · BIELSKO-BIAŁA · Sprawdź ofertę!,https://salon.fiat.pl/oferta/242898,https://cdn.fcapoland.pl/uploads/00/242898/1_render.jpg,Fiat,Grande Panda,2026,0,KM,Hatchback,Lakier metalizowany Brazowy Luna,New,92720 PLN,PLN,"{""addr1"": ""UL. WARSZAWSKA 158"", ""city"": ""BIELSKO-BIAŁA"", ""region"": ""ŚLĄSKIE"", ""country"": ""PL"", ""postal_code"": ""43-300""}",49.84307,19.03564,LEASE,664 PLN,per month,Hybrid,Automatic,FWD
242886,600 La Prima · od 1491 PLN/mies.,Fiat 600 La Prima · Rata od 1491 PLN netto/mies. · Leasing B2B · NOWY TARG · Sprawdź ofertę!,https://salon.fiat.pl/oferta/242886,https://cdn.fcapoland.pl/uploads/00/242886/4f2713732b5a68b459d330eafe3e5731.jpg,Fiat,600,2026,0,KM,Hatchback,Lakier metalizowany Zielony Mare,New,107900 PLN,PLN,"{""addr1"": ""UL. KRAKOWSKA 3"", ""city"": ""NOWY TARG"", ""region"": ""MAŁOPOLSKIE"", ""country"": ""PL"", ""postal_code"": ""34-400""}",49.45445,20.01966,LEASE,1491 PLN,per month,Hybrid,Automatic,FWD
242885,600 Icon · od 1238 PLN/mies.,Fiat 600 Icon · Rata od 1238 PLN netto/mies. · Leasing B2B · KRAKOW · Sprawdź ofertę!,https://salon.fiat.pl/oferta/242885,https://cdn.fcapoland.pl/uploads/00/242885/1_render.jpg,Fiat,600,2026,0,KM,Hatchback,Lakier pastelowy Red by (RED),New,89456 PLN,PLN,"{""addr1"": ""UL. RADZIKOWSKIEGO 160"", ""city"": ""KRAKOW"", ""region"": ""MAŁOPOLSKIE"", ""country"": ""PL"", ""postal_code"": ""31-342""}",50.088212,19.888814,LEASE,1238 PLN,per month,Gasoline,Manual,FWD
242884,600 Icon · od 1238 PLN/mies.,Fiat 600 Icon · Rata od 1238 PLN netto/mies. · Leasing B2B · KRAKOW · Sprawdź ofertę!,https://salon.fiat.pl/oferta/242884,https://cdn.fcapoland.pl/uploads/00/242884/1_render.jpg,Fiat,600,2026,0,KM,Hatchback,Lakier pastelowy Red by (RED),New,89456 PLN,PLN,"{""addr1"": ""UL. RADZIKOWSKIEGO 160"", ""city"": ""KRAKOW"", ""region"": ""MAŁOPOLSKIE"", ""country"": ""PL"", ""postal_code"": ""31-342""}",50.088212,19.888814,LEASE,1238 PLN,per month,Gasoline,Manual,FWD
242879,600 La Prima · od 1450 PLN/mies.,Fiat 600 La Prima · Rata od 1450 PLN netto/mies. · Leasing B2B · NOWY TARG · Sprawdź ofertę!,https://salon.fiat.pl/oferta/242879,https://cdn.fcapoland.pl/uploads/00/242879/4be16039f2c94223668296ae7074f484.jpg,Fiat,600,2026,0,KM,Hatchback,Lakier pastelowy Czarny Cinema,New,104900 PLN,PLN,"{""addr1"": ""UL. KRAKOWSKA 3"", ""city"": ""NOWY TARG"", ""region"": ""MAŁOPOLSKIE"", ""country"": ""PL"", ""postal_code"": ""34-400""}",49.45445,20.01966,LEASE,1450 PLN,per month,Hybrid,Automatic,FWD
242871,Grande Panda Icon · od 678 PLN/mies.,Fiat Grande Panda Icon · Rata od 678 PLN netto/mies. · Leasing B2B · KATOWICE · Sprawdź ofertę!,https://salon.fiat.pl/oferta/242871,https://cdn.fcapoland.pl/uploads/00/242871/e9c0c98cd42e47438bf4ca9308dbf21e.jpg,Fiat,Grande Panda,2026,0,KM,Hatchback,Lakier metalizowany Lazurowy Acqua,New,89100 PLN,PLN,"{""addr1"": ""UL. KOSCIUSZKI 261"", ""city"": ""KATOWICE"", ""region"": ""ŚLĄSKIE"", ""country"": ""PL"", ""postal_code"": ""40-690""}",50.209822,18.965429,LEASE,678 PLN,per month,Hybrid,Automatic,FWD
242867,Grande Panda Icon · od 694 PLN/mies.,Fiat Grande Panda Icon · Rata od 694 PLN netto/mies. · Leasing B2B · KRAKÓW-LIBERTÓW · Sprawdź ofertę!,https://salon.fiat.pl/oferta/242867,https://cdn.fcapoland.pl/uploads/00/242867/25a99ea2b95fcaa0d7004b30506a5b48.jpg,Fiat,Grande Panda,2026,0,KM,Hatchback,Lakier metalizowany Niebieski Lago,New,77636 PLN,PLN,"{""addr1"": ""UL. GÓRA LIBERTOWSKA 12"", ""city"": ""KRAKÓW-LIBERTÓW"", ""region"": ""MAŁOPOLSKIE"", ""country"": ""PL"", ""postal_code"": ""30-444""}",49.97992,19.90923,LEASE,694 PLN,per month,Gasoline,Manual,FWD
242863,Grande Panda Icon · od 750 PLN/mies.,Fiat Grande Panda Icon · Rata od 750 PLN netto/mies. · Leasing B2B · SOSNOWIEC · Sprawdź ofertę!,https://salon.fiat.pl/oferta/242863,https://cdn.fcapoland.pl/uploads/00/242863/1_render.jpg,Fiat,Grande Panda,2026,0,KM,Hatchback,Lakier metalizowany Lazurowy Acqua,New,89900 PLN,PLN,"{""addr1"": ""UL. ZUZANNY 36"", ""city"": ""SOSNOWIEC"", ""region"": ""ŚLĄSKIE"", ""country"": ""PL"", ""postal_code"": ""41-219""}",50.29942,19.16864,LEASE,750 PLN,per month,Hybrid,Automatic,FWD
242836,600 La Prima · od 1322 PLN/mies.,Fiat 600 La Prima · Rata od 1322 PLN netto/mies. · Leasing B2B · OLSZTYN · Sprawdź ofertę!,https://salon.fiat.pl/oferta/242836,https://cdn.fcapoland.pl/uploads/00/242836/1_render.jpg,Fiat,600,2026,0,KM,Hatchback,Lakier pastelowy Red by (RED) z dachem w kolorze Czarny Cinema,New,95594 PLN,PLN,"{""addr1"": ""AL. OBRONCOW TOBRUKU 5"", ""city"": ""OLSZTYN"", ""region"": ""WARMIŃSKO-MAZURSKIE"", ""country"": ""PL"", ""postal_code"": ""10-092""}",53.764244,20.481829,LEASE,1322 PLN,per month,Gasoline,Manual,FWD
242831,600 La Prima · od 947 PLN/mies.,Fiat 600 La Prima · Rata od 947 PLN netto/mies. · Leasing B2B · KRAKÓW-LIBERTÓW · Sprawdź ofertę!,https://salon.fiat.pl/oferta/242831,https://cdn.fcapoland.pl/uploads/00/242831/1d2546d9ff38d8536e786211ff8957de.jpg,Fiat,600,2026,0,KM,Hatchback,Lakier metalizowany Zielony Mare,New,103337 PLN,PLN,"{""addr1"": ""UL. GÓRA LIBERTOWSKA 12"", ""city"": ""KRAKÓW-LIBERTÓW"", ""region"": ""MAŁOPOLSKIE"", ""country"": ""PL"", ""postal_code"": ""30-444""}",49.97992,19.90923,LEASE,947 PLN,per month,Hybrid,Automatic,FWD
242794,500 La Prima,Fiat 500 La Prima · Leasing B2B · ŁÓDŹ · Sprawdź ofertę!,https://salon.fiat.pl/oferta/242794,https://cdn.fcapoland.pl/uploads/00/242794/02570362f92d999c37a4be12653fde25.jpg,Fiat,500,2026,0,KM,Hatchback,Lakier pastelowy Czarny Onyx,New,91900 PLN,PLN,"{""addr1"": ""UL. SZPARAGOWA 4"", ""city"": ""ŁÓDŹ"", ""region"": ""ŁÓDZKIE"", ""country"": ""PL"", ""postal_code"": ""91-211""}",51.8027,19.37677,LEASE,,,Hybrid,Manual,FWD
242792,Grande Panda Icon · od 682 PLN/mies.,Fiat Grande Panda Icon · Rata od 682 PLN netto/mies. · Leasing B2B · KATOWICE · Sprawdź ofertę!,https://salon.fiat.pl/oferta/242792,https://cdn.fcapoland.pl/uploads/00/242792/3a0e837b170b0b265089bbb3d82de07d.jpg,Fiat,Grande Panda,2026,0,KM,Hatchback,Lakier metalizowany Brazowy Luna,New,89300 PLN,PLN,"{""addr1"": ""UL. KOSCIUSZKI 261"", ""city"": ""KATOWICE"", ""region"": ""ŚLĄSKIE"", ""country"": ""PL"", ""postal_code"": ""40-690""}",50.209822,18.965429,LEASE,682 PLN,per month,Hybrid,Automatic,FWD
242790,Grande Panda Icon · od 647 PLN/mies.,Fiat Grande Panda Icon · Rata od 647 PLN netto/mies. · Leasing B2B · BIELSKO-BIAŁA · Sprawdź ofertę!,https://salon.fiat.pl/oferta/242790,https://cdn.fcapoland.pl/uploads/00/242790/1_render.jpg,Fiat,Grande Panda,2026,0,KM,Hatchback,Lakier metalizowany Niebieski Lago,New,75424 PLN,PLN,"{""addr1"": ""UL. WARSZAWSKA 158"", ""city"": ""BIELSKO-BIAŁA"", ""region"": ""ŚLĄSKIE"", ""country"": ""PL"", ""postal_code"": ""43-300""}",49.84307,19.03564,LEASE,647 PLN,per month,Gasoline,Manual,FWD
242670,600 La Prima · od 940 PLN/mies.,Fiat 600 La Prima · Rata od 940 PLN netto/mies. · Leasing B2B · RZESZOW · Sprawdź ofertę!,https://salon.fiat.pl/oferta/242670,https://cdn.fcapoland.pl/uploads/00/242670/10ad0ee0d684b891054deb6ac2e220df.jpg,Fiat,600,2026,0,KM,Hatchback,Lakier metalizowany Zielony Mare,New,102900 PLN,PLN,"{""addr1"": ""UL. WARSZAWSKA 135"", ""city"": ""RZESZOW"", ""region"": ""PODKARPACKIE"", ""country"": ""PL"", ""postal_code"": ""35-205""}",50.081623,21.984324,LEASE,940 PLN,per month,Hybrid,Automatic,FWD
242668,600 La Prima · od 947 PLN/mies.,Fiat 600 La Prima · Rata od 947 PLN netto/mies. · Leasing B2B · KRAKOW · Sprawdź ofertę!,https://salon.fiat.pl/oferta/242668,https://cdn.fcapoland.pl/uploads/00/242668/1_render.jpg,Fiat,600,2026,0,KM,Hatchback,Lakier metalizowany Zielony Mare,New,103337 PLN,PLN,"{""addr1"": ""UL. RADZIKOWSKIEGO 160"", ""city"": ""KRAKOW"", ""region"": ""MAŁOPOLSKIE"", ""country"": ""PL"", ""postal_code"": ""31-342""}",50.088212,19.888814,LEASE,947 PLN,per month,Hybrid,Automatic,FWD
242665,600 Sport · od 1245 PLN/mies.,Fiat 600 Sport · Rata od 1245 PLN netto/mies. · Leasing B2B · ŻORY · Sprawdź ofertę!,https://salon.fiat.pl/oferta/242665,https://cdn.fcapoland.pl/uploads/00/242665/1_render.jpg,Fiat,600,2026,0,KM,Hatchback,Lakier pastelowy Biały Gelato z dachem w kolorze Czarny Cinema,New,89974 PLN,PLN,"{""addr1"": ""UL. KOŚCIUSZKI 79"", ""city"": ""ŻORY"", ""region"": ""ŚLĄSKIE"", ""country"": ""PL"", ""postal_code"": ""44-240""}",50.03099,18.70503,LEASE,1245 PLN,per month,Gasoline,Manual,FWD
242663,600 La Prima · od 1394 PLN/mies.,Fiat 600 La Prima · Rata od 1394 PLN netto/mies. · Leasing B2B · WARSZAWA · Sprawdź ofertę!,https://salon.fiat.pl/oferta/242663,https://cdn.fcapoland.pl/uploads/00/242663/7433fb09dbad1432c9ab7aa388c12d50.jpg,Fiat,600,2026,0,KM,Hatchback,Lakier metalizowany Lazurowy Acqua,New,100837 PLN,PLN,"{""addr1"": ""UL. POLCZYNSKA 33"", ""city"": ""WARSZAWA"", ""region"": ""MAZOWIECKIE"", ""country"": ""PL"", ""postal_code"": ""01-377""}",52.218745,20.914414,LEASE,1394 PLN,per month,Gasoline,Manual,FWD
242598,Grande Panda Icon · od 647 PLN/mies.,Fiat Grande Panda Icon · Rata od 647 PLN netto/mies. · Leasing B2B · BIELSKO-BIAŁA · Sprawdź ofertę!,https://salon.fiat.pl/oferta/242598,https://cdn.fcapoland.pl/uploads/00/242598/1_render.jpg,Fiat,Grande Panda,2026,0,KM,Hatchback,Lakier metalizowany Czarny Cinema,New,75424 PLN,PLN,"{""addr1"": ""UL. WARSZAWSKA 158"", ""city"": ""BIELSKO-BIAŁA"", ""region"": ""ŚLĄSKIE"", ""country"": ""PL"", ""postal_code"": ""43-300""}",49.84307,19.03564,LEASE,647 PLN,per month,Gasoline,Manual,FWD
242596,Grande Panda Icon · od 670 PLN/mies.,Fiat Grande Panda Icon · Rata od 670 PLN netto/mies. · Leasing B2B · KRAKÓW-LIBERTÓW · Sprawdź ofertę!,https://salon.fiat.pl/oferta/242596,https://cdn.fcapoland.pl/uploads/00/242596/2e46d589b41bd503b2b75969c41389e6.jpg,Fiat,Grande Panda,2026,0,KM,Hatchback,Lakier pastelowy Red by (RED),New,74876 PLN,PLN,"{""addr1"": ""UL. GÓRA LIBERTOWSKA 12"", ""city"": ""KRAKÓW-LIBERTÓW"", ""region"": ""MAŁOPOLSKIE"", ""country"": ""PL"", ""postal_code"": ""30-444""}",49.97992,19.90923,LEASE,670 PLN,per month,Gasoline,Manual,FWD
242554,600 Sport · od 958 PLN/mies.,Fiat 600 Sport · Rata od 958 PLN netto/mies. · Leasing B2B · KRAKÓW-LIBERTÓW · Sprawdź ofertę!,https://salon.fiat.pl/oferta/242554,https://cdn.fcapoland.pl/uploads/00/242554/8f27248062866a8342649b8f1a7f9e5d.jpg,Fiat,600,2026,0,KM,Hatchback,Lakier pastelowy Biały Gelato,New,104582 PLN,PLN,"{""addr1"": ""UL. GÓRA LIBERTOWSKA 12"", ""city"": ""KRAKÓW-LIBERTÓW"", ""region"": ""MAŁOPOLSKIE"", ""country"": ""PL"", ""postal_code"": ""30-444""}",49.97992,19.90923,LEASE,958 PLN,per month,Hybrid,Automatic,FWD
242551,600 La Prima · od 977 PLN/mies.,Fiat 600 La Prima · Rata od 977 PLN netto/mies. · Leasing B2B · ŁÓDŹ · Sprawdź ofertę!,https://salon.fiat.pl/oferta/242551,https://cdn.fcapoland.pl/uploads/00/242551/1_render.jpg,Fiat,600,2026,0,KM,Hatchback,Lakier metalizowany Lazurowy Acqua,New,106657 PLN,PLN,"{""addr1"": ""UL.PABIANICKA 94/96"", ""city"": ""ŁÓDŹ"", ""region"": ""ŁÓDZKIE"", ""country"": ""PL"", ""postal_code"": ""93-548""}",51.72592,19.44758,LEASE,977 PLN,per month,Hybrid,Automatic,FWD
242532,Grande Panda Icon · od 647 PLN/mies.,Fiat Grande Panda Icon · Rata od 647 PLN netto/mies. · Leasing B2B · BIELSKO-BIAŁA · Sprawdź ofertę!,https://salon.fiat.pl/oferta/242532,https://cdn.fcapoland.pl/uploads/00/242532/1_render.jpg,Fiat,Grande Panda,2026,0,KM,Hatchback,Lakier metalizowany Brazowy Luna,New,75424 PLN,PLN,"{""addr1"": ""UL. WARSZAWSKA 158"", ""city"": ""BIELSKO-BIAŁA"", ""region"": ""ŚLĄSKIE"", ""country"": ""PL"", ""postal_code"": ""43-300""}",49.84307,19.03564,LEASE,647 PLN,per month,Gasoline,Manual,FWD
242524,Grande Panda Icon · od 663 PLN/mies.,Fiat Grande Panda Icon · Rata od 663 PLN netto/mies. · Leasing B2B · POZNAN · Sprawdź ofertę!,https://salon.fiat.pl/oferta/242524,https://cdn.fcapoland.pl/uploads/00/242524/1_render.jpg,Fiat,Grande Panda,2026,0,KM,Hatchback,Lakier pastelowy Red by (RED),New,86428 PLN,PLN,"{""addr1"": ""UL. GORZYSLAWA 9"", ""city"": ""POZNAN"", ""region"": ""WIELKOPOLSKIE"", ""country"": ""PL"", ""postal_code"": ""61-057""}",52.408466,17.029606,LEASE,663 PLN,per month,Hybrid,Automatic,FWD
242458,600 La Prima · od 1348 PLN/mies.,Fiat 600 La Prima · Rata od 1348 PLN netto/mies. · Leasing B2B · KRAKOW · Sprawdź ofertę!,https://salon.fiat.pl/oferta/242458,https://cdn.fcapoland.pl/uploads/00/242458/1_render.jpg,Fiat,600,2026,0,KM,Hatchback,Lakier metalizowany Kremowy Cappucino,New,97436 PLN,PLN,"{""addr1"": ""UL. RADZIKOWSKIEGO 160"", ""city"": ""KRAKOW"", ""region"": ""MAŁOPOLSKIE"", ""country"": ""PL"", ""postal_code"": ""31-342""}",50.088212,19.888814,LEASE,1348 PLN,per month,Gasoline,Manual,FWD
242456,600 La Prima · od 1325 PLN/mies.,Fiat 600 La Prima · Rata od 1325 PLN netto/mies. · Leasing B2B · NOWY TARG · Sprawdź ofertę!,https://salon.fiat.pl/oferta/242456,https://cdn.fcapoland.pl/uploads/00/242456/6770d2ab7a43a1d791c8719f8600032c.jpg,Fiat,600,2026,0,KM,Hatchback,Lakier metalizowany Kremowy Cappucino,New,95782 PLN,PLN,"{""addr1"": ""UL. KRAKOWSKA 3"", ""city"": ""NOWY TARG"", ""region"": ""MAŁOPOLSKIE"", ""country"": ""PL"", ""postal_code"": ""34-400""}",49.45445,20.01966,LEASE,1325 PLN,per month,Gasoline,Manual,FWD
242455,600 La Prima · od 1325 PLN/mies.,Fiat 600 La Prima · Rata od 1325 PLN netto/mies. · Leasing B2B · NOWY TARG · Sprawdź ofertę!,https://salon.fiat.pl/oferta/242455,https://cdn.fcapoland.pl/uploads/00/242455/b1448401c6b7fb456de21ed70c6749ae.jpg,Fiat,600,2026,0,KM,Hatchback,Lakier metalizowany Kremowy Cappucino,New,95782 PLN,PLN,"{""addr1"": ""UL. KRAKOWSKA 3"", ""city"": ""NOWY TARG"", ""region"": ""MAŁOPOLSKIE"", ""country"": ""PL"", ""postal_code"": ""34-400""}",49.45445,20.01966,LEASE,1325 PLN,per month,Gasoline,Manual,FWD
242451,600 Icon · od 1217 PLN/mies.,Fiat 600 Icon · Rata od 1217 PLN netto/mies. · Leasing B2B · GREBOW · Sprawdź ofertę!,https://salon.fiat.pl/oferta/242451,https://cdn.fcapoland.pl/uploads/00/242451/1_render.jpg,Fiat,600,2026,0,KM,Hatchback,Lakier pastelowy Red by (RED),New,87900 PLN,PLN,"{""addr1"": ""JAMNICA 160"", ""city"": ""GREBOW"", ""region"": ""PODKARPACKIE"", ""country"": ""PL"", ""postal_code"": ""39-410""}",50.5731,21.94109,LEASE,1217 PLN,per month,Gasoline,Manual,FWD
242450,600 Street · od 1093 PLN/mies.,Fiat 600 Street · Rata od 1093 PLN netto/mies. · Leasing B2B · WARSZAWA · Sprawdź ofertę!,https://salon.fiat.pl/oferta/242450,https://cdn.fcapoland.pl/uploads/00/242450/2d7960f109d6fd1626bc26a35a96e2b2.jpg,Fiat,600,2026,0,KM,Hatchback,Lakier pastelowy Biały Gelato z dachem w kolorze Czarny Cinema,New,78900 PLN,PLN,"{""addr1"": ""UL.KRASNOBRODZKA 5"", ""city"": ""WARSZAWA"", ""region"": ""MAZOWIECKIE"", ""country"": ""PL"", ""postal_code"": ""03-214""}",52.3017,21.04088,LEASE,1093 PLN,per month,Gasoline,Manual,FWD
242449,600 Street · od 1093 PLN/mies.,Fiat 600 Street · Rata od 1093 PLN netto/mies. · Leasing B2B · WARSZAWA · Sprawdź ofertę!,https://salon.fiat.pl/oferta/242449,https://cdn.fcapoland.pl/uploads/00/242449/1_render.jpg,Fiat,600,2026,0,KM,Hatchback,Lakier pastelowy Biały Gelato z dachem w kolorze Czarny Cinema,New,78900 PLN,PLN,"{""addr1"": ""UL.KRASNOBRODZKA 5"", ""city"": ""WARSZAWA"", ""region"": ""MAZOWIECKIE"", ""country"": ""PL"", ""postal_code"": ""03-214""}",52.3017,21.04088,LEASE,1093 PLN,per month,Gasoline,Manual,FWD
242444,600 Sport · od 910 PLN/mies.,Fiat 600 Sport · Rata od 910 PLN netto/mies. · Leasing B2B · ŻORY · Sprawdź ofertę!,https://salon.fiat.pl/oferta/242444,https://cdn.fcapoland.pl/uploads/00/242444/1_render.jpg,Fiat,600,2026,0,KM,Hatchback,Lakier metalizowany Kremowy Cappucino z dachem w kolorze Czarny Cinema,New,102157 PLN,PLN,"{""addr1"": ""UL. KOŚCIUSZKI 79"", ""city"": ""ŻORY"", ""region"": ""ŚLĄSKIE"", ""country"": ""PL"", ""postal_code"": ""44-240""}",50.03099,18.70503,LEASE,910 PLN,per month,Hybrid,Automatic,FWD
242442,600 La Prima · od 1267 PLN/mies.,Fiat 600 La Prima · Rata od 1267 PLN netto/mies. · Leasing B2B · RYBNIK · Sprawdź ofertę!,https://salon.fiat.pl/oferta/242442,https://cdn.fcapoland.pl/uploads/00/242442/1_render.jpg,Fiat,600,2026,0,KM,Hatchback,Lakier pastelowy Czarny Cinema,New,91544 PLN,PLN,"{""addr1"": ""UL. ZORSKA 75"", ""city"": ""RYBNIK"", ""region"": ""ŚLĄSKIE"", ""country"": ""PL"", ""postal_code"": ""44-203""}",50.09212,18.57415,LEASE,1267 PLN,per month,Gasoline,Manual,FWD
242441,600 La Prima · od 1211 PLN/mies.,Fiat 600 La Prima · Rata od 1211 PLN netto/mies. · Leasing B2B · ŁÓDŹ · Sprawdź ofertę!,https://salon.fiat.pl/oferta/242441,https://cdn.fcapoland.pl/uploads/00/242441/261e39a5e83ee5e6c9c7d4b1a759d79d.jpg,Fiat,600,2026,0,KM,Hatchback,Lakier pastelowy Czarny Cinema,New,87500 PLN,PLN,"{""addr1"": ""UL. SZPARAGOWA 4"", ""city"": ""ŁÓDŹ"", ""region"": ""ŁÓDZKIE"", ""country"": ""PL"", ""postal_code"": ""91-211""}",51.8027,19.37677,LEASE,1211 PLN,per month,Gasoline,Manual,FWD
242439,600 La Prima · od 1244 PLN/mies.,Fiat 600 La Prima · Rata od 1244 PLN netto/mies. · Leasing B2B · SOSNOWIEC · Sprawdź ofertę!,https://salon.fiat.pl/oferta/242439,https://cdn.fcapoland.pl/uploads/00/242439/1_render.jpg,Fiat,600,2026,0,KM,Hatchback,Lakier pastelowy Czarny Cinema,New,89900 PLN,PLN,"{""addr1"": ""UL. ZUZANNY 36"", ""city"": ""SOSNOWIEC"", ""region"": ""ŚLĄSKIE"", ""country"": ""PL"", ""postal_code"": ""41-219""}",50.29942,19.16864,LEASE,1244 PLN,per month,Gasoline,Manual,FWD
242438,600 La Prima · od 1300 PLN/mies.,Fiat 600 La Prima · Rata od 1300 PLN netto/mies. · Leasing B2B · WARSZAWA · Sprawdź ofertę!,https://salon.fiat.pl/oferta/242438,https://cdn.fcapoland.pl/uploads/00/242438/af6d0afb980e9042a148ccfcc92cc2b9.jpg,Fiat,600,2026,0,KM,Hatchback,Lakier metalizowany Kremowy Cappucino,New,93974 PLN,PLN,"{""addr1"": ""UL. POLCZYNSKA 33"", ""city"": ""WARSZAWA"", ""region"": ""MAZOWIECKIE"", ""country"": ""PL"", ""postal_code"": ""01-377""}",52.218745,20.914414,LEASE,1300 PLN,per month,Gasoline,Manual,FWD
242414,500 Dolcevita,Fiat 500 Dolcevita · Leasing B2B · SZCZECIN · Sprawdź ofertę!,https://salon.fiat.pl/oferta/242414,https://cdn.fcapoland.pl/uploads/00/242414/1_render.jpg,Fiat,500,2026,0,KM,Hatchback,Lakier pastelowy Biały Ice,New,89678 PLN,PLN,"{""addr1"": ""USTOWO 57"", ""city"": ""SZCZECIN"", ""region"": ""ZACHODNIOPOMORSKIE"", ""country"": ""PL"", ""postal_code"": ""71-001""}",53.38756,14.498444,LEASE,,,Hybrid,Manual,FWD
242412,Grande Panda Icon · od 741 PLN/mies.,Fiat Grande Panda Icon · Rata od 741 PLN netto/mies. · Leasing B2B · ŁÓDŹ · Sprawdź ofertę!,https://salon.fiat.pl/oferta/242412,https://cdn.fcapoland.pl/uploads/00/242412/1_render.jpg,Fiat,Grande Panda,2026,0,KM,Hatchback,Lakier metalizowany Żółty Limone,New,83484 PLN,PLN,"{""addr1"": ""UL.PABIANICKA 94/96"", ""city"": ""ŁÓDŹ"", ""region"": ""ŁÓDZKIE"", ""country"": ""PL"", ""postal_code"": ""93-548""}",51.72592,19.44758,LEASE,741 PLN,per month,Gasoline,Manual,FWD
242408,Grande Panda Icon · od 724 PLN/mies.,Fiat Grande Panda Icon · Rata od 724 PLN netto/mies. · Leasing B2B · WARSZAWA · Sprawdź ofertę!,https://salon.fiat.pl/oferta/242408,https://cdn.fcapoland.pl/uploads/00/242408/1_render.jpg,Fiat,Grande Panda,2026,0,KM,Hatchback,Lakier metalizowany Niebieski Lago,New,82000 PLN,PLN,"{""addr1"": ""UL. RADZYMIŃSKA 112"", ""city"": ""WARSZAWA"", ""region"": ""MAZOWIECKIE"", ""country"": ""PL"", ""postal_code"": ""03-574""}",52.26811,21.06277,LEASE,724 PLN,per month,Gasoline,Manual,FWD
242401,Grande Panda Icon · od 647 PLN/mies.,Fiat Grande Panda Icon · Rata od 647 PLN netto/mies. · Leasing B2B · BIELSKO-BIAŁA · Sprawdź ofertę!,https://salon.fiat.pl/oferta/242401,https://cdn.fcapoland.pl/uploads/00/242401/3ff50ff40a2a7ba02621462f1e509c62.jpg,Fiat,Grande Panda,2026,0,KM,Hatchback,Lakier metalizowany Niebieski Lago,New,75424 PLN,PLN,"{""addr1"": ""UL. WARSZAWSKA 158"", ""city"": ""BIELSKO-BIAŁA"", ""region"": ""ŚLĄSKIE"", ""country"": ""PL"", ""postal_code"": ""43-300""}",49.84307,19.03564,LEASE,647 PLN,per month,Gasoline,Manual,FWD
242334,600 La Prima · od 939 PLN/mies.,Fiat 600 La Prima · Rata od 939 PLN netto/mies. · Leasing B2B · NOWY TARG · Sprawdź ofertę!,https://salon.fiat.pl/oferta/242334,https://cdn.fcapoland.pl/uploads/00/242334/62c7e45e318233ad8c9e2845ec068e4d.jpg,Fiat,600,2026,0,KM,Hatchback,Lakier metalizowany Kremowy Cappucino,New,102837 PLN,PLN,"{""addr1"": ""UL. KRAKOWSKA 3"", ""city"": ""NOWY TARG"", ""region"": ""MAŁOPOLSKIE"", ""country"": ""PL"", ""postal_code"": ""34-400""}",49.45445,20.01966,LEASE,939 PLN,per month,Hybrid,Automatic,FWD
242328,600 La Prima · od 924 PLN/mies.,Fiat 600 La Prima · Rata od 924 PLN netto/mies. · Leasing B2B · NOWY TARG · Sprawdź ofertę!,https://salon.fiat.pl/oferta/242328,https://cdn.fcapoland.pl/uploads/00/242328/046e4d182c837cf11cc6a92a3dd61bb9.jpg,Fiat,600,2026,0,KM,Hatchback,Lakier metalizowany Pomarańczowy Sole,New,101177 PLN,PLN,"{""addr1"": ""UL. KRAKOWSKA 3"", ""city"": ""NOWY TARG"", ""region"": ""MAŁOPOLSKIE"", ""country"": ""PL"", ""postal_code"": ""34-400""}",49.45445,20.01966,LEASE,924 PLN,per month,Hybrid,Automatic,FWD
242327,600 La Prima · od 924 PLN/mies.,Fiat 600 La Prima · Rata od 924 PLN netto/mies. · Leasing B2B · NOWY TARG · Sprawdź ofertę!,https://salon.fiat.pl/oferta/242327,https://cdn.fcapoland.pl/uploads/00/242327/1_render.jpg,Fiat,600,2026,0,KM,Hatchback,Lakier metalizowany Pomarańczowy Sole,New,101177 PLN,PLN,"{""addr1"": ""UL. KRAKOWSKA 3"", ""city"": ""NOWY TARG"", ""region"": ""MAŁOPOLSKIE"", ""country"": ""PL"", ""postal_code"": ""34-400""}",49.45445,20.01966,LEASE,924 PLN,per month,Hybrid,Automatic,FWD
242321,600 La Prima · od 1519 PLN/mies.,Fiat 600 La Prima · Rata od 1519 PLN netto/mies. · Leasing B2B · NOWY TARG · Sprawdź ofertę!,https://salon.fiat.pl/oferta/242321,https://cdn.fcapoland.pl/uploads/00/242321/9a4214daf7dcfa825c98d2bca0a5be48.jpg,Fiat,600,2026,0,KM,Hatchback,Lakier metalizowany Kremowy Cappucino z dachem w kolorze Czarny Cinema,New,109900 PLN,PLN,"{""addr1"": ""UL. KRAKOWSKA 3"", ""city"": ""NOWY TARG"", ""region"": ""MAŁOPOLSKIE"", ""country"": ""PL"", ""postal_code"": ""34-400""}",49.45445,20.01966,LEASE,1519 PLN,per month,Hybrid,Automatic,FWD
242318,600 Street · od 1152 PLN/mies.,Fiat 600 Street · Rata od 1152 PLN netto/mies. · Leasing B2B · RYBNIK · Sprawdź ofertę!,https://salon.fiat.pl/oferta/242318,https://cdn.fcapoland.pl/uploads/00/242318/655752b8216b8fb33d01ae7a191f96a2.jpg,Fiat,600,2026,0,KM,Hatchback,Lakier pastelowy Red by (RED) z dachem w kolorze Czarny Cinema,New,83156 PLN,PLN,"{""addr1"": ""UL. ZORSKA 75"", ""city"": ""RYBNIK"", ""region"": ""ŚLĄSKIE"", ""country"": ""PL"", ""postal_code"": ""44-203""}",50.09212,18.57415,LEASE,1152 PLN,per month,Gasoline,Manual,FWD
242317,600 Street · od 1081 PLN/mies.,Fiat 600 Street · Rata od 1081 PLN netto/mies. · Leasing B2B · FALENTY · Sprawdź ofertę!,https://salon.fiat.pl/oferta/242317,https://cdn.fcapoland.pl/uploads/00/242317/93c2ce9996115692dee996ec3add30c3.jpg,Fiat,600,2026,0,KM,Hatchback,Lakier pastelowy Red by (RED) z dachem w kolorze Czarny Cinema,New,78000 PLN,PLN,"{""addr1"": ""AL. KRAKOWSKA 8"", ""city"": ""FALENTY"", ""region"": ""MAZOWIECKIE"", ""country"": ""PL"", ""postal_code"": ""05-090""}",52.14213,20.90316,LEASE,1081 PLN,per month,Gasoline,Manual,FWD
242314,600 Street · od 1162 PLN/mies.,Fiat 600 Street · Rata od 1162 PLN netto/mies. · Leasing B2B · RZESZOW · Sprawdź ofertę!,https://salon.fiat.pl/oferta/242314,https://cdn.fcapoland.pl/uploads/00/242314/8f73f09faaedc40ddbbf41ace0c97e86.jpg,Fiat,600,2026,0,KM,Hatchback,Lakier pastelowy Red by (RED) z dachem w kolorze Czarny Cinema,New,83900 PLN,PLN,"{""addr1"": ""UL. WARSZAWSKA 135"", ""city"": ""RZESZOW"", ""region"": ""PODKARPACKIE"", ""country"": ""PL"", ""postal_code"": ""35-205""}",50.081623,21.984324,LEASE,1162 PLN,per month,Gasoline,Manual,FWD
242311,600 Icon · od 1244 PLN/mies.,Fiat 600 Icon · Rata od 1244 PLN netto/mies. · Leasing B2B · ŁÓDŹ · Sprawdź ofertę!,https://salon.fiat.pl/oferta/242311,https://cdn.fcapoland.pl/uploads/00/242311/1_render.jpg,Fiat,600,2026,0,KM,Hatchback,Lakier metalizowany Kremowy Cappucino,New,89876 PLN,PLN,"{""addr1"": ""UL.PABIANICKA 94/96"", ""city"": ""ŁÓDŹ"", ""region"": ""ŁÓDZKIE"", ""country"": ""PL"", ""postal_code"": ""93-548""}",51.72592,19.44758,LEASE,1244 PLN,per month,Gasoline,Manual,FWD
242310,600 Sport · od 907 PLN/mies.,Fiat 600 Sport · Rata od 907 PLN netto/mies. · Leasing B2B · ZIELONA GORA · Sprawdź ofertę!,https://salon.fiat.pl/oferta/242310,https://cdn.fcapoland.pl/uploads/00/242310/0a32ebfd9c51c3222dae380b3ee051c9.jpg,Fiat,600,2026,0,KM,Hatchback,Lakier metalizowany Zielony Mediterraneo z dachem w kolorze Czarny Cinema,New,101977 PLN,PLN,"{""addr1"": ""UL. ST. BATOREGO 69A"", ""city"": ""ZIELONA GORA"", ""region"": ""LUBUSKIE"", ""country"": ""PL"", ""postal_code"": ""65-735""}",51.952379,15.499634,LEASE,907 PLN,per month,Hybrid,Automatic,FWD
242223,600 Street · od 1145 PLN/mies.,Fiat 600 Street · Rata od 1145 PLN netto/mies. · Leasing B2B · BIALYSTOK · Sprawdź ofertę!,https://salon.fiat.pl/oferta/242223,https://cdn.fcapoland.pl/uploads/00/242223/1_render.jpg,Fiat,600,2026,0,KM,Hatchback,Lakier pastelowy Biały Gelato z dachem w kolorze Czarny Cinema,New,82656 PLN,PLN,"{""addr1"": ""UL. GEN. WLADYSLAWA ANDERSA 71"", ""city"": ""BIALYSTOK"", ""region"": ""PODLASKIE"", ""country"": ""PL"", ""postal_code"": ""15-113""}",53.1563,23.1446,LEASE,1145 PLN,per month,Gasoline,Manual,FWD
242221,600 Street · od 1145 PLN/mies.,Fiat 600 Street · Rata od 1145 PLN netto/mies. · Leasing B2B · BIALYSTOK · Sprawdź ofertę!,https://salon.fiat.pl/oferta/242221,https://cdn.fcapoland.pl/uploads/00/242221/1_render.jpg,Fiat,600,2026,0,KM,Hatchback,Lakier pastelowy Biały Gelato z dachem w kolorze Czarny Cinema,New,82656 PLN,PLN,"{""addr1"": ""UL. GEN. WLADYSLAWA ANDERSA 71"", ""city"": ""BIALYSTOK"", ""region"": ""PODLASKIE"", ""country"": ""PL"", ""postal_code"": ""15-113""}",53.1563,23.1446,LEASE,1145 PLN,per month,Gasoline,Manual,FWD
242217,600 Icon · od 924 PLN/mies.,Fiat 600 Icon · Rata od 924 PLN netto/mies. · Leasing B2B · RZESZOW · Sprawdź ofertę!,https://salon.fiat.pl/oferta/242217,https://cdn.fcapoland.pl/uploads/00/242217/5ef93af3391c06d061f2aead5bd51b51.jpg,Fiat,600,2026,0,KM,Hatchback,Lakier metalizowany Lazurowy Acqua,New,98900 PLN,PLN,"{""addr1"": ""UL. WARSZAWSKA 135"", ""city"": ""RZESZOW"", ""region"": ""PODKARPACKIE"", ""country"": ""PL"", ""postal_code"": ""35-205""}",50.081623,21.984324,LEASE,924 PLN,per month,Hybrid,Automatic,FWD
242216,600 Icon · od 878 PLN/mies.,Fiat 600 Icon · Rata od 878 PLN netto/mies. · Leasing B2B · KATOWICE · Sprawdź ofertę!,https://salon.fiat.pl/oferta/242216,https://cdn.fcapoland.pl/uploads/00/242216/f87a3afe06a04da1f4680813cb3a5a60.jpg,Fiat,600,2026,0,KM,Hatchback,Lakier metalizowany Kremowy Cappucino,New,94000 PLN,PLN,"{""addr1"": ""UL. KOSCIUSZKI 261"", ""city"": ""KATOWICE"", ""region"": ""ŚLĄSKIE"", ""country"": ""PL"", ""postal_code"": ""40-690""}",50.209822,18.965429,LEASE,878 PLN,per month,Hybrid,Automatic,FWD
242210,600 Street · od 1157 PLN/mies.,Fiat 600 Street · Rata od 1157 PLN netto/mies. · Leasing B2B · SZCZECIN · Sprawdź ofertę!,https://salon.fiat.pl/oferta/242210,https://cdn.fcapoland.pl/uploads/00/242210/1_render.jpg,Fiat,600,2026,0,KM,Hatchback,Lakier pastelowy Biały Gelato z dachem w kolorze Czarny Cinema,New,83576 PLN,PLN,"{""addr1"": ""USTOWO 57"", ""city"": ""SZCZECIN"", ""region"": ""ZACHODNIOPOMORSKIE"", ""country"": ""PL"", ""postal_code"": ""71-001""}",53.38756,14.498444,LEASE,1157 PLN,per month,Gasoline,Manual,FWD
242209,600 La Prima · od 891 PLN/mies.,Fiat 600 La Prima · Rata od 891 PLN netto/mies. · Leasing B2B · ŻORY · Sprawdź ofertę!,https://salon.fiat.pl/oferta/242209,https://cdn.fcapoland.pl/uploads/00/242209/1_render.jpg,Fiat,600,2026,0,KM,Hatchback,Lakier pastelowy Czarny Cinema,New,99951 PLN,PLN,"{""addr1"": ""UL. KOŚCIUSZKI 79"", ""city"": ""ŻORY"", ""region"": ""ŚLĄSKIE"", ""country"": ""PL"", ""postal_code"": ""44-240""}",50.03099,18.70503,LEASE,891 PLN,per month,Hybrid,Automatic,FWD
242207,600 Street · od 1120 PLN/mies.,Fiat 600 Street · Rata od 1120 PLN netto/mies. · Leasing B2B · ŻORY · Sprawdź ofertę!,https://salon.fiat.pl/oferta/242207,https://cdn.fcapoland.pl/uploads/00/242207/1_render.jpg,Fiat,600,2026,0,KM,Hatchback,Lakier pastelowy Biały Gelato z dachem w kolorze Czarny Cinema,New,80836 PLN,PLN,"{""addr1"": ""UL. KOŚCIUSZKI 79"", ""city"": ""ŻORY"", ""region"": ""ŚLĄSKIE"", ""country"": ""PL"", ""postal_code"": ""44-240""}",50.03099,18.70503,LEASE,1120 PLN,per month,Gasoline,Manual,FWD
242206,600 La Prima · od 912 PLN/mies.,Fiat 600 La Prima · Rata od 912 PLN netto/mies. · Leasing B2B · KATOWICE · Sprawdź ofertę!,https://salon.fiat.pl/oferta/242206,https://cdn.fcapoland.pl/uploads/00/242206/516a160a64c615e4bc250315d0558463.jpg,Fiat,600,2026,0,KM,Hatchback,Lakier pastelowy Czarny Cinema,New,100500 PLN,PLN,"{""addr1"": ""UL. KOSCIUSZKI 261"", ""city"": ""KATOWICE"", ""region"": ""ŚLĄSKIE"", ""country"": ""PL"", ""postal_code"": ""40-690""}",50.209822,18.965429,LEASE,912 PLN,per month,Hybrid,Automatic,FWD
242198,600 Icon · od 1244 PLN/mies.,Fiat 600 Icon · Rata od 1244 PLN netto/mies. · Leasing B2B · KRAKOW · Sprawdź ofertę!,https://salon.fiat.pl/oferta/242198,https://cdn.fcapoland.pl/uploads/00/242198/1_render.jpg,Fiat,600,2026,0,KM,Hatchback,Lakier metalizowany Kremowy Cappucino,New,89876 PLN,PLN,"{""addr1"": ""UL. RADZIKOWSKIEGO 160"", ""city"": ""KRAKOW"", ""region"": ""MAŁOPOLSKIE"", ""country"": ""PL"", ""postal_code"": ""31-342""}",50.088212,19.888814,LEASE,1244 PLN,per month,Gasoline,Manual,FWD
242196,600 Pop · od 830 PLN/mies.,Fiat 600 Pop · Rata od 830 PLN netto/mies. · Leasing B2B · CZESTOCHOWA · Sprawdź ofertę!,https://salon.fiat.pl/oferta/242196,https://cdn.fcapoland.pl/uploads/00/242196/1_render.jpg,Fiat,600,2026,0,KM,Hatchback,Lakier metalizowany Kremowy Cappucino,New,89000 PLN,PLN,"{""addr1"": ""UL. BUGAJSKA 6/8"", ""city"": ""CZESTOCHOWA"", ""region"": ""ŚLĄSKIE"", ""country"": ""PL"", ""postal_code"": ""42-200""}",50.766723,19.165467,LEASE,830 PLN,per month,Hybrid,Automatic,FWD
242195,600 Icon · od 1249 PLN/mies.,Fiat 600 Icon · Rata od 1249 PLN netto/mies. · Leasing B2B · BYDGOSZCZ · Sprawdź ofertę!,https://salon.fiat.pl/oferta/242195,https://cdn.fcapoland.pl/uploads/00/242195/d2411d0d430a5ea1c97dcfd804e90396.jpg,Fiat,600,2026,0,KM,Hatchback,Lakier metalizowany Kremowy Cappucino,New,90250 PLN,PLN,"{""addr1"": ""AL. ARMII KRAJOWEJ 250"", ""city"": ""BYDGOSZCZ"", ""region"": ""KUJAWSKO-POMORSKIE"", ""country"": ""PL"", ""postal_code"": ""85-689""}",53.17261,18.05499,LEASE,1249 PLN,per month,Gasoline,Manual,FWD
242194,600 Icon · od 1237 PLN/mies.,Fiat 600 Icon · Rata od 1237 PLN netto/mies. · Leasing B2B · RZESZOW · Sprawdź ofertę!,https://salon.fiat.pl/oferta/242194,https://cdn.fcapoland.pl/uploads/00/242194/01f2becb60b3ef1ac35e6a7a3a22a625.jpg,Fiat,600,2026,0,KM,Hatchback,Lakier metalizowany Kremowy Cappucino,New,89400 PLN,PLN,"{""addr1"": ""UL. WARSZAWSKA 135"", ""city"": ""RZESZOW"", ""region"": ""PODKARPACKIE"", ""country"": ""PL"", ""postal_code"": ""35-205""}",50.081623,21.984324,LEASE,1237 PLN,per month,Gasoline,Manual,FWD
242191,600 Street · od 1152 PLN/mies.,Fiat 600 Street · Rata od 1152 PLN netto/mies. · Leasing B2B · RYBNIK · Sprawdź ofertę!,https://salon.fiat.pl/oferta/242191,https://cdn.fcapoland.pl/uploads/00/242191/1_render.jpg,Fiat,600,2026,0,KM,Hatchback,Lakier pastelowy Biały Gelato z dachem w kolorze Czarny Cinema,New,83156 PLN,PLN,"{""addr1"": ""UL. ZORSKA 75"", ""city"": ""RYBNIK"", ""region"": ""ŚLĄSKIE"", ""country"": ""PL"", ""postal_code"": ""44-203""}",50.09212,18.57415,LEASE,1152 PLN,per month,Gasoline,Manual,FWD
242188,600 La Prima · od 1382 PLN/mies.,Fiat 600 La Prima · Rata od 1382 PLN netto/mies. · Leasing B2B · NOWY TARG · Sprawdź ofertę!,https://salon.fiat.pl/oferta/242188,https://cdn.fcapoland.pl/uploads/00/242188/2f84495ebe344f33ee75a3585449a481.jpg,Fiat,600,2026,0,KM,Hatchback,Lakier pastelowy Biały Gelato,New,99900 PLN,PLN,"{""addr1"": ""UL. KRAKOWSKA 3"", ""city"": ""NOWY TARG"", ""region"": ""MAŁOPOLSKIE"", ""country"": ""PL"", ""postal_code"": ""34-400""}",49.45445,20.01966,LEASE,1382 PLN,per month,Hybrid,Automatic,FWD
242184,600 La Prima · od 973 PLN/mies.,Fiat 600 La Prima · Rata od 973 PLN netto/mies. · Leasing B2B · BYDGOSZCZ · Sprawdź ofertę!,https://salon.fiat.pl/oferta/242184,https://cdn.fcapoland.pl/uploads/00/242184/97af8ee081ceeeb02cc6f2d38efe1f38.jpg,Fiat,600,2026,0,KM,Hatchback,Lakier pastelowy Biały Gelato,New,106250 PLN,PLN,"{""addr1"": ""AL. ARMII KRAJOWEJ 250"", ""city"": ""BYDGOSZCZ"", ""region"": ""KUJAWSKO-POMORSKIE"", ""country"": ""PL"", ""postal_code"": ""85-689""}",53.17261,18.05499,LEASE,973 PLN,per month,Hybrid,Automatic,FWD
242181,600 La Prima · od 918 PLN/mies.,Fiat 600 La Prima · Rata od 918 PLN netto/mies. · Leasing B2B · CZESTOCHOWA · Sprawdź ofertę!,https://salon.fiat.pl/oferta/242181,https://cdn.fcapoland.pl/uploads/00/242181/1_render.jpg,Fiat,600,2026,0,KM,Hatchback,Lakier metalizowany Zielony Mare,New,101400 PLN,PLN,"{""addr1"": ""UL. BUGAJSKA 6/8"", ""city"": ""CZESTOCHOWA"", ""region"": ""ŚLĄSKIE"", ""country"": ""PL"", ""postal_code"": ""42-200""}",50.766723,19.165467,LEASE,918 PLN,per month,Hybrid,Automatic,FWD
242180,600 La Prima · od 934 PLN/mies.,Fiat 600 La Prima · Rata od 934 PLN netto/mies. · Leasing B2B · KATOWICE · Sprawdź ofertę!,https://salon.fiat.pl/oferta/242180,https://cdn.fcapoland.pl/uploads/00/242180/174713e252158c066a1629b32d8f02f7.jpg,Fiat,600,2026,0,KM,Hatchback,Lakier metalizowany Zielony Mare,New,103000 PLN,PLN,"{""addr1"": ""UL. KOSCIUSZKI 261"", ""city"": ""KATOWICE"", ""region"": ""ŚLĄSKIE"", ""country"": ""PL"", ""postal_code"": ""40-690""}",50.209822,18.965429,LEASE,934 PLN,per month,Hybrid,Automatic,FWD
242179,600 La Prima · od 1283 PLN/mies.,Fiat 600 La Prima · Rata od 1283 PLN netto/mies. · Leasing B2B · WARSZAWA · Sprawdź ofertę!,https://salon.fiat.pl/oferta/242179,https://cdn.fcapoland.pl/uploads/00/242179/212f600552697a3e6f7485bb35031d8f.jpg,Fiat,600,2026,0,KM,Hatchback,Lakier pastelowy Red by (RED),New,92717 PLN,PLN,"{""addr1"": ""UL. POLCZYNSKA 33"", ""city"": ""WARSZAWA"", ""region"": ""MAZOWIECKIE"", ""country"": ""PL"", ""postal_code"": ""01-377""}",52.218745,20.914414,LEASE,1283 PLN,per month,Hybrid,Automatic,FWD
242174,600 Icon · od 1237 PLN/mies.,Fiat 600 Icon · Rata od 1237 PLN netto/mies. · Leasing B2B · RZESZOW · Sprawdź ofertę!,https://salon.fiat.pl/oferta/242174,https://cdn.fcapoland.pl/uploads/00/242174/9d4f5ba35e061a1a3f7b6ae430cc4ba5.jpg,Fiat,600,2026,0,KM,Hatchback,Lakier metalizowany Lazurowy Acqua,New,89400 PLN,PLN,"{""addr1"": ""UL. WARSZAWSKA 135"", ""city"": ""RZESZOW"", ""region"": ""PODKARPACKIE"", ""country"": ""PL"", ""postal_code"": ""35-205""}",50.081623,21.984324,LEASE,1237 PLN,per month,Gasoline,Manual,FWD
242173,600 Icon · od 1221 PLN/mies.,Fiat 600 Icon · Rata od 1221 PLN netto/mies. · Leasing B2B · CZESTOCHOWA · Sprawdź ofertę!,https://salon.fiat.pl/oferta/242173,https://cdn.fcapoland.pl/uploads/00/242173/1_render.jpg,Fiat,600,2026,0,KM,Hatchback,Lakier metalizowany Kremowy Cappucino,New,88200 PLN,PLN,"{""addr1"": ""UL. BUGAJSKA 6/8"", ""city"": ""CZESTOCHOWA"", ""region"": ""ŚLĄSKIE"", ""country"": ""PL"", ""postal_code"": ""42-200""}",50.766723,19.165467,LEASE,1221 PLN,per month,Gasoline,Manual,FWD
242168,600 Icon · od 1231 PLN/mies.,Fiat 600 Icon · Rata od 1231 PLN netto/mies. · Leasing B2B · RZESZOW · Sprawdź ofertę!,https://salon.fiat.pl/oferta/242168,https://cdn.fcapoland.pl/uploads/00/242168/53ce880581894191e1935abda4e4b75d.jpg,Fiat,600,2026,0,KM,Hatchback,Lakier pastelowy Biały Gelato,New,88900 PLN,PLN,"{""addr1"": ""UL. WARSZAWSKA 135"", ""city"": ""RZESZOW"", ""region"": ""PODKARPACKIE"", ""country"": ""PL"", ""postal_code"": ""35-205""}",50.081623,21.984324,LEASE,1231 PLN,per month,Gasoline,Manual,FWD
242167,600 Icon · od 1217 PLN/mies.,Fiat 600 Icon · Rata od 1217 PLN netto/mies. · Leasing B2B · SOSNOWIEC · Sprawdź ofertę!,https://salon.fiat.pl/oferta/242167,https://cdn.fcapoland.pl/uploads/00/242167/1_render.jpg,Fiat,600,2026,0,KM,Hatchback,Lakier pastelowy Biały Gelato,New,87900 PLN,PLN,"{""addr1"": ""UL. ZUZANNY 36"", ""city"": ""SOSNOWIEC"", ""region"": ""ŚLĄSKIE"", ""country"": ""PL"", ""postal_code"": ""41-219""}",50.29942,19.16864,LEASE,1217 PLN,per month,Gasoline,Manual,FWD
242165,600 La Prima · od 945 PLN/mies.,Fiat 600 La Prima · Rata od 945 PLN netto/mies. · Leasing B2B · LUBLIN · Sprawdź ofertę!,https://salon.fiat.pl/oferta/242165,https://cdn.fcapoland.pl/uploads/00/242165/57c1e24220fcfd12d43ed4bcacb88fa5.jpg,Fiat,600,2026,0,KM,Hatchback,Lakier metalizowany Kremowy Cappucino z dachem w kolorze Czarny Cinema,New,105200 PLN,PLN,"{""addr1"": ""UL MEŁGIEWSKA 10"", ""city"": ""LUBLIN"", ""region"": ""LUBELSKIE"", ""country"": ""PL"", ""postal_code"": ""20-209""}",51.24833,22.60831,LEASE,945 PLN,per month,Hybrid,Automatic,FWD
242164,600 La Prima · od 945 PLN/mies.,Fiat 600 La Prima · Rata od 945 PLN netto/mies. · Leasing B2B · LUBLIN · Sprawdź ofertę!,https://salon.fiat.pl/oferta/242164,https://cdn.fcapoland.pl/uploads/00/242164/15239321c0da2c959321f581a690d67d.jpg,Fiat,600,2026,0,KM,Hatchback,Lakier metalizowany Kremowy Cappucino z dachem w kolorze Czarny Cinema,New,105200 PLN,PLN,"{""addr1"": ""UL MEŁGIEWSKA 10"", ""city"": ""LUBLIN"", ""region"": ""LUBELSKIE"", ""country"": ""PL"", ""postal_code"": ""20-209""}",51.24833,22.60831,LEASE,945 PLN,per month,Hybrid,Automatic,FWD
242161,600 La Prima · od 924 PLN/mies.,Fiat 600 La Prima · Rata od 924 PLN netto/mies. · Leasing B2B · NOWY TARG · Sprawdź ofertę!,https://salon.fiat.pl/oferta/242161,https://cdn.fcapoland.pl/uploads/00/242161/de65453b3de5c1a694b9f25d157d238f.jpg,Fiat,600,2026,0,KM,Hatchback,Lakier metalizowany Lazurowy Acqua,New,101177 PLN,PLN,"{""addr1"": ""UL. KRAKOWSKA 3"", ""city"": ""NOWY TARG"", ""region"": ""MAŁOPOLSKIE"", ""country"": ""PL"", ""postal_code"": ""34-400""}",49.45445,20.01966,LEASE,924 PLN,per month,Hybrid,Automatic,FWD
242155,600 Icon · od 893 PLN/mies.,Fiat 600 Icon · Rata od 893 PLN netto/mies. · Leasing B2B · LUBLIN · Sprawdź ofertę!,https://salon.fiat.pl/oferta/242155,https://cdn.fcapoland.pl/uploads/00/242155/76a3810cb786030bfc6b8670ac3db27c.jpg,Fiat,600,2026,0,KM,Hatchback,Lakier metalizowany Kremowy Cappucino,New,96800 PLN,PLN,"{""addr1"": ""UL MEŁGIEWSKA 10"", ""city"": ""LUBLIN"", ""region"": ""LUBELSKIE"", ""country"": ""PL"", ""postal_code"": ""20-209""}",51.24833,22.60831,LEASE,893 PLN,per month,Hybrid,Automatic,FWD
242153,600 Icon · od 893 PLN/mies.,Fiat 600 Icon · Rata od 893 PLN netto/mies. · Leasing B2B · LUBLIN · Sprawdź ofertę!,https://salon.fiat.pl/oferta/242153,https://cdn.fcapoland.pl/uploads/00/242153/a9faf72a8bc51c620bcc843989cd7ad9.jpg,Fiat,600,2026,0,KM,Hatchback,Lakier metalizowany Kremowy Cappucino,New,96800 PLN,PLN,"{""addr1"": ""UL MEŁGIEWSKA 10"", ""city"": ""LUBLIN"", ""region"": ""LUBELSKIE"", ""country"": ""PL"", ""postal_code"": ""20-209""}",51.24833,22.60831,LEASE,893 PLN,per month,Hybrid,Automatic,FWD
242148,600 Icon · od 1244 PLN/mies.,Fiat 600 Icon · Rata od 1244 PLN netto/mies. · Leasing B2B · KRAKOW · Sprawdź ofertę!,https://salon.fiat.pl/oferta/242148,https://cdn.fcapoland.pl/uploads/00/242148/1_render.jpg,Fiat,600,2026,0,KM,Hatchback,Lakier metalizowany Zielony Mare,New,89876 PLN,PLN,"{""addr1"": ""UL. RADZIKOWSKIEGO 160"", ""city"": ""KRAKOW"", ""region"": ""MAŁOPOLSKIE"", ""country"": ""PL"", ""postal_code"": ""31-342""}",50.088212,19.888814,LEASE,1244 PLN,per month,Gasoline,Manual,FWD
242146,600 Icon · od 1231 PLN/mies.,Fiat 600 Icon · Rata od 1231 PLN netto/mies. · Leasing B2B · RZESZOW · Sprawdź ofertę!,https://salon.fiat.pl/oferta/242146,https://cdn.fcapoland.pl/uploads/00/242146/0f4a8fadfaf6bb1ae01552d4451541f9.jpg,Fiat,600,2026,0,KM,Hatchback,Lakier metalizowany Zielony Mare,New,88900 PLN,PLN,"{""addr1"": ""UL. WARSZAWSKA 135"", ""city"": ""RZESZOW"", ""region"": ""PODKARPACKIE"", ""country"": ""PL"", ""postal_code"": ""35-205""}",50.081623,21.984324,LEASE,1231 PLN,per month,Gasoline,Manual,FWD
242144,600 La Prima · od 924 PLN/mies.,Fiat 600 La Prima · Rata od 924 PLN netto/mies. · Leasing B2B · NOWY TARG · Sprawdź ofertę!,https://salon.fiat.pl/oferta/242144,https://cdn.fcapoland.pl/uploads/00/242144/9ba8612651be3e3819fba66e535535bf.jpg,Fiat,600,2026,0,KM,Hatchback,Lakier metalizowany Lazurowy Acqua,New,101177 PLN,PLN,"{""addr1"": ""UL. KRAKOWSKA 3"", ""city"": ""NOWY TARG"", ""region"": ""MAŁOPOLSKIE"", ""country"": ""PL"", ""postal_code"": ""34-400""}",49.45445,20.01966,LEASE,924 PLN,per month,Hybrid,Automatic,FWD
242104,Grande Panda La Prima · od 226 PLN/mies.,Fiat Grande Panda La Prima · Rata od 226 PLN netto/mies. · Leasing B2B · CZESTOCHOWA · Sprawdź ofertę!,https://salon.fiat.pl/oferta/242104,https://cdn.fcapoland.pl/uploads/00/242104/1_render.jpg,Fiat,Grande Panda,2026,0,KM,Hatchback,Lakier metalizowany Żółty Limone,New,109500 PLN,PLN,"{""addr1"": ""UL. BUGAJSKA 6/8"", ""city"": ""CZESTOCHOWA"", ""region"": ""ŚLĄSKIE"", ""country"": ""PL"", ""postal_code"": ""42-200""}",50.766723,19.165467,LEASE,226 PLN,per month,Electric,Automatic,FWD
242057,600 La Prima · od 918 PLN/mies.,Fiat 600 La Prima · Rata od 918 PLN netto/mies. · Leasing B2B · CZESTOCHOWA · Sprawdź ofertę!,https://salon.fiat.pl/oferta/242057,https://cdn.fcapoland.pl/uploads/00/242057/1_render.jpg,Fiat,600,2026,0,KM,Hatchback,Lakier metalizowany Kremowy Cappucino,New,101400 PLN,PLN,"{""addr1"": ""UL. BUGAJSKA 6/8"", ""city"": ""CZESTOCHOWA"", ""region"": ""ŚLĄSKIE"", ""country"": ""PL"", ""postal_code"": ""42-200""}",50.766723,19.165467,LEASE,918 PLN,per month,Hybrid,Automatic,FWD
242053,600 Pop · od 830 PLN/mies.,Fiat 600 Pop · Rata od 830 PLN netto/mies. · Leasing B2B · CZESTOCHOWA · Sprawdź ofertę!,https://salon.fiat.pl/oferta/242053,https://cdn.fcapoland.pl/uploads/00/242053/1_render.jpg,Fiat,600,2026,0,KM,Hatchback,Lakier metalizowany Kremowy Cappucino,New,89000 PLN,PLN,"{""addr1"": ""UL. BUGAJSKA 6/8"", ""city"": ""CZESTOCHOWA"", ""region"": ""ŚLĄSKIE"", ""country"": ""PL"", ""postal_code"": ""42-200""}",50.766723,19.165467,LEASE,830 PLN,per month,Hybrid,Automatic,FWD
242052,600 La Prima · od 939 PLN/mies.,Fiat 600 La Prima · Rata od 939 PLN netto/mies. · Leasing B2B · NOWY TARG · Sprawdź ofertę!,https://salon.fiat.pl/oferta/242052,https://cdn.fcapoland.pl/uploads/00/242052/9d72775e293b7409353ebfd2b1ca940c.jpg,Fiat,600,2026,0,KM,Hatchback,Lakier metalizowany Kremowy Cappucino,New,102837 PLN,PLN,"{""addr1"": ""UL. KRAKOWSKA 3"", ""city"": ""NOWY TARG"", ""region"": ""MAŁOPOLSKIE"", ""country"": ""PL"", ""postal_code"": ""34-400""}",49.45445,20.01966,LEASE,939 PLN,per month,Hybrid,Automatic,FWD
242048,600 Pop · od 830 PLN/mies.,Fiat 600 Pop · Rata od 830 PLN netto/mies. · Leasing B2B · CZESTOCHOWA · Sprawdź ofertę!,https://salon.fiat.pl/oferta/242048,https://cdn.fcapoland.pl/uploads/00/242048/1_render.jpg,Fiat,600,2026,0,KM,Hatchback,Lakier metalizowany Kremowy Cappucino,New,89000 PLN,PLN,"{""addr1"": ""UL. BUGAJSKA 6/8"", ""city"": ""CZESTOCHOWA"", ""region"": ""ŚLĄSKIE"", ""country"": ""PL"", ""postal_code"": ""42-200""}",50.766723,19.165467,LEASE,830 PLN,per month,Hybrid,Automatic,FWD
242047,600 La Prima · od 939 PLN/mies.,Fiat 600 La Prima · Rata od 939 PLN netto/mies. · Leasing B2B · NOWY TARG · Sprawdź ofertę!,https://salon.fiat.pl/oferta/242047,https://cdn.fcapoland.pl/uploads/00/242047/3721985265220cc5a594433634d43eff.jpg,Fiat,600,2026,0,KM,Hatchback,Lakier metalizowany Zielony Mare,New,102837 PLN,PLN,"{""addr1"": ""UL. KRAKOWSKA 3"", ""city"": ""NOWY TARG"", ""region"": ""MAŁOPOLSKIE"", ""country"": ""PL"", ""postal_code"": ""34-400""}",49.45445,20.01966,LEASE,939 PLN,per month,Hybrid,Automatic,FWD
242045,600 Icon · od 896 PLN/mies.,Fiat 600 Icon · Rata od 896 PLN netto/mies. · Leasing B2B · KRAKOW · Sprawdź ofertę!,https://salon.fiat.pl/oferta/242045,https://cdn.fcapoland.pl/uploads/00/242045/1_render.jpg,Fiat,600,2026,0,KM,Hatchback,Lakier metalizowany Pomarańczowy Sole,New,97016 PLN,PLN,"{""addr1"": ""UL. RADZIKOWSKIEGO 160"", ""city"": ""KRAKOW"", ""region"": ""MAŁOPOLSKIE"", ""country"": ""PL"", ""postal_code"": ""31-342""}",50.088212,19.888814,LEASE,896 PLN,per month,Hybrid,Automatic,FWD
242042,600 Icon · od 1237 PLN/mies.,Fiat 600 Icon · Rata od 1237 PLN netto/mies. · Leasing B2B · ŁÓDŹ · Sprawdź ofertę!,https://salon.fiat.pl/oferta/242042,https://cdn.fcapoland.pl/uploads/00/242042/1_render.jpg,Fiat,600,2026,0,KM,Hatchback,Lakier metalizowany Zielony Mare,New,89376 PLN,PLN,"{""addr1"": ""UL.PABIANICKA 94/96"", ""city"": ""ŁÓDŹ"", ""region"": ""ŁÓDZKIE"", ""country"": ""PL"", ""postal_code"": ""93-548""}",51.72592,19.44758,LEASE,1237 PLN,per month,Gasoline,Manual,FWD
242036,600 Sport · od 1022 PLN/mies.,Fiat 600 Sport · Rata od 1022 PLN netto/mies. · Leasing B2B · SOSNOWIEC · Sprawdź ofertę!,https://salon.fiat.pl/oferta/242036,https://cdn.fcapoland.pl/uploads/00/242036/1_render.jpg,Fiat,600,2026,0,KM,Hatchback,Lakier metalizowany Zielony Mediterraneo,New,100900 PLN,PLN,"{""addr1"": ""UL. ZUZANNY 36"", ""city"": ""SOSNOWIEC"", ""region"": ""ŚLĄSKIE"", ""country"": ""PL"", ""postal_code"": ""41-219""}",50.29942,19.16864,LEASE,1022 PLN,per month,Hybrid,Automatic,FWD
241984,Grande Panda Icon · od 659 PLN/mies.,Fiat Grande Panda Icon · Rata od 659 PLN netto/mies. · Leasing B2B · CZESTOCHOWA · Sprawdź ofertę!,https://salon.fiat.pl/oferta/241984,https://cdn.fcapoland.pl/uploads/00/241984/1_render.jpg,Fiat,Grande Panda,2026,0,KM,Hatchback,Lakier metalizowany Brazowy Luna,New,87700 PLN,PLN,"{""addr1"": ""UL. BUGAJSKA 6/8"", ""city"": ""CZESTOCHOWA"", ""region"": ""ŚLĄSKIE"", ""country"": ""PL"", ""postal_code"": ""42-200""}",50.766723,19.165467,LEASE,659 PLN,per month,Hybrid,Automatic,FWD
241981,Pandina Icon,Fiat Pandina Icon · Leasing B2B · POZNAN · Sprawdź ofertę!,https://salon.fiat.pl/oferta/241981,https://cdn.fcapoland.pl/uploads/00/241981/1_render.jpg,Fiat,Pandina,2026,0,KM,Hatchback,Lakier pastelowy Red by (RED),New,62012 PLN,PLN,"{""addr1"": ""UL. GORZYSLAWA 9"", ""city"": ""POZNAN"", ""region"": ""WIELKOPOLSKIE"", ""country"": ""PL"", ""postal_code"": ""61-057""}",52.408466,17.029606,LEASE,,,Hybrid,Manual,FWD
241945,600 La Prima · od 1325 PLN/mies.,Fiat 600 La Prima · Rata od 1325 PLN netto/mies. · Leasing B2B · NOWY TARG · Sprawdź ofertę!,https://salon.fiat.pl/oferta/241945,https://cdn.fcapoland.pl/uploads/00/241945/b7a4533d198fc1ae69d9f04d1a083734.jpg,Fiat,600,2026,0,KM,Hatchback,Lakier metalizowany Kremowy Cappucino,New,95782 PLN,PLN,"{""addr1"": ""UL. KRAKOWSKA 3"", ""city"": ""NOWY TARG"", ""region"": ""MAŁOPOLSKIE"", ""country"": ""PL"", ""postal_code"": ""34-400""}",49.45445,20.01966,LEASE,1325 PLN,per month,Gasoline,Manual,FWD
241944,600 La Prima · od 1325 PLN/mies.,Fiat 600 La Prima · Rata od 1325 PLN netto/mies. · Leasing B2B · NOWY TARG · Sprawdź ofertę!,https://salon.fiat.pl/oferta/241944,https://cdn.fcapoland.pl/uploads/00/241944/9d4311dc072aca3b27014222099958a7.jpg,Fiat,600,2026,0,KM,Hatchback,Lakier metalizowany Kremowy Cappucino,New,95782 PLN,PLN,"{""addr1"": ""UL. KRAKOWSKA 3"", ""city"": ""NOWY TARG"", ""region"": ""MAŁOPOLSKIE"", ""country"": ""PL"", ""postal_code"": ""34-400""}",49.45445,20.01966,LEASE,1325 PLN,per month,Gasoline,Manual,FWD
241943,600 La Prima · od 1325 PLN/mies.,Fiat 600 La Prima · Rata od 1325 PLN netto/mies. · Leasing B2B · NOWY TARG · Sprawdź ofertę!,https://salon.fiat.pl/oferta/241943,https://cdn.fcapoland.pl/uploads/00/241943/45938d458b06c31b1270092560789031.jpg,Fiat,600,2026,0,KM,Hatchback,Lakier metalizowany Zielony Mare,New,95782 PLN,PLN,"{""addr1"": ""UL. KRAKOWSKA 3"", ""city"": ""NOWY TARG"", ""region"": ""MAŁOPOLSKIE"", ""country"": ""PL"", ""postal_code"": ""34-400""}",49.45445,20.01966,LEASE,1325 PLN,per month,Gasoline,Manual,FWD
241939,600 Icon · od 920 PLN/mies.,Fiat 600 Icon · Rata od 920 PLN netto/mies. · Leasing B2B · SZCZECIN · Sprawdź ofertę!,https://salon.fiat.pl/oferta/241939,https://cdn.fcapoland.pl/uploads/00/241939/69b82ab7ac7afd105f40ce1c280905ff.jpg,Fiat,600,2026,0,KM,Hatchback,Lakier metalizowany Kremowy Cappucino,New,97962 PLN,PLN,"{""addr1"": ""USTOWO 57"", ""city"": ""SZCZECIN"", ""region"": ""ZACHODNIOPOMORSKIE"", ""country"": ""PL"", ""postal_code"": ""71-001""}",53.38756,14.498444,LEASE,920 PLN,per month,Hybrid,Automatic,FWD
241938,600 La Prima · od 947 PLN/mies.,Fiat 600 La Prima · Rata od 947 PLN netto/mies. · Leasing B2B · KRAKOW · Sprawdź ofertę!,https://salon.fiat.pl/oferta/241938,https://cdn.fcapoland.pl/uploads/00/241938/1_render.jpg,Fiat,600,2026,0,KM,Hatchback,Lakier metalizowany Kremowy Cappucino,New,103337 PLN,PLN,"{""addr1"": ""UL. RADZIKOWSKIEGO 160"", ""city"": ""KRAKOW"", ""region"": ""MAŁOPOLSKIE"", ""country"": ""PL"", ""postal_code"": ""31-342""}",50.088212,19.888814,LEASE,947 PLN,per month,Hybrid,Automatic,FWD
241934,600 La Prima · od 1360 PLN/mies.,Fiat 600 La Prima · Rata od 1360 PLN netto/mies. · Leasing B2B · FALENTY · Sprawdź ofertę!,https://salon.fiat.pl/oferta/241934,https://cdn.fcapoland.pl/uploads/00/241934/c922a06fe1b47fa81a1bf907966f8789.jpg,Fiat,600,2026,0,KM,Hatchback,Lakier metalizowany Pomarańczowy Sole,New,98363 PLN,PLN,"{""addr1"": ""AL. KRAKOWSKA 8"", ""city"": ""FALENTY"", ""region"": ""MAZOWIECKIE"", ""country"": ""PL"", ""postal_code"": ""05-090""}",52.14213,20.90316,LEASE,1360 PLN,per month,Hybrid,Automatic,FWD
241933,600 La Prima · od 1032 PLN/mies.,Fiat 600 La Prima · Rata od 1032 PLN netto/mies. · Leasing B2B · SOSNOWIEC · Sprawdź ofertę!,https://salon.fiat.pl/oferta/241933,https://cdn.fcapoland.pl/uploads/00/241933/1_render.jpg,Fiat,600,2026,0,KM,Hatchback,Lakier metalizowany Zielony Mare,New,101900 PLN,PLN,"{""addr1"": ""UL. ZUZANNY 36"", ""city"": ""SOSNOWIEC"", ""region"": ""ŚLĄSKIE"", ""country"": ""PL"", ""postal_code"": ""41-219""}",50.29942,19.16864,LEASE,1032 PLN,per month,Hybrid,Automatic,FWD
241932,600 La Prima · od 947 PLN/mies.,Fiat 600 La Prima · Rata od 947 PLN netto/mies. · Leasing B2B · POZNAN · Sprawdź ofertę!,https://salon.fiat.pl/oferta/241932,https://cdn.fcapoland.pl/uploads/00/241932/1_render.jpg,Fiat,600,2026,0,KM,Hatchback,Lakier metalizowany Zielony Mare,New,103337 PLN,PLN,"{""addr1"": ""UL. GORZYSLAWA 9"", ""city"": ""POZNAN"", ""region"": ""WIELKOPOLSKIE"", ""country"": ""PL"", ""postal_code"": ""61-057""}",52.408466,17.029606,LEASE,947 PLN,per month,Hybrid,Automatic,FWD
241931,600 La Prima · od 977 PLN/mies.,Fiat 600 La Prima · Rata od 977 PLN netto/mies. · Leasing B2B · WROCLAW · Sprawdź ofertę!,https://salon.fiat.pl/oferta/241931,https://cdn.fcapoland.pl/uploads/00/241931/96b8e748d151ae2ee71e3d31c2b0d25a.jpg,Fiat,600,2026,0,KM,Hatchback,Lakier metalizowany Zielony Mare,New,106657 PLN,PLN,"{""addr1"": ""UL. KARKONOSKA 45"", ""city"": ""WROCLAW"", ""region"": ""DOLNOŚLĄSKIE"", ""country"": ""PL"", ""postal_code"": ""53-015""}",51.063822,17.000133,LEASE,977 PLN,per month,Hybrid,Automatic,FWD
241926,600 Sport · od 1245 PLN/mies.,Fiat 600 Sport · Rata od 1245 PLN netto/mies. · Leasing B2B · POZNAN · Sprawdź ofertę!,https://salon.fiat.pl/oferta/241926,https://cdn.fcapoland.pl/uploads/00/241926/1_render.jpg,Fiat,600,2026,0,KM,Hatchback,Lakier pastelowy Czarny Cinema,New,89924 PLN,PLN,"{""addr1"": ""UL. GORZYSLAWA 9"", ""city"": ""POZNAN"", ""region"": ""WIELKOPOLSKIE"", ""country"": ""PL"", ""postal_code"": ""61-057""}",52.408466,17.029606,LEASE,1245 PLN,per month,Gasoline,Manual,FWD
241924,600 Sport · od 1231 PLN/mies.,Fiat 600 Sport · Rata od 1231 PLN netto/mies. · Leasing B2B · RZESZOW · Sprawdź ofertę!,https://salon.fiat.pl/oferta/241924,https://cdn.fcapoland.pl/uploads/00/241924/13e995cdc81cd4f5cd44fd6f4e9796e2.jpg,Fiat,600,2026,0,KM,Hatchback,Lakier pastelowy Czarny Cinema,New,88900 PLN,PLN,"{""addr1"": ""UL. WARSZAWSKA 135"", ""city"": ""RZESZOW"", ""region"": ""PODKARPACKIE"", ""country"": ""PL"", ""postal_code"": ""35-205""}",50.081623,21.984324,LEASE,1231 PLN,per month,Gasoline,Manual,FWD
241923,600 Sport · od 1237 PLN/mies.,Fiat 600 Sport · Rata od 1237 PLN netto/mies. · Leasing B2B · RZESZOW · Sprawdź ofertę!,https://salon.fiat.pl/oferta/241923,https://cdn.fcapoland.pl/uploads/00/241923/41c4d694ddfd318f45e0ca5328cf5246.jpg,Fiat,600,2026,0,KM,Hatchback,Lakier pastelowy Czarny Cinema,New,89400 PLN,PLN,"{""addr1"": ""UL. WARSZAWSKA 135"", ""city"": ""RZESZOW"", ""region"": ""PODKARPACKIE"", ""country"": ""PL"", ""postal_code"": ""35-205""}",50.081623,21.984324,LEASE,1237 PLN,per month,Gasoline,Manual,FWD
241922,600 Sport · od 1217 PLN/mies.,Fiat 600 Sport · Rata od 1217 PLN netto/mies. · Leasing B2B · ŁÓDŹ · Sprawdź ofertę!,https://salon.fiat.pl/oferta/241922,https://cdn.fcapoland.pl/uploads/00/241922/bf252fbaa5fd120326c4eb2ff3b12b29.jpg,Fiat,600,2026,0,KM,Hatchback,Lakier pastelowy Biały Gelato,New,87900 PLN,PLN,"{""addr1"": ""UL. SZPARAGOWA 4"", ""city"": ""ŁÓDŹ"", ""region"": ""ŁÓDZKIE"", ""country"": ""PL"", ""postal_code"": ""91-211""}",51.8027,19.37677,LEASE,1217 PLN,per month,Gasoline,Manual,FWD
241916,600 Icon · od 896 PLN/mies.,Fiat 600 Icon · Rata od 896 PLN netto/mies. · Leasing B2B · KRAKOW · Sprawdź ofertę!,https://salon.fiat.pl/oferta/241916,https://cdn.fcapoland.pl/uploads/00/241916/1_render.jpg,Fiat,600,2026,0,KM,Hatchback,Lakier metalizowany Kremowy Cappucino,New,97016 PLN,PLN,"{""addr1"": ""UL. RADZIKOWSKIEGO 160"", ""city"": ""KRAKOW"", ""region"": ""MAŁOPOLSKIE"", ""country"": ""PL"", ""postal_code"": ""31-342""}",50.088212,19.888814,LEASE,896 PLN,per month,Hybrid,Automatic,FWD
241910,600 Sport · od 939 PLN/mies.,Fiat 600 Sport · Rata od 939 PLN netto/mies. · Leasing B2B · WROCLAW · Sprawdź ofertę!,https://salon.fiat.pl/oferta/241910,https://cdn.fcapoland.pl/uploads/00/241910/1_render.jpg,Fiat,600,2026,0,KM,Hatchback,Lakier pastelowy Czarny Cinema,New,102507 PLN,PLN,"{""addr1"": ""UL. KARKONOSKA 45"", ""city"": ""WROCLAW"", ""region"": ""DOLNOŚLĄSKIE"", ""country"": ""PL"", ""postal_code"": ""53-015""}",51.063822,17.000133,LEASE,939 PLN,per month,Hybrid,Automatic,FWD
241909,600 Sport · od 909 PLN/mies.,Fiat 600 Sport · Rata od 909 PLN netto/mies. · Leasing B2B · POZNAN · Sprawdź ofertę!,https://salon.fiat.pl/oferta/241909,https://cdn.fcapoland.pl/uploads/00/241909/1_render.jpg,Fiat,600,2026,0,KM,Hatchback,Lakier pastelowy Czarny Cinema,New,99187 PLN,PLN,"{""addr1"": ""UL. GORZYSLAWA 9"", ""city"": ""POZNAN"", ""region"": ""WIELKOPOLSKIE"", ""country"": ""PL"", ""postal_code"": ""61-057""}",52.408466,17.029606,LEASE,909 PLN,per month,Hybrid,Automatic,FWD
241907,600 Sport · od 932 PLN/mies.,Fiat 600 Sport · Rata od 932 PLN netto/mies. · Leasing B2B · KRAKÓW-LIBERTÓW · Sprawdź ofertę!,https://salon.fiat.pl/oferta/241907,https://cdn.fcapoland.pl/uploads/00/241907/6fd543a72dbcd7802d4549efd00462c3.jpg,Fiat,600,2026,0,KM,Hatchback,Lakier metalizowany Kremowy Cappucino,New,101677 PLN,PLN,"{""addr1"": ""UL. GÓRA LIBERTOWSKA 12"", ""city"": ""KRAKÓW-LIBERTÓW"", ""region"": ""MAŁOPOLSKIE"", ""country"": ""PL"", ""postal_code"": ""30-444""}",49.97992,19.90923,LEASE,932 PLN,per month,Hybrid,Automatic,FWD
241906,600 Icon · od 924 PLN/mies.,Fiat 600 Icon · Rata od 924 PLN netto/mies. · Leasing B2B · RZESZOW · Sprawdź ofertę!,https://salon.fiat.pl/oferta/241906,https://cdn.fcapoland.pl/uploads/00/241906/f2a46df77288ac3ab16ec010c722ad05.jpg,Fiat,600,2026,0,KM,Hatchback,Lakier metalizowany Kremowy Cappucino,New,98900 PLN,PLN,"{""addr1"": ""UL. WARSZAWSKA 135"", ""city"": ""RZESZOW"", ""region"": ""PODKARPACKIE"", ""country"": ""PL"", ""postal_code"": ""35-205""}",50.081623,21.984324,LEASE,924 PLN,per month,Hybrid,Automatic,FWD
241898,600 Sport · od 962 PLN/mies.,Fiat 600 Sport · Rata od 962 PLN netto/mies. · Leasing B2B · KRAKOW · Sprawdź ofertę!,https://salon.fiat.pl/oferta/241898,https://cdn.fcapoland.pl/uploads/00/241898/1_render.jpg,Fiat,600,2026,0,KM,Hatchback,Lakier metalizowany Zielony Mediterraneo,New,104997 PLN,PLN,"{""addr1"": ""UL. RADZIKOWSKIEGO 160"", ""city"": ""KRAKOW"", ""region"": ""MAŁOPOLSKIE"", ""country"": ""PL"", ""postal_code"": ""31-342""}",50.088212,19.888814,LEASE,962 PLN,per month,Hybrid,Automatic,FWD
241895,600 Sport · od 962 PLN/mies.,Fiat 600 Sport · Rata od 962 PLN netto/mies. · Leasing B2B · KRAKOW · Sprawdź ofertę!,https://salon.fiat.pl/oferta/241895,https://cdn.fcapoland.pl/uploads/00/241895/1_render.jpg,Fiat,600,2026,0,KM,Hatchback,Lakier metalizowany Zielony Mare,New,104997 PLN,PLN,"{""addr1"": ""UL. RADZIKOWSKIEGO 160"", ""city"": ""KRAKOW"", ""region"": ""MAŁOPOLSKIE"", ""country"": ""PL"", ""postal_code"": ""31-342""}",50.088212,19.888814,LEASE,962 PLN,per month,Hybrid,Automatic,FWD
241893,600 Icon · od 926 PLN/mies.,Fiat 600 Icon · Rata od 926 PLN netto/mies. · Leasing B2B · BYDGOSZCZ · Sprawdź ofertę!,https://salon.fiat.pl/oferta/241893,https://cdn.fcapoland.pl/uploads/00/241893/b4b211d838c7a0e40914e36b1298859f.jpg,Fiat,600,2026,0,KM,Hatchback,Lakier pastelowy Biały Gelato,New,99000 PLN,PLN,"{""addr1"": ""AL. ARMII KRAJOWEJ 250"", ""city"": ""BYDGOSZCZ"", ""region"": ""KUJAWSKO-POMORSKIE"", ""country"": ""PL"", ""postal_code"": ""85-689""}",53.17261,18.05499,LEASE,926 PLN,per month,Hybrid,Automatic,FWD
241892,600 Icon · od 912 PLN/mies.,Fiat 600 Icon · Rata od 912 PLN netto/mies. · Leasing B2B · RZESZOW · Sprawdź ofertę!,https://salon.fiat.pl/oferta/241892,https://cdn.fcapoland.pl/uploads/00/241892/0f1fec6cdcf986ea79b5c1bdab7825bd.jpg,Fiat,600,2026,0,KM,Hatchback,Lakier pastelowy Biały Gelato,New,97900 PLN,PLN,"{""addr1"": ""UL. WARSZAWSKA 135"", ""city"": ""RZESZOW"", ""region"": ""PODKARPACKIE"", ""country"": ""PL"", ""postal_code"": ""35-205""}",50.081623,21.984324,LEASE,912 PLN,per month,Hybrid,Automatic,FWD
241891,600 Sport · od 931 PLN/mies.,Fiat 600 Sport · Rata od 931 PLN netto/mies. · Leasing B2B · LUBLIN · Sprawdź ofertę!,https://salon.fiat.pl/oferta/241891,https://cdn.fcapoland.pl/uploads/00/241891/acaac982aae8d9c21288e8aa51c9030e.jpg,Fiat,600,2026,0,KM,Hatchback,Lakier pastelowy Red by (RED) z dachem w kolorze Czarny Cinema,New,103600 PLN,PLN,"{""addr1"": ""UL MEŁGIEWSKA 10"", ""city"": ""LUBLIN"", ""region"": ""LUBELSKIE"", ""country"": ""PL"", ""postal_code"": ""20-209""}",51.24833,22.60831,LEASE,931 PLN,per month,Hybrid,Automatic,FWD
241813,600 La Prima · od 1314 PLN/mies.,Fiat 600 La Prima · Rata od 1314 PLN netto/mies. · Leasing B2B · RZESZOW · Sprawdź ofertę!,https://salon.fiat.pl/oferta/241813,https://cdn.fcapoland.pl/uploads/00/241813/010b4c2c880f916dfafda8da29ec63e3.jpg,Fiat,600,2026,0,KM,Hatchback,Lakier metalizowany Zielony Mare,New,94990 PLN,PLN,"{""addr1"": ""UL. WARSZAWSKA 135"", ""city"": ""RZESZOW"", ""region"": ""PODKARPACKIE"", ""country"": ""PL"", ""postal_code"": ""35-205""}",50.081623,21.984324,LEASE,1314 PLN,per month,Gasoline,Manual,FWD
241809,600 La Prima · od 931 PLN/mies.,Fiat 600 La Prima · Rata od 931 PLN netto/mies. · Leasing B2B · LUBLIN · Sprawdź ofertę!,https://salon.fiat.pl/oferta/241809,https://cdn.fcapoland.pl/uploads/00/241809/d235a600368b4a3b00f9784ed3ff710d.jpg,Fiat,600,2026,0,KM,Hatchback,Lakier metalizowany Kremowy Cappucino,New,103600 PLN,PLN,"{""addr1"": ""UL MEŁGIEWSKA 10"", ""city"": ""LUBLIN"", ""region"": ""LUBELSKIE"", ""country"": ""PL"", ""postal_code"": ""20-209""}",51.24833,22.60831,LEASE,931 PLN,per month,Hybrid,Automatic,FWD
241776,600 La Prima · od 1012 PLN/mies.,Fiat 600 La Prima · Rata od 1012 PLN netto/mies. · Leasing B2B · SOSNOWIEC · Sprawdź ofertę!,https://salon.fiat.pl/oferta/241776,https://cdn.fcapoland.pl/uploads/00/241776/1_render.jpg,Fiat,600,2026,0,KM,Hatchback,Lakier pastelowy Czarny Cinema,New,99900 PLN,PLN,"{""addr1"": ""UL. ZUZANNY 36"", ""city"": ""SOSNOWIEC"", ""region"": ""ŚLĄSKIE"", ""country"": ""PL"", ""postal_code"": ""41-219""}",50.29942,19.16864,LEASE,1012 PLN,per month,Hybrid,Automatic,FWD
241775,600 La Prima · od 924 PLN/mies.,Fiat 600 La Prima · Rata od 924 PLN netto/mies. · Leasing B2B · POZNAN · Sprawdź ofertę!,https://salon.fiat.pl/oferta/241775,https://cdn.fcapoland.pl/uploads/00/241775/1_render.jpg,Fiat,600,2026,0,KM,Hatchback,Lakier pastelowy Czarny Cinema,New,100847 PLN,PLN,"{""addr1"": ""UL. GORZYSLAWA 9"", ""city"": ""POZNAN"", ""region"": ""WIELKOPOLSKIE"", ""country"": ""PL"", ""postal_code"": ""61-057""}",52.408466,17.029606,LEASE,924 PLN,per month,Hybrid,Automatic,FWD
241765,600 La Prima · od 918 PLN/mies.,Fiat 600 La Prima · Rata od 918 PLN netto/mies. · Leasing B2B · CZESTOCHOWA · Sprawdź ofertę!,https://salon.fiat.pl/oferta/241765,https://cdn.fcapoland.pl/uploads/00/241765/1_render.jpg,Fiat,600,2026,0,KM,Hatchback,Lakier metalizowany Kremowy Cappucino,New,101400 PLN,PLN,"{""addr1"": ""UL. BUGAJSKA 6/8"", ""city"": ""CZESTOCHOWA"", ""region"": ""ŚLĄSKIE"", ""country"": ""PL"", ""postal_code"": ""42-200""}",50.766723,19.165467,LEASE,918 PLN,per month,Hybrid,Automatic,FWD
241760,600 La Prima · od 947 PLN/mies.,Fiat 600 La Prima · Rata od 947 PLN netto/mies. · Leasing B2B · POZNAN · Sprawdź ofertę!,https://salon.fiat.pl/oferta/241760,https://cdn.fcapoland.pl/uploads/00/241760/1_render.jpg,Fiat,600,2026,0,KM,Hatchback,Lakier metalizowany Kremowy Cappucino,New,103337 PLN,PLN,"{""addr1"": ""UL. GORZYSLAWA 9"", ""city"": ""POZNAN"", ""region"": ""WIELKOPOLSKIE"", ""country"": ""PL"", ""postal_code"": ""61-057""}",52.408466,17.029606,LEASE,947 PLN,per month,Hybrid,Automatic,FWD
241749,600 La Prima · od 976 PLN/mies.,Fiat 600 La Prima · Rata od 976 PLN netto/mies. · Leasing B2B · BYDGOSZCZ · Sprawdź ofertę!,https://salon.fiat.pl/oferta/241749,https://cdn.fcapoland.pl/uploads/00/241749/50223a90f55839c7776672b59ff385bd.jpg,Fiat,600,2026,0,KM,Hatchback,Lakier metalizowany Kremowy Cappucino,New,106650 PLN,PLN,"{""addr1"": ""AL. ARMII KRAJOWEJ 250"", ""city"": ""BYDGOSZCZ"", ""region"": ""KUJAWSKO-POMORSKIE"", ""country"": ""PL"", ""postal_code"": ""85-689""}",53.17261,18.05499,LEASE,976 PLN,per month,Hybrid,Automatic,FWD
241732,600 La Prima · od 996 PLN/mies.,Fiat 600 La Prima · Rata od 996 PLN netto/mies. · Leasing B2B · POZNAN · Sprawdź ofertę!,https://salon.fiat.pl/oferta/241732,https://cdn.fcapoland.pl/uploads/00/241732/1_render.jpg,Fiat,600,2026,0,KM,Hatchback,Lakier metalizowany Zielony Mare,New,107936 PLN,PLN,"{""addr1"": ""UL. GORZYSLAWA 9"", ""city"": ""POZNAN"", ""region"": ""WIELKOPOLSKIE"", ""country"": ""PL"", ""postal_code"": ""61-057""}",52.408466,17.029606,LEASE,996 PLN,per month,Hybrid,Automatic,FWD
241731,600 La Prima · od 973 PLN/mies.,Fiat 600 La Prima · Rata od 973 PLN netto/mies. · Leasing B2B · WROCLAW · Sprawdź ofertę!,https://salon.fiat.pl/oferta/241731,https://cdn.fcapoland.pl/uploads/00/241731/fd76970257c326df4cdbe827c5df5aff.jpg,Fiat,600,2026,0,KM,Hatchback,Lakier pastelowy Biały Gelato,New,106242 PLN,PLN,"{""addr1"": ""UL. KARKONOSKA 45"", ""city"": ""WROCLAW"", ""region"": ""DOLNOŚLĄSKIE"", ""country"": ""PL"", ""postal_code"": ""53-015""}",51.063822,17.000133,LEASE,973 PLN,per month,Hybrid,Automatic,FWD
241726,Grande Panda Icon · od 722 PLN/mies.,Fiat Grande Panda Icon · Rata od 722 PLN netto/mies. · Leasing B2B · RZESZOW · Sprawdź ofertę!,https://salon.fiat.pl/oferta/241726,https://cdn.fcapoland.pl/uploads/00/241726/35c07adf872609e9a295eb23cb13e060.jpg,Fiat,Grande Panda,2026,0,KM,Hatchback,Lakier metalizowany Żółty Limone,New,81900 PLN,PLN,"{""addr1"": ""UL. WARSZAWSKA 135"", ""city"": ""RZESZOW"", ""region"": ""PODKARPACKIE"", ""country"": ""PL"", ""postal_code"": ""35-205""}",50.081623,21.984324,LEASE,722 PLN,per month,Gasoline,Manual,FWD
241718,Pandina Icon,Fiat Pandina Icon · Leasing B2B · WARSZAWA · Sprawdź ofertę!,https://salon.fiat.pl/oferta/241718,https://cdn.fcapoland.pl/uploads/00/241718/573afb2b3c479bd98daa772376c8a6fe.jpg,Fiat,Pandina,2026,0,KM,Hatchback,Lakier pastelowy Biały Gelato,New,58900 PLN,PLN,"{""addr1"": ""UL.KRASNOBRODZKA 5"", ""city"": ""WARSZAWA"", ""region"": ""MAZOWIECKIE"", ""country"": ""PL"", ""postal_code"": ""03-214""}",52.3017,21.04088,LEASE,,,Hybrid,Manual,FWD
241714,600 La Prima · od 931 PLN/mies.,Fiat 600 La Prima · Rata od 931 PLN netto/mies. · Leasing B2B · LUBLIN · Sprawdź ofertę!,https://salon.fiat.pl/oferta/241714,https://cdn.fcapoland.pl/uploads/00/241714/36026359564b28ad6ec0320cf83d6797.jpg,Fiat,600,2026,0,KM,Hatchback,Lakier metalizowany Kremowy Cappucino,New,103600 PLN,PLN,"{""addr1"": ""UL MEŁGIEWSKA 10"", ""city"": ""LUBLIN"", ""region"": ""LUBELSKIE"", ""country"": ""PL"", ""postal_code"": ""20-209""}",51.24833,22.60831,LEASE,931 PLN,per month,Hybrid,Automatic,FWD
241707,600 Street · od 1108 PLN/mies.,Fiat 600 Street · Rata od 1108 PLN netto/mies. · Leasing B2B · RZESZOW · Sprawdź ofertę!,https://salon.fiat.pl/oferta/241707,https://cdn.fcapoland.pl/uploads/00/241707/279749dd68796faff1981f8d5dd45fe9.jpg,Fiat,600,2026,0,KM,Hatchback,Lakier pastelowy Biały Gelato z dachem w kolorze Czarny Cinema,New,79990 PLN,PLN,"{""addr1"": ""UL. WARSZAWSKA 135"", ""city"": ""RZESZOW"", ""region"": ""PODKARPACKIE"", ""country"": ""PL"", ""postal_code"": ""35-205""}",50.081623,21.984324,LEASE,1108 PLN,per month,Gasoline,Manual,FWD
241702,600 La Prima · od 1313 PLN/mies.,Fiat 600 La Prima · Rata od 1313 PLN netto/mies. · Leasing B2B · RZESZOW · Sprawdź ofertę!,https://salon.fiat.pl/oferta/241702,https://cdn.fcapoland.pl/uploads/00/241702/7c33a63a056824c1e18bf87e65437e2f.jpg,Fiat,600,2026,0,KM,Hatchback,Lakier metalizowany Kremowy Cappucino,New,94900 PLN,PLN,"{""addr1"": ""UL. WARSZAWSKA 135"", ""city"": ""RZESZOW"", ""region"": ""PODKARPACKIE"", ""country"": ""PL"", ""postal_code"": ""35-205""}",50.081623,21.984324,LEASE,1313 PLN,per month,Gasoline,Manual,FWD
241682,600 La Prima · od 1288 PLN/mies.,Fiat 600 La Prima · Rata od 1288 PLN netto/mies. · Leasing B2B · WARSZAWA · Sprawdź ofertę!,https://salon.fiat.pl/oferta/241682,https://cdn.fcapoland.pl/uploads/00/241682/fbdeeae1dfae8b098ddde5cd55dc44b8.jpg,Fiat,600,2026,0,KM,Hatchback,Lakier metalizowany Lazurowy Acqua,New,93107 PLN,PLN,"{""addr1"": ""UL. POLCZYNSKA 33"", ""city"": ""WARSZAWA"", ""region"": ""MAZOWIECKIE"", ""country"": ""PL"", ""postal_code"": ""01-377""}",52.218745,20.914414,LEASE,1288 PLN,per month,Hybrid,Automatic,FWD
241681,600 La Prima · od 945 PLN/mies.,Fiat 600 La Prima · Rata od 945 PLN netto/mies. · Leasing B2B · SZCZECIN · Sprawdź ofertę!,https://salon.fiat.pl/oferta/241681,https://cdn.fcapoland.pl/uploads/00/241681/d4682eabad9c65c6117e2ed71cb4842d.jpg,Fiat,600,2026,0,KM,Hatchback,Lakier metalizowany Lazurowy Acqua,New,102875 PLN,PLN,"{""addr1"": ""USTOWO 57"", ""city"": ""SZCZECIN"", ""region"": ""ZACHODNIOPOMORSKIE"", ""country"": ""PL"", ""postal_code"": ""71-001""}",53.38756,14.498444,LEASE,945 PLN,per month,Hybrid,Automatic,FWD
241646,Grande Panda Icon · od 655 PLN/mies.,Fiat Grande Panda Icon · Rata od 655 PLN netto/mies. · Leasing B2B · CZESTOCHOWA · Sprawdź ofertę!,https://salon.fiat.pl/oferta/241646,https://cdn.fcapoland.pl/uploads/00/241646/1_render.jpg,Fiat,Grande Panda,2026,0,KM,Hatchback,Lakier pastelowy Biały Gelato,New,87200 PLN,PLN,"{""addr1"": ""UL. BUGAJSKA 6/8"", ""city"": ""CZESTOCHOWA"", ""region"": ""ŚLĄSKIE"", ""country"": ""PL"", ""postal_code"": ""42-200""}",50.766723,19.165467,LEASE,655 PLN,per month,Hybrid,Automatic,FWD
241629,600 Sport · od 928 PLN/mies.,Fiat 600 Sport · Rata od 928 PLN netto/mies. · Leasing B2B · OLSZTYN · Sprawdź ofertę!,https://salon.fiat.pl/oferta/241629,https://cdn.fcapoland.pl/uploads/00/241629/1_render.jpg,Fiat,600,2026,0,KM,Hatchback,Lakier metalizowany Zielony Mediterraneo,New,101262 PLN,PLN,"{""addr1"": ""AL. OBRONCOW TOBRUKU 5"", ""city"": ""OLSZTYN"", ""region"": ""WARMIŃSKO-MAZURSKIE"", ""country"": ""PL"", ""postal_code"": ""10-092""}",53.764244,20.481829,LEASE,928 PLN,per month,Hybrid,Automatic,FWD
241627,600 Pop · od 830 PLN/mies.,Fiat 600 Pop · Rata od 830 PLN netto/mies. · Leasing B2B · CZESTOCHOWA · Sprawdź ofertę!,https://salon.fiat.pl/oferta/241627,https://cdn.fcapoland.pl/uploads/00/241627/1_render.jpg,Fiat,600,2026,0,KM,Hatchback,Lakier metalizowany Zielony Mare,New,89000 PLN,PLN,"{""addr1"": ""UL. BUGAJSKA 6/8"", ""city"": ""CZESTOCHOWA"", ""region"": ""ŚLĄSKIE"", ""country"": ""PL"", ""postal_code"": ""42-200""}",50.766723,19.165467,LEASE,830 PLN,per month,Hybrid,Automatic,FWD
241577,Grande Panda Icon · od 703 PLN/mies.,Fiat Grande Panda Icon · Rata od 703 PLN netto/mies. · Leasing B2B · RZESZOW · Sprawdź ofertę!,https://salon.fiat.pl/oferta/241577,https://cdn.fcapoland.pl/uploads/00/241577/4fbb3cc1c7b2a7e1c335d9be854179bb.jpg,Fiat,Grande Panda,2026,0,KM,Hatchback,Lakier pastelowy Biały Gelato,New,79990 PLN,PLN,"{""addr1"": ""UL. WARSZAWSKA 135"", ""city"": ""RZESZOW"", ""region"": ""PODKARPACKIE"", ""country"": ""PL"", ""postal_code"": ""35-205""}",50.081623,21.984324,LEASE,703 PLN,per month,Gasoline,Manual,FWD
241575,Grande Panda Icon · od 677 PLN/mies.,Fiat Grande Panda Icon · Rata od 677 PLN netto/mies. · Leasing B2B · OLSZTYN · Sprawdź ofertę!,https://salon.fiat.pl/oferta/241575,https://cdn.fcapoland.pl/uploads/00/241575/1_render.jpg,Fiat,Grande Panda,2026,0,KM,Hatchback,Lakier metalizowany Czarny Cinema,New,88268 PLN,PLN,"{""addr1"": ""AL. OBRONCOW TOBRUKU 5"", ""city"": ""OLSZTYN"", ""region"": ""WARMIŃSKO-MAZURSKIE"", ""country"": ""PL"", ""postal_code"": ""10-092""}",53.764244,20.481829,LEASE,677 PLN,per month,Hybrid,Automatic,FWD
241574,Grande Panda Icon · od 652 PLN/mies.,Fiat Grande Panda Icon · Rata od 652 PLN netto/mies. · Leasing B2B · WROCLAW · Sprawdź ofertę!,https://salon.fiat.pl/oferta/241574,https://cdn.fcapoland.pl/uploads/00/241574/1_render.jpg,Fiat,Grande Panda,2026,0,KM,Hatchback,Lakier metalizowany Lazurowy Acqua,New,84956 PLN,PLN,"{""addr1"": ""UL. KARKONOSKA 45"", ""city"": ""WROCLAW"", ""region"": ""DOLNOŚLĄSKIE"", ""country"": ""PL"", ""postal_code"": ""53-015""}",51.063822,17.000133,LEASE,652 PLN,per month,Hybrid,Automatic,FWD
241554,600 La Prima · od 1295 PLN/mies.,Fiat 600 La Prima · Rata od 1295 PLN netto/mies. · Leasing B2B · POZNAN · Sprawdź ofertę!,https://salon.fiat.pl/oferta/241554,https://cdn.fcapoland.pl/uploads/00/241554/720e3d87de2b6e3e73a3d10da3ca22be.jpg,Fiat,600,2026,0,KM,Hatchback,Lakier metalizowany Kremowy Cappucino,New,93569 PLN,PLN,"{""addr1"": ""UL. GORZYSLAWA 9"", ""city"": ""POZNAN"", ""region"": ""WIELKOPOLSKIE"", ""country"": ""PL"", ""postal_code"": ""61-057""}",52.408466,17.029606,LEASE,1295 PLN,per month,Gasoline,Manual,FWD
241553,600 La Prima · od 1261 PLN/mies.,Fiat 600 La Prima · Rata od 1261 PLN netto/mies. · Leasing B2B · POZNAN · Sprawdź ofertę!,https://salon.fiat.pl/oferta/241553,https://cdn.fcapoland.pl/uploads/00/241553/1_render.jpg,Fiat,600,2026,0,KM,Hatchback,Lakier pastelowy Czarny Cinema,New,91139 PLN,PLN,"{""addr1"": ""UL. GORZYSLAWA 9"", ""city"": ""POZNAN"", ""region"": ""WIELKOPOLSKIE"", ""country"": ""PL"", ""postal_code"": ""61-057""}",52.408466,17.029606,LEASE,1261 PLN,per month,Gasoline,Manual,FWD
241551,600 La Prima · od 1295 PLN/mies.,Fiat 600 La Prima · Rata od 1295 PLN netto/mies. · Leasing B2B · POZNAN · Sprawdź ofertę!,https://salon.fiat.pl/oferta/241551,https://cdn.fcapoland.pl/uploads/00/241551/76644bc4c822873f374f6eff8d74ccdd.jpg,Fiat,600,2026,0,KM,Hatchback,Lakier metalizowany Zielony Mare,New,93569 PLN,PLN,"{""addr1"": ""UL. GORZYSLAWA 9"", ""city"": ""POZNAN"", ""region"": ""WIELKOPOLSKIE"", ""country"": ""PL"", ""postal_code"": ""61-057""}",52.408466,17.029606,LEASE,1295 PLN,per month,Gasoline,Manual,FWD
241549,600 Sport · od 921 PLN/mies.,Fiat 600 Sport · Rata od 921 PLN netto/mies. · Leasing B2B · KATOWICE · Sprawdź ofertę!,https://salon.fiat.pl/oferta/241549,https://cdn.fcapoland.pl/uploads/00/241549/2281843b4c5fc4bf47ddffaaaab6a172.jpg,Fiat,600,2026,0,KM,Hatchback,Lakier metalizowany Zielony Mediterraneo,New,101300 PLN,PLN,"{""addr1"": ""UL. KOSCIUSZKI 261"", ""city"": ""KATOWICE"", ""region"": ""ŚLĄSKIE"", ""country"": ""PL"", ""postal_code"": ""40-690""}",50.209822,18.965429,LEASE,921 PLN,per month,Hybrid,Automatic,FWD
241545,600 Sport · od 963 PLN/mies.,Fiat 600 Sport · Rata od 963 PLN netto/mies. · Leasing B2B · KATOWICE · Sprawdź ofertę!,https://salon.fiat.pl/oferta/241545,https://cdn.fcapoland.pl/uploads/00/241545/cdd910760cf6d76d75a49be8eb75b547.jpg,Fiat,600,2026,0,KM,Hatchback,Lakier pastelowy Czarny Cinema,New,105000 PLN,PLN,"{""addr1"": ""UL. KOSCIUSZKI 261"", ""city"": ""KATOWICE"", ""region"": ""ŚLĄSKIE"", ""country"": ""PL"", ""postal_code"": ""40-690""}",50.209822,18.965429,LEASE,963 PLN,per month,Hybrid,Automatic,FWD
241494,Grande Panda Icon · od 700 PLN/mies.,Fiat Grande Panda Icon · Rata od 700 PLN netto/mies. · Leasing B2B · GDANSK · Sprawdź ofertę!,https://salon.fiat.pl/oferta/241494,https://cdn.fcapoland.pl/uploads/00/241494/a697c7ee05755cec0eed8641b222ff37.jpg,Fiat,Grande Panda,2026,0,KM,Hatchback,Lakier pastelowy Biały Gelato,New,93200 PLN,PLN,"{""addr1"": ""UL. POTOKOWA 15AC"", ""city"": ""GDANSK"", ""region"": ""POMORSKIE"", ""country"": ""PL"", ""postal_code"": ""80-283""}",54.368945,18.570911,LEASE,700 PLN,per month,Hybrid,Automatic,FWD
241492,Grande Panda La Prima · od 790 PLN/mies.,Fiat Grande Panda La Prima · Rata od 790 PLN netto/mies. · Leasing B2B · SOSNOWIEC · Sprawdź ofertę!,https://salon.fiat.pl/oferta/241492,https://cdn.fcapoland.pl/uploads/00/241492/1_render.jpg,Fiat,Grande Panda,2026,0,KM,Hatchback,Lakier metalizowany Żółty Limone,New,83500 PLN,PLN,"{""addr1"": ""UL. ZUZANNY 36"", ""city"": ""SOSNOWIEC"", ""region"": ""ŚLĄSKIE"", ""country"": ""PL"", ""postal_code"": ""41-219""}",50.29942,19.16864,LEASE,790 PLN,per month,Gasoline,Manual,FWD
241491,Grande Panda Icon · od 659 PLN/mies.,Fiat Grande Panda Icon · Rata od 659 PLN netto/mies. · Leasing B2B · CZESTOCHOWA · Sprawdź ofertę!,https://salon.fiat.pl/oferta/241491,https://cdn.fcapoland.pl/uploads/00/241491/1_render.jpg,Fiat,Grande Panda,2026,0,KM,Hatchback,Lakier metalizowany Żółty Limone,New,87700 PLN,PLN,"{""addr1"": ""UL. BUGAJSKA 6/8"", ""city"": ""CZESTOCHOWA"", ""region"": ""ŚLĄSKIE"", ""country"": ""PL"", ""postal_code"": ""42-200""}",50.766723,19.165467,LEASE,659 PLN,per month,Hybrid,Automatic,FWD
241488,Grande Panda Icon · od 676 PLN/mies.,Fiat Grande Panda Icon · Rata od 676 PLN netto/mies. · Leasing B2B · BIALYSTOK · Sprawdź ofertę!,https://salon.fiat.pl/oferta/241488,https://cdn.fcapoland.pl/uploads/00/241488/1_render.jpg,Fiat,Grande Panda,2026,0,KM,Hatchback,Lakier metalizowany Niebieski Lago,New,88688 PLN,PLN,"{""addr1"": ""UL. GEN. WLADYSLAWA ANDERSA 71"", ""city"": ""BIALYSTOK"", ""region"": ""PODLASKIE"", ""country"": ""PL"", ""postal_code"": ""15-113""}",53.1563,23.1446,LEASE,676 PLN,per month,Hybrid,Automatic,FWD
241467,600 La Prima · od 1295 PLN/mies.,Fiat 600 La Prima · Rata od 1295 PLN netto/mies. · Leasing B2B · POZNAN · Sprawdź ofertę!,https://salon.fiat.pl/oferta/241467,https://cdn.fcapoland.pl/uploads/00/241467/ebcd124c8240b41e3cc8d5117348d28a.jpg,Fiat,600,2026,0,KM,Hatchback,Lakier metalizowany Zielony Mare,New,93569 PLN,PLN,"{""addr1"": ""UL. GORZYSLAWA 9"", ""city"": ""POZNAN"", ""region"": ""WIELKOPOLSKIE"", ""country"": ""PL"", ""postal_code"": ""61-057""}",52.408466,17.029606,LEASE,1295 PLN,per month,Gasoline,Manual,FWD
241419,500 La Prima,Fiat 500 La Prima · Leasing B2B · GDANSK · Sprawdź ofertę!,https://salon.fiat.pl/oferta/241419,https://cdn.fcapoland.pl/uploads/00/241419/113558ce0823777bac61a138587e682a.jpg,Fiat,500,2026,0,KM,Hatchback,Lakier pastelowy Biały Ice,New,91600 PLN,PLN,"{""addr1"": ""UL. POTOKOWA 15AC"", ""city"": ""GDANSK"", ""region"": ""POMORSKIE"", ""country"": ""PL"", ""postal_code"": ""80-283""}",54.368945,18.570911,LEASE,,,Hybrid,Manual,FWD
241416,500 La Prima,Fiat 500 La Prima · Leasing B2B · GDANSK · Sprawdź ofertę!,https://salon.fiat.pl/oferta/241416,https://cdn.fcapoland.pl/uploads/00/241416/e6cb16d19e6d841cd25cebbca42c0c87.jpg,Fiat,500,2026,0,KM,Hatchback,Lakier metalizowany Złoty Rose,New,92200 PLN,PLN,"{""addr1"": ""UL. POTOKOWA 15AC"", ""city"": ""GDANSK"", ""region"": ""POMORSKIE"", ""country"": ""PL"", ""postal_code"": ""80-283""}",54.368945,18.570911,LEASE,,,Hybrid,Manual,FWD
241414,500 La Prima,Fiat 500 La Prima · Leasing B2B · ŁÓDŹ · Sprawdź ofertę!,https://salon.fiat.pl/oferta/241414,https://cdn.fcapoland.pl/uploads/00/241414/98955476e939a0f708823a91d55772f3.jpg,Fiat,500,2026,0,KM,Hatchback,Lakier pastelowy Biały Ice,New,90400 PLN,PLN,"{""addr1"": ""UL. SZPARAGOWA 4"", ""city"": ""ŁÓDŹ"", ""region"": ""ŁÓDZKIE"", ""country"": ""PL"", ""postal_code"": ""91-211""}",51.8027,19.37677,LEASE,,,Hybrid,Manual,FWD
241410,Grande Panda Icon · od 741 PLN/mies.,Fiat Grande Panda Icon · Rata od 741 PLN netto/mies. · Leasing B2B · SLUPSK · Sprawdź ofertę!,https://salon.fiat.pl/oferta/241410,https://cdn.fcapoland.pl/uploads/00/241410/a6df1ae18f34de44feea458cb9fbca59.jpg,Fiat,Grande Panda,2026,0,KM,Hatchback,Lakier metalizowany Żółty Limone,New,83484 PLN,PLN,"{""addr1"": ""UL. POZNANSKA 74"", ""city"": ""SLUPSK"", ""region"": ""POMORSKIE"", ""country"": ""PL"", ""postal_code"": ""76-200""}",54.45185,17.01674,LEASE,741 PLN,per month,Gasoline,Manual,FWD
241408,Grande Panda La Prima · od 712 PLN/mies.,Fiat Grande Panda La Prima · Rata od 712 PLN netto/mies. · Leasing B2B · OLSZTYN · Sprawdź ofertę!,https://salon.fiat.pl/oferta/241408,https://cdn.fcapoland.pl/uploads/00/241408/1_render.jpg,Fiat,Grande Panda,2026,0,KM,Hatchback,Lakier metalizowany Żółty Limone,New,82647 PLN,PLN,"{""addr1"": ""AL. OBRONCOW TOBRUKU 5"", ""city"": ""OLSZTYN"", ""region"": ""WARMIŃSKO-MAZURSKIE"", ""country"": ""PL"", ""postal_code"": ""10-092""}",53.764244,20.481829,LEASE,712 PLN,per month,Gasoline,Manual,FWD
241407,Grande Panda Icon · od 659 PLN/mies.,Fiat Grande Panda Icon · Rata od 659 PLN netto/mies. · Leasing B2B · CZESTOCHOWA · Sprawdź ofertę!,https://salon.fiat.pl/oferta/241407,https://cdn.fcapoland.pl/uploads/00/241407/1_render.jpg,Fiat,Grande Panda,2026,0,KM,Hatchback,Lakier metalizowany Lazurowy Acqua,New,87700 PLN,PLN,"{""addr1"": ""UL. BUGAJSKA 6/8"", ""city"": ""CZESTOCHOWA"", ""region"": ""ŚLĄSKIE"", ""country"": ""PL"", ""postal_code"": ""42-200""}",50.766723,19.165467,LEASE,659 PLN,per month,Hybrid,Automatic,FWD
241406,Grande Panda Icon · od 659 PLN/mies.,Fiat Grande Panda Icon · Rata od 659 PLN netto/mies. · Leasing B2B · CZESTOCHOWA · Sprawdź ofertę!,https://salon.fiat.pl/oferta/241406,https://cdn.fcapoland.pl/uploads/00/241406/1_render.jpg,Fiat,Grande Panda,2026,0,KM,Hatchback,Lakier metalizowany Żółty Limone,New,87700 PLN,PLN,"{""addr1"": ""UL. BUGAJSKA 6/8"", ""city"": ""CZESTOCHOWA"", ""region"": ""ŚLĄSKIE"", ""country"": ""PL"", ""postal_code"": ""42-200""}",50.766723,19.165467,LEASE,659 PLN,per month,Hybrid,Automatic,FWD
241405,Grande Panda Icon · od 640 PLN/mies.,Fiat Grande Panda Icon · Rata od 640 PLN netto/mies. · Leasing B2B · CZESTOCHOWA · Sprawdź ofertę!,https://salon.fiat.pl/oferta/241405,https://cdn.fcapoland.pl/uploads/00/241405/1_render.jpg,Fiat,Grande Panda,2026,0,KM,Hatchback,Lakier pastelowy Red by (RED),New,85000 PLN,PLN,"{""addr1"": ""UL. BUGAJSKA 6/8"", ""city"": ""CZESTOCHOWA"", ""region"": ""ŚLĄSKIE"", ""country"": ""PL"", ""postal_code"": ""42-200""}",50.766723,19.165467,LEASE,640 PLN,per month,Hybrid,Automatic,FWD
241404,Grande Panda Icon · od 659 PLN/mies.,Fiat Grande Panda Icon · Rata od 659 PLN netto/mies. · Leasing B2B · CZESTOCHOWA · Sprawdź ofertę!,https://salon.fiat.pl/oferta/241404,https://cdn.fcapoland.pl/uploads/00/241404/1_render.jpg,Fiat,Grande Panda,2026,0,KM,Hatchback,Lakier metalizowany Lazurowy Acqua,New,87700 PLN,PLN,"{""addr1"": ""UL. BUGAJSKA 6/8"", ""city"": ""CZESTOCHOWA"", ""region"": ""ŚLĄSKIE"", ""country"": ""PL"", ""postal_code"": ""42-200""}",50.766723,19.165467,LEASE,659 PLN,per month,Hybrid,Automatic,FWD
241403,Pandina Icon,Fiat Pandina Icon · Leasing B2B · POZNAN · Sprawdź ofertę!,https://salon.fiat.pl/oferta/241403,https://cdn.fcapoland.pl/uploads/00/241403/1_render.jpg,Fiat,Pandina,2026,0,KM,Hatchback,Lakier pastelowy Red by (RED),New,61643 PLN,PLN,"{""addr1"": ""UL. GORZYSLAWA 9"", ""city"": ""POZNAN"", ""region"": ""WIELKOPOLSKIE"", ""country"": ""PL"", ""postal_code"": ""61-057""}",52.408466,17.029606,LEASE,,,Hybrid,Manual,FWD
241402,Pandina Icon,Fiat Pandina Icon · Leasing B2B · POZNAN · Sprawdź ofertę!,https://salon.fiat.pl/oferta/241402,https://cdn.fcapoland.pl/uploads/00/241402/1_render.jpg,Fiat,Pandina,2026,0,KM,Hatchback,Lakier pastelowy Red by (RED),New,61643 PLN,PLN,"{""addr1"": ""UL. GORZYSLAWA 9"", ""city"": ""POZNAN"", ""region"": ""WIELKOPOLSKIE"", ""country"": ""PL"", ""postal_code"": ""61-057""}",52.408466,17.029606,LEASE,,,Hybrid,Manual,FWD
241401,Pandina Icon,Fiat Pandina Icon · Leasing B2B · POZNAN · Sprawdź ofertę!,https://salon.fiat.pl/oferta/241401,https://cdn.fcapoland.pl/uploads/00/241401/1_render.jpg,Fiat,Pandina,2026,0,KM,Hatchback,Lakier pastelowy Red by (RED),New,61143 PLN,PLN,"{""addr1"": ""UL. GORZYSLAWA 9"", ""city"": ""POZNAN"", ""region"": ""WIELKOPOLSKIE"", ""country"": ""PL"", ""postal_code"": ""61-057""}",52.408466,17.029606,LEASE,,,Hybrid,Manual,FWD
241385,600 La Prima · od 1325 PLN/mies.,Fiat 600 La Prima · Rata od 1325 PLN netto/mies. · Leasing B2B · NOWY TARG · Sprawdź ofertę!,https://salon.fiat.pl/oferta/241385,https://cdn.fcapoland.pl/uploads/00/241385/f07dc0e0507d0fd0f69a7bea6d7a14d5.jpg,Fiat,600,2026,0,KM,Hatchback,Lakier metalizowany Kremowy Cappucino,New,95782 PLN,PLN,"{""addr1"": ""UL. KRAKOWSKA 3"", ""city"": ""NOWY TARG"", ""region"": ""MAŁOPOLSKIE"", ""country"": ""PL"", ""postal_code"": ""34-400""}",49.45445,20.01966,LEASE,1325 PLN,per month,Gasoline,Manual,FWD
241384,600 La Prima · od 1204 PLN/mies.,Fiat 600 La Prima · Rata od 1204 PLN netto/mies. · Leasing B2B · ŁÓDŹ · Sprawdź ofertę!,https://salon.fiat.pl/oferta/241384,https://cdn.fcapoland.pl/uploads/00/241384/00b4b5d67004111d1c995279317ba2b3.jpg,Fiat,600,2026,0,KM,Hatchback,Lakier pastelowy Czarny Cinema,New,87000 PLN,PLN,"{""addr1"": ""UL. SZPARAGOWA 4"", ""city"": ""ŁÓDŹ"", ""region"": ""ŁÓDZKIE"", ""country"": ""PL"", ""postal_code"": ""91-211""}",51.8027,19.37677,LEASE,1204 PLN,per month,Gasoline,Manual,FWD
241383,600 La Prima · od 1239 PLN/mies.,Fiat 600 La Prima · Rata od 1239 PLN netto/mies. · Leasing B2B · ŁÓDŹ · Sprawdź ofertę!,https://salon.fiat.pl/oferta/241383,https://cdn.fcapoland.pl/uploads/00/241383/aa994e750dbc76c9286d6d5a05d588c3.jpg,Fiat,600,2026,0,KM,Hatchback,Lakier metalizowany Zielony Mare,New,89500 PLN,PLN,"{""addr1"": ""UL. SZPARAGOWA 4"", ""city"": ""ŁÓDŹ"", ""region"": ""ŁÓDZKIE"", ""country"": ""PL"", ""postal_code"": ""91-211""}",51.8027,19.37677,LEASE,1239 PLN,per month,Gasoline,Manual,FWD
241382,600 La Prima · od 1239 PLN/mies.,Fiat 600 La Prima · Rata od 1239 PLN netto/mies. · Leasing B2B · ŁÓDŹ · Sprawdź ofertę!,https://salon.fiat.pl/oferta/241382,https://cdn.fcapoland.pl/uploads/00/241382/ffe835963df70372e2e82935a693c5eb.jpg,Fiat,600,2026,0,KM,Hatchback,Lakier metalizowany Kremowy Cappucino,New,89500 PLN,PLN,"{""addr1"": ""UL. SZPARAGOWA 4"", ""city"": ""ŁÓDŹ"", ""region"": ""ŁÓDZKIE"", ""country"": ""PL"", ""postal_code"": ""91-211""}",51.8027,19.37677,LEASE,1239 PLN,per month,Gasoline,Manual,FWD
241348,500 La Prima,Fiat 500 La Prima · Leasing B2B · GDANSK · Sprawdź ofertę!,https://salon.fiat.pl/oferta/241348,https://cdn.fcapoland.pl/uploads/00/241348/9904d642e2e0b6359ec9a5e55ddb3717.jpg,Fiat,500,2026,0,KM,Hatchback,Lakier pastelowy Biały Ice,New,87900 PLN,PLN,"{""addr1"": ""UL. POTOKOWA 15AC"", ""city"": ""GDANSK"", ""region"": ""POMORSKIE"", ""country"": ""PL"", ""postal_code"": ""80-283""}",54.368945,18.570911,LEASE,,,Hybrid,Manual,FWD
241319,600 Street · od 1081 PLN/mies.,Fiat 600 Street · Rata od 1081 PLN netto/mies. · Leasing B2B · FALENTY · Sprawdź ofertę!,https://salon.fiat.pl/oferta/241319,https://cdn.fcapoland.pl/uploads/00/241319/a802800d0e1616693ca5768ec71bfd26.jpg,Fiat,600,2026,0,KM,Hatchback,Lakier pastelowy Biały Gelato z dachem w kolorze Czarny Cinema,New,78000 PLN,PLN,"{""addr1"": ""AL. KRAKOWSKA 8"", ""city"": ""FALENTY"", ""region"": ""MAZOWIECKIE"", ""country"": ""PL"", ""postal_code"": ""05-090""}",52.14213,20.90316,LEASE,1081 PLN,per month,Gasoline,Manual,FWD
241318,600 La Prima · od 1211 PLN/mies.,Fiat 600 La Prima · Rata od 1211 PLN netto/mies. · Leasing B2B · FALENTY · Sprawdź ofertę!,https://salon.fiat.pl/oferta/241318,https://cdn.fcapoland.pl/uploads/00/241318/f9cd2e0b363318a18bf02dbe2f81abe6.jpg,Fiat,600,2026,0,KM,Hatchback,Lakier metalizowany Kremowy Cappucino,New,87470 PLN,PLN,"{""addr1"": ""AL. KRAKOWSKA 8"", ""city"": ""FALENTY"", ""region"": ""MAZOWIECKIE"", ""country"": ""PL"", ""postal_code"": ""05-090""}",52.14213,20.90316,LEASE,1211 PLN,per month,Gasoline,Manual,FWD
241311,500 La Prima,Fiat 500 La Prima · Leasing B2B · SLUPSK · Sprawdź ofertę!,https://salon.fiat.pl/oferta/241311,https://cdn.fcapoland.pl/uploads/00/241311/bc157f873a903dad3976e5cab20c591f.jpg,Fiat,500,2026,0,KM,Hatchback,Lakier pastelowy Czarny Onyx,New,89068 PLN,PLN,"{""addr1"": ""UL. POZNANSKA 74"", ""city"": ""SLUPSK"", ""region"": ""POMORSKIE"", ""country"": ""PL"", ""postal_code"": ""76-200""}",54.45185,17.01674,LEASE,,,Hybrid,Manual,FWD
241308,500 La Prima,Fiat 500 La Prima · Leasing B2B · GDANSK · Sprawdź ofertę!,https://salon.fiat.pl/oferta/241308,https://cdn.fcapoland.pl/uploads/00/241308/2723fe08f3757fb93df43e8cfe5cd1cb.jpg,Fiat,500,2026,0,KM,Hatchback,Lakier metalizowany Niebieski Celestial,New,92300 PLN,PLN,"{""addr1"": ""UL. POTOKOWA 15AC"", ""city"": ""GDANSK"", ""region"": ""POMORSKIE"", ""country"": ""PL"", ""postal_code"": ""80-283""}",54.368945,18.570911,LEASE,,,Hybrid,Manual,FWD
241307,500 La Prima,Fiat 500 La Prima · Leasing B2B · BIELSKO-BIAŁA · Sprawdź ofertę!,https://salon.fiat.pl/oferta/241307,https://cdn.fcapoland.pl/uploads/00/241307/1_render.jpg,Fiat,500,2026,0,KM,Hatchback,Lakier pastelowy Czarny Onyx,New,92070 PLN,PLN,"{""addr1"": ""UL. WARSZAWSKA 158"", ""city"": ""BIELSKO-BIAŁA"", ""region"": ""ŚLĄSKIE"", ""country"": ""PL"", ""postal_code"": ""43-300""}",49.84307,19.03564,LEASE,,,Hybrid,Manual,FWD
241306,500 La Prima,Fiat 500 La Prima · Leasing B2B · GDANSK · Sprawdź ofertę!,https://salon.fiat.pl/oferta/241306,https://cdn.fcapoland.pl/uploads/00/241306/af9a4d25e3902b5b7cc7effe637a531c.jpg,Fiat,500,2026,0,KM,Hatchback,Lakier metalizowany Niebieski Celestial,New,92300 PLN,PLN,"{""addr1"": ""UL. POTOKOWA 15AC"", ""city"": ""GDANSK"", ""region"": ""POMORSKIE"", ""country"": ""PL"", ""postal_code"": ""80-283""}",54.368945,18.570911,LEASE,,,Hybrid,Manual,FWD
241305,500 La Prima,Fiat 500 La Prima · Leasing B2B · KALISZ · Sprawdź ofertę!,https://salon.fiat.pl/oferta/241305,https://cdn.fcapoland.pl/uploads/00/241305/1_render.jpg,Fiat,500,2026,0,KM,Hatchback,Lakier metalizowany Złoty Rose,New,88000 PLN,PLN,"{""addr1"": ""UL. WROCLAWSKA 27"", ""city"": ""KALISZ"", ""region"": ""WIELKOPOLSKIE"", ""country"": ""PL"", ""postal_code"": ""62-800""}",51.7429,18.06292,LEASE,,,Hybrid,Manual,FWD
241292,Grande Panda Icon · od 1057 PLN/mies.,Fiat Grande Panda Icon · Rata od 1057 PLN netto/mies. · Leasing B2B · FALENTY · Sprawdź ofertę!,https://salon.fiat.pl/oferta/241292,https://cdn.fcapoland.pl/uploads/00/241292/3323930f472c874907e7090bf48d9dbb.jpg,Fiat,Grande Panda,2026,0,KM,Hatchback,Lakier pastelowy Red by (RED),New,76255 PLN,PLN,"{""addr1"": ""AL. KRAKOWSKA 8"", ""city"": ""FALENTY"", ""region"": ""MAZOWIECKIE"", ""country"": ""PL"", ""postal_code"": ""05-090""}",52.14213,20.90316,LEASE,1057 PLN,per month,Gasoline,Manual,FWD
241291,Grande Panda Icon · od 725 PLN/mies.,Fiat Grande Panda Icon · Rata od 725 PLN netto/mies. · Leasing B2B · ŁÓDŹ · Sprawdź ofertę!,https://salon.fiat.pl/oferta/241291,https://cdn.fcapoland.pl/uploads/00/241291/1_render.jpg,Fiat,Grande Panda,2026,0,KM,Hatchback,Lakier metalizowany Żółty Limone,New,82064 PLN,PLN,"{""addr1"": ""UL.PABIANICKA 94/96"", ""city"": ""ŁÓDŹ"", ""region"": ""ŁÓDZKIE"", ""country"": ""PL"", ""postal_code"": ""93-548""}",51.72592,19.44758,LEASE,725 PLN,per month,Gasoline,Manual,FWD
241288,Grande Panda Icon · od 725 PLN/mies.,Fiat Grande Panda Icon · Rata od 725 PLN netto/mies. · Leasing B2B · ŁÓDŹ · Sprawdź ofertę!,https://salon.fiat.pl/oferta/241288,https://cdn.fcapoland.pl/uploads/00/241288/1_render.jpg,Fiat,Grande Panda,2026,0,KM,Hatchback,Lakier metalizowany Niebieski Lago,New,82064 PLN,PLN,"{""addr1"": ""UL.PABIANICKA 94/96"", ""city"": ""ŁÓDŹ"", ""region"": ""ŁÓDZKIE"", ""country"": ""PL"", ""postal_code"": ""93-548""}",51.72592,19.44758,LEASE,725 PLN,per month,Gasoline,Manual,FWD
241282,Pandina Icon,Fiat Pandina Icon · Leasing B2B · FALENTY · Sprawdź ofertę!,https://salon.fiat.pl/oferta/241282,https://cdn.fcapoland.pl/uploads/00/241282/06df60e178b18c092348c02b24ae6a93.jpg,Fiat,Pandina,2026,0,KM,Hatchback,Lakier pastelowy Biały Gelato,New,58962 PLN,PLN,"{""addr1"": ""AL. KRAKOWSKA 8"", ""city"": ""FALENTY"", ""region"": ""MAZOWIECKIE"", ""country"": ""PL"", ""postal_code"": ""05-090""}",52.14213,20.90316,LEASE,,,Hybrid,Manual,FWD
241277,Pandina Icon,Fiat Pandina Icon · Leasing B2B · FALENTY · Sprawdź ofertę!,https://salon.fiat.pl/oferta/241277,https://cdn.fcapoland.pl/uploads/00/241277/1_render.jpg,Fiat,Pandina,2026,0,KM,Hatchback,Lakier pastelowy Red by (RED),New,60456 PLN,PLN,"{""addr1"": ""AL. KRAKOWSKA 8"", ""city"": ""FALENTY"", ""region"": ""MAZOWIECKIE"", ""country"": ""PL"", ""postal_code"": ""05-090""}",52.14213,20.90316,LEASE,,,Hybrid,Manual,FWD
241240,500 La Prima,Fiat 500 La Prima · Leasing B2B · FALENTY · Sprawdź ofertę!,https://salon.fiat.pl/oferta/241240,https://cdn.fcapoland.pl/uploads/00/241240/9d1c7c683d27dc73cbeaad0c0ba6b5ff.jpg,Fiat,500,2026,0,KM,Hatchback,Lakier pastelowy Biały Ice,New,90390 PLN,PLN,"{""addr1"": ""AL. KRAKOWSKA 8"", ""city"": ""FALENTY"", ""region"": ""MAZOWIECKIE"", ""country"": ""PL"", ""postal_code"": ""05-090""}",52.14213,20.90316,LEASE,,,Hybrid,Manual,FWD
241227,Grande Panda Icon · od 659 PLN/mies.,Fiat Grande Panda Icon · Rata od 659 PLN netto/mies. · Leasing B2B · CZESTOCHOWA · Sprawdź ofertę!,https://salon.fiat.pl/oferta/241227,https://cdn.fcapoland.pl/uploads/00/241227/1_render.jpg,Fiat,Grande Panda,2026,0,KM,Hatchback,Lakier metalizowany Żółty Limone,New,87700 PLN,PLN,"{""addr1"": ""UL. BUGAJSKA 6/8"", ""city"": ""CZESTOCHOWA"", ""region"": ""ŚLĄSKIE"", ""country"": ""PL"", ""postal_code"": ""42-200""}",50.766723,19.165467,LEASE,659 PLN,per month,Hybrid,Automatic,FWD
241225,Grande Panda La Prima · od 714 PLN/mies.,Fiat Grande Panda La Prima · Rata od 714 PLN netto/mies. · Leasing B2B · BIALYSTOK · Sprawdź ofertę!,https://salon.fiat.pl/oferta/241225,https://cdn.fcapoland.pl/uploads/00/241225/eaaa6c63dd75769ee3529f346f90d217.jpg,Fiat,Grande Panda,2026,0,KM,Hatchback,Lakier metalizowany Brazowy Luna,New,95720 PLN,PLN,"{""addr1"": ""UL. GEN. WLADYSLAWA ANDERSA 71"", ""city"": ""BIALYSTOK"", ""region"": ""PODLASKIE"", ""country"": ""PL"", ""postal_code"": ""15-113""}",53.1563,23.1446,LEASE,714 PLN,per month,Hybrid,Automatic,FWD
241221,Pandina Icon,Fiat Pandina Icon · Leasing B2B · OPOLE · Sprawdź ofertę!,https://salon.fiat.pl/oferta/241221,https://cdn.fcapoland.pl/uploads/00/241221/cac3e23958b9916f06190231aea0913c.jpg,Fiat,Pandina,2026,0,KM,Hatchback,Lakier pastelowy Biały Gelato,New,60956 PLN,PLN,"{""addr1"": ""UL. OLESKA 152"", ""city"": ""OPOLE"", ""region"": ""OPOLSKIE"", ""country"": ""PL"", ""postal_code"": ""45-239""}",50.690422,17.950222,LEASE,,,Hybrid,Manual,FWD
241220,Pandina Icon,Fiat Pandina Icon · Leasing B2B · OPOLE · Sprawdź ofertę!,https://salon.fiat.pl/oferta/241220,https://cdn.fcapoland.pl/uploads/00/241220/7d0e316926fae02f1c807c73a6aae4cc.jpg,Fiat,Pandina,2026,0,KM,Hatchback,Lakier metalizowany Niebieski Italia,New,61660 PLN,PLN,"{""addr1"": ""UL. OLESKA 152"", ""city"": ""OPOLE"", ""region"": ""OPOLSKIE"", ""country"": ""PL"", ""postal_code"": ""45-239""}",50.690422,17.950222,LEASE,,,Hybrid,Manual,FWD
241176,500 La Prima,Fiat 500 La Prima · Leasing B2B · ŁÓDŹ · Sprawdź ofertę!,https://salon.fiat.pl/oferta/241176,https://cdn.fcapoland.pl/uploads/00/241176/a32db10d3939b6b62aea826b96826702.jpg,Fiat,500,2026,0,KM,Hatchback,Lakier pastelowy Czarny Onyx,New,88500 PLN,PLN,"{""addr1"": ""UL. SZPARAGOWA 4"", ""city"": ""ŁÓDŹ"", ""region"": ""ŁÓDZKIE"", ""country"": ""PL"", ""postal_code"": ""91-211""}",51.8027,19.37677,LEASE,,,Hybrid,Manual,FWD
241174,500 La Prima,Fiat 500 La Prima · Leasing B2B · RZESZOW · Sprawdź ofertę!,https://salon.fiat.pl/oferta/241174,https://cdn.fcapoland.pl/uploads/00/241174/192fd416064cf5d9d7f73c0983403a00.jpg,Fiat,500,2026,0,KM,Hatchback,Lakier pastelowy Biały Ice,New,92900 PLN,PLN,"{""addr1"": ""UL. WARSZAWSKA 135"", ""city"": ""RZESZOW"", ""region"": ""PODKARPACKIE"", ""country"": ""PL"", ""postal_code"": ""35-205""}",50.081623,21.984324,LEASE,,,Hybrid,Manual,FWD
241171,500 La Prima,Fiat 500 La Prima · Leasing B2B · RYBNIK · Sprawdź ofertę!,https://salon.fiat.pl/oferta/241171,https://cdn.fcapoland.pl/uploads/00/241171/1_render.jpg,Fiat,500,2026,0,KM,Hatchback,Lakier pastelowy Biały Ice,New,93950 PLN,PLN,"{""addr1"": ""UL. ZORSKA 75"", ""city"": ""RYBNIK"", ""region"": ""ŚLĄSKIE"", ""country"": ""PL"", ""postal_code"": ""44-203""}",50.09212,18.57415,LEASE,,,Hybrid,Manual,FWD
241152,Pandina Cross,Fiat Pandina Cross · Leasing B2B · SZCZECIN · Sprawdź ofertę!,https://salon.fiat.pl/oferta/241152,https://cdn.fcapoland.pl/uploads/00/241152/7e939f60caaf0093feeeb1e7842308aa.jpg,Fiat,Pandina,2026,0,KM,Hatchback,Lakier pastelowy Biały Gelato,New,65460 PLN,PLN,"{""addr1"": ""USTOWO 57"", ""city"": ""SZCZECIN"", ""region"": ""ZACHODNIOPOMORSKIE"", ""country"": ""PL"", ""postal_code"": ""71-001""}",53.38756,14.498444,LEASE,,,Hybrid,Manual,FWD
241143,Pandina Cross,Fiat Pandina Cross · Leasing B2B · ŻORY · Sprawdź ofertę!,https://salon.fiat.pl/oferta/241143,https://cdn.fcapoland.pl/uploads/00/241143/11b2a2e99475084c9e1ae1433ab23da0.jpg,Fiat,Pandina,2026,0,KM,Hatchback,Lakier pastelowy Red by (RED),New,65460 PLN,PLN,"{""addr1"": ""UL. KOŚCIUSZKI 79"", ""city"": ""ŻORY"", ""region"": ""ŚLĄSKIE"", ""country"": ""PL"", ""postal_code"": ""44-240""}",50.03099,18.70503,LEASE,,,Hybrid,Manual,FWD
241115,500 La Prima,Fiat 500 La Prima · Leasing B2B · FALENTY · Sprawdź ofertę!,https://salon.fiat.pl/oferta/241115,https://cdn.fcapoland.pl/uploads/00/241115/329aeef0ffe5856f29116e47703f0b73.jpg,Fiat,500,2026,0,KM,Hatchback,Lakier metalizowany Złoty Rose,New,90924 PLN,PLN,"{""addr1"": ""AL. KRAKOWSKA 8"", ""city"": ""FALENTY"", ""region"": ""MAZOWIECKIE"", ""country"": ""PL"", ""postal_code"": ""05-090""}",52.14213,20.90316,LEASE,,,Hybrid,Manual,FWD
241113,500 La Prima,Fiat 500 La Prima · Leasing B2B · KRAKOW · Sprawdź ofertę!,https://salon.fiat.pl/oferta/241113,https://cdn.fcapoland.pl/uploads/00/241113/1_render.jpg,Fiat,500,2026,0,KM,Hatchback,Lakier metalizowany Żółty Gold,New,87692 PLN,PLN,"{""addr1"": ""UL. RADZIKOWSKIEGO 160"", ""city"": ""KRAKOW"", ""region"": ""MAŁOPOLSKIE"", ""country"": ""PL"", ""postal_code"": ""31-342""}",50.088212,19.888814,LEASE,,,Hybrid,Manual,FWD
241107,Grande Panda Icon · od 655 PLN/mies.,Fiat Grande Panda Icon · Rata od 655 PLN netto/mies. · Leasing B2B · CZESTOCHOWA · Sprawdź ofertę!,https://salon.fiat.pl/oferta/241107,https://cdn.fcapoland.pl/uploads/00/241107/1_render.jpg,Fiat,Grande Panda,2026,0,KM,Hatchback,Lakier pastelowy Biały Gelato,New,87200 PLN,PLN,"{""addr1"": ""UL. BUGAJSKA 6/8"", ""city"": ""CZESTOCHOWA"", ""region"": ""ŚLĄSKIE"", ""country"": ""PL"", ""postal_code"": ""42-200""}",50.766723,19.165467,LEASE,655 PLN,per month,Hybrid,Automatic,FWD
241105,Grande Panda Icon · od 659 PLN/mies.,Fiat Grande Panda Icon · Rata od 659 PLN netto/mies. · Leasing B2B · CZESTOCHOWA · Sprawdź ofertę!,https://salon.fiat.pl/oferta/241105,https://cdn.fcapoland.pl/uploads/00/241105/1_render.jpg,Fiat,Grande Panda,2026,0,KM,Hatchback,Lakier metalizowany Niebieski Lago,New,87700 PLN,PLN,"{""addr1"": ""UL. BUGAJSKA 6/8"", ""city"": ""CZESTOCHOWA"", ""region"": ""ŚLĄSKIE"", ""country"": ""PL"", ""postal_code"": ""42-200""}",50.766723,19.165467,LEASE,659 PLN,per month,Hybrid,Automatic,FWD
241101,Grande Panda Icon · od 659 PLN/mies.,Fiat Grande Panda Icon · Rata od 659 PLN netto/mies. · Leasing B2B · CZESTOCHOWA · Sprawdź ofertę!,https://salon.fiat.pl/oferta/241101,https://cdn.fcapoland.pl/uploads/00/241101/1_render.jpg,Fiat,Grande Panda,2026,0,KM,Hatchback,Lakier metalizowany Brazowy Luna,New,87700 PLN,PLN,"{""addr1"": ""UL. BUGAJSKA 6/8"", ""city"": ""CZESTOCHOWA"", ""region"": ""ŚLĄSKIE"", ""country"": ""PL"", ""postal_code"": ""42-200""}",50.766723,19.165467,LEASE,659 PLN,per month,Hybrid,Automatic,FWD
241100,Grande Panda Icon · od 766 PLN/mies.,Fiat Grande Panda Icon · Rata od 766 PLN netto/mies. · Leasing B2B · SOSNOWIEC · Sprawdź ofertę!,https://salon.fiat.pl/oferta/241100,https://cdn.fcapoland.pl/uploads/00/241100/1_render.jpg,Fiat,Grande Panda,2026,0,KM,Hatchback,Lakier pastelowy Red by (RED),New,91900 PLN,PLN,"{""addr1"": ""UL. ZUZANNY 36"", ""city"": ""SOSNOWIEC"", ""region"": ""ŚLĄSKIE"", ""country"": ""PL"", ""postal_code"": ""41-219""}",50.29942,19.16864,LEASE,766 PLN,per month,Hybrid,Automatic,FWD
241095,Pandina Icon,Fiat Pandina Icon · Leasing B2B · CZESTOCHOWA · Sprawdź ofertę!,https://salon.fiat.pl/oferta/241095,https://cdn.fcapoland.pl/uploads/00/241095/1_render.jpg,Fiat,Pandina,2026,0,KM,Hatchback,Lakier pastelowy Red by (RED),New,60600 PLN,PLN,"{""addr1"": ""UL. BUGAJSKA 6/8"", ""city"": ""CZESTOCHOWA"", ""region"": ""ŚLĄSKIE"", ""country"": ""PL"", ""postal_code"": ""42-200""}",50.766723,19.165467,LEASE,,,Hybrid,Manual,FWD
241091,Pandina Icon,Fiat Pandina Icon · Leasing B2B · KATOWICE · Sprawdź ofertę!,https://salon.fiat.pl/oferta/241091,https://cdn.fcapoland.pl/uploads/00/241091/3b8484e37af79b5979d60d69c27ea521.jpg,Fiat,Pandina,2026,0,KM,Hatchback,Lakier pastelowy Red by (RED),New,60900 PLN,PLN,"{""addr1"": ""UL. KOSCIUSZKI 261"", ""city"": ""KATOWICE"", ""region"": ""ŚLĄSKIE"", ""country"": ""PL"", ""postal_code"": ""40-690""}",50.209822,18.965429,LEASE,,,Hybrid,Manual,FWD
241083,Pandina Icon,Fiat Pandina Icon · Leasing B2B · POZNAN · Sprawdź ofertę!,https://salon.fiat.pl/oferta/241083,https://cdn.fcapoland.pl/uploads/00/241083/1_render.jpg,Fiat,Pandina,2026,0,KM,Hatchback,Lakier metalizowany Niebieski Italia,New,62355 PLN,PLN,"{""addr1"": ""UL. GORZYSLAWA 9"", ""city"": ""POZNAN"", ""region"": ""WIELKOPOLSKIE"", ""country"": ""PL"", ""postal_code"": ""61-057""}",52.408466,17.029606,LEASE,,,Hybrid,Manual,FWD
241078,Pandina Icon,Fiat Pandina Icon · Leasing B2B · ŻORY · Sprawdź ofertę!,https://salon.fiat.pl/oferta/241078,https://cdn.fcapoland.pl/uploads/00/241078/1_render.jpg,Fiat,Pandina,2026,0,KM,Hatchback,Lakier pastelowy Red by (RED),New,60956 PLN,PLN,"{""addr1"": ""UL. KOŚCIUSZKI 79"", ""city"": ""ŻORY"", ""region"": ""ŚLĄSKIE"", ""country"": ""PL"", ""postal_code"": ""44-240""}",50.03099,18.70503,LEASE,,,Hybrid,Manual,FWD
241071,Pandina Icon,Fiat Pandina Icon · Leasing B2B · POZNAN · Sprawdź ofertę!,https://salon.fiat.pl/oferta/241071,https://cdn.fcapoland.pl/uploads/00/241071/1_render.jpg,Fiat,Pandina,2026,0,KM,Hatchback,Lakier pastelowy Red by (RED),New,61643 PLN,PLN,"{""addr1"": ""UL. GORZYSLAWA 9"", ""city"": ""POZNAN"", ""region"": ""WIELKOPOLSKIE"", ""country"": ""PL"", ""postal_code"": ""61-057""}",52.408466,17.029606,LEASE,,,Hybrid,Manual,FWD
241069,Pandina Icon,Fiat Pandina Icon · Leasing B2B · SLUPSK · Sprawdź ofertę!,https://salon.fiat.pl/oferta/241069,https://cdn.fcapoland.pl/uploads/00/241069/a053db76e4c750801a6584919b0d8667.jpg,Fiat,Pandina,2026,0,KM,Hatchback,Lakier pastelowy Red by (RED),New,62330 PLN,PLN,"{""addr1"": ""UL. POZNANSKA 74"", ""city"": ""SLUPSK"", ""region"": ""POMORSKIE"", ""country"": ""PL"", ""postal_code"": ""76-200""}",54.45185,17.01674,LEASE,,,Hybrid,Manual,FWD
241066,Pandina Icon,Fiat Pandina Icon · Leasing B2B · POZNAN · Sprawdź ofertę!,https://salon.fiat.pl/oferta/241066,https://cdn.fcapoland.pl/uploads/00/241066/1_render.jpg,Fiat,Pandina,2026,0,KM,Hatchback,Lakier pastelowy Red by (RED),New,61643 PLN,PLN,"{""addr1"": ""UL. GORZYSLAWA 9"", ""city"": ""POZNAN"", ""region"": ""WIELKOPOLSKIE"", ""country"": ""PL"", ""postal_code"": ""61-057""}",52.408466,17.029606,LEASE,,,Hybrid,Manual,FWD
241062,Pandina Icon,Fiat Pandina Icon · Leasing B2B · BIELSKO-BIAŁA · Sprawdź ofertę!,https://salon.fiat.pl/oferta/241062,https://cdn.fcapoland.pl/uploads/00/241062/1_render.jpg,Fiat,Pandina,2026,0,KM,Hatchback,Lakier pastelowy Red by (RED),New,60956 PLN,PLN,"{""addr1"": ""UL. WARSZAWSKA 158"", ""city"": ""BIELSKO-BIAŁA"", ""region"": ""ŚLĄSKIE"", ""country"": ""PL"", ""postal_code"": ""43-300""}",49.84307,19.03564,LEASE,,,Hybrid,Manual,FWD
241050,600 Street · od 1097 PLN/mies.,Fiat 600 Street · Rata od 1097 PLN netto/mies. · Leasing B2B · BIELSKO-BIAŁA · Sprawdź ofertę!,https://salon.fiat.pl/oferta/241050,https://cdn.fcapoland.pl/uploads/00/241050/27667774b0d95f008e975fd2db33fc13.jpg,Fiat,600,2026,0,KM,Hatchback,Lakier pastelowy Biały Gelato z dachem w kolorze Czarny Cinema,New,79156 PLN,PLN,"{""addr1"": ""UL. WARSZAWSKA 158"", ""city"": ""BIELSKO-BIAŁA"", ""region"": ""ŚLĄSKIE"", ""country"": ""PL"", ""postal_code"": ""43-300""}",49.84307,19.03564,LEASE,1097 PLN,per month,Gasoline,Manual,FWD
241048,600 Street · od 1078 PLN/mies.,Fiat 600 Street · Rata od 1078 PLN netto/mies. · Leasing B2B · ŻORY · Sprawdź ofertę!,https://salon.fiat.pl/oferta/241048,https://cdn.fcapoland.pl/uploads/00/241048/f95eacc1d54faabd19962845bdae6588.jpg,Fiat,600,2026,0,KM,Hatchback,Lakier pastelowy Biały Gelato z dachem w kolorze Czarny Cinema,New,77800 PLN,PLN,"{""addr1"": ""UL. KOŚCIUSZKI 79"", ""city"": ""ŻORY"", ""region"": ""ŚLĄSKIE"", ""country"": ""PL"", ""postal_code"": ""44-240""}",50.03099,18.70503,LEASE,1078 PLN,per month,Gasoline,Manual,FWD
241047,600 Street · od 1080 PLN/mies.,Fiat 600 Street · Rata od 1080 PLN netto/mies. · Leasing B2B · TARNOWSKIE GÓRY · Sprawdź ofertę!,https://salon.fiat.pl/oferta/241047,https://cdn.fcapoland.pl/uploads/00/241047/e3a4b94e02d7c474a2a9e9c2c84ef1da.jpg,Fiat,600,2026,0,KM,Hatchback,Lakier pastelowy Biały Gelato z dachem w kolorze Czarny Cinema,New,77896 PLN,PLN,"{""addr1"": ""UL. GLIWICKA 65"", ""city"": ""TARNOWSKIE GÓRY"", ""region"": """", ""country"": ""PL"", ""postal_code"": ""42-600""}",50.43672,18.84565,LEASE,1080 PLN,per month,Gasoline,Manual,FWD
241017,500 La Prima,Fiat 500 La Prima · Leasing B2B · OPOLE · Sprawdź ofertę!,https://salon.fiat.pl/oferta/241017,https://cdn.fcapoland.pl/uploads/00/241017/1c72bee229e4c08007643dddf69c8df5.jpg,Fiat,500,2026,0,KM,Hatchback,Lakier metalizowany Złoty Rose,New,86488 PLN,PLN,"{""addr1"": ""UL. OLESKA 152"", ""city"": ""OPOLE"", ""region"": ""OPOLSKIE"", ""country"": ""PL"", ""postal_code"": ""45-239""}",50.690422,17.950222,LEASE,,,Hybrid,Manual,FWD
241011,Grande Panda Icon · od 691 PLN/mies.,Fiat Grande Panda Icon · Rata od 691 PLN netto/mies. · Leasing B2B · BIELSKO-BIAŁA · Sprawdź ofertę!,https://salon.fiat.pl/oferta/241011,https://cdn.fcapoland.pl/uploads/00/241011/cb0b8ba5a977005cec2f65017ed93de6.jpg,Fiat,Grande Panda,2026,0,KM,Hatchback,Lakier metalizowany Żółty Limone,New,80484 PLN,PLN,"{""addr1"": ""UL. WARSZAWSKA 158"", ""city"": ""BIELSKO-BIAŁA"", ""region"": ""ŚLĄSKIE"", ""country"": ""PL"", ""postal_code"": ""43-300""}",49.84307,19.03564,LEASE,691 PLN,per month,Gasoline,Manual,FWD
241010,Grande Panda Icon · od 691 PLN/mies.,Fiat Grande Panda Icon · Rata od 691 PLN netto/mies. · Leasing B2B · BIELSKO-BIAŁA · Sprawdź ofertę!,https://salon.fiat.pl/oferta/241010,https://cdn.fcapoland.pl/uploads/00/241010/8d80f69ad9313119f177db9899d5df91.jpg,Fiat,Grande Panda,2026,0,KM,Hatchback,Lakier metalizowany Żółty Limone,New,80484 PLN,PLN,"{""addr1"": ""UL. WARSZAWSKA 158"", ""city"": ""BIELSKO-BIAŁA"", ""region"": ""ŚLĄSKIE"", ""country"": ""PL"", ""postal_code"": ""43-300""}",49.84307,19.03564,LEASE,691 PLN,per month,Gasoline,Manual,FWD
241008,Grande Panda Icon · od 691 PLN/mies.,Fiat Grande Panda Icon · Rata od 691 PLN netto/mies. · Leasing B2B · BIELSKO-BIAŁA · Sprawdź ofertę!,https://salon.fiat.pl/oferta/241008,https://cdn.fcapoland.pl/uploads/00/241008/ff9689dc0be769b06e05d96a399cdc0e.jpg,Fiat,Grande Panda,2026,0,KM,Hatchback,Lakier metalizowany Żółty Limone,New,80484 PLN,PLN,"{""addr1"": ""UL. WARSZAWSKA 158"", ""city"": ""BIELSKO-BIAŁA"", ""region"": ""ŚLĄSKIE"", ""country"": ""PL"", ""postal_code"": ""43-300""}",49.84307,19.03564,LEASE,691 PLN,per month,Gasoline,Manual,FWD
241007,Grande Panda Icon · od 691 PLN/mies.,Fiat Grande Panda Icon · Rata od 691 PLN netto/mies. · Leasing B2B · ŻORY · Sprawdź ofertę!,https://salon.fiat.pl/oferta/241007,https://cdn.fcapoland.pl/uploads/00/241007/273301c71f0770fee15432c8f9e0e240.jpg,Fiat,Grande Panda,2026,0,KM,Hatchback,Lakier metalizowany Niebieski Lago,New,80484 PLN,PLN,"{""addr1"": ""UL. KOŚCIUSZKI 79"", ""city"": ""ŻORY"", ""region"": ""ŚLĄSKIE"", ""country"": ""PL"", ""postal_code"": ""44-240""}",50.03099,18.70503,LEASE,691 PLN,per month,Gasoline,Manual,FWD
241006,Grande Panda Icon · od 659 PLN/mies.,Fiat Grande Panda Icon · Rata od 659 PLN netto/mies. · Leasing B2B · CZESTOCHOWA · Sprawdź ofertę!,https://salon.fiat.pl/oferta/241006,https://cdn.fcapoland.pl/uploads/00/241006/1_render.jpg,Fiat,Grande Panda,2026,0,KM,Hatchback,Lakier metalizowany Lazurowy Acqua,New,87700 PLN,PLN,"{""addr1"": ""UL. BUGAJSKA 6/8"", ""city"": ""CZESTOCHOWA"", ""region"": ""ŚLĄSKIE"", ""country"": ""PL"", ""postal_code"": ""42-200""}",50.766723,19.165467,LEASE,659 PLN,per month,Hybrid,Automatic,FWD
241005,Grande Panda Icon · od 659 PLN/mies.,Fiat Grande Panda Icon · Rata od 659 PLN netto/mies. · Leasing B2B · CZESTOCHOWA · Sprawdź ofertę!,https://salon.fiat.pl/oferta/241005,https://cdn.fcapoland.pl/uploads/00/241005/1_render.jpg,Fiat,Grande Panda,2026,0,KM,Hatchback,Lakier metalizowany Niebieski Lago,New,87700 PLN,PLN,"{""addr1"": ""UL. BUGAJSKA 6/8"", ""city"": ""CZESTOCHOWA"", ""region"": ""ŚLĄSKIE"", ""country"": ""PL"", ""postal_code"": ""42-200""}",50.766723,19.165467,LEASE,659 PLN,per month,Hybrid,Automatic,FWD
241004,Grande Panda Icon · od 659 PLN/mies.,Fiat Grande Panda Icon · Rata od 659 PLN netto/mies. · Leasing B2B · CZESTOCHOWA · Sprawdź ofertę!,https://salon.fiat.pl/oferta/241004,https://cdn.fcapoland.pl/uploads/00/241004/1_render.jpg,Fiat,Grande Panda,2026,0,KM,Hatchback,Lakier metalizowany Brazowy Luna,New,87700 PLN,PLN,"{""addr1"": ""UL. BUGAJSKA 6/8"", ""city"": ""CZESTOCHOWA"", ""region"": ""ŚLĄSKIE"", ""country"": ""PL"", ""postal_code"": ""42-200""}",50.766723,19.165467,LEASE,659 PLN,per month,Hybrid,Automatic,FWD
241003,Grande Panda Icon · od 659 PLN/mies.,Fiat Grande Panda Icon · Rata od 659 PLN netto/mies. · Leasing B2B · CZESTOCHOWA · Sprawdź ofertę!,https://salon.fiat.pl/oferta/241003,https://cdn.fcapoland.pl/uploads/00/241003/1_render.jpg,Fiat,Grande Panda,2026,0,KM,Hatchback,Lakier metalizowany Żółty Limone,New,87700 PLN,PLN,"{""addr1"": ""UL. BUGAJSKA 6/8"", ""city"": ""CZESTOCHOWA"", ""region"": ""ŚLĄSKIE"", ""country"": ""PL"", ""postal_code"": ""42-200""}",50.766723,19.165467,LEASE,659 PLN,per month,Hybrid,Automatic,FWD
240996,Pandina Icon,Fiat Pandina Icon · Leasing B2B · ŻORY · Sprawdź ofertę!,https://salon.fiat.pl/oferta/240996,https://cdn.fcapoland.pl/uploads/00/240996/eb2219e45bc011f7c2bd08e35cf097d3.jpg,Fiat,Pandina,2026,0,KM,Hatchback,Lakier pastelowy Biały Gelato,New,59196 PLN,PLN,"{""addr1"": ""UL. KOŚCIUSZKI 79"", ""city"": ""ŻORY"", ""region"": ""ŚLĄSKIE"", ""country"": ""PL"", ""postal_code"": ""44-240""}",50.03099,18.70503,LEASE,,,Hybrid,Manual,FWD
240995,Pandina Icon,Fiat Pandina Icon · Leasing B2B · CZESTOCHOWA · Sprawdź ofertę!,https://salon.fiat.pl/oferta/240995,https://cdn.fcapoland.pl/uploads/00/240995/1_render.jpg,Fiat,Pandina,2026,0,KM,Hatchback,Lakier pastelowy Red by (RED),New,60600 PLN,PLN,"{""addr1"": ""UL. BUGAJSKA 6/8"", ""city"": ""CZESTOCHOWA"", ""region"": ""ŚLĄSKIE"", ""country"": ""PL"", ""postal_code"": ""42-200""}",50.766723,19.165467,LEASE,,,Hybrid,Manual,FWD
240990,Pandina Icon,Fiat Pandina Icon · Leasing B2B · KATOWICE · Sprawdź ofertę!,https://salon.fiat.pl/oferta/240990,https://cdn.fcapoland.pl/uploads/00/240990/2353e3094021bd713e2f89ad2cc06c5f.jpg,Fiat,Pandina,2026,0,KM,Hatchback,Lakier metalizowany Niebieski Italia,New,61600 PLN,PLN,"{""addr1"": ""UL. KOSCIUSZKI 261"", ""city"": ""KATOWICE"", ""region"": ""ŚLĄSKIE"", ""country"": ""PL"", ""postal_code"": ""40-690""}",50.209822,18.965429,LEASE,,,Hybrid,Manual,FWD
240987,Pandina Icon,Fiat Pandina Icon · Leasing B2B · ŁÓDŹ · Sprawdź ofertę!,https://salon.fiat.pl/oferta/240987,https://cdn.fcapoland.pl/uploads/00/240987/1_render.jpg,Fiat,Pandina,2026,0,KM,Hatchback,Lakier metalizowany Niebieski Italia,New,61160 PLN,PLN,"{""addr1"": ""UL.PABIANICKA 94/96"", ""city"": ""ŁÓDŹ"", ""region"": ""ŁÓDZKIE"", ""country"": ""PL"", ""postal_code"": ""93-548""}",51.72592,19.44758,LEASE,,,Hybrid,Manual,FWD
240980,Pandina Cross,Fiat Pandina Cross · Leasing B2B · SLUPSK · Sprawdź ofertę!,https://salon.fiat.pl/oferta/240980,https://cdn.fcapoland.pl/uploads/00/240980/11c29a34cc5ae67b537b0b4ff226d267.jpg,Fiat,Pandina,2026,0,KM,Hatchback,Lakier pastelowy Biały Gelato z czarnym dachem,New,64944 PLN,PLN,"{""addr1"": ""UL. POZNANSKA 74"", ""city"": ""SLUPSK"", ""region"": ""POMORSKIE"", ""country"": ""PL"", ""postal_code"": ""76-200""}",54.45185,17.01674,LEASE,,,Hybrid,Manual,FWD
240966,Grande Panda Icon · od 684 PLN/mies.,Fiat Grande Panda Icon · Rata od 684 PLN netto/mies. · Leasing B2B · BIALYSTOK · Sprawdź ofertę!,https://salon.fiat.pl/oferta/240966,https://cdn.fcapoland.pl/uploads/00/240966/80abad0bcae27b191874d22b11c3dd38.jpg,Fiat,Grande Panda,2026,0,KM,Hatchback,Lakier metalizowany Brazowy Luna,New,89188 PLN,PLN,"{""addr1"": ""UL. GEN. WLADYSLAWA ANDERSA 71"", ""city"": ""BIALYSTOK"", ""region"": ""PODLASKIE"", ""country"": ""PL"", ""postal_code"": ""15-113""}",53.1563,23.1446,LEASE,684 PLN,per month,Hybrid,Automatic,FWD
240959,Pandina Icon,Fiat Pandina Icon · Leasing B2B · BIELSKO-BIAŁA · Sprawdź ofertę!,https://salon.fiat.pl/oferta/240959,https://cdn.fcapoland.pl/uploads/00/240959/f1b0ed82d861796aec7940902cabdcf4.jpg,Fiat,Pandina,2026,0,KM,Hatchback,Lakier metalizowany Niebieski Italia,New,61660 PLN,PLN,"{""addr1"": ""UL. WARSZAWSKA 158"", ""city"": ""BIELSKO-BIAŁA"", ""region"": ""ŚLĄSKIE"", ""country"": ""PL"", ""postal_code"": ""43-300""}",49.84307,19.03564,LEASE,,,Hybrid,Manual,FWD
240958,Pandina Icon,Fiat Pandina Icon · Leasing B2B · RZESZOW · Sprawdź ofertę!,https://salon.fiat.pl/oferta/240958,https://cdn.fcapoland.pl/uploads/00/240958/11a249e9b4e00af9709d1f6bfc9cf1f2.jpg,Fiat,Pandina,2026,0,KM,Hatchback,Lakier pastelowy Zółty Positano,New,59400 PLN,PLN,"{""addr1"": ""UL. WARSZAWSKA 135"", ""city"": ""RZESZOW"", ""region"": ""PODKARPACKIE"", ""country"": ""PL"", ""postal_code"": ""35-205""}",50.081623,21.984324,LEASE,,,Hybrid,Manual,FWD
240956,Qubo L La Prima,Fiat Qubo L La Prima · Leasing B2B · BIALYSTOK · Sprawdź ofertę!,https://salon.fiat.pl/oferta/240956,https://cdn.fcapoland.pl/uploads/00/240956/1_render.jpg,Fiat,Qubo L,2026,0,KM,Hatchback,Lakier metalizowany Zielony Foresta,New,121396 PLN,PLN,"{""addr1"": ""UL. GEN. WLADYSLAWA ANDERSA 71"", ""city"": ""BIALYSTOK"", ""region"": ""PODLASKIE"", ""country"": ""PL"", ""postal_code"": ""15-113""}",53.1563,23.1446,LEASE,,,Diesel,Automatic,FWD
240952,Qubo L Icon,Fiat Qubo L Icon · Leasing B2B · POZNAN · Sprawdź ofertę!,https://salon.fiat.pl/oferta/240952,https://cdn.fcapoland.pl/uploads/00/240952/2d9672ad582039b43872d8770259c53a.jpg,Fiat,Qubo L,2026,0,KM,Hatchback,Lakier metalizowany Czarny Cinema,New,115500 PLN,PLN,"{""addr1"": ""UL. GORZYSLAWA 9"", ""city"": ""POZNAN"", ""region"": ""WIELKOPOLSKIE"", ""country"": ""PL"", ""postal_code"": ""61-057""}",52.408466,17.029606,LEASE,,,Diesel,Automatic,FWD
240948,Qubo L Icon,Fiat Qubo L Icon · Leasing B2B · ZIELONA GORA · Sprawdź ofertę!,https://salon.fiat.pl/oferta/240948,https://cdn.fcapoland.pl/uploads/00/240948/8e39842c2e94057640985af85ab43129.jpg,Fiat,Qubo L,2026,0,KM,Hatchback,Lakier metalizowany Czarny Cinema,New,115932 PLN,PLN,"{""addr1"": ""UL. ST. BATOREGO 69A"", ""city"": ""ZIELONA GORA"", ""region"": ""LUBUSKIE"", ""country"": ""PL"", ""postal_code"": ""65-735""}",51.952379,15.499634,LEASE,,,Diesel,Automatic,FWD
240946,Qubo L Icon,Fiat Qubo L Icon · Leasing B2B · NOWY TARG · Sprawdź ofertę!,https://salon.fiat.pl/oferta/240946,https://cdn.fcapoland.pl/uploads/00/240946/171336e93386f7fc6aabbfa5ec2a7dbd.jpg,Fiat,Qubo L,2026,0,KM,Hatchback,Lakier metalizowany Czarny Cinema,New,116844 PLN,PLN,"{""addr1"": ""UL. KRAKOWSKA 3"", ""city"": ""NOWY TARG"", ""region"": ""MAŁOPOLSKIE"", ""country"": ""PL"", ""postal_code"": ""34-400""}",49.45445,20.01966,LEASE,,,Diesel,Automatic,FWD
240942,Qubo L Icon,Fiat Qubo L Icon · Leasing B2B · SOSNOWIEC · Sprawdź ofertę!,https://salon.fiat.pl/oferta/240942,https://cdn.fcapoland.pl/uploads/00/240942/1_render.jpg,Fiat,Qubo L,2026,0,KM,Hatchback,Lakier metalizowany Czarny Cinema,New,116000 PLN,PLN,"{""addr1"": ""UL. ZUZANNY 36"", ""city"": ""SOSNOWIEC"", ""region"": ""ŚLĄSKIE"", ""country"": ""PL"", ""postal_code"": ""41-219""}",50.29942,19.16864,LEASE,,,Diesel,Automatic,FWD
240932,Qubo L Icon,Fiat Qubo L Icon · Leasing B2B · NOWY TARG · Sprawdź ofertę!,https://salon.fiat.pl/oferta/240932,https://cdn.fcapoland.pl/uploads/00/240932/0c590aadddecc1b5c630570390bfd967.jpg,Fiat,Qubo L,2026,0,KM,Hatchback,Lakier metalizowany Zielony Foresta,New,116844 PLN,PLN,"{""addr1"": ""UL. KRAKOWSKA 3"", ""city"": ""NOWY TARG"", ""region"": ""MAŁOPOLSKIE"", ""country"": ""PL"", ""postal_code"": ""34-400""}",49.45445,20.01966,LEASE,,,Diesel,Automatic,FWD
240931,Qubo L Icon,Fiat Qubo L Icon · Leasing B2B · NOWY TARG · Sprawdź ofertę!,https://salon.fiat.pl/oferta/240931,https://cdn.fcapoland.pl/uploads/00/240931/d887dd6ac23bbd3dfb0f74bc6d660fc6.jpg,Fiat,Qubo L,2026,0,KM,Hatchback,Lakier metalizowany Zielony Foresta,New,116844 PLN,PLN,"{""addr1"": ""UL. KRAKOWSKA 3"", ""city"": ""NOWY TARG"", ""region"": ""MAŁOPOLSKIE"", ""country"": ""PL"", ""postal_code"": ""34-400""}",49.45445,20.01966,LEASE,,,Diesel,Automatic,FWD
240911,500 La Prima,Fiat 500 La Prima · Leasing B2B · KRAKOW · Sprawdź ofertę!,https://salon.fiat.pl/oferta/240911,https://cdn.fcapoland.pl/uploads/00/240911/1_render.jpg,Fiat,500,2026,0,KM,Hatchback,Lakier metalizowany Niebieski Celestial,New,87692 PLN,PLN,"{""addr1"": ""UL. RADZIKOWSKIEGO 160"", ""city"": ""KRAKOW"", ""region"": ""MAŁOPOLSKIE"", ""country"": ""PL"", ""postal_code"": ""31-342""}",50.088212,19.888814,LEASE,,,Hybrid,Manual,FWD
240909,500 La Prima,Fiat 500 La Prima · Leasing B2B · KRAKOW · Sprawdź ofertę!,https://salon.fiat.pl/oferta/240909,https://cdn.fcapoland.pl/uploads/00/240909/1_render.jpg,Fiat,500,2026,0,KM,Hatchback,Lakier metalizowany Niebieski Celestial,New,87692 PLN,PLN,"{""addr1"": ""UL. RADZIKOWSKIEGO 160"", ""city"": ""KRAKOW"", ""region"": ""MAŁOPOLSKIE"", ""country"": ""PL"", ""postal_code"": ""31-342""}",50.088212,19.888814,LEASE,,,Hybrid,Manual,FWD
240896,Grande Panda Icon · od 691 PLN/mies.,Fiat Grande Panda Icon · Rata od 691 PLN netto/mies. · Leasing B2B · BIELSKO-BIAŁA · Sprawdź ofertę!,https://salon.fiat.pl/oferta/240896,https://cdn.fcapoland.pl/uploads/00/240896/89f872d4c68c4b46b4dc65a5a6f2e968.jpg,Fiat,Grande Panda,2026,0,KM,Hatchback,Lakier metalizowany Żółty Limone,New,80484 PLN,PLN,"{""addr1"": ""UL. WARSZAWSKA 158"", ""city"": ""BIELSKO-BIAŁA"", ""region"": ""ŚLĄSKIE"", ""country"": ""PL"", ""postal_code"": ""43-300""}",49.84307,19.03564,LEASE,691 PLN,per month,Gasoline,Manual,FWD
240893,Grande Panda La Prima · od 711 PLN/mies.,Fiat Grande Panda La Prima · Rata od 711 PLN netto/mies. · Leasing B2B · NOWY TARG · Sprawdź ofertę!,https://salon.fiat.pl/oferta/240893,https://cdn.fcapoland.pl/uploads/00/240893/27c59259c4c8e803f127ceaa41d71050.jpg,Fiat,Grande Panda,2026,0,KM,Hatchback,Lakier pastelowy Red by (RED),New,83037 PLN,PLN,"{""addr1"": ""UL. KRAKOWSKA 3"", ""city"": ""NOWY TARG"", ""region"": ""MAŁOPOLSKIE"", ""country"": ""PL"", ""postal_code"": ""34-400""}",49.45445,20.01966,LEASE,711 PLN,per month,Gasoline,Manual,FWD
240889,Grande Panda Icon · od 673 PLN/mies.,Fiat Grande Panda Icon · Rata od 673 PLN netto/mies. · Leasing B2B · BIELSKO-BIAŁA · Sprawdź ofertę!,https://salon.fiat.pl/oferta/240889,https://cdn.fcapoland.pl/uploads/00/240889/1abdcc78bbfd14f7890ec5091b2f865b.jpg,Fiat,Grande Panda,2026,0,KM,Hatchback,Lakier metalizowany Niebieski Lago,New,78338 PLN,PLN,"{""addr1"": ""UL. WARSZAWSKA 158"", ""city"": ""BIELSKO-BIAŁA"", ""region"": ""ŚLĄSKIE"", ""country"": ""PL"", ""postal_code"": ""43-300""}",49.84307,19.03564,LEASE,673 PLN,per month,Gasoline,Manual,FWD
240888,Grande Panda Icon · od 691 PLN/mies.,Fiat Grande Panda Icon · Rata od 691 PLN netto/mies. · Leasing B2B · ŻORY · Sprawdź ofertę!,https://salon.fiat.pl/oferta/240888,https://cdn.fcapoland.pl/uploads/00/240888/dbd582a8fedccf5e1d2d243a1ba36cf8.jpg,Fiat,Grande Panda,2026,0,KM,Hatchback,Lakier metalizowany Żółty Limone,New,80484 PLN,PLN,"{""addr1"": ""UL. KOŚCIUSZKI 79"", ""city"": ""ŻORY"", ""region"": ""ŚLĄSKIE"", ""country"": ""PL"", ""postal_code"": ""44-240""}",50.03099,18.70503,LEASE,691 PLN,per month,Gasoline,Manual,FWD
240877,Pandina Icon,Fiat Pandina Icon · Leasing B2B · BIELSKO-BIAŁA · Sprawdź ofertę!,https://salon.fiat.pl/oferta/240877,https://cdn.fcapoland.pl/uploads/00/240877/1_render.jpg,Fiat,Pandina,2026,0,KM,Hatchback,Lakier pastelowy Czarny Cinema,New,60956 PLN,PLN,"{""addr1"": ""UL. WARSZAWSKA 158"", ""city"": ""BIELSKO-BIAŁA"", ""region"": ""ŚLĄSKIE"", ""country"": ""PL"", ""postal_code"": ""43-300""}",49.84307,19.03564,LEASE,,,Hybrid,Manual,FWD
240876,Pandina Icon,Fiat Pandina Icon · Leasing B2B · POZNAN · Sprawdź ofertę!,https://salon.fiat.pl/oferta/240876,https://cdn.fcapoland.pl/uploads/00/240876/a9f09e09a9f05b2597d17a0c28f57773.jpg,Fiat,Pandina,2026,0,KM,Hatchback,Lakier pastelowy Zółty Positano,New,59460 PLN,PLN,"{""addr1"": ""UL. GORZYSLAWA 9"", ""city"": ""POZNAN"", ""region"": ""WIELKOPOLSKIE"", ""country"": ""PL"", ""postal_code"": ""61-057""}",52.408466,17.029606,LEASE,,,Hybrid,Manual,FWD
240870,Qubo L La Prima,Fiat Qubo L La Prima · Leasing B2B · NOWY TARG · Sprawdź ofertę!,https://salon.fiat.pl/oferta/240870,https://cdn.fcapoland.pl/uploads/00/240870/52626f74630587adbe1f4f82639edd3d.jpg,Fiat,Qubo L,2026,0,KM,Hatchback,Lakier metalizowany Zielony Foresta,New,121396 PLN,PLN,"{""addr1"": ""UL. KRAKOWSKA 3"", ""city"": ""NOWY TARG"", ""region"": ""MAŁOPOLSKIE"", ""country"": ""PL"", ""postal_code"": ""34-400""}",49.45445,20.01966,LEASE,,,Diesel,Automatic,FWD
240869,Qubo L La Prima,Fiat Qubo L La Prima · Leasing B2B · WARSZAWA · Sprawdź ofertę!,https://salon.fiat.pl/oferta/240869,https://cdn.fcapoland.pl/uploads/00/240869/7820a76c02258e67a5178285373c5987.jpg,Fiat,Qubo L,2026,0,KM,Hatchback,Lakier metalizowany Zielony Foresta,New,120900 PLN,PLN,"{""addr1"": ""UL. RADZYMIŃSKA 112"", ""city"": ""WARSZAWA"", ""region"": ""MAZOWIECKIE"", ""country"": ""PL"", ""postal_code"": ""03-574""}",52.26811,21.06277,LEASE,,,Diesel,Automatic,FWD
240868,Qubo L La Prima,Fiat Qubo L La Prima · Leasing B2B · WARSZAWA · Sprawdź ofertę!,https://salon.fiat.pl/oferta/240868,https://cdn.fcapoland.pl/uploads/00/240868/44b8d3d850f9f8c599aafa2c3a9ad3e0.jpg,Fiat,Qubo L,2026,0,KM,Hatchback,Lakier metalizowany Zielony Foresta,New,120900 PLN,PLN,"{""addr1"": ""UL. RADZYMIŃSKA 112"", ""city"": ""WARSZAWA"", ""region"": ""MAZOWIECKIE"", ""country"": ""PL"", ""postal_code"": ""03-574""}",52.26811,21.06277,LEASE,,,Diesel,Automatic,FWD
240840,Qubo L Icon,Fiat Qubo L Icon · Leasing B2B · PLOCK · Sprawdź ofertę!,https://salon.fiat.pl/oferta/240840,https://cdn.fcapoland.pl/uploads/00/240840/02f22f1358592b4556527173f5f1bbcf.jpg,Fiat,Qubo L,2026,0,KM,Hatchback,Lakier metalizowany Czarny Cinema,New,116900 PLN,PLN,"{""addr1"": ""UL. BIELSKA 55"", ""city"": ""PLOCK"", ""region"": ""MAZOWIECKIE"", ""country"": ""PL"", ""postal_code"": ""09-400""}",52.55506,19.69753,LEASE,,,Diesel,Automatic,FWD
240836,Qubo L Icon,Fiat Qubo L Icon · Leasing B2B · WARSZAWA · Sprawdź ofertę!,https://salon.fiat.pl/oferta/240836,https://cdn.fcapoland.pl/uploads/00/240836/805d690fca591736c4b62e7f49928607.jpg,Fiat,Qubo L,2026,0,KM,Hatchback,Lakier metalizowany Czarny Cinema,New,114500 PLN,PLN,"{""addr1"": ""UL. POLCZYNSKA 33"", ""city"": ""WARSZAWA"", ""region"": ""MAZOWIECKIE"", ""country"": ""PL"", ""postal_code"": ""01-377""}",52.218745,20.914414,LEASE,,,Diesel,Automatic,FWD
240824,Qubo L Icon,Fiat Qubo L Icon · Leasing B2B · WARSZAWA · Sprawdź ofertę!,https://salon.fiat.pl/oferta/240824,https://cdn.fcapoland.pl/uploads/00/240824/cd76ec2e04e5279ab0267507d4f9a199.jpg,Fiat,Qubo L,2026,0,KM,Hatchback,Lakier metalizowany Zielony Foresta,New,115800 PLN,PLN,"{""addr1"": ""UL. RADZYMIŃSKA 112"", ""city"": ""WARSZAWA"", ""region"": ""MAZOWIECKIE"", ""country"": ""PL"", ""postal_code"": ""03-574""}",52.26811,21.06277,LEASE,,,Diesel,Automatic,FWD
240733,500 La Prima,Fiat 500 La Prima · Leasing B2B · BIELSKO-BIAŁA · Sprawdź ofertę!,https://salon.fiat.pl/oferta/240733,https://cdn.fcapoland.pl/uploads/00/240733/a3cf0fd7164883c06b77bb45f191255e.jpg,Fiat,500,2026,0,KM,Hatchback,Lakier pastelowy Biały Ice,New,102850 PLN,PLN,"{""addr1"": ""UL. WARSZAWSKA 158"", ""city"": ""BIELSKO-BIAŁA"", ""region"": ""ŚLĄSKIE"", ""country"": ""PL"", ""postal_code"": ""43-300""}",49.84307,19.03564,LEASE,,,Hybrid,Manual,FWD
240724,Grande Panda La Prima · od 689 PLN/mies.,Fiat Grande Panda La Prima · Rata od 689 PLN netto/mies. · Leasing B2B · NOWY TARG · Sprawdź ofertę!,https://salon.fiat.pl/oferta/240724,https://cdn.fcapoland.pl/uploads/00/240724/6fc85a5786e9cf535e95a9b54c28ef77.jpg,Fiat,Grande Panda,2026,0,KM,Hatchback,Lakier metalizowany Żółty Limone,New,80367 PLN,PLN,"{""addr1"": ""UL. KRAKOWSKA 3"", ""city"": ""NOWY TARG"", ""region"": ""MAŁOPOLSKIE"", ""country"": ""PL"", ""postal_code"": ""34-400""}",49.45445,20.01966,LEASE,689 PLN,per month,Gasoline,Manual,FWD
240722,Grande Panda La Prima · od 714 PLN/mies.,Fiat Grande Panda La Prima · Rata od 714 PLN netto/mies. · Leasing B2B · KRAKOW · Sprawdź ofertę!,https://salon.fiat.pl/oferta/240722,https://cdn.fcapoland.pl/uploads/00/240722/1_render.jpg,Fiat,Grande Panda,2026,0,KM,Hatchback,Lakier metalizowany Brazowy Luna,New,95720 PLN,PLN,"{""addr1"": ""UL. RADZIKOWSKIEGO 160"", ""city"": ""KRAKOW"", ""region"": ""MAŁOPOLSKIE"", ""country"": ""PL"", ""postal_code"": ""31-342""}",50.088212,19.888814,LEASE,714 PLN,per month,Hybrid,Automatic,FWD
240718,Grande Panda Icon · od 691 PLN/mies.,Fiat Grande Panda Icon · Rata od 691 PLN netto/mies. · Leasing B2B · ŻORY · Sprawdź ofertę!,https://salon.fiat.pl/oferta/240718,https://cdn.fcapoland.pl/uploads/00/240718/b2a1fa3107f968fe6e0b37fc5b87fe05.jpg,Fiat,Grande Panda,2026,0,KM,Hatchback,Lakier metalizowany Żółty Limone,New,80484 PLN,PLN,"{""addr1"": ""UL. KOŚCIUSZKI 79"", ""city"": ""ŻORY"", ""region"": ""ŚLĄSKIE"", ""country"": ""PL"", ""postal_code"": ""44-240""}",50.03099,18.70503,LEASE,691 PLN,per month,Gasoline,Manual,FWD
240716,Grande Panda Icon · od 692 PLN/mies.,Fiat Grande Panda Icon · Rata od 692 PLN netto/mies. · Leasing B2B · ŻORY · Sprawdź ofertę!,https://salon.fiat.pl/oferta/240716,https://cdn.fcapoland.pl/uploads/00/240716/b8f3d6f82eff79225179e0aa316cd70b.jpg,Fiat,Grande Panda,2026,0,KM,Hatchback,Lakier metalizowany Żółty Limone,New,80546 PLN,PLN,"{""addr1"": ""UL. KOŚCIUSZKI 79"", ""city"": ""ŻORY"", ""region"": ""ŚLĄSKIE"", ""country"": ""PL"", ""postal_code"": ""44-240""}",50.03099,18.70503,LEASE,692 PLN,per month,Gasoline,Manual,FWD
240714,Grande Panda La Prima · od 750 PLN/mies.,Fiat Grande Panda La Prima · Rata od 750 PLN netto/mies. · Leasing B2B · RYBNIK · Sprawdź ofertę!,https://salon.fiat.pl/oferta/240714,https://cdn.fcapoland.pl/uploads/00/240714/1_render.jpg,Fiat,Grande Panda,2026,0,KM,Hatchback,Lakier metalizowany Lazurowy Acqua,New,87097 PLN,PLN,"{""addr1"": ""UL. ZORSKA 75"", ""city"": ""RYBNIK"", ""region"": ""ŚLĄSKIE"", ""country"": ""PL"", ""postal_code"": ""44-203""}",50.09212,18.57415,LEASE,750 PLN,per month,Gasoline,Manual,FWD
240713,Grande Panda La Prima · od 711 PLN/mies.,Fiat Grande Panda La Prima · Rata od 711 PLN netto/mies. · Leasing B2B · NOWY TARG · Sprawdź ofertę!,https://salon.fiat.pl/oferta/240713,https://cdn.fcapoland.pl/uploads/00/240713/33a583ec16299115d3c65dac75d7600c.jpg,Fiat,Grande Panda,2026,0,KM,Hatchback,Lakier metalizowany Czarny Cinema,New,83037 PLN,PLN,"{""addr1"": ""UL. KRAKOWSKA 3"", ""city"": ""NOWY TARG"", ""region"": ""MAŁOPOLSKIE"", ""country"": ""PL"", ""postal_code"": ""34-400""}",49.45445,20.01966,LEASE,711 PLN,per month,Gasoline,Manual,FWD
240711,Grande Panda Icon · od 646 PLN/mies.,Fiat Grande Panda Icon · Rata od 646 PLN netto/mies. · Leasing B2B · RZESZOW · Sprawdź ofertę!,https://salon.fiat.pl/oferta/240711,https://cdn.fcapoland.pl/uploads/00/240711/27f3b3f10ed3b7fc083a65a9ac2db7b1.jpg,Fiat,Grande Panda,2026,0,KM,Hatchback,Lakier pastelowy Red by (RED),New,84900 PLN,PLN,"{""addr1"": ""UL. WARSZAWSKA 135"", ""city"": ""RZESZOW"", ""region"": ""PODKARPACKIE"", ""country"": ""PL"", ""postal_code"": ""35-205""}",50.081623,21.984324,LEASE,646 PLN,per month,Hybrid,Automatic,FWD
240707,Qubo L La Prima,Fiat Qubo L La Prima · Leasing B2B · POZNAN · Sprawdź ofertę!,https://salon.fiat.pl/oferta/240707,https://cdn.fcapoland.pl/uploads/00/240707/ff3132f6dec25487f84e111265039321.jpg,Fiat,Qubo L,2026,0,KM,Hatchback,Lakier metalizowany Zielony Foresta,New,119900 PLN,PLN,"{""addr1"": ""UL. GORZYSLAWA 9"", ""city"": ""POZNAN"", ""region"": ""WIELKOPOLSKIE"", ""country"": ""PL"", ""postal_code"": ""61-057""}",52.408466,17.029606,LEASE,,,Diesel,Automatic,FWD
240706,Qubo L La Prima,Fiat Qubo L La Prima · Leasing B2B · NOWY TARG · Sprawdź ofertę!,https://salon.fiat.pl/oferta/240706,https://cdn.fcapoland.pl/uploads/00/240706/009681eb225e68bf71538dabef458154.jpg,Fiat,Qubo L,2026,0,KM,Hatchback,Lakier metalizowany Zielony Foresta,New,121396 PLN,PLN,"{""addr1"": ""UL. KRAKOWSKA 3"", ""city"": ""NOWY TARG"", ""region"": ""MAŁOPOLSKIE"", ""country"": ""PL"", ""postal_code"": ""34-400""}",49.45445,20.01966,LEASE,,,Diesel,Automatic,FWD
240703,Qubo L La Prima,Fiat Qubo L La Prima · Leasing B2B · ŁÓDŹ · Sprawdź ofertę!,https://salon.fiat.pl/oferta/240703,https://cdn.fcapoland.pl/uploads/00/240703/f17717dfe1b473ff88db8f336b214b54.jpg,Fiat,Qubo L,2026,0,KM,Hatchback,Lakier metalizowany Niebieski Riviera,New,114930 PLN,PLN,"{""addr1"": ""UL.PABIANICKA 94/96"", ""city"": ""ŁÓDŹ"", ""region"": ""ŁÓDZKIE"", ""country"": ""PL"", ""postal_code"": ""93-548""}",51.72592,19.44758,LEASE,,,Diesel,Manual,FWD
240702,Qubo L La Prima,Fiat Qubo L La Prima · Leasing B2B · RZESZOW · Sprawdź ofertę!,https://salon.fiat.pl/oferta/240702,https://cdn.fcapoland.pl/uploads/00/240702/4ad84d6649f65eb06109b40dc7527dd1.jpg,Fiat,Qubo L,2026,0,KM,Hatchback,Lakier pastelowy Red by (RED),New,119900 PLN,PLN,"{""addr1"": ""UL. WARSZAWSKA 135"", ""city"": ""RZESZOW"", ""region"": ""PODKARPACKIE"", ""country"": ""PL"", ""postal_code"": ""35-205""}",50.081623,21.984324,LEASE,,,Diesel,Automatic,FWD
240701,Qubo L La Prima,Fiat Qubo L La Prima · Leasing B2B · WARSZAWA · Sprawdź ofertę!,https://salon.fiat.pl/oferta/240701,https://cdn.fcapoland.pl/uploads/00/240701/0f17a07a7d8f2ccde87c47e723674d2a.jpg,Fiat,Qubo L,2026,0,KM,Hatchback,Lakier metalizowany Niebieski Riviera,New,118300 PLN,PLN,"{""addr1"": ""UL. POLCZYNSKA 33"", ""city"": ""WARSZAWA"", ""region"": ""MAZOWIECKIE"", ""country"": ""PL"", ""postal_code"": ""01-377""}",52.218745,20.914414,LEASE,,,Diesel,Automatic,FWD
240700,Qubo L La Prima,Fiat Qubo L La Prima · Leasing B2B · WROCLAW · Sprawdź ofertę!,https://salon.fiat.pl/oferta/240700,https://cdn.fcapoland.pl/uploads/00/240700/1_render.jpg,Fiat,Qubo L,2026,0,KM,Hatchback,Lakier metalizowany Czarny Cinema,New,121896 PLN,PLN,"{""addr1"": ""UL. KARKONOSKA 45"", ""city"": ""WROCLAW"", ""region"": ""DOLNOŚLĄSKIE"", ""country"": ""PL"", ""postal_code"": ""53-015""}",51.063822,17.000133,LEASE,,,Diesel,Automatic,FWD
240698,Qubo L La Prima,Fiat Qubo L La Prima · Leasing B2B · NOWY TARG · Sprawdź ofertę!,https://salon.fiat.pl/oferta/240698,https://cdn.fcapoland.pl/uploads/00/240698/974a32cfaa3ac653bab7057f9ac93ae9.jpg,Fiat,Qubo L,2026,0,KM,Hatchback,Lakier metalizowany Czarny Cinema,New,121396 PLN,PLN,"{""addr1"": ""UL. KRAKOWSKA 3"", ""city"": ""NOWY TARG"", ""region"": ""MAŁOPOLSKIE"", ""country"": ""PL"", ""postal_code"": ""34-400""}",49.45445,20.01966,LEASE,,,Diesel,Automatic,FWD
240615,Qubo L Icon,Fiat Qubo L Icon · Leasing B2B · LUBLIN · Sprawdź ofertę!,https://salon.fiat.pl/oferta/240615,https://cdn.fcapoland.pl/uploads/00/240615/1_render.jpg,Fiat,Qubo L,2026,0,KM,Hatchback,Lakier pastelowy Biały Gelato,New,96500 PLN,PLN,"{""addr1"": ""UL MEŁGIEWSKA 10"", ""city"": ""LUBLIN"", ""region"": ""LUBELSKIE"", ""country"": ""PL"", ""postal_code"": ""20-209""}",51.24833,22.60831,LEASE,,,Diesel,Manual,FWD
240581,Grande Panda La Prima · od 701 PLN/mies.,Fiat Grande Panda La Prima · Rata od 701 PLN netto/mies. · Leasing B2B · POZNAN · Sprawdź ofertę!,https://salon.fiat.pl/oferta/240581,https://cdn.fcapoland.pl/uploads/00/240581/e91bfbb72da5fa7ec6ee92ae064dbf4f.jpg,Fiat,Grande Panda,2026,0,KM,Hatchback,Lakier pastelowy Red by (RED),New,93920 PLN,PLN,"{""addr1"": ""UL. GORZYSLAWA 9"", ""city"": ""POZNAN"", ""region"": ""WIELKOPOLSKIE"", ""country"": ""PL"", ""postal_code"": ""61-057""}",52.408466,17.029606,LEASE,701 PLN,per month,Hybrid,Automatic,FWD
240572,Qubo L La Prima,Fiat Qubo L La Prima · Leasing B2B · BIELSKO-BIAŁA · Sprawdź ofertę!,https://salon.fiat.pl/oferta/240572,https://cdn.fcapoland.pl/uploads/00/240572/3ff05a087b2a49d7bff9c46975bdeae1.jpg,Fiat,Qubo L,2026,0,KM,Hatchback,Lakier metalizowany Zielony Foresta,New,121335 PLN,PLN,"{""addr1"": ""UL. WARSZAWSKA 158"", ""city"": ""BIELSKO-BIAŁA"", ""region"": ""ŚLĄSKIE"", ""country"": ""PL"", ""postal_code"": ""43-300""}",49.84307,19.03564,LEASE,,,Diesel,Automatic,FWD
240569,Qubo L La Prima,Fiat Qubo L La Prima · Leasing B2B · BIALYSTOK · Sprawdź ofertę!,https://salon.fiat.pl/oferta/240569,https://cdn.fcapoland.pl/uploads/00/240569/1_render.jpg,Fiat,Qubo L,2026,0,KM,Hatchback,Lakier metalizowany Zielony Foresta,New,121396 PLN,PLN,"{""addr1"": ""UL. GEN. WLADYSLAWA ANDERSA 71"", ""city"": ""BIALYSTOK"", ""region"": ""PODLASKIE"", ""country"": ""PL"", ""postal_code"": ""15-113""}",53.1563,23.1446,LEASE,,,Diesel,Automatic,FWD
240568,Qubo L La Prima,Fiat Qubo L La Prima · Leasing B2B · GREBOW · Sprawdź ofertę!,https://salon.fiat.pl/oferta/240568,https://cdn.fcapoland.pl/uploads/00/240568/1_render.jpg,Fiat,Qubo L,2026,0,KM,Hatchback,Lakier metalizowany Zielony Foresta,New,119900 PLN,PLN,"{""addr1"": ""JAMNICA 160"", ""city"": ""GREBOW"", ""region"": ""PODKARPACKIE"", ""country"": ""PL"", ""postal_code"": ""39-410""}",50.5731,21.94109,LEASE,,,Diesel,Automatic,FWD
240565,Qubo L La Prima,Fiat Qubo L La Prima · Leasing B2B · RYBNIK · Sprawdź ofertę!,https://salon.fiat.pl/oferta/240565,https://cdn.fcapoland.pl/uploads/00/240565/82268f32f34081bb38e1ca89b28df571.jpg,Fiat,Qubo L,2026,0,KM,Hatchback,Lakier metalizowany Czarny Cinema,New,121500 PLN,PLN,"{""addr1"": ""UL. ZORSKA 75"", ""city"": ""RYBNIK"", ""region"": ""ŚLĄSKIE"", ""country"": ""PL"", ""postal_code"": ""44-203""}",50.09212,18.57415,LEASE,,,Diesel,Automatic,FWD
240563,Qubo L La Prima,Fiat Qubo L La Prima · Leasing B2B · POZNAN · Sprawdź ofertę!,https://salon.fiat.pl/oferta/240563,https://cdn.fcapoland.pl/uploads/00/240563/fe57d730d7f8e66328d48f59181b029b.jpg,Fiat,Qubo L,2026,0,KM,Hatchback,Lakier metalizowany Czarny Cinema,New,119900 PLN,PLN,"{""addr1"": ""UL. GORZYSLAWA 9"", ""city"": ""POZNAN"", ""region"": ""WIELKOPOLSKIE"", ""country"": ""PL"", ""postal_code"": ""61-057""}",52.408466,17.029606,LEASE,,,Diesel,Automatic,FWD
240560,Qubo L La Prima,Fiat Qubo L La Prima · Leasing B2B · BIALYSTOK · Sprawdź ofertę!,https://salon.fiat.pl/oferta/240560,https://cdn.fcapoland.pl/uploads/00/240560/1_render.jpg,Fiat,Qubo L,2026,0,KM,Hatchback,Lakier metalizowany Zielony Foresta,New,136400 PLN,PLN,"{""addr1"": ""UL. GEN. WLADYSLAWA ANDERSA 71"", ""city"": ""BIALYSTOK"", ""region"": ""PODLASKIE"", ""country"": ""PL"", ""postal_code"": ""15-113""}",53.1563,23.1446,LEASE,,,Diesel,Automatic,FWD
240535,Grande Panda La Prima · od 711 PLN/mies.,Fiat Grande Panda La Prima · Rata od 711 PLN netto/mies. · Leasing B2B · NOWY TARG · Sprawdź ofertę!,https://salon.fiat.pl/oferta/240535,https://cdn.fcapoland.pl/uploads/00/240535/c64beb67044c8b61142dd2cca503307b.jpg,Fiat,Grande Panda,2026,0,KM,Hatchback,Lakier metalizowany Brazowy Luna,New,83037 PLN,PLN,"{""addr1"": ""UL. KRAKOWSKA 3"", ""city"": ""NOWY TARG"", ""region"": ""MAŁOPOLSKIE"", ""country"": ""PL"", ""postal_code"": ""34-400""}",49.45445,20.01966,LEASE,711 PLN,per month,Gasoline,Manual,FWD
240533,Grande Panda La Prima · od 665 PLN/mies.,Fiat Grande Panda La Prima · Rata od 665 PLN netto/mies. · Leasing B2B · LUBLIN · Sprawdź ofertę!,https://salon.fiat.pl/oferta/240533,https://cdn.fcapoland.pl/uploads/00/240533/d413b75d13554c4b2f2cee12582b8549.jpg,Fiat,Grande Panda,2026,0,KM,Hatchback,Lakier metalizowany Niebieski Lago,New,91800 PLN,PLN,"{""addr1"": ""UL MEŁGIEWSKA 10"", ""city"": ""LUBLIN"", ""region"": ""LUBELSKIE"", ""country"": ""PL"", ""postal_code"": ""20-209""}",51.24833,22.60831,LEASE,665 PLN,per month,Hybrid,Automatic,FWD
240529,Grande Panda La Prima · od 663 PLN/mies.,Fiat Grande Panda La Prima · Rata od 663 PLN netto/mies. · Leasing B2B · LUBLIN · Sprawdź ofertę!,https://salon.fiat.pl/oferta/240529,https://cdn.fcapoland.pl/uploads/00/240529/ddff38a33c3a405686046b2cf71912c4.jpg,Fiat,Grande Panda,2026,0,KM,Hatchback,Lakier pastelowy Biały Gelato,New,91400 PLN,PLN,"{""addr1"": ""UL MEŁGIEWSKA 10"", ""city"": ""LUBLIN"", ""region"": ""LUBELSKIE"", ""country"": ""PL"", ""postal_code"": ""20-209""}",51.24833,22.60831,LEASE,663 PLN,per month,Hybrid,Automatic,FWD
240526,Grande Panda Icon · od 691 PLN/mies.,Fiat Grande Panda Icon · Rata od 691 PLN netto/mies. · Leasing B2B · OLSZTYN · Sprawdź ofertę!,https://salon.fiat.pl/oferta/240526,https://cdn.fcapoland.pl/uploads/00/240526/1_render.jpg,Fiat,Grande Panda,2026,0,KM,Hatchback,Lakier pastelowy Red by (RED),New,77688 PLN,PLN,"{""addr1"": ""AL. OBRONCOW TOBRUKU 5"", ""city"": ""OLSZTYN"", ""region"": ""WARMIŃSKO-MAZURSKIE"", ""country"": ""PL"", ""postal_code"": ""10-092""}",53.764244,20.481829,LEASE,691 PLN,per month,Gasoline,Manual,FWD
240438,Grande Panda La Prima · od 677 PLN/mies.,Fiat Grande Panda La Prima · Rata od 677 PLN netto/mies. · Leasing B2B · LUBLIN · Sprawdź ofertę!,https://salon.fiat.pl/oferta/240438,https://cdn.fcapoland.pl/uploads/00/240438/4708f1798b628b77d7240f1c7a2e669f.jpg,Fiat,Grande Panda,2026,0,KM,Hatchback,Lakier metalizowany Brazowy Luna,New,93500 PLN,PLN,"{""addr1"": ""UL MEŁGIEWSKA 10"", ""city"": ""LUBLIN"", ""region"": ""LUBELSKIE"", ""country"": ""PL"", ""postal_code"": ""20-209""}",51.24833,22.60831,LEASE,677 PLN,per month,Hybrid,Automatic,FWD
240436,Grande Panda La Prima · od 711 PLN/mies.,Fiat Grande Panda La Prima · Rata od 711 PLN netto/mies. · Leasing B2B · NOWY TARG · Sprawdź ofertę!,https://salon.fiat.pl/oferta/240436,https://cdn.fcapoland.pl/uploads/00/240436/1cd92747dfd87345dc3f4183dfd5fd88.jpg,Fiat,Grande Panda,2026,0,KM,Hatchback,Lakier metalizowany Czarny Cinema,New,83037 PLN,PLN,"{""addr1"": ""UL. KRAKOWSKA 3"", ""city"": ""NOWY TARG"", ""region"": ""MAŁOPOLSKIE"", ""country"": ""PL"", ""postal_code"": ""34-400""}",49.45445,20.01966,LEASE,711 PLN,per month,Gasoline,Manual,FWD
240433,Grande Panda Icon · od 615 PLN/mies.,Fiat Grande Panda Icon · Rata od 615 PLN netto/mies. · Leasing B2B · WROCLAW · Sprawdź ofertę!,https://salon.fiat.pl/oferta/240433,https://cdn.fcapoland.pl/uploads/00/240433/1_render.jpg,Fiat,Grande Panda,2026,0,KM,Hatchback,Lakier metalizowany Czarny Cinema,New,82220 PLN,PLN,"{""addr1"": ""UL. KARKONOSKA 45"", ""city"": ""WROCLAW"", ""region"": ""DOLNOŚLĄSKIE"", ""country"": ""PL"", ""postal_code"": ""53-015""}",51.063822,17.000133,LEASE,615 PLN,per month,Hybrid,Automatic,FWD
240432,Grande Panda La Prima · od 750 PLN/mies.,Fiat Grande Panda La Prima · Rata od 750 PLN netto/mies. · Leasing B2B · RYBNIK · Sprawdź ofertę!,https://salon.fiat.pl/oferta/240432,https://cdn.fcapoland.pl/uploads/00/240432/965a60655ab16382c966c7f7cd59817f.jpg,Fiat,Grande Panda,2026,0,KM,Hatchback,Lakier metalizowany Czarny Cinema,New,87097 PLN,PLN,"{""addr1"": ""UL. ZORSKA 75"", ""city"": ""RYBNIK"", ""region"": ""ŚLĄSKIE"", ""country"": ""PL"", ""postal_code"": ""44-203""}",50.09212,18.57415,LEASE,750 PLN,per month,Gasoline,Manual,FWD
240424,Grande Panda Icon · od 671 PLN/mies.,Fiat Grande Panda Icon · Rata od 671 PLN netto/mies. · Leasing B2B · WARSZAWA · Sprawdź ofertę!,https://salon.fiat.pl/oferta/240424,https://cdn.fcapoland.pl/uploads/00/240424/1_render.jpg,Fiat,Grande Panda,2026,0,KM,Hatchback,Lakier metalizowany Niebieski Lago,New,87900 PLN,PLN,"{""addr1"": ""UL. RADZYMIŃSKA 112"", ""city"": ""WARSZAWA"", ""region"": ""MAZOWIECKIE"", ""country"": ""PL"", ""postal_code"": ""03-574""}",52.26811,21.06277,LEASE,671 PLN,per month,Hybrid,Automatic,FWD
240417,Grande Panda Icon · od 1148 PLN/mies.,Fiat Grande Panda Icon · Rata od 1148 PLN netto/mies. · Leasing B2B · RZESZOW · Sprawdź ofertę!,https://salon.fiat.pl/oferta/240417,https://cdn.fcapoland.pl/uploads/00/240417/3d6080d14f30d9a9aabe27b12d5080b7.jpg,Fiat,Grande Panda,2026,0,KM,Hatchback,Lakier pastelowy Red by (RED),New,82900 PLN,PLN,"{""addr1"": ""UL. WARSZAWSKA 135"", ""city"": ""RZESZOW"", ""region"": ""PODKARPACKIE"", ""country"": ""PL"", ""postal_code"": ""35-205""}",50.081623,21.984324,LEASE,1148 PLN,per month,Hybrid,Automatic,FWD
240392,Qubo L Icon,Fiat Qubo L Icon · Leasing B2B · GREBOW · Sprawdź ofertę!,https://salon.fiat.pl/oferta/240392,https://cdn.fcapoland.pl/uploads/00/240392/1_render.jpg,Fiat,Qubo L,2026,0,KM,Hatchback,Lakier metalizowany Niebieski Riviera,New,109990 PLN,PLN,"{""addr1"": ""JAMNICA 160"", ""city"": ""GREBOW"", ""region"": ""PODKARPACKIE"", ""country"": ""PL"", ""postal_code"": ""39-410""}",50.5731,21.94109,LEASE,,,Diesel,Automatic,FWD
240391,Qubo L Icon,Fiat Qubo L Icon · Leasing B2B · CZESTOCHOWA · Sprawdź ofertę!,https://salon.fiat.pl/oferta/240391,https://cdn.fcapoland.pl/uploads/00/240391/1_render.jpg,Fiat,Qubo L,2026,0,KM,Hatchback,Lakier metalizowany Niebieski Riviera,New,102800 PLN,PLN,"{""addr1"": ""UL. BUGAJSKA 6/8"", ""city"": ""CZESTOCHOWA"", ""region"": ""ŚLĄSKIE"", ""country"": ""PL"", ""postal_code"": ""42-200""}",50.766723,19.165467,LEASE,,,Diesel,Manual,FWD
240389,Qubo L La Prima,Fiat Qubo L La Prima · Leasing B2B · NOWY TARG · Sprawdź ofertę!,https://salon.fiat.pl/oferta/240389,https://cdn.fcapoland.pl/uploads/00/240389/bfd044aa40863d2b5d60a737f919ad25.jpg,Fiat,Qubo L,2026,0,KM,Hatchback,Lakier metalizowany Zielony Foresta,New,121396 PLN,PLN,"{""addr1"": ""UL. KRAKOWSKA 3"", ""city"": ""NOWY TARG"", ""region"": ""MAŁOPOLSKIE"", ""country"": ""PL"", ""postal_code"": ""34-400""}",49.45445,20.01966,LEASE,,,Diesel,Automatic,FWD
240386,Qubo L La Prima,Fiat Qubo L La Prima · Leasing B2B · NOWY TARG · Sprawdź ofertę!,https://salon.fiat.pl/oferta/240386,https://cdn.fcapoland.pl/uploads/00/240386/cdaa6fdada42e8603eb70c6265711571.jpg,Fiat,Qubo L,2026,0,KM,Hatchback,Lakier metalizowany Czarny Cinema,New,121396 PLN,PLN,"{""addr1"": ""UL. KRAKOWSKA 3"", ""city"": ""NOWY TARG"", ""region"": ""MAŁOPOLSKIE"", ""country"": ""PL"", ""postal_code"": ""34-400""}",49.45445,20.01966,LEASE,,,Diesel,Automatic,FWD
240385,Qubo L La Prima,Fiat Qubo L La Prima · Leasing B2B · NOWY TARG · Sprawdź ofertę!,https://salon.fiat.pl/oferta/240385,https://cdn.fcapoland.pl/uploads/00/240385/4e812bcc8c655f5d76a0446e0d0ced5d.jpg,Fiat,Qubo L,2026,0,KM,Hatchback,Lakier metalizowany Czarny Cinema,New,121396 PLN,PLN,"{""addr1"": ""UL. KRAKOWSKA 3"", ""city"": ""NOWY TARG"", ""region"": ""MAŁOPOLSKIE"", ""country"": ""PL"", ""postal_code"": ""34-400""}",49.45445,20.01966,LEASE,,,Diesel,Automatic,FWD
240384,Qubo L La Prima,Fiat Qubo L La Prima · Leasing B2B · KATOWICE · Sprawdź ofertę!,https://salon.fiat.pl/oferta/240384,https://cdn.fcapoland.pl/uploads/00/240384/96c3d68232f0487fd018940c29f7fd78.jpg,Fiat,Qubo L,2026,0,KM,Hatchback,Lakier metalizowany Czarny Cinema,New,121200 PLN,PLN,"{""addr1"": ""UL. KOSCIUSZKI 261"", ""city"": ""KATOWICE"", ""region"": ""ŚLĄSKIE"", ""country"": ""PL"", ""postal_code"": ""40-690""}",50.209822,18.965429,LEASE,,,Diesel,Automatic,FWD
240353,Qubo L La Prima,Fiat Qubo L La Prima · Leasing B2B · RZESZOW · Sprawdź ofertę!,https://salon.fiat.pl/oferta/240353,https://cdn.fcapoland.pl/uploads/00/240353/30d46b5190e0f17abd4dc9977447ecb2.jpg,Fiat,Qubo L,2026,0,KM,Hatchback,Lakier pastelowy Biały Gelato,New,115900 PLN,PLN,"{""addr1"": ""UL. WARSZAWSKA 135"", ""city"": ""RZESZOW"", ""region"": ""PODKARPACKIE"", ""country"": ""PL"", ""postal_code"": ""35-205""}",50.081623,21.984324,LEASE,,,Diesel,Automatic,FWD
240331,Grande Panda Icon · od 711 PLN/mies.,Fiat Grande Panda Icon · Rata od 711 PLN netto/mies. · Leasing B2B · OLSZTYN · Sprawdź ofertę!,https://salon.fiat.pl/oferta/240331,https://cdn.fcapoland.pl/uploads/00/240331/1_render.jpg,Fiat,Grande Panda,2026,0,KM,Hatchback,Lakier pastelowy Biały Gelato,New,79988 PLN,PLN,"{""addr1"": ""AL. OBRONCOW TOBRUKU 5"", ""city"": ""OLSZTYN"", ""region"": ""WARMIŃSKO-MAZURSKIE"", ""country"": ""PL"", ""postal_code"": ""10-092""}",53.764244,20.481829,LEASE,711 PLN,per month,Gasoline,Manual,FWD
240323,Grande Panda La Prima · od 689 PLN/mies.,Fiat Grande Panda La Prima · Rata od 689 PLN netto/mies. · Leasing B2B · NOWY TARG · Sprawdź ofertę!,https://salon.fiat.pl/oferta/240323,https://cdn.fcapoland.pl/uploads/00/240323/055c7bfa04d0666188246d78c0e17068.jpg,Fiat,Grande Panda,2026,0,KM,Hatchback,Lakier metalizowany Żółty Limone,New,80367 PLN,PLN,"{""addr1"": ""UL. KRAKOWSKA 3"", ""city"": ""NOWY TARG"", ""region"": ""MAŁOPOLSKIE"", ""country"": ""PL"", ""postal_code"": ""34-400""}",49.45445,20.01966,LEASE,689 PLN,per month,Gasoline,Manual,FWD
240322,Grande Panda Icon · od 668 PLN/mies.,Fiat Grande Panda Icon · Rata od 668 PLN netto/mies. · Leasing B2B · ŁÓDŹ · Sprawdź ofertę!,https://salon.fiat.pl/oferta/240322,https://cdn.fcapoland.pl/uploads/00/240322/615104bbfea7ca9967a8f8d49438cc4a.jpg,Fiat,Grande Panda,2026,0,KM,Hatchback,Lakier metalizowany Czarny Cinema,New,78000 PLN,PLN,"{""addr1"": ""UL. SZPARAGOWA 4"", ""city"": ""ŁÓDŹ"", ""region"": ""ŁÓDZKIE"", ""country"": ""PL"", ""postal_code"": ""91-211""}",51.8027,19.37677,LEASE,668 PLN,per month,Gasoline,Manual,FWD
240316,Grande Panda La Prima · od 1111 PLN/mies.,Fiat Grande Panda La Prima · Rata od 1111 PLN netto/mies. · Leasing B2B · NOWY TARG · Sprawdź ofertę!,https://salon.fiat.pl/oferta/240316,https://cdn.fcapoland.pl/uploads/00/240316/659e40843933b81c601e88467ab28e56.jpg,Fiat,Grande Panda,2026,0,KM,Hatchback,Lakier pastelowy Red by (RED),New,80200 PLN,PLN,"{""addr1"": ""UL. KRAKOWSKA 3"", ""city"": ""NOWY TARG"", ""region"": ""MAŁOPOLSKIE"", ""country"": ""PL"", ""postal_code"": ""34-400""}",49.45445,20.01966,LEASE,1111 PLN,per month,Gasoline,Manual,FWD
240315,Grande Panda La Prima · od 711 PLN/mies.,Fiat Grande Panda La Prima · Rata od 711 PLN netto/mies. · Leasing B2B · NOWY TARG · Sprawdź ofertę!,https://salon.fiat.pl/oferta/240315,https://cdn.fcapoland.pl/uploads/00/240315/83994bcf0223e892d08f17693ce48642.jpg,Fiat,Grande Panda,2026,0,KM,Hatchback,Lakier metalizowany Czarny Cinema,New,83037 PLN,PLN,"{""addr1"": ""UL. KRAKOWSKA 3"", ""city"": ""NOWY TARG"", ""region"": ""MAŁOPOLSKIE"", ""country"": ""PL"", ""postal_code"": ""34-400""}",49.45445,20.01966,LEASE,711 PLN,per month,Gasoline,Manual,FWD
240312,Grande Panda Icon · od 661 PLN/mies.,Fiat Grande Panda Icon · Rata od 661 PLN netto/mies. · Leasing B2B · SZCZECIN · Sprawdź ofertę!,https://salon.fiat.pl/oferta/240312,https://cdn.fcapoland.pl/uploads/00/240312/d70b7bee7a3ac68dfd1bb56413b19933.jpg,Fiat,Grande Panda,2026,0,KM,Hatchback,Lakier metalizowany Czarny Cinema,New,87314 PLN,PLN,"{""addr1"": ""USTOWO 57"", ""city"": ""SZCZECIN"", ""region"": ""ZACHODNIOPOMORSKIE"", ""country"": ""PL"", ""postal_code"": ""71-001""}",53.38756,14.498444,LEASE,661 PLN,per month,Hybrid,Automatic,FWD
240302,Grande Panda Icon · od 659 PLN/mies.,Fiat Grande Panda Icon · Rata od 659 PLN netto/mies. · Leasing B2B · RZESZOW · Sprawdź ofertę!,https://salon.fiat.pl/oferta/240302,https://cdn.fcapoland.pl/uploads/00/240302/20aa35e199275bcd30862f0a36a11eb9.jpg,Fiat,Grande Panda,2026,0,KM,Hatchback,Lakier pastelowy Biały Gelato,New,86900 PLN,PLN,"{""addr1"": ""UL. WARSZAWSKA 135"", ""city"": ""RZESZOW"", ""region"": ""PODKARPACKIE"", ""country"": ""PL"", ""postal_code"": ""35-205""}",50.081623,21.984324,LEASE,659 PLN,per month,Hybrid,Automatic,FWD
240301,Grande Panda Icon · od 677 PLN/mies.,Fiat Grande Panda Icon · Rata od 677 PLN netto/mies. · Leasing B2B · OLSZTYN · Sprawdź ofertę!,https://salon.fiat.pl/oferta/240301,https://cdn.fcapoland.pl/uploads/00/240301/1_render.jpg,Fiat,Grande Panda,2026,0,KM,Hatchback,Lakier metalizowany Brazowy Luna,New,88268 PLN,PLN,"{""addr1"": ""AL. OBRONCOW TOBRUKU 5"", ""city"": ""OLSZTYN"", ""region"": ""WARMIŃSKO-MAZURSKIE"", ""country"": ""PL"", ""postal_code"": ""10-092""}",53.764244,20.481829,LEASE,677 PLN,per month,Hybrid,Automatic,FWD
240300,Grande Panda La Prima · od 711 PLN/mies.,Fiat Grande Panda La Prima · Rata od 711 PLN netto/mies. · Leasing B2B · NOWY TARG · Sprawdź ofertę!,https://salon.fiat.pl/oferta/240300,https://cdn.fcapoland.pl/uploads/00/240300/94487e7dc531ddf079d6110741dfaee3.jpg,Fiat,Grande Panda,2026,0,KM,Hatchback,Lakier metalizowany Brazowy Luna,New,83037 PLN,PLN,"{""addr1"": ""UL. KRAKOWSKA 3"", ""city"": ""NOWY TARG"", ""region"": ""MAŁOPOLSKIE"", ""country"": ""PL"", ""postal_code"": ""34-400""}",49.45445,20.01966,LEASE,711 PLN,per month,Gasoline,Manual,FWD
240281,Qubo L Icon,Fiat Qubo L Icon · Leasing B2B · ŁÓDŹ · Sprawdź ofertę!,https://salon.fiat.pl/oferta/240281,https://cdn.fcapoland.pl/uploads/00/240281/62ff5ad700947e589344de73ef1b7e83.jpg,Fiat,Qubo L,2026,0,KM,Hatchback,Lakier pastelowy Red by (RED),New,98189 PLN,PLN,"{""addr1"": ""UL.PABIANICKA 94/96"", ""city"": ""ŁÓDŹ"", ""region"": ""ŁÓDZKIE"", ""country"": ""PL"", ""postal_code"": ""93-548""}",51.72592,19.44758,LEASE,,,Diesel,Manual,FWD
240205,Grande Panda Icon · od 701 PLN/mies.,Fiat Grande Panda Icon · Rata od 701 PLN netto/mies. · Leasing B2B · CZESTOCHOWA · Sprawdź ofertę!,https://salon.fiat.pl/oferta/240205,https://cdn.fcapoland.pl/uploads/00/240205/1_render.jpg,Fiat,Grande Panda,2026,0,KM,Hatchback,Lakier metalizowany Żółty Limone,New,80050 PLN,PLN,"{""addr1"": ""UL. BUGAJSKA 6/8"", ""city"": ""CZESTOCHOWA"", ""region"": ""ŚLĄSKIE"", ""country"": ""PL"", ""postal_code"": ""42-200""}",50.766723,19.165467,LEASE,701 PLN,per month,Gasoline,Manual,FWD
240203,Grande Panda Icon · od 645 PLN/mies.,Fiat Grande Panda Icon · Rata od 645 PLN netto/mies. · Leasing B2B · WROCLAW · Sprawdź ofertę!,https://salon.fiat.pl/oferta/240203,https://cdn.fcapoland.pl/uploads/00/240203/1_render.jpg,Fiat,Grande Panda,2026,0,KM,Hatchback,Lakier metalizowany Żółty Limone,New,84036 PLN,PLN,"{""addr1"": ""UL. KARKONOSKA 45"", ""city"": ""WROCLAW"", ""region"": ""DOLNOŚLĄSKIE"", ""country"": ""PL"", ""postal_code"": ""53-015""}",51.063822,17.000133,LEASE,645 PLN,per month,Hybrid,Automatic,FWD
240197,Grande Panda Icon · od 652 PLN/mies.,Fiat Grande Panda Icon · Rata od 652 PLN netto/mies. · Leasing B2B · WROCLAW · Sprawdź ofertę!,https://salon.fiat.pl/oferta/240197,https://cdn.fcapoland.pl/uploads/00/240197/1_render.jpg,Fiat,Grande Panda,2026,0,KM,Hatchback,Lakier metalizowany Niebieski Lago,New,84956 PLN,PLN,"{""addr1"": ""UL. KARKONOSKA 45"", ""city"": ""WROCLAW"", ""region"": ""DOLNOŚLĄSKIE"", ""country"": ""PL"", ""postal_code"": ""53-015""}",51.063822,17.000133,LEASE,652 PLN,per month,Hybrid,Automatic,FWD
240194,Grande Panda La Prima · od 1169 PLN/mies.,Fiat Grande Panda La Prima · Rata od 1169 PLN netto/mies. · Leasing B2B · RYBNIK · Sprawdź ofertę!,https://salon.fiat.pl/oferta/240194,https://cdn.fcapoland.pl/uploads/00/240194/f64076cbcfad5065f0cc76fc5264db48.jpg,Fiat,Grande Panda,2026,0,KM,Hatchback,Lakier metalizowany Brazowy Luna,New,84425 PLN,PLN,"{""addr1"": ""UL. ZORSKA 75"", ""city"": ""RYBNIK"", ""region"": ""ŚLĄSKIE"", ""country"": ""PL"", ""postal_code"": ""44-203""}",50.09212,18.57415,LEASE,1169 PLN,per month,Gasoline,Manual,FWD
240192,Grande Panda La Prima · od 750 PLN/mies.,Fiat Grande Panda La Prima · Rata od 750 PLN netto/mies. · Leasing B2B · RYBNIK · Sprawdź ofertę!,https://salon.fiat.pl/oferta/240192,https://cdn.fcapoland.pl/uploads/00/240192/1_render.jpg,Fiat,Grande Panda,2026,0,KM,Hatchback,Lakier metalizowany Niebieski Lago,New,87097 PLN,PLN,"{""addr1"": ""UL. ZORSKA 75"", ""city"": ""RYBNIK"", ""region"": ""ŚLĄSKIE"", ""country"": ""PL"", ""postal_code"": ""44-203""}",50.09212,18.57415,LEASE,750 PLN,per month,Gasoline,Manual,FWD
240190,Grande Panda Icon · od 677 PLN/mies.,Fiat Grande Panda Icon · Rata od 677 PLN netto/mies. · Leasing B2B · OLSZTYN · Sprawdź ofertę!,https://salon.fiat.pl/oferta/240190,https://cdn.fcapoland.pl/uploads/00/240190/d034476d15aa3bff664899996c975d9a.jpg,Fiat,Grande Panda,2026,0,KM,Hatchback,Lakier metalizowany Brazowy Luna,New,88268 PLN,PLN,"{""addr1"": ""AL. OBRONCOW TOBRUKU 5"", ""city"": ""OLSZTYN"", ""region"": ""WARMIŃSKO-MAZURSKIE"", ""country"": ""PL"", ""postal_code"": ""10-092""}",53.764244,20.481829,LEASE,677 PLN,per month,Hybrid,Automatic,FWD
240169,Pandina Icon,Fiat Pandina Icon · Leasing B2B · POZNAN · Sprawdź ofertę!,https://salon.fiat.pl/oferta/240169,https://cdn.fcapoland.pl/uploads/00/240169/1_render.jpg,Fiat,Pandina,2026,0,KM,Hatchback,Lakier metalizowany Niebieski Italia,New,61396 PLN,PLN,"{""addr1"": ""UL. GORZYSLAWA 9"", ""city"": ""POZNAN"", ""region"": ""WIELKOPOLSKIE"", ""country"": ""PL"", ""postal_code"": ""61-057""}",52.408466,17.029606,LEASE,,,Hybrid,Manual,FWD
240080,500 La Prima,Fiat 500 La Prima · Leasing B2B · SZCZECIN · Sprawdź ofertę!,https://salon.fiat.pl/oferta/240080,https://cdn.fcapoland.pl/uploads/00/240080/ebf44edd54dcdeb651b31e069bc96381.jpg,Fiat,500,2026,0,KM,Hatchback,Lakier pastelowy Biały Ice,New,102580 PLN,PLN,"{""addr1"": ""USTOWO 57"", ""city"": ""SZCZECIN"", ""region"": ""ZACHODNIOPOMORSKIE"", ""country"": ""PL"", ""postal_code"": ""71-001""}",53.38756,14.498444,LEASE,,,Hybrid,Manual,FWD
240065,Grande Panda La Prima · od 1132 PLN/mies.,Fiat Grande Panda La Prima · Rata od 1132 PLN netto/mies. · Leasing B2B · RYBNIK · Sprawdź ofertę!,https://salon.fiat.pl/oferta/240065,https://cdn.fcapoland.pl/uploads/00/240065/00e4faa46f829155a41a4331229db018.jpg,Fiat,Grande Panda,2026,0,KM,Hatchback,Lakier metalizowany Żółty Limone,New,81725 PLN,PLN,"{""addr1"": ""UL. ZORSKA 75"", ""city"": ""RYBNIK"", ""region"": ""ŚLĄSKIE"", ""country"": ""PL"", ""postal_code"": ""44-203""}",50.09212,18.57415,LEASE,1132 PLN,per month,Gasoline,Manual,FWD
240064,Grande Panda Icon · od 645 PLN/mies.,Fiat Grande Panda Icon · Rata od 645 PLN netto/mies. · Leasing B2B · WROCLAW · Sprawdź ofertę!,https://salon.fiat.pl/oferta/240064,https://cdn.fcapoland.pl/uploads/00/240064/1_render.jpg,Fiat,Grande Panda,2026,0,KM,Hatchback,Lakier metalizowany Żółty Limone,New,84036 PLN,PLN,"{""addr1"": ""UL. KARKONOSKA 45"", ""city"": ""WROCLAW"", ""region"": ""DOLNOŚLĄSKIE"", ""country"": ""PL"", ""postal_code"": ""53-015""}",51.063822,17.000133,LEASE,645 PLN,per month,Hybrid,Automatic,FWD
240059,Grande Panda La Prima · od 684 PLN/mies.,Fiat Grande Panda La Prima · Rata od 684 PLN netto/mies. · Leasing B2B · GREBOW · Sprawdź ofertę!,https://salon.fiat.pl/oferta/240059,https://cdn.fcapoland.pl/uploads/00/240059/950e41ff03a5a21614def209b72d0090.jpg,Fiat,Grande Panda,2026,0,KM,Hatchback,Lakier metalizowany Brazowy Luna,New,92900 PLN,PLN,"{""addr1"": ""JAMNICA 160"", ""city"": ""GREBOW"", ""region"": ""PODKARPACKIE"", ""country"": ""PL"", ""postal_code"": ""39-410""}",50.5731,21.94109,LEASE,684 PLN,per month,Hybrid,Automatic,FWD
240058,Grande Panda Icon · od 677 PLN/mies.,Fiat Grande Panda Icon · Rata od 677 PLN netto/mies. · Leasing B2B · OLSZTYN · Sprawdź ofertę!,https://salon.fiat.pl/oferta/240058,https://cdn.fcapoland.pl/uploads/00/240058/1_render.jpg,Fiat,Grande Panda,2026,0,KM,Hatchback,Lakier metalizowany Lazurowy Acqua,New,88268 PLN,PLN,"{""addr1"": ""AL. OBRONCOW TOBRUKU 5"", ""city"": ""OLSZTYN"", ""region"": ""WARMIŃSKO-MAZURSKIE"", ""country"": ""PL"", ""postal_code"": ""10-092""}",53.764244,20.481829,LEASE,677 PLN,per month,Hybrid,Automatic,FWD
239989,Grande Panda Icon · od 645 PLN/mies.,Fiat Grande Panda Icon · Rata od 645 PLN netto/mies. · Leasing B2B · WROCLAW · Sprawdź ofertę!,https://salon.fiat.pl/oferta/239989,https://cdn.fcapoland.pl/uploads/00/239989/1_render.jpg,Fiat,Grande Panda,2026,0,KM,Hatchback,Lakier pastelowy Biały Gelato,New,84036 PLN,PLN,"{""addr1"": ""UL. KARKONOSKA 45"", ""city"": ""WROCLAW"", ""region"": ""DOLNOŚLĄSKIE"", ""country"": ""PL"", ""postal_code"": ""53-015""}",51.063822,17.000133,LEASE,645 PLN,per month,Hybrid,Automatic,FWD
239795,Grande Panda Icon · od 625 PLN/mies.,Fiat Grande Panda Icon · Rata od 625 PLN netto/mies. · Leasing B2B · WROCLAW · Sprawdź ofertę!,https://salon.fiat.pl/oferta/239795,https://cdn.fcapoland.pl/uploads/00/239795/1_render.jpg,Fiat,Grande Panda,2026,0,KM,Hatchback,Lakier metalizowany Lazurowy Acqua,New,81276 PLN,PLN,"{""addr1"": ""UL. KARKONOSKA 45"", ""city"": ""WROCLAW"", ""region"": ""DOLNOŚLĄSKIE"", ""country"": ""PL"", ""postal_code"": ""53-015""}",51.063822,17.000133,LEASE,625 PLN,per month,Hybrid,Automatic,FWD
239739,Grande Panda Pop · od 668 PLN/mies.,Fiat Grande Panda Pop · Rata od 668 PLN netto/mies. · Leasing B2B · NOWY TARG · Sprawdź ofertę!,https://salon.fiat.pl/oferta/239739,https://cdn.fcapoland.pl/uploads/00/239739/89fdff20669a4a6718628b5e0338dc5d.jpg,Fiat,Grande Panda,2026,0,KM,Hatchback,Lakier pastelowy Biały Gelato,New,72768 PLN,PLN,"{""addr1"": ""UL. KRAKOWSKA 3"", ""city"": ""NOWY TARG"", ""region"": ""MAŁOPOLSKIE"", ""country"": ""PL"", ""postal_code"": ""34-400""}",49.45445,20.01966,LEASE,668 PLN,per month,Gasoline,Manual,FWD
239736,Pandina Icon,Fiat Pandina Icon · Leasing B2B · POZNAN · Sprawdź ofertę!,https://salon.fiat.pl/oferta/239736,https://cdn.fcapoland.pl/uploads/00/239736/1_render.jpg,Fiat,Pandina,2026,0,KM,Hatchback,Lakier metalizowany Niebieski Italia,New,62088 PLN,PLN,"{""addr1"": ""UL. GORZYSLAWA 9"", ""city"": ""POZNAN"", ""region"": ""WIELKOPOLSKIE"", ""country"": ""PL"", ""postal_code"": ""61-057""}",52.408466,17.029606,LEASE,,,Hybrid,Manual,FWD
239696,500 Icon,Fiat 500 Icon · Leasing B2B · GDANSK · Sprawdź ofertę!,https://salon.fiat.pl/oferta/239696,https://cdn.fcapoland.pl/uploads/00/239696/813e2be9621f432e5e2289e86eacf97f.jpg,Fiat,500,2026,0,KM,Hatchback,Lakier metalizowany Złoty Rose,New,81608 PLN,PLN,"{""addr1"": ""UL. POTOKOWA 15AC"", ""city"": ""GDANSK"", ""region"": ""POMORSKIE"", ""country"": ""PL"", ""postal_code"": ""80-283""}",54.368945,18.570911,LEASE,,,Hybrid,Manual,FWD
239691,Grande Panda Icon · od 707 PLN/mies.,Fiat Grande Panda Icon · Rata od 707 PLN netto/mies. · Leasing B2B · SZCZECIN · Sprawdź ofertę!,https://salon.fiat.pl/oferta/239691,https://cdn.fcapoland.pl/uploads/00/239691/54b2b58c01c83c227ae5fa713d17db7a.jpg,Fiat,Grande Panda,2026,0,KM,Hatchback,Lakier metalizowany Niebieski Lago,New,80398 PLN,PLN,"{""addr1"": ""USTOWO 57"", ""city"": ""SZCZECIN"", ""region"": ""ZACHODNIOPOMORSKIE"", ""country"": ""PL"", ""postal_code"": ""71-001""}",53.38756,14.498444,LEASE,707 PLN,per month,Gasoline,Manual,FWD
239688,Pandina Icon,Fiat Pandina Icon · Leasing B2B · POZNAN · Sprawdź ofertę!,https://salon.fiat.pl/oferta/239688,https://cdn.fcapoland.pl/uploads/00/239688/1_render.jpg,Fiat,Pandina,2026,0,KM,Hatchback,Lakier metalizowany Niebieski Italia,New,62978 PLN,PLN,"{""addr1"": ""UL. GORZYSLAWA 9"", ""city"": ""POZNAN"", ""region"": ""WIELKOPOLSKIE"", ""country"": ""PL"", ""postal_code"": ""61-057""}",52.408466,17.029606,LEASE,,,Hybrid,Manual,FWD
239628,Grande Panda Pop · od 672 PLN/mies.,Fiat Grande Panda Pop · Rata od 672 PLN netto/mies. · Leasing B2B · NOWY TARG · Sprawdź ofertę!,https://salon.fiat.pl/oferta/239628,https://cdn.fcapoland.pl/uploads/00/239628/22f83f64a79173faa6c753323db9813d.jpg,Fiat,Grande Panda,2026,0,KM,Hatchback,Lakier metalizowany Czarny Cinema,New,73248 PLN,PLN,"{""addr1"": ""UL. KRAKOWSKA 3"", ""city"": ""NOWY TARG"", ""region"": ""MAŁOPOLSKIE"", ""country"": ""PL"", ""postal_code"": ""34-400""}",49.45445,20.01966,LEASE,672 PLN,per month,Gasoline,Manual,FWD
239627,Grande Panda Pop · od 638 PLN/mies.,Fiat Grande Panda Pop · Rata od 638 PLN netto/mies. · Leasing B2B · NOWY TARG · Sprawdź ofertę!,https://salon.fiat.pl/oferta/239627,https://cdn.fcapoland.pl/uploads/00/239627/3c95d6817c4c0ae5a751666d97d04814.jpg,Fiat,Grande Panda,2026,0,KM,Hatchback,Lakier pastelowy Red by (RED),New,69900 PLN,PLN,"{""addr1"": ""UL. KRAKOWSKA 3"", ""city"": ""NOWY TARG"", ""region"": ""MAŁOPOLSKIE"", ""country"": ""PL"", ""postal_code"": ""34-400""}",49.45445,20.01966,LEASE,638 PLN,per month,Gasoline,Manual,FWD
239582,Pandina Cross,Fiat Pandina Cross · Leasing B2B · ŻORY · Sprawdź ofertę!,https://salon.fiat.pl/oferta/239582,https://cdn.fcapoland.pl/uploads/00/239582/8961392ce27e08f6601be3cd10bbe9d2.jpg,Fiat,Pandina,2026,0,KM,Hatchback,Lakier pastelowy Zółty Positano z czarnym dachem,New,67460 PLN,PLN,"{""addr1"": ""UL. KOŚCIUSZKI 79"", ""city"": ""ŻORY"", ""region"": ""ŚLĄSKIE"", ""country"": ""PL"", ""postal_code"": ""44-240""}",50.03099,18.70503,LEASE,,,Hybrid,Manual,FWD
239579,Pandina Icon,Fiat Pandina Icon · Leasing B2B · POZNAN · Sprawdź ofertę!,https://salon.fiat.pl/oferta/239579,https://cdn.fcapoland.pl/uploads/00/239579/1_render.jpg,Fiat,Pandina,2026,0,KM,Hatchback,Lakier metalizowany Niebieski Italia,New,62088 PLN,PLN,"{""addr1"": ""UL. GORZYSLAWA 9"", ""city"": ""POZNAN"", ""region"": ""WIELKOPOLSKIE"", ""country"": ""PL"", ""postal_code"": ""61-057""}",52.408466,17.029606,LEASE,,,Hybrid,Manual,FWD
239387,Grande Panda Pop · od 979 PLN/mies.,Fiat Grande Panda Pop · Rata od 979 PLN netto/mies. · Leasing B2B · NOWY TARG · Sprawdź ofertę!,https://salon.fiat.pl/oferta/239387,https://cdn.fcapoland.pl/uploads/00/239387/6b6fd78338a43904f47d3cedf7a6587f.jpg,Fiat,Grande Panda,2026,0,KM,Hatchback,Lakier metalizowany Niebieski Lago,New,70600 PLN,PLN,"{""addr1"": ""UL. KRAKOWSKA 3"", ""city"": ""NOWY TARG"", ""region"": ""MAŁOPOLSKIE"", ""country"": ""PL"", ""postal_code"": ""34-400""}",49.45445,20.01966,LEASE,979 PLN,per month,Gasoline,Manual,FWD
239385,Grande Panda Pop · od 989 PLN/mies.,Fiat Grande Panda Pop · Rata od 989 PLN netto/mies. · Leasing B2B · NOWY TARG · Sprawdź ofertę!,https://salon.fiat.pl/oferta/239385,https://cdn.fcapoland.pl/uploads/00/239385/be9e6091f709899058747a1a3a81ced4.jpg,Fiat,Grande Panda,2026,0,KM,Hatchback,Lakier metalizowany Czarny Cinema,New,71300 PLN,PLN,"{""addr1"": ""UL. KRAKOWSKA 3"", ""city"": ""NOWY TARG"", ""region"": ""MAŁOPOLSKIE"", ""country"": ""PL"", ""postal_code"": ""34-400""}",49.45445,20.01966,LEASE,989 PLN,per month,Gasoline,Manual,FWD
239382,Grande Panda Pop · od 979 PLN/mies.,Fiat Grande Panda Pop · Rata od 979 PLN netto/mies. · Leasing B2B · NOWY TARG · Sprawdź ofertę!,https://salon.fiat.pl/oferta/239382,https://cdn.fcapoland.pl/uploads/00/239382/20010dc286e131eac35d9cac3b0c0fb2.jpg,Fiat,Grande Panda,2026,0,KM,Hatchback,Lakier pastelowy Biały Gelato,New,70600 PLN,PLN,"{""addr1"": ""UL. KRAKOWSKA 3"", ""city"": ""NOWY TARG"", ""region"": ""MAŁOPOLSKIE"", ""country"": ""PL"", ""postal_code"": ""34-400""}",49.45445,20.01966,LEASE,979 PLN,per month,Gasoline,Manual,FWD
239381,Grande Panda Pop · od 672 PLN/mies.,Fiat Grande Panda Pop · Rata od 672 PLN netto/mies. · Leasing B2B · NOWY TARG · Sprawdź ofertę!,https://salon.fiat.pl/oferta/239381,https://cdn.fcapoland.pl/uploads/00/239381/ba2ff8671773957845219e42e4ee83d6.jpg,Fiat,Grande Panda,2026,0,KM,Hatchback,Lakier metalizowany Brazowy Luna,New,73248 PLN,PLN,"{""addr1"": ""UL. KRAKOWSKA 3"", ""city"": ""NOWY TARG"", ""region"": ""MAŁOPOLSKIE"", ""country"": ""PL"", ""postal_code"": ""34-400""}",49.45445,20.01966,LEASE,672 PLN,per month,Gasoline,Manual,FWD
239379,Grande Panda Pop · od 672 PLN/mies.,Fiat Grande Panda Pop · Rata od 672 PLN netto/mies. · Leasing B2B · NOWY TARG · Sprawdź ofertę!,https://salon.fiat.pl/oferta/239379,https://cdn.fcapoland.pl/uploads/00/239379/f25673191b61ecd5ad8dac0a4a0594c5.jpg,Fiat,Grande Panda,2026,0,KM,Hatchback,Lakier metalizowany Niebieski Lago,New,73248 PLN,PLN,"{""addr1"": ""UL. KRAKOWSKA 3"", ""city"": ""NOWY TARG"", ""region"": ""MAŁOPOLSKIE"", ""country"": ""PL"", ""postal_code"": ""34-400""}",49.45445,20.01966,LEASE,672 PLN,per month,Gasoline,Manual,FWD
239375,Grande Panda Pop · od 638 PLN/mies.,Fiat Grande Panda Pop · Rata od 638 PLN netto/mies. · Leasing B2B · NOWY TARG · Sprawdź ofertę!,https://salon.fiat.pl/oferta/239375,https://cdn.fcapoland.pl/uploads/00/239375/aefd18dd19c2b88e92e0466ac20659ee.jpg,Fiat,Grande Panda,2026,0,KM,Hatchback,Lakier pastelowy Red by (RED),New,69900 PLN,PLN,"{""addr1"": ""UL. KRAKOWSKA 3"", ""city"": ""NOWY TARG"", ""region"": ""MAŁOPOLSKIE"", ""country"": ""PL"", ""postal_code"": ""34-400""}",49.45445,20.01966,LEASE,638 PLN,per month,Gasoline,Manual,FWD
239374,Grande Panda La Prima · od 1138 PLN/mies.,Fiat Grande Panda La Prima · Rata od 1138 PLN netto/mies. · Leasing B2B · NOWY TARG · Sprawdź ofertę!,https://salon.fiat.pl/oferta/239374,https://cdn.fcapoland.pl/uploads/00/239374/9fa8f34e59316a4cb49dc48d27213128.jpg,Fiat,Grande Panda,2026,0,KM,Hatchback,Lakier metalizowany Żółty Limone,New,82147 PLN,PLN,"{""addr1"": ""UL. KRAKOWSKA 3"", ""city"": ""NOWY TARG"", ""region"": ""MAŁOPOLSKIE"", ""country"": ""PL"", ""postal_code"": ""34-400""}",49.45445,20.01966,LEASE,1138 PLN,per month,Gasoline,Manual,FWD
239372,Grande Panda Icon · od 691 PLN/mies.,Fiat Grande Panda Icon · Rata od 691 PLN netto/mies. · Leasing B2B · OLSZTYN · Sprawdź ofertę!,https://salon.fiat.pl/oferta/239372,https://cdn.fcapoland.pl/uploads/00/239372/90c4531d4409f30dc4d99ca350c44328.jpg,Fiat,Grande Panda,2026,0,KM,Hatchback,Lakier pastelowy Red by (RED),New,77688 PLN,PLN,"{""addr1"": ""AL. OBRONCOW TOBRUKU 5"", ""city"": ""OLSZTYN"", ""region"": ""WARMIŃSKO-MAZURSKIE"", ""country"": ""PL"", ""postal_code"": ""10-092""}",53.764244,20.481829,LEASE,691 PLN,per month,Gasoline,Manual,FWD
239371,Grande Panda Pop · od 672 PLN/mies.,Fiat Grande Panda Pop · Rata od 672 PLN netto/mies. · Leasing B2B · NOWY TARG · Sprawdź ofertę!,https://salon.fiat.pl/oferta/239371,https://cdn.fcapoland.pl/uploads/00/239371/7e338dc7b35137a86674814df863decf.jpg,Fiat,Grande Panda,2026,0,KM,Hatchback,Lakier metalizowany Brazowy Luna,New,73248 PLN,PLN,"{""addr1"": ""UL. KRAKOWSKA 3"", ""city"": ""NOWY TARG"", ""region"": ""MAŁOPOLSKIE"", ""country"": ""PL"", ""postal_code"": ""34-400""}",49.45445,20.01966,LEASE,672 PLN,per month,Gasoline,Manual,FWD
239370,Grande Panda La Prima · od 750 PLN/mies.,Fiat Grande Panda La Prima · Rata od 750 PLN netto/mies. · Leasing B2B · OPOLE · Sprawdź ofertę!,https://salon.fiat.pl/oferta/239370,https://cdn.fcapoland.pl/uploads/00/239370/1_render.jpg,Fiat,Grande Panda,2026,0,KM,Hatchback,Lakier metalizowany Brazowy Luna,New,86270 PLN,PLN,"{""addr1"": ""UL. OLESKA 152"", ""city"": ""OPOLE"", ""region"": ""OPOLSKIE"", ""country"": ""PL"", ""postal_code"": ""45-239""}",50.690422,17.950222,LEASE,750 PLN,per month,Gasoline,Manual,FWD
239368,Grande Panda Pop · od 989 PLN/mies.,Fiat Grande Panda Pop · Rata od 989 PLN netto/mies. · Leasing B2B · NOWY TARG · Sprawdź ofertę!,https://salon.fiat.pl/oferta/239368,https://cdn.fcapoland.pl/uploads/00/239368/90d36e0506695a9bd7c822d2ac078ccb.jpg,Fiat,Grande Panda,2026,0,KM,Hatchback,Lakier metalizowany Lazurowy Acqua,New,71300 PLN,PLN,"{""addr1"": ""UL. KRAKOWSKA 3"", ""city"": ""NOWY TARG"", ""region"": ""MAŁOPOLSKIE"", ""country"": ""PL"", ""postal_code"": ""34-400""}",49.45445,20.01966,LEASE,989 PLN,per month,Gasoline,Manual,FWD
239365,Grande Panda Pop · od 672 PLN/mies.,Fiat Grande Panda Pop · Rata od 672 PLN netto/mies. · Leasing B2B · NOWY TARG · Sprawdź ofertę!,https://salon.fiat.pl/oferta/239365,https://cdn.fcapoland.pl/uploads/00/239365/97a5d1eeb2629d9e1bb843fd91b0a814.jpg,Fiat,Grande Panda,2026,0,KM,Hatchback,Lakier metalizowany Czarny Cinema,New,73248 PLN,PLN,"{""addr1"": ""UL. KRAKOWSKA 3"", ""city"": ""NOWY TARG"", ""region"": ""MAŁOPOLSKIE"", ""country"": ""PL"", ""postal_code"": ""34-400""}",49.45445,20.01966,LEASE,672 PLN,per month,Gasoline,Manual,FWD
239364,Grande Panda Pop · od 672 PLN/mies.,Fiat Grande Panda Pop · Rata od 672 PLN netto/mies. · Leasing B2B · NOWY TARG · Sprawdź ofertę!,https://salon.fiat.pl/oferta/239364,https://cdn.fcapoland.pl/uploads/00/239364/71e5b5f6b34bad4a470d01ca9688b7e3.jpg,Fiat,Grande Panda,2026,0,KM,Hatchback,Lakier metalizowany Żółty Limone,New,73248 PLN,PLN,"{""addr1"": ""UL. KRAKOWSKA 3"", ""city"": ""NOWY TARG"", ""region"": ""MAŁOPOLSKIE"", ""country"": ""PL"", ""postal_code"": ""34-400""}",49.45445,20.01966,LEASE,672 PLN,per month,Gasoline,Manual,FWD
239355,Grande Panda Pop · od 672 PLN/mies.,Fiat Grande Panda Pop · Rata od 672 PLN netto/mies. · Leasing B2B · NOWY TARG · Sprawdź ofertę!,https://salon.fiat.pl/oferta/239355,https://cdn.fcapoland.pl/uploads/00/239355/7b1763a1576f9c87dbc0526d392696d8.jpg,Fiat,Grande Panda,2026,0,KM,Hatchback,Lakier metalizowany Brazowy Luna,New,73248 PLN,PLN,"{""addr1"": ""UL. KRAKOWSKA 3"", ""city"": ""NOWY TARG"", ""region"": ""MAŁOPOLSKIE"", ""country"": ""PL"", ""postal_code"": ""34-400""}",49.45445,20.01966,LEASE,672 PLN,per month,Gasoline,Manual,FWD
239250,Grande Panda Pop · od 633 PLN/mies.,Fiat Grande Panda Pop · Rata od 633 PLN netto/mies. · Leasing B2B · ZIELONA GORA · Sprawdź ofertę!,https://salon.fiat.pl/oferta/239250,https://cdn.fcapoland.pl/uploads/00/239250/1_render.jpg,Fiat,Grande Panda,2026,0,KM,Hatchback,Lakier pastelowy Red by (RED),New,69999 PLN,PLN,"{""addr1"": ""UL. ST. BATOREGO 69A"", ""city"": ""ZIELONA GORA"", ""region"": ""LUBUSKIE"", ""country"": ""PL"", ""postal_code"": ""65-735""}",51.952379,15.499634,LEASE,633 PLN,per month,Gasoline,Manual,FWD
239246,Grande Panda Pop · od 979 PLN/mies.,Fiat Grande Panda Pop · Rata od 979 PLN netto/mies. · Leasing B2B · NOWY TARG · Sprawdź ofertę!,https://salon.fiat.pl/oferta/239246,https://cdn.fcapoland.pl/uploads/00/239246/fddf401e05a711df2c971fd45b7b300a.jpg,Fiat,Grande Panda,2026,0,KM,Hatchback,Lakier metalizowany Lazurowy Acqua,New,70600 PLN,PLN,"{""addr1"": ""UL. KRAKOWSKA 3"", ""city"": ""NOWY TARG"", ""region"": ""MAŁOPOLSKIE"", ""country"": ""PL"", ""postal_code"": ""34-400""}",49.45445,20.01966,LEASE,979 PLN,per month,Gasoline,Manual,FWD
239229,600 Sport · od 928 PLN/mies.,Fiat 600 Sport · Rata od 928 PLN netto/mies. · Leasing B2B · POZNAN · Sprawdź ofertę!,https://salon.fiat.pl/oferta/239229,https://cdn.fcapoland.pl/uploads/00/239229/1_render.jpg,Fiat,600,2026,0,KM,Hatchback,Lakier pastelowy Red by (RED),New,101262 PLN,PLN,"{""addr1"": ""UL. GORZYSLAWA 9"", ""city"": ""POZNAN"", ""region"": ""WIELKOPOLSKIE"", ""country"": ""PL"", ""postal_code"": ""61-057""}",52.408466,17.029606,LEASE,928 PLN,per month,Hybrid,Automatic,FWD
239228,600 Icon · od 871 PLN/mies.,Fiat 600 Icon · Rata od 871 PLN netto/mies. · Leasing B2B · ŁÓDŹ · Sprawdź ofertę!,https://salon.fiat.pl/oferta/239228,https://cdn.fcapoland.pl/uploads/00/239228/1_render.jpg,Fiat,600,2026,0,KM,Hatchback,Lakier pastelowy Czarny Cinema,New,92900 PLN,PLN,"{""addr1"": ""UL. SZPARAGOWA 4"", ""city"": ""ŁÓDŹ"", ""region"": ""ŁÓDZKIE"", ""country"": ""PL"", ""postal_code"": ""91-211""}",51.8027,19.37677,LEASE,871 PLN,per month,Hybrid,Automatic,FWD
239226,600 La Prima · od 958 PLN/mies.,Fiat 600 La Prima · Rata od 958 PLN netto/mies. · Leasing B2B · FALENTY · Sprawdź ofertę!,https://salon.fiat.pl/oferta/239226,https://cdn.fcapoland.pl/uploads/00/239226/ba8a5632c994de61b9753576f9d52fc8.jpg,Fiat,600,2026,0,KM,Hatchback,Lakier metalizowany Lazurowy Acqua z dachem w kolorze Czarny Cinema,New,104582 PLN,PLN,"{""addr1"": ""AL. KRAKOWSKA 8"", ""city"": ""FALENTY"", ""region"": ""MAZOWIECKIE"", ""country"": ""PL"", ""postal_code"": ""05-090""}",52.14213,20.90316,LEASE,958 PLN,per month,Hybrid,Automatic,FWD
239225,600 La Prima · od 969 PLN/mies.,Fiat 600 La Prima · Rata od 969 PLN netto/mies. · Leasing B2B · GDANSK · Sprawdź ofertę!,https://salon.fiat.pl/oferta/239225,https://cdn.fcapoland.pl/uploads/00/239225/965b766d9d3d1f1da18b36e3f77973c3.jpg,Fiat,600,2026,0,KM,Hatchback,Lakier metalizowany Kremowy Cappucino,New,105500 PLN,PLN,"{""addr1"": ""UL. POTOKOWA 15AC"", ""city"": ""GDANSK"", ""region"": ""POMORSKIE"", ""country"": ""PL"", ""postal_code"": ""80-283""}",54.368945,18.570911,LEASE,969 PLN,per month,Hybrid,Automatic,FWD
239183,500 500 Torino,Fiat 500 500 Torino · Leasing B2B · SLUPSK · Sprawdź ofertę!,https://salon.fiat.pl/oferta/239183,https://cdn.fcapoland.pl/uploads/00/239183/31c82bedc4e6bc8d723a2994b33e26bb.jpg,Fiat,500,2026,0,KM,Hatchback,Lakier metalizowany Złoty Rose,New,78536 PLN,PLN,"{""addr1"": ""UL. POZNANSKA 74"", ""city"": ""SLUPSK"", ""region"": ""POMORSKIE"", ""country"": ""PL"", ""postal_code"": ""76-200""}",54.45185,17.01674,LEASE,,,Hybrid,Manual,FWD
239182,500 La Prima,Fiat 500 La Prima · Leasing B2B · CZESTOCHOWA · Sprawdź ofertę!,https://salon.fiat.pl/oferta/239182,https://cdn.fcapoland.pl/uploads/00/239182/1_render.jpg,Fiat,500,2026,0,KM,Hatchback,Lakier metalizowany Zielony Ocean,New,88000 PLN,PLN,"{""addr1"": ""UL. BUGAJSKA 6/8"", ""city"": ""CZESTOCHOWA"", ""region"": ""ŚLĄSKIE"", ""country"": ""PL"", ""postal_code"": ""42-200""}",50.766723,19.165467,LEASE,,,Hybrid,Manual,FWD
239181,500 La Prima,Fiat 500 La Prima · Leasing B2B · FALENTY · Sprawdź ofertę!,https://salon.fiat.pl/oferta/239181,https://cdn.fcapoland.pl/uploads/00/239181/74e8d4fb9dbaa39b4df09cdf1cb7ec82.jpg,Fiat,500,2026,0,KM,Hatchback,Lakier metalizowany Zielony Ocean,New,91102 PLN,PLN,"{""addr1"": ""AL. KRAKOWSKA 8"", ""city"": ""FALENTY"", ""region"": ""MAZOWIECKIE"", ""country"": ""PL"", ""postal_code"": ""05-090""}",52.14213,20.90316,LEASE,,,Hybrid,Manual,FWD
239177,Grande Panda Icon · od 706 PLN/mies.,Fiat Grande Panda Icon · Rata od 706 PLN netto/mies. · Leasing B2B · RZESZOW · Sprawdź ofertę!,https://salon.fiat.pl/oferta/239177,https://cdn.fcapoland.pl/uploads/00/239177/dc204e1188b05f3565e5c3af038310d8.jpg,Fiat,Grande Panda,2026,0,KM,Hatchback,Lakier metalizowany Lazurowy Acqua,New,79900 PLN,PLN,"{""addr1"": ""UL. WARSZAWSKA 135"", ""city"": ""RZESZOW"", ""region"": ""PODKARPACKIE"", ""country"": ""PL"", ""postal_code"": ""35-205""}",50.081623,21.984324,LEASE,706 PLN,per month,Gasoline,Manual,FWD
239173,Grande Panda Icon · od 1093 PLN/mies.,Fiat Grande Panda Icon · Rata od 1093 PLN netto/mies. · Leasing B2B · RZESZOW · Sprawdź ofertę!,https://salon.fiat.pl/oferta/239173,https://cdn.fcapoland.pl/uploads/00/239173/658bf68829c5a204c0b542afde1e3e33.jpg,Fiat,Grande Panda,2026,0,KM,Hatchback,Lakier metalizowany Niebieski Lago,New,78900 PLN,PLN,"{""addr1"": ""UL. WARSZAWSKA 135"", ""city"": ""RZESZOW"", ""region"": ""PODKARPACKIE"", ""country"": ""PL"", ""postal_code"": ""35-205""}",50.081623,21.984324,LEASE,1093 PLN,per month,Gasoline,Manual,FWD
239164,600 Pop · od 831 PLN/mies.,Fiat 600 Pop · Rata od 831 PLN netto/mies. · Leasing B2B · CZESTOCHOWA · Sprawdź ofertę!,https://salon.fiat.pl/oferta/239164,https://cdn.fcapoland.pl/uploads/00/239164/1_render.jpg,Fiat,600,2026,0,KM,Hatchback,Lakier pastelowy Biały Gelato,New,88900 PLN,PLN,"{""addr1"": ""UL. BUGAJSKA 6/8"", ""city"": ""CZESTOCHOWA"", ""region"": ""ŚLĄSKIE"", ""country"": ""PL"", ""postal_code"": ""42-200""}",50.766723,19.165467,LEASE,831 PLN,per month,Hybrid,Automatic,FWD
239163,600 La Prima · od 949 PLN/mies.,Fiat 600 La Prima · Rata od 949 PLN netto/mies. · Leasing B2B · GREBOW · Sprawdź ofertę!,https://salon.fiat.pl/oferta/239163,https://cdn.fcapoland.pl/uploads/00/239163/1_render.jpg,Fiat,600,2026,0,KM,Hatchback,Lakier metalizowany Kremowy Cappucino,New,104800 PLN,PLN,"{""addr1"": ""JAMNICA 160"", ""city"": ""GREBOW"", ""region"": ""PODKARPACKIE"", ""country"": ""PL"", ""postal_code"": ""39-410""}",50.5731,21.94109,LEASE,949 PLN,per month,Hybrid,Automatic,FWD
239162,600 La Prima · od 953 PLN/mies.,Fiat 600 La Prima · Rata od 953 PLN netto/mies. · Leasing B2B · GDANSK · Sprawdź ofertę!,https://salon.fiat.pl/oferta/239162,https://cdn.fcapoland.pl/uploads/00/239162/e128a59141098069f4a96d3b0c08c3b8.jpg,Fiat,600,2026,0,KM,Hatchback,Lakier metalizowany Kremowy Cappucino,New,103800 PLN,PLN,"{""addr1"": ""UL. POTOKOWA 15AC"", ""city"": ""GDANSK"", ""region"": ""POMORSKIE"", ""country"": ""PL"", ""postal_code"": ""80-283""}",54.368945,18.570911,LEASE,953 PLN,per month,Hybrid,Automatic,FWD
239132,500 La Prima,Fiat 500 La Prima · Leasing B2B · WROCLAW · Sprawdź ofertę!,https://salon.fiat.pl/oferta/239132,https://cdn.fcapoland.pl/uploads/00/239132/1_render.jpg,Fiat,500,2026,0,KM,Hatchback,Lakier pastelowy Czarny Onyx,New,88610 PLN,PLN,"{""addr1"": ""UL. KARKONOSKA 45"", ""city"": ""WROCLAW"", ""region"": ""DOLNOŚLĄSKIE"", ""country"": ""PL"", ""postal_code"": ""53-015""}",51.063822,17.000133,LEASE,,,Hybrid,Manual,FWD
239130,Grande Panda Pop · od 989 PLN/mies.,Fiat Grande Panda Pop · Rata od 989 PLN netto/mies. · Leasing B2B · NOWY TARG · Sprawdź ofertę!,https://salon.fiat.pl/oferta/239130,https://cdn.fcapoland.pl/uploads/00/239130/2e11dbb9803e837366948bbd6412157a.jpg,Fiat,Grande Panda,2026,0,KM,Hatchback,Lakier metalizowany Żółty Limone,New,71300 PLN,PLN,"{""addr1"": ""UL. KRAKOWSKA 3"", ""city"": ""NOWY TARG"", ""region"": ""MAŁOPOLSKIE"", ""country"": ""PL"", ""postal_code"": ""34-400""}",49.45445,20.01966,LEASE,989 PLN,per month,Gasoline,Manual,FWD
239090,500 La Prima,Fiat 500 La Prima · Leasing B2B · PLOCK · Sprawdź ofertę!,https://salon.fiat.pl/oferta/239090,https://cdn.fcapoland.pl/uploads/00/239090/ae258902b8e06ec3f3aab970f39b71aa.jpg,Fiat,500,2026,0,KM,Hatchback,Lakier metalizowany Niebieski Celestial,New,93500 PLN,PLN,"{""addr1"": ""UL. BIELSKA 55"", ""city"": ""PLOCK"", ""region"": ""MAZOWIECKIE"", ""country"": ""PL"", ""postal_code"": ""09-400""}",52.55506,19.69753,LEASE,,,Hybrid,Manual,FWD
239088,500 La Prima,Fiat 500 La Prima · Leasing B2B · SOSNOWIEC · Sprawdź ofertę!,https://salon.fiat.pl/oferta/239088,https://cdn.fcapoland.pl/uploads/00/239088/f8708859a712389513f21df4055bbae6.jpg,Fiat,500,2026,0,KM,Hatchback,Lakier metalizowany Żółty Gold,New,84666 PLN,PLN,"{""addr1"": ""UL. ZUZANNY 36"", ""city"": ""SOSNOWIEC"", ""region"": ""ŚLĄSKIE"", ""country"": ""PL"", ""postal_code"": ""41-219""}",50.29942,19.16864,LEASE,,,Hybrid,Manual,FWD
239080,Grande Panda Icon · od 653 PLN/mies.,Fiat Grande Panda Icon · Rata od 653 PLN netto/mies. · Leasing B2B · LUBLIN · Sprawdź ofertę!,https://salon.fiat.pl/oferta/239080,https://cdn.fcapoland.pl/uploads/00/239080/3434381cf0cf3057f20f51aeb96de215.jpg,Fiat,Grande Panda,2026,0,KM,Hatchback,Lakier metalizowany Lazurowy Acqua,New,87300 PLN,PLN,"{""addr1"": ""UL MEŁGIEWSKA 10"", ""city"": ""LUBLIN"", ""region"": ""LUBELSKIE"", ""country"": ""PL"", ""postal_code"": ""20-209""}",51.24833,22.60831,LEASE,653 PLN,per month,Hybrid,Automatic,FWD
238957,500 La Prima,Fiat 500 La Prima · Leasing B2B · PLOCK · Sprawdź ofertę!,https://salon.fiat.pl/oferta/238957,https://cdn.fcapoland.pl/uploads/00/238957/47eaa27101358a72e7b4fa0728f3f98d.jpg,Fiat,500,2026,0,KM,Hatchback,Lakier metalizowany Żółty Gold,New,95500 PLN,PLN,"{""addr1"": ""UL. BIELSKA 55"", ""city"": ""PLOCK"", ""region"": ""MAZOWIECKIE"", ""country"": ""PL"", ""postal_code"": ""09-400""}",52.55506,19.69753,LEASE,,,Hybrid,Manual,FWD
238955,500 La Prima,Fiat 500 La Prima · Leasing B2B · OPOLE · Sprawdź ofertę!,https://salon.fiat.pl/oferta/238955,https://cdn.fcapoland.pl/uploads/00/238955/64fad2782258b88e478e6c4465b86570.jpg,Fiat,500,2026,0,KM,Hatchback,Lakier metalizowany Żółty Gold,New,86538 PLN,PLN,"{""addr1"": ""UL. OLESKA 152"", ""city"": ""OPOLE"", ""region"": ""OPOLSKIE"", ""country"": ""PL"", ""postal_code"": ""45-239""}",50.690422,17.950222,LEASE,,,Hybrid,Manual,FWD
238952,Grande Panda Icon · od 646 PLN/mies.,Fiat Grande Panda Icon · Rata od 646 PLN netto/mies. · Leasing B2B · LUBLIN · Sprawdź ofertę!,https://salon.fiat.pl/oferta/238952,https://cdn.fcapoland.pl/uploads/00/238952/1b756e39a7c3ec92fde2cc76af7ebcd6.jpg,Fiat,Grande Panda,2026,0,KM,Hatchback,Lakier metalizowany Brazowy Luna,New,86400 PLN,PLN,"{""addr1"": ""UL MEŁGIEWSKA 10"", ""city"": ""LUBLIN"", ""region"": ""LUBELSKIE"", ""country"": ""PL"", ""postal_code"": ""20-209""}",51.24833,22.60831,LEASE,646 PLN,per month,Hybrid,Automatic,FWD
238935,600 Sport · od 896 PLN/mies.,Fiat 600 Sport · Rata od 896 PLN netto/mies. · Leasing B2B · BIELSKO-BIAŁA · Sprawdź ofertę!,https://salon.fiat.pl/oferta/238935,https://cdn.fcapoland.pl/uploads/00/238935/1_render.jpg,Fiat,600,2026,0,KM,Hatchback,Lakier metalizowany Zielony Mediterraneo z dachem w kolorze Czarny Cinema,New,99918 PLN,PLN,"{""addr1"": ""UL. WARSZAWSKA 158"", ""city"": ""BIELSKO-BIAŁA"", ""region"": ""ŚLĄSKIE"", ""country"": ""PL"", ""postal_code"": ""43-300""}",49.84307,19.03564,LEASE,896 PLN,per month,Hybrid,Automatic,FWD
238890,500 La Prima,Fiat 500 La Prima · Leasing B2B · KATOWICE · Sprawdź ofertę!,https://salon.fiat.pl/oferta/238890,https://cdn.fcapoland.pl/uploads/00/238890/46cdb4acfe3bdca7a32b02b7af38b790.jpg,Fiat,500,2026,0,KM,Hatchback,Lakier metalizowany Zielony Ocean,New,91102 PLN,PLN,"{""addr1"": ""UL. KOSCIUSZKI 261"", ""city"": ""KATOWICE"", ""region"": ""ŚLĄSKIE"", ""country"": ""PL"", ""postal_code"": ""40-690""}",50.209822,18.965429,LEASE,,,Hybrid,Manual,FWD
238889,500 La Prima,Fiat 500 La Prima · Leasing B2B · BIALYSTOK · Sprawdź ofertę!,https://salon.fiat.pl/oferta/238889,https://cdn.fcapoland.pl/uploads/00/238889/1_render.jpg,Fiat,500,2026,0,KM,Hatchback,Lakier metalizowany Złoty Rose,New,94484 PLN,PLN,"{""addr1"": ""UL. GEN. WLADYSLAWA ANDERSA 71"", ""city"": ""BIALYSTOK"", ""region"": ""PODLASKIE"", ""country"": ""PL"", ""postal_code"": ""15-113""}",53.1563,23.1446,LEASE,,,Hybrid,Manual,FWD
238868,500 La Prima,Fiat 500 La Prima · Leasing B2B · KRAKOW · Sprawdź ofertę!,https://salon.fiat.pl/oferta/238868,https://cdn.fcapoland.pl/uploads/00/238868/1_render.jpg,Fiat,500,2026,0,KM,Hatchback,Lakier metalizowany Żółty Gold,New,87692 PLN,PLN,"{""addr1"": ""UL. RADZIKOWSKIEGO 160"", ""city"": ""KRAKOW"", ""region"": ""MAŁOPOLSKIE"", ""country"": ""PL"", ""postal_code"": ""31-342""}",50.088212,19.888814,LEASE,,,Hybrid,Manual,FWD
238867,500 La Prima,Fiat 500 La Prima · Leasing B2B · ŁÓDŹ · Sprawdź ofertę!,https://salon.fiat.pl/oferta/238867,https://cdn.fcapoland.pl/uploads/00/238867/261847a114df5a6861484e477f3fd388.jpg,Fiat,500,2026,0,KM,Hatchback,Lakier metalizowany Niebieski Celestial,New,90900 PLN,PLN,"{""addr1"": ""UL. SZPARAGOWA 4"", ""city"": ""ŁÓDŹ"", ""region"": ""ŁÓDZKIE"", ""country"": ""PL"", ""postal_code"": ""91-211""}",51.8027,19.37677,LEASE,,,Hybrid,Manual,FWD
238866,500 La Prima,Fiat 500 La Prima · Leasing B2B · BIALYSTOK · Sprawdź ofertę!,https://salon.fiat.pl/oferta/238866,https://cdn.fcapoland.pl/uploads/00/238866/1_render.jpg,Fiat,500,2026,0,KM,Hatchback,Lakier pastelowy Biały Ice,New,88532 PLN,PLN,"{""addr1"": ""UL. GEN. WLADYSLAWA ANDERSA 71"", ""city"": ""BIALYSTOK"", ""region"": ""PODLASKIE"", ""country"": ""PL"", ""postal_code"": ""15-113""}",53.1563,23.1446,LEASE,,,Hybrid,Manual,FWD
238865,500 La Prima,Fiat 500 La Prima · Leasing B2B · RYBNIK · Sprawdź ofertę!,https://salon.fiat.pl/oferta/238865,https://cdn.fcapoland.pl/uploads/00/238865/75695617538819790146faf13baaa59a.jpg,Fiat,500,2026,0,KM,Hatchback,Lakier metalizowany Zielony Ocean,New,92882 PLN,PLN,"{""addr1"": ""UL. ZORSKA 75"", ""city"": ""RYBNIK"", ""region"": ""ŚLĄSKIE"", ""country"": ""PL"", ""postal_code"": ""44-203""}",50.09212,18.57415,LEASE,,,Hybrid,Manual,FWD
238822,600 La Prima · od 1340 PLN/mies.,Fiat 600 La Prima · Rata od 1340 PLN netto/mies. · Leasing B2B · WARSZAWA · Sprawdź ofertę!,https://salon.fiat.pl/oferta/238822,https://cdn.fcapoland.pl/uploads/00/238822/442ed782ae443724707d553e7e12ea22.jpg,Fiat,600,2026,0,KM,Hatchback,Lakier metalizowany Pomarańczowy Sole,New,96900 PLN,PLN,"{""addr1"": ""UL.KRASNOBRODZKA 5"", ""city"": ""WARSZAWA"", ""region"": ""MAZOWIECKIE"", ""country"": ""PL"", ""postal_code"": ""03-214""}",52.3017,21.04088,LEASE,1340 PLN,per month,Hybrid,Automatic,FWD
238799,500 La Prima,Fiat 500 La Prima · Leasing B2B · KRAKOW · Sprawdź ofertę!,https://salon.fiat.pl/oferta/238799,https://cdn.fcapoland.pl/uploads/00/238799/1_render.jpg,Fiat,500,2026,0,KM,Hatchback,Lakier pastelowy Red by (RED),New,85340 PLN,PLN,"{""addr1"": ""UL. RADZIKOWSKIEGO 160"", ""city"": ""KRAKOW"", ""region"": ""MAŁOPOLSKIE"", ""country"": ""PL"", ""postal_code"": ""31-342""}",50.088212,19.888814,LEASE,,,Hybrid,Manual,FWD
238798,500 La Prima,Fiat 500 La Prima · Leasing B2B · BYDGOSZCZ · Sprawdź ofertę!,https://salon.fiat.pl/oferta/238798,https://cdn.fcapoland.pl/uploads/00/238798/ecab840f23809610400d615248e34c13.jpg,Fiat,500,2026,0,KM,Hatchback,Lakier metalizowany Żółty Gold,New,92800 PLN,PLN,"{""addr1"": ""AL. ARMII KRAJOWEJ 250"", ""city"": ""BYDGOSZCZ"", ""region"": ""KUJAWSKO-POMORSKIE"", ""country"": ""PL"", ""postal_code"": ""85-689""}",53.17261,18.05499,LEASE,,,Hybrid,Manual,FWD
238767,600 La Prima · od 883 PLN/mies.,Fiat 600 La Prima · Rata od 883 PLN netto/mies. · Leasing B2B · ŻORY · Sprawdź ofertę!,https://salon.fiat.pl/oferta/238767,https://cdn.fcapoland.pl/uploads/00/238767/4df4a517c951a28f11c5a190ca94e667.jpg,Fiat,600,2026,0,KM,Hatchback,Lakier metalizowany Pomarańczowy Sole,New,98922 PLN,PLN,"{""addr1"": ""UL. KOŚCIUSZKI 79"", ""city"": ""ŻORY"", ""region"": ""ŚLĄSKIE"", ""country"": ""PL"", ""postal_code"": ""44-240""}",50.03099,18.70503,LEASE,883 PLN,per month,Hybrid,Automatic,FWD
238766,600 La Prima · od 975 PLN/mies.,Fiat 600 La Prima · Rata od 975 PLN netto/mies. · Leasing B2B · WROCLAW · Sprawdź ofertę!,https://salon.fiat.pl/oferta/238766,https://cdn.fcapoland.pl/uploads/00/238766/11a704dde30bf5d7dc4bd1affc68db55.jpg,Fiat,600,2026,0,KM,Hatchback,Lakier metalizowany Pomarańczowy Sole,New,106491 PLN,PLN,"{""addr1"": ""UL. KARKONOSKA 45"", ""city"": ""WROCLAW"", ""region"": ""DOLNOŚLĄSKIE"", ""country"": ""PL"", ""postal_code"": ""53-015""}",51.063822,17.000133,LEASE,975 PLN,per month,Hybrid,Automatic,FWD
238765,600 La Prima · od 876 PLN/mies.,Fiat 600 La Prima · Rata od 876 PLN netto/mies. · Leasing B2B · BIELSKO-BIAŁA · Sprawdź ofertę!,https://salon.fiat.pl/oferta/238765,https://cdn.fcapoland.pl/uploads/00/238765/39ebca82e811f36b5d5b9ba4a5f54c69.jpg,Fiat,600,2026,0,KM,Hatchback,Lakier metalizowany Pomarańczowy Sole,New,98422 PLN,PLN,"{""addr1"": ""UL. WARSZAWSKA 158"", ""city"": ""BIELSKO-BIAŁA"", ""region"": ""ŚLĄSKIE"", ""country"": ""PL"", ""postal_code"": ""43-300""}",49.84307,19.03564,LEASE,876 PLN,per month,Hybrid,Automatic,FWD
238758,600 Sport · od 898 PLN/mies.,Fiat 600 Sport · Rata od 898 PLN netto/mies. · Leasing B2B · ŻORY · Sprawdź ofertę!,https://salon.fiat.pl/oferta/238758,https://cdn.fcapoland.pl/uploads/00/238758/3db8ca31d448ca464f0fcef19154abc9.jpg,Fiat,600,2026,0,KM,Hatchback,Lakier metalizowany Zielony Mediterraneo,New,100473 PLN,PLN,"{""addr1"": ""UL. KOŚCIUSZKI 79"", ""city"": ""ŻORY"", ""region"": ""ŚLĄSKIE"", ""country"": ""PL"", ""postal_code"": ""44-240""}",50.03099,18.70503,LEASE,898 PLN,per month,Hybrid,Automatic,FWD
238728,600 La Prima · od 943 PLN/mies.,Fiat 600 La Prima · Rata od 943 PLN netto/mies. · Leasing B2B · KATOWICE · Sprawdź ofertę!,https://salon.fiat.pl/oferta/238728,https://cdn.fcapoland.pl/uploads/00/238728/b0fb9768a6788559f2c6ac8ba77955da.jpg,Fiat,600,2026,0,KM,Hatchback,Lakier metalizowany Zielony Mare,New,102922 PLN,PLN,"{""addr1"": ""UL. ROZDZIENSKIEGO 170"", ""city"": ""KATOWICE"", ""region"": ""ŚLĄSKIE"", ""country"": ""PL"", ""postal_code"": ""40-203""}",50.264224,19.049744,LEASE,943 PLN,per month,Hybrid,Automatic,FWD
238723,600 La Prima · od 956 PLN/mies.,Fiat 600 La Prima · Rata od 956 PLN netto/mies. · Leasing B2B · ELBLAG · Sprawdź ofertę!,https://salon.fiat.pl/oferta/238723,https://cdn.fcapoland.pl/uploads/00/238723/8320e9f8ba2cd274b65011e817d78806.jpg,Fiat,600,2026,0,KM,Hatchback,Lakier metalizowany Pomarańczowy Sole,New,105214 PLN,PLN,"{""addr1"": ""UL. NOWODWORSKA 46"", ""city"": ""ELBLAG"", ""region"": ""WARMIŃSKO-MAZURSKIE"", ""country"": ""PL"", ""postal_code"": ""82-300""}",54.166,19.37664,LEASE,956 PLN,per month,Hybrid,Automatic,FWD
238713,600 La Prima · od 1033 PLN/mies.,Fiat 600 La Prima · Rata od 1033 PLN netto/mies. · Leasing B2B · SOSNOWIEC · Sprawdź ofertę!,https://salon.fiat.pl/oferta/238713,https://cdn.fcapoland.pl/uploads/00/238713/d5e53300710e8024f4eba7c13f4ca7ad.jpg,Fiat,600,2026,0,KM,Hatchback,Lakier pastelowy Biały Gelato z dachem w kolorze Czarny Cinema,New,101999 PLN,PLN,"{""addr1"": ""UL. ZUZANNY 36"", ""city"": ""SOSNOWIEC"", ""region"": ""ŚLĄSKIE"", ""country"": ""PL"", ""postal_code"": ""41-219""}",50.29942,19.16864,LEASE,1033 PLN,per month,Hybrid,Automatic,FWD
238662,500 La Prima,Fiat 500 La Prima · Leasing B2B · WROCLAW · Sprawdź ofertę!,https://salon.fiat.pl/oferta/238662,https://cdn.fcapoland.pl/uploads/00/238662/1_render.jpg,Fiat,500,2026,0,KM,Hatchback,Lakier metalizowany Zielony Ocean,New,90899 PLN,PLN,"{""addr1"": ""UL. KARKONOSKA 45"", ""city"": ""WROCLAW"", ""region"": ""DOLNOŚLĄSKIE"", ""country"": ""PL"", ""postal_code"": ""53-015""}",51.063822,17.000133,LEASE,,,Hybrid,Manual,FWD
238661,500 La Prima,Fiat 500 La Prima · Leasing B2B · NOWY TARG · Sprawdź ofertę!,https://salon.fiat.pl/oferta/238661,https://cdn.fcapoland.pl/uploads/00/238661/dd8cc870d72cc7463dd31182a833016a.jpg,Fiat,500,2026,0,KM,Hatchback,Lakier pastelowy Red by (RED),New,87150 PLN,PLN,"{""addr1"": ""UL. KRAKOWSKA 3"", ""city"": ""NOWY TARG"", ""region"": ""MAŁOPOLSKIE"", ""country"": ""PL"", ""postal_code"": ""34-400""}",49.45445,20.01966,LEASE,,,Hybrid,Manual,FWD
238659,500 La Prima,Fiat 500 La Prima · Leasing B2B · WROCLAW · Sprawdź ofertę!,https://salon.fiat.pl/oferta/238659,https://cdn.fcapoland.pl/uploads/00/238659/1_render.jpg,Fiat,500,2026,0,KM,Hatchback,Lakier pastelowy Biały Ice,New,91964 PLN,PLN,"{""addr1"": ""UL. KARKONOSKA 45"", ""city"": ""WROCLAW"", ""region"": ""DOLNOŚLĄSKIE"", ""country"": ""PL"", ""postal_code"": ""53-015""}",51.063822,17.000133,LEASE,,,Hybrid,Manual,FWD
238657,500 La Prima,Fiat 500 La Prima · Leasing B2B · WROCLAW · Sprawdź ofertę!,https://salon.fiat.pl/oferta/238657,https://cdn.fcapoland.pl/uploads/00/238657/1_render.jpg,Fiat,500,2026,0,KM,Hatchback,Lakier metalizowany Niebieski Celestial,New,90991 PLN,PLN,"{""addr1"": ""UL. KARKONOSKA 45"", ""city"": ""WROCLAW"", ""region"": ""DOLNOŚLĄSKIE"", ""country"": ""PL"", ""postal_code"": ""53-015""}",51.063822,17.000133,LEASE,,,Hybrid,Manual,FWD
238609,600 Pop · od 804 PLN/mies.,Fiat 600 Pop · Rata od 804 PLN netto/mies. · Leasing B2B · POZNAN · Sprawdź ofertę!,https://salon.fiat.pl/oferta/238609,https://cdn.fcapoland.pl/uploads/00/238609/1_render.jpg,Fiat,600,2026,0,KM,Hatchback,Lakier pastelowy Czarny Cinema,New,86265 PLN,PLN,"{""addr1"": ""UL. GORZYSLAWA 9"", ""city"": ""POZNAN"", ""region"": ""WIELKOPOLSKIE"", ""country"": ""PL"", ""postal_code"": ""61-057""}",52.408466,17.029606,LEASE,804 PLN,per month,Hybrid,Automatic,FWD
238596,600 La Prima · od 1383 PLN/mies.,Fiat 600 La Prima · Rata od 1383 PLN netto/mies. · Leasing B2B · RZESZOW · Sprawdź ofertę!,https://salon.fiat.pl/oferta/238596,https://cdn.fcapoland.pl/uploads/00/238596/63e4e3ae199471cd4e86235825440b2d.jpg,Fiat,600,2026,0,KM,Hatchback,Lakier metalizowany Kremowy Cappucino,New,99990 PLN,PLN,"{""addr1"": ""UL. WARSZAWSKA 135"", ""city"": ""RZESZOW"", ""region"": ""PODKARPACKIE"", ""country"": ""PL"", ""postal_code"": ""35-205""}",50.081623,21.984324,LEASE,1383 PLN,per month,Hybrid,Automatic,FWD
238513,500 La Prima,Fiat 500 La Prima · Leasing B2B · WROCLAW · Sprawdź ofertę!,https://salon.fiat.pl/oferta/238513,https://cdn.fcapoland.pl/uploads/00/238513/1_render.jpg,Fiat,500,2026,0,KM,Hatchback,Lakier metalizowany Zielony Ocean,New,90991 PLN,PLN,"{""addr1"": ""UL. KARKONOSKA 45"", ""city"": ""WROCLAW"", ""region"": ""DOLNOŚLĄSKIE"", ""country"": ""PL"", ""postal_code"": ""53-015""}",51.063822,17.000133,LEASE,,,Hybrid,Manual,FWD
238504,Grande Panda Icon · od 644 PLN/mies.,Fiat Grande Panda Icon · Rata od 644 PLN netto/mies. · Leasing B2B · LUBLIN · Sprawdź ofertę!,https://salon.fiat.pl/oferta/238504,https://cdn.fcapoland.pl/uploads/00/238504/2504785d87d16357a54a279aa263b0f0.jpg,Fiat,Grande Panda,2026,0,KM,Hatchback,Lakier pastelowy Biały Gelato,New,86000 PLN,PLN,"{""addr1"": ""UL MEŁGIEWSKA 10"", ""city"": ""LUBLIN"", ""region"": ""LUBELSKIE"", ""country"": ""PL"", ""postal_code"": ""20-209""}",51.24833,22.60831,LEASE,644 PLN,per month,Hybrid,Automatic,FWD
238478,600 Sport · od 1423 PLN/mies.,Fiat 600 Sport · Rata od 1423 PLN netto/mies. · Leasing B2B · WARSZAWA · Sprawdź ofertę!,https://salon.fiat.pl/oferta/238478,https://cdn.fcapoland.pl/uploads/00/238478/d6098b14140d64ffb996ae62d095f2b7.jpg,Fiat,600,2026,0,KM,Hatchback,Lakier metalizowany Zielony Mediterraneo,New,102900 PLN,PLN,"{""addr1"": ""UL.KRASNOBRODZKA 5"", ""city"": ""WARSZAWA"", ""region"": ""MAZOWIECKIE"", ""country"": ""PL"", ""postal_code"": ""03-214""}",52.3017,21.04088,LEASE,1423 PLN,per month,Hybrid,Automatic,FWD
238388,600 Sport · od 1382 PLN/mies.,Fiat 600 Sport · Rata od 1382 PLN netto/mies. · Leasing B2B · LUBLIN · Sprawdź ofertę!,https://salon.fiat.pl/oferta/238388,https://cdn.fcapoland.pl/uploads/00/238388/25fb3e41585759238918b8c234b08e13.jpg,Fiat,600,2026,0,KM,Hatchback,Lakier metalizowany Zielony Mediterraneo z dachem w kolorze Czarny Cinema,New,99900 PLN,PLN,"{""addr1"": ""UL MEŁGIEWSKA 10"", ""city"": ""LUBLIN"", ""region"": ""LUBELSKIE"", ""country"": ""PL"", ""postal_code"": ""20-209""}",51.24833,22.60831,LEASE,1382 PLN,per month,Hybrid,Automatic,FWD
238324,Grande Panda Icon · od 701 PLN/mies.,Fiat Grande Panda Icon · Rata od 701 PLN netto/mies. · Leasing B2B · CZESTOCHOWA · Sprawdź ofertę!,https://salon.fiat.pl/oferta/238324,https://cdn.fcapoland.pl/uploads/00/238324/1_render.jpg,Fiat,Grande Panda,2026,0,KM,Hatchback,Lakier metalizowany Niebieski Lago,New,80050 PLN,PLN,"{""addr1"": ""UL. BUGAJSKA 6/8"", ""city"": ""CZESTOCHOWA"", ""region"": ""ŚLĄSKIE"", ""country"": ""PL"", ""postal_code"": ""42-200""}",50.766723,19.165467,LEASE,701 PLN,per month,Gasoline,Manual,FWD
238224,500 La Prima,Fiat 500 La Prima · Leasing B2B · RYBNIK · Sprawdź ofertę!,https://salon.fiat.pl/oferta/238224,https://cdn.fcapoland.pl/uploads/00/238224/3ef9e166434610ffba15959aeebad0d0.jpg,Fiat,500,2026,0,KM,Hatchback,Lakier metalizowany Żółty Gold,New,87692 PLN,PLN,"{""addr1"": ""UL. ZORSKA 75"", ""city"": ""RYBNIK"", ""region"": ""ŚLĄSKIE"", ""country"": ""PL"", ""postal_code"": ""44-203""}",50.09212,18.57415,LEASE,,,Hybrid,Manual,FWD
238222,500 Icon,Fiat 500 Icon · Leasing B2B · RZESZOW · Sprawdź ofertę!,https://salon.fiat.pl/oferta/238222,https://cdn.fcapoland.pl/uploads/00/238222/7b1e0dfe6e1f627dc24ec0d46e978944.jpg,Fiat,500,2026,0,KM,Hatchback,Lakier metalizowany Niebieski Celestial,New,84900 PLN,PLN,"{""addr1"": ""UL. WARSZAWSKA 135"", ""city"": ""RZESZOW"", ""region"": ""PODKARPACKIE"", ""country"": ""PL"", ""postal_code"": ""35-205""}",50.081623,21.984324,LEASE,,,Hybrid,Manual,FWD
238171,600 La Prima · od 958 PLN/mies.,Fiat 600 La Prima · Rata od 958 PLN netto/mies. · Leasing B2B · KRAKOW · Sprawdź ofertę!,https://salon.fiat.pl/oferta/238171,https://cdn.fcapoland.pl/uploads/00/238171/1_render.jpg,Fiat,600,2026,0,KM,Hatchback,Lakier metalizowany Lazurowy Acqua,New,104582 PLN,PLN,"{""addr1"": ""UL. RADZIKOWSKIEGO 160"", ""city"": ""KRAKOW"", ""region"": ""MAŁOPOLSKIE"", ""country"": ""PL"", ""postal_code"": ""31-342""}",50.088212,19.888814,LEASE,958 PLN,per month,Hybrid,Automatic,FWD
238126,500 Icon,Fiat 500 Icon · Leasing B2B · ELBLAG · Sprawdź ofertę!,https://salon.fiat.pl/oferta/238126,https://cdn.fcapoland.pl/uploads/00/238126/f1718f8b35828e7756b3e87f3efdd13b.jpg,Fiat,500,2026,0,KM,Hatchback,Lakier metalizowany Niebieski Celestial,New,88790 PLN,PLN,"{""addr1"": ""UL. NOWODWORSKA 46"", ""city"": ""ELBLAG"", ""region"": ""WARMIŃSKO-MAZURSKIE"", ""country"": ""PL"", ""postal_code"": ""82-300""}",54.166,19.37664,LEASE,,,Hybrid,Manual,FWD
238122,Grande Panda Icon · od 743 PLN/mies.,Fiat Grande Panda Icon · Rata od 743 PLN netto/mies. · Leasing B2B · OPOLE · Sprawdź ofertę!,https://salon.fiat.pl/oferta/238122,https://cdn.fcapoland.pl/uploads/00/238122/185f586d8ee71b36e118a63a90f287f2.jpg,Fiat,Grande Panda,2026,0,KM,Hatchback,Lakier metalizowany Brazowy Luna,New,85460 PLN,PLN,"{""addr1"": ""UL. OLESKA 152"", ""city"": ""OPOLE"", ""region"": ""OPOLSKIE"", ""country"": ""PL"", ""postal_code"": ""45-239""}",50.690422,17.950222,LEASE,743 PLN,per month,Gasoline,Manual,FWD
237992,500 500 Torino,Fiat 500 500 Torino · Leasing B2B · BYDGOSZCZ · Sprawdź ofertę!,https://salon.fiat.pl/oferta/237992,https://cdn.fcapoland.pl/uploads/00/237992/295e3ab0d13d785c281541af575035d0.jpg,Fiat,500,2026,0,KM,Hatchback,Lakier metalizowany Żółty Gold,New,83000 PLN,PLN,"{""addr1"": ""AL. ARMII KRAJOWEJ 250"", ""city"": ""BYDGOSZCZ"", ""region"": ""KUJAWSKO-POMORSKIE"", ""country"": ""PL"", ""postal_code"": ""85-689""}",53.17261,18.05499,LEASE,,,Hybrid,Manual,FWD
237972,600 Sport · od 960 PLN/mies.,Fiat 600 Sport · Rata od 960 PLN netto/mies. · Leasing B2B · KATOWICE · Sprawdź ofertę!,https://salon.fiat.pl/oferta/237972,https://cdn.fcapoland.pl/uploads/00/237972/00ffcc736b344ffcb610804c6705891d.jpg,Fiat,600,2026,0,KM,Hatchback,Lakier metalizowany Zielony Mare,New,104830 PLN,PLN,"{""addr1"": ""UL. KOSCIUSZKI 261"", ""city"": ""KATOWICE"", ""region"": ""ŚLĄSKIE"", ""country"": ""PL"", ""postal_code"": ""40-690""}",50.209822,18.965429,LEASE,960 PLN,per month,Hybrid,Automatic,FWD
237921,500 La Prima,Fiat 500 La Prima · Leasing B2B · CZESTOCHOWA · Sprawdź ofertę!,https://salon.fiat.pl/oferta/237921,https://cdn.fcapoland.pl/uploads/00/237921/1_render.jpg,Fiat,500,2026,0,KM,Hatchback,Lakier metalizowany Żółty Gold,New,87800 PLN,PLN,"{""addr1"": ""UL. BUGAJSKA 6/8"", ""city"": ""CZESTOCHOWA"", ""region"": ""ŚLĄSKIE"", ""country"": ""PL"", ""postal_code"": ""42-200""}",50.766723,19.165467,LEASE,,,Hybrid,Manual,FWD
237917,Grande Panda Icon · od 775 PLN/mies.,Fiat Grande Panda Icon · Rata od 775 PLN netto/mies. · Leasing B2B · OLSZTYN · Sprawdź ofertę!,https://salon.fiat.pl/oferta/237917,https://cdn.fcapoland.pl/uploads/00/237917/29df5f8f7f20718963785cb925d40cfd.jpg,Fiat,Grande Panda,2026,0,KM,Hatchback,Lakier metalizowany Lazurowy Acqua,New,87348 PLN,PLN,"{""addr1"": ""AL. OBRONCOW TOBRUKU 5"", ""city"": ""OLSZTYN"", ""region"": ""WARMIŃSKO-MAZURSKIE"", ""country"": ""PL"", ""postal_code"": ""10-092""}",53.764244,20.481829,LEASE,775 PLN,per month,Gasoline,Manual,FWD
237881,500 La Prima,Fiat 500 La Prima · Leasing B2B · RZESZOW · Sprawdź ofertę!,https://salon.fiat.pl/oferta/237881,https://cdn.fcapoland.pl/uploads/00/237881/504638539c5dd6586c899abc3677d924.jpg,Fiat,500,2026,0,KM,Hatchback,Lakier metalizowany Żółty Gold,New,89900 PLN,PLN,"{""addr1"": ""UL. WARSZAWSKA 135"", ""city"": ""RZESZOW"", ""region"": ""PODKARPACKIE"", ""country"": ""PL"", ""postal_code"": ""35-205""}",50.081623,21.984324,LEASE,,,Hybrid,Manual,FWD
237876,500 La Prima,Fiat 500 La Prima · Leasing B2B · FALENTY · Sprawdź ofertę!,https://salon.fiat.pl/oferta/237876,https://cdn.fcapoland.pl/uploads/00/237876/28a48810245b5f2bb5903384ed5d78b6.jpg,Fiat,500,2026,0,KM,Hatchback,Lakier metalizowany Żółty Gold,New,92882 PLN,PLN,"{""addr1"": ""AL. KRAKOWSKA 8"", ""city"": ""FALENTY"", ""region"": ""MAZOWIECKIE"", ""country"": ""PL"", ""postal_code"": ""05-090""}",52.14213,20.90316,LEASE,,,Hybrid,Manual,FWD
237852,500 Icon,Fiat 500 Icon · Leasing B2B · ŻORY · Sprawdź ofertę!,https://salon.fiat.pl/oferta/237852,https://cdn.fcapoland.pl/uploads/00/237852/4bbec283aa8098f67a5d57793a2292cb.jpg,Fiat,500,2026,0,KM,Hatchback,Lakier metalizowany Zielony Ocean,New,85312 PLN,PLN,"{""addr1"": ""UL. KOŚCIUSZKI 79"", ""city"": ""ŻORY"", ""region"": ""ŚLĄSKIE"", ""country"": ""PL"", ""postal_code"": ""44-240""}",50.03099,18.70503,LEASE,,,Hybrid,Manual,FWD
237850,500 La Prima,Fiat 500 La Prima · Leasing B2B · ŻORY · Sprawdź ofertę!,https://salon.fiat.pl/oferta/237850,https://cdn.fcapoland.pl/uploads/00/237850/b8eec1b434cd9d7f5dac81c08456053d.jpg,Fiat,500,2026,0,KM,Hatchback,Lakier metalizowany Zielony Ocean,New,92890 PLN,PLN,"{""addr1"": ""UL. KOŚCIUSZKI 79"", ""city"": ""ŻORY"", ""region"": ""ŚLĄSKIE"", ""country"": ""PL"", ""postal_code"": ""44-240""}",50.03099,18.70503,LEASE,,,Hybrid,Manual,FWD
237849,500 Pop,Fiat 500 Pop · Leasing B2B · BYDGOSZCZ · Sprawdź ofertę!,https://salon.fiat.pl/oferta/237849,https://cdn.fcapoland.pl/uploads/00/237849/d33db4ba2ab4f3c485c8d97d0be2f4fd.jpg,Fiat,500,2026,0,KM,Hatchback,Lakier pastelowy Biały Ice,New,74950 PLN,PLN,"{""addr1"": ""AL. ARMII KRAJOWEJ 250"", ""city"": ""BYDGOSZCZ"", ""region"": ""KUJAWSKO-POMORSKIE"", ""country"": ""PL"", ""postal_code"": ""85-689""}",53.17261,18.05499,LEASE,,,Hybrid,Manual,FWD
237848,500 La Prima,Fiat 500 La Prima · Leasing B2B · ŁÓDŹ · Sprawdź ofertę!,https://salon.fiat.pl/oferta/237848,https://cdn.fcapoland.pl/uploads/00/237848/1_render.jpg,Fiat,500,2026,0,KM,Hatchback,Lakier metalizowany Zielony Ocean,New,92382 PLN,PLN,"{""addr1"": ""UL.PABIANICKA 94/96"", ""city"": ""ŁÓDŹ"", ""region"": ""ŁÓDZKIE"", ""country"": ""PL"", ""postal_code"": ""93-548""}",51.72592,19.44758,LEASE,,,Hybrid,Manual,FWD
237844,600 La Prima · od 929 PLN/mies.,Fiat 600 La Prima · Rata od 929 PLN netto/mies. · Leasing B2B · LUBLIN · Sprawdź ofertę!,https://salon.fiat.pl/oferta/237844,https://cdn.fcapoland.pl/uploads/00/237844/18728a924815eb36f27e91142a227a08.jpg,Fiat,600,2026,0,KM,Hatchback,Lakier metalizowany Kremowy Cappucino,New,103400 PLN,PLN,"{""addr1"": ""UL MEŁGIEWSKA 10"", ""city"": ""LUBLIN"", ""region"": ""LUBELSKIE"", ""country"": ""PL"", ""postal_code"": ""20-209""}",51.24833,22.60831,LEASE,929 PLN,per month,Hybrid,Automatic,FWD
237842,600 La Prima · od 1417 PLN/mies.,Fiat 600 La Prima · Rata od 1417 PLN netto/mies. · Leasing B2B · LUBLIN · Sprawdź ofertę!,https://salon.fiat.pl/oferta/237842,https://cdn.fcapoland.pl/uploads/00/237842/a073553b634f3ef8d18745dba73ea558.jpg,Fiat,600,2026,0,KM,Hatchback,Lakier metalizowany Zielony Mare z dachem w kolorze Czarny Cinema,New,102500 PLN,PLN,"{""addr1"": ""UL MEŁGIEWSKA 10"", ""city"": ""LUBLIN"", ""region"": ""LUBELSKIE"", ""country"": ""PL"", ""postal_code"": ""20-209""}",51.24833,22.60831,LEASE,1417 PLN,per month,Hybrid,Automatic,FWD
237840,600 La Prima · od 929 PLN/mies.,Fiat 600 La Prima · Rata od 929 PLN netto/mies. · Leasing B2B · LUBLIN · Sprawdź ofertę!,https://salon.fiat.pl/oferta/237840,https://cdn.fcapoland.pl/uploads/00/237840/57ba78278062e1146004d7741a115a64.jpg,Fiat,600,2026,0,KM,Hatchback,Lakier metalizowany Kremowy Cappucino,New,103400 PLN,PLN,"{""addr1"": ""UL MEŁGIEWSKA 10"", ""city"": ""LUBLIN"", ""region"": ""LUBELSKIE"", ""country"": ""PL"", ""postal_code"": ""20-209""}",51.24833,22.60831,LEASE,929 PLN,per month,Hybrid,Automatic,FWD
237817,500 La Prima,Fiat 500 La Prima · Leasing B2B · LUBLIN · Sprawdź ofertę!,https://salon.fiat.pl/oferta/237817,https://cdn.fcapoland.pl/uploads/00/237817/02a00390e8f8fd212fd530d9465dfe4e.jpg,Fiat,500,2026,0,KM,Hatchback,Lakier metalizowany Złoty Rose,New,91000 PLN,PLN,"{""addr1"": ""UL MEŁGIEWSKA 10"", ""city"": ""LUBLIN"", ""region"": ""LUBELSKIE"", ""country"": ""PL"", ""postal_code"": ""20-209""}",51.24833,22.60831,LEASE,,,Hybrid,Manual,FWD
237813,500 500 Torino,Fiat 500 500 Torino · Leasing B2B · KATOWICE · Sprawdź ofertę!,https://salon.fiat.pl/oferta/237813,https://cdn.fcapoland.pl/uploads/00/237813/61281b8ad14ca97192ae7507124fbb9f.jpg,Fiat,500,2026,0,KM,Hatchback,Lakier metalizowany Złoty Rose,New,84110 PLN,PLN,"{""addr1"": ""UL. ROZDZIENSKIEGO 170"", ""city"": ""KATOWICE"", ""region"": ""ŚLĄSKIE"", ""country"": ""PL"", ""postal_code"": ""40-203""}",50.264224,19.049744,LEASE,,,Hybrid,Manual,FWD
237802,600 La Prima · od 929 PLN/mies.,Fiat 600 La Prima · Rata od 929 PLN netto/mies. · Leasing B2B · LUBLIN · Sprawdź ofertę!,https://salon.fiat.pl/oferta/237802,https://cdn.fcapoland.pl/uploads/00/237802/a7b63e1ae0d90137836247cd91a19234.jpg,Fiat,600,2026,0,KM,Hatchback,Lakier metalizowany Zielony Mare,New,103400 PLN,PLN,"{""addr1"": ""UL MEŁGIEWSKA 10"", ""city"": ""LUBLIN"", ""region"": ""LUBELSKIE"", ""country"": ""PL"", ""postal_code"": ""20-209""}",51.24833,22.60831,LEASE,929 PLN,per month,Hybrid,Automatic,FWD
237776,500 Icon,Fiat 500 Icon · Leasing B2B · CZESTOCHOWA · Sprawdź ofertę!,https://salon.fiat.pl/oferta/237776,https://cdn.fcapoland.pl/uploads/00/237776/1_render.jpg,Fiat,500,2026,0,KM,Hatchback,Lakier pastelowy Red by (RED),New,83700 PLN,PLN,"{""addr1"": ""UL. BUGAJSKA 6/8"", ""city"": ""CZESTOCHOWA"", ""region"": ""ŚLĄSKIE"", ""country"": ""PL"", ""postal_code"": ""42-200""}",50.766723,19.165467,LEASE,,,Hybrid,Manual,FWD
237748,500 La Prima,Fiat 500 La Prima · Leasing B2B · RZESZOW · Sprawdź ofertę!,https://salon.fiat.pl/oferta/237748,https://cdn.fcapoland.pl/uploads/00/237748/562ad1bdd27cb4ffdfd0aa1f959d806a.jpg,Fiat,500,2026,0,KM,Hatchback,Lakier metalizowany Zielony Ocean,New,89900 PLN,PLN,"{""addr1"": ""UL. WARSZAWSKA 135"", ""city"": ""RZESZOW"", ""region"": ""PODKARPACKIE"", ""country"": ""PL"", ""postal_code"": ""35-205""}",50.081623,21.984324,LEASE,,,Hybrid,Manual,FWD
237746,500 Icon,Fiat 500 Icon · Leasing B2B · KRAKOW · Sprawdź ofertę!,https://salon.fiat.pl/oferta/237746,https://cdn.fcapoland.pl/uploads/00/237746/1_render.jpg,Fiat,500,2026,0,KM,Hatchback,Lakier metalizowany Niebieski Celestial,New,82355 PLN,PLN,"{""addr1"": ""UL. RADZIKOWSKIEGO 160"", ""city"": ""KRAKOW"", ""region"": ""MAŁOPOLSKIE"", ""country"": ""PL"", ""postal_code"": ""31-342""}",50.088212,19.888814,LEASE,,,Hybrid,Manual,FWD
237745,500 Icon,Fiat 500 Icon · Leasing B2B · KRAKOW · Sprawdź ofertę!,https://salon.fiat.pl/oferta/237745,https://cdn.fcapoland.pl/uploads/00/237745/1_render.jpg,Fiat,500,2026,0,KM,Hatchback,Lakier metalizowany Złoty Rose,New,80552 PLN,PLN,"{""addr1"": ""UL. RADZIKOWSKIEGO 160"", ""city"": ""KRAKOW"", ""region"": ""MAŁOPOLSKIE"", ""country"": ""PL"", ""postal_code"": ""31-342""}",50.088212,19.888814,LEASE,,,Hybrid,Manual,FWD
237743,500 Icon,Fiat 500 Icon · Leasing B2B · CZESTOCHOWA · Sprawdź ofertę!,https://salon.fiat.pl/oferta/237743,https://cdn.fcapoland.pl/uploads/00/237743/1_render.jpg,Fiat,500,2026,0,KM,Hatchback,Lakier metalizowany Żółty Gold,New,84400 PLN,PLN,"{""addr1"": ""UL. BUGAJSKA 6/8"", ""city"": ""CZESTOCHOWA"", ""region"": ""ŚLĄSKIE"", ""country"": ""PL"", ""postal_code"": ""42-200""}",50.766723,19.165467,LEASE,,,Hybrid,Manual,FWD
237741,500 Icon,Fiat 500 Icon · Leasing B2B · BYDGOSZCZ · Sprawdź ofertę!,https://salon.fiat.pl/oferta/237741,https://cdn.fcapoland.pl/uploads/00/237741/aa930cc6e654d967cc69d098c609c7ee.jpg,Fiat,500,2026,0,KM,Hatchback,Lakier pastelowy Czarny Onyx,New,75750 PLN,PLN,"{""addr1"": ""AL. ARMII KRAJOWEJ 250"", ""city"": ""BYDGOSZCZ"", ""region"": ""KUJAWSKO-POMORSKIE"", ""country"": ""PL"", ""postal_code"": ""85-689""}",53.17261,18.05499,LEASE,,,Hybrid,Manual,FWD
237658,500 Icon,Fiat 500 Icon · Leasing B2B · KRAKOW · Sprawdź ofertę!,https://salon.fiat.pl/oferta/237658,https://cdn.fcapoland.pl/uploads/00/237658/1_render.jpg,Fiat,500,2026,0,KM,Hatchback,Lakier metalizowany Złoty Rose,New,81505 PLN,PLN,"{""addr1"": ""UL. RADZIKOWSKIEGO 160"", ""city"": ""KRAKOW"", ""region"": ""MAŁOPOLSKIE"", ""country"": ""PL"", ""postal_code"": ""31-342""}",50.088212,19.888814,LEASE,,,Hybrid,Manual,FWD
237655,Grande Panda Icon · od 715 PLN/mies.,Fiat Grande Panda Icon · Rata od 715 PLN netto/mies. · Leasing B2B · KATOWICE · Sprawdź ofertę!,https://salon.fiat.pl/oferta/237655,https://cdn.fcapoland.pl/uploads/00/237655/e9b28782b96faf5517d9018a5ab0ada3.jpg,Fiat,Grande Panda,2026,0,KM,Hatchback,Lakier metalizowany Lazurowy Acqua,New,80450 PLN,PLN,"{""addr1"": ""UL. KOSCIUSZKI 261"", ""city"": ""KATOWICE"", ""region"": ""ŚLĄSKIE"", ""country"": ""PL"", ""postal_code"": ""40-690""}",50.209822,18.965429,LEASE,715 PLN,per month,Gasoline,Manual,FWD
237602,500 La Prima,Fiat 500 La Prima · Leasing B2B · ŁÓDŹ · Sprawdź ofertę!,https://salon.fiat.pl/oferta/237602,https://cdn.fcapoland.pl/uploads/00/237602/1_render.jpg,Fiat,500,2026,0,KM,Hatchback,Lakier pastelowy Biały Ice,New,89890 PLN,PLN,"{""addr1"": ""UL.PABIANICKA 94/96"", ""city"": ""ŁÓDŹ"", ""region"": ""ŁÓDZKIE"", ""country"": ""PL"", ""postal_code"": ""93-548""}",51.72592,19.44758,LEASE,,,Hybrid,Manual,FWD
237563,500 Icon,Fiat 500 Icon · Leasing B2B · KRAKOW · Sprawdź ofertę!,https://salon.fiat.pl/oferta/237563,https://cdn.fcapoland.pl/uploads/00/237563/1_render.jpg,Fiat,500,2026,0,KM,Hatchback,Lakier metalizowany Niebieski Celestial,New,81505 PLN,PLN,"{""addr1"": ""UL. RADZIKOWSKIEGO 160"", ""city"": ""KRAKOW"", ""region"": ""MAŁOPOLSKIE"", ""country"": ""PL"", ""postal_code"": ""31-342""}",50.088212,19.888814,LEASE,,,Hybrid,Manual,FWD
237477,500 500 Torino,Fiat 500 500 Torino · Leasing B2B · ŁÓDŹ · Sprawdź ofertę!,https://salon.fiat.pl/oferta/237477,https://cdn.fcapoland.pl/uploads/00/237477/1_render.jpg,Fiat,500,2026,0,KM,Hatchback,Lakier metalizowany Zielony Ocean,New,82681 PLN,PLN,"{""addr1"": ""UL.PABIANICKA 94/96"", ""city"": ""ŁÓDŹ"", ""region"": ""ŁÓDZKIE"", ""country"": ""PL"", ""postal_code"": ""93-548""}",51.72592,19.44758,LEASE,,,Hybrid,Manual,FWD
237476,500 La Prima,Fiat 500 La Prima · Leasing B2B · NOWY TARG · Sprawdź ofertę!,https://salon.fiat.pl/oferta/237476,https://cdn.fcapoland.pl/uploads/00/237476/c0102afdcdf019b50de9c69dae6b10b3.jpg,Fiat,500,2026,0,KM,Hatchback,Lakier pastelowy Red by (RED),New,84900 PLN,PLN,"{""addr1"": ""UL. KRAKOWSKA 3"", ""city"": ""NOWY TARG"", ""region"": ""MAŁOPOLSKIE"", ""country"": ""PL"", ""postal_code"": ""34-400""}",49.45445,20.01966,LEASE,,,Hybrid,Manual,FWD
237337,500 La Prima,Fiat 500 La Prima · Leasing B2B · ŻORY · Sprawdź ofertę!,https://salon.fiat.pl/oferta/237337,https://cdn.fcapoland.pl/uploads/00/237337/d12908b187f47207a5667773019f496a.jpg,Fiat,500,2026,0,KM,Hatchback,Lakier metalizowany Żółty Gold,New,92890 PLN,PLN,"{""addr1"": ""UL. KOŚCIUSZKI 79"", ""city"": ""ŻORY"", ""region"": ""ŚLĄSKIE"", ""country"": ""PL"", ""postal_code"": ""44-240""}",50.03099,18.70503,LEASE,,,Hybrid,Manual,FWD
237336,500 La Prima,Fiat 500 La Prima · Leasing B2B · CZESTOCHOWA · Sprawdź ofertę!,https://salon.fiat.pl/oferta/237336,https://cdn.fcapoland.pl/uploads/00/237336/1_render.jpg,Fiat,500,2026,0,KM,Hatchback,Lakier metalizowany Zielony Ocean,New,88000 PLN,PLN,"{""addr1"": ""UL. BUGAJSKA 6/8"", ""city"": ""CZESTOCHOWA"", ""region"": ""ŚLĄSKIE"", ""country"": ""PL"", ""postal_code"": ""42-200""}",50.766723,19.165467,LEASE,,,Hybrid,Manual,FWD
237240,600 La Prima · od 932 PLN/mies.,Fiat 600 La Prima · Rata od 932 PLN netto/mies. · Leasing B2B · GORZOW WIELKOPOLSKI · Sprawdź ofertę!,https://salon.fiat.pl/oferta/237240,https://cdn.fcapoland.pl/uploads/00/237240/c86cc15e3f01bedb9c828789245c6786.jpg,Fiat,600,2026,0,KM,Hatchback,Lakier metalizowany Zielony Mare,New,101677 PLN,PLN,"{""addr1"": ""UL. KASPRZAKA 1A"", ""city"": ""GORZOW WIELKOPOLSKI"", ""region"": ""LUBUSKIE"", ""country"": ""PL"", ""postal_code"": ""66-400""}",52.716825,15.24883,LEASE,932 PLN,per month,Hybrid,Automatic,FWD
237139,500 La Prima,Fiat 500 La Prima · Leasing B2B · BIALYSTOK · Sprawdź ofertę!,https://salon.fiat.pl/oferta/237139,https://cdn.fcapoland.pl/uploads/00/237139/e2bba3380dd5c8420617aa158f931675.jpg,Fiat,500,2026,0,KM,Hatchback,Lakier metalizowany Złoty Rose,New,105164 PLN,PLN,"{""addr1"": ""UL. GEN. WLADYSLAWA ANDERSA 71"", ""city"": ""BIALYSTOK"", ""region"": ""PODLASKIE"", ""country"": ""PL"", ""postal_code"": ""15-113""}",53.1563,23.1446,LEASE,,,Hybrid,Manual,FWD
236830,500 La Prima,Fiat 500 La Prima · Leasing B2B · WARSZAWA · Sprawdź ofertę!,https://salon.fiat.pl/oferta/236830,https://cdn.fcapoland.pl/uploads/00/236830/0896e2c923e2d51df086ec529dfee47f.jpg,Fiat,500,2026,0,KM,Hatchback,Lakier pastelowy Biały Ice,New,89900 PLN,PLN,"{""addr1"": ""UL.KRASNOBRODZKA 5"", ""city"": ""WARSZAWA"", ""region"": ""MAZOWIECKIE"", ""country"": ""PL"", ""postal_code"": ""03-214""}",52.3017,21.04088,LEASE,,,Hybrid,Manual,FWD
236697,500 500 Torino,Fiat 500 500 Torino · Leasing B2B · WARSZAWA · Sprawdź ofertę!,https://salon.fiat.pl/oferta/236697,https://cdn.fcapoland.pl/uploads/00/236697/d342456025e3d8eb9854174b589980b4.jpg,Fiat,500,2026,0,KM,Hatchback,Lakier pastelowy Biały Ice,New,72900 PLN,PLN,"{""addr1"": ""UL.KRASNOBRODZKA 5"", ""city"": ""WARSZAWA"", ""region"": ""MAZOWIECKIE"", ""country"": ""PL"", ""postal_code"": ""03-214""}",52.3017,21.04088,LEASE,,,Hybrid,Manual,FWD
236642,500 Icon,Fiat 500 Icon · Leasing B2B · SOSNOWIEC · Sprawdź ofertę!,https://salon.fiat.pl/oferta/236642,https://cdn.fcapoland.pl/uploads/00/236642/b15d51c9994c6b0ee43d657a33428103.jpg,Fiat,500,2026,0,KM,Hatchback,Lakier pastelowy Czarny Onyx,New,80499 PLN,PLN,"{""addr1"": ""UL. ZUZANNY 36"", ""city"": ""SOSNOWIEC"", ""region"": ""ŚLĄSKIE"", ""country"": ""PL"", ""postal_code"": ""41-219""}",50.29942,19.16864,LEASE,,,Hybrid,Manual,FWD
236641,500 La Prima,Fiat 500 La Prima · Leasing B2B · SOSNOWIEC · Sprawdź ofertę!,https://salon.fiat.pl/oferta/236641,https://cdn.fcapoland.pl/uploads/00/236641/5471535b714c0628728b20f3edfa98ae.jpg,Fiat,500,2026,0,KM,Hatchback,Lakier metalizowany Zielony Ocean,New,100199 PLN,PLN,"{""addr1"": ""UL. ZUZANNY 36"", ""city"": ""SOSNOWIEC"", ""region"": ""ŚLĄSKIE"", ""country"": ""PL"", ""postal_code"": ""41-219""}",50.29942,19.16864,LEASE,,,Hybrid,Manual,FWD
236639,500 Icon,Fiat 500 Icon · Leasing B2B · KATOWICE · Sprawdź ofertę!,https://salon.fiat.pl/oferta/236639,https://cdn.fcapoland.pl/uploads/00/236639/cb5332e6744a5cc6ef7989d2dd5b88b9.jpg,Fiat,500,2026,0,KM,Hatchback,Lakier metalizowany Żółty Gold,New,82220 PLN,PLN,"{""addr1"": ""UL. ROZDZIENSKIEGO 170"", ""city"": ""KATOWICE"", ""region"": ""ŚLĄSKIE"", ""country"": ""PL"", ""postal_code"": ""40-203""}",50.264224,19.049744,LEASE,,,Hybrid,Manual,FWD
236637,500 La Prima,Fiat 500 La Prima · Leasing B2B · ŁÓDŹ · Sprawdź ofertę!,https://salon.fiat.pl/oferta/236637,https://cdn.fcapoland.pl/uploads/00/236637/1_render.jpg,Fiat,500,2026,0,KM,Hatchback,Lakier metalizowany Żółty Gold,New,90602 PLN,PLN,"{""addr1"": ""UL.PABIANICKA 94/96"", ""city"": ""ŁÓDŹ"", ""region"": ""ŁÓDZKIE"", ""country"": ""PL"", ""postal_code"": ""93-548""}",51.72592,19.44758,LEASE,,,Hybrid,Manual,FWD
236631,500 Icon,Fiat 500 Icon · Leasing B2B · KRAKÓW-LIBERTÓW · Sprawdź ofertę!,https://salon.fiat.pl/oferta/236631,https://cdn.fcapoland.pl/uploads/00/236631/a2bbf803ba7bcba5920b9da6ef47377a.jpg,Fiat,500,2026,0,KM,Hatchback,Lakier pastelowy Biały Ice,New,76830 PLN,PLN,"{""addr1"": ""UL. GÓRA LIBERTOWSKA 12"", ""city"": ""KRAKÓW-LIBERTÓW"", ""region"": ""MAŁOPOLSKIE"", ""country"": ""PL"", ""postal_code"": ""30-444""}",49.97992,19.90923,LEASE,,,Hybrid,Manual,FWD
236628,500 La Prima,Fiat 500 La Prima · Leasing B2B · WARSZAWA · Sprawdź ofertę!,https://salon.fiat.pl/oferta/236628,https://cdn.fcapoland.pl/uploads/00/236628/db4535be7062562c3726e57a75ced7f1.jpg,Fiat,500,2026,0,KM,Hatchback,Lakier metalizowany Złoty Rose,New,89900 PLN,PLN,"{""addr1"": ""UL.KRASNOBRODZKA 5"", ""city"": ""WARSZAWA"", ""region"": ""MAZOWIECKIE"", ""country"": ""PL"", ""postal_code"": ""03-214""}",52.3017,21.04088,LEASE,,,Hybrid,Manual,FWD
236548,500 500 Torino,Fiat 500 500 Torino · Leasing B2B · WARSZAWA · Sprawdź ofertę!,https://salon.fiat.pl/oferta/236548,https://cdn.fcapoland.pl/uploads/00/236548/1316b6e82274206fb01a45a1f6b7c5d9.jpg,Fiat,500,2026,0,KM,Hatchback,Lakier metalizowany Żółty Gold,New,72900 PLN,PLN,"{""addr1"": ""UL.KRASNOBRODZKA 5"", ""city"": ""WARSZAWA"", ""region"": ""MAZOWIECKIE"", ""country"": ""PL"", ""postal_code"": ""03-214""}",52.3017,21.04088,LEASE,,,Hybrid,Manual,FWD
236545,500 La Prima,Fiat 500 La Prima · Leasing B2B · RZESZOW · Sprawdź ofertę!,https://salon.fiat.pl/oferta/236545,https://cdn.fcapoland.pl/uploads/00/236545/484a788b03cf539f6fd20b0267a49680.jpg,Fiat,500,2026,0,KM,Hatchback,Lakier metalizowany Niebieski Celestial,New,89900 PLN,PLN,"{""addr1"": ""UL. WARSZAWSKA 135"", ""city"": ""RZESZOW"", ""region"": ""PODKARPACKIE"", ""country"": ""PL"", ""postal_code"": ""35-205""}",50.081623,21.984324,LEASE,,,Hybrid,Manual,FWD
236542,500 500 Torino,Fiat 500 500 Torino · Leasing B2B · KATOWICE · Sprawdź ofertę!,https://salon.fiat.pl/oferta/236542,https://cdn.fcapoland.pl/uploads/00/236542/15b46e1137fe0b8c0a5f56e61f37c469.jpg,Fiat,500,2026,0,KM,Hatchback,Lakier metalizowany Niebieski Celestial,New,84110 PLN,PLN,"{""addr1"": ""UL. ROZDZIENSKIEGO 170"", ""city"": ""KATOWICE"", ""region"": ""ŚLĄSKIE"", ""country"": ""PL"", ""postal_code"": ""40-203""}",50.264224,19.049744,LEASE,,,Hybrid,Manual,FWD
236504,500 500 Torino,Fiat 500 500 Torino · Leasing B2B · KATOWICE · Sprawdź ofertę!,https://salon.fiat.pl/oferta/236504,https://cdn.fcapoland.pl/uploads/00/236504/be6170d591a5f42dc97997a91a3545d6.jpg,Fiat,500,2026,0,KM,Hatchback,Lakier pastelowy Czarny Onyx,New,81590 PLN,PLN,"{""addr1"": ""UL. ROZDZIENSKIEGO 170"", ""city"": ""KATOWICE"", ""region"": ""ŚLĄSKIE"", ""country"": ""PL"", ""postal_code"": ""40-203""}",50.264224,19.049744,LEASE,,,Hybrid,Manual,FWD
236502,500 500 Torino,Fiat 500 500 Torino · Leasing B2B · GREBOW · Sprawdź ofertę!,https://salon.fiat.pl/oferta/236502,https://cdn.fcapoland.pl/uploads/00/236502/cac2c2e4368644ba7bdf39d7781b476a.jpg,Fiat,500,2026,0,KM,Hatchback,Lakier metalizowany Niebieski Celestial,New,78900 PLN,PLN,"{""addr1"": ""JAMNICA 160"", ""city"": ""GREBOW"", ""region"": ""PODKARPACKIE"", ""country"": ""PL"", ""postal_code"": ""39-410""}",50.5731,21.94109,LEASE,,,Hybrid,Manual,FWD
236499,500 500 Torino,Fiat 500 500 Torino · Leasing B2B · PLOCK · Sprawdź ofertę!,https://salon.fiat.pl/oferta/236499,https://cdn.fcapoland.pl/uploads/00/236499/57018d6fc6fd26a41f5c3f5fb958992a.jpg,Fiat,500,2026,0,KM,Hatchback,Lakier metalizowany Żółty Gold,New,85500 PLN,PLN,"{""addr1"": ""UL. BIELSKA 55"", ""city"": ""PLOCK"", ""region"": ""MAZOWIECKIE"", ""country"": ""PL"", ""postal_code"": ""09-400""}",52.55506,19.69753,LEASE,,,Hybrid,Manual,FWD
236469,500 500 Torino,Fiat 500 500 Torino · Leasing B2B · PLOCK · Sprawdź ofertę!,https://salon.fiat.pl/oferta/236469,https://cdn.fcapoland.pl/uploads/00/236469/6a61c0ad2bde2b7611165ba94975dc94.jpg,Fiat,500,2026,0,KM,Hatchback,Lakier metalizowany Zielony Ocean,New,88500 PLN,PLN,"{""addr1"": ""UL. BIELSKA 55"", ""city"": ""PLOCK"", ""region"": ""MAZOWIECKIE"", ""country"": ""PL"", ""postal_code"": ""09-400""}",52.55506,19.69753,LEASE,,,Hybrid,Manual,FWD
236404,500 Icon,Fiat 500 Icon · Leasing B2B · PLOCK · Sprawdź ofertę!,https://salon.fiat.pl/oferta/236404,https://cdn.fcapoland.pl/uploads/00/236404/887266de60a87cf6680b581db80a0978.jpg,Fiat,500,2026,0,KM,Hatchback,Lakier metalizowany Żółty Gold,New,88500 PLN,PLN,"{""addr1"": ""UL. BIELSKA 55"", ""city"": ""PLOCK"", ""region"": ""MAZOWIECKIE"", ""country"": ""PL"", ""postal_code"": ""09-400""}",52.55506,19.69753,LEASE,,,Hybrid,Manual,FWD
236403,500 500 Torino,Fiat 500 500 Torino · Leasing B2B · ŁÓDŹ · Sprawdź ofertę!,https://salon.fiat.pl/oferta/236403,https://cdn.fcapoland.pl/uploads/00/236403/e8c7313436eb13d7714ed7d77c48cb1d.jpg,Fiat,500,2026,0,KM,Hatchback,Lakier metalizowany Żółty Gold,New,72000 PLN,PLN,"{""addr1"": ""UL. SZPARAGOWA 4"", ""city"": ""ŁÓDŹ"", ""region"": ""ŁÓDZKIE"", ""country"": ""PL"", ""postal_code"": ""91-211""}",51.8027,19.37677,LEASE,,,Hybrid,Manual,FWD
236359,500 500 Torino,Fiat 500 500 Torino · Leasing B2B · GREBOW · Sprawdź ofertę!,https://salon.fiat.pl/oferta/236359,https://cdn.fcapoland.pl/uploads/00/236359/3b8b63e41ed8fdab568d88c408e13f13.jpg,Fiat,500,2026,0,KM,Hatchback,Lakier metalizowany Zielony Ocean,New,78900 PLN,PLN,"{""addr1"": ""JAMNICA 160"", ""city"": ""GREBOW"", ""region"": ""PODKARPACKIE"", ""country"": ""PL"", ""postal_code"": ""39-410""}",50.5731,21.94109,LEASE,,,Hybrid,Manual,FWD
236316,500 500 Torino,Fiat 500 500 Torino · Leasing B2B · RYBNIK · Sprawdź ofertę!,https://salon.fiat.pl/oferta/236316,https://cdn.fcapoland.pl/uploads/00/236316/866ef27e60f2eee8dec3c3d5eddcb19f.jpg,Fiat,500,2026,0,KM,Hatchback,Lakier pastelowy Red by (RED),New,82469 PLN,PLN,"{""addr1"": ""UL. ZORSKA 75"", ""city"": ""RYBNIK"", ""region"": ""ŚLĄSKIE"", ""country"": ""PL"", ""postal_code"": ""44-203""}",50.09212,18.57415,LEASE,,,Hybrid,Manual,FWD
236315,500 Pop,Fiat 500 Pop · Leasing B2B · RYBNIK · Sprawdź ofertę!,https://salon.fiat.pl/oferta/236315,https://cdn.fcapoland.pl/uploads/00/236315/fcb8cbd2dcbe4f8216d4f39ff77c60ee.jpg,Fiat,500,2026,0,KM,Hatchback,Lakier pastelowy Czarny Onyx,New,70200 PLN,PLN,"{""addr1"": ""UL. ZORSKA 75"", ""city"": ""RYBNIK"", ""region"": ""ŚLĄSKIE"", ""country"": ""PL"", ""postal_code"": ""44-203""}",50.09212,18.57415,LEASE,,,Hybrid,Manual,FWD
236314,500 500 Torino,Fiat 500 500 Torino · Leasing B2B · NOWY TARG · Sprawdź ofertę!,https://salon.fiat.pl/oferta/236314,https://cdn.fcapoland.pl/uploads/00/236314/5f509058e80bdf2f8e50edca176d0166.jpg,Fiat,500,2026,0,KM,Hatchback,Lakier metalizowany Zielony Ocean,New,78965 PLN,PLN,"{""addr1"": ""UL. KRAKOWSKA 3"", ""city"": ""NOWY TARG"", ""region"": ""MAŁOPOLSKIE"", ""country"": ""PL"", ""postal_code"": ""34-400""}",49.45445,20.01966,LEASE,,,Hybrid,Manual,FWD
236305,Grande Panda La Prima · od 539 PLN/mies.,Fiat Grande Panda La Prima · Rata od 539 PLN netto/mies. · Leasing B2B · PLOCK · Sprawdź ofertę!,https://salon.fiat.pl/oferta/236305,https://cdn.fcapoland.pl/uploads/00/236305/6bec99cdcaaed8de0abf2eeae98e5551.jpg,Fiat,Grande Panda,2026,0,KM,Hatchback,Lakier metalizowany Lazurowy Acqua,New,124500 PLN,PLN,"{""addr1"": ""UL. BIELSKA 55"", ""city"": ""PLOCK"", ""region"": ""MAZOWIECKIE"", ""country"": ""PL"", ""postal_code"": ""09-400""}",52.55506,19.69753,LEASE,539 PLN,per month,Electric,Automatic,FWD
236287,500 500 Torino,Fiat 500 500 Torino · Leasing B2B · ŁÓDŹ · Sprawdź ofertę!,https://salon.fiat.pl/oferta/236287,https://cdn.fcapoland.pl/uploads/00/236287/b5781847e6f1dc10066814eabbdcf4cf.jpg,Fiat,500,2026,0,KM,Hatchback,Lakier pastelowy Biały Ice,New,72000 PLN,PLN,"{""addr1"": ""UL. SZPARAGOWA 4"", ""city"": ""ŁÓDŹ"", ""region"": ""ŁÓDZKIE"", ""country"": ""PL"", ""postal_code"": ""91-211""}",51.8027,19.37677,LEASE,,,Hybrid,Manual,FWD
236286,500 Icon,Fiat 500 Icon · Leasing B2B · BIALYSTOK · Sprawdź ofertę!,https://salon.fiat.pl/oferta/236286,https://cdn.fcapoland.pl/uploads/00/236286/684583eeaf4e34eff9afc3902386788a.jpg,Fiat,500,2026,0,KM,Hatchback,Lakier metalizowany Złoty Rose,New,80835 PLN,PLN,"{""addr1"": ""UL. GEN. WLADYSLAWA ANDERSA 71"", ""city"": ""BIALYSTOK"", ""region"": ""PODLASKIE"", ""country"": ""PL"", ""postal_code"": ""15-113""}",53.1563,23.1446,LEASE,,,Hybrid,Manual,FWD
236284,500 500 Torino,Fiat 500 500 Torino · Leasing B2B · RYBNIK · Sprawdź ofertę!,https://salon.fiat.pl/oferta/236284,https://cdn.fcapoland.pl/uploads/00/236284/2d4e5b8fb2e36d151e0e2b907ec84eab.jpg,Fiat,500,2026,0,KM,Hatchback,Lakier metalizowany Zielony Ocean,New,74900 PLN,PLN,"{""addr1"": ""UL. ZORSKA 75"", ""city"": ""RYBNIK"", ""region"": ""ŚLĄSKIE"", ""country"": ""PL"", ""postal_code"": ""44-203""}",50.09212,18.57415,LEASE,,,Hybrid,Manual,FWD
236283,500 500 Torino,Fiat 500 500 Torino · Leasing B2B · RYBNIK · Sprawdź ofertę!,https://salon.fiat.pl/oferta/236283,https://cdn.fcapoland.pl/uploads/00/236283/6d417f83b4d0b41455b4be5b4529bc19.jpg,Fiat,500,2026,0,KM,Hatchback,Lakier pastelowy Czarny Onyx,New,80689 PLN,PLN,"{""addr1"": ""UL. ZORSKA 75"", ""city"": ""RYBNIK"", ""region"": ""ŚLĄSKIE"", ""country"": ""PL"", ""postal_code"": ""44-203""}",50.09212,18.57415,LEASE,,,Hybrid,Manual,FWD
236282,500 Icon,Fiat 500 Icon · Leasing B2B · RYBNIK · Sprawdź ofertę!,https://salon.fiat.pl/oferta/236282,https://cdn.fcapoland.pl/uploads/00/236282/e1d5c798318fc31624f3fc8bc4718a23.jpg,Fiat,500,2026,0,KM,Hatchback,Lakier pastelowy Czarny Onyx,New,78820 PLN,PLN,"{""addr1"": ""UL. ZORSKA 75"", ""city"": ""RYBNIK"", ""region"": ""ŚLĄSKIE"", ""country"": ""PL"", ""postal_code"": ""44-203""}",50.09212,18.57415,LEASE,,,Hybrid,Manual,FWD
236281,500 Icon,Fiat 500 Icon · Leasing B2B · ŁÓDŹ · Sprawdź ofertę!,https://salon.fiat.pl/oferta/236281,https://cdn.fcapoland.pl/uploads/00/236281/f9f93c6e3982d4ef15988dd90e6ccac0.jpg,Fiat,500,2026,0,KM,Hatchback,Lakier pastelowy Red by (RED),New,83500 PLN,PLN,"{""addr1"": ""UL. SZPARAGOWA 4"", ""city"": ""ŁÓDŹ"", ""region"": ""ŁÓDZKIE"", ""country"": ""PL"", ""postal_code"": ""91-211""}",51.8027,19.37677,LEASE,,,Hybrid,Manual,FWD
236272,600 Icon · od 923 PLN/mies.,Fiat 600 Icon · Rata od 923 PLN netto/mies. · Leasing B2B · WARSZAWA · Sprawdź ofertę!,https://salon.fiat.pl/oferta/236272,https://cdn.fcapoland.pl/uploads/00/236272/17757aa219ee73e82734362bb6e2644a.jpg,Fiat,600,2026,0,KM,Hatchback,Lakier metalizowany Kremowy Cappucino,New,99900 PLN,PLN,"{""addr1"": ""UL. RADZYMIŃSKA 112"", ""city"": ""WARSZAWA"", ""region"": ""MAZOWIECKIE"", ""country"": ""PL"", ""postal_code"": ""03-574""}",52.26811,21.06277,LEASE,923 PLN,per month,Hybrid,Automatic,FWD
236271,600 Icon · od 923 PLN/mies.,Fiat 600 Icon · Rata od 923 PLN netto/mies. · Leasing B2B · WARSZAWA · Sprawdź ofertę!,https://salon.fiat.pl/oferta/236271,https://cdn.fcapoland.pl/uploads/00/236271/1_render.jpg,Fiat,600,2026,0,KM,Hatchback,Lakier metalizowany Lazurowy Acqua,New,99900 PLN,PLN,"{""addr1"": ""UL. RADZYMIŃSKA 112"", ""city"": ""WARSZAWA"", ""region"": ""MAZOWIECKIE"", ""country"": ""PL"", ""postal_code"": ""03-574""}",52.26811,21.06277,LEASE,923 PLN,per month,Hybrid,Automatic,FWD
236247,500 Icon,Fiat 500 Icon · Leasing B2B · BIALYSTOK · Sprawdź ofertę!,https://salon.fiat.pl/oferta/236247,https://cdn.fcapoland.pl/uploads/00/236247/91e4e6a080a9863f525a288e53b6ef3c.jpg,Fiat,500,2026,0,KM,Hatchback,Lakier metalizowany Złoty Rose,New,80835 PLN,PLN,"{""addr1"": ""UL. GEN. WLADYSLAWA ANDERSA 71"", ""city"": ""BIALYSTOK"", ""region"": ""PODLASKIE"", ""country"": ""PL"", ""postal_code"": ""15-113""}",53.1563,23.1446,LEASE,,,Hybrid,Manual,FWD
236246,500 500 Torino,Fiat 500 500 Torino · Leasing B2B · WARSZAWA · Sprawdź ofertę!,https://salon.fiat.pl/oferta/236246,https://cdn.fcapoland.pl/uploads/00/236246/58559ce592a2626ec90b0f22c346d62a.jpg,Fiat,500,2026,0,KM,Hatchback,Lakier pastelowy Biały Ice,New,72900 PLN,PLN,"{""addr1"": ""UL.KRASNOBRODZKA 5"", ""city"": ""WARSZAWA"", ""region"": ""MAZOWIECKIE"", ""country"": ""PL"", ""postal_code"": ""03-214""}",52.3017,21.04088,LEASE,,,Hybrid,Manual,FWD
236242,500 500 Torino,Fiat 500 500 Torino · Leasing B2B · NOWY TARG · Sprawdź ofertę!,https://salon.fiat.pl/oferta/236242,https://cdn.fcapoland.pl/uploads/00/236242/dffd5a77205bd4d1e10a8ce984079ab8.jpg,Fiat,500,2026,0,KM,Hatchback,Lakier pastelowy Czarny Onyx,New,75684 PLN,PLN,"{""addr1"": ""UL. KRAKOWSKA 3"", ""city"": ""NOWY TARG"", ""region"": ""MAŁOPOLSKIE"", ""country"": ""PL"", ""postal_code"": ""34-400""}",49.45445,20.01966,LEASE,,,Hybrid,Manual,FWD
236241,500 Icon,Fiat 500 Icon · Leasing B2B · KATOWICE · Sprawdź ofertę!,https://salon.fiat.pl/oferta/236241,https://cdn.fcapoland.pl/uploads/00/236241/a131ae652ecef75815091ec84b546e6e.jpg,Fiat,500,2026,0,KM,Hatchback,Lakier metalizowany Zielony Ocean,New,82200 PLN,PLN,"{""addr1"": ""UL. KOSCIUSZKI 261"", ""city"": ""KATOWICE"", ""region"": ""ŚLĄSKIE"", ""country"": ""PL"", ""postal_code"": ""40-690""}",50.209822,18.965429,LEASE,,,Hybrid,Manual,FWD
236240,500 500 Torino,Fiat 500 500 Torino · Leasing B2B · OPOLE · Sprawdź ofertę!,https://salon.fiat.pl/oferta/236240,https://cdn.fcapoland.pl/uploads/00/236240/a47abacec3163cd51c8a53dfbfc06b2b.jpg,Fiat,500,2026,0,KM,Hatchback,Lakier pastelowy Czarny Onyx,New,79612 PLN,PLN,"{""addr1"": ""UL. OLESKA 152"", ""city"": ""OPOLE"", ""region"": ""OPOLSKIE"", ""country"": ""PL"", ""postal_code"": ""45-239""}",50.690422,17.950222,LEASE,,,Hybrid,Manual,FWD
236168,500 500 Torino,Fiat 500 500 Torino · Leasing B2B · NOWY TARG · Sprawdź ofertę!,https://salon.fiat.pl/oferta/236168,https://cdn.fcapoland.pl/uploads/00/236168/ee34fb1b6219ab3671e2e2a67727dd38.jpg,Fiat,500,2026,0,KM,Hatchback,Lakier pastelowy Biały Ice,New,78285 PLN,PLN,"{""addr1"": ""UL. KRAKOWSKA 3"", ""city"": ""NOWY TARG"", ""region"": ""MAŁOPOLSKIE"", ""country"": ""PL"", ""postal_code"": ""34-400""}",49.45445,20.01966,LEASE,,,Hybrid,Manual,FWD
236120,500 Icon,Fiat 500 Icon · Leasing B2B · OLSZTYN · Sprawdź ofertę!,https://salon.fiat.pl/oferta/236120,https://cdn.fcapoland.pl/uploads/00/236120/07740414b1fa0df10ac2d97d19193399.jpg,Fiat,500,2026,0,KM,Hatchback,Lakier metalizowany Niebieski Celestial,New,84427 PLN,PLN,"{""addr1"": ""AL. OBRONCOW TOBRUKU 5"", ""city"": ""OLSZTYN"", ""region"": ""WARMIŃSKO-MAZURSKIE"", ""country"": ""PL"", ""postal_code"": ""10-092""}",53.764244,20.481829,LEASE,,,Hybrid,Manual,FWD
236117,500 Icon,Fiat 500 Icon · Leasing B2B · KATOWICE · Sprawdź ofertę!,https://salon.fiat.pl/oferta/236117,https://cdn.fcapoland.pl/uploads/00/236117/347f6c33c51a89e00e8c094687d9c33b.jpg,Fiat,500,2026,0,KM,Hatchback,Lakier metalizowany Złoty Rose,New,81600 PLN,PLN,"{""addr1"": ""UL. KOSCIUSZKI 261"", ""city"": ""KATOWICE"", ""region"": ""ŚLĄSKIE"", ""country"": ""PL"", ""postal_code"": ""40-690""}",50.209822,18.965429,LEASE,,,Hybrid,Manual,FWD
236116,500 Icon,Fiat 500 Icon · Leasing B2B · KATOWICE · Sprawdź ofertę!,https://salon.fiat.pl/oferta/236116,https://cdn.fcapoland.pl/uploads/00/236116/d99cc3e26cfe61840ec1a6f59a92757e.jpg,Fiat,500,2026,0,KM,Hatchback,Lakier metalizowany Złoty Rose,New,80650 PLN,PLN,"{""addr1"": ""UL. KOSCIUSZKI 261"", ""city"": ""KATOWICE"", ""region"": ""ŚLĄSKIE"", ""country"": ""PL"", ""postal_code"": ""40-690""}",50.209822,18.965429,LEASE,,,Hybrid,Manual,FWD
235546,500 Icon,Fiat 500 Icon · Leasing B2B · NOWY TARG · Sprawdź ofertę!,https://salon.fiat.pl/oferta/235546,https://cdn.fcapoland.pl/uploads/00/235546/59fef3fda49fe43ebe2b25abdb190e71.jpg,Fiat,500,2026,0,KM,Hatchback,Lakier pastelowy Red by (RED),New,80155 PLN,PLN,"{""addr1"": ""UL. KRAKOWSKA 3"", ""city"": ""NOWY TARG"", ""region"": ""MAŁOPOLSKIE"", ""country"": ""PL"", ""postal_code"": ""34-400""}",49.45445,20.01966,LEASE,,,Hybrid,Manual,FWD
235500,Grande Panda Icon · od 677 PLN/mies.,Fiat Grande Panda Icon · Rata od 677 PLN netto/mies. · Leasing B2B · KATOWICE · Sprawdź ofertę!,https://salon.fiat.pl/oferta/235500,https://cdn.fcapoland.pl/uploads/00/235500/0ddc6587db3d131d0b217383238a80d1.jpg,Fiat,Grande Panda,2026,0,KM,Hatchback,Lakier metalizowany Niebieski Lago,New,88270 PLN,PLN,"{""addr1"": ""UL. KOSCIUSZKI 261"", ""city"": ""KATOWICE"", ""region"": ""ŚLĄSKIE"", ""country"": ""PL"", ""postal_code"": ""40-690""}",50.209822,18.965429,LEASE,677 PLN,per month,Hybrid,Automatic,FWD
235336,500 Icon,Fiat 500 Icon · Leasing B2B · NOWY TARG · Sprawdź ofertę!,https://salon.fiat.pl/oferta/235336,https://cdn.fcapoland.pl/uploads/00/235336/b6033c826b5b14424334941efa311921.jpg,Fiat,500,2026,0,KM,Hatchback,Lakier metalizowany Niebieski Celestial,New,79985 PLN,PLN,"{""addr1"": ""UL. KRAKOWSKA 3"", ""city"": ""NOWY TARG"", ""region"": ""MAŁOPOLSKIE"", ""country"": ""PL"", ""postal_code"": ""34-400""}",49.45445,20.01966,LEASE,,,Hybrid,Manual,FWD
235005,600 Icon · od 911 PLN/mies.,Fiat 600 Icon · Rata od 911 PLN netto/mies. · Leasing B2B · SLUPSK · Sprawdź ofertę!,https://salon.fiat.pl/oferta/235005,https://cdn.fcapoland.pl/uploads/00/235005/557294a1db0ff3bde375300fb6d1bb20.jpg,Fiat,600,2026,0,KM,Hatchback,Lakier metalizowany Kremowy Cappucino,New,97164 PLN,PLN,"{""addr1"": ""UL. POZNANSKA 74"", ""city"": ""SLUPSK"", ""region"": ""POMORSKIE"", ""country"": ""PL"", ""postal_code"": ""76-200""}",54.45185,17.01674,LEASE,911 PLN,per month,Hybrid,Automatic,FWD
234988,500 Icon,Fiat 500 Icon · Leasing B2B · WARSZAWA · Sprawdź ofertę!,https://salon.fiat.pl/oferta/234988,https://cdn.fcapoland.pl/uploads/00/234988/1_render.jpg,Fiat,500,2026,0,KM,Hatchback,Lakier pastelowy Biały Ice,New,83500 PLN,PLN,"{""addr1"": ""UL. RADZYMIŃSKA 112"", ""city"": ""WARSZAWA"", ""region"": ""MAZOWIECKIE"", ""country"": ""PL"", ""postal_code"": ""03-574""}",52.26811,21.06277,LEASE,,,Hybrid,Manual,FWD
234982,Grande Panda Icon · od 702 PLN/mies.,Fiat Grande Panda Icon · Rata od 702 PLN netto/mies. · Leasing B2B · BYDGOSZCZ · Sprawdź ofertę!,https://salon.fiat.pl/oferta/234982,https://cdn.fcapoland.pl/uploads/00/234982/d9e0fc15e15216b4451d13bfab155503.jpg,Fiat,Grande Panda,2026,0,KM,Hatchback,Lakier pastelowy Biały Gelato,New,79000 PLN,PLN,"{""addr1"": ""AL. ARMII KRAJOWEJ 250"", ""city"": ""BYDGOSZCZ"", ""region"": ""KUJAWSKO-POMORSKIE"", ""country"": ""PL"", ""postal_code"": ""85-689""}",53.17261,18.05499,LEASE,702 PLN,per month,Gasoline,Manual,FWD
234951,600 Icon · od 959 PLN/mies.,Fiat 600 Icon · Rata od 959 PLN netto/mies. · Leasing B2B · OPOLE · Sprawdź ofertę!,https://salon.fiat.pl/oferta/234951,https://cdn.fcapoland.pl/uploads/00/234951/169c1abeaf45f7fd5299d8af9e840515.jpg,Fiat,600,2026,0,KM,Hatchback,Lakier pastelowy Red by (RED),New,100024 PLN,PLN,"{""addr1"": ""UL. OLESKA 152"", ""city"": ""OPOLE"", ""region"": ""OPOLSKIE"", ""country"": ""PL"", ""postal_code"": ""45-239""}",50.690422,17.950222,LEASE,959 PLN,per month,Hybrid,Automatic,FWD
234938,500 Icon,Fiat 500 Icon · Leasing B2B · ŁÓDŹ · Sprawdź ofertę!,https://salon.fiat.pl/oferta/234938,https://cdn.fcapoland.pl/uploads/00/234938/1_render.jpg,Fiat,500,2026,0,KM,Hatchback,Lakier pastelowy Red by (RED),New,84105 PLN,PLN,"{""addr1"": ""UL.PABIANICKA 94/96"", ""city"": ""ŁÓDŹ"", ""region"": ""ŁÓDZKIE"", ""country"": ""PL"", ""postal_code"": ""93-548""}",51.72592,19.44758,LEASE,,,Hybrid,Manual,FWD
234827,500 500 Torino,Fiat 500 500 Torino · Leasing B2B · ZIELONA GORA · Sprawdź ofertę!,https://salon.fiat.pl/oferta/234827,https://cdn.fcapoland.pl/uploads/00/234827/4718fb7d1358421a5a9a10ccea06f2f3.jpg,Fiat,500,2026,0,KM,Hatchback,Lakier metalizowany Zielony Ocean,New,87305 PLN,PLN,"{""addr1"": ""UL. ST. BATOREGO 69A"", ""city"": ""ZIELONA GORA"", ""region"": ""LUBUSKIE"", ""country"": ""PL"", ""postal_code"": ""65-735""}",51.952379,15.499634,LEASE,,,Hybrid,Manual,FWD
234826,500 Icon,Fiat 500 Icon · Leasing B2B · BIALYSTOK · Sprawdź ofertę!,https://salon.fiat.pl/oferta/234826,https://cdn.fcapoland.pl/uploads/00/234826/7c3c878e8a79a9ae85cf133578ad823f.jpg,Fiat,500,2026,0,KM,Hatchback,Lakier metalizowany Złoty Rose,New,79560 PLN,PLN,"{""addr1"": ""UL. GEN. WLADYSLAWA ANDERSA 71"", ""city"": ""BIALYSTOK"", ""region"": ""PODLASKIE"", ""country"": ""PL"", ""postal_code"": ""15-113""}",53.1563,23.1446,LEASE,,,Hybrid,Manual,FWD
234825,500 Pop,Fiat 500 Pop · Leasing B2B · RZESZOW · Sprawdź ofertę!,https://salon.fiat.pl/oferta/234825,https://cdn.fcapoland.pl/uploads/00/234825/0cd9e951940ffb38dbf36bb5184ebf17.jpg,Fiat,500,2026,0,KM,Hatchback,Lakier metalizowany Zielony Ocean,New,69990 PLN,PLN,"{""addr1"": ""UL. WARSZAWSKA 135"", ""city"": ""RZESZOW"", ""region"": ""PODKARPACKIE"", ""country"": ""PL"", ""postal_code"": ""35-205""}",50.081623,21.984324,LEASE,,,Hybrid,Manual,FWD
234711,500 500 Torino,Fiat 500 500 Torino · Leasing B2B · FALENTY · Sprawdź ofertę!,https://salon.fiat.pl/oferta/234711,https://cdn.fcapoland.pl/uploads/00/234711/3c1eae3a7936cfa46adee182e0152105.jpg,Fiat,500,2026,0,KM,Hatchback,Lakier metalizowany Niebieski Celestial,New,83181 PLN,PLN,"{""addr1"": ""AL. KRAKOWSKA 8"", ""city"": ""FALENTY"", ""region"": ""MAZOWIECKIE"", ""country"": ""PL"", ""postal_code"": ""05-090""}",52.14213,20.90316,LEASE,,,Hybrid,Manual,FWD
234710,500 Pop,Fiat 500 Pop · Leasing B2B · OLSZTYN · Sprawdź ofertę!,https://salon.fiat.pl/oferta/234710,https://cdn.fcapoland.pl/uploads/00/234710/809a16db22b5c43aeb4b1d568e209278.jpg,Fiat,500,2026,0,KM,Hatchback,Lakier metalizowany Zielony Ocean,New,74504 PLN,PLN,"{""addr1"": ""AL. OBRONCOW TOBRUKU 5"", ""city"": ""OLSZTYN"", ""region"": ""WARMIŃSKO-MAZURSKIE"", ""country"": ""PL"", ""postal_code"": ""10-092""}",53.764244,20.481829,LEASE,,,Hybrid,Manual,FWD
234561,500 500 Torino,Fiat 500 500 Torino · Leasing B2B · ZIELONA GORA · Sprawdź ofertę!,https://salon.fiat.pl/oferta/234561,https://cdn.fcapoland.pl/uploads/00/234561/fc590fc651731fc957a21ffa4b508956.jpg,Fiat,500,2026,0,KM,Hatchback,Lakier metalizowany Żółty Gold,New,87305 PLN,PLN,"{""addr1"": ""UL. ST. BATOREGO 69A"", ""city"": ""ZIELONA GORA"", ""region"": ""LUBUSKIE"", ""country"": ""PL"", ""postal_code"": ""65-735""}",51.952379,15.499634,LEASE,,,Hybrid,Manual,FWD
234507,500 Icon,Fiat 500 Icon · Leasing B2B · POZNAN · Sprawdź ofertę!,https://salon.fiat.pl/oferta/234507,https://cdn.fcapoland.pl/uploads/00/234507/520566d45a3bfe19c0adddca6214e24b.jpg,Fiat,500,2026,0,KM,Hatchback,Lakier metalizowany Złoty Rose,New,74900 PLN,PLN,"{""addr1"": ""UL. GORZYSLAWA 9"", ""city"": ""POZNAN"", ""region"": ""WIELKOPOLSKIE"", ""country"": ""PL"", ""postal_code"": ""61-057""}",52.408466,17.029606,LEASE,,,Hybrid,Manual,FWD
234504,500 Icon,Fiat 500 Icon · Leasing B2B · FALENTY · Sprawdź ofertę!,https://salon.fiat.pl/oferta/234504,https://cdn.fcapoland.pl/uploads/00/234504/c7f3fc271a92f8f17b88736d3c384348.jpg,Fiat,500,2026,0,KM,Hatchback,Lakier pastelowy Red by (RED),New,80422 PLN,PLN,"{""addr1"": ""AL. KRAKOWSKA 8"", ""city"": ""FALENTY"", ""region"": ""MAZOWIECKIE"", ""country"": ""PL"", ""postal_code"": ""05-090""}",52.14213,20.90316,LEASE,,,Hybrid,Manual,FWD
234499,Grande Panda Icon · od 1141 PLN/mies.,Fiat Grande Panda Icon · Rata od 1141 PLN netto/mies. · Leasing B2B · OPOLE · Sprawdź ofertę!,https://salon.fiat.pl/oferta/234499,https://cdn.fcapoland.pl/uploads/00/234499/798f7a52d81b4e1fc57ab78d3f68c3f7.jpg,Fiat,Grande Panda,2025,0,KM,Hatchback,Lakier metalizowany Brazowy Luna,New,82355 PLN,PLN,"{""addr1"": ""UL. OLESKA 152"", ""city"": ""OPOLE"", ""region"": ""OPOLSKIE"", ""country"": ""PL"", ""postal_code"": ""45-239""}",50.690422,17.950222,LEASE,1141 PLN,per month,Hybrid,Automatic,FWD
234423,500 Icon,Fiat 500 Icon · Leasing B2B · BIALYSTOK · Sprawdź ofertę!,https://salon.fiat.pl/oferta/234423,https://cdn.fcapoland.pl/uploads/00/234423/9ac20aef6d41d30c2ab5c4eaaf382f63.jpg,Fiat,500,2026,0,KM,Hatchback,Lakier metalizowany Złoty Rose,New,79560 PLN,PLN,"{""addr1"": ""UL. GEN. WLADYSLAWA ANDERSA 71"", ""city"": ""BIALYSTOK"", ""region"": ""PODLASKIE"", ""country"": ""PL"", ""postal_code"": ""15-113""}",53.1563,23.1446,LEASE,,,Hybrid,Manual,FWD
234345,500 500 Torino,Fiat 500 500 Torino · Leasing B2B · LUBLIN · Sprawdź ofertę!,https://salon.fiat.pl/oferta/234345,https://cdn.fcapoland.pl/uploads/00/234345/f3e708c636f31fb13891e06f1277300b.jpg,Fiat,500,2026,0,KM,Hatchback,Lakier metalizowany Zielony Ocean,New,81000 PLN,PLN,"{""addr1"": ""UL MEŁGIEWSKA 10"", ""city"": ""LUBLIN"", ""region"": ""LUBELSKIE"", ""country"": ""PL"", ""postal_code"": ""20-209""}",51.24833,22.60831,LEASE,,,Hybrid,Manual,FWD
234284,500 500 Torino,Fiat 500 500 Torino · Leasing B2B · FALENTY · Sprawdź ofertę!,https://salon.fiat.pl/oferta/234284,https://cdn.fcapoland.pl/uploads/00/234284/36880982cffb858c4bbd5ac1edd2b7cb.jpg,Fiat,500,2026,0,KM,Hatchback,Lakier pastelowy Czarny Onyx,New,72900 PLN,PLN,"{""addr1"": ""AL. KRAKOWSKA 8"", ""city"": ""FALENTY"", ""region"": ""MAZOWIECKIE"", ""country"": ""PL"", ""postal_code"": ""05-090""}",52.14213,20.90316,LEASE,,,Hybrid,Manual,FWD
234233,500 500 Torino,Fiat 500 500 Torino · Leasing B2B · ŁÓDŹ · Sprawdź ofertę!,https://salon.fiat.pl/oferta/234233,https://cdn.fcapoland.pl/uploads/00/234233/8765464cd579b87d541ba6e18e09a844.jpg,Fiat,500,2026,0,KM,Hatchback,Lakier metalizowany Zielony Ocean,New,81900 PLN,PLN,"{""addr1"": ""UL. SZPARAGOWA 4"", ""city"": ""ŁÓDŹ"", ""region"": ""ŁÓDZKIE"", ""country"": ""PL"", ""postal_code"": ""91-211""}",51.8027,19.37677,LEASE,,,Hybrid,Manual,FWD
234174,500 500 Torino,Fiat 500 500 Torino · Leasing B2B · FALENTY · Sprawdź ofertę!,https://salon.fiat.pl/oferta/234174,https://cdn.fcapoland.pl/uploads/00/234174/5ca53144a83cb337373b7ef421ee998a.jpg,Fiat,500,2026,0,KM,Hatchback,Lakier metalizowany Niebieski Celestial,New,75900 PLN,PLN,"{""addr1"": ""AL. KRAKOWSKA 8"", ""city"": ""FALENTY"", ""region"": ""MAZOWIECKIE"", ""country"": ""PL"", ""postal_code"": ""05-090""}",52.14213,20.90316,LEASE,,,Hybrid,Manual,FWD
234039,500 500 Torino,Fiat 500 500 Torino · Leasing B2B · FALENTY · Sprawdź ofertę!,https://salon.fiat.pl/oferta/234039,https://cdn.fcapoland.pl/uploads/00/234039/3de3800531ab726e1c6407e52b3f19ad.jpg,Fiat,500,2026,0,KM,Hatchback,Lakier metalizowany Żółty Gold,New,75900 PLN,PLN,"{""addr1"": ""AL. KRAKOWSKA 8"", ""city"": ""FALENTY"", ""region"": ""MAZOWIECKIE"", ""country"": ""PL"", ""postal_code"": ""05-090""}",52.14213,20.90316,LEASE,,,Hybrid,Manual,FWD
233887,500 500 Torino,Fiat 500 500 Torino · Leasing B2B · KATOWICE · Sprawdź ofertę!,https://salon.fiat.pl/oferta/233887,https://cdn.fcapoland.pl/uploads/00/233887/2324e7a548c011518205fc4dd8fec406.jpg,Fiat,500,2026,0,KM,Hatchback,Lakier metalizowany Niebieski Celestial,New,79600 PLN,PLN,"{""addr1"": ""UL. KOSCIUSZKI 261"", ""city"": ""KATOWICE"", ""region"": ""ŚLĄSKIE"", ""country"": ""PL"", ""postal_code"": ""40-690""}",50.209822,18.965429,LEASE,,,Hybrid,Manual,FWD
233885,500 500 Torino,Fiat 500 500 Torino · Leasing B2B · KRAKÓW-LIBERTÓW · Sprawdź ofertę!,https://salon.fiat.pl/oferta/233885,https://cdn.fcapoland.pl/uploads/00/233885/8209f948b4a9a75b01c77c7aeee8dbf0.jpg,Fiat,500,2026,0,KM,Hatchback,Lakier metalizowany Zielony Ocean,New,79465 PLN,PLN,"{""addr1"": ""UL. GÓRA LIBERTOWSKA 12"", ""city"": ""KRAKÓW-LIBERTÓW"", ""region"": ""MAŁOPOLSKIE"", ""country"": ""PL"", ""postal_code"": ""30-444""}",49.97992,19.90923,LEASE,,,Hybrid,Manual,FWD
233872,Grande Panda La Prima · od 489 PLN/mies.,Fiat Grande Panda La Prima · Rata od 489 PLN netto/mies. · Leasing B2B · ELBLAG · Sprawdź ofertę!,https://salon.fiat.pl/oferta/233872,https://cdn.fcapoland.pl/uploads/00/233872/57f4b791735289370646a4d3cedb9709.jpg,Fiat,Grande Panda,2026,0,KM,Hatchback,Lakier metalizowany Niebieski Lago,New,121020 PLN,PLN,"{""addr1"": ""UL. NOWODWORSKA 46"", ""city"": ""ELBLAG"", ""region"": ""WARMIŃSKO-MAZURSKIE"", ""country"": ""PL"", ""postal_code"": ""82-300""}",54.166,19.37664,LEASE,489 PLN,per month,Electric,Automatic,FWD
233827,500 500 Torino,Fiat 500 500 Torino · Leasing B2B · WARSZAWA · Sprawdź ofertę!,https://salon.fiat.pl/oferta/233827,https://cdn.fcapoland.pl/uploads/00/233827/d045242d08cd37c0449916d5b64a7ab1.jpg,Fiat,500,2026,0,KM,Hatchback,Lakier metalizowany Zielony Ocean,New,81900 PLN,PLN,"{""addr1"": ""UL. RADZYMIŃSKA 112"", ""city"": ""WARSZAWA"", ""region"": ""MAZOWIECKIE"", ""country"": ""PL"", ""postal_code"": ""03-574""}",52.26811,21.06277,LEASE,,,Hybrid,Manual,FWD
233825,500 500 Torino,Fiat 500 500 Torino · Leasing B2B · RZESZOW · Sprawdź ofertę!,https://salon.fiat.pl/oferta/233825,https://cdn.fcapoland.pl/uploads/00/233825/32f30a9b00db41f78c9f409c8ef18cc0.jpg,Fiat,500,2026,0,KM,Hatchback,Lakier metalizowany Zielony Ocean,New,81900 PLN,PLN,"{""addr1"": ""UL. WARSZAWSKA 135"", ""city"": ""RZESZOW"", ""region"": ""PODKARPACKIE"", ""country"": ""PL"", ""postal_code"": ""35-205""}",50.081623,21.984324,LEASE,,,Hybrid,Manual,FWD
233807,500 500 Torino,Fiat 500 500 Torino · Leasing B2B · KATOWICE · Sprawdź ofertę!,https://salon.fiat.pl/oferta/233807,https://cdn.fcapoland.pl/uploads/00/233807/7f39f527d52914d89eca123c1fc07817.jpg,Fiat,500,2026,0,KM,Hatchback,Lakier metalizowany Zielony Ocean,New,84110 PLN,PLN,"{""addr1"": ""UL. ROZDZIENSKIEGO 170"", ""city"": ""KATOWICE"", ""region"": ""ŚLĄSKIE"", ""country"": ""PL"", ""postal_code"": ""40-203""}",50.264224,19.049744,LEASE,,,Hybrid,Manual,FWD
233788,500 500 Torino,Fiat 500 500 Torino · Leasing B2B · WARSZAWA · Sprawdź ofertę!,https://salon.fiat.pl/oferta/233788,https://cdn.fcapoland.pl/uploads/00/233788/e1eac65b3d3ea087cee51a984e8bb80c.jpg,Fiat,500,2026,0,KM,Hatchback,Lakier metalizowany Niebieski Celestial,New,81900 PLN,PLN,"{""addr1"": ""UL. RADZYMIŃSKA 112"", ""city"": ""WARSZAWA"", ""region"": ""MAZOWIECKIE"", ""country"": ""PL"", ""postal_code"": ""03-574""}",52.26811,21.06277,LEASE,,,Hybrid,Manual,FWD
233787,500 500 Torino,Fiat 500 500 Torino · Leasing B2B · GORZOW WIELKOPOLSKI · Sprawdź ofertę!,https://salon.fiat.pl/oferta/233787,https://cdn.fcapoland.pl/uploads/00/233787/bff93e82d171542505e087f05464228e.jpg,Fiat,500,2026,0,KM,Hatchback,Lakier metalizowany Zielony Ocean,New,83210 PLN,PLN,"{""addr1"": ""UL. KASPRZAKA 1A"", ""city"": ""GORZOW WIELKOPOLSKI"", ""region"": ""LUBUSKIE"", ""country"": ""PL"", ""postal_code"": ""66-400""}",52.716825,15.24883,LEASE,,,Hybrid,Manual,FWD
233701,Grande Panda Icon · od 1130 PLN/mies.,Fiat Grande Panda Icon · Rata od 1130 PLN netto/mies. · Leasing B2B · KATOWICE · Sprawdź ofertę!,https://salon.fiat.pl/oferta/233701,https://cdn.fcapoland.pl/uploads/00/233701/3cf110d3acc16eee95cb3680c091c99d.jpg,Fiat,Grande Panda,2025,0,KM,Hatchback,Lakier metalizowany Żółty Limone,New,81586 PLN,PLN,"{""addr1"": ""UL. KOSCIUSZKI 261"", ""city"": ""KATOWICE"", ""region"": ""ŚLĄSKIE"", ""country"": ""PL"", ""postal_code"": ""40-690""}",50.209822,18.965429,LEASE,1130 PLN,per month,Hybrid,Automatic,FWD
233650,500 500 Torino,Fiat 500 500 Torino · Leasing B2B · ŁÓDŹ · Sprawdź ofertę!,https://salon.fiat.pl/oferta/233650,https://cdn.fcapoland.pl/uploads/00/233650/d0ce47351b4df1e34964e8962c8e458d.jpg,Fiat,500,2025,0,KM,Hatchback,Lakier metalizowany Zielony Ocean,New,72000 PLN,PLN,"{""addr1"": ""UL. SZPARAGOWA 4"", ""city"": ""ŁÓDŹ"", ""region"": ""ŁÓDZKIE"", ""country"": ""PL"", ""postal_code"": ""91-211""}",51.8027,19.37677,LEASE,,,Hybrid,Manual,FWD
233182,600 Icon · od 1343 PLN/mies.,Fiat 600 Icon · Rata od 1343 PLN netto/mies. · Leasing B2B · OLSZTYN · Sprawdź ofertę!,https://salon.fiat.pl/oferta/233182,https://cdn.fcapoland.pl/uploads/00/233182/329253455b3aafc19d6ac3bac9126e5d.jpg,Fiat,600,2025,0,KM,Hatchback,Lakier metalizowany Zielony Mare,New,97079 PLN,PLN,"{""addr1"": ""AL. OBRONCOW TOBRUKU 5"", ""city"": ""OLSZTYN"", ""region"": ""WARMIŃSKO-MAZURSKIE"", ""country"": ""PL"", ""postal_code"": ""10-092""}",53.764244,20.481829,LEASE,1343 PLN,per month,Hybrid,Automatic,FWD
233180,600 Icon · od 1306 PLN/mies.,Fiat 600 Icon · Rata od 1306 PLN netto/mies. · Leasing B2B · KATOWICE · Sprawdź ofertę!,https://salon.fiat.pl/oferta/233180,https://cdn.fcapoland.pl/uploads/00/233180/5dec14568e836efbb7c86017b8dbebbf.jpg,Fiat,600,2025,0,KM,Hatchback,Lakier metalizowany Lazurowy Acqua,New,94370 PLN,PLN,"{""addr1"": ""UL. KOSCIUSZKI 261"", ""city"": ""KATOWICE"", ""region"": ""ŚLĄSKIE"", ""country"": ""PL"", ""postal_code"": ""40-690""}",50.209822,18.965429,LEASE,1306 PLN,per month,Hybrid,Automatic,FWD
233058,600 La Prima · od 1746 PLN/mies.,Fiat 600 La Prima · Rata od 1746 PLN netto/mies. · Leasing B2B · PLOCK · Sprawdź ofertę!,https://salon.fiat.pl/oferta/233058,https://cdn.fcapoland.pl/uploads/00/233058/6fcd2762c7bc9fce66b1502b1236014a.jpg,Fiat,600,2025,0,KM,Hatchback,Lakier pastelowy Czarny Cinema,New,129900 PLN,PLN,"{""addr1"": ""UL. BIELSKA 55"", ""city"": ""PLOCK"", ""region"": ""MAZOWIECKIE"", ""country"": ""PL"", ""postal_code"": ""09-400""}",52.55506,19.69753,LEASE,1746 PLN,per month,Electric,Automatic,FWD
232932,600 La Prima · od 1879 PLN/mies.,Fiat 600 La Prima · Rata od 1879 PLN netto/mies. · Leasing B2B · PLOCK · Sprawdź ofertę!,https://salon.fiat.pl/oferta/232932,https://cdn.fcapoland.pl/uploads/00/232932/2d992d85f8a5fd345292a670f0436b2a.jpg,Fiat,600,2025,0,KM,Hatchback,Lakier metalizowany Pomarańczowy Sole,New,139900 PLN,PLN,"{""addr1"": ""UL. BIELSKA 55"", ""city"": ""PLOCK"", ""region"": ""MAZOWIECKIE"", ""country"": ""PL"", ""postal_code"": ""09-400""}",52.55506,19.69753,LEASE,1879 PLN,per month,Electric,Automatic,FWD
232931,600 La Prima · od 1879 PLN/mies.,Fiat 600 La Prima · Rata od 1879 PLN netto/mies. · Leasing B2B · PLOCK · Sprawdź ofertę!,https://salon.fiat.pl/oferta/232931,https://cdn.fcapoland.pl/uploads/00/232931/2fa2bd065246b00005a322acc3e51d33.jpg,Fiat,600,2025,0,KM,Hatchback,Lakier metalizowany Pomarańczowy Sole,New,139900 PLN,PLN,"{""addr1"": ""UL. BIELSKA 55"", ""city"": ""PLOCK"", ""region"": ""MAZOWIECKIE"", ""country"": ""PL"", ""postal_code"": ""09-400""}",52.55506,19.69753,LEASE,1879 PLN,per month,Electric,Automatic,FWD
232714,Grande Panda Pop · od 998 PLN/mies.,Fiat Grande Panda Pop · Rata od 998 PLN netto/mies. · Leasing B2B · SZCZECIN · Sprawdź ofertę!,https://salon.fiat.pl/oferta/232714,https://cdn.fcapoland.pl/uploads/00/232714/4289b4477a34b0db8fb6e3b44ef3abe5.jpg,Fiat,Grande Panda,2025,0,KM,Hatchback,Lakier pastelowy Czerwony Passione,New,71978 PLN,PLN,"{""addr1"": ""USTOWO 57"", ""city"": ""SZCZECIN"", ""region"": ""ZACHODNIOPOMORSKIE"", ""country"": ""PL"", ""postal_code"": ""71-001""}",53.38756,14.498444,LEASE,998 PLN,per month,Hybrid,Automatic,FWD
232649,Grande Panda Icon · od 1036 PLN/mies.,Fiat Grande Panda Icon · Rata od 1036 PLN netto/mies. · Leasing B2B · CZESTOCHOWA · Sprawdź ofertę!,https://salon.fiat.pl/oferta/232649,https://cdn.fcapoland.pl/uploads/00/232649/1_render.jpg,Fiat,Grande Panda,2025,0,KM,Hatchback,Lakier pastelowy Czerwony Passione,New,74700 PLN,PLN,"{""addr1"": ""UL. BUGAJSKA 6/8"", ""city"": ""CZESTOCHOWA"", ""region"": ""ŚLĄSKIE"", ""country"": ""PL"", ""postal_code"": ""42-200""}",50.766723,19.165467,LEASE,1036 PLN,per month,Hybrid,Automatic,FWD
232378,Grande Panda La Prima · od 1747 PLN/mies.,Fiat Grande Panda La Prima · Rata od 1747 PLN netto/mies. · Leasing B2B · WARSZAWA · Sprawdź ofertę!,https://salon.fiat.pl/oferta/232378,https://cdn.fcapoland.pl/uploads/00/232378/1_render.jpg,Fiat,Grande Panda,2025,0,KM,Hatchback,Lakier metalizowany Brazowy Luna,New,130000 PLN,PLN,"{""addr1"": ""UL. RADZYMIŃSKA 112"", ""city"": ""WARSZAWA"", ""region"": ""MAZOWIECKIE"", ""country"": ""PL"", ""postal_code"": ""03-574""}",52.26811,21.06277,LEASE,1747 PLN,per month,Electric,Automatic,FWD
232240,Grande Panda Pop · od 1057 PLN/mies.,Fiat Grande Panda Pop · Rata od 1057 PLN netto/mies. · Leasing B2B · KATOWICE · Sprawdź ofertę!,https://salon.fiat.pl/oferta/232240,https://cdn.fcapoland.pl/uploads/00/232240/842437888d3b363c92e03101ae2d09e9.jpg,Fiat,Grande Panda,2025,0,KM,Hatchback,Lakier pastelowy Biały Gelato,New,76290 PLN,PLN,"{""addr1"": ""UL. KOSCIUSZKI 261"", ""city"": ""KATOWICE"", ""region"": ""ŚLĄSKIE"", ""country"": ""PL"", ""postal_code"": ""40-690""}",50.209822,18.965429,LEASE,1057 PLN,per month,Hybrid,Automatic,FWD
232239,Grande Panda Icon · od 1076 PLN/mies.,Fiat Grande Panda Icon · Rata od 1076 PLN netto/mies. · Leasing B2B · GORZOW WIELKOPOLSKI · Sprawdź ofertę!,https://salon.fiat.pl/oferta/232239,https://cdn.fcapoland.pl/uploads/00/232239/1_render.jpg,Fiat,Grande Panda,2025,0,KM,Hatchback,Lakier pastelowy Czerwony Passione,New,77620 PLN,PLN,"{""addr1"": ""UL. KASPRZAKA 1A"", ""city"": ""GORZOW WIELKOPOLSKI"", ""region"": ""LUBUSKIE"", ""country"": ""PL"", ""postal_code"": ""66-400""}",52.716825,15.24883,LEASE,1076 PLN,per month,Hybrid,Automatic,FWD
232135,Tipo Cross,Fiat Tipo Cross · Leasing B2B · KATOWICE · Sprawdź ofertę!,https://salon.fiat.pl/oferta/232135,https://cdn.fcapoland.pl/uploads/00/232135/8d708af85d8101db5c0ae58264f6ae9e.jpg,Fiat,Tipo,2023,0,KM,Sedan,Pomarańczowy Paprika,New,87900 PLN,PLN,"{""addr1"": ""UL. ROZDZIENSKIEGO 170"", ""city"": ""KATOWICE"", ""region"": ""ŚLĄSKIE"", ""country"": ""PL"", ""postal_code"": ""40-203""}",50.264224,19.049744,LEASE,,,Gasoline,Automatic,FWD
231851,Grande Panda Pop · od 1026 PLN/mies.,Fiat Grande Panda Pop · Rata od 1026 PLN netto/mies. · Leasing B2B · KATOWICE · Sprawdź ofertę!,https://salon.fiat.pl/oferta/231851,https://cdn.fcapoland.pl/uploads/00/231851/5c73e26575e1ab792e57b94e84bdb0de.jpg,Fiat,Grande Panda,2025,0,KM,Hatchback,Lakier pastelowy Czerwony Passione,New,73990 PLN,PLN,"{""addr1"": ""UL. KOSCIUSZKI 261"", ""city"": ""KATOWICE"", ""region"": ""ŚLĄSKIE"", ""country"": ""PL"", ""postal_code"": ""40-690""}",50.209822,18.965429,LEASE,1026 PLN,per month,Hybrid,Automatic,FWD
231766,Grande Panda Pop · od 1040 PLN/mies.,Fiat Grande Panda Pop · Rata od 1040 PLN netto/mies. · Leasing B2B · SOSNOWIEC · Sprawdź ofertę!,https://salon.fiat.pl/oferta/231766,https://cdn.fcapoland.pl/uploads/00/231766/9bbdea50a11800e61e021d525fd303c9.jpg,Fiat,Grande Panda,2025,0,KM,Hatchback,Lakier pastelowy Czerwony Passione,New,74999 PLN,PLN,"{""addr1"": ""UL. ZUZANNY 36"", ""city"": ""SOSNOWIEC"", ""region"": ""ŚLĄSKIE"", ""country"": ""PL"", ""postal_code"": ""41-219""}",50.29942,19.16864,LEASE,1040 PLN,per month,Hybrid,Automatic,FWD
231668,Grande Panda Pop · od 1064 PLN/mies.,Fiat Grande Panda Pop · Rata od 1064 PLN netto/mies. · Leasing B2B · KATOWICE · Sprawdź ofertę!,https://salon.fiat.pl/oferta/231668,https://cdn.fcapoland.pl/uploads/00/231668/6929e210cec4fd9219f8e3be4606d632.jpg,Fiat,Grande Panda,2025,0,KM,Hatchback,Lakier metalizowany Lazurowy Acqua,New,76750 PLN,PLN,"{""addr1"": ""UL. KOSCIUSZKI 261"", ""city"": ""KATOWICE"", ""region"": ""ŚLĄSKIE"", ""country"": ""PL"", ""postal_code"": ""40-690""}",50.209822,18.965429,LEASE,1064 PLN,per month,Hybrid,Automatic,FWD
230335,600 La Prima · od 1590 PLN/mies.,Fiat 600 La Prima · Rata od 1590 PLN netto/mies. · Leasing B2B · ZIELONA GORA · Sprawdź ofertę!,https://salon.fiat.pl/oferta/230335,https://cdn.fcapoland.pl/uploads/00/230335/5db79a387cf1fcd677f7d637cdd5dc1f.jpg,Fiat,600,2025,0,KM,Hatchback,Lakier metalizowany Zielony Mare,New,118252 PLN,PLN,"{""addr1"": ""UL. ST. BATOREGO 69A"", ""city"": ""ZIELONA GORA"", ""region"": ""LUBUSKIE"", ""country"": ""PL"", ""postal_code"": ""65-735""}",51.952379,15.499634,LEASE,1590 PLN,per month,Electric,Automatic,FWD
229058,500 500E · od 1644 PLN/mies.,Fiat 500 500E · Rata od 1644 PLN netto/mies. · Leasing B2B · SZCZECIN · Sprawdź ofertę!,https://salon.fiat.pl/oferta/229058,https://cdn.fcapoland.pl/uploads/00/229058/42edbe79ddedde99b963d7d1f0609c99.jpg,Fiat,500,2025,0,KM,Hatchback,Lakier metalizowany Zielony Ocean,New,122269 PLN,PLN,"{""addr1"": ""USTOWO 57"", ""city"": ""SZCZECIN"", ""region"": ""ZACHODNIOPOMORSKIE"", ""country"": ""PL"", ""postal_code"": ""71-001""}",53.38756,14.498444,LEASE,1644 PLN,per month,Electric,Automatic,FWD
229053,Grande Panda Icon · od 1143 PLN/mies.,Fiat Grande Panda Icon · Rata od 1143 PLN netto/mies. · Leasing B2B · KATOWICE · Sprawdź ofertę!,https://salon.fiat.pl/oferta/229053,https://cdn.fcapoland.pl/uploads/00/229053/69cd96ccbfde73140d9e64df36fd5e41.jpg,Fiat,Grande Panda,2025,0,KM,Hatchback,Lakier pastelowy Biały Gelato,New,82513 PLN,PLN,"{""addr1"": ""UL. KOSCIUSZKI 261"", ""city"": ""KATOWICE"", ""region"": ""ŚLĄSKIE"", ""country"": ""PL"", ""postal_code"": ""40-690""}",50.209822,18.965429,LEASE,1143 PLN,per month,Hybrid,Automatic,FWD
228724,600 (Red) · od 1738 PLN/mies.,Fiat 600 (Red) · Rata od 1738 PLN netto/mies. · Leasing B2B · GORZOW WIELKOPOLSKI · Sprawdź ofertę!,https://salon.fiat.pl/oferta/228724,https://cdn.fcapoland.pl/uploads/00/228724/142c21ebd5fe6da8958e11cec48732c7.jpg,Fiat,600,2025,0,KM,Hatchback,Lakier pastelowy Czarny Cinema,New,129286 PLN,PLN,"{""addr1"": ""UL. KASPRZAKA 1A"", ""city"": ""GORZOW WIELKOPOLSKI"", ""region"": ""LUBUSKIE"", ""country"": ""PL"", ""postal_code"": ""66-400""}",52.716825,15.24883,LEASE,1738 PLN,per month,Electric,Automatic,FWD
227635,600 La Prima · od 1402 PLN/mies.,Fiat 600 La Prima · Rata od 1402 PLN netto/mies. · Leasing B2B · PSZCZYNA · Sprawdź ofertę!,https://salon.fiat.pl/oferta/227635,https://cdn.fcapoland.pl/uploads/00/227635/1_render.jpg,Fiat,600,2025,0,KM,Hatchback,Lakier pastelowy Czerwony Passione z dachem w kolorze Czarny Cinema,New,101380 PLN,PLN,"{""addr1"": ""BIELSKA 31C"", ""city"": ""PSZCZYNA"", ""region"": ""ŚLĄSKIE"", ""country"": ""PL"", ""postal_code"": ""43-200""}",49.9645,18.959827,LEASE,1402 PLN,per month,Hybrid,Automatic,FWD
210312,600 600 · od 1486 PLN/mies.,Fiat 600 600 · Rata od 1486 PLN netto/mies. · Leasing B2B · GLIWICE · Sprawdź ofertę!,https://salon.fiat.pl/oferta/210312,https://cdn.fcapoland.pl/uploads/00/210312/d58a6d2e6399fc338a89f4d77d32057e.jpg,Fiat,600,2024,0,KM,Hatchback,Lakier metalizowany Beżowy Earth,New,107500 PLN,PLN,"{""addr1"": ""UL. PSZCZYNSKA 306"", ""city"": ""GLIWICE"", ""region"": ""ŚLĄSKIE"", ""country"": ""PL"", ""postal_code"": ""44-100""}",50.269497,18.708107,LEASE,1486 PLN,per month,Gasoline,Automatic,FWD
191445,500 Icon · od 1813 PLN/mies.,Fiat 500 Icon · Rata od 1813 PLN netto/mies. · Leasing B2B · GDYNIA · Sprawdź ofertę!,https://salon.fiat.pl/oferta/191445,https://cdn.fcapoland.pl/uploads/00/191445/719848fb1acdc1af52bccbdf132686d2.jpg,Fiat,500,2023,0,KM,Hatchback,Złoty Rose,New,134900 PLN,PLN,"{""addr1"": ""MORSKA 491"", ""city"": ""GDYNIA"", ""region"": ""POMORSKIE"", ""country"": ""PL"", ""postal_code"": ""81-002""}",54.549561,18.427188,LEASE,1813 PLN,per month,Electric,Automatic,FWD
188714,500 (Red) · od 1956 PLN/mies.,Fiat 500 (Red) · Rata od 1956 PLN netto/mies. · Leasing B2B · GDYNIA · Sprawdź ofertę!,https://salon.fiat.pl/oferta/188714,https://cdn.fcapoland.pl/uploads/00/188714/ca6edb3541542f34341467d83596bd67.jpg,Fiat,500,2022,0,KM,Hatchback,Red by RED,New,145625 PLN,PLN,"{""addr1"": ""MORSKA 491"", ""city"": ""GDYNIA"", ""region"": ""POMORSKIE"", ""country"": ""PL"", ""postal_code"": ""81-002""}",54.549561,18.427188,LEASE,1956 PLN,per month,Electric,Automatic,FWD
181947,500 (Red) · od 1881 PLN/mies.,Fiat 500 (Red) · Rata od 1881 PLN netto/mies. · Leasing B2B · KATOWICE · Sprawdź ofertę!,https://salon.fiat.pl/oferta/181947,https://cdn.fcapoland.pl/uploads/00/181947/a672b5965a7e47d455e9892ece56fadd.jpg,Fiat,500,2022,0,KM,Hatchback,Red by RED,New,139990 PLN,PLN,"{""addr1"": ""UL. ROZDZIENSKIEGO 170"", ""city"": ""KATOWICE"", ""region"": ""ŚLĄSKIE"", ""country"": ""PL"", ""postal_code"": ""40-203""}",50.264224,19.049744,LEASE,1881 PLN,per month,Electric,Automatic,FWD
