vehicle_id,title,description,link,image_link,make,model,year,mileage.value,mileage.unit,body_style,exterior_color,state_of_vehicle,price,currency,address,latitude,longitude,offer_type,amount_price,amount_qualifier,fuel_type,transmission,drivetrain
244557,Ducato Furgon · od 830 PLN/mies.,Fiat Professional Ducato Furgon · Rata od 830 PLN netto/mies. · Leasing B2B · WROCLAW · Sprawdź ofertę!,https://salon.fiatprofessional.pl/oferta/244557,https://cdn.fcapoland.pl/uploads/77/244557/25ac156a4a0300553f7cc2ace5e898b5.jpg,Fiat Professional,Ducato,2026,0,KM,Van,Biały,New,135177 PLN,PLN,"{""addr1"": ""UL. ZMIGRODZKA 251"", ""city"": ""WROCLAW"", ""region"": ""DOLNOŚLĄSKIE"", ""country"": ""PL"", ""postal_code"": ""51-129""}",51.162768,17.02893,LEASE,830 PLN,per month,Diesel,Manual,FWD
244310,Ducato Furgon · od 1024 PLN/mies.,Fiat Professional Ducato Furgon · Rata od 1024 PLN netto/mies. · Leasing B2B · ZŁOTNIKI · Sprawdź ofertę!,https://salon.fiatprofessional.pl/oferta/244310,https://cdn.fcapoland.pl/uploads/77/244310/d9932384ce242503c3fbde201853ec39.jpg,Fiat Professional,Ducato,2026,0,KM,Van,Biały,New,167175 PLN,PLN,"{""addr1"": ""UL. OBORNICKA 4"", ""city"": ""ZŁOTNIKI"", ""region"": ""WIELKOPOLSKIE"", ""country"": ""PL"", ""postal_code"": ""62-002""}",52.48747,16.8534,LEASE,1024 PLN,per month,Diesel,Manual,FWD
244198,Ducato Furgon · od 964 PLN/mies.,Fiat Professional Ducato Furgon · Rata od 964 PLN netto/mies. · Leasing B2B · ZŁOTNIKI · Sprawdź ofertę!,https://salon.fiatprofessional.pl/oferta/244198,https://cdn.fcapoland.pl/uploads/77/244198/ee478c5999d7019ef58b3d1db632e90b.jpg,Fiat Professional,Ducato,2026,0,KM,Van,Biały,New,157342 PLN,PLN,"{""addr1"": ""UL. OBORNICKA 4"", ""city"": ""ZŁOTNIKI"", ""region"": ""WIELKOPOLSKIE"", ""country"": ""PL"", ""postal_code"": ""62-002""}",52.48747,16.8534,LEASE,964 PLN,per month,Diesel,Manual,FWD
244092,Ducato Furgon · od 1125 PLN/mies.,Fiat Professional Ducato Furgon · Rata od 1125 PLN netto/mies. · Leasing B2B · ZŁOTNIKI · Sprawdź ofertę!,https://salon.fiatprofessional.pl/oferta/244092,https://cdn.fcapoland.pl/uploads/77/244092/90de34c8d7289c749fabfc72a9b1af64.jpg,Fiat Professional,Ducato,2026,0,KM,Van,Biały,New,183817 PLN,PLN,"{""addr1"": ""UL. OBORNICKA 4"", ""city"": ""ZŁOTNIKI"", ""region"": ""WIELKOPOLSKIE"", ""country"": ""PL"", ""postal_code"": ""62-002""}",52.48747,16.8534,LEASE,1125 PLN,per month,Diesel,Automatic,FWD
244088,Ducato Furgon · od 903 PLN/mies.,Fiat Professional Ducato Furgon · Rata od 903 PLN netto/mies. · Leasing B2B · SZCZECIN · Sprawdź ofertę!,https://salon.fiatprofessional.pl/oferta/244088,https://cdn.fcapoland.pl/uploads/77/244088/1_render.png,Fiat Professional,Ducato,2026,0,KM,Van,Biały,New,147195 PLN,PLN,"{""addr1"": ""USTOWO 57"", ""city"": ""SZCZECIN"", ""region"": ""ZACHODNIOPOMORSKIE"", ""country"": ""PL"", ""postal_code"": ""71-001""}",53.38756,14.498444,LEASE,903 PLN,per month,Diesel,Manual,FWD
244087,Ducato Furgon · od 1053 PLN/mies.,Fiat Professional Ducato Furgon · Rata od 1053 PLN netto/mies. · Leasing B2B · WROCLAW · Sprawdź ofertę!,https://salon.fiatprofessional.pl/oferta/244087,https://cdn.fcapoland.pl/uploads/77/244087/9ac5a88c604abcd8555d92081200becf.jpg,Fiat Professional,Ducato,2026,0,KM,Van,Szary Lanzarote,New,172046 PLN,PLN,"{""addr1"": ""UL. KARKONOSKA 45"", ""city"": ""WROCLAW"", ""region"": ""DOLNOŚLĄSKIE"", ""country"": ""PL"", ""postal_code"": ""53-015""}",51.063822,17.000133,LEASE,1053 PLN,per month,Diesel,Manual,FWD
244081,Ducato Furgon · od 877 PLN/mies.,Fiat Professional Ducato Furgon · Rata od 877 PLN netto/mies. · Leasing B2B · SZCZECIN · Sprawdź ofertę!,https://salon.fiatprofessional.pl/oferta/244081,https://cdn.fcapoland.pl/uploads/77/244081/1_render.png,Fiat Professional,Ducato,2026,0,KM,Van,Biały,New,143006 PLN,PLN,"{""addr1"": ""USTOWO 57"", ""city"": ""SZCZECIN"", ""region"": ""ZACHODNIOPOMORSKIE"", ""country"": ""PL"", ""postal_code"": ""71-001""}",53.38756,14.498444,LEASE,877 PLN,per month,Diesel,Manual,FWD
244070,Ducato Furgon · od 885 PLN/mies.,Fiat Professional Ducato Furgon · Rata od 885 PLN netto/mies. · Leasing B2B · ZIELONA GORA · Sprawdź ofertę!,https://salon.fiatprofessional.pl/oferta/244070,https://cdn.fcapoland.pl/uploads/77/244070/1_render.png,Fiat Professional,Ducato,2026,0,KM,Van,Biały,New,144279 PLN,PLN,"{""addr1"": ""UL. ST. BATOREGO 69A"", ""city"": ""ZIELONA GORA"", ""region"": ""LUBUSKIE"", ""country"": ""PL"", ""postal_code"": ""65-735""}",51.952379,15.499634,LEASE,885 PLN,per month,Diesel,Manual,FWD
243997,Ducato Furgon · od 853 PLN/mies.,Fiat Professional Ducato Furgon · Rata od 853 PLN netto/mies. · Leasing B2B · ZŁOTNIKI · Sprawdź ofertę!,https://salon.fiatprofessional.pl/oferta/243997,https://cdn.fcapoland.pl/uploads/77/243997/a3eecf09ff0e2fbed54f1fa56fa82722.jpg,Fiat Professional,Ducato,2026,0,KM,Van,Biały,New,138990 PLN,PLN,"{""addr1"": ""UL. OBORNICKA 4"", ""city"": ""ZŁOTNIKI"", ""region"": ""WIELKOPOLSKIE"", ""country"": ""PL"", ""postal_code"": ""62-002""}",52.48747,16.8534,LEASE,853 PLN,per month,Diesel,Manual,FWD
243982,Ducato Furgon · od 843 PLN/mies.,Fiat Professional Ducato Furgon · Rata od 843 PLN netto/mies. · Leasing B2B · SZCZECIN · Sprawdź ofertę!,https://salon.fiatprofessional.pl/oferta/243982,https://cdn.fcapoland.pl/uploads/77/243982/7f3a232916b23733b371a146f53a462f.jpg,Fiat Professional,Ducato,2026,0,KM,Van,Biały,New,137364 PLN,PLN,"{""addr1"": ""USTOWO 57"", ""city"": ""SZCZECIN"", ""region"": ""ZACHODNIOPOMORSKIE"", ""country"": ""PL"", ""postal_code"": ""71-001""}",53.38756,14.498444,LEASE,843 PLN,per month,Diesel,Manual,FWD
243964,Ducato Furgon · od 822 PLN/mies.,Fiat Professional Ducato Furgon · Rata od 822 PLN netto/mies. · Leasing B2B · GDANSK · Sprawdź ofertę!,https://salon.fiatprofessional.pl/oferta/243964,https://cdn.fcapoland.pl/uploads/77/243964/9f212b0c49b34adfa074d1cf6735e67b.jpg,Fiat Professional,Ducato,2026,0,KM,Van,Biały,New,133947 PLN,PLN,"{""addr1"": ""UL. POTOKOWA 15AC"", ""city"": ""GDANSK"", ""region"": ""POMORSKIE"", ""country"": ""PL"", ""postal_code"": ""80-283""}",54.368945,18.570911,LEASE,822 PLN,per month,Diesel,Manual,FWD
243955,Ducato Furgon · od 800 PLN/mies.,Fiat Professional Ducato Furgon · Rata od 800 PLN netto/mies. · Leasing B2B · POZNAN · Sprawdź ofertę!,https://salon.fiatprofessional.pl/oferta/243955,https://cdn.fcapoland.pl/uploads/77/243955/2d702bd509a2d4f5719056aa2415d7f4.jpg,Fiat Professional,Ducato,2026,0,KM,Van,Szary Expedition,New,130257 PLN,PLN,"{""addr1"": ""UL. GORZYSLAWA 9"", ""city"": ""POZNAN"", ""region"": ""WIELKOPOLSKIE"", ""country"": ""PL"", ""postal_code"": ""61-057""}",52.408466,17.029606,LEASE,800 PLN,per month,Diesel,Manual,FWD
243906,Ducato Furgon · od 853 PLN/mies.,Fiat Professional Ducato Furgon · Rata od 853 PLN netto/mies. · Leasing B2B · ZŁOTNIKI · Sprawdź ofertę!,https://salon.fiatprofessional.pl/oferta/243906,https://cdn.fcapoland.pl/uploads/77/243906/1_render.png,Fiat Professional,Ducato,2026,0,KM,Van,Biały,New,138990 PLN,PLN,"{""addr1"": ""UL. OBORNICKA 4"", ""city"": ""ZŁOTNIKI"", ""region"": ""WIELKOPOLSKIE"", ""country"": ""PL"", ""postal_code"": ""62-002""}",52.48747,16.8534,LEASE,853 PLN,per month,Diesel,Manual,FWD
243905,Ducato Furgon · od 1424 PLN/mies.,Fiat Professional Ducato Furgon · Rata od 1424 PLN netto/mies. · Leasing B2B · ZŁOTNIKI · Sprawdź ofertę!,https://salon.fiatprofessional.pl/oferta/243905,https://cdn.fcapoland.pl/uploads/77/243905/1_render.png,Fiat Professional,Ducato,2026,0,KM,Van,Biały,New,233182 PLN,PLN,"{""addr1"": ""UL. OBORNICKA 4"", ""city"": ""ZŁOTNIKI"", ""region"": ""WIELKOPOLSKIE"", ""country"": ""PL"", ""postal_code"": ""62-002""}",52.48747,16.8534,LEASE,1424 PLN,per month,Diesel,Manual,FWD
243859,Ducato Furgon · od 912 PLN/mies.,Fiat Professional Ducato Furgon · Rata od 912 PLN netto/mies. · Leasing B2B · GDANSK · Sprawdź ofertę!,https://salon.fiatprofessional.pl/oferta/243859,https://cdn.fcapoland.pl/uploads/77/243859/8fc6002736e28dd21f0ff44a235a4a18.jpg,Fiat Professional,Ducato,2026,0,KM,Van,Biały,New,148707 PLN,PLN,"{""addr1"": ""UL. POTOKOWA 15AC"", ""city"": ""GDANSK"", ""region"": ""POMORSKIE"", ""country"": ""PL"", ""postal_code"": ""80-283""}",54.368945,18.570911,LEASE,912 PLN,per month,Diesel,Manual,FWD
243803,Ducato Furgon · od 837 PLN/mies.,Fiat Professional Ducato Furgon · Rata od 837 PLN netto/mies. · Leasing B2B · GDANSK · Sprawdź ofertę!,https://salon.fiatprofessional.pl/oferta/243803,https://cdn.fcapoland.pl/uploads/77/243803/95ca575d4c5f32ff1b7be34ff5a3764d.jpg,Fiat Professional,Ducato,2026,0,KM,Van,Szary Lanzarote,New,136407 PLN,PLN,"{""addr1"": ""UL. POTOKOWA 15AC"", ""city"": ""GDANSK"", ""region"": ""POMORSKIE"", ""country"": ""PL"", ""postal_code"": ""80-283""}",54.368945,18.570911,LEASE,837 PLN,per month,Diesel,Manual,FWD
243801,Ducato Furgon · od 930 PLN/mies.,Fiat Professional Ducato Furgon · Rata od 930 PLN netto/mies. · Leasing B2B · WROCLAW · Sprawdź ofertę!,https://salon.fiatprofessional.pl/oferta/243801,https://cdn.fcapoland.pl/uploads/77/243801/30a112ff8c46c88218351fa4b8a1f299.jpg,Fiat Professional,Ducato,2026,0,KM,Van,Biały,New,151738 PLN,PLN,"{""addr1"": ""UL. KARKONOSKA 45"", ""city"": ""WROCLAW"", ""region"": ""DOLNOŚLĄSKIE"", ""country"": ""PL"", ""postal_code"": ""53-015""}",51.063822,17.000133,LEASE,930 PLN,per month,Diesel,Manual,FWD
243724,Doblò Furgon Xl · od 825 PLN/mies.,Fiat Professional Doblò Furgon Xl · Rata od 825 PLN netto/mies. · Leasing B2B · SZCZECIN · Sprawdź ofertę!,https://salon.fiatprofessional.pl/oferta/243724,https://cdn.fcapoland.pl/uploads/77/243724/1_render.png,Fiat Professional,Doblò,2026,0,KM,Hatchback,Biały Gelato,New,106775 PLN,PLN,"{""addr1"": ""USTOWO 57"", ""city"": ""SZCZECIN"", ""region"": ""ZACHODNIOPOMORSKIE"", ""country"": ""PL"", ""postal_code"": ""71-001""}",53.38756,14.498444,LEASE,825 PLN,per month,Diesel,Manual,FWD
243723,Doblò Furgon Xl · od 825 PLN/mies.,Fiat Professional Doblò Furgon Xl · Rata od 825 PLN netto/mies. · Leasing B2B · SZCZECIN · Sprawdź ofertę!,https://salon.fiatprofessional.pl/oferta/243723,https://cdn.fcapoland.pl/uploads/77/243723/1_render.png,Fiat Professional,Doblò,2026,0,KM,Hatchback,Biały Gelato,New,106775 PLN,PLN,"{""addr1"": ""USTOWO 57"", ""city"": ""SZCZECIN"", ""region"": ""ZACHODNIOPOMORSKIE"", ""country"": ""PL"", ""postal_code"": ""71-001""}",53.38756,14.498444,LEASE,825 PLN,per month,Diesel,Manual,FWD
243622,Ducato Furgon · od 930 PLN/mies.,Fiat Professional Ducato Furgon · Rata od 930 PLN netto/mies. · Leasing B2B · WROCLAW · Sprawdź ofertę!,https://salon.fiatprofessional.pl/oferta/243622,https://cdn.fcapoland.pl/uploads/77/243622/95351664fee3ce3aefebef10b28dc2f3.jpg,Fiat Professional,Ducato,2026,0,KM,Van,Biały,New,151738 PLN,PLN,"{""addr1"": ""UL. KARKONOSKA 45"", ""city"": ""WROCLAW"", ""region"": ""DOLNOŚLĄSKIE"", ""country"": ""PL"", ""postal_code"": ""53-015""}",51.063822,17.000133,LEASE,930 PLN,per month,Diesel,Manual,FWD
243606,Ducato Furgon · od 912 PLN/mies.,Fiat Professional Ducato Furgon · Rata od 912 PLN netto/mies. · Leasing B2B · GDANSK · Sprawdź ofertę!,https://salon.fiatprofessional.pl/oferta/243606,https://cdn.fcapoland.pl/uploads/77/243606/06f7bcb46effd9a61333f9d507b2cb68.jpg,Fiat Professional,Ducato,2026,0,KM,Van,Biały,New,148707 PLN,PLN,"{""addr1"": ""UL. POTOKOWA 15AC"", ""city"": ""GDANSK"", ""region"": ""POMORSKIE"", ""country"": ""PL"", ""postal_code"": ""80-283""}",54.368945,18.570911,LEASE,912 PLN,per month,Diesel,Manual,FWD
243538,Ducato Furgon · od 889 PLN/mies.,Fiat Professional Ducato Furgon · Rata od 889 PLN netto/mies. · Leasing B2B · SZCZECIN · Sprawdź ofertę!,https://salon.fiatprofessional.pl/oferta/243538,https://cdn.fcapoland.pl/uploads/77/243538/2964ee271686ae9e3325057661e0fd53.jpg,Fiat Professional,Ducato,2026,0,KM,Van,Biały,New,144887 PLN,PLN,"{""addr1"": ""USTOWO 57"", ""city"": ""SZCZECIN"", ""region"": ""ZACHODNIOPOMORSKIE"", ""country"": ""PL"", ""postal_code"": ""71-001""}",53.38756,14.498444,LEASE,889 PLN,per month,Diesel,Manual,FWD
243509,Ducato Furgon · od 967 PLN/mies.,Fiat Professional Ducato Furgon · Rata od 967 PLN netto/mies. · Leasing B2B · SZCZECIN · Sprawdź ofertę!,https://salon.fiatprofessional.pl/oferta/243509,https://cdn.fcapoland.pl/uploads/77/243509/fc7fc702ddd0d5200f55abdea1a1229b.jpg,Fiat Professional,Ducato,2026,0,KM,Van,Szary Iron,New,157727 PLN,PLN,"{""addr1"": ""USTOWO 57"", ""city"": ""SZCZECIN"", ""region"": ""ZACHODNIOPOMORSKIE"", ""country"": ""PL"", ""postal_code"": ""71-001""}",53.38756,14.498444,LEASE,967 PLN,per month,Diesel,Manual,FWD
243490,Ducato Furgon · od 1014 PLN/mies.,Fiat Professional Ducato Furgon · Rata od 1014 PLN netto/mies. · Leasing B2B · WROCLAW · Sprawdź ofertę!,https://salon.fiatprofessional.pl/oferta/243490,https://cdn.fcapoland.pl/uploads/77/243490/d0c6973b0399f10001288b09ef122df8.jpg,Fiat Professional,Ducato,2026,0,KM,Van,Biały,New,165490 PLN,PLN,"{""addr1"": ""UL. KARKONOSKA 45"", ""city"": ""WROCLAW"", ""region"": ""DOLNOŚLĄSKIE"", ""country"": ""PL"", ""postal_code"": ""53-015""}",51.063822,17.000133,LEASE,1014 PLN,per month,Diesel,Manual,FWD
243487,Ducato Furgon · od 836 PLN/mies.,Fiat Professional Ducato Furgon · Rata od 836 PLN netto/mies. · Leasing B2B · SZCZECIN · Sprawdź ofertę!,https://salon.fiatprofessional.pl/oferta/243487,https://cdn.fcapoland.pl/uploads/77/243487/9c2767f9c8bde33ea8e7a8adfcb1d8a4.jpg,Fiat Professional,Ducato,2026,0,KM,Van,Biały,New,136118 PLN,PLN,"{""addr1"": ""USTOWO 57"", ""city"": ""SZCZECIN"", ""region"": ""ZACHODNIOPOMORSKIE"", ""country"": ""PL"", ""postal_code"": ""71-001""}",53.38756,14.498444,LEASE,836 PLN,per month,Diesel,Manual,FWD
243484,Ducato Furgon · od 945 PLN/mies.,Fiat Professional Ducato Furgon · Rata od 945 PLN netto/mies. · Leasing B2B · RZESZOW · Sprawdź ofertę!,https://salon.fiatprofessional.pl/oferta/243484,https://cdn.fcapoland.pl/uploads/77/243484/55c4b19bd6e61b6a322f923dae236608.jpg,Fiat Professional,Ducato,2026,0,KM,Van,Biały,New,154242 PLN,PLN,"{""addr1"": ""UL. WARSZAWSKA 135"", ""city"": ""RZESZOW"", ""region"": ""PODKARPACKIE"", ""country"": ""PL"", ""postal_code"": ""35-205""}",50.081623,21.984324,LEASE,945 PLN,per month,Diesel,Manual,FWD
243479,Ducato Furgon · od 985 PLN/mies.,Fiat Professional Ducato Furgon · Rata od 985 PLN netto/mies. · Leasing B2B · ZIELONA GORA · Sprawdź ofertę!,https://salon.fiatprofessional.pl/oferta/243479,https://cdn.fcapoland.pl/uploads/77/243479/1_render.png,Fiat Professional,Ducato,2026,0,KM,Van,Szary Lanzarote,New,160830 PLN,PLN,"{""addr1"": ""UL. ST. BATOREGO 69A"", ""city"": ""ZIELONA GORA"", ""region"": ""LUBUSKIE"", ""country"": ""PL"", ""postal_code"": ""65-735""}",51.952379,15.499634,LEASE,985 PLN,per month,Diesel,Manual,FWD
243443,Doblò Furgon Xl · od 919 PLN/mies.,Fiat Professional Doblò Furgon Xl · Rata od 919 PLN netto/mies. · Leasing B2B · GDANSK · Sprawdź ofertę!,https://salon.fiatprofessional.pl/oferta/243443,https://cdn.fcapoland.pl/uploads/77/243443/d5f01e0a6986c5d498dbddff859fa865.jpg,Fiat Professional,Doblò,2026,0,KM,Hatchback,Szary Maestro,New,119187 PLN,PLN,"{""addr1"": ""UL. POTOKOWA 15AC"", ""city"": ""GDANSK"", ""region"": ""POMORSKIE"", ""country"": ""PL"", ""postal_code"": ""80-283""}",54.368945,18.570911,LEASE,919 PLN,per month,Diesel,Automatic,FWD
243393,Ducato Furgon · od 894 PLN/mies.,Fiat Professional Ducato Furgon · Rata od 894 PLN netto/mies. · Leasing B2B · RZESZOW · Sprawdź ofertę!,https://salon.fiatprofessional.pl/oferta/243393,https://cdn.fcapoland.pl/uploads/77/243393/08ea70c8c710a13ae3fc6172c0361f72.jpg,Fiat Professional,Ducato,2026,0,KM,Van,Biały,New,145755 PLN,PLN,"{""addr1"": ""UL. WARSZAWSKA 135"", ""city"": ""RZESZOW"", ""region"": ""PODKARPACKIE"", ""country"": ""PL"", ""postal_code"": ""35-205""}",50.081623,21.984324,LEASE,894 PLN,per month,Diesel,Manual,FWD
243389,Ducato Furgon · od 922 PLN/mies.,Fiat Professional Ducato Furgon · Rata od 922 PLN netto/mies. · Leasing B2B · TORUŃ · Sprawdź ofertę!,https://salon.fiatprofessional.pl/oferta/243389,https://cdn.fcapoland.pl/uploads/77/243389/1_render.png,Fiat Professional,Ducato,2026,0,KM,Van,Biały,New,150360 PLN,PLN,"{""addr1"": ""UL. OLIMPIJSKA 8"", ""city"": ""TORUŃ"", ""region"": ""KUJAWSKO-POMORSKIE"", ""country"": ""PL"", ""postal_code"": ""87-100""}",53.02851,18.70153,LEASE,922 PLN,per month,Diesel,Manual,FWD
243226,Ducato Furgon · od 1050 PLN/mies.,Fiat Professional Ducato Furgon · Rata od 1050 PLN netto/mies. · Leasing B2B · NOWY TARG · Sprawdź ofertę!,https://salon.fiatprofessional.pl/oferta/243226,https://cdn.fcapoland.pl/uploads/77/243226/5fc4114ea8b92fd7e10fbc7ef86ae6ea.jpg,Fiat Professional,Ducato,2026,0,KM,Van,Szary Lanzarote,New,171555 PLN,PLN,"{""addr1"": ""UL. KRAKOWSKA 3"", ""city"": ""NOWY TARG"", ""region"": ""MAŁOPOLSKIE"", ""country"": ""PL"", ""postal_code"": ""34-400""}",49.45445,20.01966,LEASE,1050 PLN,per month,Diesel,Automatic,FWD
243218,Ducato Furgon · od 872 PLN/mies.,Fiat Professional Ducato Furgon · Rata od 872 PLN netto/mies. · Leasing B2B · WARSZAWA · Sprawdź ofertę!,https://salon.fiatprofessional.pl/oferta/243218,https://cdn.fcapoland.pl/uploads/77/243218/b0e992bde58dba945f0eff8984c67eab.jpg,Fiat Professional,Ducato,2026,0,KM,Van,Szary Lanzarote,New,142188 PLN,PLN,"{""addr1"": ""UL. RADZYMIŃSKA 112"", ""city"": ""WARSZAWA"", ""region"": ""MAZOWIECKIE"", ""country"": ""PL"", ""postal_code"": ""03-574""}",52.26811,21.06277,LEASE,872 PLN,per month,Diesel,Manual,FWD
243113,Ducato Furgon · od 1057 PLN/mies.,Fiat Professional Ducato Furgon · Rata od 1057 PLN netto/mies. · Leasing B2B · NOWY TARG · Sprawdź ofertę!,https://salon.fiatprofessional.pl/oferta/243113,https://cdn.fcapoland.pl/uploads/77/243113/f45d5bcf8e8577a1a8ec87b17739388b.jpg,Fiat Professional,Ducato,2026,0,KM,Van,Szary Lanzarote,New,172708 PLN,PLN,"{""addr1"": ""UL. KRAKOWSKA 3"", ""city"": ""NOWY TARG"", ""region"": ""MAŁOPOLSKIE"", ""country"": ""PL"", ""postal_code"": ""34-400""}",49.45445,20.01966,LEASE,1057 PLN,per month,Diesel,Automatic,FWD
243112,Ducato Furgon · od 815 PLN/mies.,Fiat Professional Ducato Furgon · Rata od 815 PLN netto/mies. · Leasing B2B · RZESZOW · Sprawdź ofertę!,https://salon.fiatprofessional.pl/oferta/243112,https://cdn.fcapoland.pl/uploads/77/243112/713cf64545a1daadb2586d8bc9b125b1.jpg,Fiat Professional,Ducato,2026,0,KM,Van,Biały,New,132717 PLN,PLN,"{""addr1"": ""UL. WARSZAWSKA 135"", ""city"": ""RZESZOW"", ""region"": ""PODKARPACKIE"", ""country"": ""PL"", ""postal_code"": ""35-205""}",50.081623,21.984324,LEASE,815 PLN,per month,Diesel,Manual,FWD
243104,Ducato Furgon · od 1038 PLN/mies.,Fiat Professional Ducato Furgon · Rata od 1038 PLN netto/mies. · Leasing B2B · NOWY TARG · Sprawdź ofertę!,https://salon.fiatprofessional.pl/oferta/243104,https://cdn.fcapoland.pl/uploads/77/243104/b1c5339cf027c849b1d3f614688f9612.jpg,Fiat Professional,Ducato,2026,0,KM,Van,Biały,New,169597 PLN,PLN,"{""addr1"": ""UL. KRAKOWSKA 3"", ""city"": ""NOWY TARG"", ""region"": ""MAŁOPOLSKIE"", ""country"": ""PL"", ""postal_code"": ""34-400""}",49.45445,20.01966,LEASE,1038 PLN,per month,Diesel,Automatic,FWD
243029,Ducato Furgon · od 862 PLN/mies.,Fiat Professional Ducato Furgon · Rata od 862 PLN netto/mies. · Leasing B2B · RZESZOW · Sprawdź ofertę!,https://salon.fiatprofessional.pl/oferta/243029,https://cdn.fcapoland.pl/uploads/77/243029/e9e3b84af037e5b62304e018883987d2.jpg,Fiat Professional,Ducato,2026,0,KM,Van,Biały,New,140466 PLN,PLN,"{""addr1"": ""UL. WARSZAWSKA 135"", ""city"": ""RZESZOW"", ""region"": ""PODKARPACKIE"", ""country"": ""PL"", ""postal_code"": ""35-205""}",50.081623,21.984324,LEASE,862 PLN,per month,Diesel,Manual,FWD
243022,Ducato Furgon · od 848 PLN/mies.,Fiat Professional Ducato Furgon · Rata od 848 PLN netto/mies. · Leasing B2B · TORUŃ · Sprawdź ofertę!,https://salon.fiatprofessional.pl/oferta/243022,https://cdn.fcapoland.pl/uploads/77/243022/1_render.png,Fiat Professional,Ducato,2026,0,KM,Van,Biały,New,138229 PLN,PLN,"{""addr1"": ""UL. OLIMPIJSKA 8"", ""city"": ""TORUŃ"", ""region"": ""KUJAWSKO-POMORSKIE"", ""country"": ""PL"", ""postal_code"": ""87-100""}",53.02851,18.70153,LEASE,848 PLN,per month,Diesel,Manual,FWD
243016,Ducato Furgon · od 939 PLN/mies.,Fiat Professional Ducato Furgon · Rata od 939 PLN netto/mies. · Leasing B2B · SZCZECIN · Sprawdź ofertę!,https://salon.fiatprofessional.pl/oferta/243016,https://cdn.fcapoland.pl/uploads/77/243016/f17fb91e64f650d98a0a3b69e110b480.jpg,Fiat Professional,Ducato,2026,0,KM,Van,Biały,New,153221 PLN,PLN,"{""addr1"": ""USTOWO 57"", ""city"": ""SZCZECIN"", ""region"": ""ZACHODNIOPOMORSKIE"", ""country"": ""PL"", ""postal_code"": ""71-001""}",53.38756,14.498444,LEASE,939 PLN,per month,Diesel,Manual,FWD
243010,Ducato Furgon · od 1000 PLN/mies.,Fiat Professional Ducato Furgon · Rata od 1000 PLN netto/mies. · Leasing B2B · ZIELONA GORA · Sprawdź ofertę!,https://salon.fiatprofessional.pl/oferta/243010,https://cdn.fcapoland.pl/uploads/77/243010/803690f368233f6f9ec397adfc5e7e93.jpg,Fiat Professional,Ducato,2026,0,KM,Van,Szary Lanzarote,New,163323 PLN,PLN,"{""addr1"": ""UL. ST. BATOREGO 69A"", ""city"": ""ZIELONA GORA"", ""region"": ""LUBUSKIE"", ""country"": ""PL"", ""postal_code"": ""65-735""}",51.952379,15.499634,LEASE,1000 PLN,per month,Diesel,Manual,FWD
242956,Ducato Furgon · od 767 PLN/mies.,Fiat Professional Ducato Furgon · Rata od 767 PLN netto/mies. · Leasing B2B · SZCZECIN · Sprawdź ofertę!,https://salon.fiatprofessional.pl/oferta/242956,https://cdn.fcapoland.pl/uploads/77/242956/f7230c1cf47215b02cae0cfb854fabc0.jpg,Fiat Professional,Ducato,2026,0,KM,Van,Biały,New,124764 PLN,PLN,"{""addr1"": ""USTOWO 57"", ""city"": ""SZCZECIN"", ""region"": ""ZACHODNIOPOMORSKIE"", ""country"": ""PL"", ""postal_code"": ""71-001""}",53.38756,14.498444,LEASE,767 PLN,per month,Diesel,Manual,FWD
242954,Ducato Furgon · od 895 PLN/mies.,Fiat Professional Ducato Furgon · Rata od 895 PLN netto/mies. · Leasing B2B · RZESZOW · Sprawdź ofertę!,https://salon.fiatprofessional.pl/oferta/242954,https://cdn.fcapoland.pl/uploads/77/242954/e2eeb0e9c2d40c0682a27d3a066f1e50.jpg,Fiat Professional,Ducato,2026,0,KM,Van,Biały,New,146001 PLN,PLN,"{""addr1"": ""UL. WARSZAWSKA 135"", ""city"": ""RZESZOW"", ""region"": ""PODKARPACKIE"", ""country"": ""PL"", ""postal_code"": ""35-205""}",50.081623,21.984324,LEASE,895 PLN,per month,Diesel,Manual,FWD
242940,Ducato Furgon · od 784 PLN/mies.,Fiat Professional Ducato Furgon · Rata od 784 PLN netto/mies. · Leasing B2B · NOWY TARG · Sprawdź ofertę!,https://salon.fiatprofessional.pl/oferta/242940,https://cdn.fcapoland.pl/uploads/77/242940/eb78acf510c3fb21bfaa498e86c09969.jpg,Fiat Professional,Ducato,2026,0,KM,Van,Biały,New,127662 PLN,PLN,"{""addr1"": ""UL. KRAKOWSKA 3"", ""city"": ""NOWY TARG"", ""region"": ""MAŁOPOLSKIE"", ""country"": ""PL"", ""postal_code"": ""34-400""}",49.45445,20.01966,LEASE,784 PLN,per month,Diesel,Manual,FWD
242939,Ducato Furgon · od 784 PLN/mies.,Fiat Professional Ducato Furgon · Rata od 784 PLN netto/mies. · Leasing B2B · NOWY TARG · Sprawdź ofertę!,https://salon.fiatprofessional.pl/oferta/242939,https://cdn.fcapoland.pl/uploads/77/242939/a9bfcc76131a4d86c609472de5d31025.jpg,Fiat Professional,Ducato,2026,0,KM,Van,Biały,New,127662 PLN,PLN,"{""addr1"": ""UL. KRAKOWSKA 3"", ""city"": ""NOWY TARG"", ""region"": ""MAŁOPOLSKIE"", ""country"": ""PL"", ""postal_code"": ""34-400""}",49.45445,20.01966,LEASE,784 PLN,per month,Diesel,Manual,FWD
242933,Ducato Furgon · od 807 PLN/mies.,Fiat Professional Ducato Furgon · Rata od 807 PLN netto/mies. · Leasing B2B · KATOWICE · Sprawdź ofertę!,https://salon.fiatprofessional.pl/oferta/242933,https://cdn.fcapoland.pl/uploads/77/242933/09dc76686058b23324aa93de62cd6cf6.jpg,Fiat Professional,Ducato,2026,0,KM,Van,Biały,New,131487 PLN,PLN,"{""addr1"": ""UL. KOSCIUSZKI 261"", ""city"": ""KATOWICE"", ""region"": ""ŚLĄSKIE"", ""country"": ""PL"", ""postal_code"": ""40-690""}",50.209822,18.965429,LEASE,807 PLN,per month,Diesel,Manual,FWD
242932,Ducato Furgon · od 807 PLN/mies.,Fiat Professional Ducato Furgon · Rata od 807 PLN netto/mies. · Leasing B2B · KATOWICE · Sprawdź ofertę!,https://salon.fiatprofessional.pl/oferta/242932,https://cdn.fcapoland.pl/uploads/77/242932/99ebbf7bd457e82333cd36e2f091be46.jpg,Fiat Professional,Ducato,2026,0,KM,Van,Biały,New,131487 PLN,PLN,"{""addr1"": ""UL. KOSCIUSZKI 261"", ""city"": ""KATOWICE"", ""region"": ""ŚLĄSKIE"", ""country"": ""PL"", ""postal_code"": ""40-690""}",50.209822,18.965429,LEASE,807 PLN,per month,Diesel,Manual,FWD
242930,Ducato Furgon · od 804 PLN/mies.,Fiat Professional Ducato Furgon · Rata od 804 PLN netto/mies. · Leasing B2B · NOWY TARG · Sprawdź ofertę!,https://salon.fiatprofessional.pl/oferta/242930,https://cdn.fcapoland.pl/uploads/77/242930/63aceaad04fad9e37c62058e10cb322e.jpg,Fiat Professional,Ducato,2026,0,KM,Van,Szary Lanzarote,New,130953 PLN,PLN,"{""addr1"": ""UL. KRAKOWSKA 3"", ""city"": ""NOWY TARG"", ""region"": ""MAŁOPOLSKIE"", ""country"": ""PL"", ""postal_code"": ""34-400""}",49.45445,20.01966,LEASE,804 PLN,per month,Diesel,Manual,FWD
242928,Ducato Podwozie Do Zabudowy · od 793 PLN/mies.,Fiat Professional Ducato Podwozie Do Zabudowy · Rata od 793 PLN netto/mies. · Leasing B2B · GDANSK · Sprawdź ofertę!,https://salon.fiatprofessional.pl/oferta/242928,https://cdn.fcapoland.pl/uploads/77/242928/b993eb058f8c397781d373d964581892.jpg,Fiat Professional,Ducato,2026,0,KM,Van,Biały,New,129027 PLN,PLN,"{""addr1"": ""UL. POTOKOWA 15AC"", ""city"": ""GDANSK"", ""region"": ""POMORSKIE"", ""country"": ""PL"", ""postal_code"": ""80-283""}",54.368945,18.570911,LEASE,793 PLN,per month,Diesel,Manual,FWD
242927,Doblò Furgon M · od 771 PLN/mies.,Fiat Professional Doblò Furgon M · Rata od 771 PLN netto/mies. · Leasing B2B · SZCZECIN · Sprawdź ofertę!,https://salon.fiatprofessional.pl/oferta/242927,https://cdn.fcapoland.pl/uploads/77/242927/1_render.png,Fiat Professional,Doblò,2026,0,KM,Hatchback,Biały Gelato,New,99789 PLN,PLN,"{""addr1"": ""USTOWO 57"", ""city"": ""SZCZECIN"", ""region"": ""ZACHODNIOPOMORSKIE"", ""country"": ""PL"", ""postal_code"": ""71-001""}",53.38756,14.498444,LEASE,771 PLN,per month,Gasoline,Manual,FWD
242896,Ducato Furgon · od 852 PLN/mies.,Fiat Professional Ducato Furgon · Rata od 852 PLN netto/mies. · Leasing B2B · GDANSK · Sprawdź ofertę!,https://salon.fiatprofessional.pl/oferta/242896,https://cdn.fcapoland.pl/uploads/77/242896/f2d321f1c271f58e834c5d7b05e61950.jpg,Fiat Professional,Ducato,2026,0,KM,Van,Szary Lanzarote,New,138867 PLN,PLN,"{""addr1"": ""UL. POTOKOWA 15AC"", ""city"": ""GDANSK"", ""region"": ""POMORSKIE"", ""country"": ""PL"", ""postal_code"": ""80-283""}",54.368945,18.570911,LEASE,852 PLN,per month,Diesel,Manual,FWD
242894,Ducato Furgon · od 880 PLN/mies.,Fiat Professional Ducato Furgon · Rata od 880 PLN netto/mies. · Leasing B2B · POZNAN · Sprawdź ofertę!,https://salon.fiatprofessional.pl/oferta/242894,https://cdn.fcapoland.pl/uploads/77/242894/7407ceb57958967126731a09d1b8118f.jpg,Fiat Professional,Ducato,2026,0,KM,Van,Biały,New,143418 PLN,PLN,"{""addr1"": ""UL. GORZYSLAWA 9"", ""city"": ""POZNAN"", ""region"": ""WIELKOPOLSKIE"", ""country"": ""PL"", ""postal_code"": ""61-057""}",52.408466,17.029606,LEASE,880 PLN,per month,Diesel,Manual,FWD
242887,Ducato Furgon · od 796 PLN/mies.,Fiat Professional Ducato Furgon · Rata od 796 PLN netto/mies. · Leasing B2B · RZESZOW · Sprawdź ofertę!,https://salon.fiatprofessional.pl/oferta/242887,https://cdn.fcapoland.pl/uploads/77/242887/117a8adaac18749094666ec7741d15fe.jpg,Fiat Professional,Ducato,2026,0,KM,Van,Biały,New,129642 PLN,PLN,"{""addr1"": ""UL. WARSZAWSKA 135"", ""city"": ""RZESZOW"", ""region"": ""PODKARPACKIE"", ""country"": ""PL"", ""postal_code"": ""35-205""}",50.081623,21.984324,LEASE,796 PLN,per month,Diesel,Manual,FWD
242874,Ducato Furgon · od 784 PLN/mies.,Fiat Professional Ducato Furgon · Rata od 784 PLN netto/mies. · Leasing B2B · RZESZOW · Sprawdź ofertę!,https://salon.fiatprofessional.pl/oferta/242874,https://cdn.fcapoland.pl/uploads/77/242874/1_render.png,Fiat Professional,Ducato,2026,0,KM,Van,Biały,New,127662 PLN,PLN,"{""addr1"": ""UL. WARSZAWSKA 135"", ""city"": ""RZESZOW"", ""region"": ""PODKARPACKIE"", ""country"": ""PL"", ""postal_code"": ""35-205""}",50.081623,21.984324,LEASE,784 PLN,per month,Diesel,Manual,FWD
242873,Ducato Furgon · od 804 PLN/mies.,Fiat Professional Ducato Furgon · Rata od 804 PLN netto/mies. · Leasing B2B · NOWY TARG · Sprawdź ofertę!,https://salon.fiatprofessional.pl/oferta/242873,https://cdn.fcapoland.pl/uploads/77/242873/23afbe86a19e6bb16da052bcd2b10178.jpg,Fiat Professional,Ducato,2026,0,KM,Van,Szary Lanzarote,New,130953 PLN,PLN,"{""addr1"": ""UL. KRAKOWSKA 3"", ""city"": ""NOWY TARG"", ""region"": ""MAŁOPOLSKIE"", ""country"": ""PL"", ""postal_code"": ""34-400""}",49.45445,20.01966,LEASE,804 PLN,per month,Diesel,Manual,FWD
242854,Ducato Furgon · od 880 PLN/mies.,Fiat Professional Ducato Furgon · Rata od 880 PLN netto/mies. · Leasing B2B · POZNAN · Sprawdź ofertę!,https://salon.fiatprofessional.pl/oferta/242854,https://cdn.fcapoland.pl/uploads/77/242854/61afe4d2478e10e1b33c827855b56156.jpg,Fiat Professional,Ducato,2026,0,KM,Van,Biały,New,143418 PLN,PLN,"{""addr1"": ""UL. GORZYSLAWA 9"", ""city"": ""POZNAN"", ""region"": ""WIELKOPOLSKIE"", ""country"": ""PL"", ""postal_code"": ""61-057""}",52.408466,17.029606,LEASE,880 PLN,per month,Diesel,Manual,FWD
242827,Ducato Podwozie Do Zabudowy · od 830 PLN/mies.,Fiat Professional Ducato Podwozie Do Zabudowy · Rata od 830 PLN netto/mies. · Leasing B2B · GDANSK · Sprawdź ofertę!,https://salon.fiatprofessional.pl/oferta/242827,https://cdn.fcapoland.pl/uploads/77/242827/325c53bf196a4887406e1df6a4a18191.jpg,Fiat Professional,Ducato,2026,0,KM,Van,Biały,New,135177 PLN,PLN,"{""addr1"": ""UL. POTOKOWA 15AC"", ""city"": ""GDANSK"", ""region"": ""POMORSKIE"", ""country"": ""PL"", ""postal_code"": ""80-283""}",54.368945,18.570911,LEASE,830 PLN,per month,Diesel,Manual,FWD
242813,Doblò Furgon M · od 675 PLN/mies.,Fiat Professional Doblò Furgon M · Rata od 675 PLN netto/mies. · Leasing B2B · GDANSK · Sprawdź ofertę!,https://salon.fiatprofessional.pl/oferta/242813,https://cdn.fcapoland.pl/uploads/77/242813/53ffcc47ec4a49cfd3216ebf8a39ebde.jpg,Fiat Professional,Doblò,2026,0,KM,Hatchback,Biały Gelato,New,87207 PLN,PLN,"{""addr1"": ""UL. POTOKOWA 15AC"", ""city"": ""GDANSK"", ""region"": ""POMORSKIE"", ""country"": ""PL"", ""postal_code"": ""80-283""}",54.368945,18.570911,LEASE,675 PLN,per month,Gasoline,Manual,FWD
242778,Ducato Furgon · od 881 PLN/mies.,Fiat Professional Ducato Furgon · Rata od 881 PLN netto/mies. · Leasing B2B · POZNAN · Sprawdź ofertę!,https://salon.fiatprofessional.pl/oferta/242778,https://cdn.fcapoland.pl/uploads/77/242778/f84906c0ec62ac95ba3052c64a038b0d.jpg,Fiat Professional,Ducato,2026,0,KM,Van,Biały,New,143541 PLN,PLN,"{""addr1"": ""UL. GORZYSLAWA 9"", ""city"": ""POZNAN"", ""region"": ""WIELKOPOLSKIE"", ""country"": ""PL"", ""postal_code"": ""61-057""}",52.408466,17.029606,LEASE,881 PLN,per month,Diesel,Manual,FWD
242777,Ducato Furgon · od 909 PLN/mies.,Fiat Professional Ducato Furgon · Rata od 909 PLN netto/mies. · Leasing B2B · POZNAN · Sprawdź ofertę!,https://salon.fiatprofessional.pl/oferta/242777,https://cdn.fcapoland.pl/uploads/77/242777/5d0d13f45d987b64376fb82d015cec46.jpg,Fiat Professional,Ducato,2026,0,KM,Van,Biały,New,148215 PLN,PLN,"{""addr1"": ""UL. GORZYSLAWA 9"", ""city"": ""POZNAN"", ""region"": ""WIELKOPOLSKIE"", ""country"": ""PL"", ""postal_code"": ""61-057""}",52.408466,17.029606,LEASE,909 PLN,per month,Diesel,Manual,FWD
242776,Ducato Furgon · od 847 PLN/mies.,Fiat Professional Ducato Furgon · Rata od 847 PLN netto/mies. · Leasing B2B · POZNAN · Sprawdź ofertę!,https://salon.fiatprofessional.pl/oferta/242776,https://cdn.fcapoland.pl/uploads/77/242776/095ce91267432248064addb6b75709de.jpg,Fiat Professional,Ducato,2026,0,KM,Van,Biały,New,138006 PLN,PLN,"{""addr1"": ""UL. GORZYSLAWA 9"", ""city"": ""POZNAN"", ""region"": ""WIELKOPOLSKIE"", ""country"": ""PL"", ""postal_code"": ""61-057""}",52.408466,17.029606,LEASE,847 PLN,per month,Diesel,Manual,FWD
242775,Ducato Furgon · od 847 PLN/mies.,Fiat Professional Ducato Furgon · Rata od 847 PLN netto/mies. · Leasing B2B · POZNAN · Sprawdź ofertę!,https://salon.fiatprofessional.pl/oferta/242775,https://cdn.fcapoland.pl/uploads/77/242775/c19af36153e7dfa443e984776ee321a0.jpg,Fiat Professional,Ducato,2026,0,KM,Van,Biały,New,138006 PLN,PLN,"{""addr1"": ""UL. GORZYSLAWA 9"", ""city"": ""POZNAN"", ""region"": ""WIELKOPOLSKIE"", ""country"": ""PL"", ""postal_code"": ""61-057""}",52.408466,17.029606,LEASE,847 PLN,per month,Diesel,Manual,FWD
242772,Ducato Furgon · od 881 PLN/mies.,Fiat Professional Ducato Furgon · Rata od 881 PLN netto/mies. · Leasing B2B · POZNAN · Sprawdź ofertę!,https://salon.fiatprofessional.pl/oferta/242772,https://cdn.fcapoland.pl/uploads/77/242772/2abf525f25aa4778dedadaf752a53378.jpg,Fiat Professional,Ducato,2026,0,KM,Van,Biały,New,143664 PLN,PLN,"{""addr1"": ""UL. GORZYSLAWA 9"", ""city"": ""POZNAN"", ""region"": ""WIELKOPOLSKIE"", ""country"": ""PL"", ""postal_code"": ""61-057""}",52.408466,17.029606,LEASE,881 PLN,per month,Diesel,Manual,FWD
242769,Ducato Furgon · od 837 PLN/mies.,Fiat Professional Ducato Furgon · Rata od 837 PLN netto/mies. · Leasing B2B · GDANSK · Sprawdź ofertę!,https://salon.fiatprofessional.pl/oferta/242769,https://cdn.fcapoland.pl/uploads/77/242769/20a460f2d2b738c905ca20eeecdb430d.jpg,Fiat Professional,Ducato,2026,0,KM,Van,Biały,New,136407 PLN,PLN,"{""addr1"": ""UL. POTOKOWA 15AC"", ""city"": ""GDANSK"", ""region"": ""POMORSKIE"", ""country"": ""PL"", ""postal_code"": ""80-283""}",54.368945,18.570911,LEASE,837 PLN,per month,Diesel,Manual,FWD
242755,Ducato Furgon · od 833 PLN/mies.,Fiat Professional Ducato Furgon · Rata od 833 PLN netto/mies. · Leasing B2B · POZNAN · Sprawdź ofertę!,https://salon.fiatprofessional.pl/oferta/242755,https://cdn.fcapoland.pl/uploads/77/242755/2eda68844136dbf335132b1d61c6db08.jpg,Fiat Professional,Ducato,2026,0,KM,Van,Biały,New,135669 PLN,PLN,"{""addr1"": ""UL. GORZYSLAWA 9"", ""city"": ""POZNAN"", ""region"": ""WIELKOPOLSKIE"", ""country"": ""PL"", ""postal_code"": ""61-057""}",52.408466,17.029606,LEASE,833 PLN,per month,Diesel,Manual,FWD
242753,Ducato Furgon · od 797 PLN/mies.,Fiat Professional Ducato Furgon · Rata od 797 PLN netto/mies. · Leasing B2B · RZESZOW · Sprawdź ofertę!,https://salon.fiatprofessional.pl/oferta/242753,https://cdn.fcapoland.pl/uploads/77/242753/262a60b522d4a107c041891f4a99599b.jpg,Fiat Professional,Ducato,2026,0,KM,Van,Biały,New,129765 PLN,PLN,"{""addr1"": ""UL. WARSZAWSKA 135"", ""city"": ""RZESZOW"", ""region"": ""PODKARPACKIE"", ""country"": ""PL"", ""postal_code"": ""35-205""}",50.081623,21.984324,LEASE,797 PLN,per month,Diesel,Manual,FWD
242742,Ducato Furgon · od 814 PLN/mies.,Fiat Professional Ducato Furgon · Rata od 814 PLN netto/mies. · Leasing B2B · SZCZECIN · Sprawdź ofertę!,https://salon.fiatprofessional.pl/oferta/242742,https://cdn.fcapoland.pl/uploads/77/242742/3f303600c5f5ddbc32d1d1fe7fa313e9.jpg,Fiat Professional,Ducato,2026,0,KM,Van,Biały,New,132542 PLN,PLN,"{""addr1"": ""USTOWO 57"", ""city"": ""SZCZECIN"", ""region"": ""ZACHODNIOPOMORSKIE"", ""country"": ""PL"", ""postal_code"": ""71-001""}",53.38756,14.498444,LEASE,814 PLN,per month,Diesel,Manual,FWD
242738,Ducato Furgon · od 897 PLN/mies.,Fiat Professional Ducato Furgon · Rata od 897 PLN netto/mies. · Leasing B2B · GDANSK · Sprawdź ofertę!,https://salon.fiatprofessional.pl/oferta/242738,https://cdn.fcapoland.pl/uploads/77/242738/9c6ba73a9971a87226285a9debdc3490.jpg,Fiat Professional,Ducato,2026,0,KM,Van,Biały,New,146247 PLN,PLN,"{""addr1"": ""UL. POTOKOWA 15AC"", ""city"": ""GDANSK"", ""region"": ""POMORSKIE"", ""country"": ""PL"", ""postal_code"": ""80-283""}",54.368945,18.570911,LEASE,897 PLN,per month,Diesel,Manual,FWD
242714,Ducato Furgon · od 852 PLN/mies.,Fiat Professional Ducato Furgon · Rata od 852 PLN netto/mies. · Leasing B2B · ZIELONA GORA · Sprawdź ofertę!,https://salon.fiatprofessional.pl/oferta/242714,https://cdn.fcapoland.pl/uploads/77/242714/0ab606d57162b946d03a0b22c49cc7a6.jpg,Fiat Professional,Ducato,2026,0,KM,Van,Biały,New,138777 PLN,PLN,"{""addr1"": ""UL. ST. BATOREGO 69A"", ""city"": ""ZIELONA GORA"", ""region"": ""LUBUSKIE"", ""country"": ""PL"", ""postal_code"": ""65-735""}",51.952379,15.499634,LEASE,852 PLN,per month,Diesel,Manual,FWD
242713,Ducato Furgon · od 852 PLN/mies.,Fiat Professional Ducato Furgon · Rata od 852 PLN netto/mies. · Leasing B2B · ZIELONA GORA · Sprawdź ofertę!,https://salon.fiatprofessional.pl/oferta/242713,https://cdn.fcapoland.pl/uploads/77/242713/1_render.png,Fiat Professional,Ducato,2026,0,KM,Van,Biały,New,138764 PLN,PLN,"{""addr1"": ""UL. ST. BATOREGO 69A"", ""city"": ""ZIELONA GORA"", ""region"": ""LUBUSKIE"", ""country"": ""PL"", ""postal_code"": ""65-735""}",51.952379,15.499634,LEASE,852 PLN,per month,Diesel,Manual,FWD
242710,Ducato Furgon · od 927 PLN/mies.,Fiat Professional Ducato Furgon · Rata od 927 PLN netto/mies. · Leasing B2B · POZNAN · Sprawdź ofertę!,https://salon.fiatprofessional.pl/oferta/242710,https://cdn.fcapoland.pl/uploads/77/242710/dcaaab34b4c62c7964e653343ec9a3e3.jpg,Fiat Professional,Ducato,2026,0,KM,Van,Biały,New,151167 PLN,PLN,"{""addr1"": ""UL. GORZYSLAWA 9"", ""city"": ""POZNAN"", ""region"": ""WIELKOPOLSKIE"", ""country"": ""PL"", ""postal_code"": ""61-057""}",52.408466,17.029606,LEASE,927 PLN,per month,Diesel,Manual,FWD
242709,Ducato Furgon · od 927 PLN/mies.,Fiat Professional Ducato Furgon · Rata od 927 PLN netto/mies. · Leasing B2B · POZNAN · Sprawdź ofertę!,https://salon.fiatprofessional.pl/oferta/242709,https://cdn.fcapoland.pl/uploads/77/242709/5e9ce164a92be5ed956f2d3bc79265a4.jpg,Fiat Professional,Ducato,2026,0,KM,Van,Biały,New,151167 PLN,PLN,"{""addr1"": ""UL. GORZYSLAWA 9"", ""city"": ""POZNAN"", ""region"": ""WIELKOPOLSKIE"", ""country"": ""PL"", ""postal_code"": ""61-057""}",52.408466,17.029606,LEASE,927 PLN,per month,Diesel,Manual,FWD
242704,Ducato Furgon · od 993 PLN/mies.,Fiat Professional Ducato Furgon · Rata od 993 PLN netto/mies. · Leasing B2B · WROCLAW · Sprawdź ofertę!,https://salon.fiatprofessional.pl/oferta/242704,https://cdn.fcapoland.pl/uploads/77/242704/4d015262b7f3b533ecccb3330362252a.jpg,Fiat Professional,Ducato,2026,0,KM,Van,Biały,New,162136 PLN,PLN,"{""addr1"": ""UL. KARKONOSKA 45"", ""city"": ""WROCLAW"", ""region"": ""DOLNOŚLĄSKIE"", ""country"": ""PL"", ""postal_code"": ""53-015""}",51.063822,17.000133,LEASE,993 PLN,per month,Diesel,Manual,FWD
242703,Ducato Furgon · od 993 PLN/mies.,Fiat Professional Ducato Furgon · Rata od 993 PLN netto/mies. · Leasing B2B · WROCLAW · Sprawdź ofertę!,https://salon.fiatprofessional.pl/oferta/242703,https://cdn.fcapoland.pl/uploads/77/242703/b5eb428c80aa8486901a4da3cd4b1d1a.jpg,Fiat Professional,Ducato,2026,0,KM,Van,Biały,New,162136 PLN,PLN,"{""addr1"": ""UL. KARKONOSKA 45"", ""city"": ""WROCLAW"", ""region"": ""DOLNOŚLĄSKIE"", ""country"": ""PL"", ""postal_code"": ""53-015""}",51.063822,17.000133,LEASE,993 PLN,per month,Diesel,Manual,FWD
242702,Ducato Furgon · od 1014 PLN/mies.,Fiat Professional Ducato Furgon · Rata od 1014 PLN netto/mies. · Leasing B2B · WROCLAW · Sprawdź ofertę!,https://salon.fiatprofessional.pl/oferta/242702,https://cdn.fcapoland.pl/uploads/77/242702/42ae1a47adb270f3f9e92b19aec5d3db.jpg,Fiat Professional,Ducato,2026,0,KM,Van,Biały,New,165490 PLN,PLN,"{""addr1"": ""UL. KARKONOSKA 45"", ""city"": ""WROCLAW"", ""region"": ""DOLNOŚLĄSKIE"", ""country"": ""PL"", ""postal_code"": ""53-015""}",51.063822,17.000133,LEASE,1014 PLN,per month,Diesel,Manual,FWD
242701,Ducato Furgon · od 1007 PLN/mies.,Fiat Professional Ducato Furgon · Rata od 1007 PLN netto/mies. · Leasing B2B · WROCLAW · Sprawdź ofertę!,https://salon.fiatprofessional.pl/oferta/242701,https://cdn.fcapoland.pl/uploads/77/242701/7a7cd396e3c05ab80a868db36463fb1d.jpg,Fiat Professional,Ducato,2026,0,KM,Van,Biały,New,164372 PLN,PLN,"{""addr1"": ""UL. KARKONOSKA 45"", ""city"": ""WROCLAW"", ""region"": ""DOLNOŚLĄSKIE"", ""country"": ""PL"", ""postal_code"": ""53-015""}",51.063822,17.000133,LEASE,1007 PLN,per month,Diesel,Manual,FWD
242699,Ducato Furgon · od 965 PLN/mies.,Fiat Professional Ducato Furgon · Rata od 965 PLN netto/mies. · Leasing B2B · POZNAN · Sprawdź ofertę!,https://salon.fiatprofessional.pl/oferta/242699,https://cdn.fcapoland.pl/uploads/77/242699/16127e013a2cae51aff62914c97ab8fd.jpg,Fiat Professional,Ducato,2026,0,KM,Van,Biały,New,157440 PLN,PLN,"{""addr1"": ""UL. GORZYSLAWA 9"", ""city"": ""POZNAN"", ""region"": ""WIELKOPOLSKIE"", ""country"": ""PL"", ""postal_code"": ""61-057""}",52.408466,17.029606,LEASE,965 PLN,per month,Diesel,Manual,FWD
242680,Ducato Furgon · od 928 PLN/mies.,Fiat Professional Ducato Furgon · Rata od 928 PLN netto/mies. · Leasing B2B · BIELSKO-BIAŁA · Sprawdź ofertę!,https://salon.fiatprofessional.pl/oferta/242680,https://cdn.fcapoland.pl/uploads/77/242680/1_render.png,Fiat Professional,Ducato,2026,0,KM,Van,Szary Lanzarote,New,151360 PLN,PLN,"{""addr1"": ""UL. WARSZAWSKA 158"", ""city"": ""BIELSKO-BIAŁA"", ""region"": ""ŚLĄSKIE"", ""country"": ""PL"", ""postal_code"": ""43-300""}",49.84307,19.03564,LEASE,928 PLN,per month,Diesel,Manual,FWD
242647,Ducato Podwozie Do Zabudowy · od 821 PLN/mies.,Fiat Professional Ducato Podwozie Do Zabudowy · Rata od 821 PLN netto/mies. · Leasing B2B · WROCLAW · Sprawdź ofertę!,https://salon.fiatprofessional.pl/oferta/242647,https://cdn.fcapoland.pl/uploads/77/242647/7d8e853994c8e3062983c80a9f5ec086.jpg,Fiat Professional,Ducato,2026,0,KM,Van,Biały,New,133764 PLN,PLN,"{""addr1"": ""UL. KARKONOSKA 45"", ""city"": ""WROCLAW"", ""region"": ""DOLNOŚLĄSKIE"", ""country"": ""PL"", ""postal_code"": ""53-015""}",51.063822,17.000133,LEASE,821 PLN,per month,Diesel,Manual,FWD
242646,Ducato Podwozie Do Zabudowy · od 884 PLN/mies.,Fiat Professional Ducato Podwozie Do Zabudowy · Rata od 884 PLN netto/mies. · Leasing B2B · POZNAN · Sprawdź ofertę!,https://salon.fiatprofessional.pl/oferta/242646,https://cdn.fcapoland.pl/uploads/77/242646/5fa02c96db3abcab9c7c7f3cf254dc00.jpg,Fiat Professional,Ducato,2026,0,KM,Van,Biały,New,144156 PLN,PLN,"{""addr1"": ""UL. GORZYSLAWA 9"", ""city"": ""POZNAN"", ""region"": ""WIELKOPOLSKIE"", ""country"": ""PL"", ""postal_code"": ""61-057""}",52.408466,17.029606,LEASE,884 PLN,per month,Diesel,Manual,FWD
242606,Ulysse Business · od 1527 PLN/mies.,Fiat Professional Ulysse Business · Rata od 1527 PLN netto/mies. · Leasing B2B · SZCZECIN · Sprawdź ofertę!,https://salon.fiatprofessional.pl/oferta/242606,https://cdn.fcapoland.pl/uploads/77/242606/1_render.png,Fiat Professional,Ulysse,2026,0,KM,Van,Lakier metalizowany Szary Colosseo,New,198924 PLN,PLN,"{""addr1"": ""USTOWO 57"", ""city"": ""SZCZECIN"", ""region"": ""ZACHODNIOPOMORSKIE"", ""country"": ""PL"", ""postal_code"": ""71-001""}",53.38756,14.498444,LEASE,1527 PLN,per month,Diesel,Automatic,FWD
242585,Ducato Furgon · od 832 PLN/mies.,Fiat Professional Ducato Furgon · Rata od 832 PLN netto/mies. · Leasing B2B · POZNAN · Sprawdź ofertę!,https://salon.fiatprofessional.pl/oferta/242585,https://cdn.fcapoland.pl/uploads/77/242585/512dbd34d3f6f17b38d4681bb345164d.jpg,Fiat Professional,Ducato,2026,0,KM,Van,Biały,New,135546 PLN,PLN,"{""addr1"": ""UL. GORZYSLAWA 9"", ""city"": ""POZNAN"", ""region"": ""WIELKOPOLSKIE"", ""country"": ""PL"", ""postal_code"": ""61-057""}",52.408466,17.029606,LEASE,832 PLN,per month,Diesel,Manual,FWD
242578,Ducato Furgon · od 848 PLN/mies.,Fiat Professional Ducato Furgon · Rata od 848 PLN netto/mies. · Leasing B2B · POZNAN · Sprawdź ofertę!,https://salon.fiatprofessional.pl/oferta/242578,https://cdn.fcapoland.pl/uploads/77/242578/691fbc7ef688ac15c665ff30b445d0a7.jpg,Fiat Professional,Ducato,2026,0,KM,Van,Biały,New,138129 PLN,PLN,"{""addr1"": ""UL. GORZYSLAWA 9"", ""city"": ""POZNAN"", ""region"": ""WIELKOPOLSKIE"", ""country"": ""PL"", ""postal_code"": ""61-057""}",52.408466,17.029606,LEASE,848 PLN,per month,Diesel,Manual,FWD
242577,Ducato Furgon · od 845 PLN/mies.,Fiat Professional Ducato Furgon · Rata od 845 PLN netto/mies. · Leasing B2B · POZNAN · Sprawdź ofertę!,https://salon.fiatprofessional.pl/oferta/242577,https://cdn.fcapoland.pl/uploads/77/242577/6a55f57166718f74e8393c78b3efbb59.jpg,Fiat Professional,Ducato,2026,0,KM,Van,Biały,New,137760 PLN,PLN,"{""addr1"": ""UL. GORZYSLAWA 9"", ""city"": ""POZNAN"", ""region"": ""WIELKOPOLSKIE"", ""country"": ""PL"", ""postal_code"": ""61-057""}",52.408466,17.029606,LEASE,845 PLN,per month,Diesel,Manual,FWD
242564,Ducato Furgon · od 958 PLN/mies.,Fiat Professional Ducato Furgon · Rata od 958 PLN netto/mies. · Leasing B2B · GREBOW · Sprawdź ofertę!,https://salon.fiatprofessional.pl/oferta/242564,https://cdn.fcapoland.pl/uploads/77/242564/1_render.png,Fiat Professional,Ducato,2026,0,KM,Van,Biały,New,156361 PLN,PLN,"{""addr1"": ""JAMNICA 160"", ""city"": ""GREBOW"", ""region"": ""PODKARPACKIE"", ""country"": ""PL"", ""postal_code"": ""39-410""}",50.5731,21.94109,LEASE,958 PLN,per month,Diesel,Manual,FWD
242556,Ducato Furgon · od 941 PLN/mies.,Fiat Professional Ducato Furgon · Rata od 941 PLN netto/mies. · Leasing B2B · POZNAN · Sprawdź ofertę!,https://salon.fiatprofessional.pl/oferta/242556,https://cdn.fcapoland.pl/uploads/77/242556/880aca792a7373f1339b89b43c30c4b8.jpg,Fiat Professional,Ducato,2026,0,KM,Van,Szary Expedition,New,153504 PLN,PLN,"{""addr1"": ""UL. GORZYSLAWA 9"", ""city"": ""POZNAN"", ""region"": ""WIELKOPOLSKIE"", ""country"": ""PL"", ""postal_code"": ""61-057""}",52.408466,17.029606,LEASE,941 PLN,per month,Diesel,Manual,FWD
242508,Ducato Furgon · od 1039 PLN/mies.,Fiat Professional Ducato Furgon · Rata od 1039 PLN netto/mies. · Leasing B2B · PLOCK · Sprawdź ofertę!,https://salon.fiatprofessional.pl/oferta/242508,https://cdn.fcapoland.pl/uploads/77/242508/7000ba1385f20ff90f3cc579df6417eb.jpg,Fiat Professional,Ducato,2026,0,KM,Van,Biały,New,169617 PLN,PLN,"{""addr1"": ""UL. BIELSKA 55"", ""city"": ""PLOCK"", ""region"": ""MAZOWIECKIE"", ""country"": ""PL"", ""postal_code"": ""09-400""}",52.55506,19.69753,LEASE,1039 PLN,per month,Diesel,Manual,FWD
242478,Ducato Furgon · od 904 PLN/mies.,Fiat Professional Ducato Furgon · Rata od 904 PLN netto/mies. · Leasing B2B · RZESZOW · Sprawdź ofertę!,https://salon.fiatprofessional.pl/oferta/242478,https://cdn.fcapoland.pl/uploads/77/242478/45fee82123f0dd0fbd5ad769381b3f32.jpg,Fiat Professional,Ducato,2026,0,KM,Van,Biały,New,147477 PLN,PLN,"{""addr1"": ""UL. WARSZAWSKA 135"", ""city"": ""RZESZOW"", ""region"": ""PODKARPACKIE"", ""country"": ""PL"", ""postal_code"": ""35-205""}",50.081623,21.984324,LEASE,904 PLN,per month,Diesel,Manual,FWD
242431,Ducato Skrzynia Brygadowa · od 898 PLN/mies.,Fiat Professional Ducato Skrzynia Brygadowa · Rata od 898 PLN netto/mies. · Leasing B2B · NOWY TARG · Sprawdź ofertę!,https://salon.fiatprofessional.pl/oferta/242431,https://cdn.fcapoland.pl/uploads/77/242431/bf8406c0c5bff3cbf7496a3378fbc2f4.jpg,Fiat Professional,Ducato,2026,0,KM,Van,Biały,New,146434 PLN,PLN,"{""addr1"": ""UL. KRAKOWSKA 3"", ""city"": ""NOWY TARG"", ""region"": ""MAŁOPOLSKIE"", ""country"": ""PL"", ""postal_code"": ""34-400""}",49.45445,20.01966,LEASE,898 PLN,per month,Diesel,Manual,FWD
242430,Ducato Skrzynia Brygadowa · od 927 PLN/mies.,Fiat Professional Ducato Skrzynia Brygadowa · Rata od 927 PLN netto/mies. · Leasing B2B · NOWY TARG · Sprawdź ofertę!,https://salon.fiatprofessional.pl/oferta/242430,https://cdn.fcapoland.pl/uploads/77/242430/6ddc213b273b20d018a999dd94645c4f.jpg,Fiat Professional,Ducato,2026,0,KM,Van,Biały,New,151204 PLN,PLN,"{""addr1"": ""UL. KRAKOWSKA 3"", ""city"": ""NOWY TARG"", ""region"": ""MAŁOPOLSKIE"", ""country"": ""PL"", ""postal_code"": ""34-400""}",49.45445,20.01966,LEASE,927 PLN,per month,Diesel,Manual,FWD
242389,Ducato Furgon · od 1060 PLN/mies.,Fiat Professional Ducato Furgon · Rata od 1060 PLN netto/mies. · Leasing B2B · WROCLAW · Sprawdź ofertę!,https://salon.fiatprofessional.pl/oferta/242389,https://cdn.fcapoland.pl/uploads/77/242389/0016a78b752e24c3f034597b828743a7.jpg,Fiat Professional,Ducato,2026,0,KM,Van,Biały,New,173150 PLN,PLN,"{""addr1"": ""UL. KARKONOSKA 45"", ""city"": ""WROCLAW"", ""region"": ""DOLNOŚLĄSKIE"", ""country"": ""PL"", ""postal_code"": ""53-015""}",51.063822,17.000133,LEASE,1060 PLN,per month,Diesel,Manual,FWD
242375,Ducato Furgon · od 908 PLN/mies.,Fiat Professional Ducato Furgon · Rata od 908 PLN netto/mies. · Leasing B2B · POZNAN · Sprawdź ofertę!,https://salon.fiatprofessional.pl/oferta/242375,https://cdn.fcapoland.pl/uploads/77/242375/36d06371c1de7e0875ddc9870381463b.jpg,Fiat Professional,Ducato,2026,0,KM,Van,Biały,New,148092 PLN,PLN,"{""addr1"": ""UL. GORZYSLAWA 9"", ""city"": ""POZNAN"", ""region"": ""WIELKOPOLSKIE"", ""country"": ""PL"", ""postal_code"": ""61-057""}",52.408466,17.029606,LEASE,908 PLN,per month,Diesel,Manual,FWD
242352,Ducato Furgon · od 1181 PLN/mies.,Fiat Professional Ducato Furgon · Rata od 1181 PLN netto/mies. · Leasing B2B · SZCZECIN · Sprawdź ofertę!,https://salon.fiatprofessional.pl/oferta/242352,https://cdn.fcapoland.pl/uploads/77/242352/3b861c80b7c66899e71af0d314c823ee.jpg,Fiat Professional,Ducato,2026,0,KM,Van,Biały,New,193046 PLN,PLN,"{""addr1"": ""USTOWO 57"", ""city"": ""SZCZECIN"", ""region"": ""ZACHODNIOPOMORSKIE"", ""country"": ""PL"", ""postal_code"": ""71-001""}",53.38756,14.498444,LEASE,1181 PLN,per month,Diesel,Automatic,FWD
242347,Ducato Furgon · od 886 PLN/mies.,Fiat Professional Ducato Furgon · Rata od 886 PLN netto/mies. · Leasing B2B · RZESZOW · Sprawdź ofertę!,https://salon.fiatprofessional.pl/oferta/242347,https://cdn.fcapoland.pl/uploads/77/242347/bf097f4e019fb512dc2d8cd4b888820b.jpg,Fiat Professional,Ducato,2026,0,KM,Van,Biały,New,144402 PLN,PLN,"{""addr1"": ""UL. WARSZAWSKA 135"", ""city"": ""RZESZOW"", ""region"": ""PODKARPACKIE"", ""country"": ""PL"", ""postal_code"": ""35-205""}",50.081623,21.984324,LEASE,886 PLN,per month,Diesel,Manual,FWD
242298,Ducato Podwozie Do Zabudowy · od 1371 PLN/mies.,Fiat Professional Ducato Podwozie Do Zabudowy · Rata od 1371 PLN netto/mies. · Leasing B2B · WROCLAW · Sprawdź ofertę!,https://salon.fiatprofessional.pl/oferta/242298,https://cdn.fcapoland.pl/uploads/77/242298/4e53ae7eb12f69ebda7c3e356b268411.jpg,Fiat Professional,Ducato,2026,0,KM,Van,Czarny,New,224385 PLN,PLN,"{""addr1"": ""UL. KARKONOSKA 45"", ""city"": ""WROCLAW"", ""region"": ""DOLNOŚLĄSKIE"", ""country"": ""PL"", ""postal_code"": ""53-015""}",51.063822,17.000133,LEASE,1371 PLN,per month,Diesel,Automatic,FWD
242248,Ducato Furgon · od 1127 PLN/mies.,Fiat Professional Ducato Furgon · Rata od 1127 PLN netto/mies. · Leasing B2B · WROCLAW · Sprawdź ofertę!,https://salon.fiatprofessional.pl/oferta/242248,https://cdn.fcapoland.pl/uploads/77/242248/6d2e4595a7b9ec6a4d1ca2421f2db172.jpg,Fiat Professional,Ducato,2026,0,KM,Van,Biały,New,184141 PLN,PLN,"{""addr1"": ""UL. KARKONOSKA 45"", ""city"": ""WROCLAW"", ""region"": ""DOLNOŚLĄSKIE"", ""country"": ""PL"", ""postal_code"": ""53-015""}",51.063822,17.000133,LEASE,1127 PLN,per month,Diesel,Automatic,FWD
242245,Ducato Furgon · od 894 PLN/mies.,Fiat Professional Ducato Furgon · Rata od 894 PLN netto/mies. · Leasing B2B · POZNAN · Sprawdź ofertę!,https://salon.fiatprofessional.pl/oferta/242245,https://cdn.fcapoland.pl/uploads/77/242245/c8202909fb8c1fcac046ec9cf7751c62.jpg,Fiat Professional,Ducato,2026,0,KM,Van,Biały,New,145755 PLN,PLN,"{""addr1"": ""UL. GORZYSLAWA 9"", ""city"": ""POZNAN"", ""region"": ""WIELKOPOLSKIE"", ""country"": ""PL"", ""postal_code"": ""61-057""}",52.408466,17.029606,LEASE,894 PLN,per month,Diesel,Manual,FWD
242231,Ducato Furgon · od 793 PLN/mies.,Fiat Professional Ducato Furgon · Rata od 793 PLN netto/mies. · Leasing B2B · SZCZECIN · Sprawdź ofertę!,https://salon.fiatprofessional.pl/oferta/242231,https://cdn.fcapoland.pl/uploads/77/242231/fde4953b64867c07687f0b38938ef1a2.jpg,Fiat Professional,Ducato,2026,0,KM,Van,Biały,New,129047 PLN,PLN,"{""addr1"": ""USTOWO 57"", ""city"": ""SZCZECIN"", ""region"": ""ZACHODNIOPOMORSKIE"", ""country"": ""PL"", ""postal_code"": ""71-001""}",53.38756,14.498444,LEASE,793 PLN,per month,Diesel,Manual,FWD
242124,Ducato Skrzynia Brygadowa · od 926 PLN/mies.,Fiat Professional Ducato Skrzynia Brygadowa · Rata od 926 PLN netto/mies. · Leasing B2B · NOWY TARG · Sprawdź ofertę!,https://salon.fiatprofessional.pl/oferta/242124,https://cdn.fcapoland.pl/uploads/77/242124/78cd425574012c89a4534dcaabb0c325.jpg,Fiat Professional,Ducato,2026,0,KM,Van,Biały,New,151117 PLN,PLN,"{""addr1"": ""UL. KRAKOWSKA 3"", ""city"": ""NOWY TARG"", ""region"": ""MAŁOPOLSKIE"", ""country"": ""PL"", ""postal_code"": ""34-400""}",49.45445,20.01966,LEASE,926 PLN,per month,Diesel,Manual,FWD
242089,Ducato Furgon · od 964 PLN/mies.,Fiat Professional Ducato Furgon · Rata od 964 PLN netto/mies. · Leasing B2B · NOWY TARG · Sprawdź ofertę!,https://salon.fiatprofessional.pl/oferta/242089,https://cdn.fcapoland.pl/uploads/77/242089/1_render.png,Fiat Professional,Ducato,2026,0,KM,Van,Szary Lanzarote,New,157351 PLN,PLN,"{""addr1"": ""UL. KRAKOWSKA 3"", ""city"": ""NOWY TARG"", ""region"": ""MAŁOPOLSKIE"", ""country"": ""PL"", ""postal_code"": ""34-400""}",49.45445,20.01966,LEASE,964 PLN,per month,Diesel,Manual,FWD
242087,Ducato Furgon · od 815 PLN/mies.,Fiat Professional Ducato Furgon · Rata od 815 PLN netto/mies. · Leasing B2B · WARSZAWA · Sprawdź ofertę!,https://salon.fiatprofessional.pl/oferta/242087,https://cdn.fcapoland.pl/uploads/77/242087/1_render.png,Fiat Professional,Ducato,2026,0,KM,Van,Biały,New,132717 PLN,PLN,"{""addr1"": ""UL. RADZYMIŃSKA 112"", ""city"": ""WARSZAWA"", ""region"": ""MAZOWIECKIE"", ""country"": ""PL"", ""postal_code"": ""03-574""}",52.26811,21.06277,LEASE,815 PLN,per month,Diesel,Manual,FWD
242071,Ducato Furgon · od 827 PLN/mies.,Fiat Professional Ducato Furgon · Rata od 827 PLN netto/mies. · Leasing B2B · WARSZAWA · Sprawdź ofertę!,https://salon.fiatprofessional.pl/oferta/242071,https://cdn.fcapoland.pl/uploads/77/242071/1_render.png,Fiat Professional,Ducato,2026,0,KM,Van,Biały,New,134685 PLN,PLN,"{""addr1"": ""UL. RADZYMIŃSKA 112"", ""city"": ""WARSZAWA"", ""region"": ""MAZOWIECKIE"", ""country"": ""PL"", ""postal_code"": ""03-574""}",52.26811,21.06277,LEASE,827 PLN,per month,Diesel,Manual,FWD
241849,Ulysse Business · od 1528 PLN/mies.,Fiat Professional Ulysse Business · Rata od 1528 PLN netto/mies. · Leasing B2B · WARSZAWA · Sprawdź ofertę!,https://salon.fiatprofessional.pl/oferta/241849,https://cdn.fcapoland.pl/uploads/77/241849/03d4c79a6f92ba0220fb3ffc56ba8101.jpg,Fiat Professional,Ulysse,2026,0,KM,Van,Lakier metalizowany Szary Colosseo,New,199014 PLN,PLN,"{""addr1"": ""UL. RADZYMIŃSKA 112"", ""city"": ""WARSZAWA"", ""region"": ""MAZOWIECKIE"", ""country"": ""PL"", ""postal_code"": ""03-574""}",52.26811,21.06277,LEASE,1528 PLN,per month,Diesel,Automatic,FWD
241758,Ducato Furgon · od 740 PLN/mies.,Fiat Professional Ducato Furgon · Rata od 740 PLN netto/mies. · Leasing B2B · WARSZAWA · Sprawdź ofertę!,https://salon.fiatprofessional.pl/oferta/241758,https://cdn.fcapoland.pl/uploads/77/241758/1_render.png,Fiat Professional,Ducato,2026,0,KM,Van,Biały,New,120417 PLN,PLN,"{""addr1"": ""UL. RADZYMIŃSKA 112"", ""city"": ""WARSZAWA"", ""region"": ""MAZOWIECKIE"", ""country"": ""PL"", ""postal_code"": ""03-574""}",52.26811,21.06277,LEASE,740 PLN,per month,Diesel,Manual,FWD
241699,Ducato Furgon · od 995 PLN/mies.,Fiat Professional Ducato Furgon · Rata od 995 PLN netto/mies. · Leasing B2B · ZŁOTNIKI · Sprawdź ofertę!,https://salon.fiatprofessional.pl/oferta/241699,https://cdn.fcapoland.pl/uploads/77/241699/7c63506d301a7f4b7b65b6d584d96f6c.jpg,Fiat Professional,Ducato,2026,0,KM,Van,Biały,New,129150 PLN,PLN,"{""addr1"": ""UL. OBORNICKA 4"", ""city"": ""ZŁOTNIKI"", ""region"": ""WIELKOPOLSKIE"", ""country"": ""PL"", ""postal_code"": ""62-002""}",52.48747,16.8534,LEASE,995 PLN,per month,Diesel,Manual,FWD
241664,Scudo Furgon · od 1097 PLN/mies.,Fiat Professional Scudo Furgon · Rata od 1097 PLN netto/mies. · Leasing B2B · POZNAN · Sprawdź ofertę!,https://salon.fiatprofessional.pl/oferta/241664,https://cdn.fcapoland.pl/uploads/77/241664/426fe1b27a3ad7d68699969ffb0640cc.jpg,Fiat Professional,Scudo,2026,0,KM,Van,Lakier bazowy Biały Gelato,New,142434 PLN,PLN,"{""addr1"": ""UL. GORZYSLAWA 9"", ""city"": ""POZNAN"", ""region"": ""WIELKOPOLSKIE"", ""country"": ""PL"", ""postal_code"": ""61-057""}",52.408466,17.029606,LEASE,1097 PLN,per month,Diesel,Automatic,FWD
241605,Scudo Brygadowy Składany · od 1116 PLN/mies.,Fiat Professional Scudo Brygadowy Składany · Rata od 1116 PLN netto/mies. · Leasing B2B · SZCZECIN · Sprawdź ofertę!,https://salon.fiatprofessional.pl/oferta/241605,https://cdn.fcapoland.pl/uploads/77/241605/1_render.png,Fiat Professional,Scudo,2026,0,KM,Van,Lakier metalizowany Szary Colosseo,New,144960 PLN,PLN,"{""addr1"": ""USTOWO 57"", ""city"": ""SZCZECIN"", ""region"": ""ZACHODNIOPOMORSKIE"", ""country"": ""PL"", ""postal_code"": ""71-001""}",53.38756,14.498444,LEASE,1116 PLN,per month,Diesel,Manual,FWD
241603,Scudo Brygadowy Składany · od 1135 PLN/mies.,Fiat Professional Scudo Brygadowy Składany · Rata od 1135 PLN netto/mies. · Leasing B2B · GDANSK · Sprawdź ofertę!,https://salon.fiatprofessional.pl/oferta/241603,https://cdn.fcapoland.pl/uploads/77/241603/de6ce9541151bf9cca8e6d8536912572.jpg,Fiat Professional,Scudo,2026,0,KM,Van,Lakier bazowy Biały Gelato,New,147477 PLN,PLN,"{""addr1"": ""UL. POTOKOWA 15AC"", ""city"": ""GDANSK"", ""region"": ""POMORSKIE"", ""country"": ""PL"", ""postal_code"": ""80-283""}",54.368945,18.570911,LEASE,1135 PLN,per month,Diesel,Manual,FWD
241586,Ulysse Business · od 1510 PLN/mies.,Fiat Professional Ulysse Business · Rata od 1510 PLN netto/mies. · Leasing B2B · SZCZECIN · Sprawdź ofertę!,https://salon.fiatprofessional.pl/oferta/241586,https://cdn.fcapoland.pl/uploads/77/241586/1_render.png,Fiat Professional,Ulysse,2026,0,KM,Van,Lakier metalizowany Szary Colosseo,New,196586 PLN,PLN,"{""addr1"": ""USTOWO 57"", ""city"": ""SZCZECIN"", ""region"": ""ZACHODNIOPOMORSKIE"", ""country"": ""PL"", ""postal_code"": ""71-001""}",53.38756,14.498444,LEASE,1510 PLN,per month,Diesel,Automatic,FWD
241578,Ulysse Business Vip · od 1725 PLN/mies.,Fiat Professional Ulysse Business Vip · Rata od 1725 PLN netto/mies. · Leasing B2B · POZNAN · Sprawdź ofertę!,https://salon.fiatprofessional.pl/oferta/241578,https://cdn.fcapoland.pl/uploads/77/241578/720b4367a686e4c3fc1cf117314faa73.jpg,Fiat Professional,Ulysse,2026,0,KM,Van,Lakier metalizowany Zielony Kapari,New,224844 PLN,PLN,"{""addr1"": ""UL. GORZYSLAWA 9"", ""city"": ""POZNAN"", ""region"": ""WIELKOPOLSKIE"", ""country"": ""PL"", ""postal_code"": ""61-057""}",52.408466,17.029606,LEASE,1725 PLN,per month,Diesel,Automatic,FWD
241518,Scudo Furgon · od 1113 PLN/mies.,Fiat Professional Scudo Furgon · Rata od 1113 PLN netto/mies. · Leasing B2B · WROCLAW · Sprawdź ofertę!,https://salon.fiatprofessional.pl/oferta/241518,https://cdn.fcapoland.pl/uploads/77/241518/8f4589a90efb5c66dd1e33476d51e48e.jpg,Fiat Professional,Scudo,2026,0,KM,Van,Lakier metalizowany Czarny Cinema,New,144524 PLN,PLN,"{""addr1"": ""UL. KARKONOSKA 45"", ""city"": ""WROCLAW"", ""region"": ""DOLNOŚLĄSKIE"", ""country"": ""PL"", ""postal_code"": ""53-015""}",51.063822,17.000133,LEASE,1113 PLN,per month,Diesel,Manual,FWD
241514,Scudo Furgon · od 1113 PLN/mies.,Fiat Professional Scudo Furgon · Rata od 1113 PLN netto/mies. · Leasing B2B · WROCLAW · Sprawdź ofertę!,https://salon.fiatprofessional.pl/oferta/241514,https://cdn.fcapoland.pl/uploads/77/241514/3eed2c95335c84207e517f3446dbc434.jpg,Fiat Professional,Scudo,2026,0,KM,Van,Lakier metalizowany Szary Colosseo,New,144524 PLN,PLN,"{""addr1"": ""UL. KARKONOSKA 45"", ""city"": ""WROCLAW"", ""region"": ""DOLNOŚLĄSKIE"", ""country"": ""PL"", ""postal_code"": ""53-015""}",51.063822,17.000133,LEASE,1113 PLN,per month,Diesel,Manual,FWD
241427,Scudo Brygadowy · od 1205 PLN/mies.,Fiat Professional Scudo Brygadowy · Rata od 1205 PLN netto/mies. · Leasing B2B · SZCZECIN · Sprawdź ofertę!,https://salon.fiatprofessional.pl/oferta/241427,https://cdn.fcapoland.pl/uploads/77/241427/1_render.png,Fiat Professional,Scudo,2026,0,KM,Van,Lakier metalizowany Szary Colosseo,New,156663 PLN,PLN,"{""addr1"": ""USTOWO 57"", ""city"": ""SZCZECIN"", ""region"": ""ZACHODNIOPOMORSKIE"", ""country"": ""PL"", ""postal_code"": ""71-001""}",53.38756,14.498444,LEASE,1205 PLN,per month,Diesel,Automatic,FWD
241377,Ducato Skrzynia · od 891 PLN/mies.,Fiat Professional Ducato Skrzynia · Rata od 891 PLN netto/mies. · Leasing B2B · NOWY TARG · Sprawdź ofertę!,https://salon.fiatprofessional.pl/oferta/241377,https://cdn.fcapoland.pl/uploads/77/241377/69a16e42bb39b06a97b4a49dfa6c079d.jpg,Fiat Professional,Ducato,2026,0,KM,Van,Biały,New,145211 PLN,PLN,"{""addr1"": ""UL. KRAKOWSKA 3"", ""city"": ""NOWY TARG"", ""region"": ""MAŁOPOLSKIE"", ""country"": ""PL"", ""postal_code"": ""34-400""}",49.45445,20.01966,LEASE,891 PLN,per month,Diesel,Manual,FWD
241376,Ducato Skrzynia · od 891 PLN/mies.,Fiat Professional Ducato Skrzynia · Rata od 891 PLN netto/mies. · Leasing B2B · NOWY TARG · Sprawdź ofertę!,https://salon.fiatprofessional.pl/oferta/241376,https://cdn.fcapoland.pl/uploads/77/241376/4a331f3953941205e27dcbab21167d51.jpg,Fiat Professional,Ducato,2026,0,KM,Van,Biały,New,145211 PLN,PLN,"{""addr1"": ""UL. KRAKOWSKA 3"", ""city"": ""NOWY TARG"", ""region"": ""MAŁOPOLSKIE"", ""country"": ""PL"", ""postal_code"": ""34-400""}",49.45445,20.01966,LEASE,891 PLN,per month,Diesel,Manual,FWD
241362,Scudo Furgon · od 1097 PLN/mies.,Fiat Professional Scudo Furgon · Rata od 1097 PLN netto/mies. · Leasing B2B · WROCLAW · Sprawdź ofertę!,https://salon.fiatprofessional.pl/oferta/241362,https://cdn.fcapoland.pl/uploads/77/241362/19a52fece65841cee75e4e38de8a5fc0.jpg,Fiat Professional,Scudo,2026,0,KM,Van,Lakier metalizowany Czarny Cinema,New,142430 PLN,PLN,"{""addr1"": ""UL. KARKONOSKA 45"", ""city"": ""WROCLAW"", ""region"": ""DOLNOŚLĄSKIE"", ""country"": ""PL"", ""postal_code"": ""53-015""}",51.063822,17.000133,LEASE,1097 PLN,per month,Diesel,Manual,FWD
241322,Ducato Furgon · od 1059 PLN/mies.,Fiat Professional Ducato Furgon · Rata od 1059 PLN netto/mies. · Leasing B2B · WARSZAWA · Sprawdź ofertę!,https://salon.fiatprofessional.pl/oferta/241322,https://cdn.fcapoland.pl/uploads/77/241322/43209a323112ca9ab9162f2529be2523.jpg,Fiat Professional,Ducato,2026,0,KM,Van,Biały,New,172985 PLN,PLN,"{""addr1"": ""UL. RADZYMIŃSKA 112"", ""city"": ""WARSZAWA"", ""region"": ""MAZOWIECKIE"", ""country"": ""PL"", ""postal_code"": ""03-574""}",52.26811,21.06277,LEASE,1059 PLN,per month,Diesel,Manual,FWD
241302,Ulysse Business Vip · od 1651 PLN/mies.,Fiat Professional Ulysse Business Vip · Rata od 1651 PLN netto/mies. · Leasing B2B · SZCZECIN · Sprawdź ofertę!,https://salon.fiatprofessional.pl/oferta/241302,https://cdn.fcapoland.pl/uploads/77/241302/1_render.png,Fiat Professional,Ulysse,2026,0,KM,Van,Lakier metalizowany Czarny Cinema,New,215073 PLN,PLN,"{""addr1"": ""USTOWO 57"", ""city"": ""SZCZECIN"", ""region"": ""ZACHODNIOPOMORSKIE"", ""country"": ""PL"", ""postal_code"": ""71-001""}",53.38756,14.498444,LEASE,1651 PLN,per month,Diesel,Automatic,FWD
241267,Ducato Skrzynia · od 891 PLN/mies.,Fiat Professional Ducato Skrzynia · Rata od 891 PLN netto/mies. · Leasing B2B · NOWY TARG · Sprawdź ofertę!,https://salon.fiatprofessional.pl/oferta/241267,https://cdn.fcapoland.pl/uploads/77/241267/978305c52025e5d6a55519d2a2d08f7c.jpg,Fiat Professional,Ducato,2026,0,KM,Van,Biały,New,145211 PLN,PLN,"{""addr1"": ""UL. KRAKOWSKA 3"", ""city"": ""NOWY TARG"", ""region"": ""MAŁOPOLSKIE"", ""country"": ""PL"", ""postal_code"": ""34-400""}",49.45445,20.01966,LEASE,891 PLN,per month,Diesel,Manual,FWD
241247,Scudo Furgon · od 1078 PLN/mies.,Fiat Professional Scudo Furgon · Rata od 1078 PLN netto/mies. · Leasing B2B · ZIELONA GORA · Sprawdź ofertę!,https://salon.fiatprofessional.pl/oferta/241247,https://cdn.fcapoland.pl/uploads/77/241247/1_render.png,Fiat Professional,Scudo,2026,0,KM,Van,Lakier metalizowany Szary Maestro,New,140036 PLN,PLN,"{""addr1"": ""UL. ST. BATOREGO 69A"", ""city"": ""ZIELONA GORA"", ""region"": ""LUBUSKIE"", ""country"": ""PL"", ""postal_code"": ""65-735""}",51.952379,15.499634,LEASE,1078 PLN,per month,Diesel,Manual,FWD
241233,Ulysse Business Vip · od 1754 PLN/mies.,Fiat Professional Ulysse Business Vip · Rata od 1754 PLN netto/mies. · Leasing B2B · GDANSK · Sprawdź ofertę!,https://salon.fiatprofessional.pl/oferta/241233,https://cdn.fcapoland.pl/uploads/77/241233/f815d0dedfb6c8f2c417f16de5b72ff5.jpg,Fiat Professional,Ulysse,2026,0,KM,Van,Lakier metalizowany Szary Colosseo,New,228657 PLN,PLN,"{""addr1"": ""UL. POTOKOWA 15AC"", ""city"": ""GDANSK"", ""region"": ""POMORSKIE"", ""country"": ""PL"", ""postal_code"": ""80-283""}",54.368945,18.570911,LEASE,1754 PLN,per month,Diesel,Automatic,FWD
241231,Ulysse Business Vip · od 1651 PLN/mies.,Fiat Professional Ulysse Business Vip · Rata od 1651 PLN netto/mies. · Leasing B2B · SZCZECIN · Sprawdź ofertę!,https://salon.fiatprofessional.pl/oferta/241231,https://cdn.fcapoland.pl/uploads/77/241231/cc4f54fd5dbb7e36a15f05e549a64179.jpg,Fiat Professional,Ulysse,2026,0,KM,Van,Lakier metalizowany Szary Colosseo,New,215073 PLN,PLN,"{""addr1"": ""USTOWO 57"", ""city"": ""SZCZECIN"", ""region"": ""ZACHODNIOPOMORSKIE"", ""country"": ""PL"", ""postal_code"": ""71-001""}",53.38756,14.498444,LEASE,1651 PLN,per month,Diesel,Automatic,FWD
241169,Scudo Furgon · od 1112 PLN/mies.,Fiat Professional Scudo Furgon · Rata od 1112 PLN netto/mies. · Leasing B2B · RZESZOW · Sprawdź ofertę!,https://salon.fiatprofessional.pl/oferta/241169,https://cdn.fcapoland.pl/uploads/77/241169/ecfa1aed835a586bf55f5d438ea06f89.jpg,Fiat Professional,Scudo,2026,0,KM,Van,Lakier metalizowany Szary Maestro,New,144402 PLN,PLN,"{""addr1"": ""UL. WARSZAWSKA 135"", ""city"": ""RZESZOW"", ""region"": ""PODKARPACKIE"", ""country"": ""PL"", ""postal_code"": ""35-205""}",50.081623,21.984324,LEASE,1112 PLN,per month,Electric,Automatic,FWD
241129,Ducato Skrzynia · od 891 PLN/mies.,Fiat Professional Ducato Skrzynia · Rata od 891 PLN netto/mies. · Leasing B2B · NOWY TARG · Sprawdź ofertę!,https://salon.fiatprofessional.pl/oferta/241129,https://cdn.fcapoland.pl/uploads/77/241129/e9ea1216cbd77759b03e92b883e0b99a.jpg,Fiat Professional,Ducato,2026,0,KM,Van,Biały,New,145297 PLN,PLN,"{""addr1"": ""UL. KRAKOWSKA 3"", ""city"": ""NOWY TARG"", ""region"": ""MAŁOPOLSKIE"", ""country"": ""PL"", ""postal_code"": ""34-400""}",49.45445,20.01966,LEASE,891 PLN,per month,Diesel,Manual,FWD
241122,Scudo Furgon · od 1054 PLN/mies.,Fiat Professional Scudo Furgon · Rata od 1054 PLN netto/mies. · Leasing B2B · POZNAN · Sprawdź ofertę!,https://salon.fiatprofessional.pl/oferta/241122,https://cdn.fcapoland.pl/uploads/77/241122/2c7418bd82e0c9776d9c0d1fe6b2686e.jpg,Fiat Professional,Scudo,2026,0,KM,Van,Lakier bazowy Biały Gelato,New,136899 PLN,PLN,"{""addr1"": ""UL. GORZYSLAWA 9"", ""city"": ""POZNAN"", ""region"": ""WIELKOPOLSKIE"", ""country"": ""PL"", ""postal_code"": ""61-057""}",52.408466,17.029606,LEASE,1054 PLN,per month,Diesel,Automatic,FWD
241121,Scudo Furgon · od 1054 PLN/mies.,Fiat Professional Scudo Furgon · Rata od 1054 PLN netto/mies. · Leasing B2B · POZNAN · Sprawdź ofertę!,https://salon.fiatprofessional.pl/oferta/241121,https://cdn.fcapoland.pl/uploads/77/241121/823e712e5a03ed4d54aa31af4a7a60b6.jpg,Fiat Professional,Scudo,2026,0,KM,Van,Lakier bazowy Biały Gelato,New,136899 PLN,PLN,"{""addr1"": ""UL. GORZYSLAWA 9"", ""city"": ""POZNAN"", ""region"": ""WIELKOPOLSKIE"", ""country"": ""PL"", ""postal_code"": ""61-057""}",52.408466,17.029606,LEASE,1054 PLN,per month,Diesel,Automatic,FWD
241120,Scudo Furgon · od 1073 PLN/mies.,Fiat Professional Scudo Furgon · Rata od 1073 PLN netto/mies. · Leasing B2B · POZNAN · Sprawdź ofertę!,https://salon.fiatprofessional.pl/oferta/241120,https://cdn.fcapoland.pl/uploads/77/241120/7d1ac6bb54ac68b8422138a53da1f776.jpg,Fiat Professional,Scudo,2026,0,KM,Van,Lakier metalizowany Szary Maestro,New,139359 PLN,PLN,"{""addr1"": ""UL. GORZYSLAWA 9"", ""city"": ""POZNAN"", ""region"": ""WIELKOPOLSKIE"", ""country"": ""PL"", ""postal_code"": ""61-057""}",52.408466,17.029606,LEASE,1073 PLN,per month,Diesel,Automatic,FWD
241040,Ducato Skrzynia · od 879 PLN/mies.,Fiat Professional Ducato Skrzynia · Rata od 879 PLN netto/mies. · Leasing B2B · NOWY TARG · Sprawdź ofertę!,https://salon.fiatprofessional.pl/oferta/241040,https://cdn.fcapoland.pl/uploads/77/241040/ef0e10b2d9beb41a2c63ea7b7227be36.jpg,Fiat Professional,Ducato,2026,0,KM,Van,Biały,New,143237 PLN,PLN,"{""addr1"": ""UL. KRAKOWSKA 3"", ""city"": ""NOWY TARG"", ""region"": ""MAŁOPOLSKIE"", ""country"": ""PL"", ""postal_code"": ""34-400""}",49.45445,20.01966,LEASE,879 PLN,per month,Diesel,Manual,FWD
241039,Ducato Skrzynia · od 879 PLN/mies.,Fiat Professional Ducato Skrzynia · Rata od 879 PLN netto/mies. · Leasing B2B · NOWY TARG · Sprawdź ofertę!,https://salon.fiatprofessional.pl/oferta/241039,https://cdn.fcapoland.pl/uploads/77/241039/9437283c172a8d343b2ee3c1ce0496ae.jpg,Fiat Professional,Ducato,2026,0,KM,Van,Biały,New,143237 PLN,PLN,"{""addr1"": ""UL. KRAKOWSKA 3"", ""city"": ""NOWY TARG"", ""region"": ""MAŁOPOLSKIE"", ""country"": ""PL"", ""postal_code"": ""34-400""}",49.45445,20.01966,LEASE,879 PLN,per month,Diesel,Manual,FWD
241037,Ducato Furgon · od 803 PLN/mies.,Fiat Professional Ducato Furgon · Rata od 803 PLN netto/mies. · Leasing B2B · BYDGOSZCZ · Sprawdź ofertę!,https://salon.fiatprofessional.pl/oferta/241037,https://cdn.fcapoland.pl/uploads/77/241037/1_render.png,Fiat Professional,Ducato,2026,0,KM,Van,Biały,New,130811 PLN,PLN,"{""addr1"": ""AL. ARMII KRAJOWEJ 250"", ""city"": ""BYDGOSZCZ"", ""region"": ""KUJAWSKO-POMORSKIE"", ""country"": ""PL"", ""postal_code"": ""85-689""}",53.17261,18.05499,LEASE,803 PLN,per month,Diesel,Manual,FWD
241013,Scudo Furgon · od 862 PLN/mies.,Fiat Professional Scudo Furgon · Rata od 862 PLN netto/mies. · Leasing B2B · RZESZOW · Sprawdź ofertę!,https://salon.fiatprofessional.pl/oferta/241013,https://cdn.fcapoland.pl/uploads/77/241013/12dcbbd95b704da94f89520570890b41.jpg,Fiat Professional,Scudo,2026,0,KM,Van,Lakier bazowy Biały Gelato,New,111684 PLN,PLN,"{""addr1"": ""UL. WARSZAWSKA 135"", ""city"": ""RZESZOW"", ""region"": ""PODKARPACKIE"", ""country"": ""PL"", ""postal_code"": ""35-205""}",50.081623,21.984324,LEASE,862 PLN,per month,Diesel,Manual,FWD
240957,Ducato Furgon · od 889 PLN/mies.,Fiat Professional Ducato Furgon · Rata od 889 PLN netto/mies. · Leasing B2B · WROCLAW · Sprawdź ofertę!,https://salon.fiatprofessional.pl/oferta/240957,https://cdn.fcapoland.pl/uploads/77/240957/15142731442140fab11fb3a6a4e8eb85.jpg,Fiat Professional,Ducato,2026,0,KM,Van,Niebieski Storm,New,145017 PLN,PLN,"{""addr1"": ""UL. ZMIGRODZKA 251"", ""city"": ""WROCLAW"", ""region"": ""DOLNOŚLĄSKIE"", ""country"": ""PL"", ""postal_code"": ""51-129""}",51.162768,17.02893,LEASE,889 PLN,per month,Diesel,Manual,FWD
240922,Ducato Podwozie Do Zabudowy · od 825 PLN/mies.,Fiat Professional Ducato Podwozie Do Zabudowy · Rata od 825 PLN netto/mies. · Leasing B2B · RZESZOW · Sprawdź ofertę!,https://salon.fiatprofessional.pl/oferta/240922,https://cdn.fcapoland.pl/uploads/77/240922/74ef1541e9bbaef908106bda041d3b42.jpg,Fiat Professional,Ducato,2026,0,KM,Van,Biały,New,134316 PLN,PLN,"{""addr1"": ""UL. WARSZAWSKA 135"", ""city"": ""RZESZOW"", ""region"": ""PODKARPACKIE"", ""country"": ""PL"", ""postal_code"": ""35-205""}",50.081623,21.984324,LEASE,825 PLN,per month,Diesel,Manual,FWD
240864,Doblò Furgon Xl · od 888 PLN/mies.,Fiat Professional Doblò Furgon Xl · Rata od 888 PLN netto/mies. · Leasing B2B · WROCLAW · Sprawdź ofertę!,https://salon.fiatprofessional.pl/oferta/240864,https://cdn.fcapoland.pl/uploads/77/240864/aec7ec27b532adbb8fe4ef38732ee06e.jpg,Fiat Professional,Doblò,2026,0,KM,Hatchback,Biały Gelato,New,115124 PLN,PLN,"{""addr1"": ""UL. KARKONOSKA 45"", ""city"": ""WROCLAW"", ""region"": ""DOLNOŚLĄSKIE"", ""country"": ""PL"", ""postal_code"": ""53-015""}",51.063822,17.000133,LEASE,888 PLN,per month,Diesel,Manual,FWD
240863,Doblò Furgon Xl · od 877 PLN/mies.,Fiat Professional Doblò Furgon Xl · Rata od 877 PLN netto/mies. · Leasing B2B · WROCLAW · Sprawdź ofertę!,https://salon.fiatprofessional.pl/oferta/240863,https://cdn.fcapoland.pl/uploads/77/240863/22453ac29aa0d78ce88a9e6a05a1b0e5.jpg,Fiat Professional,Doblò,2026,0,KM,Hatchback,Biały Gelato,New,113589 PLN,PLN,"{""addr1"": ""UL. KARKONOSKA 45"", ""city"": ""WROCLAW"", ""region"": ""DOLNOŚLĄSKIE"", ""country"": ""PL"", ""postal_code"": ""53-015""}",51.063822,17.000133,LEASE,877 PLN,per month,Diesel,Manual,FWD
240862,Doblò Furgon Xl · od 888 PLN/mies.,Fiat Professional Doblò Furgon Xl · Rata od 888 PLN netto/mies. · Leasing B2B · WROCLAW · Sprawdź ofertę!,https://salon.fiatprofessional.pl/oferta/240862,https://cdn.fcapoland.pl/uploads/77/240862/16902db2f014fa6bb307f5fb0fd4373c.jpg,Fiat Professional,Doblò,2026,0,KM,Hatchback,Biały Gelato,New,115124 PLN,PLN,"{""addr1"": ""UL. KARKONOSKA 45"", ""city"": ""WROCLAW"", ""region"": ""DOLNOŚLĄSKIE"", ""country"": ""PL"", ""postal_code"": ""53-015""}",51.063822,17.000133,LEASE,888 PLN,per month,Diesel,Manual,FWD
240857,Doblò Furgon Xl · od 882 PLN/mies.,Fiat Professional Doblò Furgon Xl · Rata od 882 PLN netto/mies. · Leasing B2B · GDANSK · Sprawdź ofertę!,https://salon.fiatprofessional.pl/oferta/240857,https://cdn.fcapoland.pl/uploads/77/240857/441c0c27c05c9e660fb08b6a59828a79.jpg,Fiat Professional,Doblò,2026,0,KM,Hatchback,Biały Gelato,New,114267 PLN,PLN,"{""addr1"": ""UL. POTOKOWA 15AC"", ""city"": ""GDANSK"", ""region"": ""POMORSKIE"", ""country"": ""PL"", ""postal_code"": ""80-283""}",54.368945,18.570911,LEASE,882 PLN,per month,Diesel,Automatic,FWD
240810,Doblò Furgon Xl · od 816 PLN/mies.,Fiat Professional Doblò Furgon Xl · Rata od 816 PLN netto/mies. · Leasing B2B · RZESZOW · Sprawdź ofertę!,https://salon.fiatprofessional.pl/oferta/240810,https://cdn.fcapoland.pl/uploads/77/240810/581f9216316191d9b6a2aeb1802a99e8.jpg,Fiat Professional,Doblò,2026,0,KM,Hatchback,Biały Gelato,New,105657 PLN,PLN,"{""addr1"": ""UL. WARSZAWSKA 135"", ""city"": ""RZESZOW"", ""region"": ""PODKARPACKIE"", ""country"": ""PL"", ""postal_code"": ""35-205""}",50.081623,21.984324,LEASE,816 PLN,per month,Diesel,Manual,FWD
240791,Doblò Furgon Xl · od 828 PLN/mies.,Fiat Professional Doblò Furgon Xl · Rata od 828 PLN netto/mies. · Leasing B2B · POZNAN · Sprawdź ofertę!,https://salon.fiatprofessional.pl/oferta/240791,https://cdn.fcapoland.pl/uploads/77/240791/581989b6a494e1a9a3a2f90f3b655af8.jpg,Fiat Professional,Doblò,2026,0,KM,Hatchback,Biały Gelato,New,107256 PLN,PLN,"{""addr1"": ""UL. GORZYSLAWA 9"", ""city"": ""POZNAN"", ""region"": ""WIELKOPOLSKIE"", ""country"": ""PL"", ""postal_code"": ""61-057""}",52.408466,17.029606,LEASE,828 PLN,per month,Diesel,Manual,FWD
240790,Doblò Furgon Xl · od 826 PLN/mies.,Fiat Professional Doblò Furgon Xl · Rata od 826 PLN netto/mies. · Leasing B2B · POZNAN · Sprawdź ofertę!,https://salon.fiatprofessional.pl/oferta/240790,https://cdn.fcapoland.pl/uploads/77/240790/3a14988d92f2c17a26a1cd141da2f434.jpg,Fiat Professional,Doblò,2026,0,KM,Hatchback,Biały Gelato,New,106887 PLN,PLN,"{""addr1"": ""UL. GORZYSLAWA 9"", ""city"": ""POZNAN"", ""region"": ""WIELKOPOLSKIE"", ""country"": ""PL"", ""postal_code"": ""61-057""}",52.408466,17.029606,LEASE,826 PLN,per month,Diesel,Manual,FWD
240789,Doblò Furgon Xl · od 822 PLN/mies.,Fiat Professional Doblò Furgon Xl · Rata od 822 PLN netto/mies. · Leasing B2B · POZNAN · Sprawdź ofertę!,https://salon.fiatprofessional.pl/oferta/240789,https://cdn.fcapoland.pl/uploads/77/240789/17dfdd763e064a8cbbed3de539997ea9.jpg,Fiat Professional,Doblò,2026,0,KM,Hatchback,Biały Gelato,New,106395 PLN,PLN,"{""addr1"": ""UL. GORZYSLAWA 9"", ""city"": ""POZNAN"", ""region"": ""WIELKOPOLSKIE"", ""country"": ""PL"", ""postal_code"": ""61-057""}",52.408466,17.029606,LEASE,822 PLN,per month,Diesel,Manual,FWD
240772,Ducato Furgon · od 945 PLN/mies.,Fiat Professional Ducato Furgon · Rata od 945 PLN netto/mies. · Leasing B2B · BYDGOSZCZ · Sprawdź ofertę!,https://salon.fiatprofessional.pl/oferta/240772,https://cdn.fcapoland.pl/uploads/77/240772/f381dd56c1a9c884493cbce0d5764f6c.jpg,Fiat Professional,Ducato,2026,0,KM,Van,Biały,New,154181 PLN,PLN,"{""addr1"": ""AL. ARMII KRAJOWEJ 250"", ""city"": ""BYDGOSZCZ"", ""region"": ""KUJAWSKO-POMORSKIE"", ""country"": ""PL"", ""postal_code"": ""85-689""}",53.17261,18.05499,LEASE,945 PLN,per month,Diesel,Manual,FWD
240726,Scudo Brygadowy Składany · od 1116 PLN/mies.,Fiat Professional Scudo Brygadowy Składany · Rata od 1116 PLN netto/mies. · Leasing B2B · GDANSK · Sprawdź ofertę!,https://salon.fiatprofessional.pl/oferta/240726,https://cdn.fcapoland.pl/uploads/77/240726/9d53cc2035057bdbdb756bfe773aed18.jpg,Fiat Professional,Scudo,2026,0,KM,Van,Lakier bazowy Biały Gelato,New,145017 PLN,PLN,"{""addr1"": ""UL. POTOKOWA 15AC"", ""city"": ""GDANSK"", ""region"": ""POMORSKIE"", ""country"": ""PL"", ""postal_code"": ""80-283""}",54.368945,18.570911,LEASE,1116 PLN,per month,Diesel,Manual,FWD
240689,Doblò Furgon Xl · od 795 PLN/mies.,Fiat Professional Doblò Furgon Xl · Rata od 795 PLN netto/mies. · Leasing B2B · ZIELONA GORA · Sprawdź ofertę!,https://salon.fiatprofessional.pl/oferta/240689,https://cdn.fcapoland.pl/uploads/77/240689/1_render.png,Fiat Professional,Doblò,2026,0,KM,Hatchback,Biały Gelato,New,102907 PLN,PLN,"{""addr1"": ""UL. ST. BATOREGO 69A"", ""city"": ""ZIELONA GORA"", ""region"": ""LUBUSKIE"", ""country"": ""PL"", ""postal_code"": ""65-735""}",51.952379,15.499634,LEASE,795 PLN,per month,Diesel,Manual,FWD
240688,Doblò Furgon Xl · od 832 PLN/mies.,Fiat Professional Doblò Furgon Xl · Rata od 832 PLN netto/mies. · Leasing B2B · ZIELONA GORA · Sprawdź ofertę!,https://salon.fiatprofessional.pl/oferta/240688,https://cdn.fcapoland.pl/uploads/77/240688/1_render.png,Fiat Professional,Doblò,2026,0,KM,Hatchback,Biały Gelato,New,107748 PLN,PLN,"{""addr1"": ""UL. ST. BATOREGO 69A"", ""city"": ""ZIELONA GORA"", ""region"": ""LUBUSKIE"", ""country"": ""PL"", ""postal_code"": ""65-735""}",51.952379,15.499634,LEASE,832 PLN,per month,Diesel,Manual,FWD
240687,Doblò Furgon Xl · od 821 PLN/mies.,Fiat Professional Doblò Furgon Xl · Rata od 821 PLN netto/mies. · Leasing B2B · ZIELONA GORA · Sprawdź ofertę!,https://salon.fiatprofessional.pl/oferta/240687,https://cdn.fcapoland.pl/uploads/77/240687/1_render.png,Fiat Professional,Doblò,2026,0,KM,Hatchback,Biały Gelato,New,106272 PLN,PLN,"{""addr1"": ""UL. ST. BATOREGO 69A"", ""city"": ""ZIELONA GORA"", ""region"": ""LUBUSKIE"", ""country"": ""PL"", ""postal_code"": ""65-735""}",51.952379,15.499634,LEASE,821 PLN,per month,Diesel,Manual,FWD
240681,Doblò Furgon Xl · od 816 PLN/mies.,Fiat Professional Doblò Furgon Xl · Rata od 816 PLN netto/mies. · Leasing B2B · GDANSK · Sprawdź ofertę!,https://salon.fiatprofessional.pl/oferta/240681,https://cdn.fcapoland.pl/uploads/77/240681/9c5bd490df28d10b9001fce9be2bc4e5.jpg,Fiat Professional,Doblò,2026,0,KM,Hatchback,Biały Gelato,New,105657 PLN,PLN,"{""addr1"": ""UL. POTOKOWA 15AC"", ""city"": ""GDANSK"", ""region"": ""POMORSKIE"", ""country"": ""PL"", ""postal_code"": ""80-283""}",54.368945,18.570911,LEASE,816 PLN,per month,Diesel,Manual,FWD
240680,Doblò Furgon Xl · od 816 PLN/mies.,Fiat Professional Doblò Furgon Xl · Rata od 816 PLN netto/mies. · Leasing B2B · GDANSK · Sprawdź ofertę!,https://salon.fiatprofessional.pl/oferta/240680,https://cdn.fcapoland.pl/uploads/77/240680/5460db84380c2fe2da7428343fa8274c.jpg,Fiat Professional,Doblò,2026,0,KM,Hatchback,Biały Gelato,New,105657 PLN,PLN,"{""addr1"": ""UL. POTOKOWA 15AC"", ""city"": ""GDANSK"", ""region"": ""POMORSKIE"", ""country"": ""PL"", ""postal_code"": ""80-283""}",54.368945,18.570911,LEASE,816 PLN,per month,Diesel,Manual,FWD
240672,Doblò Furgon M · od 816 PLN/mies.,Fiat Professional Doblò Furgon M · Rata od 816 PLN netto/mies. · Leasing B2B · POZNAN · Sprawdź ofertę!,https://salon.fiatprofessional.pl/oferta/240672,https://cdn.fcapoland.pl/uploads/77/240672/783e12c699193eeed46c7afc43445582.jpg,Fiat Professional,Doblò,2026,0,KM,Hatchback,Szary Maestro,New,105657 PLN,PLN,"{""addr1"": ""UL. GORZYSLAWA 9"", ""city"": ""POZNAN"", ""region"": ""WIELKOPOLSKIE"", ""country"": ""PL"", ""postal_code"": ""61-057""}",52.408466,17.029606,LEASE,816 PLN,per month,Diesel,Automatic,FWD
240648,Doblò Furgon Xl · od 812 PLN/mies.,Fiat Professional Doblò Furgon Xl · Rata od 812 PLN netto/mies. · Leasing B2B · POZNAN · Sprawdź ofertę!,https://salon.fiatprofessional.pl/oferta/240648,https://cdn.fcapoland.pl/uploads/77/240648/aa246e9f2a2a0781dba0616d379e0a17.jpg,Fiat Professional,Doblò,2026,0,KM,Hatchback,Biały Gelato,New,105165 PLN,PLN,"{""addr1"": ""UL. GORZYSLAWA 9"", ""city"": ""POZNAN"", ""region"": ""WIELKOPOLSKIE"", ""country"": ""PL"", ""postal_code"": ""61-057""}",52.408466,17.029606,LEASE,812 PLN,per month,Diesel,Manual,FWD
240647,Doblò Furgon Załogowy · od 922 PLN/mies.,Fiat Professional Doblò Furgon Załogowy · Rata od 922 PLN netto/mies. · Leasing B2B · TORUŃ · Sprawdź ofertę!,https://salon.fiatprofessional.pl/oferta/240647,https://cdn.fcapoland.pl/uploads/77/240647/d9672c0a3bcd0ec90d3bda7a302927b8.jpg,Fiat Professional,Doblò,2026,0,KM,Hatchback,Szary Maestro,New,119570 PLN,PLN,"{""addr1"": ""UL. OLIMPIJSKA 8"", ""city"": ""TORUŃ"", ""region"": ""KUJAWSKO-POMORSKIE"", ""country"": ""PL"", ""postal_code"": ""87-100""}",53.02851,18.70153,LEASE,922 PLN,per month,Diesel,Manual,FWD
240646,Doblò Furgon Załogowy · od 857 PLN/mies.,Fiat Professional Doblò Furgon Załogowy · Rata od 857 PLN netto/mies. · Leasing B2B · NOWY TARG · Sprawdź ofertę!,https://salon.fiatprofessional.pl/oferta/240646,https://cdn.fcapoland.pl/uploads/77/240646/d6c8019497d1dcfd8117f985e1fd9e8a.jpg,Fiat Professional,Doblò,2026,0,KM,Hatchback,Szary Maestro,New,110994 PLN,PLN,"{""addr1"": ""UL. KRAKOWSKA 3"", ""city"": ""NOWY TARG"", ""region"": ""MAŁOPOLSKIE"", ""country"": ""PL"", ""postal_code"": ""34-400""}",49.45445,20.01966,LEASE,857 PLN,per month,Diesel,Manual,FWD
240645,Doblò Furgon Załogowy · od 857 PLN/mies.,Fiat Professional Doblò Furgon Załogowy · Rata od 857 PLN netto/mies. · Leasing B2B · NOWY TARG · Sprawdź ofertę!,https://salon.fiatprofessional.pl/oferta/240645,https://cdn.fcapoland.pl/uploads/77/240645/9ef46b0e173cb15b5ed04c35c4056959.jpg,Fiat Professional,Doblò,2026,0,KM,Hatchback,Szary Maestro,New,111039 PLN,PLN,"{""addr1"": ""UL. KRAKOWSKA 3"", ""city"": ""NOWY TARG"", ""region"": ""MAŁOPOLSKIE"", ""country"": ""PL"", ""postal_code"": ""34-400""}",49.45445,20.01966,LEASE,857 PLN,per month,Diesel,Manual,FWD
240636,Doblò Furgon Załogowy · od 844 PLN/mies.,Fiat Professional Doblò Furgon Załogowy · Rata od 844 PLN netto/mies. · Leasing B2B · RZESZOW · Sprawdź ofertę!,https://salon.fiatprofessional.pl/oferta/240636,https://cdn.fcapoland.pl/uploads/77/240636/d62036a1a0ead7cf0888c692a99683f2.jpg,Fiat Professional,Doblò,2026,0,KM,Hatchback,Biały Gelato,New,109347 PLN,PLN,"{""addr1"": ""UL. WARSZAWSKA 135"", ""city"": ""RZESZOW"", ""region"": ""PODKARPACKIE"", ""country"": ""PL"", ""postal_code"": ""35-205""}",50.081623,21.984324,LEASE,844 PLN,per month,Diesel,Manual,FWD
240634,Doblò Furgon Załogowy · od 844 PLN/mies.,Fiat Professional Doblò Furgon Załogowy · Rata od 844 PLN netto/mies. · Leasing B2B · GDANSK · Sprawdź ofertę!,https://salon.fiatprofessional.pl/oferta/240634,https://cdn.fcapoland.pl/uploads/77/240634/683361f41363613d26e9fbcf679d4f53.jpg,Fiat Professional,Doblò,2026,0,KM,Hatchback,Biały Gelato,New,109347 PLN,PLN,"{""addr1"": ""UL. POTOKOWA 15AC"", ""city"": ""GDANSK"", ""region"": ""POMORSKIE"", ""country"": ""PL"", ""postal_code"": ""80-283""}",54.368945,18.570911,LEASE,844 PLN,per month,Diesel,Manual,FWD
240633,Doblò Furgon Załogowy · od 840 PLN/mies.,Fiat Professional Doblò Furgon Załogowy · Rata od 840 PLN netto/mies. · Leasing B2B · NOWY TARG · Sprawdź ofertę!,https://salon.fiatprofessional.pl/oferta/240633,https://cdn.fcapoland.pl/uploads/77/240633/89b4ca1b98fe3bae917503ffb8913e15.jpg,Fiat Professional,Doblò,2026,0,KM,Hatchback,Biały Gelato,New,108718 PLN,PLN,"{""addr1"": ""UL. KRAKOWSKA 3"", ""city"": ""NOWY TARG"", ""region"": ""MAŁOPOLSKIE"", ""country"": ""PL"", ""postal_code"": ""34-400""}",49.45445,20.01966,LEASE,840 PLN,per month,Diesel,Manual,FWD
240631,Doblò Furgon Załogowy · od 854 PLN/mies.,Fiat Professional Doblò Furgon Załogowy · Rata od 854 PLN netto/mies. · Leasing B2B · GDANSK · Sprawdź ofertę!,https://salon.fiatprofessional.pl/oferta/240631,https://cdn.fcapoland.pl/uploads/77/240631/a85b46de29d71407a118888e09329599.jpg,Fiat Professional,Doblò,2026,0,KM,Hatchback,Niebieski Volare,New,110577 PLN,PLN,"{""addr1"": ""UL. POTOKOWA 15AC"", ""city"": ""GDANSK"", ""region"": ""POMORSKIE"", ""country"": ""PL"", ""postal_code"": ""80-283""}",54.368945,18.570911,LEASE,854 PLN,per month,Diesel,Manual,FWD
240623,Doblò Furgon Załogowy · od 900 PLN/mies.,Fiat Professional Doblò Furgon Załogowy · Rata od 900 PLN netto/mies. · Leasing B2B · TORUŃ · Sprawdź ofertę!,https://salon.fiatprofessional.pl/oferta/240623,https://cdn.fcapoland.pl/uploads/77/240623/b756f193454ff719c5a075722d866a1d.jpg,Fiat Professional,Doblò,2026,0,KM,Hatchback,Biały Gelato,New,116610 PLN,PLN,"{""addr1"": ""UL. OLIMPIJSKA 8"", ""city"": ""TORUŃ"", ""region"": ""KUJAWSKO-POMORSKIE"", ""country"": ""PL"", ""postal_code"": ""87-100""}",53.02851,18.70153,LEASE,900 PLN,per month,Diesel,Manual,FWD
240621,Doblò Furgon Załogowy · od 848 PLN/mies.,Fiat Professional Doblò Furgon Załogowy · Rata od 848 PLN netto/mies. · Leasing B2B · SZCZECIN · Sprawdź ofertę!,https://salon.fiatprofessional.pl/oferta/240621,https://cdn.fcapoland.pl/uploads/77/240621/b69046d88d2607a5143590829fa8cbcd.jpg,Fiat Professional,Doblò,2026,0,KM,Hatchback,Szary Maestro,New,109876 PLN,PLN,"{""addr1"": ""USTOWO 57"", ""city"": ""SZCZECIN"", ""region"": ""ZACHODNIOPOMORSKIE"", ""country"": ""PL"", ""postal_code"": ""71-001""}",53.38756,14.498444,LEASE,848 PLN,per month,Diesel,Manual,FWD
240605,Doblò Furgon M · od 816 PLN/mies.,Fiat Professional Doblò Furgon M · Rata od 816 PLN netto/mies. · Leasing B2B · POZNAN · Sprawdź ofertę!,https://salon.fiatprofessional.pl/oferta/240605,https://cdn.fcapoland.pl/uploads/77/240605/a248acc8a3e422ea30a7c9fa574c51fc.jpg,Fiat Professional,Doblò,2026,0,KM,Hatchback,Szary Maestro,New,105657 PLN,PLN,"{""addr1"": ""UL. GORZYSLAWA 9"", ""city"": ""POZNAN"", ""region"": ""WIELKOPOLSKIE"", ""country"": ""PL"", ""postal_code"": ""61-057""}",52.408466,17.029606,LEASE,816 PLN,per month,Diesel,Automatic,FWD
240544,Ducato Podwozie Do Zabudowy · od 810 PLN/mies.,Fiat Professional Ducato Podwozie Do Zabudowy · Rata od 810 PLN netto/mies. · Leasing B2B · RZESZOW · Sprawdź ofertę!,https://salon.fiatprofessional.pl/oferta/240544,https://cdn.fcapoland.pl/uploads/77/240544/1_render.png,Fiat Professional,Ducato,2026,0,KM,Van,Biały,New,131840 PLN,PLN,"{""addr1"": ""UL. WARSZAWSKA 135"", ""city"": ""RZESZOW"", ""region"": ""PODKARPACKIE"", ""country"": ""PL"", ""postal_code"": ""35-205""}",50.081623,21.984324,LEASE,810 PLN,per month,Diesel,Manual,FWD
240543,Doblò Combi · od 827 PLN/mies.,Fiat Professional Doblò Combi · Rata od 827 PLN netto/mies. · Leasing B2B · KATOWICE · Sprawdź ofertę!,https://salon.fiatprofessional.pl/oferta/240543,https://cdn.fcapoland.pl/uploads/77/240543/611626093fde0b16c7a9cf625d47224c.jpg,Fiat Professional,Doblò,2026,0,KM,Hatchback,Szary Maestro,New,107123 PLN,PLN,"{""addr1"": ""UL. KOSCIUSZKI 261"", ""city"": ""KATOWICE"", ""region"": ""ŚLĄSKIE"", ""country"": ""PL"", ""postal_code"": ""40-690""}",50.209822,18.965429,LEASE,827 PLN,per month,Gasoline,Manual,FWD
240538,Ulysse Business · od 1384 PLN/mies.,Fiat Professional Ulysse Business · Rata od 1384 PLN netto/mies. · Leasing B2B · FALENTY · Sprawdź ofertę!,https://salon.fiatprofessional.pl/oferta/240538,https://cdn.fcapoland.pl/uploads/77/240538/3a0f9461158a7b88325a54609bb29fc4.jpg,Fiat Professional,Ulysse,2026,0,KM,Van,Lakier metalizowany Szary Colosseo,New,180162 PLN,PLN,"{""addr1"": ""AL. KRAKOWSKA 8"", ""city"": ""FALENTY"", ""region"": ""MAZOWIECKIE"", ""country"": ""PL"", ""postal_code"": ""05-090""}",52.14213,20.90316,LEASE,1384 PLN,per month,Diesel,Automatic,FWD
240475,Ducato Furgon · od 902 PLN/mies.,Fiat Professional Ducato Furgon · Rata od 902 PLN netto/mies. · Leasing B2B · PSZCZYNA · Sprawdź ofertę!,https://salon.fiatprofessional.pl/oferta/240475,https://cdn.fcapoland.pl/uploads/77/240475/1_render.png,Fiat Professional,Ducato,2026,0,KM,Van,Szary Expedition,New,147066 PLN,PLN,"{""addr1"": ""BIELSKA 31C"", ""city"": ""PSZCZYNA"", ""region"": ""ŚLĄSKIE"", ""country"": ""PL"", ""postal_code"": ""43-200""}",49.9645,18.959827,LEASE,902 PLN,per month,Diesel,Manual,FWD
240471,Ducato Furgon · od 1155 PLN/mies.,Fiat Professional Ducato Furgon · Rata od 1155 PLN netto/mies. · Leasing B2B · WROCLAW · Sprawdź ofertę!,https://salon.fiatprofessional.pl/oferta/240471,https://cdn.fcapoland.pl/uploads/77/240471/9ed624cc4ea79195cf3ba4566c984433.jpg,Fiat Professional,Ducato,2026,0,KM,Van,Szary Iron,New,188859 PLN,PLN,"{""addr1"": ""UL. ZMIGRODZKA 251"", ""city"": ""WROCLAW"", ""region"": ""DOLNOŚLĄSKIE"", ""country"": ""PL"", ""postal_code"": ""51-129""}",51.162768,17.02893,LEASE,1155 PLN,per month,Diesel,Automatic,FWD
240468,Ducato Furgon · od 1155 PLN/mies.,Fiat Professional Ducato Furgon · Rata od 1155 PLN netto/mies. · Leasing B2B · WROCLAW · Sprawdź ofertę!,https://salon.fiatprofessional.pl/oferta/240468,https://cdn.fcapoland.pl/uploads/77/240468/1_render.png,Fiat Professional,Ducato,2026,0,KM,Van,Szary Artense,New,188859 PLN,PLN,"{""addr1"": ""UL. ZMIGRODZKA 251"", ""city"": ""WROCLAW"", ""region"": ""DOLNOŚLĄSKIE"", ""country"": ""PL"", ""postal_code"": ""51-129""}",51.162768,17.02893,LEASE,1155 PLN,per month,Diesel,Automatic,FWD
240467,Ducato Podwozie Brygadowe Do Zabudowy · od 853 PLN/mies.,Fiat Professional Ducato Podwozie Brygadowe Do Zabudowy · Rata od 853 PLN netto/mies. · Leasing B2B · POZNAN · Sprawdź ofertę!,https://salon.fiatprofessional.pl/oferta/240467,https://cdn.fcapoland.pl/uploads/77/240467/d86b05fb9f977e939d66c564650a286a.jpg,Fiat Professional,Ducato,2026,0,KM,Van,Biały,New,138990 PLN,PLN,"{""addr1"": ""UL. GORZYSLAWA 9"", ""city"": ""POZNAN"", ""region"": ""WIELKOPOLSKIE"", ""country"": ""PL"", ""postal_code"": ""61-057""}",52.408466,17.029606,LEASE,853 PLN,per month,Diesel,Manual,FWD
240447,Scudo Brygadowy · od 1201 PLN/mies.,Fiat Professional Scudo Brygadowy · Rata od 1201 PLN netto/mies. · Leasing B2B · GDANSK · Sprawdź ofertę!,https://salon.fiatprofessional.pl/oferta/240447,https://cdn.fcapoland.pl/uploads/77/240447/5fdd53c35337f594018b2f625946106c.jpg,Fiat Professional,Scudo,2026,0,KM,Van,Lakier metalizowany Szary Colosseo,New,156087 PLN,PLN,"{""addr1"": ""UL. POTOKOWA 15AC"", ""city"": ""GDANSK"", ""region"": ""POMORSKIE"", ""country"": ""PL"", ""postal_code"": ""80-283""}",54.368945,18.570911,LEASE,1201 PLN,per month,Diesel,Automatic,FWD
240445,Scudo Brygadowy Składany · od 1140 PLN/mies.,Fiat Professional Scudo Brygadowy Składany · Rata od 1140 PLN netto/mies. · Leasing B2B · FALENTY · Sprawdź ofertę!,https://salon.fiatprofessional.pl/oferta/240445,https://cdn.fcapoland.pl/uploads/77/240445/94b357902cd3a4a784c595accd27f5f3.jpg,Fiat Professional,Scudo,2026,0,KM,Van,Lakier bazowy Biały Gelato,New,148135 PLN,PLN,"{""addr1"": ""AL. KRAKOWSKA 8"", ""city"": ""FALENTY"", ""region"": ""MAZOWIECKIE"", ""country"": ""PL"", ""postal_code"": ""05-090""}",52.14213,20.90316,LEASE,1140 PLN,per month,Diesel,Manual,FWD
240444,Scudo Brygadowy Składany · od 1022 PLN/mies.,Fiat Professional Scudo Brygadowy Składany · Rata od 1022 PLN netto/mies. · Leasing B2B · WROCLAW · Sprawdź ofertę!,https://salon.fiatprofessional.pl/oferta/240444,https://cdn.fcapoland.pl/uploads/77/240444/1_render.png,Fiat Professional,Scudo,2026,0,KM,Van,Lakier bazowy Biały Gelato,New,132680 PLN,PLN,"{""addr1"": ""UL. ZMIGRODZKA 251"", ""city"": ""WROCLAW"", ""region"": ""DOLNOŚLĄSKIE"", ""country"": ""PL"", ""postal_code"": ""51-129""}",51.162768,17.02893,LEASE,1022 PLN,per month,Diesel,Manual,FWD
240443,Scudo Brygadowy Składany · od 1022 PLN/mies.,Fiat Professional Scudo Brygadowy Składany · Rata od 1022 PLN netto/mies. · Leasing B2B · WROCLAW · Sprawdź ofertę!,https://salon.fiatprofessional.pl/oferta/240443,https://cdn.fcapoland.pl/uploads/77/240443/1_render.png,Fiat Professional,Scudo,2026,0,KM,Van,Lakier bazowy Biały Gelato,New,132680 PLN,PLN,"{""addr1"": ""UL. ZMIGRODZKA 251"", ""city"": ""WROCLAW"", ""region"": ""DOLNOŚLĄSKIE"", ""country"": ""PL"", ""postal_code"": ""51-129""}",51.162768,17.02893,LEASE,1022 PLN,per month,Diesel,Manual,FWD
240366,Ducato Furgon · od 817 PLN/mies.,Fiat Professional Ducato Furgon · Rata od 817 PLN netto/mies. · Leasing B2B · PSZCZYNA · Sprawdź ofertę!,https://salon.fiatprofessional.pl/oferta/240366,https://cdn.fcapoland.pl/uploads/77/240366/1_render.png,Fiat Professional,Ducato,2026,0,KM,Van,Biały,New,133106 PLN,PLN,"{""addr1"": ""BIELSKA 31C"", ""city"": ""PSZCZYNA"", ""region"": ""ŚLĄSKIE"", ""country"": ""PL"", ""postal_code"": ""43-200""}",49.9645,18.959827,LEASE,817 PLN,per month,Diesel,Manual,FWD
240365,Ducato Furgon · od 830 PLN/mies.,Fiat Professional Ducato Furgon · Rata od 830 PLN netto/mies. · Leasing B2B · PSZCZYNA · Sprawdź ofertę!,https://salon.fiatprofessional.pl/oferta/240365,https://cdn.fcapoland.pl/uploads/77/240365/1_render.png,Fiat Professional,Ducato,2026,0,KM,Van,Szary Expedition,New,135149 PLN,PLN,"{""addr1"": ""BIELSKA 31C"", ""city"": ""PSZCZYNA"", ""region"": ""ŚLĄSKIE"", ""country"": ""PL"", ""postal_code"": ""43-200""}",49.9645,18.959827,LEASE,830 PLN,per month,Diesel,Manual,FWD
240357,Ducato Furgon · od 945 PLN/mies.,Fiat Professional Ducato Furgon · Rata od 945 PLN netto/mies. · Leasing B2B · BYDGOSZCZ · Sprawdź ofertę!,https://salon.fiatprofessional.pl/oferta/240357,https://cdn.fcapoland.pl/uploads/77/240357/1_render.png,Fiat Professional,Ducato,2026,0,KM,Van,Biały,New,154174 PLN,PLN,"{""addr1"": ""AL. ARMII KRAJOWEJ 250"", ""city"": ""BYDGOSZCZ"", ""region"": ""KUJAWSKO-POMORSKIE"", ""country"": ""PL"", ""postal_code"": ""85-689""}",53.17261,18.05499,LEASE,945 PLN,per month,Diesel,Manual,FWD
240334,Scudo Brygadowy · od 1118 PLN/mies.,Fiat Professional Scudo Brygadowy · Rata od 1118 PLN netto/mies. · Leasing B2B · SZCZECIN · Sprawdź ofertę!,https://salon.fiatprofessional.pl/oferta/240334,https://cdn.fcapoland.pl/uploads/77/240334/78159e31c863b8a78cc185d8da74dd85.jpg,Fiat Professional,Scudo,2026,0,KM,Van,Lakier metalizowany Szary Maestro,New,145208 PLN,PLN,"{""addr1"": ""USTOWO 57"", ""city"": ""SZCZECIN"", ""region"": ""ZACHODNIOPOMORSKIE"", ""country"": ""PL"", ""postal_code"": ""71-001""}",53.38756,14.498444,LEASE,1118 PLN,per month,Diesel,Manual,FWD
240291,Ducato Furgon · od 893 PLN/mies.,Fiat Professional Ducato Furgon · Rata od 893 PLN netto/mies. · Leasing B2B · NOWY TARG · Sprawdź ofertę!,https://salon.fiatprofessional.pl/oferta/240291,https://cdn.fcapoland.pl/uploads/77/240291/a513624a877505f76b27ccdc3d3682db.jpg,Fiat Professional,Ducato,2026,0,KM,Van,Biały,New,145654 PLN,PLN,"{""addr1"": ""UL. KRAKOWSKA 3"", ""city"": ""NOWY TARG"", ""region"": ""MAŁOPOLSKIE"", ""country"": ""PL"", ""postal_code"": ""34-400""}",49.45445,20.01966,LEASE,893 PLN,per month,Diesel,Manual,FWD
240290,Ducato Furgon · od 856 PLN/mies.,Fiat Professional Ducato Furgon · Rata od 856 PLN netto/mies. · Leasing B2B · NOWY TARG · Sprawdź ofertę!,https://salon.fiatprofessional.pl/oferta/240290,https://cdn.fcapoland.pl/uploads/77/240290/9d8a9dea3f3496b60726b478a01c6614.jpg,Fiat Professional,Ducato,2026,0,KM,Van,Biały,New,139414 PLN,PLN,"{""addr1"": ""UL. KRAKOWSKA 3"", ""city"": ""NOWY TARG"", ""region"": ""MAŁOPOLSKIE"", ""country"": ""PL"", ""postal_code"": ""34-400""}",49.45445,20.01966,LEASE,856 PLN,per month,Diesel,Manual,FWD
240249,Ducato Furgon · od 814 PLN/mies.,Fiat Professional Ducato Furgon · Rata od 814 PLN netto/mies. · Leasing B2B · SOSNOWIEC · Sprawdź ofertę!,https://salon.fiatprofessional.pl/oferta/240249,https://cdn.fcapoland.pl/uploads/77/240249/1_render.png,Fiat Professional,Ducato,2026,0,KM,Van,Biały,New,132524 PLN,PLN,"{""addr1"": ""UL. ZUZANNY 36"", ""city"": ""SOSNOWIEC"", ""region"": ""ŚLĄSKIE"", ""country"": ""PL"", ""postal_code"": ""41-219""}",50.29942,19.16864,LEASE,814 PLN,per month,Diesel,Manual,FWD
240233,Ducato Furgon · od 870 PLN/mies.,Fiat Professional Ducato Furgon · Rata od 870 PLN netto/mies. · Leasing B2B · CZESTOCHOWA · Sprawdź ofertę!,https://salon.fiatprofessional.pl/oferta/240233,https://cdn.fcapoland.pl/uploads/77/240233/1_render.png,Fiat Professional,Ducato,2026,0,KM,Van,Biały,New,141842 PLN,PLN,"{""addr1"": ""UL. BUGAJSKA 6/8"", ""city"": ""CZESTOCHOWA"", ""region"": ""ŚLĄSKIE"", ""country"": ""PL"", ""postal_code"": ""42-200""}",50.766723,19.165467,LEASE,870 PLN,per month,Diesel,Manual,FWD
240208,Scudo Brygadowy Składany · od 1084 PLN/mies.,Fiat Professional Scudo Brygadowy Składany · Rata od 1084 PLN netto/mies. · Leasing B2B · POZNAN · Sprawdź ofertę!,https://salon.fiatprofessional.pl/oferta/240208,https://cdn.fcapoland.pl/uploads/77/240208/ced288404e2438235a46bfd75b77d562.jpg,Fiat Professional,Scudo,2026,0,KM,Van,Lakier metalizowany Szary Maestro,New,140835 PLN,PLN,"{""addr1"": ""UL. GORZYSLAWA 9"", ""city"": ""POZNAN"", ""region"": ""WIELKOPOLSKIE"", ""country"": ""PL"", ""postal_code"": ""61-057""}",52.408466,17.029606,LEASE,1084 PLN,per month,Diesel,Manual,FWD
240168,Doblò Furgon Xl · od 913 PLN/mies.,Fiat Professional Doblò Furgon Xl · Rata od 913 PLN netto/mies. · Leasing B2B · RZESZOW · Sprawdź ofertę!,https://salon.fiatprofessional.pl/oferta/240168,https://cdn.fcapoland.pl/uploads/77/240168/cf8e791461b46b76d8777facc2aee900.jpg,Fiat Professional,Doblò,2026,0,KM,Hatchback,Szary Maestro,New,118326 PLN,PLN,"{""addr1"": ""UL. WARSZAWSKA 135"", ""city"": ""RZESZOW"", ""region"": ""PODKARPACKIE"", ""country"": ""PL"", ""postal_code"": ""35-205""}",50.081623,21.984324,LEASE,913 PLN,per month,Electric,Automatic,FWD
240167,Ducato Furgon · od 814 PLN/mies.,Fiat Professional Ducato Furgon · Rata od 814 PLN netto/mies. · Leasing B2B · SLUPSK · Sprawdź ofertę!,https://salon.fiatprofessional.pl/oferta/240167,https://cdn.fcapoland.pl/uploads/77/240167/1_render.png,Fiat Professional,Ducato,2026,0,KM,Van,Biały,New,132499 PLN,PLN,"{""addr1"": ""UL. POZNANSKA 74"", ""city"": ""SLUPSK"", ""region"": ""POMORSKIE"", ""country"": ""PL"", ""postal_code"": ""76-200""}",54.45185,17.01674,LEASE,814 PLN,per month,Diesel,Manual,FWD
240165,Ducato Furgon · od 827 PLN/mies.,Fiat Professional Ducato Furgon · Rata od 827 PLN netto/mies. · Leasing B2B · POZNAN · Sprawdź ofertę!,https://salon.fiatprofessional.pl/oferta/240165,https://cdn.fcapoland.pl/uploads/77/240165/500bf58907267958fdd0a93c5d553cf0.jpg,Fiat Professional,Ducato,2026,0,KM,Van,Biały,New,134685 PLN,PLN,"{""addr1"": ""UL. GORZYSLAWA 9"", ""city"": ""POZNAN"", ""region"": ""WIELKOPOLSKIE"", ""country"": ""PL"", ""postal_code"": ""61-057""}",52.408466,17.029606,LEASE,827 PLN,per month,Diesel,Manual,FWD
240151,Ducato Furgon · od 805 PLN/mies.,Fiat Professional Ducato Furgon · Rata od 805 PLN netto/mies. · Leasing B2B · WARSZAWA · Sprawdź ofertę!,https://salon.fiatprofessional.pl/oferta/240151,https://cdn.fcapoland.pl/uploads/77/240151/1_render.png,Fiat Professional,Ducato,2026,0,KM,Van,Biały,New,131032 PLN,PLN,"{""addr1"": ""UL. RADZYMIŃSKA 112"", ""city"": ""WARSZAWA"", ""region"": ""MAZOWIECKIE"", ""country"": ""PL"", ""postal_code"": ""03-574""}",52.26811,21.06277,LEASE,805 PLN,per month,Diesel,Manual,FWD
240150,Ducato Furgon · od 852 PLN/mies.,Fiat Professional Ducato Furgon · Rata od 852 PLN netto/mies. · Leasing B2B · WARSZAWA · Sprawdź ofertę!,https://salon.fiatprofessional.pl/oferta/240150,https://cdn.fcapoland.pl/uploads/77/240150/42f4ccfcb7908a870d22b8f098d063fe.jpg,Fiat Professional,Ducato,2026,0,KM,Van,Biały,New,138803 PLN,PLN,"{""addr1"": ""UL.KRASNOBRODZKA 5"", ""city"": ""WARSZAWA"", ""region"": ""MAZOWIECKIE"", ""country"": ""PL"", ""postal_code"": ""03-214""}",52.3017,21.04088,LEASE,852 PLN,per month,Diesel,Manual,FWD
240148,Ducato Furgon · od 814 PLN/mies.,Fiat Professional Ducato Furgon · Rata od 814 PLN netto/mies. · Leasing B2B · SOSNOWIEC · Sprawdź ofertę!,https://salon.fiatprofessional.pl/oferta/240148,https://cdn.fcapoland.pl/uploads/77/240148/1_render.png,Fiat Professional,Ducato,2026,0,KM,Van,Biały,New,132524 PLN,PLN,"{""addr1"": ""UL. ZUZANNY 36"", ""city"": ""SOSNOWIEC"", ""region"": ""ŚLĄSKIE"", ""country"": ""PL"", ""postal_code"": ""41-219""}",50.29942,19.16864,LEASE,814 PLN,per month,Diesel,Manual,FWD
240147,Ducato Furgon · od 814 PLN/mies.,Fiat Professional Ducato Furgon · Rata od 814 PLN netto/mies. · Leasing B2B · SOSNOWIEC · Sprawdź ofertę!,https://salon.fiatprofessional.pl/oferta/240147,https://cdn.fcapoland.pl/uploads/77/240147/1_render.png,Fiat Professional,Ducato,2026,0,KM,Van,Biały,New,132524 PLN,PLN,"{""addr1"": ""UL. ZUZANNY 36"", ""city"": ""SOSNOWIEC"", ""region"": ""ŚLĄSKIE"", ""country"": ""PL"", ""postal_code"": ""41-219""}",50.29942,19.16864,LEASE,814 PLN,per month,Diesel,Manual,FWD
240143,Ducato Furgon · od 907 PLN/mies.,Fiat Professional Ducato Furgon · Rata od 907 PLN netto/mies. · Leasing B2B · NOWY TARG · Sprawdź ofertę!,https://salon.fiatprofessional.pl/oferta/240143,https://cdn.fcapoland.pl/uploads/77/240143/b4fe39774c628c5aaae275f86bc6d04c.jpg,Fiat Professional,Ducato,2026,0,KM,Van,Biały,New,147835 PLN,PLN,"{""addr1"": ""UL. KRAKOWSKA 3"", ""city"": ""NOWY TARG"", ""region"": ""MAŁOPOLSKIE"", ""country"": ""PL"", ""postal_code"": ""34-400""}",49.45445,20.01966,LEASE,907 PLN,per month,Diesel,Manual,FWD
240142,Ducato Furgon · od 856 PLN/mies.,Fiat Professional Ducato Furgon · Rata od 856 PLN netto/mies. · Leasing B2B · NOWY TARG · Sprawdź ofertę!,https://salon.fiatprofessional.pl/oferta/240142,https://cdn.fcapoland.pl/uploads/77/240142/380fc167f5badcf7f9d827390b5b328e.jpg,Fiat Professional,Ducato,2026,0,KM,Van,Biały,New,139414 PLN,PLN,"{""addr1"": ""UL. KRAKOWSKA 3"", ""city"": ""NOWY TARG"", ""region"": ""MAŁOPOLSKIE"", ""country"": ""PL"", ""postal_code"": ""34-400""}",49.45445,20.01966,LEASE,856 PLN,per month,Diesel,Manual,FWD
240128,Ducato Furgon · od 818 PLN/mies.,Fiat Professional Ducato Furgon · Rata od 818 PLN netto/mies. · Leasing B2B · NOWY TARG · Sprawdź ofertę!,https://salon.fiatprofessional.pl/oferta/240128,https://cdn.fcapoland.pl/uploads/77/240128/62b1099c826545255f501d1808abee22.jpg,Fiat Professional,Ducato,2026,0,KM,Van,Biały,New,133192 PLN,PLN,"{""addr1"": ""UL. KRAKOWSKA 3"", ""city"": ""NOWY TARG"", ""region"": ""MAŁOPOLSKIE"", ""country"": ""PL"", ""postal_code"": ""34-400""}",49.45445,20.01966,LEASE,818 PLN,per month,Diesel,Manual,FWD
240126,Ducato Furgon · od 818 PLN/mies.,Fiat Professional Ducato Furgon · Rata od 818 PLN netto/mies. · Leasing B2B · NOWY TARG · Sprawdź ofertę!,https://salon.fiatprofessional.pl/oferta/240126,https://cdn.fcapoland.pl/uploads/77/240126/32c6f08bc62eded8b58ce16ea750ae83.jpg,Fiat Professional,Ducato,2026,0,KM,Van,Biały,New,133192 PLN,PLN,"{""addr1"": ""UL. KRAKOWSKA 3"", ""city"": ""NOWY TARG"", ""region"": ""MAŁOPOLSKIE"", ""country"": ""PL"", ""postal_code"": ""34-400""}",49.45445,20.01966,LEASE,818 PLN,per month,Diesel,Manual,FWD
240125,Ducato Skrzynia · od 871 PLN/mies.,Fiat Professional Ducato Skrzynia · Rata od 871 PLN netto/mies. · Leasing B2B · NOWY TARG · Sprawdź ofertę!,https://salon.fiatprofessional.pl/oferta/240125,https://cdn.fcapoland.pl/uploads/77/240125/d80aaba612ddd5464e3d278b3da44e3a.jpg,Fiat Professional,Ducato,2026,0,KM,Van,Biały,New,142013 PLN,PLN,"{""addr1"": ""UL. KRAKOWSKA 3"", ""city"": ""NOWY TARG"", ""region"": ""MAŁOPOLSKIE"", ""country"": ""PL"", ""postal_code"": ""34-400""}",49.45445,20.01966,LEASE,871 PLN,per month,Diesel,Manual,FWD
240121,Ducato Podwozie Do Zabudowy · od 793 PLN/mies.,Fiat Professional Ducato Podwozie Do Zabudowy · Rata od 793 PLN netto/mies. · Leasing B2B · GDANSK · Sprawdź ofertę!,https://salon.fiatprofessional.pl/oferta/240121,https://cdn.fcapoland.pl/uploads/77/240121/4ea0a52887d60429a25ec1b97e849e61.jpg,Fiat Professional,Ducato,2026,0,KM,Van,Biały,New,129027 PLN,PLN,"{""addr1"": ""UL. POTOKOWA 15AC"", ""city"": ""GDANSK"", ""region"": ""POMORSKIE"", ""country"": ""PL"", ""postal_code"": ""80-283""}",54.368945,18.570911,LEASE,793 PLN,per month,Diesel,Manual,FWD
240112,Ducato Podwozie Do Zabudowy · od 827 PLN/mies.,Fiat Professional Ducato Podwozie Do Zabudowy · Rata od 827 PLN netto/mies. · Leasing B2B · RZESZOW · Sprawdź ofertę!,https://salon.fiatprofessional.pl/oferta/240112,https://cdn.fcapoland.pl/uploads/77/240112/5304c3024c64c0ff78b416ebb2cc1cb2.jpg,Fiat Professional,Ducato,2026,0,KM,Van,Biały,New,134747 PLN,PLN,"{""addr1"": ""UL. WARSZAWSKA 135"", ""city"": ""RZESZOW"", ""region"": ""PODKARPACKIE"", ""country"": ""PL"", ""postal_code"": ""35-205""}",50.081623,21.984324,LEASE,827 PLN,per month,Diesel,Manual,FWD
240110,Ducato Podwozie Do Zabudowy · od 809 PLN/mies.,Fiat Professional Ducato Podwozie Do Zabudowy · Rata od 809 PLN netto/mies. · Leasing B2B · RZESZOW · Sprawdź ofertę!,https://salon.fiatprofessional.pl/oferta/240110,https://cdn.fcapoland.pl/uploads/77/240110/1_render.png,Fiat Professional,Ducato,2026,0,KM,Van,Biały,New,131669 PLN,PLN,"{""addr1"": ""UL. WARSZAWSKA 135"", ""city"": ""RZESZOW"", ""region"": ""PODKARPACKIE"", ""country"": ""PL"", ""postal_code"": ""35-205""}",50.081623,21.984324,LEASE,809 PLN,per month,Diesel,Manual,FWD
240109,Ducato Podwozie Do Zabudowy · od 847 PLN/mies.,Fiat Professional Ducato Podwozie Do Zabudowy · Rata od 847 PLN netto/mies. · Leasing B2B · GORZOW WIELKOPOLSKI · Sprawdź ofertę!,https://salon.fiatprofessional.pl/oferta/240109,https://cdn.fcapoland.pl/uploads/77/240109/1_render.png,Fiat Professional,Ducato,2026,0,KM,Van,Biały,New,138081 PLN,PLN,"{""addr1"": ""UL. KASPRZAKA 1A"", ""city"": ""GORZOW WIELKOPOLSKI"", ""region"": ""LUBUSKIE"", ""country"": ""PL"", ""postal_code"": ""66-400""}",52.716825,15.24883,LEASE,847 PLN,per month,Diesel,Manual,FWD
240108,Ducato Podwozie Do Zabudowy · od 1344 PLN/mies.,Fiat Professional Ducato Podwozie Do Zabudowy · Rata od 1344 PLN netto/mies. · Leasing B2B · FALENTY · Sprawdź ofertę!,https://salon.fiatprofessional.pl/oferta/240108,https://cdn.fcapoland.pl/uploads/77/240108/04697a720d8bbe3351bb74630240d79b.jpg,Fiat Professional,Ducato,2026,0,KM,Van,Szary Lanzarote,New,219987 PLN,PLN,"{""addr1"": ""AL. KRAKOWSKA 8"", ""city"": ""FALENTY"", ""region"": ""MAZOWIECKIE"", ""country"": ""PL"", ""postal_code"": ""05-090""}",52.14213,20.90316,LEASE,1344 PLN,per month,Diesel,Manual,FWD
240107,Ducato Podwozie Do Zabudowy · od 958 PLN/mies.,Fiat Professional Ducato Podwozie Do Zabudowy · Rata od 958 PLN netto/mies. · Leasing B2B · ZŁOTNIKI · Sprawdź ofertę!,https://salon.fiatprofessional.pl/oferta/240107,https://cdn.fcapoland.pl/uploads/77/240107/1_render.png,Fiat Professional,Ducato,2026,0,KM,Van,Szary Lanzarote,New,156392 PLN,PLN,"{""addr1"": ""UL. OBORNICKA 4"", ""city"": ""ZŁOTNIKI"", ""region"": ""WIELKOPOLSKIE"", ""country"": ""PL"", ""postal_code"": ""62-002""}",52.48747,16.8534,LEASE,958 PLN,per month,Diesel,Automatic,FWD
240105,Ducato Podwozie Do Zabudowy · od 838 PLN/mies.,Fiat Professional Ducato Podwozie Do Zabudowy · Rata od 838 PLN netto/mies. · Leasing B2B · FALENTY · Sprawdź ofertę!,https://salon.fiatprofessional.pl/oferta/240105,https://cdn.fcapoland.pl/uploads/77/240105/1_render.png,Fiat Professional,Ducato,2026,0,KM,Van,Biały,New,136603 PLN,PLN,"{""addr1"": ""AL. KRAKOWSKA 8"", ""city"": ""FALENTY"", ""region"": ""MAZOWIECKIE"", ""country"": ""PL"", ""postal_code"": ""05-090""}",52.14213,20.90316,LEASE,838 PLN,per month,Diesel,Manual,FWD
240072,Ulysse Business Vip · od 1504 PLN/mies.,Fiat Professional Ulysse Business Vip · Rata od 1504 PLN netto/mies. · Leasing B2B · FALENTY · Sprawdź ofertę!,https://salon.fiatprofessional.pl/oferta/240072,https://cdn.fcapoland.pl/uploads/77/240072/f0c9b967965a6ea683d9d3bd82298436.jpg,Fiat Professional,Ulysse,2026,0,KM,Van,Lakier metalizowany Szary Colosseo,New,195860 PLN,PLN,"{""addr1"": ""AL. KRAKOWSKA 8"", ""city"": ""FALENTY"", ""region"": ""MAZOWIECKIE"", ""country"": ""PL"", ""postal_code"": ""05-090""}",52.14213,20.90316,LEASE,1504 PLN,per month,Diesel,Automatic,FWD
240071,Ulysse Business Vip · od 1707 PLN/mies.,Fiat Professional Ulysse Business Vip · Rata od 1707 PLN netto/mies. · Leasing B2B · WROCLAW · Sprawdź ofertę!,https://salon.fiatprofessional.pl/oferta/240071,https://cdn.fcapoland.pl/uploads/77/240071/1_render.png,Fiat Professional,Ulysse,2026,0,KM,Van,Lakier metalizowany Szary Colosseo,New,222490 PLN,PLN,"{""addr1"": ""UL. KARKONOSKA 45"", ""city"": ""WROCLAW"", ""region"": ""DOLNOŚLĄSKIE"", ""country"": ""PL"", ""postal_code"": ""53-015""}",51.063822,17.000133,LEASE,1707 PLN,per month,Diesel,Automatic,FWD
240069,Scudo Brygadowy Składany · od 1041 PLN/mies.,Fiat Professional Scudo Brygadowy Składany · Rata od 1041 PLN netto/mies. · Leasing B2B · POZNAN · Sprawdź ofertę!,https://salon.fiatprofessional.pl/oferta/240069,https://cdn.fcapoland.pl/uploads/77/240069/1a0e48d43602ad21d82304ab468c465d.jpg,Fiat Professional,Scudo,2026,0,KM,Van,Lakier bazowy Biały Gelato,New,135177 PLN,PLN,"{""addr1"": ""UL. GORZYSLAWA 9"", ""city"": ""POZNAN"", ""region"": ""WIELKOPOLSKIE"", ""country"": ""PL"", ""postal_code"": ""61-057""}",52.408466,17.029606,LEASE,1041 PLN,per month,Diesel,Manual,FWD
240039,Ducato Furgon · od 996 PLN/mies.,Fiat Professional Ducato Furgon · Rata od 996 PLN netto/mies. · Leasing B2B · NOWY TARG · Sprawdź ofertę!,https://salon.fiatprofessional.pl/oferta/240039,https://cdn.fcapoland.pl/uploads/77/240039/d974886b06c724cd2b2610fab0dc79ae.jpg,Fiat Professional,Ducato,2026,0,KM,Van,Biały,New,162624 PLN,PLN,"{""addr1"": ""UL. KRAKOWSKA 3"", ""city"": ""NOWY TARG"", ""region"": ""MAŁOPOLSKIE"", ""country"": ""PL"", ""postal_code"": ""34-400""}",49.45445,20.01966,LEASE,996 PLN,per month,Diesel,Manual,FWD
240036,Ducato Furgon · od 846 PLN/mies.,Fiat Professional Ducato Furgon · Rata od 846 PLN netto/mies. · Leasing B2B · NOWY TARG · Sprawdź ofertę!,https://salon.fiatprofessional.pl/oferta/240036,https://cdn.fcapoland.pl/uploads/77/240036/e26a64c12d9fce7aa23b2203ef318a17.jpg,Fiat Professional,Ducato,2026,0,KM,Van,Biały,New,137808 PLN,PLN,"{""addr1"": ""UL. KRAKOWSKA 3"", ""city"": ""NOWY TARG"", ""region"": ""MAŁOPOLSKIE"", ""country"": ""PL"", ""postal_code"": ""34-400""}",49.45445,20.01966,LEASE,846 PLN,per month,Diesel,Manual,FWD
240035,Ducato Furgon · od 846 PLN/mies.,Fiat Professional Ducato Furgon · Rata od 846 PLN netto/mies. · Leasing B2B · NOWY TARG · Sprawdź ofertę!,https://salon.fiatprofessional.pl/oferta/240035,https://cdn.fcapoland.pl/uploads/77/240035/1c510cb6ba182366b378fc3ea8b231e1.jpg,Fiat Professional,Ducato,2026,0,KM,Van,Biały,New,137808 PLN,PLN,"{""addr1"": ""UL. KRAKOWSKA 3"", ""city"": ""NOWY TARG"", ""region"": ""MAŁOPOLSKIE"", ""country"": ""PL"", ""postal_code"": ""34-400""}",49.45445,20.01966,LEASE,846 PLN,per month,Diesel,Manual,FWD
240034,Ducato Furgon · od 807 PLN/mies.,Fiat Professional Ducato Furgon · Rata od 807 PLN netto/mies. · Leasing B2B · KRAKÓW-LIBERTÓW · Sprawdź ofertę!,https://salon.fiatprofessional.pl/oferta/240034,https://cdn.fcapoland.pl/uploads/77/240034/1_render.png,Fiat Professional,Ducato,2026,0,KM,Van,Biały,New,131487 PLN,PLN,"{""addr1"": ""UL. GÓRA LIBERTOWSKA 12"", ""city"": ""KRAKÓW-LIBERTÓW"", ""region"": ""MAŁOPOLSKIE"", ""country"": ""PL"", ""postal_code"": ""30-444""}",49.97992,19.90923,LEASE,807 PLN,per month,Diesel,Manual,FWD
240032,Ducato Furgon · od 907 PLN/mies.,Fiat Professional Ducato Furgon · Rata od 907 PLN netto/mies. · Leasing B2B · NOWY TARG · Sprawdź ofertę!,https://salon.fiatprofessional.pl/oferta/240032,https://cdn.fcapoland.pl/uploads/77/240032/453325a705e9ea1d290a60ba524fdd60.jpg,Fiat Professional,Ducato,2026,0,KM,Van,Biały,New,147835 PLN,PLN,"{""addr1"": ""UL. KRAKOWSKA 3"", ""city"": ""NOWY TARG"", ""region"": ""MAŁOPOLSKIE"", ""country"": ""PL"", ""postal_code"": ""34-400""}",49.45445,20.01966,LEASE,907 PLN,per month,Diesel,Manual,FWD
240031,Ducato Furgon · od 907 PLN/mies.,Fiat Professional Ducato Furgon · Rata od 907 PLN netto/mies. · Leasing B2B · NOWY TARG · Sprawdź ofertę!,https://salon.fiatprofessional.pl/oferta/240031,https://cdn.fcapoland.pl/uploads/77/240031/d2c67bce5e0aaa4ee12022960df5256f.jpg,Fiat Professional,Ducato,2026,0,KM,Van,Biały,New,147835 PLN,PLN,"{""addr1"": ""UL. KRAKOWSKA 3"", ""city"": ""NOWY TARG"", ""region"": ""MAŁOPOLSKIE"", ""country"": ""PL"", ""postal_code"": ""34-400""}",49.45445,20.01966,LEASE,907 PLN,per month,Diesel,Manual,FWD
240030,Ducato Furgon · od 907 PLN/mies.,Fiat Professional Ducato Furgon · Rata od 907 PLN netto/mies. · Leasing B2B · NOWY TARG · Sprawdź ofertę!,https://salon.fiatprofessional.pl/oferta/240030,https://cdn.fcapoland.pl/uploads/77/240030/48f570709e68b8bdb2965a9625a21bea.jpg,Fiat Professional,Ducato,2026,0,KM,Van,Biały,New,147835 PLN,PLN,"{""addr1"": ""UL. KRAKOWSKA 3"", ""city"": ""NOWY TARG"", ""region"": ""MAŁOPOLSKIE"", ""country"": ""PL"", ""postal_code"": ""34-400""}",49.45445,20.01966,LEASE,907 PLN,per month,Diesel,Manual,FWD
240029,Ducato Furgon · od 907 PLN/mies.,Fiat Professional Ducato Furgon · Rata od 907 PLN netto/mies. · Leasing B2B · NOWY TARG · Sprawdź ofertę!,https://salon.fiatprofessional.pl/oferta/240029,https://cdn.fcapoland.pl/uploads/77/240029/d752436af68490d3d78e51dac208e4f7.jpg,Fiat Professional,Ducato,2026,0,KM,Van,Biały,New,147835 PLN,PLN,"{""addr1"": ""UL. KRAKOWSKA 3"", ""city"": ""NOWY TARG"", ""region"": ""MAŁOPOLSKIE"", ""country"": ""PL"", ""postal_code"": ""34-400""}",49.45445,20.01966,LEASE,907 PLN,per month,Diesel,Manual,FWD
240028,Ducato Furgon · od 893 PLN/mies.,Fiat Professional Ducato Furgon · Rata od 893 PLN netto/mies. · Leasing B2B · NOWY TARG · Sprawdź ofertę!,https://salon.fiatprofessional.pl/oferta/240028,https://cdn.fcapoland.pl/uploads/77/240028/dbdf4f455c3a62397cee8a08555d224a.jpg,Fiat Professional,Ducato,2026,0,KM,Van,Biały,New,145654 PLN,PLN,"{""addr1"": ""UL. KRAKOWSKA 3"", ""city"": ""NOWY TARG"", ""region"": ""MAŁOPOLSKIE"", ""country"": ""PL"", ""postal_code"": ""34-400""}",49.45445,20.01966,LEASE,893 PLN,per month,Diesel,Manual,FWD
240023,Ducato Furgon · od 856 PLN/mies.,Fiat Professional Ducato Furgon · Rata od 856 PLN netto/mies. · Leasing B2B · NOWY TARG · Sprawdź ofertę!,https://salon.fiatprofessional.pl/oferta/240023,https://cdn.fcapoland.pl/uploads/77/240023/dd071760115a459466c9d3a8fd80e8a9.jpg,Fiat Professional,Ducato,2026,0,KM,Van,Biały,New,139414 PLN,PLN,"{""addr1"": ""UL. KRAKOWSKA 3"", ""city"": ""NOWY TARG"", ""region"": ""MAŁOPOLSKIE"", ""country"": ""PL"", ""postal_code"": ""34-400""}",49.45445,20.01966,LEASE,856 PLN,per month,Diesel,Manual,FWD
240022,Ducato Furgon · od 811 PLN/mies.,Fiat Professional Ducato Furgon · Rata od 811 PLN netto/mies. · Leasing B2B · KATOWICE · Sprawdź ofertę!,https://salon.fiatprofessional.pl/oferta/240022,https://cdn.fcapoland.pl/uploads/77/240022/4539b01576e5adb924fbdda531b5f844.jpg,Fiat Professional,Ducato,2026,0,KM,Van,Biały,New,132021 PLN,PLN,"{""addr1"": ""UL. KOSCIUSZKI 261"", ""city"": ""KATOWICE"", ""region"": ""ŚLĄSKIE"", ""country"": ""PL"", ""postal_code"": ""40-690""}",50.209822,18.965429,LEASE,811 PLN,per month,Diesel,Manual,FWD
240020,Ducato Furgon · od 1031 PLN/mies.,Fiat Professional Ducato Furgon · Rata od 1031 PLN netto/mies. · Leasing B2B · WROCLAW · Sprawdź ofertę!,https://salon.fiatprofessional.pl/oferta/240020,https://cdn.fcapoland.pl/uploads/77/240020/1_render.png,Fiat Professional,Ducato,2026,0,KM,Van,Biały,New,168371 PLN,PLN,"{""addr1"": ""UL. KARKONOSKA 45"", ""city"": ""WROCLAW"", ""region"": ""DOLNOŚLĄSKIE"", ""country"": ""PL"", ""postal_code"": ""53-015""}",51.063822,17.000133,LEASE,1031 PLN,per month,Diesel,Automatic,FWD
240019,Ducato Furgon · od 890 PLN/mies.,Fiat Professional Ducato Furgon · Rata od 890 PLN netto/mies. · Leasing B2B · WARSZAWA · Sprawdź ofertę!,https://salon.fiatprofessional.pl/oferta/240019,https://cdn.fcapoland.pl/uploads/77/240019/1_render.png,Fiat Professional,Ducato,2026,0,KM,Van,Biały,New,145141 PLN,PLN,"{""addr1"": ""UL. POLCZYNSKA 33"", ""city"": ""WARSZAWA"", ""region"": ""MAZOWIECKIE"", ""country"": ""PL"", ""postal_code"": ""01-377""}",52.218745,20.914414,LEASE,890 PLN,per month,Diesel,Manual,FWD
240017,Ducato Furgon · od 925 PLN/mies.,Fiat Professional Ducato Furgon · Rata od 925 PLN netto/mies. · Leasing B2B · WARSZAWA · Sprawdź ofertę!,https://salon.fiatprofessional.pl/oferta/240017,https://cdn.fcapoland.pl/uploads/77/240017/1_render.png,Fiat Professional,Ducato,2026,0,KM,Van,Biały,New,150904 PLN,PLN,"{""addr1"": ""UL. POLCZYNSKA 33"", ""city"": ""WARSZAWA"", ""region"": ""MAZOWIECKIE"", ""country"": ""PL"", ""postal_code"": ""01-377""}",52.218745,20.914414,LEASE,925 PLN,per month,Diesel,Automatic,FWD
240014,Doblò Combi · od 997 PLN/mies.,Fiat Professional Doblò Combi · Rata od 997 PLN netto/mies. · Leasing B2B · GORZOW WIELKOPOLSKI · Sprawdź ofertę!,https://salon.fiatprofessional.pl/oferta/240014,https://cdn.fcapoland.pl/uploads/77/240014/1_render.png,Fiat Professional,Doblò,2026,0,KM,Hatchback,Niebieski Volare,New,129317 PLN,PLN,"{""addr1"": ""UL. KASPRZAKA 1A"", ""city"": ""GORZOW WIELKOPOLSKI"", ""region"": ""LUBUSKIE"", ""country"": ""PL"", ""postal_code"": ""66-400""}",52.716825,15.24883,LEASE,997 PLN,per month,Diesel,Automatic,FWD
240011,Ducato Podwozie Brygadowe Do Zabudowy · od 855 PLN/mies.,Fiat Professional Ducato Podwozie Brygadowe Do Zabudowy · Rata od 855 PLN netto/mies. · Leasing B2B · ZŁOTNIKI · Sprawdź ofertę!,https://salon.fiatprofessional.pl/oferta/240011,https://cdn.fcapoland.pl/uploads/77/240011/1_render.png,Fiat Professional,Ducato,2026,0,KM,Van,Biały,New,139328 PLN,PLN,"{""addr1"": ""UL. OBORNICKA 4"", ""city"": ""ZŁOTNIKI"", ""region"": ""WIELKOPOLSKIE"", ""country"": ""PL"", ""postal_code"": ""62-002""}",52.48747,16.8534,LEASE,855 PLN,per month,Diesel,Manual,FWD
240008,Ducato Podwozie Do Zabudowy · od 893 PLN/mies.,Fiat Professional Ducato Podwozie Do Zabudowy · Rata od 893 PLN netto/mies. · Leasing B2B · CZESTOCHOWA · Sprawdź ofertę!,https://salon.fiatprofessional.pl/oferta/240008,https://cdn.fcapoland.pl/uploads/77/240008/1_render.png,Fiat Professional,Ducato,2026,0,KM,Van,Biały,New,145621 PLN,PLN,"{""addr1"": ""UL. BUGAJSKA 6/8"", ""city"": ""CZESTOCHOWA"", ""region"": ""ŚLĄSKIE"", ""country"": ""PL"", ""postal_code"": ""42-200""}",50.766723,19.165467,LEASE,893 PLN,per month,Diesel,Manual,FWD
240000,Scudo Brygadowy Składany · od 1114 PLN/mies.,Fiat Professional Scudo Brygadowy Składany · Rata od 1114 PLN netto/mies. · Leasing B2B · TORUŃ · Sprawdź ofertę!,https://salon.fiatprofessional.pl/oferta/240000,https://cdn.fcapoland.pl/uploads/77/240000/1_render.png,Fiat Professional,Scudo,2026,0,KM,Van,Lakier metalizowany Szary Colosseo,New,144712 PLN,PLN,"{""addr1"": ""UL. OLIMPIJSKA 8"", ""city"": ""TORUŃ"", ""region"": ""KUJAWSKO-POMORSKIE"", ""country"": ""PL"", ""postal_code"": ""87-100""}",53.02851,18.70153,LEASE,1114 PLN,per month,Diesel,Manual,FWD
239983,Ducato Furgon · od 808 PLN/mies.,Fiat Professional Ducato Furgon · Rata od 808 PLN netto/mies. · Leasing B2B · NOWY TARG · Sprawdź ofertę!,https://salon.fiatprofessional.pl/oferta/239983,https://cdn.fcapoland.pl/uploads/77/239983/4260ea16784c6be072001a7f0ecf45c4.jpg,Fiat Professional,Ducato,2026,0,KM,Van,Biały,New,131567 PLN,PLN,"{""addr1"": ""UL. KRAKOWSKA 3"", ""city"": ""NOWY TARG"", ""region"": ""MAŁOPOLSKIE"", ""country"": ""PL"", ""postal_code"": ""34-400""}",49.45445,20.01966,LEASE,808 PLN,per month,Diesel,Manual,FWD
239981,Ducato Furgon · od 901 PLN/mies.,Fiat Professional Ducato Furgon · Rata od 901 PLN netto/mies. · Leasing B2B · WROCLAW · Sprawdź ofertę!,https://salon.fiatprofessional.pl/oferta/239981,https://cdn.fcapoland.pl/uploads/77/239981/81f1023ac6cc7a52d5e6d9bee377e627.jpg,Fiat Professional,Ducato,2026,0,KM,Van,Biały,New,146937 PLN,PLN,"{""addr1"": ""UL. ZMIGRODZKA 251"", ""city"": ""WROCLAW"", ""region"": ""DOLNOŚLĄSKIE"", ""country"": ""PL"", ""postal_code"": ""51-129""}",51.162768,17.02893,LEASE,901 PLN,per month,Diesel,Manual,FWD
239979,Ducato Furgon · od 893 PLN/mies.,Fiat Professional Ducato Furgon · Rata od 893 PLN netto/mies. · Leasing B2B · NOWY TARG · Sprawdź ofertę!,https://salon.fiatprofessional.pl/oferta/239979,https://cdn.fcapoland.pl/uploads/77/239979/083871af1bd62767709b4e5d82fb995e.jpg,Fiat Professional,Ducato,2026,0,KM,Van,Biały,New,145654 PLN,PLN,"{""addr1"": ""UL. KRAKOWSKA 3"", ""city"": ""NOWY TARG"", ""region"": ""MAŁOPOLSKIE"", ""country"": ""PL"", ""postal_code"": ""34-400""}",49.45445,20.01966,LEASE,893 PLN,per month,Diesel,Manual,FWD
239955,Ducato Podwozie Do Zabudowy · od 979 PLN/mies.,Fiat Professional Ducato Podwozie Do Zabudowy · Rata od 979 PLN netto/mies. · Leasing B2B · ZIELONA GORA · Sprawdź ofertę!,https://salon.fiatprofessional.pl/oferta/239955,https://cdn.fcapoland.pl/uploads/77/239955/3d2bdbf9bf670666b59e6513c740b521.jpg,Fiat Professional,Ducato,2026,0,KM,Van,Biały,New,159819 PLN,PLN,"{""addr1"": ""UL. ST. BATOREGO 69A"", ""city"": ""ZIELONA GORA"", ""region"": ""LUBUSKIE"", ""country"": ""PL"", ""postal_code"": ""65-735""}",51.952379,15.499634,LEASE,979 PLN,per month,Diesel,Manual,FWD
239935,Scudo Brygadowy Składany · od 1114 PLN/mies.,Fiat Professional Scudo Brygadowy Składany · Rata od 1114 PLN netto/mies. · Leasing B2B · WARSZAWA · Sprawdź ofertę!,https://salon.fiatprofessional.pl/oferta/239935,https://cdn.fcapoland.pl/uploads/77/239935/1_render.png,Fiat Professional,Scudo,2026,0,KM,Van,Lakier metalizowany Szary Maestro,New,144712 PLN,PLN,"{""addr1"": ""UL. POLCZYNSKA 33"", ""city"": ""WARSZAWA"", ""region"": ""MAZOWIECKIE"", ""country"": ""PL"", ""postal_code"": ""01-377""}",52.218745,20.914414,LEASE,1114 PLN,per month,Diesel,Manual,FWD
239930,Scudo Brygadowy · od 1190 PLN/mies.,Fiat Professional Scudo Brygadowy · Rata od 1190 PLN netto/mies. · Leasing B2B · WROCLAW · Sprawdź ofertę!,https://salon.fiatprofessional.pl/oferta/239930,https://cdn.fcapoland.pl/uploads/77/239930/1_render.png,Fiat Professional,Scudo,2026,0,KM,Van,Lakier metalizowany Szary Colosseo,New,154740 PLN,PLN,"{""addr1"": ""UL. KARKONOSKA 45"", ""city"": ""WROCLAW"", ""region"": ""DOLNOŚLĄSKIE"", ""country"": ""PL"", ""postal_code"": ""53-015""}",51.063822,17.000133,LEASE,1190 PLN,per month,Diesel,Manual,FWD
239921,Ducato Furgon · od 815 PLN/mies.,Fiat Professional Ducato Furgon · Rata od 815 PLN netto/mies. · Leasing B2B · WROCLAW · Sprawdź ofertę!,https://salon.fiatprofessional.pl/oferta/239921,https://cdn.fcapoland.pl/uploads/77/239921/8e058d8e3333c9e4a85606af64cbf2aa.jpg,Fiat Professional,Ducato,2026,0,KM,Van,Biały,New,132717 PLN,PLN,"{""addr1"": ""UL. ZMIGRODZKA 251"", ""city"": ""WROCLAW"", ""region"": ""DOLNOŚLĄSKIE"", ""country"": ""PL"", ""postal_code"": ""51-129""}",51.162768,17.02893,LEASE,815 PLN,per month,Diesel,Manual,FWD
239910,Ducato Furgon · od 890 PLN/mies.,Fiat Professional Ducato Furgon · Rata od 890 PLN netto/mies. · Leasing B2B · WARSZAWA · Sprawdź ofertę!,https://salon.fiatprofessional.pl/oferta/239910,https://cdn.fcapoland.pl/uploads/77/239910/1_render.png,Fiat Professional,Ducato,2026,0,KM,Van,Biały,New,145141 PLN,PLN,"{""addr1"": ""UL. POLCZYNSKA 33"", ""city"": ""WARSZAWA"", ""region"": ""MAZOWIECKIE"", ""country"": ""PL"", ""postal_code"": ""01-377""}",52.218745,20.914414,LEASE,890 PLN,per month,Diesel,Manual,FWD
239898,Ducato Podwozie Do Zabudowy · od 869 PLN/mies.,Fiat Professional Ducato Podwozie Do Zabudowy · Rata od 869 PLN netto/mies. · Leasing B2B · ZŁOTNIKI · Sprawdź ofertę!,https://salon.fiatprofessional.pl/oferta/239898,https://cdn.fcapoland.pl/uploads/77/239898/1_render.png,Fiat Professional,Ducato,2026,0,KM,Van,Biały,New,141664 PLN,PLN,"{""addr1"": ""UL. OBORNICKA 4"", ""city"": ""ZŁOTNIKI"", ""region"": ""WIELKOPOLSKIE"", ""country"": ""PL"", ""postal_code"": ""62-002""}",52.48747,16.8534,LEASE,869 PLN,per month,Diesel,Manual,FWD
239865,Ducato Furgon · od 948 PLN/mies.,Fiat Professional Ducato Furgon · Rata od 948 PLN netto/mies. · Leasing B2B · BYDGOSZCZ · Sprawdź ofertę!,https://salon.fiatprofessional.pl/oferta/239865,https://cdn.fcapoland.pl/uploads/77/239865/6695913db90236860a1eac58afddafab.jpg,Fiat Professional,Ducato,2026,0,KM,Van,Biały,New,154611 PLN,PLN,"{""addr1"": ""AL. ARMII KRAJOWEJ 250"", ""city"": ""BYDGOSZCZ"", ""region"": ""KUJAWSKO-POMORSKIE"", ""country"": ""PL"", ""postal_code"": ""85-689""}",53.17261,18.05499,LEASE,948 PLN,per month,Diesel,Manual,FWD
239858,Ducato Furgon · od 816 PLN/mies.,Fiat Professional Ducato Furgon · Rata od 816 PLN netto/mies. · Leasing B2B · KATOWICE · Sprawdź ofertę!,https://salon.fiatprofessional.pl/oferta/239858,https://cdn.fcapoland.pl/uploads/77/239858/8e6c4ee99d5221aaf96adb4b7f2815ff.jpg,Fiat Professional,Ducato,2026,0,KM,Van,Biały,New,132963 PLN,PLN,"{""addr1"": ""UL. KOSCIUSZKI 261"", ""city"": ""KATOWICE"", ""region"": ""ŚLĄSKIE"", ""country"": ""PL"", ""postal_code"": ""40-690""}",50.209822,18.965429,LEASE,816 PLN,per month,Diesel,Manual,FWD
239856,Ducato Furgon · od 911 PLN/mies.,Fiat Professional Ducato Furgon · Rata od 911 PLN netto/mies. · Leasing B2B · KALISZ · Sprawdź ofertę!,https://salon.fiatprofessional.pl/oferta/239856,https://cdn.fcapoland.pl/uploads/77/239856/1_render.png,Fiat Professional,Ducato,2026,0,KM,Van,Biały,New,148647 PLN,PLN,"{""addr1"": ""UL. WROCLAWSKA 27"", ""city"": ""KALISZ"", ""region"": ""WIELKOPOLSKIE"", ""country"": ""PL"", ""postal_code"": ""62-800""}",51.7429,18.06292,LEASE,911 PLN,per month,Diesel,Manual,FWD
239853,Ducato Furgon · od 846 PLN/mies.,Fiat Professional Ducato Furgon · Rata od 846 PLN netto/mies. · Leasing B2B · NOWY TARG · Sprawdź ofertę!,https://salon.fiatprofessional.pl/oferta/239853,https://cdn.fcapoland.pl/uploads/77/239853/153f480e104851eaea6db87aa569c373.jpg,Fiat Professional,Ducato,2026,0,KM,Van,Biały,New,137808 PLN,PLN,"{""addr1"": ""UL. KRAKOWSKA 3"", ""city"": ""NOWY TARG"", ""region"": ""MAŁOPOLSKIE"", ""country"": ""PL"", ""postal_code"": ""34-400""}",49.45445,20.01966,LEASE,846 PLN,per month,Diesel,Manual,FWD
239843,Ducato Podwozie Do Zabudowy · od 869 PLN/mies.,Fiat Professional Ducato Podwozie Do Zabudowy · Rata od 869 PLN netto/mies. · Leasing B2B · ZŁOTNIKI · Sprawdź ofertę!,https://salon.fiatprofessional.pl/oferta/239843,https://cdn.fcapoland.pl/uploads/77/239843/1_render.png,Fiat Professional,Ducato,2026,0,KM,Van,Biały,New,141664 PLN,PLN,"{""addr1"": ""UL. OBORNICKA 4"", ""city"": ""ZŁOTNIKI"", ""region"": ""WIELKOPOLSKIE"", ""country"": ""PL"", ""postal_code"": ""62-002""}",52.48747,16.8534,LEASE,869 PLN,per month,Diesel,Manual,FWD
239786,Ducato Furgon · od 922 PLN/mies.,Fiat Professional Ducato Furgon · Rata od 922 PLN netto/mies. · Leasing B2B · NOWY TARG · Sprawdź ofertę!,https://salon.fiatprofessional.pl/oferta/239786,https://cdn.fcapoland.pl/uploads/77/239786/d6033f3f673f1e49e5b68208227e88c6.jpg,Fiat Professional,Ducato,2026,0,KM,Van,Biały,New,150399 PLN,PLN,"{""addr1"": ""UL. KRAKOWSKA 3"", ""city"": ""NOWY TARG"", ""region"": ""MAŁOPOLSKIE"", ""country"": ""PL"", ""postal_code"": ""34-400""}",49.45445,20.01966,LEASE,922 PLN,per month,Diesel,Manual,FWD
239784,Ducato Furgon · od 808 PLN/mies.,Fiat Professional Ducato Furgon · Rata od 808 PLN netto/mies. · Leasing B2B · NOWY TARG · Sprawdź ofertę!,https://salon.fiatprofessional.pl/oferta/239784,https://cdn.fcapoland.pl/uploads/77/239784/19ccece16e86860a49858d2e518545a5.jpg,Fiat Professional,Ducato,2026,0,KM,Van,Biały,New,131567 PLN,PLN,"{""addr1"": ""UL. KRAKOWSKA 3"", ""city"": ""NOWY TARG"", ""region"": ""MAŁOPOLSKIE"", ""country"": ""PL"", ""postal_code"": ""34-400""}",49.45445,20.01966,LEASE,808 PLN,per month,Diesel,Manual,FWD
239783,Ducato Furgon · od 808 PLN/mies.,Fiat Professional Ducato Furgon · Rata od 808 PLN netto/mies. · Leasing B2B · NOWY TARG · Sprawdź ofertę!,https://salon.fiatprofessional.pl/oferta/239783,https://cdn.fcapoland.pl/uploads/77/239783/06fc077a573dc757b29491b189d1b5f6.jpg,Fiat Professional,Ducato,2026,0,KM,Van,Biały,New,131567 PLN,PLN,"{""addr1"": ""UL. KRAKOWSKA 3"", ""city"": ""NOWY TARG"", ""region"": ""MAŁOPOLSKIE"", ""country"": ""PL"", ""postal_code"": ""34-400""}",49.45445,20.01966,LEASE,808 PLN,per month,Diesel,Manual,FWD
239782,Ducato Furgon · od 981 PLN/mies.,Fiat Professional Ducato Furgon · Rata od 981 PLN netto/mies. · Leasing B2B · NOWY TARG · Sprawdź ofertę!,https://salon.fiatprofessional.pl/oferta/239782,https://cdn.fcapoland.pl/uploads/77/239782/3b69b47d8ad5f18285ecc112f9bee7fa.jpg,Fiat Professional,Ducato,2026,0,KM,Van,Biały,New,160060 PLN,PLN,"{""addr1"": ""UL. KRAKOWSKA 3"", ""city"": ""NOWY TARG"", ""region"": ""MAŁOPOLSKIE"", ""country"": ""PL"", ""postal_code"": ""34-400""}",49.45445,20.01966,LEASE,981 PLN,per month,Diesel,Manual,FWD
239774,Ducato Furgon · od 886 PLN/mies.,Fiat Professional Ducato Furgon · Rata od 886 PLN netto/mies. · Leasing B2B · TARNOW · Sprawdź ofertę!,https://salon.fiatprofessional.pl/oferta/239774,https://cdn.fcapoland.pl/uploads/77/239774/1_render.png,Fiat Professional,Ducato,2026,0,KM,Van,Biały,New,144407 PLN,PLN,"{""addr1"": ""UL. KRAKOWSKA 197"", ""city"": ""TARNOW"", ""region"": ""MAŁOPOLSKIE"", ""country"": ""PL"", ""postal_code"": ""33-100""}",49.997114,20.948609,LEASE,886 PLN,per month,Diesel,Manual,FWD
239767,Ducato Furgon · od 1040 PLN/mies.,Fiat Professional Ducato Furgon · Rata od 1040 PLN netto/mies. · Leasing B2B · PSZCZYNA · Sprawdź ofertę!,https://salon.fiatprofessional.pl/oferta/239767,https://cdn.fcapoland.pl/uploads/77/239767/1_render.png,Fiat Professional,Ducato,2026,0,KM,Van,Biały,New,169847 PLN,PLN,"{""addr1"": ""BIELSKA 31C"", ""city"": ""PSZCZYNA"", ""region"": ""ŚLĄSKIE"", ""country"": ""PL"", ""postal_code"": ""43-200""}",49.9645,18.959827,LEASE,1040 PLN,per month,Diesel,Manual,FWD
239764,Doblò Furgon Załogowy · od 875 PLN/mies.,Fiat Professional Doblò Furgon Załogowy · Rata od 875 PLN netto/mies. · Leasing B2B · WARSZAWA · Sprawdź ofertę!,https://salon.fiatprofessional.pl/oferta/239764,https://cdn.fcapoland.pl/uploads/77/239764/1_render.png,Fiat Professional,Doblò,2026,0,KM,Hatchback,Szary Maestro,New,113413 PLN,PLN,"{""addr1"": ""UL. POLCZYNSKA 33"", ""city"": ""WARSZAWA"", ""region"": ""MAZOWIECKIE"", ""country"": ""PL"", ""postal_code"": ""01-377""}",52.218745,20.914414,LEASE,875 PLN,per month,Diesel,Automatic,FWD
239760,Ducato Podwozie Brygadowe Do Zabudowy · od 808 PLN/mies.,Fiat Professional Ducato Podwozie Brygadowe Do Zabudowy · Rata od 808 PLN netto/mies. · Leasing B2B · PSZCZYNA · Sprawdź ofertę!,https://salon.fiatprofessional.pl/oferta/239760,https://cdn.fcapoland.pl/uploads/77/239760/1_render.png,Fiat Professional,Ducato,2026,0,KM,Van,Biały,New,131653 PLN,PLN,"{""addr1"": ""BIELSKA 31C"", ""city"": ""PSZCZYNA"", ""region"": ""ŚLĄSKIE"", ""country"": ""PL"", ""postal_code"": ""43-200""}",49.9645,18.959827,LEASE,808 PLN,per month,Diesel,Manual,FWD
239726,Ducato Furgon · od 808 PLN/mies.,Fiat Professional Ducato Furgon · Rata od 808 PLN netto/mies. · Leasing B2B · NOWY TARG · Sprawdź ofertę!,https://salon.fiatprofessional.pl/oferta/239726,https://cdn.fcapoland.pl/uploads/77/239726/2770f4faa5459eb7d63ea149b3aed54f.jpg,Fiat Professional,Ducato,2026,0,KM,Van,Biały,New,131567 PLN,PLN,"{""addr1"": ""UL. KRAKOWSKA 3"", ""city"": ""NOWY TARG"", ""region"": ""MAŁOPOLSKIE"", ""country"": ""PL"", ""postal_code"": ""34-400""}",49.45445,20.01966,LEASE,808 PLN,per month,Diesel,Manual,FWD
239724,Ducato Furgon · od 958 PLN/mies.,Fiat Professional Ducato Furgon · Rata od 958 PLN netto/mies. · Leasing B2B · NOWY TARG · Sprawdź ofertę!,https://salon.fiatprofessional.pl/oferta/239724,https://cdn.fcapoland.pl/uploads/77/239724/9cfba6b94219151ff58aab417bd08ab1.jpg,Fiat Professional,Ducato,2026,0,KM,Van,Biały,New,156383 PLN,PLN,"{""addr1"": ""UL. KRAKOWSKA 3"", ""city"": ""NOWY TARG"", ""region"": ""MAŁOPOLSKIE"", ""country"": ""PL"", ""postal_code"": ""34-400""}",49.45445,20.01966,LEASE,958 PLN,per month,Diesel,Manual,FWD
239723,Ducato Furgon · od 911 PLN/mies.,Fiat Professional Ducato Furgon · Rata od 911 PLN netto/mies. · Leasing B2B · KALISZ · Sprawdź ofertę!,https://salon.fiatprofessional.pl/oferta/239723,https://cdn.fcapoland.pl/uploads/77/239723/1_render.png,Fiat Professional,Ducato,2026,0,KM,Van,Biały,New,148647 PLN,PLN,"{""addr1"": ""UL. WROCLAWSKA 27"", ""city"": ""KALISZ"", ""region"": ""WIELKOPOLSKIE"", ""country"": ""PL"", ""postal_code"": ""62-800""}",51.7429,18.06292,LEASE,911 PLN,per month,Diesel,Manual,FWD
239719,Ducato Furgon · od 890 PLN/mies.,Fiat Professional Ducato Furgon · Rata od 890 PLN netto/mies. · Leasing B2B · SOSNOWIEC · Sprawdź ofertę!,https://salon.fiatprofessional.pl/oferta/239719,https://cdn.fcapoland.pl/uploads/77/239719/1_render.png,Fiat Professional,Ducato,2026,0,KM,Van,Biały,New,145141 PLN,PLN,"{""addr1"": ""UL. ZUZANNY 36"", ""city"": ""SOSNOWIEC"", ""region"": ""ŚLĄSKIE"", ""country"": ""PL"", ""postal_code"": ""41-219""}",50.29942,19.16864,LEASE,890 PLN,per month,Diesel,Manual,FWD
239711,Ducato Furgon · od 922 PLN/mies.,Fiat Professional Ducato Furgon · Rata od 922 PLN netto/mies. · Leasing B2B · NOWY TARG · Sprawdź ofertę!,https://salon.fiatprofessional.pl/oferta/239711,https://cdn.fcapoland.pl/uploads/77/239711/7fac72713c3be812f7dafc1c6bf09469.jpg,Fiat Professional,Ducato,2026,0,KM,Van,Biały,New,150399 PLN,PLN,"{""addr1"": ""UL. KRAKOWSKA 3"", ""city"": ""NOWY TARG"", ""region"": ""MAŁOPOLSKIE"", ""country"": ""PL"", ""postal_code"": ""34-400""}",49.45445,20.01966,LEASE,922 PLN,per month,Diesel,Manual,FWD
239685,Ducato Furgon · od 975 PLN/mies.,Fiat Professional Ducato Furgon · Rata od 975 PLN netto/mies. · Leasing B2B · NOWY TARG · Sprawdź ofertę!,https://salon.fiatprofessional.pl/oferta/239685,https://cdn.fcapoland.pl/uploads/77/239685/c9116bf2f4c98517d5284087707faaf4.jpg,Fiat Professional,Ducato,2026,0,KM,Van,Biały,New,159195 PLN,PLN,"{""addr1"": ""UL. KRAKOWSKA 3"", ""city"": ""NOWY TARG"", ""region"": ""MAŁOPOLSKIE"", ""country"": ""PL"", ""postal_code"": ""34-400""}",49.45445,20.01966,LEASE,975 PLN,per month,Diesel,Manual,FWD
239683,Ducato Furgon · od 983 PLN/mies.,Fiat Professional Ducato Furgon · Rata od 983 PLN netto/mies. · Leasing B2B · RZESZOW · Sprawdź ofertę!,https://salon.fiatprofessional.pl/oferta/239683,https://cdn.fcapoland.pl/uploads/77/239683/bfddd0f25cc9602ed19a5fd248411b5b.jpg,Fiat Professional,Ducato,2026,0,KM,Van,Biały,New,160392 PLN,PLN,"{""addr1"": ""UL. WARSZAWSKA 135"", ""city"": ""RZESZOW"", ""region"": ""PODKARPACKIE"", ""country"": ""PL"", ""postal_code"": ""35-205""}",50.081623,21.984324,LEASE,983 PLN,per month,Diesel,Manual,FWD
239679,Ducato Furgon · od 890 PLN/mies.,Fiat Professional Ducato Furgon · Rata od 890 PLN netto/mies. · Leasing B2B · SOSNOWIEC · Sprawdź ofertę!,https://salon.fiatprofessional.pl/oferta/239679,https://cdn.fcapoland.pl/uploads/77/239679/1_render.png,Fiat Professional,Ducato,2026,0,KM,Van,Biały,New,145141 PLN,PLN,"{""addr1"": ""UL. ZUZANNY 36"", ""city"": ""SOSNOWIEC"", ""region"": ""ŚLĄSKIE"", ""country"": ""PL"", ""postal_code"": ""41-219""}",50.29942,19.16864,LEASE,890 PLN,per month,Diesel,Manual,FWD
239652,Ducato Podwozie Brygadowe Do Zabudowy · od 837 PLN/mies.,Fiat Professional Ducato Podwozie Brygadowe Do Zabudowy · Rata od 837 PLN netto/mies. · Leasing B2B · SOSNOWIEC · Sprawdź ofertę!,https://salon.fiatprofessional.pl/oferta/239652,https://cdn.fcapoland.pl/uploads/77/239652/1_render.png,Fiat Professional,Ducato,2026,0,KM,Van,Szary Lanzarote,New,136295 PLN,PLN,"{""addr1"": ""UL. ZUZANNY 36"", ""city"": ""SOSNOWIEC"", ""region"": ""ŚLĄSKIE"", ""country"": ""PL"", ""postal_code"": ""41-219""}",50.29942,19.16864,LEASE,837 PLN,per month,Diesel,Manual,FWD
239573,Ducato Furgon · od 825 PLN/mies.,Fiat Professional Ducato Furgon · Rata od 825 PLN netto/mies. · Leasing B2B · SOSNOWIEC · Sprawdź ofertę!,https://salon.fiatprofessional.pl/oferta/239573,https://cdn.fcapoland.pl/uploads/77/239573/1_render.png,Fiat Professional,Ducato,2026,0,KM,Van,Biały,New,134389 PLN,PLN,"{""addr1"": ""UL. ZUZANNY 36"", ""city"": ""SOSNOWIEC"", ""region"": ""ŚLĄSKIE"", ""country"": ""PL"", ""postal_code"": ""41-219""}",50.29942,19.16864,LEASE,825 PLN,per month,Diesel,Manual,FWD
239566,Ducato Furgon · od 879 PLN/mies.,Fiat Professional Ducato Furgon · Rata od 879 PLN netto/mies. · Leasing B2B · KALISZ · Sprawdź ofertę!,https://salon.fiatprofessional.pl/oferta/239566,https://cdn.fcapoland.pl/uploads/77/239566/1_render.png,Fiat Professional,Ducato,2026,0,KM,Van,Biały,New,143329 PLN,PLN,"{""addr1"": ""UL. WROCLAWSKA 27"", ""city"": ""KALISZ"", ""region"": ""WIELKOPOLSKIE"", ""country"": ""PL"", ""postal_code"": ""62-800""}",51.7429,18.06292,LEASE,879 PLN,per month,Diesel,Manual,FWD
239546,Ducato Furgon · od 900 PLN/mies.,Fiat Professional Ducato Furgon · Rata od 900 PLN netto/mies. · Leasing B2B · SOSNOWIEC · Sprawdź ofertę!,https://salon.fiatprofessional.pl/oferta/239546,https://cdn.fcapoland.pl/uploads/77/239546/1_render.png,Fiat Professional,Ducato,2026,0,KM,Van,Biały,New,146766 PLN,PLN,"{""addr1"": ""UL. ZUZANNY 36"", ""city"": ""SOSNOWIEC"", ""region"": ""ŚLĄSKIE"", ""country"": ""PL"", ""postal_code"": ""41-219""}",50.29942,19.16864,LEASE,900 PLN,per month,Diesel,Manual,FWD
239544,Ducato Furgon · od 871 PLN/mies.,Fiat Professional Ducato Furgon · Rata od 871 PLN netto/mies. · Leasing B2B · NOWY TARG · Sprawdź ofertę!,https://salon.fiatprofessional.pl/oferta/239544,https://cdn.fcapoland.pl/uploads/77/239544/7735c3c14176191500ee6539084e16f6.jpg,Fiat Professional,Ducato,2026,0,KM,Van,Biały,New,141979 PLN,PLN,"{""addr1"": ""UL. KRAKOWSKA 3"", ""city"": ""NOWY TARG"", ""region"": ""MAŁOPOLSKIE"", ""country"": ""PL"", ""postal_code"": ""34-400""}",49.45445,20.01966,LEASE,871 PLN,per month,Diesel,Manual,FWD
239537,Ducato Furgon · od 1060 PLN/mies.,Fiat Professional Ducato Furgon · Rata od 1060 PLN netto/mies. · Leasing B2B · WROCLAW · Sprawdź ofertę!,https://salon.fiatprofessional.pl/oferta/239537,https://cdn.fcapoland.pl/uploads/77/239537/1_render.png,Fiat Professional,Ducato,2026,0,KM,Van,Biały,New,173131 PLN,PLN,"{""addr1"": ""UL. KARKONOSKA 45"", ""city"": ""WROCLAW"", ""region"": ""DOLNOŚLĄSKIE"", ""country"": ""PL"", ""postal_code"": ""53-015""}",51.063822,17.000133,LEASE,1060 PLN,per month,Diesel,Automatic,FWD
239526,Doblò Furgon Xl · od 791 PLN/mies.,Fiat Professional Doblò Furgon Xl · Rata od 791 PLN netto/mies. · Leasing B2B · PSZCZYNA · Sprawdź ofertę!,https://salon.fiatprofessional.pl/oferta/239526,https://cdn.fcapoland.pl/uploads/77/239526/1_render.png,Fiat Professional,Doblò,2026,0,KM,Hatchback,Biały Gelato,New,102322 PLN,PLN,"{""addr1"": ""BIELSKA 31C"", ""city"": ""PSZCZYNA"", ""region"": ""ŚLĄSKIE"", ""country"": ""PL"", ""postal_code"": ""43-200""}",49.9645,18.959827,LEASE,791 PLN,per month,Diesel,Manual,FWD
239525,Doblò Furgon Xl · od 807 PLN/mies.,Fiat Professional Doblò Furgon Xl · Rata od 807 PLN netto/mies. · Leasing B2B · PSZCZYNA · Sprawdź ofertę!,https://salon.fiatprofessional.pl/oferta/239525,https://cdn.fcapoland.pl/uploads/77/239525/1_render.png,Fiat Professional,Doblò,2026,0,KM,Hatchback,Biały Gelato,New,104506 PLN,PLN,"{""addr1"": ""BIELSKA 31C"", ""city"": ""PSZCZYNA"", ""region"": ""ŚLĄSKIE"", ""country"": ""PL"", ""postal_code"": ""43-200""}",49.9645,18.959827,LEASE,807 PLN,per month,Diesel,Manual,FWD
239524,Doblò Furgon Xl · od 807 PLN/mies.,Fiat Professional Doblò Furgon Xl · Rata od 807 PLN netto/mies. · Leasing B2B · PSZCZYNA · Sprawdź ofertę!,https://salon.fiatprofessional.pl/oferta/239524,https://cdn.fcapoland.pl/uploads/77/239524/1_render.png,Fiat Professional,Doblò,2026,0,KM,Hatchback,Biały Gelato,New,104506 PLN,PLN,"{""addr1"": ""BIELSKA 31C"", ""city"": ""PSZCZYNA"", ""region"": ""ŚLĄSKIE"", ""country"": ""PL"", ""postal_code"": ""43-200""}",49.9645,18.959827,LEASE,807 PLN,per month,Diesel,Manual,FWD
239523,Doblò Furgon Xl · od 807 PLN/mies.,Fiat Professional Doblò Furgon Xl · Rata od 807 PLN netto/mies. · Leasing B2B · PSZCZYNA · Sprawdź ofertę!,https://salon.fiatprofessional.pl/oferta/239523,https://cdn.fcapoland.pl/uploads/77/239523/1_render.png,Fiat Professional,Doblò,2026,0,KM,Hatchback,Biały Gelato,New,104506 PLN,PLN,"{""addr1"": ""BIELSKA 31C"", ""city"": ""PSZCZYNA"", ""region"": ""ŚLĄSKIE"", ""country"": ""PL"", ""postal_code"": ""43-200""}",49.9645,18.959827,LEASE,807 PLN,per month,Diesel,Manual,FWD
239521,Doblò Furgon Xl · od 878 PLN/mies.,Fiat Professional Doblò Furgon Xl · Rata od 878 PLN netto/mies. · Leasing B2B · WROCLAW · Sprawdź ofertę!,https://salon.fiatprofessional.pl/oferta/239521,https://cdn.fcapoland.pl/uploads/77/239521/1_render.png,Fiat Professional,Doblò,2026,0,KM,Hatchback,Biały Gelato,New,113807 PLN,PLN,"{""addr1"": ""UL. KARKONOSKA 45"", ""city"": ""WROCLAW"", ""region"": ""DOLNOŚLĄSKIE"", ""country"": ""PL"", ""postal_code"": ""53-015""}",51.063822,17.000133,LEASE,878 PLN,per month,Diesel,Manual,FWD
239520,Doblò Furgon Xl · od 878 PLN/mies.,Fiat Professional Doblò Furgon Xl · Rata od 878 PLN netto/mies. · Leasing B2B · WROCLAW · Sprawdź ofertę!,https://salon.fiatprofessional.pl/oferta/239520,https://cdn.fcapoland.pl/uploads/77/239520/1_render.png,Fiat Professional,Doblò,2026,0,KM,Hatchback,Biały Gelato,New,113807 PLN,PLN,"{""addr1"": ""UL. KARKONOSKA 45"", ""city"": ""WROCLAW"", ""region"": ""DOLNOŚLĄSKIE"", ""country"": ""PL"", ""postal_code"": ""53-015""}",51.063822,17.000133,LEASE,878 PLN,per month,Diesel,Manual,FWD
239514,Doblò Furgon Xl · od 821 PLN/mies.,Fiat Professional Doblò Furgon Xl · Rata od 821 PLN netto/mies. · Leasing B2B · WARSZAWA · Sprawdź ofertę!,https://salon.fiatprofessional.pl/oferta/239514,https://cdn.fcapoland.pl/uploads/77/239514/1_render.png,Fiat Professional,Doblò,2026,0,KM,Hatchback,Njebieski Imperial,New,106252 PLN,PLN,"{""addr1"": ""UL. POLCZYNSKA 33"", ""city"": ""WARSZAWA"", ""region"": ""MAZOWIECKIE"", ""country"": ""PL"", ""postal_code"": ""01-377""}",52.218745,20.914414,LEASE,821 PLN,per month,Diesel,Manual,FWD
239512,Doblò Furgon Xl · od 821 PLN/mies.,Fiat Professional Doblò Furgon Xl · Rata od 821 PLN netto/mies. · Leasing B2B · WARSZAWA · Sprawdź ofertę!,https://salon.fiatprofessional.pl/oferta/239512,https://cdn.fcapoland.pl/uploads/77/239512/1_render.png,Fiat Professional,Doblò,2026,0,KM,Hatchback,Njebieski Imperial,New,106252 PLN,PLN,"{""addr1"": ""UL. POLCZYNSKA 33"", ""city"": ""WARSZAWA"", ""region"": ""MAZOWIECKIE"", ""country"": ""PL"", ""postal_code"": ""01-377""}",52.218745,20.914414,LEASE,821 PLN,per month,Diesel,Manual,FWD
239465,Ducato Furgon · od 798 PLN/mies.,Fiat Professional Ducato Furgon · Rata od 798 PLN netto/mies. · Leasing B2B · GDYNIA · Sprawdź ofertę!,https://salon.fiatprofessional.pl/oferta/239465,https://cdn.fcapoland.pl/uploads/77/239465/1_render.png,Fiat Professional,Ducato,2026,0,KM,Van,Szary Expedition,New,129985 PLN,PLN,"{""addr1"": ""MORSKA 491"", ""city"": ""GDYNIA"", ""region"": ""POMORSKIE"", ""country"": ""PL"", ""postal_code"": ""81-002""}",54.549561,18.427188,LEASE,798 PLN,per month,Diesel,Manual,FWD
239464,Ducato Podwozie Do Zabudowy · od 902 PLN/mies.,Fiat Professional Ducato Podwozie Do Zabudowy · Rata od 902 PLN netto/mies. · Leasing B2B · GDANSK · Sprawdź ofertę!,https://salon.fiatprofessional.pl/oferta/239464,https://cdn.fcapoland.pl/uploads/77/239464/1_render.png,Fiat Professional,Ducato,2026,0,KM,Van,Szary Lanzarote,New,147075 PLN,PLN,"{""addr1"": ""UL. MIALKI SZLAK 4/8"", ""city"": ""GDANSK"", ""region"": ""POMORSKIE"", ""country"": ""PL"", ""postal_code"": ""80-717""}",54.34872,18.67998,LEASE,902 PLN,per month,Diesel,Manual,FWD
239463,Ducato Podwozie Do Zabudowy · od 887 PLN/mies.,Fiat Professional Ducato Podwozie Do Zabudowy · Rata od 887 PLN netto/mies. · Leasing B2B · ŁÓDŹ · Sprawdź ofertę!,https://salon.fiatprofessional.pl/oferta/239463,https://cdn.fcapoland.pl/uploads/77/239463/1_render.png,Fiat Professional,Ducato,2026,0,KM,Van,Szary Lanzarote,New,144604 PLN,PLN,"{""addr1"": ""UL.PABIANICKA 94/96"", ""city"": ""ŁÓDŹ"", ""region"": ""ŁÓDZKIE"", ""country"": ""PL"", ""postal_code"": ""93-548""}",51.72592,19.44758,LEASE,887 PLN,per month,Diesel,Manual,FWD
239461,Ducato Podwozie Do Zabudowy · od 876 PLN/mies.,Fiat Professional Ducato Podwozie Do Zabudowy · Rata od 876 PLN netto/mies. · Leasing B2B · WARSZAWA · Sprawdź ofertę!,https://salon.fiatprofessional.pl/oferta/239461,https://cdn.fcapoland.pl/uploads/77/239461/1_render.png,Fiat Professional,Ducato,2026,0,KM,Van,Biały,New,142801 PLN,PLN,"{""addr1"": ""UL. POLCZYNSKA 33"", ""city"": ""WARSZAWA"", ""region"": ""MAZOWIECKIE"", ""country"": ""PL"", ""postal_code"": ""01-377""}",52.218745,20.914414,LEASE,876 PLN,per month,Diesel,Manual,FWD
239460,Ducato Podwozie Do Zabudowy · od 887 PLN/mies.,Fiat Professional Ducato Podwozie Do Zabudowy · Rata od 887 PLN netto/mies. · Leasing B2B · ŁÓDŹ · Sprawdź ofertę!,https://salon.fiatprofessional.pl/oferta/239460,https://cdn.fcapoland.pl/uploads/77/239460/1_render.png,Fiat Professional,Ducato,2026,0,KM,Van,Szary Lanzarote,New,144604 PLN,PLN,"{""addr1"": ""UL.PABIANICKA 94/96"", ""city"": ""ŁÓDŹ"", ""region"": ""ŁÓDZKIE"", ""country"": ""PL"", ""postal_code"": ""93-548""}",51.72592,19.44758,LEASE,887 PLN,per month,Diesel,Manual,FWD
239459,Ducato Podwozie Do Zabudowy · od 847 PLN/mies.,Fiat Professional Ducato Podwozie Do Zabudowy · Rata od 847 PLN netto/mies. · Leasing B2B · ŁÓDŹ · Sprawdź ofertę!,https://salon.fiatprofessional.pl/oferta/239459,https://cdn.fcapoland.pl/uploads/77/239459/1_render.png,Fiat Professional,Ducato,2026,0,KM,Van,Szary Lanzarote,New,137995 PLN,PLN,"{""addr1"": ""UL.PABIANICKA 94/96"", ""city"": ""ŁÓDŹ"", ""region"": ""ŁÓDZKIE"", ""country"": ""PL"", ""postal_code"": ""93-548""}",51.72592,19.44758,LEASE,847 PLN,per month,Diesel,Manual,FWD
239457,Ducato Podwozie Do Zabudowy · od 874 PLN/mies.,Fiat Professional Ducato Podwozie Do Zabudowy · Rata od 874 PLN netto/mies. · Leasing B2B · FALENTY · Sprawdź ofertę!,https://salon.fiatprofessional.pl/oferta/239457,https://cdn.fcapoland.pl/uploads/77/239457/1_render.png,Fiat Professional,Ducato,2026,0,KM,Van,Biały,New,142543 PLN,PLN,"{""addr1"": ""AL. KRAKOWSKA 8"", ""city"": ""FALENTY"", ""region"": ""MAZOWIECKIE"", ""country"": ""PL"", ""postal_code"": ""05-090""}",52.14213,20.90316,LEASE,874 PLN,per month,Diesel,Manual,FWD
239450,Ducato Podwozie Do Zabudowy · od 847 PLN/mies.,Fiat Professional Ducato Podwozie Do Zabudowy · Rata od 847 PLN netto/mies. · Leasing B2B · ŁÓDŹ · Sprawdź ofertę!,https://salon.fiatprofessional.pl/oferta/239450,https://cdn.fcapoland.pl/uploads/77/239450/1_render.png,Fiat Professional,Ducato,2026,0,KM,Van,Szary Lanzarote,New,137995 PLN,PLN,"{""addr1"": ""UL.PABIANICKA 94/96"", ""city"": ""ŁÓDŹ"", ""region"": ""ŁÓDZKIE"", ""country"": ""PL"", ""postal_code"": ""93-548""}",51.72592,19.44758,LEASE,847 PLN,per month,Diesel,Manual,FWD
239401,Scudo Furgon · od 1103 PLN/mies.,Fiat Professional Scudo Furgon · Rata od 1103 PLN netto/mies. · Leasing B2B · TORUŃ · Sprawdź ofertę!,https://salon.fiatprofessional.pl/oferta/239401,https://cdn.fcapoland.pl/uploads/77/239401/a47427c29708b1e3babcbf87ae2130a5.jpg,Fiat Professional,Scudo,2026,0,KM,Van,Lakier bazowy Biały Gelato,New,143237 PLN,PLN,"{""addr1"": ""UL. OLIMPIJSKA 8"", ""city"": ""TORUŃ"", ""region"": ""KUJAWSKO-POMORSKIE"", ""country"": ""PL"", ""postal_code"": ""87-100""}",53.02851,18.70153,LEASE,1103 PLN,per month,Diesel,Manual,FWD
239400,Scudo Furgon · od 1056 PLN/mies.,Fiat Professional Scudo Furgon · Rata od 1056 PLN netto/mies. · Leasing B2B · BYDGOSZCZ · Sprawdź ofertę!,https://salon.fiatprofessional.pl/oferta/239400,https://cdn.fcapoland.pl/uploads/77/239400/197b82498ceeca734963be3314b9e541.jpg,Fiat Professional,Scudo,2026,0,KM,Van,Lakier metalizowany Szary Colosseo,New,137145 PLN,PLN,"{""addr1"": ""AL. ARMII KRAJOWEJ 250"", ""city"": ""BYDGOSZCZ"", ""region"": ""KUJAWSKO-POMORSKIE"", ""country"": ""PL"", ""postal_code"": ""85-689""}",53.17261,18.05499,LEASE,1056 PLN,per month,Diesel,Manual,FWD
239398,Scudo Furgon · od 1040 PLN/mies.,Fiat Professional Scudo Furgon · Rata od 1040 PLN netto/mies. · Leasing B2B · BYDGOSZCZ · Sprawdź ofertę!,https://salon.fiatprofessional.pl/oferta/239398,https://cdn.fcapoland.pl/uploads/77/239398/cbcd4d179e89074a46a32b17e55ff824.jpg,Fiat Professional,Scudo,2026,0,KM,Van,Lakier metalizowany Szary Colosseo,New,134993 PLN,PLN,"{""addr1"": ""AL. ARMII KRAJOWEJ 250"", ""city"": ""BYDGOSZCZ"", ""region"": ""KUJAWSKO-POMORSKIE"", ""country"": ""PL"", ""postal_code"": ""85-689""}",53.17261,18.05499,LEASE,1040 PLN,per month,Diesel,Manual,FWD
239391,Scudo Brygadowy · od 1092 PLN/mies.,Fiat Professional Scudo Brygadowy · Rata od 1092 PLN netto/mies. · Leasing B2B · SZCZECIN · Sprawdź ofertę!,https://salon.fiatprofessional.pl/oferta/239391,https://cdn.fcapoland.pl/uploads/77/239391/4a5e53d8a80e3119189a67ae5926fa7b.jpg,Fiat Professional,Scudo,2026,0,KM,Van,Lakier metalizowany Szary Colosseo,New,141829 PLN,PLN,"{""addr1"": ""USTOWO 57"", ""city"": ""SZCZECIN"", ""region"": ""ZACHODNIOPOMORSKIE"", ""country"": ""PL"", ""postal_code"": ""71-001""}",53.38756,14.498444,LEASE,1092 PLN,per month,Diesel,Manual,FWD
239326,Ducato Furgon · od 920 PLN/mies.,Fiat Professional Ducato Furgon · Rata od 920 PLN netto/mies. · Leasing B2B · NOWY TARG · Sprawdź ofertę!,https://salon.fiatprofessional.pl/oferta/239326,https://cdn.fcapoland.pl/uploads/77/239326/b22de7032c6501e6fc1da4bc05092b98.jpg,Fiat Professional,Ducato,2026,0,KM,Van,Biały,New,150049 PLN,PLN,"{""addr1"": ""UL. KRAKOWSKA 3"", ""city"": ""NOWY TARG"", ""region"": ""MAŁOPOLSKIE"", ""country"": ""PL"", ""postal_code"": ""34-400""}",49.45445,20.01966,LEASE,920 PLN,per month,Diesel,Manual,FWD
239290,Ducato Skrzynia · od 883 PLN/mies.,Fiat Professional Ducato Skrzynia · Rata od 883 PLN netto/mies. · Leasing B2B · NOWY TARG · Sprawdź ofertę!,https://salon.fiatprofessional.pl/oferta/239290,https://cdn.fcapoland.pl/uploads/77/239290/bbba1b35e48baae13f44db8da770d7cd.jpg,Fiat Professional,Ducato,2026,0,KM,Van,Biały,New,143956 PLN,PLN,"{""addr1"": ""UL. KRAKOWSKA 3"", ""city"": ""NOWY TARG"", ""region"": ""MAŁOPOLSKIE"", ""country"": ""PL"", ""postal_code"": ""34-400""}",49.45445,20.01966,LEASE,883 PLN,per month,Diesel,Manual,FWD
239288,Ducato Podwozie Do Zabudowy · od 862 PLN/mies.,Fiat Professional Ducato Podwozie Do Zabudowy · Rata od 862 PLN netto/mies. · Leasing B2B · ZŁOTNIKI · Sprawdź ofertę!,https://salon.fiatprofessional.pl/oferta/239288,https://cdn.fcapoland.pl/uploads/77/239288/1_render.png,Fiat Professional,Ducato,2026,0,KM,Van,Biały,New,140449 PLN,PLN,"{""addr1"": ""UL. OBORNICKA 4"", ""city"": ""ZŁOTNIKI"", ""region"": ""WIELKOPOLSKIE"", ""country"": ""PL"", ""postal_code"": ""62-002""}",52.48747,16.8534,LEASE,862 PLN,per month,Diesel,Manual,FWD
239282,Ducato Furgon · od 747 PLN/mies.,Fiat Professional Ducato Furgon · Rata od 747 PLN netto/mies. · Leasing B2B · WARSZAWA · Sprawdź ofertę!,https://salon.fiatprofessional.pl/oferta/239282,https://cdn.fcapoland.pl/uploads/77/239282/c9aa9c868bc615535615801064e3cba2.jpg,Fiat Professional,Ducato,2026,0,KM,Van,Biały,New,121496 PLN,PLN,"{""addr1"": ""UL.KRASNOBRODZKA 5"", ""city"": ""WARSZAWA"", ""region"": ""MAZOWIECKIE"", ""country"": ""PL"", ""postal_code"": ""03-214""}",52.3017,21.04088,LEASE,747 PLN,per month,Diesel,Manual,FWD
239281,Ducato Furgon · od 759 PLN/mies.,Fiat Professional Ducato Furgon · Rata od 759 PLN netto/mies. · Leasing B2B · PSZCZYNA · Sprawdź ofertę!,https://salon.fiatprofessional.pl/oferta/239281,https://cdn.fcapoland.pl/uploads/77/239281/1_render.png,Fiat Professional,Ducato,2026,0,KM,Van,Biały,New,123438 PLN,PLN,"{""addr1"": ""BIELSKA 31C"", ""city"": ""PSZCZYNA"", ""region"": ""ŚLĄSKIE"", ""country"": ""PL"", ""postal_code"": ""43-200""}",49.9645,18.959827,LEASE,759 PLN,per month,Diesel,Manual,FWD
239280,Ducato Furgon · od 798 PLN/mies.,Fiat Professional Ducato Furgon · Rata od 798 PLN netto/mies. · Leasing B2B · SLUPSK · Sprawdź ofertę!,https://salon.fiatprofessional.pl/oferta/239280,https://cdn.fcapoland.pl/uploads/77/239280/1_render.png,Fiat Professional,Ducato,2026,0,KM,Van,Biały,New,129935 PLN,PLN,"{""addr1"": ""UL. POZNANSKA 74"", ""city"": ""SLUPSK"", ""region"": ""POMORSKIE"", ""country"": ""PL"", ""postal_code"": ""76-200""}",54.45185,17.01674,LEASE,798 PLN,per month,Diesel,Manual,FWD
239278,Ducato Furgon · od 780 PLN/mies.,Fiat Professional Ducato Furgon · Rata od 780 PLN netto/mies. · Leasing B2B · PSZCZYNA · Sprawdź ofertę!,https://salon.fiatprofessional.pl/oferta/239278,https://cdn.fcapoland.pl/uploads/77/239278/1_render.png,Fiat Professional,Ducato,2026,0,KM,Van,Biały,New,127028 PLN,PLN,"{""addr1"": ""BIELSKA 31C"", ""city"": ""PSZCZYNA"", ""region"": ""ŚLĄSKIE"", ""country"": ""PL"", ""postal_code"": ""43-200""}",49.9645,18.959827,LEASE,780 PLN,per month,Diesel,Manual,FWD
239277,Ducato Furgon · od 747 PLN/mies.,Fiat Professional Ducato Furgon · Rata od 747 PLN netto/mies. · Leasing B2B · WARSZAWA · Sprawdź ofertę!,https://salon.fiatprofessional.pl/oferta/239277,https://cdn.fcapoland.pl/uploads/77/239277/5b42e4b20777892bedbb9808aef3a8fe.jpg,Fiat Professional,Ducato,2026,0,KM,Van,Biały,New,121496 PLN,PLN,"{""addr1"": ""UL.KRASNOBRODZKA 5"", ""city"": ""WARSZAWA"", ""region"": ""MAZOWIECKIE"", ""country"": ""PL"", ""postal_code"": ""03-214""}",52.3017,21.04088,LEASE,747 PLN,per month,Diesel,Manual,FWD
239272,Ducato Furgon · od 806 PLN/mies.,Fiat Professional Ducato Furgon · Rata od 806 PLN netto/mies. · Leasing B2B · PSZCZYNA · Sprawdź ofertę!,https://salon.fiatprofessional.pl/oferta/239272,https://cdn.fcapoland.pl/uploads/77/239272/1_render.png,Fiat Professional,Ducato,2026,0,KM,Van,Szary Expedition,New,131303 PLN,PLN,"{""addr1"": ""BIELSKA 31C"", ""city"": ""PSZCZYNA"", ""region"": ""ŚLĄSKIE"", ""country"": ""PL"", ""postal_code"": ""43-200""}",49.9645,18.959827,LEASE,806 PLN,per month,Diesel,Manual,FWD
239259,Scudo Brygadowy Składany · od 1114 PLN/mies.,Fiat Professional Scudo Brygadowy Składany · Rata od 1114 PLN netto/mies. · Leasing B2B · WARSZAWA · Sprawdź ofertę!,https://salon.fiatprofessional.pl/oferta/239259,https://cdn.fcapoland.pl/uploads/77/239259/1_render.png,Fiat Professional,Scudo,2026,0,KM,Van,Lakier metalizowany Szary Colosseo,New,144712 PLN,PLN,"{""addr1"": ""UL. POLCZYNSKA 33"", ""city"": ""WARSZAWA"", ""region"": ""MAZOWIECKIE"", ""country"": ""PL"", ""postal_code"": ""01-377""}",52.218745,20.914414,LEASE,1114 PLN,per month,Diesel,Manual,FWD
239256,Scudo Brygadowy · od 1156 PLN/mies.,Fiat Professional Scudo Brygadowy · Rata od 1156 PLN netto/mies. · Leasing B2B · WARSZAWA · Sprawdź ofertę!,https://salon.fiatprofessional.pl/oferta/239256,https://cdn.fcapoland.pl/uploads/77/239256/1_render.png,Fiat Professional,Scudo,2026,0,KM,Van,Lakier metalizowany Szary Maestro,New,150233 PLN,PLN,"{""addr1"": ""UL. POLCZYNSKA 33"", ""city"": ""WARSZAWA"", ""region"": ""MAZOWIECKIE"", ""country"": ""PL"", ""postal_code"": ""01-377""}",52.218745,20.914414,LEASE,1156 PLN,per month,Diesel,Automatic,FWD
239254,Scudo Furgon · od 978 PLN/mies.,Fiat Professional Scudo Furgon · Rata od 978 PLN netto/mies. · Leasing B2B · ŁÓDŹ · Sprawdź ofertę!,https://salon.fiatprofessional.pl/oferta/239254,https://cdn.fcapoland.pl/uploads/77/239254/1_render.png,Fiat Professional,Scudo,2026,0,KM,Van,Lakier bazowy Biały Gelato,New,126829 PLN,PLN,"{""addr1"": ""UL.PABIANICKA 94/96"", ""city"": ""ŁÓDŹ"", ""region"": ""ŁÓDZKIE"", ""country"": ""PL"", ""postal_code"": ""93-548""}",51.72592,19.44758,LEASE,978 PLN,per month,Diesel,Manual,FWD
239237,Ducato Furgon · od 959 PLN/mies.,Fiat Professional Ducato Furgon · Rata od 959 PLN netto/mies. · Leasing B2B · TARNOW · Sprawdź ofertę!,https://salon.fiatprofessional.pl/oferta/239237,https://cdn.fcapoland.pl/uploads/77/239237/1_render.png,Fiat Professional,Ducato,2026,0,KM,Van,Biały,New,156546 PLN,PLN,"{""addr1"": ""UL. KRAKOWSKA 197"", ""city"": ""TARNOW"", ""region"": ""MAŁOPOLSKIE"", ""country"": ""PL"", ""postal_code"": ""33-100""}",49.997114,20.948609,LEASE,959 PLN,per month,Diesel,Manual,FWD
239236,Ducato Furgon · od 814 PLN/mies.,Fiat Professional Ducato Furgon · Rata od 814 PLN netto/mies. · Leasing B2B · SOSNOWIEC · Sprawdź ofertę!,https://salon.fiatprofessional.pl/oferta/239236,https://cdn.fcapoland.pl/uploads/77/239236/1_render.png,Fiat Professional,Ducato,2026,0,KM,Van,Biały,New,132524 PLN,PLN,"{""addr1"": ""UL. ZUZANNY 36"", ""city"": ""SOSNOWIEC"", ""region"": ""ŚLĄSKIE"", ""country"": ""PL"", ""postal_code"": ""41-219""}",50.29942,19.16864,LEASE,814 PLN,per month,Diesel,Manual,FWD
239234,Ducato Furgon · od 856 PLN/mies.,Fiat Professional Ducato Furgon · Rata od 856 PLN netto/mies. · Leasing B2B · NOWY TARG · Sprawdź ofertę!,https://salon.fiatprofessional.pl/oferta/239234,https://cdn.fcapoland.pl/uploads/77/239234/df2fa3b7fd2f6ec1f0958c5b647e556b.jpg,Fiat Professional,Ducato,2026,0,KM,Van,Biały,New,139414 PLN,PLN,"{""addr1"": ""UL. KRAKOWSKA 3"", ""city"": ""NOWY TARG"", ""region"": ""MAŁOPOLSKIE"", ""country"": ""PL"", ""postal_code"": ""34-400""}",49.45445,20.01966,LEASE,856 PLN,per month,Diesel,Manual,FWD
239232,Ducato Furgon · od 758 PLN/mies.,Fiat Professional Ducato Furgon · Rata od 758 PLN netto/mies. · Leasing B2B · ELBLAG · Sprawdź ofertę!,https://salon.fiatprofessional.pl/oferta/239232,https://cdn.fcapoland.pl/uploads/77/239232/1_render.png,Fiat Professional,Ducato,2026,0,KM,Van,Biały,New,123386 PLN,PLN,"{""addr1"": ""UL. NOWODWORSKA 46"", ""city"": ""ELBLAG"", ""region"": ""WARMIŃSKO-MAZURSKIE"", ""country"": ""PL"", ""postal_code"": ""82-300""}",54.166,19.37664,LEASE,758 PLN,per month,Diesel,Manual,FWD
239210,Ducato Furgon · od 753 PLN/mies.,Fiat Professional Ducato Furgon · Rata od 753 PLN netto/mies. · Leasing B2B · WARSZAWA · Sprawdź ofertę!,https://salon.fiatprofessional.pl/oferta/239210,https://cdn.fcapoland.pl/uploads/77/239210/1_render.png,Fiat Professional,Ducato,2026,0,KM,Van,Biały,New,122508 PLN,PLN,"{""addr1"": ""UL. RADZYMIŃSKA 112"", ""city"": ""WARSZAWA"", ""region"": ""MAZOWIECKIE"", ""country"": ""PL"", ""postal_code"": ""03-574""}",52.26811,21.06277,LEASE,753 PLN,per month,Diesel,Manual,FWD
239209,Ducato Furgon · od 753 PLN/mies.,Fiat Professional Ducato Furgon · Rata od 753 PLN netto/mies. · Leasing B2B · WARSZAWA · Sprawdź ofertę!,https://salon.fiatprofessional.pl/oferta/239209,https://cdn.fcapoland.pl/uploads/77/239209/1_render.png,Fiat Professional,Ducato,2026,0,KM,Van,Biały,New,122508 PLN,PLN,"{""addr1"": ""UL. RADZYMIŃSKA 112"", ""city"": ""WARSZAWA"", ""region"": ""MAZOWIECKIE"", ""country"": ""PL"", ""postal_code"": ""03-574""}",52.26811,21.06277,LEASE,753 PLN,per month,Diesel,Manual,FWD
239208,Ducato Furgon · od 753 PLN/mies.,Fiat Professional Ducato Furgon · Rata od 753 PLN netto/mies. · Leasing B2B · WARSZAWA · Sprawdź ofertę!,https://salon.fiatprofessional.pl/oferta/239208,https://cdn.fcapoland.pl/uploads/77/239208/67a845698c6bd2cd94075bc5881f5365.jpg,Fiat Professional,Ducato,2026,0,KM,Van,Biały,New,122508 PLN,PLN,"{""addr1"": ""UL. RADZYMIŃSKA 112"", ""city"": ""WARSZAWA"", ""region"": ""MAZOWIECKIE"", ""country"": ""PL"", ""postal_code"": ""03-574""}",52.26811,21.06277,LEASE,753 PLN,per month,Diesel,Manual,FWD
239206,Ducato Furgon · od 753 PLN/mies.,Fiat Professional Ducato Furgon · Rata od 753 PLN netto/mies. · Leasing B2B · WARSZAWA · Sprawdź ofertę!,https://salon.fiatprofessional.pl/oferta/239206,https://cdn.fcapoland.pl/uploads/77/239206/1_render.png,Fiat Professional,Ducato,2026,0,KM,Van,Biały,New,122508 PLN,PLN,"{""addr1"": ""UL. RADZYMIŃSKA 112"", ""city"": ""WARSZAWA"", ""region"": ""MAZOWIECKIE"", ""country"": ""PL"", ""postal_code"": ""03-574""}",52.26811,21.06277,LEASE,753 PLN,per month,Diesel,Manual,FWD
239205,Doblò Furgon M · od 784 PLN/mies.,Fiat Professional Doblò Furgon M · Rata od 784 PLN netto/mies. · Leasing B2B · ELBLAG · Sprawdź ofertę!,https://salon.fiatprofessional.pl/oferta/239205,https://cdn.fcapoland.pl/uploads/77/239205/1_render.png,Fiat Professional,Doblò,2026,0,KM,Hatchback,Szary Maestro,New,101493 PLN,PLN,"{""addr1"": ""UL. NOWODWORSKA 46"", ""city"": ""ELBLAG"", ""region"": ""WARMIŃSKO-MAZURSKIE"", ""country"": ""PL"", ""postal_code"": ""82-300""}",54.166,19.37664,LEASE,784 PLN,per month,Diesel,Manual,FWD
239194,Scudo Brygadowy · od 1156 PLN/mies.,Fiat Professional Scudo Brygadowy · Rata od 1156 PLN netto/mies. · Leasing B2B · WARSZAWA · Sprawdź ofertę!,https://salon.fiatprofessional.pl/oferta/239194,https://cdn.fcapoland.pl/uploads/77/239194/1_render.png,Fiat Professional,Scudo,2026,0,KM,Van,Lakier metalizowany Szary Maestro,New,150233 PLN,PLN,"{""addr1"": ""UL. POLCZYNSKA 33"", ""city"": ""WARSZAWA"", ""region"": ""MAZOWIECKIE"", ""country"": ""PL"", ""postal_code"": ""01-377""}",52.218745,20.914414,LEASE,1156 PLN,per month,Diesel,Automatic,FWD
239189,Scudo Brygadowy Składany · od 1094 PLN/mies.,Fiat Professional Scudo Brygadowy Składany · Rata od 1094 PLN netto/mies. · Leasing B2B · ŁÓDŹ · Sprawdź ofertę!,https://salon.fiatprofessional.pl/oferta/239189,https://cdn.fcapoland.pl/uploads/77/239189/1_render.png,Fiat Professional,Scudo,2026,0,KM,Van,Lakier bazowy Biały Gelato,New,142075 PLN,PLN,"{""addr1"": ""UL.PABIANICKA 94/96"", ""city"": ""ŁÓDŹ"", ""region"": ""ŁÓDZKIE"", ""country"": ""PL"", ""postal_code"": ""93-548""}",51.72592,19.44758,LEASE,1094 PLN,per month,Diesel,Manual,FWD
239186,Scudo Brygadowy Składany · od 1087 PLN/mies.,Fiat Professional Scudo Brygadowy Składany · Rata od 1087 PLN netto/mies. · Leasing B2B · RZESZOW · Sprawdź ofertę!,https://salon.fiatprofessional.pl/oferta/239186,https://cdn.fcapoland.pl/uploads/77/239186/4f25a6b76cfcd6bf30662f6c2cf2f50e.jpg,Fiat Professional,Scudo,2026,0,KM,Van,Lakier bazowy Biały Gelato,New,141204 PLN,PLN,"{""addr1"": ""UL. WARSZAWSKA 135"", ""city"": ""RZESZOW"", ""region"": ""PODKARPACKIE"", ""country"": ""PL"", ""postal_code"": ""35-205""}",50.081623,21.984324,LEASE,1087 PLN,per month,Diesel,Manual,FWD
239156,Ducato Podwozie Do Zabudowy · od 802 PLN/mies.,Fiat Professional Ducato Podwozie Do Zabudowy · Rata od 802 PLN netto/mies. · Leasing B2B · ŁÓDŹ · Sprawdź ofertę!,https://salon.fiatprofessional.pl/oferta/239156,https://cdn.fcapoland.pl/uploads/77/239156/1_render.png,Fiat Professional,Ducato,2026,0,KM,Van,Biały,New,130517 PLN,PLN,"{""addr1"": ""UL.PABIANICKA 94/96"", ""city"": ""ŁÓDŹ"", ""region"": ""ŁÓDZKIE"", ""country"": ""PL"", ""postal_code"": ""93-548""}",51.72592,19.44758,LEASE,802 PLN,per month,Diesel,Manual,FWD
239125,Ducato Furgon · od 843 PLN/mies.,Fiat Professional Ducato Furgon · Rata od 843 PLN netto/mies. · Leasing B2B · BYDGOSZCZ · Sprawdź ofertę!,https://salon.fiatprofessional.pl/oferta/239125,https://cdn.fcapoland.pl/uploads/77/239125/95030bda3f6fed2468cfe7e84a22d207.jpg,Fiat Professional,Ducato,2026,0,KM,Van,Biały,New,137330 PLN,PLN,"{""addr1"": ""AL. ARMII KRAJOWEJ 250"", ""city"": ""BYDGOSZCZ"", ""region"": ""KUJAWSKO-POMORSKIE"", ""country"": ""PL"", ""postal_code"": ""85-689""}",53.17261,18.05499,LEASE,843 PLN,per month,Diesel,Manual,FWD
239124,Ducato Furgon · od 828 PLN/mies.,Fiat Professional Ducato Furgon · Rata od 828 PLN netto/mies. · Leasing B2B · CZESTOCHOWA · Sprawdź ofertę!,https://salon.fiatprofessional.pl/oferta/239124,https://cdn.fcapoland.pl/uploads/77/239124/1_render.png,Fiat Professional,Ducato,2026,0,KM,Van,Biały,New,134883 PLN,PLN,"{""addr1"": ""UL. BUGAJSKA 6/8"", ""city"": ""CZESTOCHOWA"", ""region"": ""ŚLĄSKIE"", ""country"": ""PL"", ""postal_code"": ""42-200""}",50.766723,19.165467,LEASE,828 PLN,per month,Diesel,Manual,FWD
239116,Doblò Furgon Xl · od 845 PLN/mies.,Fiat Professional Doblò Furgon Xl · Rata od 845 PLN netto/mies. · Leasing B2B · SOSNOWIEC · Sprawdź ofertę!,https://salon.fiatprofessional.pl/oferta/239116,https://cdn.fcapoland.pl/uploads/77/239116/1_render.png,Fiat Professional,Doblò,2026,0,KM,Hatchback,Biały Gelato,New,109440 PLN,PLN,"{""addr1"": ""UL. ZUZANNY 36"", ""city"": ""SOSNOWIEC"", ""region"": ""ŚLĄSKIE"", ""country"": ""PL"", ""postal_code"": ""41-219""}",50.29942,19.16864,LEASE,845 PLN,per month,Diesel,Manual,FWD
239115,Doblò Furgon Xl · od 878 PLN/mies.,Fiat Professional Doblò Furgon Xl · Rata od 878 PLN netto/mies. · Leasing B2B · RZESZOW · Sprawdź ofertę!,https://salon.fiatprofessional.pl/oferta/239115,https://cdn.fcapoland.pl/uploads/77/239115/2f22427081dbb5f40f04506f8efec2c3.jpg,Fiat Professional,Doblò,2026,0,KM,Hatchback,Biały Gelato,New,113775 PLN,PLN,"{""addr1"": ""UL. WARSZAWSKA 135"", ""city"": ""RZESZOW"", ""region"": ""PODKARPACKIE"", ""country"": ""PL"", ""postal_code"": ""35-205""}",50.081623,21.984324,LEASE,878 PLN,per month,Diesel,Manual,FWD
239084,Scudo Brygadowy Składany · od 1081 PLN/mies.,Fiat Professional Scudo Brygadowy Składany · Rata od 1081 PLN netto/mies. · Leasing B2B · NOWY TARG · Sprawdź ofertę!,https://salon.fiatprofessional.pl/oferta/239084,https://cdn.fcapoland.pl/uploads/77/239084/05f1efcedc015bda26d2ada15729888a.jpg,Fiat Professional,Scudo,2026,0,KM,Van,Lakier bazowy Biały Gelato,New,140427 PLN,PLN,"{""addr1"": ""UL. KRAKOWSKA 3"", ""city"": ""NOWY TARG"", ""region"": ""MAŁOPOLSKIE"", ""country"": ""PL"", ""postal_code"": ""34-400""}",49.45445,20.01966,LEASE,1081 PLN,per month,Diesel,Manual,FWD
239054,Doblò Combi · od 1006 PLN/mies.,Fiat Professional Doblò Combi · Rata od 1006 PLN netto/mies. · Leasing B2B · WARSZAWA · Sprawdź ofertę!,https://salon.fiatprofessional.pl/oferta/239054,https://cdn.fcapoland.pl/uploads/77/239054/1_render.png,Fiat Professional,Doblò,2026,0,KM,Hatchback,Biały Gelato,New,130525 PLN,PLN,"{""addr1"": ""UL. POLCZYNSKA 33"", ""city"": ""WARSZAWA"", ""region"": ""MAZOWIECKIE"", ""country"": ""PL"", ""postal_code"": ""01-377""}",52.218745,20.914414,LEASE,1006 PLN,per month,Diesel,Automatic,FWD
239023,Doblò Furgon M · od 745 PLN/mies.,Fiat Professional Doblò Furgon M · Rata od 745 PLN netto/mies. · Leasing B2B · KRAKOW · Sprawdź ofertę!,https://salon.fiatprofessional.pl/oferta/239023,https://cdn.fcapoland.pl/uploads/77/239023/1_render.png,Fiat Professional,Doblò,2026,0,KM,Hatchback,Biały Gelato,New,96341 PLN,PLN,"{""addr1"": ""UL. RADZIKOWSKIEGO 160"", ""city"": ""KRAKOW"", ""region"": ""MAŁOPOLSKIE"", ""country"": ""PL"", ""postal_code"": ""31-342""}",50.088212,19.888814,LEASE,745 PLN,per month,Diesel,Manual,FWD
238939,Ducato Furgon · od 843 PLN/mies.,Fiat Professional Ducato Furgon · Rata od 843 PLN netto/mies. · Leasing B2B · BYDGOSZCZ · Sprawdź ofertę!,https://salon.fiatprofessional.pl/oferta/238939,https://cdn.fcapoland.pl/uploads/77/238939/ef020a76bc79b0dc36a0c58ca5d37ae7.jpg,Fiat Professional,Ducato,2026,0,KM,Van,Biały,New,137330 PLN,PLN,"{""addr1"": ""AL. ARMII KRAJOWEJ 250"", ""city"": ""BYDGOSZCZ"", ""region"": ""KUJAWSKO-POMORSKIE"", ""country"": ""PL"", ""postal_code"": ""85-689""}",53.17261,18.05499,LEASE,843 PLN,per month,Diesel,Manual,FWD
238938,Ducato Furgon · od 875 PLN/mies.,Fiat Professional Ducato Furgon · Rata od 875 PLN netto/mies. · Leasing B2B · KRAKÓW-LIBERTÓW · Sprawdź ofertę!,https://salon.fiatprofessional.pl/oferta/238938,https://cdn.fcapoland.pl/uploads/77/238938/1_render.png,Fiat Professional,Ducato,2026,0,KM,Van,Biały,New,142557 PLN,PLN,"{""addr1"": ""UL. GÓRA LIBERTOWSKA 12"", ""city"": ""KRAKÓW-LIBERTÓW"", ""region"": ""MAŁOPOLSKIE"", ""country"": ""PL"", ""postal_code"": ""30-444""}",49.97992,19.90923,LEASE,875 PLN,per month,Diesel,Manual,FWD
238934,Doblò Furgon Xl · od 891 PLN/mies.,Fiat Professional Doblò Furgon Xl · Rata od 891 PLN netto/mies. · Leasing B2B · RZESZOW · Sprawdź ofertę!,https://salon.fiatprofessional.pl/oferta/238934,https://cdn.fcapoland.pl/uploads/77/238934/ed3af269af1b78adc8d85ba863d4ee14.jpg,Fiat Professional,Doblò,2026,0,KM,Hatchback,Szary Maestro,New,115497 PLN,PLN,"{""addr1"": ""UL. WARSZAWSKA 135"", ""city"": ""RZESZOW"", ""region"": ""PODKARPACKIE"", ""country"": ""PL"", ""postal_code"": ""35-205""}",50.081623,21.984324,LEASE,891 PLN,per month,Diesel,Manual,FWD
238932,Doblò Furgon Xl · od 999 PLN/mies.,Fiat Professional Doblò Furgon Xl · Rata od 999 PLN netto/mies. · Leasing B2B · NOWY TARG · Sprawdź ofertę!,https://salon.fiatprofessional.pl/oferta/238932,https://cdn.fcapoland.pl/uploads/77/238932/51a0caa78a7d4f9677c81920e2a852f4.jpg,Fiat Professional,Doblò,2026,0,KM,Hatchback,Niebieski Volare,New,129653 PLN,PLN,"{""addr1"": ""UL. KRAKOWSKA 3"", ""city"": ""NOWY TARG"", ""region"": ""MAŁOPOLSKIE"", ""country"": ""PL"", ""postal_code"": ""34-400""}",49.45445,20.01966,LEASE,999 PLN,per month,Diesel,Automatic,FWD
238923,Ducato Furgon · od 750 PLN/mies.,Fiat Professional Ducato Furgon · Rata od 750 PLN netto/mies. · Leasing B2B · PSZCZYNA · Sprawdź ofertę!,https://salon.fiatprofessional.pl/oferta/238923,https://cdn.fcapoland.pl/uploads/77/238923/1_render.png,Fiat Professional,Ducato,2026,0,KM,Van,Szary Expedition,New,122070 PLN,PLN,"{""addr1"": ""BIELSKA 31C"", ""city"": ""PSZCZYNA"", ""region"": ""ŚLĄSKIE"", ""country"": ""PL"", ""postal_code"": ""43-200""}",49.9645,18.959827,LEASE,750 PLN,per month,Diesel,Manual,FWD
238919,Scudo Brygadowy Składany · od 1140 PLN/mies.,Fiat Professional Scudo Brygadowy Składany · Rata od 1140 PLN netto/mies. · Leasing B2B · NOWY TARG · Sprawdź ofertę!,https://salon.fiatprofessional.pl/oferta/238919,https://cdn.fcapoland.pl/uploads/77/238919/76b80d3c6a40179608a7f81051e3c988.jpg,Fiat Professional,Scudo,2026,0,KM,Van,Lakier metalizowany Szary Colosseo,New,148081 PLN,PLN,"{""addr1"": ""UL. KRAKOWSKA 3"", ""city"": ""NOWY TARG"", ""region"": ""MAŁOPOLSKIE"", ""country"": ""PL"", ""postal_code"": ""34-400""}",49.45445,20.01966,LEASE,1140 PLN,per month,Diesel,Manual,FWD
238918,Scudo Brygadowy Składany · od 1140 PLN/mies.,Fiat Professional Scudo Brygadowy Składany · Rata od 1140 PLN netto/mies. · Leasing B2B · NOWY TARG · Sprawdź ofertę!,https://salon.fiatprofessional.pl/oferta/238918,https://cdn.fcapoland.pl/uploads/77/238918/845ef3ae5a995b1d4b96add1fdf8bb88.jpg,Fiat Professional,Scudo,2026,0,KM,Van,Lakier metalizowany Szary Colosseo,New,148081 PLN,PLN,"{""addr1"": ""UL. KRAKOWSKA 3"", ""city"": ""NOWY TARG"", ""region"": ""MAŁOPOLSKIE"", ""country"": ""PL"", ""postal_code"": ""34-400""}",49.45445,20.01966,LEASE,1140 PLN,per month,Diesel,Manual,FWD
238912,Scudo Furgon · od 872 PLN/mies.,Fiat Professional Scudo Furgon · Rata od 872 PLN netto/mies. · Leasing B2B · PSZCZYNA · Sprawdź ofertę!,https://salon.fiatprofessional.pl/oferta/238912,https://cdn.fcapoland.pl/uploads/77/238912/1_render.png,Fiat Professional,Scudo,2026,0,KM,Van,Lakier bazowy Biały Gelato,New,112984 PLN,PLN,"{""addr1"": ""BIELSKA 31C"", ""city"": ""PSZCZYNA"", ""region"": ""ŚLĄSKIE"", ""country"": ""PL"", ""postal_code"": ""43-200""}",49.9645,18.959827,LEASE,872 PLN,per month,Diesel,Manual,FWD
238906,Doblò Furgon M · od 819 PLN/mies.,Fiat Professional Doblò Furgon M · Rata od 819 PLN netto/mies. · Leasing B2B · OPOLE · Sprawdź ofertę!,https://salon.fiatprofessional.pl/oferta/238906,https://cdn.fcapoland.pl/uploads/77/238906/1_render.png,Fiat Professional,Doblò,2026,0,KM,Hatchback,Biały Gelato,New,106078 PLN,PLN,"{""addr1"": ""UL. OLESKA 152"", ""city"": ""OPOLE"", ""region"": ""OPOLSKIE"", ""country"": ""PL"", ""postal_code"": ""45-239""}",50.690422,17.950222,LEASE,819 PLN,per month,Diesel,Manual,FWD
238894,Scudo Furgon · od 854 PLN/mies.,Fiat Professional Scudo Furgon · Rata od 854 PLN netto/mies. · Leasing B2B · RZESZOW · Sprawdź ofertę!,https://salon.fiatprofessional.pl/oferta/238894,https://cdn.fcapoland.pl/uploads/77/238894/6f22204fe5c361f61af8a21a635c4f23.jpg,Fiat Professional,Scudo,2026,0,KM,Van,Lakier bazowy Biały Gelato,New,110577 PLN,PLN,"{""addr1"": ""UL. WARSZAWSKA 135"", ""city"": ""RZESZOW"", ""region"": ""PODKARPACKIE"", ""country"": ""PL"", ""postal_code"": ""35-205""}",50.081623,21.984324,LEASE,854 PLN,per month,Diesel,Manual,FWD
238893,Scudo Furgon · od 885 PLN/mies.,Fiat Professional Scudo Furgon · Rata od 885 PLN netto/mies. · Leasing B2B · RZESZOW · Sprawdź ofertę!,https://salon.fiatprofessional.pl/oferta/238893,https://cdn.fcapoland.pl/uploads/77/238893/f482e9c69098e439a6ad937d175988b3.jpg,Fiat Professional,Scudo,2026,0,KM,Van,Lakier bazowy Biały Gelato,New,114636 PLN,PLN,"{""addr1"": ""UL. WARSZAWSKA 135"", ""city"": ""RZESZOW"", ""region"": ""PODKARPACKIE"", ""country"": ""PL"", ""postal_code"": ""35-205""}",50.081623,21.984324,LEASE,885 PLN,per month,Diesel,Manual,FWD
238886,Scudo Brygadowy · od 1096 PLN/mies.,Fiat Professional Scudo Brygadowy · Rata od 1096 PLN netto/mies. · Leasing B2B · NOWY TARG · Sprawdź ofertę!,https://salon.fiatprofessional.pl/oferta/238886,https://cdn.fcapoland.pl/uploads/77/238886/cbda45760a030ec54620c53f0644e03e.jpg,Fiat Professional,Scudo,2026,0,KM,Van,Lakier metalizowany Szary Colosseo,New,142322 PLN,PLN,"{""addr1"": ""UL. KRAKOWSKA 3"", ""city"": ""NOWY TARG"", ""region"": ""MAŁOPOLSKIE"", ""country"": ""PL"", ""postal_code"": ""34-400""}",49.45445,20.01966,LEASE,1096 PLN,per month,Diesel,Manual,FWD
238884,Ducato Furgon · od 843 PLN/mies.,Fiat Professional Ducato Furgon · Rata od 843 PLN netto/mies. · Leasing B2B · BYDGOSZCZ · Sprawdź ofertę!,https://salon.fiatprofessional.pl/oferta/238884,https://cdn.fcapoland.pl/uploads/77/238884/0b601ccf9541356962dba21082a3db50.jpg,Fiat Professional,Ducato,2026,0,KM,Van,Biały,New,137330 PLN,PLN,"{""addr1"": ""AL. ARMII KRAJOWEJ 250"", ""city"": ""BYDGOSZCZ"", ""region"": ""KUJAWSKO-POMORSKIE"", ""country"": ""PL"", ""postal_code"": ""85-689""}",53.17261,18.05499,LEASE,843 PLN,per month,Diesel,Manual,FWD
238863,Scudo Brygadowy · od 1078 PLN/mies.,Fiat Professional Scudo Brygadowy · Rata od 1078 PLN netto/mies. · Leasing B2B · NOWY TARG · Sprawdź ofertę!,https://salon.fiatprofessional.pl/oferta/238863,https://cdn.fcapoland.pl/uploads/77/238863/759b3017c7b56b76a88a1582bb3cf1ef.jpg,Fiat Professional,Scudo,2026,0,KM,Van,Lakier bazowy Biały Gelato,New,140015 PLN,PLN,"{""addr1"": ""UL. KRAKOWSKA 3"", ""city"": ""NOWY TARG"", ""region"": ""MAŁOPOLSKIE"", ""country"": ""PL"", ""postal_code"": ""34-400""}",49.45445,20.01966,LEASE,1078 PLN,per month,Diesel,Manual,FWD
238834,Scudo Furgon · od 1020 PLN/mies.,Fiat Professional Scudo Furgon · Rata od 1020 PLN netto/mies. · Leasing B2B · NOWY TARG · Sprawdź ofertę!,https://salon.fiatprofessional.pl/oferta/238834,https://cdn.fcapoland.pl/uploads/77/238834/a6ba5d135247a3e35f997e850807b637.jpg,Fiat Professional,Scudo,2026,0,KM,Van,Lakier bazowy Biały Gelato,New,132411 PLN,PLN,"{""addr1"": ""UL. KRAKOWSKA 3"", ""city"": ""NOWY TARG"", ""region"": ""MAŁOPOLSKIE"", ""country"": ""PL"", ""postal_code"": ""34-400""}",49.45445,20.01966,LEASE,1020 PLN,per month,Diesel,Manual,FWD
238820,Doblò Combi · od 913 PLN/mies.,Fiat Professional Doblò Combi · Rata od 913 PLN netto/mies. · Leasing B2B · PSZCZYNA · Sprawdź ofertę!,https://salon.fiatprofessional.pl/oferta/238820,https://cdn.fcapoland.pl/uploads/77/238820/1_render.png,Fiat Professional,Doblò,2026,0,KM,Hatchback,"Zielony ""Toscana""",New,118395 PLN,PLN,"{""addr1"": ""BIELSKA 31C"", ""city"": ""PSZCZYNA"", ""region"": ""ŚLĄSKIE"", ""country"": ""PL"", ""postal_code"": ""43-200""}",49.9645,18.959827,LEASE,913 PLN,per month,Diesel,Manual,FWD
238813,Scudo Brygadowy · od 1096 PLN/mies.,Fiat Professional Scudo Brygadowy · Rata od 1096 PLN netto/mies. · Leasing B2B · NOWY TARG · Sprawdź ofertę!,https://salon.fiatprofessional.pl/oferta/238813,https://cdn.fcapoland.pl/uploads/77/238813/5c0da3397f533fc18b957c5aea930fa3.jpg,Fiat Professional,Scudo,2026,0,KM,Van,Lakier metalizowany Szary Colosseo,New,142322 PLN,PLN,"{""addr1"": ""UL. KRAKOWSKA 3"", ""city"": ""NOWY TARG"", ""region"": ""MAŁOPOLSKIE"", ""country"": ""PL"", ""postal_code"": ""34-400""}",49.45445,20.01966,LEASE,1096 PLN,per month,Diesel,Manual,FWD
238807,Doblò Furgon M · od 798 PLN/mies.,Fiat Professional Doblò Furgon M · Rata od 798 PLN netto/mies. · Leasing B2B · BYDGOSZCZ · Sprawdź ofertę!,https://salon.fiatprofessional.pl/oferta/238807,https://cdn.fcapoland.pl/uploads/77/238807/1e1659b44a0202eaffc6066248cf9f48.jpg,Fiat Professional,Doblò,2026,0,KM,Hatchback,Biały Gelato,New,103320 PLN,PLN,"{""addr1"": ""AL. ARMII KRAJOWEJ 250"", ""city"": ""BYDGOSZCZ"", ""region"": ""KUJAWSKO-POMORSKIE"", ""country"": ""PL"", ""postal_code"": ""85-689""}",53.17261,18.05499,LEASE,798 PLN,per month,Diesel,Manual,FWD
238796,Scudo Furgon · od 996 PLN/mies.,Fiat Professional Scudo Furgon · Rata od 996 PLN netto/mies. · Leasing B2B · RYBNIK · Sprawdź ofertę!,https://salon.fiatprofessional.pl/oferta/238796,https://cdn.fcapoland.pl/uploads/77/238796/8b4923a400bb50723e942bb059353c76.jpg,Fiat Professional,Scudo,2026,0,KM,Van,Lakier bazowy Biały Gelato,New,129301 PLN,PLN,"{""addr1"": ""UL. ZORSKA 75"", ""city"": ""RYBNIK"", ""region"": ""ŚLĄSKIE"", ""country"": ""PL"", ""postal_code"": ""44-203""}",50.09212,18.57415,LEASE,996 PLN,per month,Diesel,Manual,FWD
238795,Ducato Furgon · od 815 PLN/mies.,Fiat Professional Ducato Furgon · Rata od 815 PLN netto/mies. · Leasing B2B · TARNOW · Sprawdź ofertę!,https://salon.fiatprofessional.pl/oferta/238795,https://cdn.fcapoland.pl/uploads/77/238795/1_render.png,Fiat Professional,Ducato,2026,0,KM,Van,Biały,New,132653 PLN,PLN,"{""addr1"": ""UL. KRAKOWSKA 197"", ""city"": ""TARNOW"", ""region"": ""MAŁOPOLSKIE"", ""country"": ""PL"", ""postal_code"": ""33-100""}",49.997114,20.948609,LEASE,815 PLN,per month,Diesel,Manual,FWD
238792,Ducato Furgon · od 845 PLN/mies.,Fiat Professional Ducato Furgon · Rata od 845 PLN netto/mies. · Leasing B2B · BYDGOSZCZ · Sprawdź ofertę!,https://salon.fiatprofessional.pl/oferta/238792,https://cdn.fcapoland.pl/uploads/77/238792/fb848d50314fe13579450e518f94f155.jpg,Fiat Professional,Ducato,2026,0,KM,Van,Biały,New,137637 PLN,PLN,"{""addr1"": ""AL. ARMII KRAJOWEJ 250"", ""city"": ""BYDGOSZCZ"", ""region"": ""KUJAWSKO-POMORSKIE"", ""country"": ""PL"", ""postal_code"": ""85-689""}",53.17261,18.05499,LEASE,845 PLN,per month,Diesel,Manual,FWD
238788,Ducato Furgon · od 942 PLN/mies.,Fiat Professional Ducato Furgon · Rata od 942 PLN netto/mies. · Leasing B2B · ŁÓDŹ · Sprawdź ofertę!,https://salon.fiatprofessional.pl/oferta/238788,https://cdn.fcapoland.pl/uploads/77/238788/aea2d08b8302f17aa3c0564300907b39.jpg,Fiat Professional,Ducato,2026,0,KM,Van,Biały,New,153627 PLN,PLN,"{""addr1"": ""UL.PABIANICKA 94/96"", ""city"": ""ŁÓDŹ"", ""region"": ""ŁÓDZKIE"", ""country"": ""PL"", ""postal_code"": ""93-548""}",51.72592,19.44758,LEASE,942 PLN,per month,Diesel,Manual,FWD
238784,Ducato Furgon · od 888 PLN/mies.,Fiat Professional Ducato Furgon · Rata od 888 PLN netto/mies. · Leasing B2B · KATOWICE · Sprawdź ofertę!,https://salon.fiatprofessional.pl/oferta/238784,https://cdn.fcapoland.pl/uploads/77/238784/172c58cbc7c8f7a5f910aa9cfdd52bac.jpg,Fiat Professional,Ducato,2026,0,KM,Van,Biały,New,144714 PLN,PLN,"{""addr1"": ""UL. ROZDZIENSKIEGO 170"", ""city"": ""KATOWICE"", ""region"": ""ŚLĄSKIE"", ""country"": ""PL"", ""postal_code"": ""40-203""}",50.264224,19.049744,LEASE,888 PLN,per month,Diesel,Manual,FWD
238782,Ducato Furgon · od 963 PLN/mies.,Fiat Professional Ducato Furgon · Rata od 963 PLN netto/mies. · Leasing B2B · WARSZAWA · Sprawdź ofertę!,https://salon.fiatprofessional.pl/oferta/238782,https://cdn.fcapoland.pl/uploads/77/238782/1_render.png,Fiat Professional,Ducato,2026,0,KM,Van,Biały,New,157195 PLN,PLN,"{""addr1"": ""UL. POLCZYNSKA 33"", ""city"": ""WARSZAWA"", ""region"": ""MAZOWIECKIE"", ""country"": ""PL"", ""postal_code"": ""01-377""}",52.218745,20.914414,LEASE,963 PLN,per month,Diesel,Manual,FWD
238770,Ducato Furgon · od 895 PLN/mies.,Fiat Professional Ducato Furgon · Rata od 895 PLN netto/mies. · Leasing B2B · GDYNIA · Sprawdź ofertę!,https://salon.fiatprofessional.pl/oferta/238770,https://cdn.fcapoland.pl/uploads/77/238770/1_render.png,Fiat Professional,Ducato,2026,0,KM,Van,Biały,New,145928 PLN,PLN,"{""addr1"": ""MORSKA 491"", ""city"": ""GDYNIA"", ""region"": ""POMORSKIE"", ""country"": ""PL"", ""postal_code"": ""81-002""}",54.549561,18.427188,LEASE,895 PLN,per month,Diesel,Manual,FWD
238769,Ducato Furgon · od 843 PLN/mies.,Fiat Professional Ducato Furgon · Rata od 843 PLN netto/mies. · Leasing B2B · BYDGOSZCZ · Sprawdź ofertę!,https://salon.fiatprofessional.pl/oferta/238769,https://cdn.fcapoland.pl/uploads/77/238769/c9745e87ea46cb5a5fd32bb568c8d650.jpg,Fiat Professional,Ducato,2026,0,KM,Van,Biały,New,137330 PLN,PLN,"{""addr1"": ""AL. ARMII KRAJOWEJ 250"", ""city"": ""BYDGOSZCZ"", ""region"": ""KUJAWSKO-POMORSKIE"", ""country"": ""PL"", ""postal_code"": ""85-689""}",53.17261,18.05499,LEASE,843 PLN,per month,Diesel,Manual,FWD
238744,Ducato Furgon · od 830 PLN/mies.,Fiat Professional Ducato Furgon · Rata od 830 PLN netto/mies. · Leasing B2B · KRAKÓW-LIBERTÓW · Sprawdź ofertę!,https://salon.fiatprofessional.pl/oferta/238744,https://cdn.fcapoland.pl/uploads/77/238744/fd522f3eb94a04845de6e66d2304f9b0.jpg,Fiat Professional,Ducato,2026,0,KM,Van,Biały,New,135177 PLN,PLN,"{""addr1"": ""UL. GÓRA LIBERTOWSKA 12"", ""city"": ""KRAKÓW-LIBERTÓW"", ""region"": ""MAŁOPOLSKIE"", ""country"": ""PL"", ""postal_code"": ""30-444""}",49.97992,19.90923,LEASE,830 PLN,per month,Diesel,Manual,FWD
238739,Ducato Furgon · od 883 PLN/mies.,Fiat Professional Ducato Furgon · Rata od 883 PLN netto/mies. · Leasing B2B · WROCLAW · Sprawdź ofertę!,https://salon.fiatprofessional.pl/oferta/238739,https://cdn.fcapoland.pl/uploads/77/238739/1_render.png,Fiat Professional,Ducato,2026,0,KM,Van,Biały,New,144031 PLN,PLN,"{""addr1"": ""UL. ZMIGRODZKA 251"", ""city"": ""WROCLAW"", ""region"": ""DOLNOŚLĄSKIE"", ""country"": ""PL"", ""postal_code"": ""51-129""}",51.162768,17.02893,LEASE,883 PLN,per month,Diesel,Manual,FWD
238698,Doblò Combi · od 760 PLN/mies.,Fiat Professional Doblò Combi · Rata od 760 PLN netto/mies. · Leasing B2B · NOWY TARG · Sprawdź ofertę!,https://salon.fiatprofessional.pl/oferta/238698,https://cdn.fcapoland.pl/uploads/77/238698/88a49892b3ae532d97f30ee44570e7a7.jpg,Fiat Professional,Doblò,2026,0,KM,Hatchback,Szary Maestro,New,98277 PLN,PLN,"{""addr1"": ""UL. KRAKOWSKA 3"", ""city"": ""NOWY TARG"", ""region"": ""MAŁOPOLSKIE"", ""country"": ""PL"", ""postal_code"": ""34-400""}",49.45445,20.01966,LEASE,760 PLN,per month,Diesel,Manual,FWD
238697,Doblò Combi · od 877 PLN/mies.,Fiat Professional Doblò Combi · Rata od 877 PLN netto/mies. · Leasing B2B · PSZCZYNA · Sprawdź ofertę!,https://salon.fiatprofessional.pl/oferta/238697,https://cdn.fcapoland.pl/uploads/77/238697/1_render.png,Fiat Professional,Doblò,2026,0,KM,Hatchback,Szary Maestro,New,113636 PLN,PLN,"{""addr1"": ""BIELSKA 31C"", ""city"": ""PSZCZYNA"", ""region"": ""ŚLĄSKIE"", ""country"": ""PL"", ""postal_code"": ""43-200""}",49.9645,18.959827,LEASE,877 PLN,per month,Diesel,Manual,FWD
238664,Scudo Brygadowy · od 1107 PLN/mies.,Fiat Professional Scudo Brygadowy · Rata od 1107 PLN netto/mies. · Leasing B2B · SZCZECIN · Sprawdź ofertę!,https://salon.fiatprofessional.pl/oferta/238664,https://cdn.fcapoland.pl/uploads/77/238664/ca20e26b4dacd76e6b227893bc9bda2b.jpg,Fiat Professional,Scudo,2026,0,KM,Van,Lakier metalizowany Szary Colosseo,New,143805 PLN,PLN,"{""addr1"": ""USTOWO 57"", ""city"": ""SZCZECIN"", ""region"": ""ZACHODNIOPOMORSKIE"", ""country"": ""PL"", ""postal_code"": ""71-001""}",53.38756,14.498444,LEASE,1107 PLN,per month,Diesel,Manual,FWD
238655,Scudo Brygadowy Składany · od 1099 PLN/mies.,Fiat Professional Scudo Brygadowy Składany · Rata od 1099 PLN netto/mies. · Leasing B2B · NOWY TARG · Sprawdź ofertę!,https://salon.fiatprofessional.pl/oferta/238655,https://cdn.fcapoland.pl/uploads/77/238655/e517bd7565d57b41a22fc5004779cb30.jpg,Fiat Professional,Scudo,2026,0,KM,Van,Lakier metalizowany Szary Colosseo,New,142734 PLN,PLN,"{""addr1"": ""UL. KRAKOWSKA 3"", ""city"": ""NOWY TARG"", ""region"": ""MAŁOPOLSKIE"", ""country"": ""PL"", ""postal_code"": ""34-400""}",49.45445,20.01966,LEASE,1099 PLN,per month,Diesel,Manual,FWD
238654,Scudo Brygadowy Składany · od 1099 PLN/mies.,Fiat Professional Scudo Brygadowy Składany · Rata od 1099 PLN netto/mies. · Leasing B2B · NOWY TARG · Sprawdź ofertę!,https://salon.fiatprofessional.pl/oferta/238654,https://cdn.fcapoland.pl/uploads/77/238654/5c08153a234e69c7ff044cc705c4e51c.jpg,Fiat Professional,Scudo,2026,0,KM,Van,Lakier metalizowany Szary Colosseo,New,142734 PLN,PLN,"{""addr1"": ""UL. KRAKOWSKA 3"", ""city"": ""NOWY TARG"", ""region"": ""MAŁOPOLSKIE"", ""country"": ""PL"", ""postal_code"": ""34-400""}",49.45445,20.01966,LEASE,1099 PLN,per month,Diesel,Manual,FWD
238653,Scudo Brygadowy Składany · od 1081 PLN/mies.,Fiat Professional Scudo Brygadowy Składany · Rata od 1081 PLN netto/mies. · Leasing B2B · NOWY TARG · Sprawdź ofertę!,https://salon.fiatprofessional.pl/oferta/238653,https://cdn.fcapoland.pl/uploads/77/238653/0bcc0e698b9ac712b6279535a07b7d57.jpg,Fiat Professional,Scudo,2026,0,KM,Van,Lakier bazowy Biały Gelato,New,140427 PLN,PLN,"{""addr1"": ""UL. KRAKOWSKA 3"", ""city"": ""NOWY TARG"", ""region"": ""MAŁOPOLSKIE"", ""country"": ""PL"", ""postal_code"": ""34-400""}",49.45445,20.01966,LEASE,1081 PLN,per month,Diesel,Manual,FWD
238637,Ducato Furgon · od 845 PLN/mies.,Fiat Professional Ducato Furgon · Rata od 845 PLN netto/mies. · Leasing B2B · BYDGOSZCZ · Sprawdź ofertę!,https://salon.fiatprofessional.pl/oferta/238637,https://cdn.fcapoland.pl/uploads/77/238637/34245dd0723ce91a6c3582f0f216bc73.jpg,Fiat Professional,Ducato,2026,0,KM,Van,Biały,New,137637 PLN,PLN,"{""addr1"": ""AL. ARMII KRAJOWEJ 250"", ""city"": ""BYDGOSZCZ"", ""region"": ""KUJAWSKO-POMORSKIE"", ""country"": ""PL"", ""postal_code"": ""85-689""}",53.17261,18.05499,LEASE,845 PLN,per month,Diesel,Manual,FWD
238631,Ducato Furgon · od 830 PLN/mies.,Fiat Professional Ducato Furgon · Rata od 830 PLN netto/mies. · Leasing B2B · ŁÓDŹ · Sprawdź ofertę!,https://salon.fiatprofessional.pl/oferta/238631,https://cdn.fcapoland.pl/uploads/77/238631/c8aabbad4c21c6d1f8b318e395178ef9.jpg,Fiat Professional,Ducato,2026,0,KM,Van,Biały,New,135177 PLN,PLN,"{""addr1"": ""UL.PABIANICKA 94/96"", ""city"": ""ŁÓDŹ"", ""region"": ""ŁÓDZKIE"", ""country"": ""PL"", ""postal_code"": ""93-548""}",51.72592,19.44758,LEASE,830 PLN,per month,Diesel,Manual,FWD
238623,Ducato Furgon · od 837 PLN/mies.,Fiat Professional Ducato Furgon · Rata od 837 PLN netto/mies. · Leasing B2B · KRAKÓW-LIBERTÓW · Sprawdź ofertę!,https://salon.fiatprofessional.pl/oferta/238623,https://cdn.fcapoland.pl/uploads/77/238623/b83b3f935859ba8819ddb2545b1df36a.jpg,Fiat Professional,Ducato,2026,0,KM,Van,Biały,New,136407 PLN,PLN,"{""addr1"": ""UL. GÓRA LIBERTOWSKA 12"", ""city"": ""KRAKÓW-LIBERTÓW"", ""region"": ""MAŁOPOLSKIE"", ""country"": ""PL"", ""postal_code"": ""30-444""}",49.97992,19.90923,LEASE,837 PLN,per month,Diesel,Manual,FWD
238622,Ducato Furgon · od 819 PLN/mies.,Fiat Professional Ducato Furgon · Rata od 819 PLN netto/mies. · Leasing B2B · KRAKÓW-LIBERTÓW · Sprawdź ofertę!,https://salon.fiatprofessional.pl/oferta/238622,https://cdn.fcapoland.pl/uploads/77/238622/70262b6598a391ffdb490f188f4884aa.jpg,Fiat Professional,Ducato,2026,0,KM,Van,Biały,New,133455 PLN,PLN,"{""addr1"": ""UL. GÓRA LIBERTOWSKA 12"", ""city"": ""KRAKÓW-LIBERTÓW"", ""region"": ""MAŁOPOLSKIE"", ""country"": ""PL"", ""postal_code"": ""30-444""}",49.97992,19.90923,LEASE,819 PLN,per month,Diesel,Manual,FWD
238619,Ducato Furgon · od 917 PLN/mies.,Fiat Professional Ducato Furgon · Rata od 917 PLN netto/mies. · Leasing B2B · KATOWICE · Sprawdź ofertę!,https://salon.fiatprofessional.pl/oferta/238619,https://cdn.fcapoland.pl/uploads/77/238619/f58d3b368d282887e5ffe21fb0d0ef9f.jpg,Fiat Professional,Ducato,2026,0,KM,Van,Biały,New,149494 PLN,PLN,"{""addr1"": ""UL. KOSCIUSZKI 261"", ""city"": ""KATOWICE"", ""region"": ""ŚLĄSKIE"", ""country"": ""PL"", ""postal_code"": ""40-690""}",50.209822,18.965429,LEASE,917 PLN,per month,Diesel,Automatic,FWD
238618,Ducato Furgon · od 917 PLN/mies.,Fiat Professional Ducato Furgon · Rata od 917 PLN netto/mies. · Leasing B2B · KATOWICE · Sprawdź ofertę!,https://salon.fiatprofessional.pl/oferta/238618,https://cdn.fcapoland.pl/uploads/77/238618/940c01fe863ef6049679d086cc27de1a.jpg,Fiat Professional,Ducato,2026,0,KM,Van,Biały,New,149494 PLN,PLN,"{""addr1"": ""UL. KOSCIUSZKI 261"", ""city"": ""KATOWICE"", ""region"": ""ŚLĄSKIE"", ""country"": ""PL"", ""postal_code"": ""40-690""}",50.209822,18.965429,LEASE,917 PLN,per month,Diesel,Automatic,FWD
238616,Ducato Furgon · od 830 PLN/mies.,Fiat Professional Ducato Furgon · Rata od 830 PLN netto/mies. · Leasing B2B · KRAKÓW-LIBERTÓW · Sprawdź ofertę!,https://salon.fiatprofessional.pl/oferta/238616,https://cdn.fcapoland.pl/uploads/77/238616/94ed41ee829ec4bdf899a9b2c59be7f4.jpg,Fiat Professional,Ducato,2026,0,KM,Van,Biały,New,135177 PLN,PLN,"{""addr1"": ""UL. GÓRA LIBERTOWSKA 12"", ""city"": ""KRAKÓW-LIBERTÓW"", ""region"": ""MAŁOPOLSKIE"", ""country"": ""PL"", ""postal_code"": ""30-444""}",49.97992,19.90923,LEASE,830 PLN,per month,Diesel,Manual,FWD
238615,Ducato Furgon · od 830 PLN/mies.,Fiat Professional Ducato Furgon · Rata od 830 PLN netto/mies. · Leasing B2B · KRAKÓW-LIBERTÓW · Sprawdź ofertę!,https://salon.fiatprofessional.pl/oferta/238615,https://cdn.fcapoland.pl/uploads/77/238615/be8df083b6ad7931e3292d618ff33621.jpg,Fiat Professional,Ducato,2026,0,KM,Van,Biały,New,135177 PLN,PLN,"{""addr1"": ""UL. GÓRA LIBERTOWSKA 12"", ""city"": ""KRAKÓW-LIBERTÓW"", ""region"": ""MAŁOPOLSKIE"", ""country"": ""PL"", ""postal_code"": ""30-444""}",49.97992,19.90923,LEASE,830 PLN,per month,Diesel,Manual,FWD
238594,Doblò Furgon Xl · od 862 PLN/mies.,Fiat Professional Doblò Furgon Xl · Rata od 862 PLN netto/mies. · Leasing B2B · KRAKÓW-LIBERTÓW · Sprawdź ofertę!,https://salon.fiatprofessional.pl/oferta/238594,https://cdn.fcapoland.pl/uploads/77/238594/74eceb37df3a5b412ceca5e9515e18cc.jpg,Fiat Professional,Doblò,2026,0,KM,Hatchback,Biały Gelato,New,111667 PLN,PLN,"{""addr1"": ""UL. GÓRA LIBERTOWSKA 12"", ""city"": ""KRAKÓW-LIBERTÓW"", ""region"": ""MAŁOPOLSKIE"", ""country"": ""PL"", ""postal_code"": ""30-444""}",49.97992,19.90923,LEASE,862 PLN,per month,Diesel,Automatic,FWD
238593,Doblò Furgon Xl · od 835 PLN/mies.,Fiat Professional Doblò Furgon Xl · Rata od 835 PLN netto/mies. · Leasing B2B · KATOWICE · Sprawdź ofertę!,https://salon.fiatprofessional.pl/oferta/238593,https://cdn.fcapoland.pl/uploads/77/238593/12405d76411672140bc5d1756a1ec1ef.jpg,Fiat Professional,Doblò,2026,0,KM,Hatchback,Biały Gelato,New,108117 PLN,PLN,"{""addr1"": ""UL. KOSCIUSZKI 261"", ""city"": ""KATOWICE"", ""region"": ""ŚLĄSKIE"", ""country"": ""PL"", ""postal_code"": ""40-690""}",50.209822,18.965429,LEASE,835 PLN,per month,Diesel,Manual,FWD
238592,Doblò Furgon Xl · od 835 PLN/mies.,Fiat Professional Doblò Furgon Xl · Rata od 835 PLN netto/mies. · Leasing B2B · KATOWICE · Sprawdź ofertę!,https://salon.fiatprofessional.pl/oferta/238592,https://cdn.fcapoland.pl/uploads/77/238592/c5db5d7b85ddcc001f8e78666407ef03.jpg,Fiat Professional,Doblò,2026,0,KM,Hatchback,Biały Gelato,New,108117 PLN,PLN,"{""addr1"": ""UL. KOSCIUSZKI 261"", ""city"": ""KATOWICE"", ""region"": ""ŚLĄSKIE"", ""country"": ""PL"", ""postal_code"": ""40-690""}",50.209822,18.965429,LEASE,835 PLN,per month,Diesel,Manual,FWD
238591,Doblò Furgon Xl · od 835 PLN/mies.,Fiat Professional Doblò Furgon Xl · Rata od 835 PLN netto/mies. · Leasing B2B · KATOWICE · Sprawdź ofertę!,https://salon.fiatprofessional.pl/oferta/238591,https://cdn.fcapoland.pl/uploads/77/238591/8a950d9b234d20865ba8af3dcd1337b5.jpg,Fiat Professional,Doblò,2026,0,KM,Hatchback,Biały Gelato,New,108117 PLN,PLN,"{""addr1"": ""UL. KOSCIUSZKI 261"", ""city"": ""KATOWICE"", ""region"": ""ŚLĄSKIE"", ""country"": ""PL"", ""postal_code"": ""40-690""}",50.209822,18.965429,LEASE,835 PLN,per month,Diesel,Manual,FWD
238590,Doblò Furgon Xl · od 835 PLN/mies.,Fiat Professional Doblò Furgon Xl · Rata od 835 PLN netto/mies. · Leasing B2B · KATOWICE · Sprawdź ofertę!,https://salon.fiatprofessional.pl/oferta/238590,https://cdn.fcapoland.pl/uploads/77/238590/0251391915bb63fe57e66b43287aea20.jpg,Fiat Professional,Doblò,2026,0,KM,Hatchback,Biały Gelato,New,108117 PLN,PLN,"{""addr1"": ""UL. KOSCIUSZKI 261"", ""city"": ""KATOWICE"", ""region"": ""ŚLĄSKIE"", ""country"": ""PL"", ""postal_code"": ""40-690""}",50.209822,18.965429,LEASE,835 PLN,per month,Diesel,Manual,FWD
238589,Doblò Furgon Xl · od 835 PLN/mies.,Fiat Professional Doblò Furgon Xl · Rata od 835 PLN netto/mies. · Leasing B2B · KATOWICE · Sprawdź ofertę!,https://salon.fiatprofessional.pl/oferta/238589,https://cdn.fcapoland.pl/uploads/77/238589/75e91b476619c375c07c15e057cb4142.jpg,Fiat Professional,Doblò,2026,0,KM,Hatchback,Biały Gelato,New,108117 PLN,PLN,"{""addr1"": ""UL. KOSCIUSZKI 261"", ""city"": ""KATOWICE"", ""region"": ""ŚLĄSKIE"", ""country"": ""PL"", ""postal_code"": ""40-690""}",50.209822,18.965429,LEASE,835 PLN,per month,Diesel,Manual,FWD
238560,Ducato Wywrotka 1-Stronna · od 960 PLN/mies.,Fiat Professional Ducato Wywrotka 1-Stronna · Rata od 960 PLN netto/mies. · Leasing B2B · NOWY TARG · Sprawdź ofertę!,https://salon.fiatprofessional.pl/oferta/238560,https://cdn.fcapoland.pl/uploads/77/238560/1dfddb05344a92c93feb7d8957ae8478.jpg,Fiat Professional,Ducato,2026,0,KM,Van,Biały,New,156631 PLN,PLN,"{""addr1"": ""UL. KRAKOWSKA 3"", ""city"": ""NOWY TARG"", ""region"": ""MAŁOPOLSKIE"", ""country"": ""PL"", ""postal_code"": ""34-400""}",49.45445,20.01966,LEASE,960 PLN,per month,Diesel,Manual,FWD
238559,Ducato Podwozie Do Zabudowy · od 881 PLN/mies.,Fiat Professional Ducato Podwozie Do Zabudowy · Rata od 881 PLN netto/mies. · Leasing B2B · POZNAN · Sprawdź ofertę!,https://salon.fiatprofessional.pl/oferta/238559,https://cdn.fcapoland.pl/uploads/77/238559/e57b647ec63ac47bdaa1e3cdc0404df4.jpg,Fiat Professional,Ducato,2026,0,KM,Van,Biały,New,143664 PLN,PLN,"{""addr1"": ""UL. GORZYSLAWA 9"", ""city"": ""POZNAN"", ""region"": ""WIELKOPOLSKIE"", ""country"": ""PL"", ""postal_code"": ""61-057""}",52.408466,17.029606,LEASE,881 PLN,per month,Diesel,Manual,FWD
238552,Ducato Podwozie Do Zabudowy · od 851 PLN/mies.,Fiat Professional Ducato Podwozie Do Zabudowy · Rata od 851 PLN netto/mies. · Leasing B2B · WROCLAW · Sprawdź ofertę!,https://salon.fiatprofessional.pl/oferta/238552,https://cdn.fcapoland.pl/uploads/77/238552/1_render.png,Fiat Professional,Ducato,2026,0,KM,Van,Biały,New,138739 PLN,PLN,"{""addr1"": ""UL. ZMIGRODZKA 251"", ""city"": ""WROCLAW"", ""region"": ""DOLNOŚLĄSKIE"", ""country"": ""PL"", ""postal_code"": ""51-129""}",51.162768,17.02893,LEASE,851 PLN,per month,Diesel,Manual,FWD
238542,Ducato Furgon · od 814 PLN/mies.,Fiat Professional Ducato Furgon · Rata od 814 PLN netto/mies. · Leasing B2B · SOSNOWIEC · Sprawdź ofertę!,https://salon.fiatprofessional.pl/oferta/238542,https://cdn.fcapoland.pl/uploads/77/238542/1_render.png,Fiat Professional,Ducato,2026,0,KM,Van,Biały,New,132524 PLN,PLN,"{""addr1"": ""UL. ZUZANNY 36"", ""city"": ""SOSNOWIEC"", ""region"": ""ŚLĄSKIE"", ""country"": ""PL"", ""postal_code"": ""41-219""}",50.29942,19.16864,LEASE,814 PLN,per month,Diesel,Manual,FWD
238493,Ducato Furgon · od 881 PLN/mies.,Fiat Professional Ducato Furgon · Rata od 881 PLN netto/mies. · Leasing B2B · KALISZ · Sprawdź ofertę!,https://salon.fiatprofessional.pl/oferta/238493,https://cdn.fcapoland.pl/uploads/77/238493/1_render.png,Fiat Professional,Ducato,2026,0,KM,Van,Biały,New,143637 PLN,PLN,"{""addr1"": ""UL. WROCLAWSKA 27"", ""city"": ""KALISZ"", ""region"": ""WIELKOPOLSKIE"", ""country"": ""PL"", ""postal_code"": ""62-800""}",51.7429,18.06292,LEASE,881 PLN,per month,Diesel,Manual,FWD
238481,Ducato Furgon · od 820 PLN/mies.,Fiat Professional Ducato Furgon · Rata od 820 PLN netto/mies. · Leasing B2B · OPOLE · Sprawdź ofertę!,https://salon.fiatprofessional.pl/oferta/238481,https://cdn.fcapoland.pl/uploads/77/238481/5c855e52a7c12b10ea3c8a5631fc143b.jpg,Fiat Professional,Ducato,2026,0,KM,Van,Biały,New,133482 PLN,PLN,"{""addr1"": ""UL. OLESKA 152"", ""city"": ""OPOLE"", ""region"": ""OPOLSKIE"", ""country"": ""PL"", ""postal_code"": ""45-239""}",50.690422,17.950222,LEASE,820 PLN,per month,Diesel,Manual,FWD
238474,Doblò Furgon Xl · od 964 PLN/mies.,Fiat Professional Doblò Furgon Xl · Rata od 964 PLN netto/mies. · Leasing B2B · WROCLAW · Sprawdź ofertę!,https://salon.fiatprofessional.pl/oferta/238474,https://cdn.fcapoland.pl/uploads/77/238474/5eadf123c3b6fc80eb9ecfd13ef34733.jpg,Fiat Professional,Doblò,2026,0,KM,Hatchback,Biały Gelato,New,125103 PLN,PLN,"{""addr1"": ""UL. KARKONOSKA 45"", ""city"": ""WROCLAW"", ""region"": ""DOLNOŚLĄSKIE"", ""country"": ""PL"", ""postal_code"": ""53-015""}",51.063822,17.000133,LEASE,964 PLN,per month,Diesel,Automatic,FWD
238473,Doblò Furgon Xl · od 868 PLN/mies.,Fiat Professional Doblò Furgon Xl · Rata od 868 PLN netto/mies. · Leasing B2B · GORZOW WIELKOPOLSKI · Sprawdź ofertę!,https://salon.fiatprofessional.pl/oferta/238473,https://cdn.fcapoland.pl/uploads/77/238473/1_render.png,Fiat Professional,Doblò,2026,0,KM,Hatchback,Biały Gelato,New,112470 PLN,PLN,"{""addr1"": ""UL. KASPRZAKA 1A"", ""city"": ""GORZOW WIELKOPOLSKI"", ""region"": ""LUBUSKIE"", ""country"": ""PL"", ""postal_code"": ""66-400""}",52.716825,15.24883,LEASE,868 PLN,per month,Diesel,Manual,FWD
238472,Doblò Furgon Xl · od 868 PLN/mies.,Fiat Professional Doblò Furgon Xl · Rata od 868 PLN netto/mies. · Leasing B2B · GORZOW WIELKOPOLSKI · Sprawdź ofertę!,https://salon.fiatprofessional.pl/oferta/238472,https://cdn.fcapoland.pl/uploads/77/238472/1_render.png,Fiat Professional,Doblò,2026,0,KM,Hatchback,Biały Gelato,New,112470 PLN,PLN,"{""addr1"": ""UL. KASPRZAKA 1A"", ""city"": ""GORZOW WIELKOPOLSKI"", ""region"": ""LUBUSKIE"", ""country"": ""PL"", ""postal_code"": ""66-400""}",52.716825,15.24883,LEASE,868 PLN,per month,Diesel,Manual,FWD
238471,Doblò Furgon Xl · od 868 PLN/mies.,Fiat Professional Doblò Furgon Xl · Rata od 868 PLN netto/mies. · Leasing B2B · GORZOW WIELKOPOLSKI · Sprawdź ofertę!,https://salon.fiatprofessional.pl/oferta/238471,https://cdn.fcapoland.pl/uploads/77/238471/1_render.png,Fiat Professional,Doblò,2026,0,KM,Hatchback,Biały Gelato,New,112470 PLN,PLN,"{""addr1"": ""UL. KASPRZAKA 1A"", ""city"": ""GORZOW WIELKOPOLSKI"", ""region"": ""LUBUSKIE"", ""country"": ""PL"", ""postal_code"": ""66-400""}",52.716825,15.24883,LEASE,868 PLN,per month,Diesel,Manual,FWD
238468,Doblò Furgon Xl · od 824 PLN/mies.,Fiat Professional Doblò Furgon Xl · Rata od 824 PLN netto/mies. · Leasing B2B · WARSZAWA · Sprawdź ofertę!,https://salon.fiatprofessional.pl/oferta/238468,https://cdn.fcapoland.pl/uploads/77/238468/1_render.png,Fiat Professional,Doblò,2026,0,KM,Hatchback,Szary Maestro,New,106733 PLN,PLN,"{""addr1"": ""UL. POLCZYNSKA 33"", ""city"": ""WARSZAWA"", ""region"": ""MAZOWIECKIE"", ""country"": ""PL"", ""postal_code"": ""01-377""}",52.218745,20.914414,LEASE,824 PLN,per month,Diesel,Manual,FWD
238467,Doblò Furgon Xl · od 824 PLN/mies.,Fiat Professional Doblò Furgon Xl · Rata od 824 PLN netto/mies. · Leasing B2B · WARSZAWA · Sprawdź ofertę!,https://salon.fiatprofessional.pl/oferta/238467,https://cdn.fcapoland.pl/uploads/77/238467/1_render.png,Fiat Professional,Doblò,2026,0,KM,Hatchback,Szary Maestro,New,106733 PLN,PLN,"{""addr1"": ""UL. POLCZYNSKA 33"", ""city"": ""WARSZAWA"", ""region"": ""MAZOWIECKIE"", ""country"": ""PL"", ""postal_code"": ""01-377""}",52.218745,20.914414,LEASE,824 PLN,per month,Diesel,Manual,FWD
238448,Ducato Podwozie Do Zabudowy · od 813 PLN/mies.,Fiat Professional Ducato Podwozie Do Zabudowy · Rata od 813 PLN netto/mies. · Leasing B2B · SZCZECIN · Sprawdź ofertę!,https://salon.fiatprofessional.pl/oferta/238448,https://cdn.fcapoland.pl/uploads/77/238448/1_render.png,Fiat Professional,Ducato,2026,0,KM,Van,Szary Lanzarote,New,132465 PLN,PLN,"{""addr1"": ""USTOWO 57"", ""city"": ""SZCZECIN"", ""region"": ""ZACHODNIOPOMORSKIE"", ""country"": ""PL"", ""postal_code"": ""71-001""}",53.38756,14.498444,LEASE,813 PLN,per month,Diesel,Manual,FWD
238447,Ducato Podwozie Do Zabudowy · od 848 PLN/mies.,Fiat Professional Ducato Podwozie Do Zabudowy · Rata od 848 PLN netto/mies. · Leasing B2B · WARSZAWA · Sprawdź ofertę!,https://salon.fiatprofessional.pl/oferta/238447,https://cdn.fcapoland.pl/uploads/77/238447/1_render.png,Fiat Professional,Ducato,2026,0,KM,Van,Biały,New,138226 PLN,PLN,"{""addr1"": ""UL.KRASNOBRODZKA 5"", ""city"": ""WARSZAWA"", ""region"": ""MAZOWIECKIE"", ""country"": ""PL"", ""postal_code"": ""03-214""}",52.3017,21.04088,LEASE,848 PLN,per month,Diesel,Manual,FWD
238446,Ducato Podwozie Do Zabudowy · od 848 PLN/mies.,Fiat Professional Ducato Podwozie Do Zabudowy · Rata od 848 PLN netto/mies. · Leasing B2B · WARSZAWA · Sprawdź ofertę!,https://salon.fiatprofessional.pl/oferta/238446,https://cdn.fcapoland.pl/uploads/77/238446/1_render.png,Fiat Professional,Ducato,2026,0,KM,Van,Biały,New,138226 PLN,PLN,"{""addr1"": ""UL.KRASNOBRODZKA 5"", ""city"": ""WARSZAWA"", ""region"": ""MAZOWIECKIE"", ""country"": ""PL"", ""postal_code"": ""03-214""}",52.3017,21.04088,LEASE,848 PLN,per month,Diesel,Manual,FWD
238425,Ulysse Business · od 1473 PLN/mies.,Fiat Professional Ulysse Business · Rata od 1473 PLN netto/mies. · Leasing B2B · POZNAN · Sprawdź ofertę!,https://salon.fiatprofessional.pl/oferta/238425,https://cdn.fcapoland.pl/uploads/77/238425/8ed5ecd4f73644b482e46764fa61b883.jpg,Fiat Professional,Ulysse,2026,0,KM,Van,Lakier metalizowany Szary Colosseo,New,191757 PLN,PLN,"{""addr1"": ""UL. GORZYSLAWA 9"", ""city"": ""POZNAN"", ""region"": ""WIELKOPOLSKIE"", ""country"": ""PL"", ""postal_code"": ""61-057""}",52.408466,17.029606,LEASE,1473 PLN,per month,Diesel,Automatic,FWD
238409,Ducato Furgon · od 835 PLN/mies.,Fiat Professional Ducato Furgon · Rata od 835 PLN netto/mies. · Leasing B2B · SOSNOWIEC · Sprawdź ofertę!,https://salon.fiatprofessional.pl/oferta/238409,https://cdn.fcapoland.pl/uploads/77/238409/da2b69026185bd98296436a0fb8f6b2a.jpg,Fiat Professional,Ducato,2026,0,KM,Van,Biały,New,136037 PLN,PLN,"{""addr1"": ""UL. ZUZANNY 36"", ""city"": ""SOSNOWIEC"", ""region"": ""ŚLĄSKIE"", ""country"": ""PL"", ""postal_code"": ""41-219""}",50.29942,19.16864,LEASE,835 PLN,per month,Diesel,Manual,FWD
238406,Ducato Furgon · od 837 PLN/mies.,Fiat Professional Ducato Furgon · Rata od 837 PLN netto/mies. · Leasing B2B · KRAKÓW-LIBERTÓW · Sprawdź ofertę!,https://salon.fiatprofessional.pl/oferta/238406,https://cdn.fcapoland.pl/uploads/77/238406/bd49327236eb7365db3f22e20af33cb1.jpg,Fiat Professional,Ducato,2026,0,KM,Van,Biały,New,136407 PLN,PLN,"{""addr1"": ""UL. GÓRA LIBERTOWSKA 12"", ""city"": ""KRAKÓW-LIBERTÓW"", ""region"": ""MAŁOPOLSKIE"", ""country"": ""PL"", ""postal_code"": ""30-444""}",49.97992,19.90923,LEASE,837 PLN,per month,Diesel,Manual,FWD
238394,Ducato Furgon · od 881 PLN/mies.,Fiat Professional Ducato Furgon · Rata od 881 PLN netto/mies. · Leasing B2B · KALISZ · Sprawdź ofertę!,https://salon.fiatprofessional.pl/oferta/238394,https://cdn.fcapoland.pl/uploads/77/238394/1_render.png,Fiat Professional,Ducato,2026,0,KM,Van,Biały,New,143637 PLN,PLN,"{""addr1"": ""UL. WROCLAWSKA 27"", ""city"": ""KALISZ"", ""region"": ""WIELKOPOLSKIE"", ""country"": ""PL"", ""postal_code"": ""62-800""}",51.7429,18.06292,LEASE,881 PLN,per month,Diesel,Manual,FWD
238392,Ducato Furgon · od 845 PLN/mies.,Fiat Professional Ducato Furgon · Rata od 845 PLN netto/mies. · Leasing B2B · BYDGOSZCZ · Sprawdź ofertę!,https://salon.fiatprofessional.pl/oferta/238392,https://cdn.fcapoland.pl/uploads/77/238392/09453339566df6bccd68cef979837d4c.jpg,Fiat Professional,Ducato,2026,0,KM,Van,Biały,New,137637 PLN,PLN,"{""addr1"": ""AL. ARMII KRAJOWEJ 250"", ""city"": ""BYDGOSZCZ"", ""region"": ""KUJAWSKO-POMORSKIE"", ""country"": ""PL"", ""postal_code"": ""85-689""}",53.17261,18.05499,LEASE,845 PLN,per month,Diesel,Manual,FWD
238369,Doblò Furgon Xl · od 816 PLN/mies.,Fiat Professional Doblò Furgon Xl · Rata od 816 PLN netto/mies. · Leasing B2B · RZESZOW · Sprawdź ofertę!,https://salon.fiatprofessional.pl/oferta/238369,https://cdn.fcapoland.pl/uploads/77/238369/6829f6703262358848cfaf9e1f73786d.jpg,Fiat Professional,Doblò,2026,0,KM,Hatchback,Biały Gelato,New,105657 PLN,PLN,"{""addr1"": ""UL. WARSZAWSKA 135"", ""city"": ""RZESZOW"", ""region"": ""PODKARPACKIE"", ""country"": ""PL"", ""postal_code"": ""35-205""}",50.081623,21.984324,LEASE,816 PLN,per month,Diesel,Manual,FWD
238368,Doblò Furgon Xl · od 816 PLN/mies.,Fiat Professional Doblò Furgon Xl · Rata od 816 PLN netto/mies. · Leasing B2B · RZESZOW · Sprawdź ofertę!,https://salon.fiatprofessional.pl/oferta/238368,https://cdn.fcapoland.pl/uploads/77/238368/749dda635a1322529d2c14026f5d52be.jpg,Fiat Professional,Doblò,2026,0,KM,Hatchback,Biały Gelato,New,105657 PLN,PLN,"{""addr1"": ""UL. WARSZAWSKA 135"", ""city"": ""RZESZOW"", ""region"": ""PODKARPACKIE"", ""country"": ""PL"", ""postal_code"": ""35-205""}",50.081623,21.984324,LEASE,816 PLN,per month,Diesel,Manual,FWD
238366,Doblò Furgon Xl · od 807 PLN/mies.,Fiat Professional Doblò Furgon Xl · Rata od 807 PLN netto/mies. · Leasing B2B · RYBNIK · Sprawdź ofertę!,https://salon.fiatprofessional.pl/oferta/238366,https://cdn.fcapoland.pl/uploads/77/238366/1_render.png,Fiat Professional,Doblò,2026,0,KM,Hatchback,Biały Gelato,New,104506 PLN,PLN,"{""addr1"": ""UL. ZORSKA 75"", ""city"": ""RYBNIK"", ""region"": ""ŚLĄSKIE"", ""country"": ""PL"", ""postal_code"": ""44-203""}",50.09212,18.57415,LEASE,807 PLN,per month,Diesel,Manual,FWD
238365,Doblò Furgon Xl · od 807 PLN/mies.,Fiat Professional Doblò Furgon Xl · Rata od 807 PLN netto/mies. · Leasing B2B · RYBNIK · Sprawdź ofertę!,https://salon.fiatprofessional.pl/oferta/238365,https://cdn.fcapoland.pl/uploads/77/238365/1_render.png,Fiat Professional,Doblò,2026,0,KM,Hatchback,Biały Gelato,New,104506 PLN,PLN,"{""addr1"": ""UL. ZORSKA 75"", ""city"": ""RYBNIK"", ""region"": ""ŚLĄSKIE"", ""country"": ""PL"", ""postal_code"": ""44-203""}",50.09212,18.57415,LEASE,807 PLN,per month,Diesel,Manual,FWD
238363,Doblò Furgon Xl · od 807 PLN/mies.,Fiat Professional Doblò Furgon Xl · Rata od 807 PLN netto/mies. · Leasing B2B · WARSZAWA · Sprawdź ofertę!,https://salon.fiatprofessional.pl/oferta/238363,https://cdn.fcapoland.pl/uploads/77/238363/1_render.png,Fiat Professional,Doblò,2026,0,KM,Hatchback,Biały Gelato,New,104506 PLN,PLN,"{""addr1"": ""UL. POLCZYNSKA 33"", ""city"": ""WARSZAWA"", ""region"": ""MAZOWIECKIE"", ""country"": ""PL"", ""postal_code"": ""01-377""}",52.218745,20.914414,LEASE,807 PLN,per month,Diesel,Manual,FWD
238359,Doblò Furgon Xl · od 807 PLN/mies.,Fiat Professional Doblò Furgon Xl · Rata od 807 PLN netto/mies. · Leasing B2B · WARSZAWA · Sprawdź ofertę!,https://salon.fiatprofessional.pl/oferta/238359,https://cdn.fcapoland.pl/uploads/77/238359/1_render.png,Fiat Professional,Doblò,2026,0,KM,Hatchback,Biały Gelato,New,104506 PLN,PLN,"{""addr1"": ""UL. POLCZYNSKA 33"", ""city"": ""WARSZAWA"", ""region"": ""MAZOWIECKIE"", ""country"": ""PL"", ""postal_code"": ""01-377""}",52.218745,20.914414,LEASE,807 PLN,per month,Diesel,Manual,FWD
238356,Doblò Furgon Xl · od 807 PLN/mies.,Fiat Professional Doblò Furgon Xl · Rata od 807 PLN netto/mies. · Leasing B2B · RYBNIK · Sprawdź ofertę!,https://salon.fiatprofessional.pl/oferta/238356,https://cdn.fcapoland.pl/uploads/77/238356/1_render.png,Fiat Professional,Doblò,2026,0,KM,Hatchback,Biały Gelato,New,104418 PLN,PLN,"{""addr1"": ""UL. ZORSKA 75"", ""city"": ""RYBNIK"", ""region"": ""ŚLĄSKIE"", ""country"": ""PL"", ""postal_code"": ""44-203""}",50.09212,18.57415,LEASE,807 PLN,per month,Diesel,Manual,FWD
238329,Scudo Brygadowy Składany · od 1073 PLN/mies.,Fiat Professional Scudo Brygadowy Składany · Rata od 1073 PLN netto/mies. · Leasing B2B · BIELSKO-BIAŁA · Sprawdź ofertę!,https://salon.fiatprofessional.pl/oferta/238329,https://cdn.fcapoland.pl/uploads/77/238329/1_render.png,Fiat Professional,Scudo,2026,0,KM,Van,Lakier bazowy Biały Gelato,New,139273 PLN,PLN,"{""addr1"": ""UL. WARSZAWSKA 158"", ""city"": ""BIELSKO-BIAŁA"", ""region"": ""ŚLĄSKIE"", ""country"": ""PL"", ""postal_code"": ""43-300""}",49.84307,19.03564,LEASE,1073 PLN,per month,Diesel,Manual,FWD
238306,Ducato Furgon · od 800 PLN/mies.,Fiat Professional Ducato Furgon · Rata od 800 PLN netto/mies. · Leasing B2B · KRAKÓW-LIBERTÓW · Sprawdź ofertę!,https://salon.fiatprofessional.pl/oferta/238306,https://cdn.fcapoland.pl/uploads/77/238306/fcb3d536a7906269247598b7bbbf36ca.jpg,Fiat Professional,Ducato,2026,0,KM,Van,Biały,New,130257 PLN,PLN,"{""addr1"": ""UL. GÓRA LIBERTOWSKA 12"", ""city"": ""KRAKÓW-LIBERTÓW"", ""region"": ""MAŁOPOLSKIE"", ""country"": ""PL"", ""postal_code"": ""30-444""}",49.97992,19.90923,LEASE,800 PLN,per month,Diesel,Manual,FWD
238304,Ducato Furgon · od 774 PLN/mies.,Fiat Professional Ducato Furgon · Rata od 774 PLN netto/mies. · Leasing B2B · KATOWICE · Sprawdź ofertę!,https://salon.fiatprofessional.pl/oferta/238304,https://cdn.fcapoland.pl/uploads/77/238304/8346f041f3f3d98dbbb93ccb3bd39dfc.jpg,Fiat Professional,Ducato,2026,0,KM,Van,Biały,New,126002 PLN,PLN,"{""addr1"": ""UL. ROZDZIENSKIEGO 170"", ""city"": ""KATOWICE"", ""region"": ""ŚLĄSKIE"", ""country"": ""PL"", ""postal_code"": ""40-203""}",50.264224,19.049744,LEASE,774 PLN,per month,Diesel,Manual,FWD
238302,Ducato Furgon · od 807 PLN/mies.,Fiat Professional Ducato Furgon · Rata od 807 PLN netto/mies. · Leasing B2B · KRAKÓW-LIBERTÓW · Sprawdź ofertę!,https://salon.fiatprofessional.pl/oferta/238302,https://cdn.fcapoland.pl/uploads/77/238302/e717fffca55a780f493d5ceaecf1ac0a.jpg,Fiat Professional,Ducato,2026,0,KM,Van,Biały,New,131487 PLN,PLN,"{""addr1"": ""UL. GÓRA LIBERTOWSKA 12"", ""city"": ""KRAKÓW-LIBERTÓW"", ""region"": ""MAŁOPOLSKIE"", ""country"": ""PL"", ""postal_code"": ""30-444""}",49.97992,19.90923,LEASE,807 PLN,per month,Diesel,Manual,FWD
238301,Ducato Furgon · od 807 PLN/mies.,Fiat Professional Ducato Furgon · Rata od 807 PLN netto/mies. · Leasing B2B · KRAKÓW-LIBERTÓW · Sprawdź ofertę!,https://salon.fiatprofessional.pl/oferta/238301,https://cdn.fcapoland.pl/uploads/77/238301/1511b6e41c8e9bbb4834e3c5ac5b0f33.jpg,Fiat Professional,Ducato,2026,0,KM,Van,Biały,New,131487 PLN,PLN,"{""addr1"": ""UL. GÓRA LIBERTOWSKA 12"", ""city"": ""KRAKÓW-LIBERTÓW"", ""region"": ""MAŁOPOLSKIE"", ""country"": ""PL"", ""postal_code"": ""30-444""}",49.97992,19.90923,LEASE,807 PLN,per month,Diesel,Manual,FWD
238297,Ducato Furgon · od 796 PLN/mies.,Fiat Professional Ducato Furgon · Rata od 796 PLN netto/mies. · Leasing B2B · KATOWICE · Sprawdź ofertę!,https://salon.fiatprofessional.pl/oferta/238297,https://cdn.fcapoland.pl/uploads/77/238297/e933274e07e9b509da097279174fe6c0.jpg,Fiat Professional,Ducato,2026,0,KM,Van,Biały,New,129593 PLN,PLN,"{""addr1"": ""UL. ROZDZIENSKIEGO 170"", ""city"": ""KATOWICE"", ""region"": ""ŚLĄSKIE"", ""country"": ""PL"", ""postal_code"": ""40-203""}",50.264224,19.049744,LEASE,796 PLN,per month,Diesel,Manual,FWD
238290,Ducato Furgon · od 777 PLN/mies.,Fiat Professional Ducato Furgon · Rata od 777 PLN netto/mies. · Leasing B2B · KRAKÓW-LIBERTÓW · Sprawdź ofertę!,https://salon.fiatprofessional.pl/oferta/238290,https://cdn.fcapoland.pl/uploads/77/238290/5c931690fbb760e20a77c7a582dc9959.jpg,Fiat Professional,Ducato,2026,0,KM,Van,Biały,New,126444 PLN,PLN,"{""addr1"": ""UL. GÓRA LIBERTOWSKA 12"", ""city"": ""KRAKÓW-LIBERTÓW"", ""region"": ""MAŁOPOLSKIE"", ""country"": ""PL"", ""postal_code"": ""30-444""}",49.97992,19.90923,LEASE,777 PLN,per month,Diesel,Manual,FWD
238288,Ducato Furgon · od 793 PLN/mies.,Fiat Professional Ducato Furgon · Rata od 793 PLN netto/mies. · Leasing B2B · KRAKÓW-LIBERTÓW · Sprawdź ofertę!,https://salon.fiatprofessional.pl/oferta/238288,https://cdn.fcapoland.pl/uploads/77/238288/d3e1c048f0984cd6bcda8bbb09bcf627.jpg,Fiat Professional,Ducato,2026,0,KM,Van,Biały,New,129027 PLN,PLN,"{""addr1"": ""UL. GÓRA LIBERTOWSKA 12"", ""city"": ""KRAKÓW-LIBERTÓW"", ""region"": ""MAŁOPOLSKIE"", ""country"": ""PL"", ""postal_code"": ""30-444""}",49.97992,19.90923,LEASE,793 PLN,per month,Diesel,Manual,FWD
238287,Ducato Furgon · od 792 PLN/mies.,Fiat Professional Ducato Furgon · Rata od 792 PLN netto/mies. · Leasing B2B · SOSNOWIEC · Sprawdź ofertę!,https://salon.fiatprofessional.pl/oferta/238287,https://cdn.fcapoland.pl/uploads/77/238287/e0c7349dd59f9b1a7bc737d1acbf8a0b.jpg,Fiat Professional,Ducato,2026,0,KM,Van,Biały,New,128882 PLN,PLN,"{""addr1"": ""UL. ZUZANNY 36"", ""city"": ""SOSNOWIEC"", ""region"": ""ŚLĄSKIE"", ""country"": ""PL"", ""postal_code"": ""41-219""}",50.29942,19.16864,LEASE,792 PLN,per month,Diesel,Manual,FWD
238280,Ducato Furgon · od 926 PLN/mies.,Fiat Professional Ducato Furgon · Rata od 926 PLN netto/mies. · Leasing B2B · SZCZECIN · Sprawdź ofertę!,https://salon.fiatprofessional.pl/oferta/238280,https://cdn.fcapoland.pl/uploads/77/238280/04a87a6c51360f79f5a58f5a11fcca99.jpg,Fiat Professional,Ducato,2026,0,KM,Van,Biały,New,151085 PLN,PLN,"{""addr1"": ""USTOWO 57"", ""city"": ""SZCZECIN"", ""region"": ""ZACHODNIOPOMORSKIE"", ""country"": ""PL"", ""postal_code"": ""71-001""}",53.38756,14.498444,LEASE,926 PLN,per month,Diesel,Manual,FWD
238279,Ducato Furgon · od 783 PLN/mies.,Fiat Professional Ducato Furgon · Rata od 783 PLN netto/mies. · Leasing B2B · LUBLIN · Sprawdź ofertę!,https://salon.fiatprofessional.pl/oferta/238279,https://cdn.fcapoland.pl/uploads/77/238279/1_render.png,Fiat Professional,Ducato,2026,0,KM,Van,Biały,New,127395 PLN,PLN,"{""addr1"": ""UL MEŁGIEWSKA 10"", ""city"": ""LUBLIN"", ""region"": ""LUBELSKIE"", ""country"": ""PL"", ""postal_code"": ""20-209""}",51.24833,22.60831,LEASE,783 PLN,per month,Diesel,Manual,FWD
238274,Doblò Furgon Xl · od 944 PLN/mies.,Fiat Professional Doblò Furgon Xl · Rata od 944 PLN netto/mies. · Leasing B2B · WROCLAW · Sprawdź ofertę!,https://salon.fiatprofessional.pl/oferta/238274,https://cdn.fcapoland.pl/uploads/77/238274/1_render.png,Fiat Professional,Doblò,2026,0,KM,Hatchback,Szary Maestro,New,122365 PLN,PLN,"{""addr1"": ""UL. KARKONOSKA 45"", ""city"": ""WROCLAW"", ""region"": ""DOLNOŚLĄSKIE"", ""country"": ""PL"", ""postal_code"": ""53-015""}",51.063822,17.000133,LEASE,944 PLN,per month,Diesel,Automatic,FWD
238273,Doblò Furgon Xl · od 944 PLN/mies.,Fiat Professional Doblò Furgon Xl · Rata od 944 PLN netto/mies. · Leasing B2B · WROCLAW · Sprawdź ofertę!,https://salon.fiatprofessional.pl/oferta/238273,https://cdn.fcapoland.pl/uploads/77/238273/1_render.png,Fiat Professional,Doblò,2026,0,KM,Hatchback,Szary Maestro,New,122365 PLN,PLN,"{""addr1"": ""UL. KARKONOSKA 45"", ""city"": ""WROCLAW"", ""region"": ""DOLNOŚLĄSKIE"", ""country"": ""PL"", ""postal_code"": ""53-015""}",51.063822,17.000133,LEASE,944 PLN,per month,Diesel,Automatic,FWD
238246,Ducato Podwozie Do Zabudowy · od 998 PLN/mies.,Fiat Professional Ducato Podwozie Do Zabudowy · Rata od 998 PLN netto/mies. · Leasing B2B · RYBNIK · Sprawdź ofertę!,https://salon.fiatprofessional.pl/oferta/238246,https://cdn.fcapoland.pl/uploads/77/238246/1_render.png,Fiat Professional,Ducato,2026,0,KM,Van,Biały,New,162874 PLN,PLN,"{""addr1"": ""UL. ZORSKA 75"", ""city"": ""RYBNIK"", ""region"": ""ŚLĄSKIE"", ""country"": ""PL"", ""postal_code"": ""44-203""}",50.09212,18.57415,LEASE,998 PLN,per month,Diesel,Manual,FWD
238244,Ducato Podwozie Do Zabudowy · od 884 PLN/mies.,Fiat Professional Ducato Podwozie Do Zabudowy · Rata od 884 PLN netto/mies. · Leasing B2B · ŁÓDŹ · Sprawdź ofertę!,https://salon.fiatprofessional.pl/oferta/238244,https://cdn.fcapoland.pl/uploads/77/238244/1_render.png,Fiat Professional,Ducato,2026,0,KM,Van,Biały,New,144150 PLN,PLN,"{""addr1"": ""UL. SZPARAGOWA 4"", ""city"": ""ŁÓDŹ"", ""region"": ""ŁÓDZKIE"", ""country"": ""PL"", ""postal_code"": ""91-211""}",51.8027,19.37677,LEASE,884 PLN,per month,Diesel,Manual,FWD
238241,Ulysse Business · od 1473 PLN/mies.,Fiat Professional Ulysse Business · Rata od 1473 PLN netto/mies. · Leasing B2B · POZNAN · Sprawdź ofertę!,https://salon.fiatprofessional.pl/oferta/238241,https://cdn.fcapoland.pl/uploads/77/238241/5be4c475da944905493d28e1b159524a.jpg,Fiat Professional,Ulysse,2026,0,KM,Van,Lakier metalizowany Szary Colosseo,New,191757 PLN,PLN,"{""addr1"": ""UL. GORZYSLAWA 9"", ""city"": ""POZNAN"", ""region"": ""WIELKOPOLSKIE"", ""country"": ""PL"", ""postal_code"": ""61-057""}",52.408466,17.029606,LEASE,1473 PLN,per month,Diesel,Automatic,FWD
238238,Ulysse Business · od 1473 PLN/mies.,Fiat Professional Ulysse Business · Rata od 1473 PLN netto/mies. · Leasing B2B · POZNAN · Sprawdź ofertę!,https://salon.fiatprofessional.pl/oferta/238238,https://cdn.fcapoland.pl/uploads/77/238238/b025f71d7103338245da4980e09257db.jpg,Fiat Professional,Ulysse,2026,0,KM,Van,Lakier metalizowany Szary Colosseo,New,191757 PLN,PLN,"{""addr1"": ""UL. GORZYSLAWA 9"", ""city"": ""POZNAN"", ""region"": ""WIELKOPOLSKIE"", ""country"": ""PL"", ""postal_code"": ""61-057""}",52.408466,17.029606,LEASE,1473 PLN,per month,Diesel,Automatic,FWD
238237,Ulysse Business · od 1473 PLN/mies.,Fiat Professional Ulysse Business · Rata od 1473 PLN netto/mies. · Leasing B2B · POZNAN · Sprawdź ofertę!,https://salon.fiatprofessional.pl/oferta/238237,https://cdn.fcapoland.pl/uploads/77/238237/5f7074bdb3cb93ba5d08066c0494737d.jpg,Fiat Professional,Ulysse,2026,0,KM,Van,Lakier metalizowany Szary Colosseo,New,191757 PLN,PLN,"{""addr1"": ""UL. GORZYSLAWA 9"", ""city"": ""POZNAN"", ""region"": ""WIELKOPOLSKIE"", ""country"": ""PL"", ""postal_code"": ""61-057""}",52.408466,17.029606,LEASE,1473 PLN,per month,Diesel,Automatic,FWD
238206,Ducato Furgon · od 845 PLN/mies.,Fiat Professional Ducato Furgon · Rata od 845 PLN netto/mies. · Leasing B2B · WARSZAWA · Sprawdź ofertę!,https://salon.fiatprofessional.pl/oferta/238206,https://cdn.fcapoland.pl/uploads/77/238206/d006ef2dd377266bbfcb83f4ea6f2ee1.jpg,Fiat Professional,Ducato,2026,0,KM,Van,Biały,New,137637 PLN,PLN,"{""addr1"": ""UL. RADZYMIŃSKA 112"", ""city"": ""WARSZAWA"", ""region"": ""MAZOWIECKIE"", ""country"": ""PL"", ""postal_code"": ""03-574""}",52.26811,21.06277,LEASE,845 PLN,per month,Diesel,Manual,FWD
238205,Ducato Furgon · od 1227 PLN/mies.,Fiat Professional Ducato Furgon · Rata od 1227 PLN netto/mies. · Leasing B2B · WROCLAW · Sprawdź ofertę!,https://salon.fiatprofessional.pl/oferta/238205,https://cdn.fcapoland.pl/uploads/77/238205/8dc0d6706e33cf0c32422398ef29120c.jpg,Fiat Professional,Ducato,2026,0,KM,Van,Biały,New,200625 PLN,PLN,"{""addr1"": ""UL. ZMIGRODZKA 251"", ""city"": ""WROCLAW"", ""region"": ""DOLNOŚLĄSKIE"", ""country"": ""PL"", ""postal_code"": ""51-129""}",51.162768,17.02893,LEASE,1227 PLN,per month,Diesel,Manual,FWD
238202,Ducato Furgon · od 834 PLN/mies.,Fiat Professional Ducato Furgon · Rata od 834 PLN netto/mies. · Leasing B2B · NOWY TARG · Sprawdź ofertę!,https://salon.fiatprofessional.pl/oferta/238202,https://cdn.fcapoland.pl/uploads/77/238202/bf856b7daa06eb04d5359487e20be17a.jpg,Fiat Professional,Ducato,2026,0,KM,Van,Biały,New,135791 PLN,PLN,"{""addr1"": ""UL. KRAKOWSKA 3"", ""city"": ""NOWY TARG"", ""region"": ""MAŁOPOLSKIE"", ""country"": ""PL"", ""postal_code"": ""34-400""}",49.45445,20.01966,LEASE,834 PLN,per month,Diesel,Manual,FWD
238199,Ducato Furgon · od 866 PLN/mies.,Fiat Professional Ducato Furgon · Rata od 866 PLN netto/mies. · Leasing B2B · NOWY TARG · Sprawdź ofertę!,https://salon.fiatprofessional.pl/oferta/238199,https://cdn.fcapoland.pl/uploads/77/238199/8f9f917fcf36b63ce552ad7ca1a67a84.jpg,Fiat Professional,Ducato,2026,0,KM,Van,Biały,New,141072 PLN,PLN,"{""addr1"": ""UL. KRAKOWSKA 3"", ""city"": ""NOWY TARG"", ""region"": ""MAŁOPOLSKIE"", ""country"": ""PL"", ""postal_code"": ""34-400""}",49.45445,20.01966,LEASE,866 PLN,per month,Diesel,Manual,FWD
238198,Ducato Furgon · od 866 PLN/mies.,Fiat Professional Ducato Furgon · Rata od 866 PLN netto/mies. · Leasing B2B · NOWY TARG · Sprawdź ofertę!,https://salon.fiatprofessional.pl/oferta/238198,https://cdn.fcapoland.pl/uploads/77/238198/48182eeb3ff0c267c2d0ba42d7f74a9a.jpg,Fiat Professional,Ducato,2026,0,KM,Van,Biały,New,141072 PLN,PLN,"{""addr1"": ""UL. KRAKOWSKA 3"", ""city"": ""NOWY TARG"", ""region"": ""MAŁOPOLSKIE"", ""country"": ""PL"", ""postal_code"": ""34-400""}",49.45445,20.01966,LEASE,866 PLN,per month,Diesel,Manual,FWD
238197,Ducato Furgon · od 866 PLN/mies.,Fiat Professional Ducato Furgon · Rata od 866 PLN netto/mies. · Leasing B2B · NOWY TARG · Sprawdź ofertę!,https://salon.fiatprofessional.pl/oferta/238197,https://cdn.fcapoland.pl/uploads/77/238197/1b2d43a9a7f764144412081c740d2fad.jpg,Fiat Professional,Ducato,2026,0,KM,Van,Biały,New,141072 PLN,PLN,"{""addr1"": ""UL. KRAKOWSKA 3"", ""city"": ""NOWY TARG"", ""region"": ""MAŁOPOLSKIE"", ""country"": ""PL"", ""postal_code"": ""34-400""}",49.45445,20.01966,LEASE,866 PLN,per month,Diesel,Manual,FWD
238195,Ducato Furgon · od 875 PLN/mies.,Fiat Professional Ducato Furgon · Rata od 875 PLN netto/mies. · Leasing B2B · NOWY TARG · Sprawdź ofertę!,https://salon.fiatprofessional.pl/oferta/238195,https://cdn.fcapoland.pl/uploads/77/238195/c723206448ed50b1b4f07fe4f3768a9b.jpg,Fiat Professional,Ducato,2026,0,KM,Van,Biały,New,142557 PLN,PLN,"{""addr1"": ""UL. KRAKOWSKA 3"", ""city"": ""NOWY TARG"", ""region"": ""MAŁOPOLSKIE"", ""country"": ""PL"", ""postal_code"": ""34-400""}",49.45445,20.01966,LEASE,875 PLN,per month,Diesel,Manual,FWD
238192,Ducato Furgon · od 875 PLN/mies.,Fiat Professional Ducato Furgon · Rata od 875 PLN netto/mies. · Leasing B2B · NOWY TARG · Sprawdź ofertę!,https://salon.fiatprofessional.pl/oferta/238192,https://cdn.fcapoland.pl/uploads/77/238192/571c08425d689622799139f0b644ff3c.jpg,Fiat Professional,Ducato,2026,0,KM,Van,Biały,New,142557 PLN,PLN,"{""addr1"": ""UL. KRAKOWSKA 3"", ""city"": ""NOWY TARG"", ""region"": ""MAŁOPOLSKIE"", ""country"": ""PL"", ""postal_code"": ""34-400""}",49.45445,20.01966,LEASE,875 PLN,per month,Diesel,Manual,FWD
238191,Ducato Furgon · od 866 PLN/mies.,Fiat Professional Ducato Furgon · Rata od 866 PLN netto/mies. · Leasing B2B · NOWY TARG · Sprawdź ofertę!,https://salon.fiatprofessional.pl/oferta/238191,https://cdn.fcapoland.pl/uploads/77/238191/30e7e4e913e69e832c980a5e2b07494a.jpg,Fiat Professional,Ducato,2026,0,KM,Van,Biały,New,141072 PLN,PLN,"{""addr1"": ""UL. KRAKOWSKA 3"", ""city"": ""NOWY TARG"", ""region"": ""MAŁOPOLSKIE"", ""country"": ""PL"", ""postal_code"": ""34-400""}",49.45445,20.01966,LEASE,866 PLN,per month,Diesel,Manual,FWD
238184,Ducato Furgon · od 934 PLN/mies.,Fiat Professional Ducato Furgon · Rata od 934 PLN netto/mies. · Leasing B2B · NOWY TARG · Sprawdź ofertę!,https://salon.fiatprofessional.pl/oferta/238184,https://cdn.fcapoland.pl/uploads/77/238184/974652820b5e54fde18e78e775bb6f0a.jpg,Fiat Professional,Ducato,2026,0,KM,Van,Biały,New,152443 PLN,PLN,"{""addr1"": ""UL. KRAKOWSKA 3"", ""city"": ""NOWY TARG"", ""region"": ""MAŁOPOLSKIE"", ""country"": ""PL"", ""postal_code"": ""34-400""}",49.45445,20.01966,LEASE,934 PLN,per month,Diesel,Manual,FWD
238143,Scudo Brygadowy · od 1121 PLN/mies.,Fiat Professional Scudo Brygadowy · Rata od 1121 PLN netto/mies. · Leasing B2B · POZNAN · Sprawdź ofertę!,https://salon.fiatprofessional.pl/oferta/238143,https://cdn.fcapoland.pl/uploads/77/238143/66105ba34ca2ccc186fc7d5d1ba9977f.jpg,Fiat Professional,Scudo,2026,0,KM,Van,Lakier bazowy Biały Gelato,New,145632 PLN,PLN,"{""addr1"": ""UL. GORZYSLAWA 9"", ""city"": ""POZNAN"", ""region"": ""WIELKOPOLSKIE"", ""country"": ""PL"", ""postal_code"": ""61-057""}",52.408466,17.029606,LEASE,1121 PLN,per month,Diesel,Manual,FWD
238141,Scudo Brygadowy · od 1182 PLN/mies.,Fiat Professional Scudo Brygadowy · Rata od 1182 PLN netto/mies. · Leasing B2B · POZNAN · Sprawdź ofertę!,https://salon.fiatprofessional.pl/oferta/238141,https://cdn.fcapoland.pl/uploads/77/238141/2f33e7aa6dd9c2bd6977407e7ddafbdb.jpg,Fiat Professional,Scudo,2026,0,KM,Van,Lakier metalizowany Szary Maestro,New,153627 PLN,PLN,"{""addr1"": ""UL. GORZYSLAWA 9"", ""city"": ""POZNAN"", ""region"": ""WIELKOPOLSKIE"", ""country"": ""PL"", ""postal_code"": ""61-057""}",52.408466,17.029606,LEASE,1182 PLN,per month,Diesel,Automatic,FWD
238137,Scudo Brygadowy · od 1169 PLN/mies.,Fiat Professional Scudo Brygadowy · Rata od 1169 PLN netto/mies. · Leasing B2B · POZNAN · Sprawdź ofertę!,https://salon.fiatprofessional.pl/oferta/238137,https://cdn.fcapoland.pl/uploads/77/238137/e7eef43d3eecbd0375f6080f65b14f1f.jpg,Fiat Professional,Scudo,2026,0,KM,Van,Lakier bazowy Biały Gelato,New,151905 PLN,PLN,"{""addr1"": ""UL. GORZYSLAWA 9"", ""city"": ""POZNAN"", ""region"": ""WIELKOPOLSKIE"", ""country"": ""PL"", ""postal_code"": ""61-057""}",52.408466,17.029606,LEASE,1169 PLN,per month,Diesel,Automatic,FWD
238136,Scudo Brygadowy · od 1282 PLN/mies.,Fiat Professional Scudo Brygadowy · Rata od 1282 PLN netto/mies. · Leasing B2B · SZCZECIN · Sprawdź ofertę!,https://salon.fiatprofessional.pl/oferta/238136,https://cdn.fcapoland.pl/uploads/77/238136/05327a9dabb0f16bbcdd993f659bb686.jpg,Fiat Professional,Scudo,2026,0,KM,Van,Lakier metalizowany Szary Colosseo,New,166717 PLN,PLN,"{""addr1"": ""USTOWO 57"", ""city"": ""SZCZECIN"", ""region"": ""ZACHODNIOPOMORSKIE"", ""country"": ""PL"", ""postal_code"": ""71-001""}",53.38756,14.498444,LEASE,1282 PLN,per month,Diesel,Automatic,FWD
238135,Scudo Brygadowy · od 1123 PLN/mies.,Fiat Professional Scudo Brygadowy · Rata od 1123 PLN netto/mies. · Leasing B2B · POZNAN · Sprawdź ofertę!,https://salon.fiatprofessional.pl/oferta/238135,https://cdn.fcapoland.pl/uploads/77/238135/5f1d2b9853f22cb6f7c3b437652283a0.jpg,Fiat Professional,Scudo,2026,0,KM,Van,Lakier bazowy Biały Gelato,New,145878 PLN,PLN,"{""addr1"": ""UL. GORZYSLAWA 9"", ""city"": ""POZNAN"", ""region"": ""WIELKOPOLSKIE"", ""country"": ""PL"", ""postal_code"": ""61-057""}",52.408466,17.029606,LEASE,1123 PLN,per month,Diesel,Manual,FWD
238133,Ulysse Business · od 1466 PLN/mies.,Fiat Professional Ulysse Business · Rata od 1466 PLN netto/mies. · Leasing B2B · POZNAN · Sprawdź ofertę!,https://salon.fiatprofessional.pl/oferta/238133,https://cdn.fcapoland.pl/uploads/77/238133/42c1bc2157839c7ea0c461b79af2fc77.jpg,Fiat Professional,Ulysse,2026,0,KM,Van,Lakier metalizowany Szary Maestro,New,190896 PLN,PLN,"{""addr1"": ""UL. GORZYSLAWA 9"", ""city"": ""POZNAN"", ""region"": ""WIELKOPOLSKIE"", ""country"": ""PL"", ""postal_code"": ""61-057""}",52.408466,17.029606,LEASE,1466 PLN,per month,Diesel,Automatic,FWD
238131,Ulysse Business · od 1462 PLN/mies.,Fiat Professional Ulysse Business · Rata od 1462 PLN netto/mies. · Leasing B2B · NOWY TARG · Sprawdź ofertę!,https://salon.fiatprofessional.pl/oferta/238131,https://cdn.fcapoland.pl/uploads/77/238131/fdd841442145abccec2e6b9395fc47fc.jpg,Fiat Professional,Ulysse,2026,0,KM,Van,Lakier metalizowany Czarny Cinema,New,190281 PLN,PLN,"{""addr1"": ""UL. KRAKOWSKA 3"", ""city"": ""NOWY TARG"", ""region"": ""MAŁOPOLSKIE"", ""country"": ""PL"", ""postal_code"": ""34-400""}",49.45445,20.01966,LEASE,1462 PLN,per month,Diesel,Automatic,FWD
238130,Ulysse Business · od 1466 PLN/mies.,Fiat Professional Ulysse Business · Rata od 1466 PLN netto/mies. · Leasing B2B · POZNAN · Sprawdź ofertę!,https://salon.fiatprofessional.pl/oferta/238130,https://cdn.fcapoland.pl/uploads/77/238130/56e6518fc04ddd90806b9081527da9b6.jpg,Fiat Professional,Ulysse,2026,0,KM,Van,Lakier metalizowany Zielony Kapari,New,190896 PLN,PLN,"{""addr1"": ""UL. GORZYSLAWA 9"", ""city"": ""POZNAN"", ""region"": ""WIELKOPOLSKIE"", ""country"": ""PL"", ""postal_code"": ""61-057""}",52.408466,17.029606,LEASE,1466 PLN,per month,Diesel,Automatic,FWD
238110,Ducato Furgon · od 758 PLN/mies.,Fiat Professional Ducato Furgon · Rata od 758 PLN netto/mies. · Leasing B2B · CZESTOCHOWA · Sprawdź ofertę!,https://salon.fiatprofessional.pl/oferta/238110,https://cdn.fcapoland.pl/uploads/77/238110/1_render.png,Fiat Professional,Ducato,2026,0,KM,Van,Biały,New,123310 PLN,PLN,"{""addr1"": ""UL. BUGAJSKA 6/8"", ""city"": ""CZESTOCHOWA"", ""region"": ""ŚLĄSKIE"", ""country"": ""PL"", ""postal_code"": ""42-200""}",50.766723,19.165467,LEASE,758 PLN,per month,Diesel,Manual,FWD
238095,Ducato Furgon · od 848 PLN/mies.,Fiat Professional Ducato Furgon · Rata od 848 PLN netto/mies. · Leasing B2B · NOWY TARG · Sprawdź ofertę!,https://salon.fiatprofessional.pl/oferta/238095,https://cdn.fcapoland.pl/uploads/77/238095/19e6979c91f2e0f01743d5a9aa3c2441.jpg,Fiat Professional,Ducato,2026,0,KM,Van,Biały,New,138166 PLN,PLN,"{""addr1"": ""UL. KRAKOWSKA 3"", ""city"": ""NOWY TARG"", ""region"": ""MAŁOPOLSKIE"", ""country"": ""PL"", ""postal_code"": ""34-400""}",49.45445,20.01966,LEASE,848 PLN,per month,Diesel,Manual,FWD
238093,Ducato Furgon · od 848 PLN/mies.,Fiat Professional Ducato Furgon · Rata od 848 PLN netto/mies. · Leasing B2B · NOWY TARG · Sprawdź ofertę!,https://salon.fiatprofessional.pl/oferta/238093,https://cdn.fcapoland.pl/uploads/77/238093/6bf89623410e9ca81de5b433c443b480.jpg,Fiat Professional,Ducato,2026,0,KM,Van,Biały,New,138166 PLN,PLN,"{""addr1"": ""UL. KRAKOWSKA 3"", ""city"": ""NOWY TARG"", ""region"": ""MAŁOPOLSKIE"", ""country"": ""PL"", ""postal_code"": ""34-400""}",49.45445,20.01966,LEASE,848 PLN,per month,Diesel,Manual,FWD
238091,Ducato Furgon · od 848 PLN/mies.,Fiat Professional Ducato Furgon · Rata od 848 PLN netto/mies. · Leasing B2B · NOWY TARG · Sprawdź ofertę!,https://salon.fiatprofessional.pl/oferta/238091,https://cdn.fcapoland.pl/uploads/77/238091/6793b2ce71455e46dee94f03d759470c.jpg,Fiat Professional,Ducato,2026,0,KM,Van,Biały,New,138166 PLN,PLN,"{""addr1"": ""UL. KRAKOWSKA 3"", ""city"": ""NOWY TARG"", ""region"": ""MAŁOPOLSKIE"", ""country"": ""PL"", ""postal_code"": ""34-400""}",49.45445,20.01966,LEASE,848 PLN,per month,Diesel,Manual,FWD
238087,Ducato Furgon · od 871 PLN/mies.,Fiat Professional Ducato Furgon · Rata od 871 PLN netto/mies. · Leasing B2B · NOWY TARG · Sprawdź ofertę!,https://salon.fiatprofessional.pl/oferta/238087,https://cdn.fcapoland.pl/uploads/77/238087/7b4ec38847d8ce1d6261c7fa9db50384.jpg,Fiat Professional,Ducato,2026,0,KM,Van,Biały,New,141979 PLN,PLN,"{""addr1"": ""UL. KRAKOWSKA 3"", ""city"": ""NOWY TARG"", ""region"": ""MAŁOPOLSKIE"", ""country"": ""PL"", ""postal_code"": ""34-400""}",49.45445,20.01966,LEASE,871 PLN,per month,Diesel,Manual,FWD
238084,Ducato Furgon · od 871 PLN/mies.,Fiat Professional Ducato Furgon · Rata od 871 PLN netto/mies. · Leasing B2B · NOWY TARG · Sprawdź ofertę!,https://salon.fiatprofessional.pl/oferta/238084,https://cdn.fcapoland.pl/uploads/77/238084/192a60daec3c48d5a7e3dce86f52f77e.jpg,Fiat Professional,Ducato,2026,0,KM,Van,Biały,New,141979 PLN,PLN,"{""addr1"": ""UL. KRAKOWSKA 3"", ""city"": ""NOWY TARG"", ""region"": ""MAŁOPOLSKIE"", ""country"": ""PL"", ""postal_code"": ""34-400""}",49.45445,20.01966,LEASE,871 PLN,per month,Diesel,Manual,FWD
238069,Ducato Furgon · od 824 PLN/mies.,Fiat Professional Ducato Furgon · Rata od 824 PLN netto/mies. · Leasing B2B · NOWY TARG · Sprawdź ofertę!,https://salon.fiatprofessional.pl/oferta/238069,https://cdn.fcapoland.pl/uploads/77/238069/8e051c323fef72e0ffe5626acf0203a3.jpg,Fiat Professional,Ducato,2026,0,KM,Van,Biały,New,134285 PLN,PLN,"{""addr1"": ""UL. KRAKOWSKA 3"", ""city"": ""NOWY TARG"", ""region"": ""MAŁOPOLSKIE"", ""country"": ""PL"", ""postal_code"": ""34-400""}",49.45445,20.01966,LEASE,824 PLN,per month,Diesel,Manual,FWD
238051,Ducato Furgon · od 808 PLN/mies.,Fiat Professional Ducato Furgon · Rata od 808 PLN netto/mies. · Leasing B2B · NOWY TARG · Sprawdź ofertę!,https://salon.fiatprofessional.pl/oferta/238051,https://cdn.fcapoland.pl/uploads/77/238051/f939c31637f80db59f33211123f839a2.jpg,Fiat Professional,Ducato,2026,0,KM,Van,Biały,New,131567 PLN,PLN,"{""addr1"": ""UL. KRAKOWSKA 3"", ""city"": ""NOWY TARG"", ""region"": ""MAŁOPOLSKIE"", ""country"": ""PL"", ""postal_code"": ""34-400""}",49.45445,20.01966,LEASE,808 PLN,per month,Diesel,Manual,FWD
238049,Ducato Furgon · od 808 PLN/mies.,Fiat Professional Ducato Furgon · Rata od 808 PLN netto/mies. · Leasing B2B · NOWY TARG · Sprawdź ofertę!,https://salon.fiatprofessional.pl/oferta/238049,https://cdn.fcapoland.pl/uploads/77/238049/df10aa65b3bf61c9e21871456d601152.jpg,Fiat Professional,Ducato,2026,0,KM,Van,Biały,New,131567 PLN,PLN,"{""addr1"": ""UL. KRAKOWSKA 3"", ""city"": ""NOWY TARG"", ""region"": ""MAŁOPOLSKIE"", ""country"": ""PL"", ""postal_code"": ""34-400""}",49.45445,20.01966,LEASE,808 PLN,per month,Diesel,Manual,FWD
238047,Ducato Furgon · od 808 PLN/mies.,Fiat Professional Ducato Furgon · Rata od 808 PLN netto/mies. · Leasing B2B · NOWY TARG · Sprawdź ofertę!,https://salon.fiatprofessional.pl/oferta/238047,https://cdn.fcapoland.pl/uploads/77/238047/b2ea8ff769923afdcd20eca88c9dd2b6.jpg,Fiat Professional,Ducato,2026,0,KM,Van,Biały,New,131567 PLN,PLN,"{""addr1"": ""UL. KRAKOWSKA 3"", ""city"": ""NOWY TARG"", ""region"": ""MAŁOPOLSKIE"", ""country"": ""PL"", ""postal_code"": ""34-400""}",49.45445,20.01966,LEASE,808 PLN,per month,Diesel,Manual,FWD
238027,Ducato Skrzynia · od 893 PLN/mies.,Fiat Professional Ducato Skrzynia · Rata od 893 PLN netto/mies. · Leasing B2B · RYBNIK · Sprawdź ofertę!,https://salon.fiatprofessional.pl/oferta/238027,https://cdn.fcapoland.pl/uploads/77/238027/122df11b62a5cdbabd5987a9d59620dd.jpg,Fiat Professional,Ducato,2026,0,KM,Van,Biały,New,145518 PLN,PLN,"{""addr1"": ""UL. ZORSKA 75"", ""city"": ""RYBNIK"", ""region"": ""ŚLĄSKIE"", ""country"": ""PL"", ""postal_code"": ""44-203""}",50.09212,18.57415,LEASE,893 PLN,per month,Diesel,Manual,FWD
238018,Ducato Podwozie Do Zabudowy · od 839 PLN/mies.,Fiat Professional Ducato Podwozie Do Zabudowy · Rata od 839 PLN netto/mies. · Leasing B2B · ŁÓDŹ · Sprawdź ofertę!,https://salon.fiatprofessional.pl/oferta/238018,https://cdn.fcapoland.pl/uploads/77/238018/1_render.png,Fiat Professional,Ducato,2026,0,KM,Van,Biały,New,136756 PLN,PLN,"{""addr1"": ""UL.PABIANICKA 94/96"", ""city"": ""ŁÓDŹ"", ""region"": ""ŁÓDZKIE"", ""country"": ""PL"", ""postal_code"": ""93-548""}",51.72592,19.44758,LEASE,839 PLN,per month,Diesel,Manual,FWD
237995,Scudo Brygadowy Składany · od 1092 PLN/mies.,Fiat Professional Scudo Brygadowy Składany · Rata od 1092 PLN netto/mies. · Leasing B2B · GDANSK · Sprawdź ofertę!,https://salon.fiatprofessional.pl/oferta/237995,https://cdn.fcapoland.pl/uploads/77/237995/1_render.png,Fiat Professional,Scudo,2026,0,KM,Van,Lakier bazowy Biały Gelato,New,141828 PLN,PLN,"{""addr1"": ""UL. MIALKI SZLAK 4/8"", ""city"": ""GDANSK"", ""region"": ""POMORSKIE"", ""country"": ""PL"", ""postal_code"": ""80-717""}",54.34872,18.67998,LEASE,1092 PLN,per month,Diesel,Manual,FWD
237994,Scudo Brygadowy · od 1186 PLN/mies.,Fiat Professional Scudo Brygadowy · Rata od 1186 PLN netto/mies. · Leasing B2B · POZNAN · Sprawdź ofertę!,https://salon.fiatprofessional.pl/oferta/237994,https://cdn.fcapoland.pl/uploads/77/237994/67fde1bc5306079e27f51c530a1b59f1.jpg,Fiat Professional,Scudo,2026,0,KM,Van,Lakier metalizowany Szary Colosseo,New,154119 PLN,PLN,"{""addr1"": ""UL. GORZYSLAWA 9"", ""city"": ""POZNAN"", ""region"": ""WIELKOPOLSKIE"", ""country"": ""PL"", ""postal_code"": ""61-057""}",52.408466,17.029606,LEASE,1186 PLN,per month,Diesel,Automatic,FWD
237971,Doblò Combi · od 775 PLN/mies.,Fiat Professional Doblò Combi · Rata od 775 PLN netto/mies. · Leasing B2B · NOWY TARG · Sprawdź ofertę!,https://salon.fiatprofessional.pl/oferta/237971,https://cdn.fcapoland.pl/uploads/77/237971/60b56e4e3b3baaf21e3553161898dd06.jpg,Fiat Professional,Doblò,2026,0,KM,Hatchback,Szary Maestro,New,100245 PLN,PLN,"{""addr1"": ""UL. KRAKOWSKA 3"", ""city"": ""NOWY TARG"", ""region"": ""MAŁOPOLSKIE"", ""country"": ""PL"", ""postal_code"": ""34-400""}",49.45445,20.01966,LEASE,775 PLN,per month,Diesel,Manual,FWD
237970,Doblò Combi · od 956 PLN/mies.,Fiat Professional Doblò Combi · Rata od 956 PLN netto/mies. · Leasing B2B · KRAKOW · Sprawdź ofertę!,https://salon.fiatprofessional.pl/oferta/237970,https://cdn.fcapoland.pl/uploads/77/237970/1_render.png,Fiat Professional,Doblò,2026,0,KM,Hatchback,"Zielony ""Toscana""",New,124054 PLN,PLN,"{""addr1"": ""UL. RADZIKOWSKIEGO 160"", ""city"": ""KRAKOW"", ""region"": ""MAŁOPOLSKIE"", ""country"": ""PL"", ""postal_code"": ""31-342""}",50.088212,19.888814,LEASE,956 PLN,per month,Diesel,Automatic,FWD
237969,Doblò Combi · od 784 PLN/mies.,Fiat Professional Doblò Combi · Rata od 784 PLN netto/mies. · Leasing B2B · NOWY TARG · Sprawdź ofertę!,https://salon.fiatprofessional.pl/oferta/237969,https://cdn.fcapoland.pl/uploads/77/237969/1f3cda03cd9e9b0c8f589c44fffa18d8.jpg,Fiat Professional,Doblò,2026,0,KM,Hatchback,Szary Maestro,New,101475 PLN,PLN,"{""addr1"": ""UL. KRAKOWSKA 3"", ""city"": ""NOWY TARG"", ""region"": ""MAŁOPOLSKIE"", ""country"": ""PL"", ""postal_code"": ""34-400""}",49.45445,20.01966,LEASE,784 PLN,per month,Diesel,Manual,FWD
237965,Doblò Furgon Xl · od 859 PLN/mies.,Fiat Professional Doblò Furgon Xl · Rata od 859 PLN netto/mies. · Leasing B2B · PSZCZYNA · Sprawdź ofertę!,https://salon.fiatprofessional.pl/oferta/237965,https://cdn.fcapoland.pl/uploads/77/237965/1_render.png,Fiat Professional,Doblò,2026,0,KM,Hatchback,Biały Gelato,New,111317 PLN,PLN,"{""addr1"": ""BIELSKA 31C"", ""city"": ""PSZCZYNA"", ""region"": ""ŚLĄSKIE"", ""country"": ""PL"", ""postal_code"": ""43-200""}",49.9645,18.959827,LEASE,859 PLN,per month,Diesel,Automatic,FWD
237963,Doblò Furgon Xl · od 868 PLN/mies.,Fiat Professional Doblò Furgon Xl · Rata od 868 PLN netto/mies. · Leasing B2B · KRAKOW · Sprawdź ofertę!,https://salon.fiatprofessional.pl/oferta/237963,https://cdn.fcapoland.pl/uploads/77/237963/1_render.png,Fiat Professional,Doblò,2026,0,KM,Hatchback,Biały Gelato,New,112410 PLN,PLN,"{""addr1"": ""UL. RADZIKOWSKIEGO 160"", ""city"": ""KRAKOW"", ""region"": ""MAŁOPOLSKIE"", ""country"": ""PL"", ""postal_code"": ""31-342""}",50.088212,19.888814,LEASE,868 PLN,per month,Diesel,Automatic,FWD
237962,Doblò Furgon Xl · od 801 PLN/mies.,Fiat Professional Doblò Furgon Xl · Rata od 801 PLN netto/mies. · Leasing B2B · GORZOW WIELKOPOLSKI · Sprawdź ofertę!,https://salon.fiatprofessional.pl/oferta/237962,https://cdn.fcapoland.pl/uploads/77/237962/1_render.png,Fiat Professional,Doblò,2026,0,KM,Hatchback,Biały Gelato,New,103720 PLN,PLN,"{""addr1"": ""UL. KASPRZAKA 1A"", ""city"": ""GORZOW WIELKOPOLSKI"", ""region"": ""LUBUSKIE"", ""country"": ""PL"", ""postal_code"": ""66-400""}",52.716825,15.24883,LEASE,801 PLN,per month,Diesel,Manual,FWD
237957,Doblò Furgon M · od 749 PLN/mies.,Fiat Professional Doblò Furgon M · Rata od 749 PLN netto/mies. · Leasing B2B · PSZCZYNA · Sprawdź ofertę!,https://salon.fiatprofessional.pl/oferta/237957,https://cdn.fcapoland.pl/uploads/77/237957/1_render.png,Fiat Professional,Doblò,2026,0,KM,Hatchback,Biały Gelato,New,96821 PLN,PLN,"{""addr1"": ""BIELSKA 31C"", ""city"": ""PSZCZYNA"", ""region"": ""ŚLĄSKIE"", ""country"": ""PL"", ""postal_code"": ""43-200""}",49.9645,18.959827,LEASE,749 PLN,per month,Diesel,Manual,FWD
237952,Doblò Combi · od 948 PLN/mies.,Fiat Professional Doblò Combi · Rata od 948 PLN netto/mies. · Leasing B2B · GORZOW WIELKOPOLSKI · Sprawdź ofertę!,https://salon.fiatprofessional.pl/oferta/237952,https://cdn.fcapoland.pl/uploads/77/237952/1_render.png,Fiat Professional,Doblò,2026,0,KM,Hatchback,"Szary ""Aluminium gris""",New,122930 PLN,PLN,"{""addr1"": ""UL. KASPRZAKA 1A"", ""city"": ""GORZOW WIELKOPOLSKI"", ""region"": ""LUBUSKIE"", ""country"": ""PL"", ""postal_code"": ""66-400""}",52.716825,15.24883,LEASE,948 PLN,per month,Diesel,Automatic,FWD
237918,Scudo Brygadowy Składany · od 1019 PLN/mies.,Fiat Professional Scudo Brygadowy Składany · Rata od 1019 PLN netto/mies. · Leasing B2B · ELBLAG · Sprawdź ofertę!,https://salon.fiatprofessional.pl/oferta/237918,https://cdn.fcapoland.pl/uploads/77/237918/1_render.png,Fiat Professional,Scudo,2026,0,KM,Van,Lakier bazowy Biały Gelato,New,132268 PLN,PLN,"{""addr1"": ""UL. NOWODWORSKA 46"", ""city"": ""ELBLAG"", ""region"": ""WARMIŃSKO-MAZURSKIE"", ""country"": ""PL"", ""postal_code"": ""82-300""}",54.166,19.37664,LEASE,1019 PLN,per month,Diesel,Manual,FWD
237886,Scudo Furgon · od 980 PLN/mies.,Fiat Professional Scudo Furgon · Rata od 980 PLN netto/mies. · Leasing B2B · CZESTOCHOWA · Sprawdź ofertę!,https://salon.fiatprofessional.pl/oferta/237886,https://cdn.fcapoland.pl/uploads/77/237886/1_render.png,Fiat Professional,Scudo,2026,0,KM,Van,Lakier bazowy Biały Gelato,New,127159 PLN,PLN,"{""addr1"": ""UL. BUGAJSKA 6/8"", ""city"": ""CZESTOCHOWA"", ""region"": ""ŚLĄSKIE"", ""country"": ""PL"", ""postal_code"": ""42-200""}",50.766723,19.165467,LEASE,980 PLN,per month,Diesel,Manual,FWD
237885,Ulysse Business · od 1529 PLN/mies.,Fiat Professional Ulysse Business · Rata od 1529 PLN netto/mies. · Leasing B2B · KATOWICE · Sprawdź ofertę!,https://salon.fiatprofessional.pl/oferta/237885,https://cdn.fcapoland.pl/uploads/77/237885/d602190e5f22e0b17c7148467fcd7c0c.jpg,Fiat Professional,Ulysse,2026,0,KM,Van,Lakier metalizowany Szary Colosseo,New,199137 PLN,PLN,"{""addr1"": ""UL. KOSCIUSZKI 261"", ""city"": ""KATOWICE"", ""region"": ""ŚLĄSKIE"", ""country"": ""PL"", ""postal_code"": ""40-690""}",50.209822,18.965429,LEASE,1529 PLN,per month,Diesel,Automatic,FWD
237861,Scudo Brygadowy · od 1137 PLN/mies.,Fiat Professional Scudo Brygadowy · Rata od 1137 PLN netto/mies. · Leasing B2B · WARSZAWA · Sprawdź ofertę!,https://salon.fiatprofessional.pl/oferta/237861,https://cdn.fcapoland.pl/uploads/77/237861/249b78f6bc80eb46764e42aa02869e46.jpg,Fiat Professional,Scudo,2026,0,KM,Van,Lakier metalizowany Szary Colosseo,New,147762 PLN,PLN,"{""addr1"": ""UL.KRASNOBRODZKA 5"", ""city"": ""WARSZAWA"", ""region"": ""MAZOWIECKIE"", ""country"": ""PL"", ""postal_code"": ""03-214""}",52.3017,21.04088,LEASE,1137 PLN,per month,Diesel,Automatic,FWD
237860,Scudo Furgon · od 980 PLN/mies.,Fiat Professional Scudo Furgon · Rata od 980 PLN netto/mies. · Leasing B2B · CZESTOCHOWA · Sprawdź ofertę!,https://salon.fiatprofessional.pl/oferta/237860,https://cdn.fcapoland.pl/uploads/77/237860/1_render.png,Fiat Professional,Scudo,2026,0,KM,Van,Lakier bazowy Biały Gelato,New,127159 PLN,PLN,"{""addr1"": ""UL. BUGAJSKA 6/8"", ""city"": ""CZESTOCHOWA"", ""region"": ""ŚLĄSKIE"", ""country"": ""PL"", ""postal_code"": ""42-200""}",50.766723,19.165467,LEASE,980 PLN,per month,Diesel,Manual,FWD
237834,Ducato Podwozie Do Zabudowy · od 858 PLN/mies.,Fiat Professional Ducato Podwozie Do Zabudowy · Rata od 858 PLN netto/mies. · Leasing B2B · ZŁOTNIKI · Sprawdź ofertę!,https://salon.fiatprofessional.pl/oferta/237834,https://cdn.fcapoland.pl/uploads/77/237834/1_render.png,Fiat Professional,Ducato,2026,0,KM,Van,Biały,New,139851 PLN,PLN,"{""addr1"": ""UL. OBORNICKA 4"", ""city"": ""ZŁOTNIKI"", ""region"": ""WIELKOPOLSKIE"", ""country"": ""PL"", ""postal_code"": ""62-002""}",52.48747,16.8534,LEASE,858 PLN,per month,Diesel,Manual,FWD
237797,Doblò Furgon Xl · od 798 PLN/mies.,Fiat Professional Doblò Furgon Xl · Rata od 798 PLN netto/mies. · Leasing B2B · KRAKÓW-LIBERTÓW · Sprawdź ofertę!,https://salon.fiatprofessional.pl/oferta/237797,https://cdn.fcapoland.pl/uploads/77/237797/1_render.png,Fiat Professional,Doblò,2026,0,KM,Hatchback,Biały Gelato,New,103283 PLN,PLN,"{""addr1"": ""UL. GÓRA LIBERTOWSKA 12"", ""city"": ""KRAKÓW-LIBERTÓW"", ""region"": ""MAŁOPOLSKIE"", ""country"": ""PL"", ""postal_code"": ""30-444""}",49.97992,19.90923,LEASE,798 PLN,per month,Diesel,Manual,FWD
237796,Doblò Furgon Xl · od 798 PLN/mies.,Fiat Professional Doblò Furgon Xl · Rata od 798 PLN netto/mies. · Leasing B2B · KRAKÓW-LIBERTÓW · Sprawdź ofertę!,https://salon.fiatprofessional.pl/oferta/237796,https://cdn.fcapoland.pl/uploads/77/237796/9218f6c101eef80d4d797803fb0fd47a.jpg,Fiat Professional,Doblò,2026,0,KM,Hatchback,Biały Gelato,New,103283 PLN,PLN,"{""addr1"": ""UL. GÓRA LIBERTOWSKA 12"", ""city"": ""KRAKÓW-LIBERTÓW"", ""region"": ""MAŁOPOLSKIE"", ""country"": ""PL"", ""postal_code"": ""30-444""}",49.97992,19.90923,LEASE,798 PLN,per month,Diesel,Manual,FWD
237791,Doblò Furgon M · od 782 PLN/mies.,Fiat Professional Doblò Furgon M · Rata od 782 PLN netto/mies. · Leasing B2B · KRAKOW · Sprawdź ofertę!,https://salon.fiatprofessional.pl/oferta/237791,https://cdn.fcapoland.pl/uploads/77/237791/1_render.png,Fiat Professional,Doblò,2026,0,KM,Hatchback,Biały Gelato,New,101177 PLN,PLN,"{""addr1"": ""UL. RADZIKOWSKIEGO 160"", ""city"": ""KRAKOW"", ""region"": ""MAŁOPOLSKIE"", ""country"": ""PL"", ""postal_code"": ""31-342""}",50.088212,19.888814,LEASE,782 PLN,per month,Diesel,Manual,FWD
237785,Ducato Podwozie Do Zabudowy · od 1170 PLN/mies.,Fiat Professional Ducato Podwozie Do Zabudowy · Rata od 1170 PLN netto/mies. · Leasing B2B · FALENTY · Sprawdź ofertę!,https://salon.fiatprofessional.pl/oferta/237785,https://cdn.fcapoland.pl/uploads/77/237785/3f8e18a6ca9d9d8254d5ab666190ae32.jpg,Fiat Professional,Ducato,2026,0,KM,Van,Szary Lanzarote,New,191288 PLN,PLN,"{""addr1"": ""AL. KRAKOWSKA 8"", ""city"": ""FALENTY"", ""region"": ""MAZOWIECKIE"", ""country"": ""PL"", ""postal_code"": ""05-090""}",52.14213,20.90316,LEASE,1170 PLN,per month,Diesel,Manual,FWD
237780,Scudo Furgon · od 849 PLN/mies.,Fiat Professional Scudo Furgon · Rata od 849 PLN netto/mies. · Leasing B2B · BIELSKO-BIAŁA · Sprawdź ofertę!,https://salon.fiatprofessional.pl/oferta/237780,https://cdn.fcapoland.pl/uploads/77/237780/1_render.png,Fiat Professional,Scudo,2026,0,KM,Van,Lakier bazowy Biały Gelato,New,109935 PLN,PLN,"{""addr1"": ""UL. WARSZAWSKA 158"", ""city"": ""BIELSKO-BIAŁA"", ""region"": ""ŚLĄSKIE"", ""country"": ""PL"", ""postal_code"": ""43-300""}",49.84307,19.03564,LEASE,849 PLN,per month,Diesel,Manual,FWD
237758,Doblò Furgon Xl · od 811 PLN/mies.,Fiat Professional Doblò Furgon Xl · Rata od 811 PLN netto/mies. · Leasing B2B · GDYNIA · Sprawdź ofertę!,https://salon.fiatprofessional.pl/oferta/237758,https://cdn.fcapoland.pl/uploads/77/237758/1_render.png,Fiat Professional,Doblò,2026,0,KM,Hatchback,Biały Gelato,New,104942 PLN,PLN,"{""addr1"": ""MORSKA 491"", ""city"": ""GDYNIA"", ""region"": ""POMORSKIE"", ""country"": ""PL"", ""postal_code"": ""81-002""}",54.549561,18.427188,LEASE,811 PLN,per month,Diesel,Manual,FWD
237754,Ducato Podwozie Do Zabudowy · od 862 PLN/mies.,Fiat Professional Ducato Podwozie Do Zabudowy · Rata od 862 PLN netto/mies. · Leasing B2B · ŁÓDŹ · Sprawdź ofertę!,https://salon.fiatprofessional.pl/oferta/237754,https://cdn.fcapoland.pl/uploads/77/237754/1_render.png,Fiat Professional,Ducato,2026,0,KM,Van,Szary Artense,New,140433 PLN,PLN,"{""addr1"": ""UL.PABIANICKA 94/96"", ""city"": ""ŁÓDŹ"", ""region"": ""ŁÓDZKIE"", ""country"": ""PL"", ""postal_code"": ""93-548""}",51.72592,19.44758,LEASE,862 PLN,per month,Diesel,Manual,FWD
237752,Ducato Podwozie Do Zabudowy · od 931 PLN/mies.,Fiat Professional Ducato Podwozie Do Zabudowy · Rata od 931 PLN netto/mies. · Leasing B2B · ŁÓDŹ · Sprawdź ofertę!,https://salon.fiatprofessional.pl/oferta/237752,https://cdn.fcapoland.pl/uploads/77/237752/1_render.png,Fiat Professional,Ducato,2026,0,KM,Van,Biały,New,151819 PLN,PLN,"{""addr1"": ""UL.PABIANICKA 94/96"", ""city"": ""ŁÓDŹ"", ""region"": ""ŁÓDZKIE"", ""country"": ""PL"", ""postal_code"": ""93-548""}",51.72592,19.44758,LEASE,931 PLN,per month,Diesel,Automatic,FWD
237735,Ducato Furgon · od 870 PLN/mies.,Fiat Professional Ducato Furgon · Rata od 870 PLN netto/mies. · Leasing B2B · SLUPSK · Sprawdź ofertę!,https://salon.fiatprofessional.pl/oferta/237735,https://cdn.fcapoland.pl/uploads/77/237735/1_render.png,Fiat Professional,Ducato,2026,0,KM,Van,Szary Lanzarote,New,141782 PLN,PLN,"{""addr1"": ""UL. POZNANSKA 74"", ""city"": ""SLUPSK"", ""region"": ""POMORSKIE"", ""country"": ""PL"", ""postal_code"": ""76-200""}",54.45185,17.01674,LEASE,870 PLN,per month,Diesel,Manual,FWD
237729,Ducato Furgon · od 813 PLN/mies.,Fiat Professional Ducato Furgon · Rata od 813 PLN netto/mies. · Leasing B2B · KATOWICE · Sprawdź ofertę!,https://salon.fiatprofessional.pl/oferta/237729,https://cdn.fcapoland.pl/uploads/77/237729/28e6f4b80d43ed17a0d7898536eefecc.jpg,Fiat Professional,Ducato,2026,0,KM,Van,Biały,New,132413 PLN,PLN,"{""addr1"": ""UL. ROZDZIENSKIEGO 170"", ""city"": ""KATOWICE"", ""region"": ""ŚLĄSKIE"", ""country"": ""PL"", ""postal_code"": ""40-203""}",50.264224,19.049744,LEASE,813 PLN,per month,Diesel,Manual,FWD
237728,Ducato Furgon · od 813 PLN/mies.,Fiat Professional Ducato Furgon · Rata od 813 PLN netto/mies. · Leasing B2B · KATOWICE · Sprawdź ofertę!,https://salon.fiatprofessional.pl/oferta/237728,https://cdn.fcapoland.pl/uploads/77/237728/51d71a7dcedef0f109b8297162ba75f5.jpg,Fiat Professional,Ducato,2026,0,KM,Van,Biały,New,132413 PLN,PLN,"{""addr1"": ""UL. ROZDZIENSKIEGO 170"", ""city"": ""KATOWICE"", ""region"": ""ŚLĄSKIE"", ""country"": ""PL"", ""postal_code"": ""40-203""}",50.264224,19.049744,LEASE,813 PLN,per month,Diesel,Manual,FWD
237721,Ducato Furgon · od 952 PLN/mies.,Fiat Professional Ducato Furgon · Rata od 952 PLN netto/mies. · Leasing B2B · GDYNIA · Sprawdź ofertę!,https://salon.fiatprofessional.pl/oferta/237721,https://cdn.fcapoland.pl/uploads/77/237721/1_render.png,Fiat Professional,Ducato,2026,0,KM,Van,Biały,New,155273 PLN,PLN,"{""addr1"": ""MORSKA 491"", ""city"": ""GDYNIA"", ""region"": ""POMORSKIE"", ""country"": ""PL"", ""postal_code"": ""81-002""}",54.549561,18.427188,LEASE,952 PLN,per month,Diesel,Manual,FWD
237708,Ducato Furgon · od 870 PLN/mies.,Fiat Professional Ducato Furgon · Rata od 870 PLN netto/mies. · Leasing B2B · SLUPSK · Sprawdź ofertę!,https://salon.fiatprofessional.pl/oferta/237708,https://cdn.fcapoland.pl/uploads/77/237708/1_render.png,Fiat Professional,Ducato,2026,0,KM,Van,Szary Lanzarote,New,141782 PLN,PLN,"{""addr1"": ""UL. POZNANSKA 74"", ""city"": ""SLUPSK"", ""region"": ""POMORSKIE"", ""country"": ""PL"", ""postal_code"": ""76-200""}",54.45185,17.01674,LEASE,870 PLN,per month,Diesel,Manual,FWD
237702,Ducato Furgon · od 1013 PLN/mies.,Fiat Professional Ducato Furgon · Rata od 1013 PLN netto/mies. · Leasing B2B · KATOWICE · Sprawdź ofertę!,https://salon.fiatprofessional.pl/oferta/237702,https://cdn.fcapoland.pl/uploads/77/237702/40a77f4f06f043df0ec42b29b80b0abb.jpg,Fiat Professional,Ducato,2026,0,KM,Van,Szary Lanzarote,New,165402 PLN,PLN,"{""addr1"": ""UL. KOSCIUSZKI 261"", ""city"": ""KATOWICE"", ""region"": ""ŚLĄSKIE"", ""country"": ""PL"", ""postal_code"": ""40-690""}",50.209822,18.965429,LEASE,1013 PLN,per month,Diesel,Automatic,FWD
237701,Ducato Furgon · od 1013 PLN/mies.,Fiat Professional Ducato Furgon · Rata od 1013 PLN netto/mies. · Leasing B2B · KATOWICE · Sprawdź ofertę!,https://salon.fiatprofessional.pl/oferta/237701,https://cdn.fcapoland.pl/uploads/77/237701/c48773fdef2d302cf79201a944685d46.jpg,Fiat Professional,Ducato,2026,0,KM,Van,Szary Lanzarote,New,165402 PLN,PLN,"{""addr1"": ""UL. KOSCIUSZKI 261"", ""city"": ""KATOWICE"", ""region"": ""ŚLĄSKIE"", ""country"": ""PL"", ""postal_code"": ""40-690""}",50.209822,18.965429,LEASE,1013 PLN,per month,Diesel,Automatic,FWD
237695,Doblò Furgon Xl · od 841 PLN/mies.,Fiat Professional Doblò Furgon Xl · Rata od 841 PLN netto/mies. · Leasing B2B · SZCZECIN · Sprawdź ofertę!,https://salon.fiatprofessional.pl/oferta/237695,https://cdn.fcapoland.pl/uploads/77/237695/8fbde10922cb1e60c1b4f5e40fb67f21.jpg,Fiat Professional,Doblò,2026,0,KM,Hatchback,Biały Gelato,New,108915 PLN,PLN,"{""addr1"": ""USTOWO 57"", ""city"": ""SZCZECIN"", ""region"": ""ZACHODNIOPOMORSKIE"", ""country"": ""PL"", ""postal_code"": ""71-001""}",53.38756,14.498444,LEASE,841 PLN,per month,Diesel,Manual,FWD
237693,Doblò Furgon Xl · od 830 PLN/mies.,Fiat Professional Doblò Furgon Xl · Rata od 830 PLN netto/mies. · Leasing B2B · SZCZECIN · Sprawdź ofertę!,https://salon.fiatprofessional.pl/oferta/237693,https://cdn.fcapoland.pl/uploads/77/237693/5d7a1a4609522f646ed9210ccb35bce2.jpg,Fiat Professional,Doblò,2026,0,KM,Hatchback,Szary Maestro,New,107519 PLN,PLN,"{""addr1"": ""USTOWO 57"", ""city"": ""SZCZECIN"", ""region"": ""ZACHODNIOPOMORSKIE"", ""country"": ""PL"", ""postal_code"": ""71-001""}",53.38756,14.498444,LEASE,830 PLN,per month,Diesel,Manual,FWD
237682,Ducato Podwozie Brygadowe Do Zabudowy · od 811 PLN/mies.,Fiat Professional Ducato Podwozie Brygadowe Do Zabudowy · Rata od 811 PLN netto/mies. · Leasing B2B · ZŁOTNIKI · Sprawdź ofertę!,https://salon.fiatprofessional.pl/oferta/237682,https://cdn.fcapoland.pl/uploads/77/237682/1_render.png,Fiat Professional,Ducato,2026,0,KM,Van,Biały,New,132080 PLN,PLN,"{""addr1"": ""UL. OBORNICKA 4"", ""city"": ""ZŁOTNIKI"", ""region"": ""WIELKOPOLSKIE"", ""country"": ""PL"", ""postal_code"": ""62-002""}",52.48747,16.8534,LEASE,811 PLN,per month,Diesel,Manual,FWD
237681,Ducato Podwozie Do Zabudowy · od 884 PLN/mies.,Fiat Professional Ducato Podwozie Do Zabudowy · Rata od 884 PLN netto/mies. · Leasing B2B · ŁÓDŹ · Sprawdź ofertę!,https://salon.fiatprofessional.pl/oferta/237681,https://cdn.fcapoland.pl/uploads/77/237681/1_render.png,Fiat Professional,Ducato,2026,0,KM,Van,Szary Lanzarote,New,144150 PLN,PLN,"{""addr1"": ""UL.PABIANICKA 94/96"", ""city"": ""ŁÓDŹ"", ""region"": ""ŁÓDZKIE"", ""country"": ""PL"", ""postal_code"": ""93-548""}",51.72592,19.44758,LEASE,884 PLN,per month,Diesel,Manual,FWD
237672,Scudo Furgon · od 849 PLN/mies.,Fiat Professional Scudo Furgon · Rata od 849 PLN netto/mies. · Leasing B2B · BIELSKO-BIAŁA · Sprawdź ofertę!,https://salon.fiatprofessional.pl/oferta/237672,https://cdn.fcapoland.pl/uploads/77/237672/1_render.png,Fiat Professional,Scudo,2026,0,KM,Van,Lakier bazowy Biały Gelato,New,109935 PLN,PLN,"{""addr1"": ""UL. WARSZAWSKA 158"", ""city"": ""BIELSKO-BIAŁA"", ""region"": ""ŚLĄSKIE"", ""country"": ""PL"", ""postal_code"": ""43-300""}",49.84307,19.03564,LEASE,849 PLN,per month,Diesel,Manual,FWD
237667,Scudo Furgon · od 1005 PLN/mies.,Fiat Professional Scudo Furgon · Rata od 1005 PLN netto/mies. · Leasing B2B · TARNOW · Sprawdź ofertę!,https://salon.fiatprofessional.pl/oferta/237667,https://cdn.fcapoland.pl/uploads/77/237667/1_render.png,Fiat Professional,Scudo,2026,0,KM,Van,Lakier bazowy Biały Gelato,New,130455 PLN,PLN,"{""addr1"": ""UL. KRAKOWSKA 197"", ""city"": ""TARNOW"", ""region"": ""MAŁOPOLSKIE"", ""country"": ""PL"", ""postal_code"": ""33-100""}",49.997114,20.948609,LEASE,1005 PLN,per month,Diesel,Manual,FWD
237666,Scudo Furgon · od 993 PLN/mies.,Fiat Professional Scudo Furgon · Rata od 993 PLN netto/mies. · Leasing B2B · CZESTOCHOWA · Sprawdź ofertę!,https://salon.fiatprofessional.pl/oferta/237666,https://cdn.fcapoland.pl/uploads/77/237666/1_render.png,Fiat Professional,Scudo,2026,0,KM,Van,Lakier bazowy Biały Gelato,New,128807 PLN,PLN,"{""addr1"": ""UL. BUGAJSKA 6/8"", ""city"": ""CZESTOCHOWA"", ""region"": ""ŚLĄSKIE"", ""country"": ""PL"", ""postal_code"": ""42-200""}",50.766723,19.165467,LEASE,993 PLN,per month,Diesel,Manual,FWD
237639,Ducato Furgon · od 928 PLN/mies.,Fiat Professional Ducato Furgon · Rata od 928 PLN netto/mies. · Leasing B2B · CZESTOCHOWA · Sprawdź ofertę!,https://salon.fiatprofessional.pl/oferta/237639,https://cdn.fcapoland.pl/uploads/77/237639/1_render.png,Fiat Professional,Ducato,2026,0,KM,Van,Szary Lanzarote,New,151399 PLN,PLN,"{""addr1"": ""UL. BUGAJSKA 6/8"", ""city"": ""CZESTOCHOWA"", ""region"": ""ŚLĄSKIE"", ""country"": ""PL"", ""postal_code"": ""42-200""}",50.766723,19.165467,LEASE,928 PLN,per month,Diesel,Manual,FWD
237638,Ducato Furgon · od 930 PLN/mies.,Fiat Professional Ducato Furgon · Rata od 930 PLN netto/mies. · Leasing B2B · SLUPSK · Sprawdź ofertę!,https://salon.fiatprofessional.pl/oferta/237638,https://cdn.fcapoland.pl/uploads/77/237638/1_render.png,Fiat Professional,Ducato,2026,0,KM,Van,Szary Lanzarote,New,151724 PLN,PLN,"{""addr1"": ""UL. POZNANSKA 74"", ""city"": ""SLUPSK"", ""region"": ""POMORSKIE"", ""country"": ""PL"", ""postal_code"": ""76-200""}",54.45185,17.01674,LEASE,930 PLN,per month,Diesel,Manual,FWD
237628,Ducato Furgon · od 891 PLN/mies.,Fiat Professional Ducato Furgon · Rata od 891 PLN netto/mies. · Leasing B2B · CZESTOCHOWA · Sprawdź ofertę!,https://salon.fiatprofessional.pl/oferta/237628,https://cdn.fcapoland.pl/uploads/77/237628/1_render.png,Fiat Professional,Ducato,2026,0,KM,Van,Szary Lanzarote,New,145270 PLN,PLN,"{""addr1"": ""UL. BUGAJSKA 6/8"", ""city"": ""CZESTOCHOWA"", ""region"": ""ŚLĄSKIE"", ""country"": ""PL"", ""postal_code"": ""42-200""}",50.766723,19.165467,LEASE,891 PLN,per month,Diesel,Manual,FWD
237627,Ducato Furgon · od 875 PLN/mies.,Fiat Professional Ducato Furgon · Rata od 875 PLN netto/mies. · Leasing B2B · KRAKÓW-LIBERTÓW · Sprawdź ofertę!,https://salon.fiatprofessional.pl/oferta/237627,https://cdn.fcapoland.pl/uploads/77/237627/fa0cbe9836d1704547090df7ac74285d.jpg,Fiat Professional,Ducato,2026,0,KM,Van,Szary Lanzarote,New,142557 PLN,PLN,"{""addr1"": ""UL. GÓRA LIBERTOWSKA 12"", ""city"": ""KRAKÓW-LIBERTÓW"", ""region"": ""MAŁOPOLSKIE"", ""country"": ""PL"", ""postal_code"": ""30-444""}",49.97992,19.90923,LEASE,875 PLN,per month,Diesel,Manual,FWD
237590,Ducato Furgon · od 930 PLN/mies.,Fiat Professional Ducato Furgon · Rata od 930 PLN netto/mies. · Leasing B2B · SLUPSK · Sprawdź ofertę!,https://salon.fiatprofessional.pl/oferta/237590,https://cdn.fcapoland.pl/uploads/77/237590/1_render.png,Fiat Professional,Ducato,2026,0,KM,Van,Szary Lanzarote,New,151724 PLN,PLN,"{""addr1"": ""UL. POZNANSKA 74"", ""city"": ""SLUPSK"", ""region"": ""POMORSKIE"", ""country"": ""PL"", ""postal_code"": ""76-200""}",54.45185,17.01674,LEASE,930 PLN,per month,Diesel,Manual,FWD
237586,Doblò Combi · od 760 PLN/mies.,Fiat Professional Doblò Combi · Rata od 760 PLN netto/mies. · Leasing B2B · NOWY TARG · Sprawdź ofertę!,https://salon.fiatprofessional.pl/oferta/237586,https://cdn.fcapoland.pl/uploads/77/237586/a50e19ab02ee431cfac24f9197644b5b.jpg,Fiat Professional,Doblò,2026,0,KM,Hatchback,Szary Maestro,New,98277 PLN,PLN,"{""addr1"": ""UL. KRAKOWSKA 3"", ""city"": ""NOWY TARG"", ""region"": ""MAŁOPOLSKIE"", ""country"": ""PL"", ""postal_code"": ""34-400""}",49.45445,20.01966,LEASE,760 PLN,per month,Diesel,Manual,FWD
237585,Doblò Furgon Xl · od 840 PLN/mies.,Fiat Professional Doblò Furgon Xl · Rata od 840 PLN netto/mies. · Leasing B2B · SZCZECIN · Sprawdź ofertę!,https://salon.fiatprofessional.pl/oferta/237585,https://cdn.fcapoland.pl/uploads/77/237585/5e5a770202224229859407dff1ff7803.jpg,Fiat Professional,Doblò,2026,0,KM,Hatchback,Szary Maestro,New,108829 PLN,PLN,"{""addr1"": ""USTOWO 57"", ""city"": ""SZCZECIN"", ""region"": ""ZACHODNIOPOMORSKIE"", ""country"": ""PL"", ""postal_code"": ""71-001""}",53.38756,14.498444,LEASE,840 PLN,per month,Diesel,Manual,FWD
237573,Ducato Podwozie Brygadowe Do Zabudowy · od 811 PLN/mies.,Fiat Professional Ducato Podwozie Brygadowe Do Zabudowy · Rata od 811 PLN netto/mies. · Leasing B2B · ZŁOTNIKI · Sprawdź ofertę!,https://salon.fiatprofessional.pl/oferta/237573,https://cdn.fcapoland.pl/uploads/77/237573/1_render.png,Fiat Professional,Ducato,2026,0,KM,Van,Biały,New,132080 PLN,PLN,"{""addr1"": ""UL. OBORNICKA 4"", ""city"": ""ZŁOTNIKI"", ""region"": ""WIELKOPOLSKIE"", ""country"": ""PL"", ""postal_code"": ""62-002""}",52.48747,16.8534,LEASE,811 PLN,per month,Diesel,Manual,FWD
237546,Ducato Furgon · od 1031 PLN/mies.,Fiat Professional Ducato Furgon · Rata od 1031 PLN netto/mies. · Leasing B2B · SOSNOWIEC · Sprawdź ofertę!,https://salon.fiatprofessional.pl/oferta/237546,https://cdn.fcapoland.pl/uploads/77/237546/15caf0e866993556d6cbcd3d72903a45.jpg,Fiat Professional,Ducato,2026,0,KM,Van,Szary Artense,New,168328 PLN,PLN,"{""addr1"": ""UL. ZUZANNY 36"", ""city"": ""SOSNOWIEC"", ""region"": ""ŚLĄSKIE"", ""country"": ""PL"", ""postal_code"": ""41-219""}",50.29942,19.16864,LEASE,1031 PLN,per month,Diesel,Manual,FWD
237545,Ducato Furgon · od 906 PLN/mies.,Fiat Professional Ducato Furgon · Rata od 906 PLN netto/mies. · Leasing B2B · KATOWICE · Sprawdź ofertę!,https://salon.fiatprofessional.pl/oferta/237545,https://cdn.fcapoland.pl/uploads/77/237545/847fefe0f98750373420a53cdd90e113.jpg,Fiat Professional,Ducato,2026,0,KM,Van,Biały,New,147740 PLN,PLN,"{""addr1"": ""UL. ROZDZIENSKIEGO 170"", ""city"": ""KATOWICE"", ""region"": ""ŚLĄSKIE"", ""country"": ""PL"", ""postal_code"": ""40-203""}",50.264224,19.049744,LEASE,906 PLN,per month,Diesel,Manual,FWD
237544,Ducato Furgon · od 1029 PLN/mies.,Fiat Professional Ducato Furgon · Rata od 1029 PLN netto/mies. · Leasing B2B · CZESTOCHOWA · Sprawdź ofertę!,https://salon.fiatprofessional.pl/oferta/237544,https://cdn.fcapoland.pl/uploads/77/237544/1_render.png,Fiat Professional,Ducato,2026,0,KM,Van,Szary Lanzarote,New,167993 PLN,PLN,"{""addr1"": ""UL. BUGAJSKA 6/8"", ""city"": ""CZESTOCHOWA"", ""region"": ""ŚLĄSKIE"", ""country"": ""PL"", ""postal_code"": ""42-200""}",50.766723,19.165467,LEASE,1029 PLN,per month,Diesel,Automatic,FWD
237541,Ducato Furgon · od 962 PLN/mies.,Fiat Professional Ducato Furgon · Rata od 962 PLN netto/mies. · Leasing B2B · NOWY TARG · Sprawdź ofertę!,https://salon.fiatprofessional.pl/oferta/237541,https://cdn.fcapoland.pl/uploads/77/237541/83333ef7dfaa09b284d7bd438ae36d37.jpg,Fiat Professional,Ducato,2026,0,KM,Van,Biały,New,157059 PLN,PLN,"{""addr1"": ""UL. KRAKOWSKA 3"", ""city"": ""NOWY TARG"", ""region"": ""MAŁOPOLSKIE"", ""country"": ""PL"", ""postal_code"": ""34-400""}",49.45445,20.01966,LEASE,962 PLN,per month,Diesel,Manual,FWD
237526,Ducato Furgon · od 930 PLN/mies.,Fiat Professional Ducato Furgon · Rata od 930 PLN netto/mies. · Leasing B2B · SLUPSK · Sprawdź ofertę!,https://salon.fiatprofessional.pl/oferta/237526,https://cdn.fcapoland.pl/uploads/77/237526/1_render.png,Fiat Professional,Ducato,2026,0,KM,Van,Szary Lanzarote,New,151724 PLN,PLN,"{""addr1"": ""UL. POZNANSKA 74"", ""city"": ""SLUPSK"", ""region"": ""POMORSKIE"", ""country"": ""PL"", ""postal_code"": ""76-200""}",54.45185,17.01674,LEASE,930 PLN,per month,Diesel,Manual,FWD
237525,Ducato Furgon · od 930 PLN/mies.,Fiat Professional Ducato Furgon · Rata od 930 PLN netto/mies. · Leasing B2B · SLUPSK · Sprawdź ofertę!,https://salon.fiatprofessional.pl/oferta/237525,https://cdn.fcapoland.pl/uploads/77/237525/1_render.png,Fiat Professional,Ducato,2026,0,KM,Van,Szary Lanzarote,New,151724 PLN,PLN,"{""addr1"": ""UL. POZNANSKA 74"", ""city"": ""SLUPSK"", ""region"": ""POMORSKIE"", ""country"": ""PL"", ""postal_code"": ""76-200""}",54.45185,17.01674,LEASE,930 PLN,per month,Diesel,Manual,FWD
237521,Ducato Furgon · od 871 PLN/mies.,Fiat Professional Ducato Furgon · Rata od 871 PLN netto/mies. · Leasing B2B · NOWY TARG · Sprawdź ofertę!,https://salon.fiatprofessional.pl/oferta/237521,https://cdn.fcapoland.pl/uploads/77/237521/aa7a000cf7244972067be9664f09cb12.jpg,Fiat Professional,Ducato,2026,0,KM,Van,Biały,New,141979 PLN,PLN,"{""addr1"": ""UL. KRAKOWSKA 3"", ""city"": ""NOWY TARG"", ""region"": ""MAŁOPOLSKIE"", ""country"": ""PL"", ""postal_code"": ""34-400""}",49.45445,20.01966,LEASE,871 PLN,per month,Diesel,Manual,FWD
237517,Ducato Furgon · od 858 PLN/mies.,Fiat Professional Ducato Furgon · Rata od 858 PLN netto/mies. · Leasing B2B · SOSNOWIEC · Sprawdź ofertę!,https://salon.fiatprofessional.pl/oferta/237517,https://cdn.fcapoland.pl/uploads/77/237517/a5098e87f3d30abc89825fb8aff8f060.jpg,Fiat Professional,Ducato,2026,0,KM,Van,Biały,New,139839 PLN,PLN,"{""addr1"": ""UL. ZUZANNY 36"", ""city"": ""SOSNOWIEC"", ""region"": ""ŚLĄSKIE"", ""country"": ""PL"", ""postal_code"": ""41-219""}",50.29942,19.16864,LEASE,858 PLN,per month,Diesel,Manual,FWD
237516,Ducato Furgon · od 856 PLN/mies.,Fiat Professional Ducato Furgon · Rata od 856 PLN netto/mies. · Leasing B2B · CZESTOCHOWA · Sprawdź ofertę!,https://salon.fiatprofessional.pl/oferta/237516,https://cdn.fcapoland.pl/uploads/77/237516/1_render.png,Fiat Professional,Ducato,2026,0,KM,Van,Biały,New,139414 PLN,PLN,"{""addr1"": ""UL. BUGAJSKA 6/8"", ""city"": ""CZESTOCHOWA"", ""region"": ""ŚLĄSKIE"", ""country"": ""PL"", ""postal_code"": ""42-200""}",50.766723,19.165467,LEASE,856 PLN,per month,Diesel,Manual,FWD
237492,Ducato Podwozie Brygadowe Do Zabudowy · od 845 PLN/mies.,Fiat Professional Ducato Podwozie Brygadowe Do Zabudowy · Rata od 845 PLN netto/mies. · Leasing B2B · ŁÓDŹ · Sprawdź ofertę!,https://salon.fiatprofessional.pl/oferta/237492,https://cdn.fcapoland.pl/uploads/77/237492/1_render.png,Fiat Professional,Ducato,2026,0,KM,Van,Biały,New,137722 PLN,PLN,"{""addr1"": ""UL.PABIANICKA 94/96"", ""city"": ""ŁÓDŹ"", ""region"": ""ŁÓDZKIE"", ""country"": ""PL"", ""postal_code"": ""93-548""}",51.72592,19.44758,LEASE,845 PLN,per month,Diesel,Manual,FWD
237491,Ducato Podwozie Brygadowe Do Zabudowy · od 1019 PLN/mies.,Fiat Professional Ducato Podwozie Brygadowe Do Zabudowy · Rata od 1019 PLN netto/mies. · Leasing B2B · FALENTY · Sprawdź ofertę!,https://salon.fiatprofessional.pl/oferta/237491,https://cdn.fcapoland.pl/uploads/77/237491/d2af997ee230b86dfd7a73899b041536.jpg,Fiat Professional,Ducato,2026,0,KM,Van,Biały,New,166436 PLN,PLN,"{""addr1"": ""AL. KRAKOWSKA 8"", ""city"": ""FALENTY"", ""region"": ""MAZOWIECKIE"", ""country"": ""PL"", ""postal_code"": ""05-090""}",52.14213,20.90316,LEASE,1019 PLN,per month,Diesel,Manual,FWD
237490,Ducato Podwozie Brygadowe Do Zabudowy · od 845 PLN/mies.,Fiat Professional Ducato Podwozie Brygadowe Do Zabudowy · Rata od 845 PLN netto/mies. · Leasing B2B · ŁÓDŹ · Sprawdź ofertę!,https://salon.fiatprofessional.pl/oferta/237490,https://cdn.fcapoland.pl/uploads/77/237490/1_render.png,Fiat Professional,Ducato,2026,0,KM,Van,Biały,New,137722 PLN,PLN,"{""addr1"": ""UL.PABIANICKA 94/96"", ""city"": ""ŁÓDŹ"", ""region"": ""ŁÓDZKIE"", ""country"": ""PL"", ""postal_code"": ""93-548""}",51.72592,19.44758,LEASE,845 PLN,per month,Diesel,Manual,FWD
237437,Ducato Furgon · od 957 PLN/mies.,Fiat Professional Ducato Furgon · Rata od 957 PLN netto/mies. · Leasing B2B · KATOWICE · Sprawdź ofertę!,https://salon.fiatprofessional.pl/oferta/237437,https://cdn.fcapoland.pl/uploads/77/237437/eed47e805621c969d330ac49a356faee.jpg,Fiat Professional,Ducato,2026,0,KM,Van,Szary Lanzarote,New,156087 PLN,PLN,"{""addr1"": ""UL. KOSCIUSZKI 261"", ""city"": ""KATOWICE"", ""region"": ""ŚLĄSKIE"", ""country"": ""PL"", ""postal_code"": ""40-690""}",50.209822,18.965429,LEASE,957 PLN,per month,Diesel,Manual,FWD
237431,Ducato Furgon · od 756 PLN/mies.,Fiat Professional Ducato Furgon · Rata od 756 PLN netto/mies. · Leasing B2B · SOSNOWIEC · Sprawdź ofertę!,https://salon.fiatprofessional.pl/oferta/237431,https://cdn.fcapoland.pl/uploads/77/237431/7f1eda77d484a08b87cb9ee6b20444e9.jpg,Fiat Professional,Ducato,2026,0,KM,Van,Biały,New,122999 PLN,PLN,"{""addr1"": ""UL. ZUZANNY 36"", ""city"": ""SOSNOWIEC"", ""region"": ""ŚLĄSKIE"", ""country"": ""PL"", ""postal_code"": ""41-219""}",50.29942,19.16864,LEASE,756 PLN,per month,Diesel,Manual,FWD
237426,Ducato Furgon · od 871 PLN/mies.,Fiat Professional Ducato Furgon · Rata od 871 PLN netto/mies. · Leasing B2B · NOWY TARG · Sprawdź ofertę!,https://salon.fiatprofessional.pl/oferta/237426,https://cdn.fcapoland.pl/uploads/77/237426/01c7fe9643cf832c6d4e871bb11d2bf6.jpg,Fiat Professional,Ducato,2026,0,KM,Van,Biały,New,141979 PLN,PLN,"{""addr1"": ""UL. KRAKOWSKA 3"", ""city"": ""NOWY TARG"", ""region"": ""MAŁOPOLSKIE"", ""country"": ""PL"", ""postal_code"": ""34-400""}",49.45445,20.01966,LEASE,871 PLN,per month,Diesel,Manual,FWD
237417,Ducato Furgon · od 808 PLN/mies.,Fiat Professional Ducato Furgon · Rata od 808 PLN netto/mies. · Leasing B2B · NOWY TARG · Sprawdź ofertę!,https://salon.fiatprofessional.pl/oferta/237417,https://cdn.fcapoland.pl/uploads/77/237417/0ce4236971d6505115ce02b1c0d63c1b.jpg,Fiat Professional,Ducato,2026,0,KM,Van,Biały,New,131567 PLN,PLN,"{""addr1"": ""UL. KRAKOWSKA 3"", ""city"": ""NOWY TARG"", ""region"": ""MAŁOPOLSKIE"", ""country"": ""PL"", ""postal_code"": ""34-400""}",49.45445,20.01966,LEASE,808 PLN,per month,Diesel,Manual,FWD
237414,Ducato Furgon · od 856 PLN/mies.,Fiat Professional Ducato Furgon · Rata od 856 PLN netto/mies. · Leasing B2B · NOWY TARG · Sprawdź ofertę!,https://salon.fiatprofessional.pl/oferta/237414,https://cdn.fcapoland.pl/uploads/77/237414/bc0b7712b9e1918d5b0e5039b3edd432.jpg,Fiat Professional,Ducato,2026,0,KM,Van,Biały,New,139414 PLN,PLN,"{""addr1"": ""UL. KRAKOWSKA 3"", ""city"": ""NOWY TARG"", ""region"": ""MAŁOPOLSKIE"", ""country"": ""PL"", ""postal_code"": ""34-400""}",49.45445,20.01966,LEASE,856 PLN,per month,Diesel,Manual,FWD
237413,Ducato Furgon · od 856 PLN/mies.,Fiat Professional Ducato Furgon · Rata od 856 PLN netto/mies. · Leasing B2B · NOWY TARG · Sprawdź ofertę!,https://salon.fiatprofessional.pl/oferta/237413,https://cdn.fcapoland.pl/uploads/77/237413/058720f556b17992367c4393583fe334.jpg,Fiat Professional,Ducato,2026,0,KM,Van,Biały,New,139414 PLN,PLN,"{""addr1"": ""UL. KRAKOWSKA 3"", ""city"": ""NOWY TARG"", ""region"": ""MAŁOPOLSKIE"", ""country"": ""PL"", ""postal_code"": ""34-400""}",49.45445,20.01966,LEASE,856 PLN,per month,Diesel,Manual,FWD
237410,Ducato Furgon · od 930 PLN/mies.,Fiat Professional Ducato Furgon · Rata od 930 PLN netto/mies. · Leasing B2B · SLUPSK · Sprawdź ofertę!,https://salon.fiatprofessional.pl/oferta/237410,https://cdn.fcapoland.pl/uploads/77/237410/1_render.png,Fiat Professional,Ducato,2026,0,KM,Van,Szary Lanzarote,New,151724 PLN,PLN,"{""addr1"": ""UL. POZNANSKA 74"", ""city"": ""SLUPSK"", ""region"": ""POMORSKIE"", ""country"": ""PL"", ""postal_code"": ""76-200""}",54.45185,17.01674,LEASE,930 PLN,per month,Diesel,Manual,FWD
237403,Doblò Furgon Xl · od 817 PLN/mies.,Fiat Professional Doblò Furgon Xl · Rata od 817 PLN netto/mies. · Leasing B2B · SZCZECIN · Sprawdź ofertę!,https://salon.fiatprofessional.pl/oferta/237403,https://cdn.fcapoland.pl/uploads/77/237403/a1e1082ba5e9e4a9cf664485c14578d1.jpg,Fiat Professional,Doblò,2026,0,KM,Hatchback,Biały Gelato,New,105728 PLN,PLN,"{""addr1"": ""USTOWO 57"", ""city"": ""SZCZECIN"", ""region"": ""ZACHODNIOPOMORSKIE"", ""country"": ""PL"", ""postal_code"": ""71-001""}",53.38756,14.498444,LEASE,817 PLN,per month,Diesel,Manual,FWD
237393,Doblò Furgon Xl · od 803 PLN/mies.,Fiat Professional Doblò Furgon Xl · Rata od 803 PLN netto/mies. · Leasing B2B · NOWY TARG · Sprawdź ofertę!,https://salon.fiatprofessional.pl/oferta/237393,https://cdn.fcapoland.pl/uploads/77/237393/a936e88ff524e44f95549737e124d5ca.jpg,Fiat Professional,Doblò,2026,0,KM,Hatchback,Biały Gelato,New,103894 PLN,PLN,"{""addr1"": ""UL. KRAKOWSKA 3"", ""city"": ""NOWY TARG"", ""region"": ""MAŁOPOLSKIE"", ""country"": ""PL"", ""postal_code"": ""34-400""}",49.45445,20.01966,LEASE,803 PLN,per month,Diesel,Manual,FWD
237390,Doblò Furgon Xl · od 803 PLN/mies.,Fiat Professional Doblò Furgon Xl · Rata od 803 PLN netto/mies. · Leasing B2B · NOWY TARG · Sprawdź ofertę!,https://salon.fiatprofessional.pl/oferta/237390,https://cdn.fcapoland.pl/uploads/77/237390/35698d8ea33170470fefacaf9cde9f49.jpg,Fiat Professional,Doblò,2026,0,KM,Hatchback,Biały Gelato,New,103894 PLN,PLN,"{""addr1"": ""UL. KRAKOWSKA 3"", ""city"": ""NOWY TARG"", ""region"": ""MAŁOPOLSKIE"", ""country"": ""PL"", ""postal_code"": ""34-400""}",49.45445,20.01966,LEASE,803 PLN,per month,Diesel,Manual,FWD
237389,Doblò Furgon Xl · od 803 PLN/mies.,Fiat Professional Doblò Furgon Xl · Rata od 803 PLN netto/mies. · Leasing B2B · NOWY TARG · Sprawdź ofertę!,https://salon.fiatprofessional.pl/oferta/237389,https://cdn.fcapoland.pl/uploads/77/237389/520cf89b9f7be4c88585c619c241fca1.jpg,Fiat Professional,Doblò,2026,0,KM,Hatchback,Biały Gelato,New,103894 PLN,PLN,"{""addr1"": ""UL. KRAKOWSKA 3"", ""city"": ""NOWY TARG"", ""region"": ""MAŁOPOLSKIE"", ""country"": ""PL"", ""postal_code"": ""34-400""}",49.45445,20.01966,LEASE,803 PLN,per month,Diesel,Manual,FWD
237388,Doblò Furgon Xl · od 860 PLN/mies.,Fiat Professional Doblò Furgon Xl · Rata od 860 PLN netto/mies. · Leasing B2B · TARNOW · Sprawdź ofertę!,https://salon.fiatprofessional.pl/oferta/237388,https://cdn.fcapoland.pl/uploads/77/237388/1_render.png,Fiat Professional,Doblò,2026,0,KM,Hatchback,Biały Gelato,New,111362 PLN,PLN,"{""addr1"": ""UL. KRAKOWSKA 197"", ""city"": ""TARNOW"", ""region"": ""MAŁOPOLSKIE"", ""country"": ""PL"", ""postal_code"": ""33-100""}",49.997114,20.948609,LEASE,860 PLN,per month,Diesel,Manual,FWD
237365,Doblò Furgon Xl · od 900 PLN/mies.,Fiat Professional Doblò Furgon Xl · Rata od 900 PLN netto/mies. · Leasing B2B · POZNAN · Sprawdź ofertę!,https://salon.fiatprofessional.pl/oferta/237365,https://cdn.fcapoland.pl/uploads/77/237365/9cc4b44bc05fc34ee5237c138d414be2.jpg,Fiat Professional,Doblò,2026,0,KM,Hatchback,Szary Maestro,New,116666 PLN,PLN,"{""addr1"": ""UL. GORZYSLAWA 9"", ""city"": ""POZNAN"", ""region"": ""WIELKOPOLSKIE"", ""country"": ""PL"", ""postal_code"": ""61-057""}",52.408466,17.029606,LEASE,900 PLN,per month,Diesel,Automatic,FWD
237363,Doblò Furgon Xl · od 854 PLN/mies.,Fiat Professional Doblò Furgon Xl · Rata od 854 PLN netto/mies. · Leasing B2B · ŁÓDŹ · Sprawdź ofertę!,https://salon.fiatprofessional.pl/oferta/237363,https://cdn.fcapoland.pl/uploads/77/237363/374a07ea892435f9ef5f59a12db229e2.jpg,Fiat Professional,Doblò,2026,0,KM,Hatchback,Biały Gelato,New,110577 PLN,PLN,"{""addr1"": ""UL.PABIANICKA 94/96"", ""city"": ""ŁÓDŹ"", ""region"": ""ŁÓDZKIE"", ""country"": ""PL"", ""postal_code"": ""93-548""}",51.72592,19.44758,LEASE,854 PLN,per month,Diesel,Automatic,FWD
237349,Ducato Podwozie Do Zabudowy · od 1079 PLN/mies.,Fiat Professional Ducato Podwozie Do Zabudowy · Rata od 1079 PLN netto/mies. · Leasing B2B · FALENTY · Sprawdź ofertę!,https://salon.fiatprofessional.pl/oferta/237349,https://cdn.fcapoland.pl/uploads/77/237349/2c4e02580add33e9b84d75d0e41eaef7.jpg,Fiat Professional,Ducato,2026,0,KM,Van,Biały,New,176204 PLN,PLN,"{""addr1"": ""AL. KRAKOWSKA 8"", ""city"": ""FALENTY"", ""region"": ""MAZOWIECKIE"", ""country"": ""PL"", ""postal_code"": ""05-090""}",52.14213,20.90316,LEASE,1079 PLN,per month,Diesel,Manual,FWD
237290,Ducato Furgon · od 904 PLN/mies.,Fiat Professional Ducato Furgon · Rata od 904 PLN netto/mies. · Leasing B2B · ŁÓDŹ · Sprawdź ofertę!,https://salon.fiatprofessional.pl/oferta/237290,https://cdn.fcapoland.pl/uploads/77/237290/9f696118d525aa68d99827970bf0430d.jpg,Fiat Professional,Ducato,2026,0,KM,Van,Szary Lanzarote,New,147477 PLN,PLN,"{""addr1"": ""UL.PABIANICKA 94/96"", ""city"": ""ŁÓDŹ"", ""region"": ""ŁÓDZKIE"", ""country"": ""PL"", ""postal_code"": ""93-548""}",51.72592,19.44758,LEASE,904 PLN,per month,Diesel,Manual,FWD
237288,Ducato Furgon · od 845 PLN/mies.,Fiat Professional Ducato Furgon · Rata od 845 PLN netto/mies. · Leasing B2B · POZNAN · Sprawdź ofertę!,https://salon.fiatprofessional.pl/oferta/237288,https://cdn.fcapoland.pl/uploads/77/237288/f029ad2d1d01069c37be625addebf37a.jpg,Fiat Professional,Ducato,2026,0,KM,Van,Biały,New,137637 PLN,PLN,"{""addr1"": ""UL. GORZYSLAWA 9"", ""city"": ""POZNAN"", ""region"": ""WIELKOPOLSKIE"", ""country"": ""PL"", ""postal_code"": ""61-057""}",52.408466,17.029606,LEASE,845 PLN,per month,Diesel,Manual,FWD
237237,Doblò Furgon Xl · od 838 PLN/mies.,Fiat Professional Doblò Furgon Xl · Rata od 838 PLN netto/mies. · Leasing B2B · GDYNIA · Sprawdź ofertę!,https://salon.fiatprofessional.pl/oferta/237237,https://cdn.fcapoland.pl/uploads/77/237237/1_render.png,Fiat Professional,Doblò,2026,0,KM,Hatchback,Biały Gelato,New,108480 PLN,PLN,"{""addr1"": ""MORSKA 491"", ""city"": ""GDYNIA"", ""region"": ""POMORSKIE"", ""country"": ""PL"", ""postal_code"": ""81-002""}",54.549561,18.427188,LEASE,838 PLN,per month,Diesel,Manual,FWD
237225,Doblò Furgon Xl · od 817 PLN/mies.,Fiat Professional Doblò Furgon Xl · Rata od 817 PLN netto/mies. · Leasing B2B · SZCZECIN · Sprawdź ofertę!,https://salon.fiatprofessional.pl/oferta/237225,https://cdn.fcapoland.pl/uploads/77/237225/ed006714fab15f212d443dfa4657b2a6.jpg,Fiat Professional,Doblò,2026,0,KM,Hatchback,Biały Gelato,New,105728 PLN,PLN,"{""addr1"": ""USTOWO 57"", ""city"": ""SZCZECIN"", ""region"": ""ZACHODNIOPOMORSKIE"", ""country"": ""PL"", ""postal_code"": ""71-001""}",53.38756,14.498444,LEASE,817 PLN,per month,Diesel,Manual,FWD
237219,Doblò Furgon Xl · od 836 PLN/mies.,Fiat Professional Doblò Furgon Xl · Rata od 836 PLN netto/mies. · Leasing B2B · GORZOW WIELKOPOLSKI · Sprawdź ofertę!,https://salon.fiatprofessional.pl/oferta/237219,https://cdn.fcapoland.pl/uploads/77/237219/1_render.png,Fiat Professional,Doblò,2026,0,KM,Hatchback,Szary Maestro,New,108234 PLN,PLN,"{""addr1"": ""UL. KASPRZAKA 1A"", ""city"": ""GORZOW WIELKOPOLSKI"", ""region"": ""LUBUSKIE"", ""country"": ""PL"", ""postal_code"": ""66-400""}",52.716825,15.24883,LEASE,836 PLN,per month,Diesel,Manual,FWD
237166,Ducato Podwozie Do Zabudowy · od 785 PLN/mies.,Fiat Professional Ducato Podwozie Do Zabudowy · Rata od 785 PLN netto/mies. · Leasing B2B · KATOWICE · Sprawdź ofertę!,https://salon.fiatprofessional.pl/oferta/237166,https://cdn.fcapoland.pl/uploads/77/237166/4a130dd688185ce663bed6e32a3d55f0.jpg,Fiat Professional,Ducato,2026,0,KM,Van,Biały,New,127797 PLN,PLN,"{""addr1"": ""UL. KOSCIUSZKI 261"", ""city"": ""KATOWICE"", ""region"": ""ŚLĄSKIE"", ""country"": ""PL"", ""postal_code"": ""40-690""}",50.209822,18.965429,LEASE,785 PLN,per month,Diesel,Manual,FWD
237165,Ducato Podwozie Do Zabudowy · od 820 PLN/mies.,Fiat Professional Ducato Podwozie Do Zabudowy · Rata od 820 PLN netto/mies. · Leasing B2B · GORZOW WIELKOPOLSKI · Sprawdź ofertę!,https://salon.fiatprofessional.pl/oferta/237165,https://cdn.fcapoland.pl/uploads/77/237165/1_render.png,Fiat Professional,Ducato,2026,0,KM,Van,Biały,New,133550 PLN,PLN,"{""addr1"": ""UL. KASPRZAKA 1A"", ""city"": ""GORZOW WIELKOPOLSKI"", ""region"": ""LUBUSKIE"", ""country"": ""PL"", ""postal_code"": ""66-400""}",52.716825,15.24883,LEASE,820 PLN,per month,Diesel,Manual,FWD
237164,Ducato Podwozie Do Zabudowy · od 786 PLN/mies.,Fiat Professional Ducato Podwozie Do Zabudowy · Rata od 786 PLN netto/mies. · Leasing B2B · KATOWICE · Sprawdź ofertę!,https://salon.fiatprofessional.pl/oferta/237164,https://cdn.fcapoland.pl/uploads/77/237164/ca9c59f3867ce9539298331207e5b669.jpg,Fiat Professional,Ducato,2026,0,KM,Van,Biały,New,127883 PLN,PLN,"{""addr1"": ""UL. ROZDZIENSKIEGO 170"", ""city"": ""KATOWICE"", ""region"": ""ŚLĄSKIE"", ""country"": ""PL"", ""postal_code"": ""40-203""}",50.264224,19.049744,LEASE,786 PLN,per month,Diesel,Manual,FWD
237141,Scudo Furgon · od 983 PLN/mies.,Fiat Professional Scudo Furgon · Rata od 983 PLN netto/mies. · Leasing B2B · GDANSK · Sprawdź ofertę!,https://salon.fiatprofessional.pl/oferta/237141,https://cdn.fcapoland.pl/uploads/77/237141/1_render.png,Fiat Professional,Scudo,2026,0,KM,Van,Lakier bazowy Biały Gelato,New,127571 PLN,PLN,"{""addr1"": ""UL. MIALKI SZLAK 4/8"", ""city"": ""GDANSK"", ""region"": ""POMORSKIE"", ""country"": ""PL"", ""postal_code"": ""80-717""}",54.34872,18.67998,LEASE,983 PLN,per month,Diesel,Manual,FWD
237133,Ducato Furgon · od 1005 PLN/mies.,Fiat Professional Ducato Furgon · Rata od 1005 PLN netto/mies. · Leasing B2B · ZIELONA GORA · Sprawdź ofertę!,https://salon.fiatprofessional.pl/oferta/237133,https://cdn.fcapoland.pl/uploads/77/237133/c3d3e73cb62330c2706eee34f2496810.jpg,Fiat Professional,Ducato,2026,0,KM,Van,Szary Lanzarote,New,164012 PLN,PLN,"{""addr1"": ""UL. ST. BATOREGO 69A"", ""city"": ""ZIELONA GORA"", ""region"": ""LUBUSKIE"", ""country"": ""PL"", ""postal_code"": ""65-735""}",51.952379,15.499634,LEASE,1005 PLN,per month,Diesel,Manual,FWD
237127,Ducato Furgon · od 815 PLN/mies.,Fiat Professional Ducato Furgon · Rata od 815 PLN netto/mies. · Leasing B2B · OPOLE · Sprawdź ofertę!,https://salon.fiatprofessional.pl/oferta/237127,https://cdn.fcapoland.pl/uploads/77/237127/351fce0276490dfc70be97c4543697ec.jpg,Fiat Professional,Ducato,2026,0,KM,Van,Biały,New,132781 PLN,PLN,"{""addr1"": ""UL. OLESKA 152"", ""city"": ""OPOLE"", ""region"": ""OPOLSKIE"", ""country"": ""PL"", ""postal_code"": ""45-239""}",50.690422,17.950222,LEASE,815 PLN,per month,Diesel,Manual,FWD
237121,Ducato Furgon · od 887 PLN/mies.,Fiat Professional Ducato Furgon · Rata od 887 PLN netto/mies. · Leasing B2B · TARNOW · Sprawdź ofertę!,https://salon.fiatprofessional.pl/oferta/237121,https://cdn.fcapoland.pl/uploads/77/237121/1_render.png,Fiat Professional,Ducato,2026,0,KM,Van,Biały,New,144663 PLN,PLN,"{""addr1"": ""UL. KRAKOWSKA 197"", ""city"": ""TARNOW"", ""region"": ""MAŁOPOLSKIE"", ""country"": ""PL"", ""postal_code"": ""33-100""}",49.997114,20.948609,LEASE,887 PLN,per month,Diesel,Manual,FWD
237120,Ducato Furgon · od 867 PLN/mies.,Fiat Professional Ducato Furgon · Rata od 867 PLN netto/mies. · Leasing B2B · KATOWICE · Sprawdź ofertę!,https://salon.fiatprofessional.pl/oferta/237120,https://cdn.fcapoland.pl/uploads/77/237120/1e1004bcd1c6d84f132b82b7d116e54c.jpg,Fiat Professional,Ducato,2026,0,KM,Van,Biały,New,141327 PLN,PLN,"{""addr1"": ""UL. KOSCIUSZKI 261"", ""city"": ""KATOWICE"", ""region"": ""ŚLĄSKIE"", ""country"": ""PL"", ""postal_code"": ""40-690""}",50.209822,18.965429,LEASE,867 PLN,per month,Diesel,Manual,FWD
237101,Ducato Furgon · od 1024 PLN/mies.,Fiat Professional Ducato Furgon · Rata od 1024 PLN netto/mies. · Leasing B2B · SOSNOWIEC · Sprawdź ofertę!,https://salon.fiatprofessional.pl/oferta/237101,https://cdn.fcapoland.pl/uploads/77/237101/e7a0d14df2133a409e1d31e2be59a7e3.jpg,Fiat Professional,Ducato,2026,0,KM,Van,Szary Iron,New,167126 PLN,PLN,"{""addr1"": ""UL. ZUZANNY 36"", ""city"": ""SOSNOWIEC"", ""region"": ""ŚLĄSKIE"", ""country"": ""PL"", ""postal_code"": ""41-219""}",50.29942,19.16864,LEASE,1024 PLN,per month,Diesel,Manual,FWD
237097,Ducato Furgon · od 1268 PLN/mies.,Fiat Professional Ducato Furgon · Rata od 1268 PLN netto/mies. · Leasing B2B · KATOWICE · Sprawdź ofertę!,https://salon.fiatprofessional.pl/oferta/237097,https://cdn.fcapoland.pl/uploads/77/237097/11cb98a131814730d04ea47b25bf2308.jpg,Fiat Professional,Ducato,2026,0,KM,Van,Biały,New,207526 PLN,PLN,"{""addr1"": ""UL. ROZDZIENSKIEGO 170"", ""city"": ""KATOWICE"", ""region"": ""ŚLĄSKIE"", ""country"": ""PL"", ""postal_code"": ""40-203""}",50.264224,19.049744,LEASE,1268 PLN,per month,Diesel,Manual,FWD
237060,Ducato Podwozie Do Zabudowy · od 776 PLN/mies.,Fiat Professional Ducato Podwozie Do Zabudowy · Rata od 776 PLN netto/mies. · Leasing B2B · ZŁOTNIKI · Sprawdź ofertę!,https://salon.fiatprofessional.pl/oferta/237060,https://cdn.fcapoland.pl/uploads/77/237060/1_render.png,Fiat Professional,Ducato,2026,0,KM,Van,Biały,New,126258 PLN,PLN,"{""addr1"": ""UL. OBORNICKA 4"", ""city"": ""ZŁOTNIKI"", ""region"": ""WIELKOPOLSKIE"", ""country"": ""PL"", ""postal_code"": ""62-002""}",52.48747,16.8534,LEASE,776 PLN,per month,Diesel,Manual,FWD
237059,Ducato Podwozie Do Zabudowy · od 780 PLN/mies.,Fiat Professional Ducato Podwozie Do Zabudowy · Rata od 780 PLN netto/mies. · Leasing B2B · ŁÓDŹ · Sprawdź ofertę!,https://salon.fiatprofessional.pl/oferta/237059,https://cdn.fcapoland.pl/uploads/77/237059/1_render.png,Fiat Professional,Ducato,2026,0,KM,Van,Biały,New,127011 PLN,PLN,"{""addr1"": ""UL.PABIANICKA 94/96"", ""city"": ""ŁÓDŹ"", ""region"": ""ŁÓDZKIE"", ""country"": ""PL"", ""postal_code"": ""93-548""}",51.72592,19.44758,LEASE,780 PLN,per month,Diesel,Manual,FWD
237056,Ducato Podwozie Do Zabudowy · od 780 PLN/mies.,Fiat Professional Ducato Podwozie Do Zabudowy · Rata od 780 PLN netto/mies. · Leasing B2B · ŁÓDŹ · Sprawdź ofertę!,https://salon.fiatprofessional.pl/oferta/237056,https://cdn.fcapoland.pl/uploads/77/237056/1_render.png,Fiat Professional,Ducato,2026,0,KM,Van,Biały,New,127011 PLN,PLN,"{""addr1"": ""UL.PABIANICKA 94/96"", ""city"": ""ŁÓDŹ"", ""region"": ""ŁÓDZKIE"", ""country"": ""PL"", ""postal_code"": ""93-548""}",51.72592,19.44758,LEASE,780 PLN,per month,Diesel,Manual,FWD
237050,Ducato Podwozie Do Zabudowy · od 934 PLN/mies.,Fiat Professional Ducato Podwozie Do Zabudowy · Rata od 934 PLN netto/mies. · Leasing B2B · KATOWICE · Sprawdź ofertę!,https://salon.fiatprofessional.pl/oferta/237050,https://cdn.fcapoland.pl/uploads/77/237050/dc9dd1f534189d4a3edd806c9de0340e.jpg,Fiat Professional,Ducato,2026,0,KM,Van,Biały,New,152397 PLN,PLN,"{""addr1"": ""UL. KOSCIUSZKI 261"", ""city"": ""KATOWICE"", ""region"": ""ŚLĄSKIE"", ""country"": ""PL"", ""postal_code"": ""40-690""}",50.209822,18.965429,LEASE,934 PLN,per month,Diesel,Manual,FWD
237049,Ducato Podwozie Do Zabudowy · od 1054 PLN/mies.,Fiat Professional Ducato Podwozie Do Zabudowy · Rata od 1054 PLN netto/mies. · Leasing B2B · KATOWICE · Sprawdź ofertę!,https://salon.fiatprofessional.pl/oferta/237049,https://cdn.fcapoland.pl/uploads/77/237049/8d4581079ae9e492ce0c73003ebcb1eb.jpg,Fiat Professional,Ducato,2026,0,KM,Van,Biały,New,172077 PLN,PLN,"{""addr1"": ""UL. KOSCIUSZKI 261"", ""city"": ""KATOWICE"", ""region"": ""ŚLĄSKIE"", ""country"": ""PL"", ""postal_code"": ""40-690""}",50.209822,18.965429,LEASE,1054 PLN,per month,Diesel,Manual,FWD
237007,Ducato Furgon · od 845 PLN/mies.,Fiat Professional Ducato Furgon · Rata od 845 PLN netto/mies. · Leasing B2B · POZNAN · Sprawdź ofertę!,https://salon.fiatprofessional.pl/oferta/237007,https://cdn.fcapoland.pl/uploads/77/237007/197c7cdf9c22ec674cadcdf4b4c9e91c.jpg,Fiat Professional,Ducato,2026,0,KM,Van,Biały,New,137637 PLN,PLN,"{""addr1"": ""UL. GORZYSLAWA 9"", ""city"": ""POZNAN"", ""region"": ""WIELKOPOLSKIE"", ""country"": ""PL"", ""postal_code"": ""61-057""}",52.408466,17.029606,LEASE,845 PLN,per month,Diesel,Manual,FWD
237006,Ducato Furgon · od 819 PLN/mies.,Fiat Professional Ducato Furgon · Rata od 819 PLN netto/mies. · Leasing B2B · POZNAN · Sprawdź ofertę!,https://salon.fiatprofessional.pl/oferta/237006,https://cdn.fcapoland.pl/uploads/77/237006/346cfe2a8afea1f5de2c0b67a6a35dd4.jpg,Fiat Professional,Ducato,2026,0,KM,Van,Biały,New,133455 PLN,PLN,"{""addr1"": ""UL. GORZYSLAWA 9"", ""city"": ""POZNAN"", ""region"": ""WIELKOPOLSKIE"", ""country"": ""PL"", ""postal_code"": ""61-057""}",52.408466,17.029606,LEASE,819 PLN,per month,Diesel,Manual,FWD
237000,Ducato Furgon · od 752 PLN/mies.,Fiat Professional Ducato Furgon · Rata od 752 PLN netto/mies. · Leasing B2B · POZNAN · Sprawdź ofertę!,https://salon.fiatprofessional.pl/oferta/237000,https://cdn.fcapoland.pl/uploads/77/237000/3e6ecc9269450cc8ae33099c675fceee.jpg,Fiat Professional,Ducato,2026,0,KM,Van,Biały,New,122385 PLN,PLN,"{""addr1"": ""UL. GORZYSLAWA 9"", ""city"": ""POZNAN"", ""region"": ""WIELKOPOLSKIE"", ""country"": ""PL"", ""postal_code"": ""61-057""}",52.408466,17.029606,LEASE,752 PLN,per month,Diesel,Manual,FWD
236993,Ducato Furgon · od 919 PLN/mies.,Fiat Professional Ducato Furgon · Rata od 919 PLN netto/mies. · Leasing B2B · KATOWICE · Sprawdź ofertę!,https://salon.fiatprofessional.pl/oferta/236993,https://cdn.fcapoland.pl/uploads/77/236993/19123f6f00758dce551d5ad01f9ea827.jpg,Fiat Professional,Ducato,2026,0,KM,Van,Biały,New,149878 PLN,PLN,"{""addr1"": ""UL. ROZDZIENSKIEGO 170"", ""city"": ""KATOWICE"", ""region"": ""ŚLĄSKIE"", ""country"": ""PL"", ""postal_code"": ""40-203""}",50.264224,19.049744,LEASE,919 PLN,per month,Diesel,Manual,FWD
236985,Ducato Furgon · od 888 PLN/mies.,Fiat Professional Ducato Furgon · Rata od 888 PLN netto/mies. · Leasing B2B · SZCZECIN · Sprawdź ofertę!,https://salon.fiatprofessional.pl/oferta/236985,https://cdn.fcapoland.pl/uploads/77/236985/61aed2f1ea31ad00883c7fee49a9a375.jpg,Fiat Professional,Ducato,2026,0,KM,Van,Biały,New,144835 PLN,PLN,"{""addr1"": ""USTOWO 57"", ""city"": ""SZCZECIN"", ""region"": ""ZACHODNIOPOMORSKIE"", ""country"": ""PL"", ""postal_code"": ""71-001""}",53.38756,14.498444,LEASE,888 PLN,per month,Diesel,Manual,FWD
236907,Ducato Furgon · od 840 PLN/mies.,Fiat Professional Ducato Furgon · Rata od 840 PLN netto/mies. · Leasing B2B · OPOLE · Sprawdź ofertę!,https://salon.fiatprofessional.pl/oferta/236907,https://cdn.fcapoland.pl/uploads/77/236907/ca3622119a6469a4859aaac9165d7ad9.jpg,Fiat Professional,Ducato,2026,0,KM,Van,Biały,New,136817 PLN,PLN,"{""addr1"": ""UL. OLESKA 152"", ""city"": ""OPOLE"", ""region"": ""OPOLSKIE"", ""country"": ""PL"", ""postal_code"": ""45-239""}",50.690422,17.950222,LEASE,840 PLN,per month,Diesel,Manual,FWD
236905,Ducato Furgon · od 822 PLN/mies.,Fiat Professional Ducato Furgon · Rata od 822 PLN netto/mies. · Leasing B2B · KRAKÓW-LIBERTÓW · Sprawdź ofertę!,https://salon.fiatprofessional.pl/oferta/236905,https://cdn.fcapoland.pl/uploads/77/236905/d0ae99b51faa11a0a0c42ed89b209847.jpg,Fiat Professional,Ducato,2026,0,KM,Van,Biały,New,133824 PLN,PLN,"{""addr1"": ""UL. GÓRA LIBERTOWSKA 12"", ""city"": ""KRAKÓW-LIBERTÓW"", ""region"": ""MAŁOPOLSKIE"", ""country"": ""PL"", ""postal_code"": ""30-444""}",49.97992,19.90923,LEASE,822 PLN,per month,Diesel,Manual,FWD
236891,Ducato Podwozie Brygadowe Do Zabudowy · od 807 PLN/mies.,Fiat Professional Ducato Podwozie Brygadowe Do Zabudowy · Rata od 807 PLN netto/mies. · Leasing B2B · CZESTOCHOWA · Sprawdź ofertę!,https://salon.fiatprofessional.pl/oferta/236891,https://cdn.fcapoland.pl/uploads/77/236891/1_render.png,Fiat Professional,Ducato,2026,0,KM,Van,Biały,New,131353 PLN,PLN,"{""addr1"": ""UL. BUGAJSKA 6/8"", ""city"": ""CZESTOCHOWA"", ""region"": ""ŚLĄSKIE"", ""country"": ""PL"", ""postal_code"": ""42-200""}",50.766723,19.165467,LEASE,807 PLN,per month,Diesel,Manual,FWD
236869,Ducato Furgon · od 787 PLN/mies.,Fiat Professional Ducato Furgon · Rata od 787 PLN netto/mies. · Leasing B2B · OPOLE · Sprawdź ofertę!,https://salon.fiatprofessional.pl/oferta/236869,https://cdn.fcapoland.pl/uploads/77/236869/8588fe1f9fba8c026b7e7eff36aec081.jpg,Fiat Professional,Ducato,2026,0,KM,Van,Biały,New,128191 PLN,PLN,"{""addr1"": ""UL. OLESKA 152"", ""city"": ""OPOLE"", ""region"": ""OPOLSKIE"", ""country"": ""PL"", ""postal_code"": ""45-239""}",50.690422,17.950222,LEASE,787 PLN,per month,Diesel,Manual,FWD
236864,Ducato Furgon · od 785 PLN/mies.,Fiat Professional Ducato Furgon · Rata od 785 PLN netto/mies. · Leasing B2B · KRAKÓW-LIBERTÓW · Sprawdź ofertę!,https://salon.fiatprofessional.pl/oferta/236864,https://cdn.fcapoland.pl/uploads/77/236864/12ce78dd5f9863fbaf2399b56632e137.jpg,Fiat Professional,Ducato,2026,0,KM,Van,Biały,New,127797 PLN,PLN,"{""addr1"": ""UL. GÓRA LIBERTOWSKA 12"", ""city"": ""KRAKÓW-LIBERTÓW"", ""region"": ""MAŁOPOLSKIE"", ""country"": ""PL"", ""postal_code"": ""30-444""}",49.97992,19.90923,LEASE,785 PLN,per month,Diesel,Manual,FWD
236848,Ducato Furgon · od 1055 PLN/mies.,Fiat Professional Ducato Furgon · Rata od 1055 PLN netto/mies. · Leasing B2B · ZIELONA GORA · Sprawdź ofertę!,https://salon.fiatprofessional.pl/oferta/236848,https://cdn.fcapoland.pl/uploads/77/236848/b1b30b664f054e2a3c464d0ec5d236cb.jpg,Fiat Professional,Ducato,2026,0,KM,Van,Biały,New,172286 PLN,PLN,"{""addr1"": ""UL. ST. BATOREGO 69A"", ""city"": ""ZIELONA GORA"", ""region"": ""LUBUSKIE"", ""country"": ""PL"", ""postal_code"": ""65-735""}",51.952379,15.499634,LEASE,1055 PLN,per month,Diesel,Automatic,FWD
236838,Doblò Furgon M · od 761 PLN/mies.,Fiat Professional Doblò Furgon M · Rata od 761 PLN netto/mies. · Leasing B2B · KRAKOW · Sprawdź ofertę!,https://salon.fiatprofessional.pl/oferta/236838,https://cdn.fcapoland.pl/uploads/77/236838/1_render.png,Fiat Professional,Doblò,2026,0,KM,Hatchback,Biały Gelato,New,98393 PLN,PLN,"{""addr1"": ""UL. RADZIKOWSKIEGO 160"", ""city"": ""KRAKOW"", ""region"": ""MAŁOPOLSKIE"", ""country"": ""PL"", ""postal_code"": ""31-342""}",50.088212,19.888814,LEASE,761 PLN,per month,Diesel,Manual,FWD
236837,Doblò Furgon M · od 761 PLN/mies.,Fiat Professional Doblò Furgon M · Rata od 761 PLN netto/mies. · Leasing B2B · KRAKOW · Sprawdź ofertę!,https://salon.fiatprofessional.pl/oferta/236837,https://cdn.fcapoland.pl/uploads/77/236837/1_render.png,Fiat Professional,Doblò,2026,0,KM,Hatchback,Biały Gelato,New,98393 PLN,PLN,"{""addr1"": ""UL. RADZIKOWSKIEGO 160"", ""city"": ""KRAKOW"", ""region"": ""MAŁOPOLSKIE"", ""country"": ""PL"", ""postal_code"": ""31-342""}",50.088212,19.888814,LEASE,761 PLN,per month,Diesel,Manual,FWD
236810,Ducato Furgon · od 830 PLN/mies.,Fiat Professional Ducato Furgon · Rata od 830 PLN netto/mies. · Leasing B2B · KRAKÓW-LIBERTÓW · Sprawdź ofertę!,https://salon.fiatprofessional.pl/oferta/236810,https://cdn.fcapoland.pl/uploads/77/236810/adba08732d4b0672dfee5ccdd369161b.jpg,Fiat Professional,Ducato,2026,0,KM,Van,Biały,New,135177 PLN,PLN,"{""addr1"": ""UL. GÓRA LIBERTOWSKA 12"", ""city"": ""KRAKÓW-LIBERTÓW"", ""region"": ""MAŁOPOLSKIE"", ""country"": ""PL"", ""postal_code"": ""30-444""}",49.97992,19.90923,LEASE,830 PLN,per month,Diesel,Manual,FWD
236809,Ducato Furgon · od 811 PLN/mies.,Fiat Professional Ducato Furgon · Rata od 811 PLN netto/mies. · Leasing B2B · KRAKÓW-LIBERTÓW · Sprawdź ofertę!,https://salon.fiatprofessional.pl/oferta/236809,https://cdn.fcapoland.pl/uploads/77/236809/fb090c856f509752ea6a5b9bee87a24f.jpg,Fiat Professional,Ducato,2026,0,KM,Van,Biały,New,132102 PLN,PLN,"{""addr1"": ""UL. GÓRA LIBERTOWSKA 12"", ""city"": ""KRAKÓW-LIBERTÓW"", ""region"": ""MAŁOPOLSKIE"", ""country"": ""PL"", ""postal_code"": ""30-444""}",49.97992,19.90923,LEASE,811 PLN,per month,Diesel,Manual,FWD
236803,Ducato Furgon · od 861 PLN/mies.,Fiat Professional Ducato Furgon · Rata od 861 PLN netto/mies. · Leasing B2B · SLUPSK · Sprawdź ofertę!,https://salon.fiatprofessional.pl/oferta/236803,https://cdn.fcapoland.pl/uploads/77/236803/1_render.png,Fiat Professional,Ducato,2026,0,KM,Van,Biały,New,140329 PLN,PLN,"{""addr1"": ""UL. POZNANSKA 74"", ""city"": ""SLUPSK"", ""region"": ""POMORSKIE"", ""country"": ""PL"", ""postal_code"": ""76-200""}",54.45185,17.01674,LEASE,861 PLN,per month,Diesel,Manual,FWD
236801,Ducato Furgon · od 861 PLN/mies.,Fiat Professional Ducato Furgon · Rata od 861 PLN netto/mies. · Leasing B2B · SLUPSK · Sprawdź ofertę!,https://salon.fiatprofessional.pl/oferta/236801,https://cdn.fcapoland.pl/uploads/77/236801/1_render.png,Fiat Professional,Ducato,2026,0,KM,Van,Biały,New,140329 PLN,PLN,"{""addr1"": ""UL. POZNANSKA 74"", ""city"": ""SLUPSK"", ""region"": ""POMORSKIE"", ""country"": ""PL"", ""postal_code"": ""76-200""}",54.45185,17.01674,LEASE,861 PLN,per month,Diesel,Manual,FWD
236800,Ducato Furgon · od 861 PLN/mies.,Fiat Professional Ducato Furgon · Rata od 861 PLN netto/mies. · Leasing B2B · SLUPSK · Sprawdź ofertę!,https://salon.fiatprofessional.pl/oferta/236800,https://cdn.fcapoland.pl/uploads/77/236800/1_render.png,Fiat Professional,Ducato,2026,0,KM,Van,Biały,New,140329 PLN,PLN,"{""addr1"": ""UL. POZNANSKA 74"", ""city"": ""SLUPSK"", ""region"": ""POMORSKIE"", ""country"": ""PL"", ""postal_code"": ""76-200""}",54.45185,17.01674,LEASE,861 PLN,per month,Diesel,Manual,FWD
236771,Ducato Furgon · od 986 PLN/mies.,Fiat Professional Ducato Furgon · Rata od 986 PLN netto/mies. · Leasing B2B · WARSZAWA · Sprawdź ofertę!,https://salon.fiatprofessional.pl/oferta/236771,https://cdn.fcapoland.pl/uploads/77/236771/1_render.png,Fiat Professional,Ducato,2026,0,KM,Van,Biały,New,160974 PLN,PLN,"{""addr1"": ""UL. POLCZYNSKA 33"", ""city"": ""WARSZAWA"", ""region"": ""MAZOWIECKIE"", ""country"": ""PL"", ""postal_code"": ""01-377""}",52.218745,20.914414,LEASE,986 PLN,per month,Diesel,Automatic,FWD
236770,Ducato Furgon · od 986 PLN/mies.,Fiat Professional Ducato Furgon · Rata od 986 PLN netto/mies. · Leasing B2B · WARSZAWA · Sprawdź ofertę!,https://salon.fiatprofessional.pl/oferta/236770,https://cdn.fcapoland.pl/uploads/77/236770/1_render.png,Fiat Professional,Ducato,2026,0,KM,Van,Biały,New,160974 PLN,PLN,"{""addr1"": ""UL. POLCZYNSKA 33"", ""city"": ""WARSZAWA"", ""region"": ""MAZOWIECKIE"", ""country"": ""PL"", ""postal_code"": ""01-377""}",52.218745,20.914414,LEASE,986 PLN,per month,Diesel,Automatic,FWD
236705,Ducato Podwozie Brygadowe Do Zabudowy · od 970 PLN/mies.,Fiat Professional Ducato Podwozie Brygadowe Do Zabudowy · Rata od 970 PLN netto/mies. · Leasing B2B · FALENTY · Sprawdź ofertę!,https://salon.fiatprofessional.pl/oferta/236705,https://cdn.fcapoland.pl/uploads/77/236705/6a4e257a12d801ee04b25dda74f0cd5c.jpg,Fiat Professional,Ducato,2026,0,KM,Van,Biały,New,158318 PLN,PLN,"{""addr1"": ""AL. KRAKOWSKA 8"", ""city"": ""FALENTY"", ""region"": ""MAZOWIECKIE"", ""country"": ""PL"", ""postal_code"": ""05-090""}",52.14213,20.90316,LEASE,970 PLN,per month,Diesel,Manual,FWD
236703,Ducato Podwozie Do Zabudowy · od 777 PLN/mies.,Fiat Professional Ducato Podwozie Do Zabudowy · Rata od 777 PLN netto/mies. · Leasing B2B · ZŁOTNIKI · Sprawdź ofertę!,https://salon.fiatprofessional.pl/oferta/236703,https://cdn.fcapoland.pl/uploads/77/236703/1_render.png,Fiat Professional,Ducato,2026,0,KM,Van,Biały,New,126429 PLN,PLN,"{""addr1"": ""UL. OBORNICKA 4"", ""city"": ""ZŁOTNIKI"", ""region"": ""WIELKOPOLSKIE"", ""country"": ""PL"", ""postal_code"": ""62-002""}",52.48747,16.8534,LEASE,777 PLN,per month,Diesel,Manual,FWD
236692,Ulysse Business · od 1521 PLN/mies.,Fiat Professional Ulysse Business · Rata od 1521 PLN netto/mies. · Leasing B2B · RZESZOW · Sprawdź ofertę!,https://salon.fiatprofessional.pl/oferta/236692,https://cdn.fcapoland.pl/uploads/77/236692/5ba5dc612f7dc40575b0049963c26dab.jpg,Fiat Professional,Ulysse,2026,0,KM,Van,Lakier metalizowany Szary Maestro,New,198030 PLN,PLN,"{""addr1"": ""UL. WARSZAWSKA 135"", ""city"": ""RZESZOW"", ""region"": ""PODKARPACKIE"", ""country"": ""PL"", ""postal_code"": ""35-205""}",50.081623,21.984324,LEASE,1521 PLN,per month,Diesel,Automatic,FWD
236682,Ducato Furgon · od 785 PLN/mies.,Fiat Professional Ducato Furgon · Rata od 785 PLN netto/mies. · Leasing B2B · NOWY TARG · Sprawdź ofertę!,https://salon.fiatprofessional.pl/oferta/236682,https://cdn.fcapoland.pl/uploads/77/236682/1_render.png,Fiat Professional,Ducato,2026,0,KM,Van,Biały,New,127755 PLN,PLN,"{""addr1"": ""UL. KRAKOWSKA 3"", ""city"": ""NOWY TARG"", ""region"": ""MAŁOPOLSKIE"", ""country"": ""PL"", ""postal_code"": ""34-400""}",49.45445,20.01966,LEASE,785 PLN,per month,Diesel,Manual,FWD
236677,Ducato Furgon · od 785 PLN/mies.,Fiat Professional Ducato Furgon · Rata od 785 PLN netto/mies. · Leasing B2B · NOWY TARG · Sprawdź ofertę!,https://salon.fiatprofessional.pl/oferta/236677,https://cdn.fcapoland.pl/uploads/77/236677/970168b23588cbd4d6becefc54cc1bc7.jpg,Fiat Professional,Ducato,2026,0,KM,Van,Biały,New,127755 PLN,PLN,"{""addr1"": ""UL. KRAKOWSKA 3"", ""city"": ""NOWY TARG"", ""region"": ""MAŁOPOLSKIE"", ""country"": ""PL"", ""postal_code"": ""34-400""}",49.45445,20.01966,LEASE,785 PLN,per month,Diesel,Manual,FWD
236672,Ducato Furgon · od 808 PLN/mies.,Fiat Professional Ducato Furgon · Rata od 808 PLN netto/mies. · Leasing B2B · NOWY TARG · Sprawdź ofertę!,https://salon.fiatprofessional.pl/oferta/236672,https://cdn.fcapoland.pl/uploads/77/236672/e90b2b4341969dd781182680dc71d6f3.jpg,Fiat Professional,Ducato,2026,0,KM,Van,Biały,New,131567 PLN,PLN,"{""addr1"": ""UL. KRAKOWSKA 3"", ""city"": ""NOWY TARG"", ""region"": ""MAŁOPOLSKIE"", ""country"": ""PL"", ""postal_code"": ""34-400""}",49.45445,20.01966,LEASE,808 PLN,per month,Diesel,Manual,FWD
236661,Ducato Podwozie Brygadowe Do Zabudowy · od 846 PLN/mies.,Fiat Professional Ducato Podwozie Brygadowe Do Zabudowy · Rata od 846 PLN netto/mies. · Leasing B2B · ŁÓDŹ · Sprawdź ofertę!,https://salon.fiatprofessional.pl/oferta/236661,https://cdn.fcapoland.pl/uploads/77/236661/1_render.png,Fiat Professional,Ducato,2026,0,KM,Van,Biały,New,137808 PLN,PLN,"{""addr1"": ""UL.PABIANICKA 94/96"", ""city"": ""ŁÓDŹ"", ""region"": ""ŁÓDZKIE"", ""country"": ""PL"", ""postal_code"": ""93-548""}",51.72592,19.44758,LEASE,846 PLN,per month,Diesel,Manual,FWD
236660,Ducato Podwozie Brygadowe Do Zabudowy · od 965 PLN/mies.,Fiat Professional Ducato Podwozie Brygadowe Do Zabudowy · Rata od 965 PLN netto/mies. · Leasing B2B · ŁÓDŹ · Sprawdź ofertę!,https://salon.fiatprofessional.pl/oferta/236660,https://cdn.fcapoland.pl/uploads/77/236660/932afbb04a24335f4407422f9381e080.jpg,Fiat Professional,Ducato,2026,0,KM,Van,Biały,New,157415 PLN,PLN,"{""addr1"": ""UL.PABIANICKA 94/96"", ""city"": ""ŁÓDŹ"", ""region"": ""ŁÓDZKIE"", ""country"": ""PL"", ""postal_code"": ""93-548""}",51.72592,19.44758,LEASE,965 PLN,per month,Diesel,Manual,FWD
236658,Ducato Podwozie Do Zabudowy · od 861 PLN/mies.,Fiat Professional Ducato Podwozie Do Zabudowy · Rata od 861 PLN netto/mies. · Leasing B2B · ŁÓDŹ · Sprawdź ofertę!,https://salon.fiatprofessional.pl/oferta/236658,https://cdn.fcapoland.pl/uploads/77/236658/1_render.png,Fiat Professional,Ducato,2026,0,KM,Van,Szary Expedition,New,140312 PLN,PLN,"{""addr1"": ""UL.PABIANICKA 94/96"", ""city"": ""ŁÓDŹ"", ""region"": ""ŁÓDZKIE"", ""country"": ""PL"", ""postal_code"": ""93-548""}",51.72592,19.44758,LEASE,861 PLN,per month,Diesel,Manual,FWD
236657,Ducato Podwozie Do Zabudowy · od 1130 PLN/mies.,Fiat Professional Ducato Podwozie Do Zabudowy · Rata od 1130 PLN netto/mies. · Leasing B2B · FALENTY · Sprawdź ofertę!,https://salon.fiatprofessional.pl/oferta/236657,https://cdn.fcapoland.pl/uploads/77/236657/fce9523a92217122fae7a24603d784db.jpg,Fiat Professional,Ducato,2026,0,KM,Van,Szary Lanzarote,New,184703 PLN,PLN,"{""addr1"": ""AL. KRAKOWSKA 8"", ""city"": ""FALENTY"", ""region"": ""MAZOWIECKIE"", ""country"": ""PL"", ""postal_code"": ""05-090""}",52.14213,20.90316,LEASE,1130 PLN,per month,Diesel,Manual,FWD
236644,Scudo Brygadowy Składany · od 1081 PLN/mies.,Fiat Professional Scudo Brygadowy Składany · Rata od 1081 PLN netto/mies. · Leasing B2B · NOWY TARG · Sprawdź ofertę!,https://salon.fiatprofessional.pl/oferta/236644,https://cdn.fcapoland.pl/uploads/77/236644/33a4377be358e67847b7b3698073c731.jpg,Fiat Professional,Scudo,2026,0,KM,Van,Lakier bazowy Biały Gelato,New,140427 PLN,PLN,"{""addr1"": ""UL. KRAKOWSKA 3"", ""city"": ""NOWY TARG"", ""region"": ""MAŁOPOLSKIE"", ""country"": ""PL"", ""postal_code"": ""34-400""}",49.45445,20.01966,LEASE,1081 PLN,per month,Diesel,Manual,FWD
236624,Ulysse Business · od 1482 PLN/mies.,Fiat Professional Ulysse Business · Rata od 1482 PLN netto/mies. · Leasing B2B · GDANSK · Sprawdź ofertę!,https://salon.fiatprofessional.pl/oferta/236624,https://cdn.fcapoland.pl/uploads/77/236624/e2dd4b26b55d5d67893c24bf764d7625.jpg,Fiat Professional,Ulysse,2026,0,KM,Van,Lakier metalizowany Szary Maestro,New,192987 PLN,PLN,"{""addr1"": ""UL. POTOKOWA 15AC"", ""city"": ""GDANSK"", ""region"": ""POMORSKIE"", ""country"": ""PL"", ""postal_code"": ""80-283""}",54.368945,18.570911,LEASE,1482 PLN,per month,Diesel,Automatic,FWD
236570,Ducato Podwozie Do Zabudowy · od 1044 PLN/mies.,Fiat Professional Ducato Podwozie Do Zabudowy · Rata od 1044 PLN netto/mies. · Leasing B2B · FALENTY · Sprawdź ofertę!,https://salon.fiatprofessional.pl/oferta/236570,https://cdn.fcapoland.pl/uploads/77/236570/fcaea8289b0f1a1ae6b859f50261567b.jpg,Fiat Professional,Ducato,2026,0,KM,Van,Biały,New,170568 PLN,PLN,"{""addr1"": ""AL. KRAKOWSKA 8"", ""city"": ""FALENTY"", ""region"": ""MAZOWIECKIE"", ""country"": ""PL"", ""postal_code"": ""05-090""}",52.14213,20.90316,LEASE,1044 PLN,per month,Diesel,Manual,FWD
236478,Ducato Podwozie Brygadowe Do Zabudowy · od 974 PLN/mies.,Fiat Professional Ducato Podwozie Brygadowe Do Zabudowy · Rata od 974 PLN netto/mies. · Leasing B2B · FALENTY · Sprawdź ofertę!,https://salon.fiatprofessional.pl/oferta/236478,https://cdn.fcapoland.pl/uploads/77/236478/6e687cb1696672945e4f393b47469997.jpg,Fiat Professional,Ducato,2026,0,KM,Van,Biały,New,158928 PLN,PLN,"{""addr1"": ""AL. KRAKOWSKA 8"", ""city"": ""FALENTY"", ""region"": ""MAZOWIECKIE"", ""country"": ""PL"", ""postal_code"": ""05-090""}",52.14213,20.90316,LEASE,974 PLN,per month,Diesel,Manual,FWD
236477,Ducato Podwozie Brygadowe Do Zabudowy · od 790 PLN/mies.,Fiat Professional Ducato Podwozie Brygadowe Do Zabudowy · Rata od 790 PLN netto/mies. · Leasing B2B · KRAKOW · Sprawdź ofertę!,https://salon.fiatprofessional.pl/oferta/236477,https://cdn.fcapoland.pl/uploads/77/236477/1_render.png,Fiat Professional,Ducato,2026,0,KM,Van,Biały,New,128601 PLN,PLN,"{""addr1"": ""UL. RADZIKOWSKIEGO 160"", ""city"": ""KRAKOW"", ""region"": ""MAŁOPOLSKIE"", ""country"": ""PL"", ""postal_code"": ""31-342""}",50.088212,19.888814,LEASE,790 PLN,per month,Diesel,Manual,FWD
236472,Scudo Furgon · od 939 PLN/mies.,Fiat Professional Scudo Furgon · Rata od 939 PLN netto/mies. · Leasing B2B · PSZCZYNA · Sprawdź ofertę!,https://salon.fiatprofessional.pl/oferta/236472,https://cdn.fcapoland.pl/uploads/77/236472/1_render.png,Fiat Professional,Scudo,2026,0,KM,Van,Lakier bazowy Biały Gelato,New,121720 PLN,PLN,"{""addr1"": ""BIELSKA 31C"", ""city"": ""PSZCZYNA"", ""region"": ""ŚLĄSKIE"", ""country"": ""PL"", ""postal_code"": ""43-200""}",49.9645,18.959827,LEASE,939 PLN,per month,Diesel,Manual,FWD
236426,Ducato Skrzynia · od 877 PLN/mies.,Fiat Professional Ducato Skrzynia · Rata od 877 PLN netto/mies. · Leasing B2B · ŁÓDŹ · Sprawdź ofertę!,https://salon.fiatprofessional.pl/oferta/236426,https://cdn.fcapoland.pl/uploads/77/236426/1_render.png,Fiat Professional,Ducato,2026,0,KM,Van,Biały,New,143039 PLN,PLN,"{""addr1"": ""UL. SZPARAGOWA 4"", ""city"": ""ŁÓDŹ"", ""region"": ""ŁÓDZKIE"", ""country"": ""PL"", ""postal_code"": ""91-211""}",51.8027,19.37677,LEASE,877 PLN,per month,Diesel,Manual,FWD
236418,Ducato Podwozie Brygadowe Do Zabudowy · od 1083 PLN/mies.,Fiat Professional Ducato Podwozie Brygadowe Do Zabudowy · Rata od 1083 PLN netto/mies. · Leasing B2B · KATOWICE · Sprawdź ofertę!,https://salon.fiatprofessional.pl/oferta/236418,https://cdn.fcapoland.pl/uploads/77/236418/103e69ada3815644906d225bbd3befad.jpg,Fiat Professional,Ducato,2026,0,KM,Van,Biały,New,176997 PLN,PLN,"{""addr1"": ""UL. KOSCIUSZKI 261"", ""city"": ""KATOWICE"", ""region"": ""ŚLĄSKIE"", ""country"": ""PL"", ""postal_code"": ""40-690""}",50.209822,18.965429,LEASE,1083 PLN,per month,Diesel,Manual,FWD
236399,Scudo Furgon · od 1041 PLN/mies.,Fiat Professional Scudo Furgon · Rata od 1041 PLN netto/mies. · Leasing B2B · GDANSK · Sprawdź ofertę!,https://salon.fiatprofessional.pl/oferta/236399,https://cdn.fcapoland.pl/uploads/77/236399/3e4f7709a7271be541a270a6946ac2cf.jpg,Fiat Professional,Scudo,2026,0,KM,Van,Lakier bazowy Biały Gelato,New,135177 PLN,PLN,"{""addr1"": ""UL. POTOKOWA 15AC"", ""city"": ""GDANSK"", ""region"": ""POMORSKIE"", ""country"": ""PL"", ""postal_code"": ""80-283""}",54.368945,18.570911,LEASE,1041 PLN,per month,Diesel,Manual,FWD
236377,Ducato Podwozie Brygadowe Do Zabudowy · od 865 PLN/mies.,Fiat Professional Ducato Podwozie Brygadowe Do Zabudowy · Rata od 865 PLN netto/mies. · Leasing B2B · BIELSKO-BIAŁA · Sprawdź ofertę!,https://salon.fiatprofessional.pl/oferta/236377,https://cdn.fcapoland.pl/uploads/77/236377/1_render.png,Fiat Professional,Ducato,2026,0,KM,Van,Biały,New,141038 PLN,PLN,"{""addr1"": ""UL. WARSZAWSKA 158"", ""city"": ""BIELSKO-BIAŁA"", ""region"": ""ŚLĄSKIE"", ""country"": ""PL"", ""postal_code"": ""43-300""}",49.84307,19.03564,LEASE,865 PLN,per month,Diesel,Manual,FWD
236373,Ducato Podwozie Brygadowe Do Zabudowy · od 819 PLN/mies.,Fiat Professional Ducato Podwozie Brygadowe Do Zabudowy · Rata od 819 PLN netto/mies. · Leasing B2B · WARSZAWA · Sprawdź ofertę!,https://salon.fiatprofessional.pl/oferta/236373,https://cdn.fcapoland.pl/uploads/77/236373/1_render.png,Fiat Professional,Ducato,2026,0,KM,Van,Biały,New,133430 PLN,PLN,"{""addr1"": ""UL. POLCZYNSKA 33"", ""city"": ""WARSZAWA"", ""region"": ""MAZOWIECKIE"", ""country"": ""PL"", ""postal_code"": ""01-377""}",52.218745,20.914414,LEASE,819 PLN,per month,Diesel,Manual,FWD
236355,Ulysse Business Vip · od 2140 PLN/mies.,Fiat Professional Ulysse Business Vip · Rata od 2140 PLN netto/mies. · Leasing B2B · KATOWICE · Sprawdź ofertę!,https://salon.fiatprofessional.pl/oferta/236355,https://cdn.fcapoland.pl/uploads/77/236355/678be7092e88b49870160294d56c623d.jpg,Fiat Professional,Ulysse,2026,0,KM,Van,Lakier metalizowany Szary Colosseo,New,279210 PLN,PLN,"{""addr1"": ""UL. KOSCIUSZKI 261"", ""city"": ""KATOWICE"", ""region"": ""ŚLĄSKIE"", ""country"": ""PL"", ""postal_code"": ""40-690""}",50.209822,18.965429,LEASE,2140 PLN,per month,Diesel,Automatic,FWD
236354,Ulysse Business · od 1511 PLN/mies.,Fiat Professional Ulysse Business · Rata od 1511 PLN netto/mies. · Leasing B2B · RZESZOW · Sprawdź ofertę!,https://salon.fiatprofessional.pl/oferta/236354,https://cdn.fcapoland.pl/uploads/77/236354/03ea049f97b8860d20aee4cfe0c700e1.jpg,Fiat Professional,Ulysse,2026,0,KM,Van,Lakier bazowy Biały Gelato,New,196800 PLN,PLN,"{""addr1"": ""UL. WARSZAWSKA 135"", ""city"": ""RZESZOW"", ""region"": ""PODKARPACKIE"", ""country"": ""PL"", ""postal_code"": ""35-205""}",50.081623,21.984324,LEASE,1511 PLN,per month,Diesel,Automatic,FWD
236259,Ducato Podwozie Do Zabudowy · od 868 PLN/mies.,Fiat Professional Ducato Podwozie Do Zabudowy · Rata od 868 PLN netto/mies. · Leasing B2B · ELBLAG · Sprawdź ofertę!,https://salon.fiatprofessional.pl/oferta/236259,https://cdn.fcapoland.pl/uploads/77/236259/1_render.png,Fiat Professional,Ducato,2026,0,KM,Van,Szary Expedition,New,141500 PLN,PLN,"{""addr1"": ""UL. NOWODWORSKA 46"", ""city"": ""ELBLAG"", ""region"": ""WARMIŃSKO-MAZURSKIE"", ""country"": ""PL"", ""postal_code"": ""82-300""}",54.166,19.37664,LEASE,868 PLN,per month,Diesel,Manual,FWD
236258,Ducato Furgon · od 798 PLN/mies.,Fiat Professional Ducato Furgon · Rata od 798 PLN netto/mies. · Leasing B2B · KATOWICE · Sprawdź ofertę!,https://salon.fiatprofessional.pl/oferta/236258,https://cdn.fcapoland.pl/uploads/77/236258/12fd241269b743439d2ffff37fcf2bf2.jpg,Fiat Professional,Ducato,2026,0,KM,Van,Biały,New,129849 PLN,PLN,"{""addr1"": ""UL. ROZDZIENSKIEGO 170"", ""city"": ""KATOWICE"", ""region"": ""ŚLĄSKIE"", ""country"": ""PL"", ""postal_code"": ""40-203""}",50.264224,19.049744,LEASE,798 PLN,per month,Diesel,Manual,FWD
236220,Ducato Skrzynia · od 1098 PLN/mies.,Fiat Professional Ducato Skrzynia · Rata od 1098 PLN netto/mies. · Leasing B2B · WROCLAW · Sprawdź ofertę!,https://salon.fiatprofessional.pl/oferta/236220,https://cdn.fcapoland.pl/uploads/77/236220/c6866d7067353c066b1a7ea2ab69b8c0.jpg,Fiat Professional,Ducato,2026,0,KM,Van,Biały,New,142557 PLN,PLN,"{""addr1"": ""UL. ZMIGRODZKA 251"", ""city"": ""WROCLAW"", ""region"": ""DOLNOŚLĄSKIE"", ""country"": ""PL"", ""postal_code"": ""51-129""}",51.162768,17.02893,LEASE,1098 PLN,per month,Diesel,Manual,FWD
236207,Ducato Furgon · od 904 PLN/mies.,Fiat Professional Ducato Furgon · Rata od 904 PLN netto/mies. · Leasing B2B · WROCLAW · Sprawdź ofertę!,https://salon.fiatprofessional.pl/oferta/236207,https://cdn.fcapoland.pl/uploads/77/236207/e8a398a6bb67e2b76acf8a474e9f318e.jpg,Fiat Professional,Ducato,2026,0,KM,Van,Biały,New,147477 PLN,PLN,"{""addr1"": ""UL. ZMIGRODZKA 251"", ""city"": ""WROCLAW"", ""region"": ""DOLNOŚLĄSKIE"", ""country"": ""PL"", ""postal_code"": ""51-129""}",51.162768,17.02893,LEASE,904 PLN,per month,Diesel,Manual,FWD
236193,Ducato Wywrotka 3-Stronna Brygadowa · od 1071 PLN/mies.,Fiat Professional Ducato Wywrotka 3-Stronna Brygadowa · Rata od 1071 PLN netto/mies. · Leasing B2B · SZCZECIN · Sprawdź ofertę!,https://salon.fiatprofessional.pl/oferta/236193,https://cdn.fcapoland.pl/uploads/77/236193/b770f4fe433c7f27ea2c7ee475a8ef7b.jpg,Fiat Professional,Ducato,2026,0,KM,Van,Biały,New,174976 PLN,PLN,"{""addr1"": ""USTOWO 57"", ""city"": ""SZCZECIN"", ""region"": ""ZACHODNIOPOMORSKIE"", ""country"": ""PL"", ""postal_code"": ""71-001""}",53.38756,14.498444,LEASE,1071 PLN,per month,Diesel,Manual,FWD
236192,Ducato Wywrotka 3-Stronna Brygadowa · od 1062 PLN/mies.,Fiat Professional Ducato Wywrotka 3-Stronna Brygadowa · Rata od 1062 PLN netto/mies. · Leasing B2B · SZCZECIN · Sprawdź ofertę!,https://salon.fiatprofessional.pl/oferta/236192,https://cdn.fcapoland.pl/uploads/77/236192/97ab409bb4f4fef47c10722912af5c46.jpg,Fiat Professional,Ducato,2026,0,KM,Van,Biały,New,173418 PLN,PLN,"{""addr1"": ""USTOWO 57"", ""city"": ""SZCZECIN"", ""region"": ""ZACHODNIOPOMORSKIE"", ""country"": ""PL"", ""postal_code"": ""71-001""}",53.38756,14.498444,LEASE,1062 PLN,per month,Diesel,Manual,FWD
236191,Ducato Podwozie Brygadowe Do Zabudowy · od 856 PLN/mies.,Fiat Professional Ducato Podwozie Brygadowe Do Zabudowy · Rata od 856 PLN netto/mies. · Leasing B2B · KATOWICE · Sprawdź ofertę!,https://salon.fiatprofessional.pl/oferta/236191,https://cdn.fcapoland.pl/uploads/77/236191/2c8d5075f32ac3a0ff2fc97f06770425.jpg,Fiat Professional,Ducato,2026,0,KM,Van,Biały,New,139559 PLN,PLN,"{""addr1"": ""UL. KOSCIUSZKI 261"", ""city"": ""KATOWICE"", ""region"": ""ŚLĄSKIE"", ""country"": ""PL"", ""postal_code"": ""40-690""}",50.209822,18.965429,LEASE,856 PLN,per month,Diesel,Manual,FWD
236190,Ducato Podwozie Brygadowe Do Zabudowy · od 860 PLN/mies.,Fiat Professional Ducato Podwozie Brygadowe Do Zabudowy · Rata od 860 PLN netto/mies. · Leasing B2B · POZNAN · Sprawdź ofertę!,https://salon.fiatprofessional.pl/oferta/236190,https://cdn.fcapoland.pl/uploads/77/236190/91427c8124d71574d77c9231e2e6b56c.jpg,Fiat Professional,Ducato,2026,0,KM,Van,Biały,New,140220 PLN,PLN,"{""addr1"": ""UL. GORZYSLAWA 9"", ""city"": ""POZNAN"", ""region"": ""WIELKOPOLSKIE"", ""country"": ""PL"", ""postal_code"": ""61-057""}",52.408466,17.029606,LEASE,860 PLN,per month,Diesel,Manual,FWD
236189,Ducato Furgon · od 730 PLN/mies.,Fiat Professional Ducato Furgon · Rata od 730 PLN netto/mies. · Leasing B2B · PSZCZYNA · Sprawdź ofertę!,https://salon.fiatprofessional.pl/oferta/236189,https://cdn.fcapoland.pl/uploads/77/236189/1_render.png,Fiat Professional,Ducato,2026,0,KM,Van,Biały,New,118779 PLN,PLN,"{""addr1"": ""BIELSKA 31C"", ""city"": ""PSZCZYNA"", ""region"": ""ŚLĄSKIE"", ""country"": ""PL"", ""postal_code"": ""43-200""}",49.9645,18.959827,LEASE,730 PLN,per month,Diesel,Manual,FWD
236143,Ducato Furgon · od 915 PLN/mies.,Fiat Professional Ducato Furgon · Rata od 915 PLN netto/mies. · Leasing B2B · WROCLAW · Sprawdź ofertę!,https://salon.fiatprofessional.pl/oferta/236143,https://cdn.fcapoland.pl/uploads/77/236143/a45fb820fcf98ba2e6afb915cb9022f6.jpg,Fiat Professional,Ducato,2026,0,KM,Van,Biały,New,149245 PLN,PLN,"{""addr1"": ""UL. ZMIGRODZKA 251"", ""city"": ""WROCLAW"", ""region"": ""DOLNOŚLĄSKIE"", ""country"": ""PL"", ""postal_code"": ""51-129""}",51.162768,17.02893,LEASE,915 PLN,per month,Diesel,Manual,FWD
236133,Ducato Podwozie Do Zabudowy · od 790 PLN/mies.,Fiat Professional Ducato Podwozie Do Zabudowy · Rata od 790 PLN netto/mies. · Leasing B2B · KRAKOW · Sprawdź ofertę!,https://salon.fiatprofessional.pl/oferta/236133,https://cdn.fcapoland.pl/uploads/77/236133/1_render.png,Fiat Professional,Ducato,2026,0,KM,Van,Biały,New,128652 PLN,PLN,"{""addr1"": ""UL. RADZIKOWSKIEGO 160"", ""city"": ""KRAKOW"", ""region"": ""MAŁOPOLSKIE"", ""country"": ""PL"", ""postal_code"": ""31-342""}",50.088212,19.888814,LEASE,790 PLN,per month,Diesel,Manual,FWD
236101,Ducato Furgon · od 977 PLN/mies.,Fiat Professional Ducato Furgon · Rata od 977 PLN netto/mies. · Leasing B2B · GDANSK · Sprawdź ofertę!,https://salon.fiatprofessional.pl/oferta/236101,https://cdn.fcapoland.pl/uploads/77/236101/1_render.png,Fiat Professional,Ducato,2026,0,KM,Van,Biały,New,159435 PLN,PLN,"{""addr1"": ""UL. MIALKI SZLAK 4/8"", ""city"": ""GDANSK"", ""region"": ""POMORSKIE"", ""country"": ""PL"", ""postal_code"": ""80-717""}",54.34872,18.67998,LEASE,977 PLN,per month,Diesel,Manual,FWD
236085,Ducato Wywrotka 3-Stronna Brygadowa · od 1072 PLN/mies.,Fiat Professional Ducato Wywrotka 3-Stronna Brygadowa · Rata od 1072 PLN netto/mies. · Leasing B2B · POZNAN · Sprawdź ofertę!,https://salon.fiatprofessional.pl/oferta/236085,https://cdn.fcapoland.pl/uploads/77/236085/fa0413a1bd26ab2d38e1f5f1bcb1f219.jpg,Fiat Professional,Ducato,2026,0,KM,Van,Biały,New,175152 PLN,PLN,"{""addr1"": ""UL. GORZYSLAWA 9"", ""city"": ""POZNAN"", ""region"": ""WIELKOPOLSKIE"", ""country"": ""PL"", ""postal_code"": ""61-057""}",52.408466,17.029606,LEASE,1072 PLN,per month,Diesel,Manual,FWD
236043,Ducato Furgon · od 962 PLN/mies.,Fiat Professional Ducato Furgon · Rata od 962 PLN netto/mies. · Leasing B2B · WARSZAWA · Sprawdź ofertę!,https://salon.fiatprofessional.pl/oferta/236043,https://cdn.fcapoland.pl/uploads/77/236043/c5d41c16bb578ae1ba33dfa3591be29f.jpg,Fiat Professional,Ducato,2026,0,KM,Van,Biały,New,156910 PLN,PLN,"{""addr1"": ""UL. RADZYMIŃSKA 112"", ""city"": ""WARSZAWA"", ""region"": ""MAZOWIECKIE"", ""country"": ""PL"", ""postal_code"": ""03-574""}",52.26811,21.06277,LEASE,962 PLN,per month,Diesel,Automatic,FWD
236002,Ducato Skrzynia · od 837 PLN/mies.,Fiat Professional Ducato Skrzynia · Rata od 837 PLN netto/mies. · Leasing B2B · WROCLAW · Sprawdź ofertę!,https://salon.fiatprofessional.pl/oferta/236002,https://cdn.fcapoland.pl/uploads/77/236002/f5663c342356281058011a8048ad7d11.jpg,Fiat Professional,Ducato,2026,0,KM,Van,Biały,New,136407 PLN,PLN,"{""addr1"": ""UL. ZMIGRODZKA 251"", ""city"": ""WROCLAW"", ""region"": ""DOLNOŚLĄSKIE"", ""country"": ""PL"", ""postal_code"": ""51-129""}",51.162768,17.02893,LEASE,837 PLN,per month,Diesel,Manual,FWD
236000,Ducato Skrzynia · od 875 PLN/mies.,Fiat Professional Ducato Skrzynia · Rata od 875 PLN netto/mies. · Leasing B2B · WROCLAW · Sprawdź ofertę!,https://salon.fiatprofessional.pl/oferta/236000,https://cdn.fcapoland.pl/uploads/77/236000/d11925a888ba3b8b457e6702904ba603.jpg,Fiat Professional,Ducato,2026,0,KM,Van,Szary Lanzarote,New,142557 PLN,PLN,"{""addr1"": ""UL. ZMIGRODZKA 251"", ""city"": ""WROCLAW"", ""region"": ""DOLNOŚLĄSKIE"", ""country"": ""PL"", ""postal_code"": ""51-129""}",51.162768,17.02893,LEASE,875 PLN,per month,Diesel,Manual,FWD
235995,Ducato Podwozie Brygadowe Do Zabudowy · od 819 PLN/mies.,Fiat Professional Ducato Podwozie Brygadowe Do Zabudowy · Rata od 819 PLN netto/mies. · Leasing B2B · WARSZAWA · Sprawdź ofertę!,https://salon.fiatprofessional.pl/oferta/235995,https://cdn.fcapoland.pl/uploads/77/235995/1_render.png,Fiat Professional,Ducato,2026,0,KM,Van,Biały,New,133430 PLN,PLN,"{""addr1"": ""UL. POLCZYNSKA 33"", ""city"": ""WARSZAWA"", ""region"": ""MAZOWIECKIE"", ""country"": ""PL"", ""postal_code"": ""01-377""}",52.218745,20.914414,LEASE,819 PLN,per month,Diesel,Manual,FWD
235992,Ducato Podwozie Brygadowe Do Zabudowy · od 856 PLN/mies.,Fiat Professional Ducato Podwozie Brygadowe Do Zabudowy · Rata od 856 PLN netto/mies. · Leasing B2B · KATOWICE · Sprawdź ofertę!,https://salon.fiatprofessional.pl/oferta/235992,https://cdn.fcapoland.pl/uploads/77/235992/48c8f4851f516943dcd20c153d6cd241.jpg,Fiat Professional,Ducato,2026,0,KM,Van,Biały,New,139559 PLN,PLN,"{""addr1"": ""UL. KOSCIUSZKI 261"", ""city"": ""KATOWICE"", ""region"": ""ŚLĄSKIE"", ""country"": ""PL"", ""postal_code"": ""40-690""}",50.209822,18.965429,LEASE,856 PLN,per month,Diesel,Manual,FWD
235962,Scudo Furgon · od 850 PLN/mies.,Fiat Professional Scudo Furgon · Rata od 850 PLN netto/mies. · Leasing B2B · POZNAN · Sprawdź ofertę!,https://salon.fiatprofessional.pl/oferta/235962,https://cdn.fcapoland.pl/uploads/77/235962/53f04b6f2428a26e347966e529e705b4.jpg,Fiat Professional,Scudo,2026,0,KM,Van,Lakier bazowy Biały Gelato,New,110085 PLN,PLN,"{""addr1"": ""UL. GORZYSLAWA 9"", ""city"": ""POZNAN"", ""region"": ""WIELKOPOLSKIE"", ""country"": ""PL"", ""postal_code"": ""61-057""}",52.408466,17.029606,LEASE,850 PLN,per month,Diesel,Manual,FWD
235961,Scudo Furgon · od 835 PLN/mies.,Fiat Professional Scudo Furgon · Rata od 835 PLN netto/mies. · Leasing B2B · POZNAN · Sprawdź ofertę!,https://salon.fiatprofessional.pl/oferta/235961,https://cdn.fcapoland.pl/uploads/77/235961/ed0c487157ab77ba070f5dc5b9489f0c.jpg,Fiat Professional,Scudo,2026,0,KM,Van,Lakier bazowy Biały Gelato,New,108117 PLN,PLN,"{""addr1"": ""UL. GORZYSLAWA 9"", ""city"": ""POZNAN"", ""region"": ""WIELKOPOLSKIE"", ""country"": ""PL"", ""postal_code"": ""61-057""}",52.408466,17.029606,LEASE,835 PLN,per month,Diesel,Manual,FWD
235960,Scudo Platforma · od 947 PLN/mies.,Fiat Professional Scudo Platforma · Rata od 947 PLN netto/mies. · Leasing B2B · POZNAN · Sprawdź ofertę!,https://salon.fiatprofessional.pl/oferta/235960,https://cdn.fcapoland.pl/uploads/77/235960/bb08453cc0e42145999ee830857ea586.jpg,Fiat Professional,Scudo,2026,0,KM,Van,Lakier bazowy Biały Gelato,New,122754 PLN,PLN,"{""addr1"": ""UL. GORZYSLAWA 9"", ""city"": ""POZNAN"", ""region"": ""WIELKOPOLSKIE"", ""country"": ""PL"", ""postal_code"": ""61-057""}",52.408466,17.029606,LEASE,947 PLN,per month,Diesel,Manual,FWD
235928,Ducato Furgon · od 942 PLN/mies.,Fiat Professional Ducato Furgon · Rata od 942 PLN netto/mies. · Leasing B2B · WROCLAW · Sprawdź ofertę!,https://salon.fiatprofessional.pl/oferta/235928,https://cdn.fcapoland.pl/uploads/77/235928/aa753962a94485894f8ffcfccfd7b4f6.jpg,Fiat Professional,Ducato,2026,0,KM,Van,Biały,New,153627 PLN,PLN,"{""addr1"": ""UL. ZMIGRODZKA 251"", ""city"": ""WROCLAW"", ""region"": ""DOLNOŚLĄSKIE"", ""country"": ""PL"", ""postal_code"": ""51-129""}",51.162768,17.02893,LEASE,942 PLN,per month,Diesel,Manual,FWD
235926,Ducato Furgon · od 904 PLN/mies.,Fiat Professional Ducato Furgon · Rata od 904 PLN netto/mies. · Leasing B2B · WROCLAW · Sprawdź ofertę!,https://salon.fiatprofessional.pl/oferta/235926,https://cdn.fcapoland.pl/uploads/77/235926/8e8dcd68f0545785e5c3b2a0af7750ba.jpg,Fiat Professional,Ducato,2026,0,KM,Van,Biały,New,147477 PLN,PLN,"{""addr1"": ""UL. ZMIGRODZKA 251"", ""city"": ""WROCLAW"", ""region"": ""DOLNOŚLĄSKIE"", ""country"": ""PL"", ""postal_code"": ""51-129""}",51.162768,17.02893,LEASE,904 PLN,per month,Diesel,Manual,FWD
235917,Doblò Furgon Xl · od 874 PLN/mies.,Fiat Professional Doblò Furgon Xl · Rata od 874 PLN netto/mies. · Leasing B2B · SLUPSK · Sprawdź ofertę!,https://salon.fiatprofessional.pl/oferta/235917,https://cdn.fcapoland.pl/uploads/77/235917/1_render.png,Fiat Professional,Doblò,2026,0,KM,Hatchback,Biały Gelato,New,113196 PLN,PLN,"{""addr1"": ""UL. POZNANSKA 74"", ""city"": ""SLUPSK"", ""region"": ""POMORSKIE"", ""country"": ""PL"", ""postal_code"": ""76-200""}",54.45185,17.01674,LEASE,874 PLN,per month,Diesel,Automatic,FWD
235854,Ducato Podwozie Brygadowe Do Zabudowy · od 1012 PLN/mies.,Fiat Professional Ducato Podwozie Brygadowe Do Zabudowy · Rata od 1012 PLN netto/mies. · Leasing B2B · SZCZECIN · Sprawdź ofertę!,https://salon.fiatprofessional.pl/oferta/235854,https://cdn.fcapoland.pl/uploads/77/235854/77c03881f007e20098a44c40cbd199d1.jpg,Fiat Professional,Ducato,2026,0,KM,Van,Biały,New,165276 PLN,PLN,"{""addr1"": ""USTOWO 57"", ""city"": ""SZCZECIN"", ""region"": ""ZACHODNIOPOMORSKIE"", ""country"": ""PL"", ""postal_code"": ""71-001""}",53.38756,14.498444,LEASE,1012 PLN,per month,Diesel,Manual,FWD
235821,Ducato Furgon · od 878 PLN/mies.,Fiat Professional Ducato Furgon · Rata od 878 PLN netto/mies. · Leasing B2B · SLUPSK · Sprawdź ofertę!,https://salon.fiatprofessional.pl/oferta/235821,https://cdn.fcapoland.pl/uploads/77/235821/1_render.png,Fiat Professional,Ducato,2026,0,KM,Van,Szary Lanzarote,New,143048 PLN,PLN,"{""addr1"": ""UL. POZNANSKA 74"", ""city"": ""SLUPSK"", ""region"": ""POMORSKIE"", ""country"": ""PL"", ""postal_code"": ""76-200""}",54.45185,17.01674,LEASE,878 PLN,per month,Diesel,Manual,FWD
235806,Ducato Furgon · od 949 PLN/mies.,Fiat Professional Ducato Furgon · Rata od 949 PLN netto/mies. · Leasing B2B · WROCLAW · Sprawdź ofertę!,https://salon.fiatprofessional.pl/oferta/235806,https://cdn.fcapoland.pl/uploads/77/235806/84d60e2541a8eb39f5d86a6aaa6904c8.jpg,Fiat Professional,Ducato,2026,0,KM,Van,Biały,New,154857 PLN,PLN,"{""addr1"": ""UL. ZMIGRODZKA 251"", ""city"": ""WROCLAW"", ""region"": ""DOLNOŚLĄSKIE"", ""country"": ""PL"", ""postal_code"": ""51-129""}",51.162768,17.02893,LEASE,949 PLN,per month,Diesel,Manual,FWD
235793,Doblò Furgon Xl · od 891 PLN/mies.,Fiat Professional Doblò Furgon Xl · Rata od 891 PLN netto/mies. · Leasing B2B · KATOWICE · Sprawdź ofertę!,https://salon.fiatprofessional.pl/oferta/235793,https://cdn.fcapoland.pl/uploads/77/235793/2ebab17459da4f98511ecbfaa42eb25a.jpg,Fiat Professional,Doblò,2026,0,KM,Hatchback,Biały Gelato,New,115497 PLN,PLN,"{""addr1"": ""UL. KOSCIUSZKI 261"", ""city"": ""KATOWICE"", ""region"": ""ŚLĄSKIE"", ""country"": ""PL"", ""postal_code"": ""40-690""}",50.209822,18.965429,LEASE,891 PLN,per month,Diesel,Automatic,FWD
235705,Doblò Furgon Xl · od 895 PLN/mies.,Fiat Professional Doblò Furgon Xl · Rata od 895 PLN netto/mies. · Leasing B2B · TARNOW · Sprawdź ofertę!,https://salon.fiatprofessional.pl/oferta/235705,https://cdn.fcapoland.pl/uploads/77/235705/1_render.png,Fiat Professional,Doblò,2026,0,KM,Hatchback,Szary Maestro,New,116006 PLN,PLN,"{""addr1"": ""UL. KRAKOWSKA 197"", ""city"": ""TARNOW"", ""region"": ""MAŁOPOLSKIE"", ""country"": ""PL"", ""postal_code"": ""33-100""}",49.997114,20.948609,LEASE,895 PLN,per month,Diesel,Automatic,FWD
235634,Scudo Brygadowy Składany · od 863 PLN/mies.,Fiat Professional Scudo Brygadowy Składany · Rata od 863 PLN netto/mies. · Leasing B2B · KATOWICE · Sprawdź ofertę!,https://salon.fiatprofessional.pl/oferta/235634,https://cdn.fcapoland.pl/uploads/77/235634/bbfbbb900e070a33db792bab36065727.jpg,Fiat Professional,Scudo,2026,0,KM,Van,Lakier bazowy Biały Gelato,New,147477 PLN,PLN,"{""addr1"": ""UL. KOSCIUSZKI 261"", ""city"": ""KATOWICE"", ""region"": ""ŚLĄSKIE"", ""country"": ""PL"", ""postal_code"": ""40-690""}",50.209822,18.965429,LEASE,863 PLN,per month,Diesel,Manual,FWD
235601,Ducato Podwozie Brygadowe Do Zabudowy · od 809 PLN/mies.,Fiat Professional Ducato Podwozie Brygadowe Do Zabudowy · Rata od 809 PLN netto/mies. · Leasing B2B · KATOWICE · Sprawdź ofertę!,https://salon.fiatprofessional.pl/oferta/235601,https://cdn.fcapoland.pl/uploads/77/235601/d49a2c08b19c9d08ef2f91a499a6f8d3.jpg,Fiat Professional,Ducato,2026,0,KM,Van,Biały,New,131781 PLN,PLN,"{""addr1"": ""UL. ROZDZIENSKIEGO 170"", ""city"": ""KATOWICE"", ""region"": ""ŚLĄSKIE"", ""country"": ""PL"", ""postal_code"": ""40-203""}",50.264224,19.049744,LEASE,809 PLN,per month,Diesel,Manual,FWD
235597,Scudo Brygadowy Składany · od 1127 PLN/mies.,Fiat Professional Scudo Brygadowy Składany · Rata od 1127 PLN netto/mies. · Leasing B2B · LUBLIN · Sprawdź ofertę!,https://salon.fiatprofessional.pl/oferta/235597,https://cdn.fcapoland.pl/uploads/77/235597/efce1f152a803d3a1e7e3b4278b1749f.jpg,Fiat Professional,Scudo,2026,0,KM,Van,Lakier bazowy Biały Gelato,New,146359 PLN,PLN,"{""addr1"": ""UL MEŁGIEWSKA 10"", ""city"": ""LUBLIN"", ""region"": ""LUBELSKIE"", ""country"": ""PL"", ""postal_code"": ""20-209""}",51.24833,22.60831,LEASE,1127 PLN,per month,Diesel,Manual,FWD
235593,Ulysse Business · od 1539 PLN/mies.,Fiat Professional Ulysse Business · Rata od 1539 PLN netto/mies. · Leasing B2B · RZESZOW · Sprawdź ofertę!,https://salon.fiatprofessional.pl/oferta/235593,https://cdn.fcapoland.pl/uploads/77/235593/916e4e418ce05185458d7f1dea4c41d3.jpg,Fiat Professional,Ulysse,2026,0,KM,Van,Lakier metalizowany Szary Maestro,New,200490 PLN,PLN,"{""addr1"": ""UL. WARSZAWSKA 135"", ""city"": ""RZESZOW"", ""region"": ""PODKARPACKIE"", ""country"": ""PL"", ""postal_code"": ""35-205""}",50.081623,21.984324,LEASE,1539 PLN,per month,Diesel,Automatic,FWD
235577,Ducato Furgon · od 770 PLN/mies.,Fiat Professional Ducato Furgon · Rata od 770 PLN netto/mies. · Leasing B2B · KRAKÓW-LIBERTÓW · Sprawdź ofertę!,https://salon.fiatprofessional.pl/oferta/235577,https://cdn.fcapoland.pl/uploads/77/235577/b88aa570d3d60a2b5776b7e8ccf237c6.jpg,Fiat Professional,Ducato,2026,0,KM,Van,Biały,New,125337 PLN,PLN,"{""addr1"": ""UL. GÓRA LIBERTOWSKA 12"", ""city"": ""KRAKÓW-LIBERTÓW"", ""region"": ""MAŁOPOLSKIE"", ""country"": ""PL"", ""postal_code"": ""30-444""}",49.97992,19.90923,LEASE,770 PLN,per month,Diesel,Manual,FWD
235488,Ducato Podwozie Do Zabudowy · od 805 PLN/mies.,Fiat Professional Ducato Podwozie Do Zabudowy · Rata od 805 PLN netto/mies. · Leasing B2B · ŁÓDŹ · Sprawdź ofertę!,https://salon.fiatprofessional.pl/oferta/235488,https://cdn.fcapoland.pl/uploads/77/235488/1_render.png,Fiat Professional,Ducato,2026,0,KM,Van,Biały,New,131045 PLN,PLN,"{""addr1"": ""UL.PABIANICKA 94/96"", ""city"": ""ŁÓDŹ"", ""region"": ""ŁÓDZKIE"", ""country"": ""PL"", ""postal_code"": ""93-548""}",51.72592,19.44758,LEASE,805 PLN,per month,Diesel,Manual,FWD
235484,Ducato Furgon · od 769 PLN/mies.,Fiat Professional Ducato Furgon · Rata od 769 PLN netto/mies. · Leasing B2B · KATOWICE · Sprawdź ofertę!,https://salon.fiatprofessional.pl/oferta/235484,https://cdn.fcapoland.pl/uploads/77/235484/3ecb59ba97a542700095bdb4d304730b.jpg,Fiat Professional,Ducato,2026,0,KM,Van,Biały,New,125191 PLN,PLN,"{""addr1"": ""UL. ROZDZIENSKIEGO 170"", ""city"": ""KATOWICE"", ""region"": ""ŚLĄSKIE"", ""country"": ""PL"", ""postal_code"": ""40-203""}",50.264224,19.049744,LEASE,769 PLN,per month,Diesel,Manual,FWD
235481,Ducato Furgon · od 798 PLN/mies.,Fiat Professional Ducato Furgon · Rata od 798 PLN netto/mies. · Leasing B2B · KATOWICE · Sprawdź ofertę!,https://salon.fiatprofessional.pl/oferta/235481,https://cdn.fcapoland.pl/uploads/77/235481/dc65d1a71cbee9a905a9754b7434bb53.jpg,Fiat Professional,Ducato,2026,0,KM,Van,Biały,New,129849 PLN,PLN,"{""addr1"": ""UL. ROZDZIENSKIEGO 170"", ""city"": ""KATOWICE"", ""region"": ""ŚLĄSKIE"", ""country"": ""PL"", ""postal_code"": ""40-203""}",50.264224,19.049744,LEASE,798 PLN,per month,Diesel,Manual,FWD
235436,Doblò Furgon Xl · od 816 PLN/mies.,Fiat Professional Doblò Furgon Xl · Rata od 816 PLN netto/mies. · Leasing B2B · WARSZAWA · Sprawdź ofertę!,https://salon.fiatprofessional.pl/oferta/235436,https://cdn.fcapoland.pl/uploads/77/235436/1_render.png,Fiat Professional,Doblò,2026,0,KM,Hatchback,Biały Gelato,New,105657 PLN,PLN,"{""addr1"": ""UL. RADZYMIŃSKA 112"", ""city"": ""WARSZAWA"", ""region"": ""MAZOWIECKIE"", ""country"": ""PL"", ""postal_code"": ""03-574""}",52.26811,21.06277,LEASE,816 PLN,per month,Diesel,Manual,FWD
235418,Scudo Brygadowy · od 856 PLN/mies.,Fiat Professional Scudo Brygadowy · Rata od 856 PLN netto/mies. · Leasing B2B · GDANSK · Sprawdź ofertę!,https://salon.fiatprofessional.pl/oferta/235418,https://cdn.fcapoland.pl/uploads/77/235418/1ac0d30d415ce2584b8c3b2f9fd51b03.jpg,Fiat Professional,Scudo,2026,0,KM,Van,Lakier bazowy Biały Gelato,New,146247 PLN,PLN,"{""addr1"": ""UL. POTOKOWA 15AC"", ""city"": ""GDANSK"", ""region"": ""POMORSKIE"", ""country"": ""PL"", ""postal_code"": ""80-283""}",54.368945,18.570911,LEASE,856 PLN,per month,Diesel,Manual,FWD
235415,Scudo Furgon · od 849 PLN/mies.,Fiat Professional Scudo Furgon · Rata od 849 PLN netto/mies. · Leasing B2B · RYBNIK · Sprawdź ofertę!,https://salon.fiatprofessional.pl/oferta/235415,https://cdn.fcapoland.pl/uploads/77/235415/50eac987ecf7b613efd08689b45a8913.jpg,Fiat Professional,Scudo,2026,0,KM,Van,Lakier bazowy Biały Gelato,New,109935 PLN,PLN,"{""addr1"": ""UL. ZORSKA 75"", ""city"": ""RYBNIK"", ""region"": ""ŚLĄSKIE"", ""country"": ""PL"", ""postal_code"": ""44-203""}",50.09212,18.57415,LEASE,849 PLN,per month,Diesel,Manual,FWD
235401,Ducato Furgon · od 893 PLN/mies.,Fiat Professional Ducato Furgon · Rata od 893 PLN netto/mies. · Leasing B2B · GDANSK · Sprawdź ofertę!,https://salon.fiatprofessional.pl/oferta/235401,https://cdn.fcapoland.pl/uploads/77/235401/1_render.png,Fiat Professional,Ducato,2026,0,KM,Van,Szary Lanzarote,New,145569 PLN,PLN,"{""addr1"": ""UL. MIALKI SZLAK 4/8"", ""city"": ""GDANSK"", ""region"": ""POMORSKIE"", ""country"": ""PL"", ""postal_code"": ""80-717""}",54.34872,18.67998,LEASE,893 PLN,per month,Diesel,Manual,FWD
235347,Ducato Podwozie Do Zabudowy · od 1278 PLN/mies.,Fiat Professional Ducato Podwozie Do Zabudowy · Rata od 1278 PLN netto/mies. · Leasing B2B · FALENTY · Sprawdź ofertę!,https://salon.fiatprofessional.pl/oferta/235347,https://cdn.fcapoland.pl/uploads/77/235347/e51dd211334145988381c110f598163c.jpg,Fiat Professional,Ducato,2026,0,KM,Van,Biały,New,209099 PLN,PLN,"{""addr1"": ""AL. KRAKOWSKA 8"", ""city"": ""FALENTY"", ""region"": ""MAZOWIECKIE"", ""country"": ""PL"", ""postal_code"": ""05-090""}",52.14213,20.90316,LEASE,1278 PLN,per month,Diesel,Manual,FWD
235346,Ducato Podwozie Brygadowe Do Zabudowy · od 827 PLN/mies.,Fiat Professional Ducato Podwozie Brygadowe Do Zabudowy · Rata od 827 PLN netto/mies. · Leasing B2B · BIELSKO-BIAŁA · Sprawdź ofertę!,https://salon.fiatprofessional.pl/oferta/235346,https://cdn.fcapoland.pl/uploads/77/235346/1_render.png,Fiat Professional,Ducato,2026,0,KM,Van,Biały,New,134712 PLN,PLN,"{""addr1"": ""UL. WARSZAWSKA 158"", ""city"": ""BIELSKO-BIAŁA"", ""region"": ""ŚLĄSKIE"", ""country"": ""PL"", ""postal_code"": ""43-300""}",49.84307,19.03564,LEASE,827 PLN,per month,Diesel,Manual,FWD
235345,Ducato Podwozie Do Zabudowy · od 969 PLN/mies.,Fiat Professional Ducato Podwozie Do Zabudowy · Rata od 969 PLN netto/mies. · Leasing B2B · SZCZECIN · Sprawdź ofertę!,https://salon.fiatprofessional.pl/oferta/235345,https://cdn.fcapoland.pl/uploads/77/235345/f2e6532015d2390cb81fa9128f8eac4b.jpg,Fiat Professional,Ducato,2026,0,KM,Van,Biały,New,158115 PLN,PLN,"{""addr1"": ""USTOWO 57"", ""city"": ""SZCZECIN"", ""region"": ""ZACHODNIOPOMORSKIE"", ""country"": ""PL"", ""postal_code"": ""71-001""}",53.38756,14.498444,LEASE,969 PLN,per month,Diesel,Manual,FWD
235262,Ducato Furgon · od 889 PLN/mies.,Fiat Professional Ducato Furgon · Rata od 889 PLN netto/mies. · Leasing B2B · WROCLAW · Sprawdź ofertę!,https://salon.fiatprofessional.pl/oferta/235262,https://cdn.fcapoland.pl/uploads/77/235262/37af8f42199f0df971a8e4efd171af96.jpg,Fiat Professional,Ducato,2026,0,KM,Van,Biały,New,145017 PLN,PLN,"{""addr1"": ""UL. ZMIGRODZKA 251"", ""city"": ""WROCLAW"", ""region"": ""DOLNOŚLĄSKIE"", ""country"": ""PL"", ""postal_code"": ""51-129""}",51.162768,17.02893,LEASE,889 PLN,per month,Diesel,Manual,FWD
235234,Ducato Skrzynia Brygadowa · od 901 PLN/mies.,Fiat Professional Ducato Skrzynia Brygadowa · Rata od 901 PLN netto/mies. · Leasing B2B · ŁÓDŹ · Sprawdź ofertę!,https://salon.fiatprofessional.pl/oferta/235234,https://cdn.fcapoland.pl/uploads/77/235234/1_render.png,Fiat Professional,Ducato,2026,0,KM,Van,Szary Expedition,New,146895 PLN,PLN,"{""addr1"": ""UL. SZPARAGOWA 4"", ""city"": ""ŁÓDŹ"", ""region"": ""ŁÓDZKIE"", ""country"": ""PL"", ""postal_code"": ""91-211""}",51.8027,19.37677,LEASE,901 PLN,per month,Diesel,Manual,FWD
235233,Ducato Podwozie Brygadowe Do Zabudowy · od 809 PLN/mies.,Fiat Professional Ducato Podwozie Brygadowe Do Zabudowy · Rata od 809 PLN netto/mies. · Leasing B2B · KATOWICE · Sprawdź ofertę!,https://salon.fiatprofessional.pl/oferta/235233,https://cdn.fcapoland.pl/uploads/77/235233/b91f36ed9695851510e27f5d0d60c1ba.jpg,Fiat Professional,Ducato,2026,0,KM,Van,Biały,New,131781 PLN,PLN,"{""addr1"": ""UL. ROZDZIENSKIEGO 170"", ""city"": ""KATOWICE"", ""region"": ""ŚLĄSKIE"", ""country"": ""PL"", ""postal_code"": ""40-203""}",50.264224,19.049744,LEASE,809 PLN,per month,Diesel,Manual,FWD
235232,Ducato Podwozie Do Zabudowy · od 743 PLN/mies.,Fiat Professional Ducato Podwozie Do Zabudowy · Rata od 743 PLN netto/mies. · Leasing B2B · RZESZOW · Sprawdź ofertę!,https://salon.fiatprofessional.pl/oferta/235232,https://cdn.fcapoland.pl/uploads/77/235232/bc0f14f608a0f0c448cdc2c95bfe935d.jpg,Fiat Professional,Ducato,2026,0,KM,Van,Biały,New,120786 PLN,PLN,"{""addr1"": ""UL. WARSZAWSKA 135"", ""city"": ""RZESZOW"", ""region"": ""PODKARPACKIE"", ""country"": ""PL"", ""postal_code"": ""35-205""}",50.081623,21.984324,LEASE,743 PLN,per month,Diesel,Manual,FWD
235077,Scudo Furgon · od 931 PLN/mies.,Fiat Professional Scudo Furgon · Rata od 931 PLN netto/mies. · Leasing B2B · OPOLE · Sprawdź ofertę!,https://salon.fiatprofessional.pl/oferta/235077,https://cdn.fcapoland.pl/uploads/77/235077/a7d009e60cfee2b60c7c9350550cc2c6.jpg,Fiat Professional,Scudo,2026,0,KM,Van,Lakier bazowy Biały Gelato,New,120731 PLN,PLN,"{""addr1"": ""UL. OLESKA 152"", ""city"": ""OPOLE"", ""region"": ""OPOLSKIE"", ""country"": ""PL"", ""postal_code"": ""45-239""}",50.690422,17.950222,LEASE,931 PLN,per month,Diesel,Manual,FWD
235064,Ducato Furgon · od 785 PLN/mies.,Fiat Professional Ducato Furgon · Rata od 785 PLN netto/mies. · Leasing B2B · KRAKÓW-LIBERTÓW · Sprawdź ofertę!,https://salon.fiatprofessional.pl/oferta/235064,https://cdn.fcapoland.pl/uploads/77/235064/6c9837700346836d8167240778aaed6a.jpg,Fiat Professional,Ducato,2026,0,KM,Van,Biały,New,127797 PLN,PLN,"{""addr1"": ""UL. GÓRA LIBERTOWSKA 12"", ""city"": ""KRAKÓW-LIBERTÓW"", ""region"": ""MAŁOPOLSKIE"", ""country"": ""PL"", ""postal_code"": ""30-444""}",49.97992,19.90923,LEASE,785 PLN,per month,Diesel,Manual,FWD
235039,Ducato Furgon · od 897 PLN/mies.,Fiat Professional Ducato Furgon · Rata od 897 PLN netto/mies. · Leasing B2B · WROCLAW · Sprawdź ofertę!,https://salon.fiatprofessional.pl/oferta/235039,https://cdn.fcapoland.pl/uploads/77/235039/90edd96d1c92a409bd7e72ba6d6be2ae.jpg,Fiat Professional,Ducato,2026,0,KM,Van,Szary Lanzarote,New,146247 PLN,PLN,"{""addr1"": ""UL. ZMIGRODZKA 251"", ""city"": ""WROCLAW"", ""region"": ""DOLNOŚLĄSKIE"", ""country"": ""PL"", ""postal_code"": ""51-129""}",51.162768,17.02893,LEASE,897 PLN,per month,Diesel,Manual,FWD
235017,Ducato Furgon · od 840 PLN/mies.,Fiat Professional Ducato Furgon · Rata od 840 PLN netto/mies. · Leasing B2B · OLSZTYN · Sprawdź ofertę!,https://salon.fiatprofessional.pl/oferta/235017,https://cdn.fcapoland.pl/uploads/77/235017/c15c64c120c32cffb81909ec48106996.jpg,Fiat Professional,Ducato,2026,0,KM,Van,Szary Lanzarote,New,136930 PLN,PLN,"{""addr1"": ""AL. OBRONCOW TOBRUKU 5"", ""city"": ""OLSZTYN"", ""region"": ""WARMIŃSKO-MAZURSKIE"", ""country"": ""PL"", ""postal_code"": ""10-092""}",53.764244,20.481829,LEASE,840 PLN,per month,Diesel,Manual,FWD
235000,Ducato Podwozie Brygadowe Do Zabudowy · od 919 PLN/mies.,Fiat Professional Ducato Podwozie Brygadowe Do Zabudowy · Rata od 919 PLN netto/mies. · Leasing B2B · FALENTY · Sprawdź ofertę!,https://salon.fiatprofessional.pl/oferta/235000,https://cdn.fcapoland.pl/uploads/77/235000/06cba8b2f07184da316b3d81ca053787.jpg,Fiat Professional,Ducato,2026,0,KM,Van,Biały,New,149937 PLN,PLN,"{""addr1"": ""AL. KRAKOWSKA 8"", ""city"": ""FALENTY"", ""region"": ""MAZOWIECKIE"", ""country"": ""PL"", ""postal_code"": ""05-090""}",52.14213,20.90316,LEASE,919 PLN,per month,Diesel,Manual,FWD
234995,Ducato Podwozie Do Zabudowy · od 788 PLN/mies.,Fiat Professional Ducato Podwozie Do Zabudowy · Rata od 788 PLN netto/mies. · Leasing B2B · ZŁOTNIKI · Sprawdź ofertę!,https://salon.fiatprofessional.pl/oferta/234995,https://cdn.fcapoland.pl/uploads/77/234995/1_render.png,Fiat Professional,Ducato,2026,0,KM,Van,Biały,New,128310 PLN,PLN,"{""addr1"": ""UL. OBORNICKA 4"", ""city"": ""ZŁOTNIKI"", ""region"": ""WIELKOPOLSKIE"", ""country"": ""PL"", ""postal_code"": ""62-002""}",52.48747,16.8534,LEASE,788 PLN,per month,Diesel,Manual,FWD
234936,Scudo Furgon · od 995 PLN/mies.,Fiat Professional Scudo Furgon · Rata od 995 PLN netto/mies. · Leasing B2B · GORZOW WIELKOPOLSKI · Sprawdź ofertę!,https://salon.fiatprofessional.pl/oferta/234936,https://cdn.fcapoland.pl/uploads/77/234936/5733ee11ba309cfe713533d18a1113c3.jpg,Fiat Professional,Scudo,2026,0,KM,Van,Lakier bazowy Biały Gelato,New,129043 PLN,PLN,"{""addr1"": ""UL. KASPRZAKA 1A"", ""city"": ""GORZOW WIELKOPOLSKI"", ""region"": ""LUBUSKIE"", ""country"": ""PL"", ""postal_code"": ""66-400""}",52.716825,15.24883,LEASE,995 PLN,per month,Diesel,Manual,FWD
234934,Ducato Furgon · od 980 PLN/mies.,Fiat Professional Ducato Furgon · Rata od 980 PLN netto/mies. · Leasing B2B · GORZOW WIELKOPOLSKI · Sprawdź ofertę!,https://salon.fiatprofessional.pl/oferta/234934,https://cdn.fcapoland.pl/uploads/77/234934/d0d845851a0969b94f255c72178c6830.jpg,Fiat Professional,Ducato,2026,0,KM,Van,Szary Iron,New,159882 PLN,PLN,"{""addr1"": ""UL. KASPRZAKA 1A"", ""city"": ""GORZOW WIELKOPOLSKI"", ""region"": ""LUBUSKIE"", ""country"": ""PL"", ""postal_code"": ""66-400""}",52.716825,15.24883,LEASE,980 PLN,per month,Diesel,Manual,FWD
234923,Ducato Furgon · od 867 PLN/mies.,Fiat Professional Ducato Furgon · Rata od 867 PLN netto/mies. · Leasing B2B · GORZOW WIELKOPOLSKI · Sprawdź ofertę!,https://salon.fiatprofessional.pl/oferta/234923,https://cdn.fcapoland.pl/uploads/77/234923/234a6ab6f8a93ca13cce0f52d8e9eb1f.jpg,Fiat Professional,Ducato,2026,0,KM,Van,Biały,New,141277 PLN,PLN,"{""addr1"": ""UL. KASPRZAKA 1A"", ""city"": ""GORZOW WIELKOPOLSKI"", ""region"": ""LUBUSKIE"", ""country"": ""PL"", ""postal_code"": ""66-400""}",52.716825,15.24883,LEASE,867 PLN,per month,Diesel,Manual,FWD
234921,Ducato Furgon · od 867 PLN/mies.,Fiat Professional Ducato Furgon · Rata od 867 PLN netto/mies. · Leasing B2B · GORZOW WIELKOPOLSKI · Sprawdź ofertę!,https://salon.fiatprofessional.pl/oferta/234921,https://cdn.fcapoland.pl/uploads/77/234921/e8847dadca06e72c6025654b2d5e5ac9.jpg,Fiat Professional,Ducato,2026,0,KM,Van,Biały,New,141277 PLN,PLN,"{""addr1"": ""UL. KASPRZAKA 1A"", ""city"": ""GORZOW WIELKOPOLSKI"", ""region"": ""LUBUSKIE"", ""country"": ""PL"", ""postal_code"": ""66-400""}",52.716825,15.24883,LEASE,867 PLN,per month,Diesel,Manual,FWD
234914,Ducato Furgon · od 1008 PLN/mies.,Fiat Professional Ducato Furgon · Rata od 1008 PLN netto/mies. · Leasing B2B · ZIELONA GORA · Sprawdź ofertę!,https://salon.fiatprofessional.pl/oferta/234914,https://cdn.fcapoland.pl/uploads/77/234914/93bee9dcf3c45c8623b80412b218e9bc.jpg,Fiat Professional,Ducato,2026,0,KM,Van,Biały,New,164495 PLN,PLN,"{""addr1"": ""UL. ST. BATOREGO 69A"", ""city"": ""ZIELONA GORA"", ""region"": ""LUBUSKIE"", ""country"": ""PL"", ""postal_code"": ""65-735""}",51.952379,15.499634,LEASE,1008 PLN,per month,Diesel,Manual,FWD
234907,Ducato Furgon · od 897 PLN/mies.,Fiat Professional Ducato Furgon · Rata od 897 PLN netto/mies. · Leasing B2B · WROCLAW · Sprawdź ofertę!,https://salon.fiatprofessional.pl/oferta/234907,https://cdn.fcapoland.pl/uploads/77/234907/92b2f06c7b92fff5854e444cde9474e1.jpg,Fiat Professional,Ducato,2026,0,KM,Van,Szary Lanzarote,New,146247 PLN,PLN,"{""addr1"": ""UL. ZMIGRODZKA 251"", ""city"": ""WROCLAW"", ""region"": ""DOLNOŚLĄSKIE"", ""country"": ""PL"", ""postal_code"": ""51-129""}",51.162768,17.02893,LEASE,897 PLN,per month,Diesel,Manual,FWD
234906,Ducato Furgon · od 897 PLN/mies.,Fiat Professional Ducato Furgon · Rata od 897 PLN netto/mies. · Leasing B2B · WROCLAW · Sprawdź ofertę!,https://salon.fiatprofessional.pl/oferta/234906,https://cdn.fcapoland.pl/uploads/77/234906/58470c83ac3295515eaf1a7e439a1bc6.jpg,Fiat Professional,Ducato,2026,0,KM,Van,Szary Lanzarote,New,146247 PLN,PLN,"{""addr1"": ""UL. ZMIGRODZKA 251"", ""city"": ""WROCLAW"", ""region"": ""DOLNOŚLĄSKIE"", ""country"": ""PL"", ""postal_code"": ""51-129""}",51.162768,17.02893,LEASE,897 PLN,per month,Diesel,Manual,FWD
234883,Ducato Podwozie Brygadowe Do Zabudowy · od 809 PLN/mies.,Fiat Professional Ducato Podwozie Brygadowe Do Zabudowy · Rata od 809 PLN netto/mies. · Leasing B2B · KATOWICE · Sprawdź ofertę!,https://salon.fiatprofessional.pl/oferta/234883,https://cdn.fcapoland.pl/uploads/77/234883/bae798f0148df38c2852c52aa32fab15.jpg,Fiat Professional,Ducato,2026,0,KM,Van,Biały,New,131781 PLN,PLN,"{""addr1"": ""UL. ROZDZIENSKIEGO 170"", ""city"": ""KATOWICE"", ""region"": ""ŚLĄSKIE"", ""country"": ""PL"", ""postal_code"": ""40-203""}",50.264224,19.049744,LEASE,809 PLN,per month,Diesel,Manual,FWD
234882,Ducato Podwozie Do Zabudowy · od 771 PLN/mies.,Fiat Professional Ducato Podwozie Do Zabudowy · Rata od 771 PLN netto/mies. · Leasing B2B · CZESTOCHOWA · Sprawdź ofertę!,https://salon.fiatprofessional.pl/oferta/234882,https://cdn.fcapoland.pl/uploads/77/234882/1_render.png,Fiat Professional,Ducato,2026,0,KM,Van,Biały,New,125533 PLN,PLN,"{""addr1"": ""UL. BUGAJSKA 6/8"", ""city"": ""CZESTOCHOWA"", ""region"": ""ŚLĄSKIE"", ""country"": ""PL"", ""postal_code"": ""42-200""}",50.766723,19.165467,LEASE,771 PLN,per month,Diesel,Manual,FWD
234847,Ducato Furgon · od 995 PLN/mies.,Fiat Professional Ducato Furgon · Rata od 995 PLN netto/mies. · Leasing B2B · GORZOW WIELKOPOLSKI · Sprawdź ofertę!,https://salon.fiatprofessional.pl/oferta/234847,https://cdn.fcapoland.pl/uploads/77/234847/affeabe91af9b19f6522cff976073716.jpg,Fiat Professional,Ducato,2026,0,KM,Van,Szary Iron,New,162500 PLN,PLN,"{""addr1"": ""UL. KASPRZAKA 1A"", ""city"": ""GORZOW WIELKOPOLSKI"", ""region"": ""LUBUSKIE"", ""country"": ""PL"", ""postal_code"": ""66-400""}",52.716825,15.24883,LEASE,995 PLN,per month,Diesel,Manual,FWD
234688,Ducato Furgon · od 1031 PLN/mies.,Fiat Professional Ducato Furgon · Rata od 1031 PLN netto/mies. · Leasing B2B · BYDGOSZCZ · Sprawdź ofertę!,https://salon.fiatprofessional.pl/oferta/234688,https://cdn.fcapoland.pl/uploads/77/234688/6c7dee0d99f4565a19d16c53a1dd64d0.jpg,Fiat Professional,Ducato,2026,0,KM,Van,Szary Artense,New,168387 PLN,PLN,"{""addr1"": ""AL. ARMII KRAJOWEJ 250"", ""city"": ""BYDGOSZCZ"", ""region"": ""KUJAWSKO-POMORSKIE"", ""country"": ""PL"", ""postal_code"": ""85-689""}",53.17261,18.05499,LEASE,1031 PLN,per month,Diesel,Manual,FWD
234670,Ducato Podwozie Do Zabudowy · od 777 PLN/mies.,Fiat Professional Ducato Podwozie Do Zabudowy · Rata od 777 PLN netto/mies. · Leasing B2B · KRAKOW · Sprawdź ofertę!,https://salon.fiatprofessional.pl/oferta/234670,https://cdn.fcapoland.pl/uploads/77/234670/1_render.png,Fiat Professional,Ducato,2026,0,KM,Van,Biały,New,126498 PLN,PLN,"{""addr1"": ""UL. RADZIKOWSKIEGO 160"", ""city"": ""KRAKOW"", ""region"": ""MAŁOPOLSKIE"", ""country"": ""PL"", ""postal_code"": ""31-342""}",50.088212,19.888814,LEASE,777 PLN,per month,Diesel,Manual,FWD
234525,Doblò Furgon Xl · od 805 PLN/mies.,Fiat Professional Doblò Furgon Xl · Rata od 805 PLN netto/mies. · Leasing B2B · SZCZECIN · Sprawdź ofertę!,https://salon.fiatprofessional.pl/oferta/234525,https://cdn.fcapoland.pl/uploads/77/234525/dbda72f96f1323ef8c9c50554dfcfc0e.jpg,Fiat Professional,Doblò,2026,0,KM,Hatchback,Biały Gelato,New,104203 PLN,PLN,"{""addr1"": ""USTOWO 57"", ""city"": ""SZCZECIN"", ""region"": ""ZACHODNIOPOMORSKIE"", ""country"": ""PL"", ""postal_code"": ""71-001""}",53.38756,14.498444,LEASE,805 PLN,per month,Diesel,Manual,FWD
234467,Doblò Combi · od 903 PLN/mies.,Fiat Professional Doblò Combi · Rata od 903 PLN netto/mies. · Leasing B2B · ŻORY · Sprawdź ofertę!,https://salon.fiatprofessional.pl/oferta/234467,https://cdn.fcapoland.pl/uploads/77/234467/05459f31808aeabb7e7da8ec50e35bba.jpg,Fiat Professional,Doblò,2026,0,KM,Hatchback,Niebieski Volare,New,117001 PLN,PLN,"{""addr1"": ""UL. KOŚCIUSZKI 79"", ""city"": ""ŻORY"", ""region"": ""ŚLĄSKIE"", ""country"": ""PL"", ""postal_code"": ""44-240""}",50.03099,18.70503,LEASE,903 PLN,per month,Diesel,Manual,FWD
234325,Ducato Furgon · od 875 PLN/mies.,Fiat Professional Ducato Furgon · Rata od 875 PLN netto/mies. · Leasing B2B · GDYNIA · Sprawdź ofertę!,https://salon.fiatprofessional.pl/oferta/234325,https://cdn.fcapoland.pl/uploads/77/234325/1_render.png,Fiat Professional,Ducato,2026,0,KM,Van,Biały,New,142569 PLN,PLN,"{""addr1"": ""MORSKA 491"", ""city"": ""GDYNIA"", ""region"": ""POMORSKIE"", ""country"": ""PL"", ""postal_code"": ""81-002""}",54.549561,18.427188,LEASE,875 PLN,per month,Diesel,Manual,FWD
234158,Ducato Furgon · od 1004 PLN/mies.,Fiat Professional Ducato Furgon · Rata od 1004 PLN netto/mies. · Leasing B2B · TARNOW · Sprawdź ofertę!,https://salon.fiatprofessional.pl/oferta/234158,https://cdn.fcapoland.pl/uploads/77/234158/1_render.png,Fiat Professional,Ducato,2026,0,KM,Van,Szary Artense,New,163890 PLN,PLN,"{""addr1"": ""UL. KRAKOWSKA 197"", ""city"": ""TARNOW"", ""region"": ""MAŁOPOLSKIE"", ""country"": ""PL"", ""postal_code"": ""33-100""}",49.997114,20.948609,LEASE,1004 PLN,per month,Diesel,Automatic,FWD
234151,Ducato Furgon · od 793 PLN/mies.,Fiat Professional Ducato Furgon · Rata od 793 PLN netto/mies. · Leasing B2B · WARSZAWA · Sprawdź ofertę!,https://salon.fiatprofessional.pl/oferta/234151,https://cdn.fcapoland.pl/uploads/77/234151/1_render.png,Fiat Professional,Ducato,2026,0,KM,Van,Biały,New,129027 PLN,PLN,"{""addr1"": ""UL. RADZYMIŃSKA 112"", ""city"": ""WARSZAWA"", ""region"": ""MAZOWIECKIE"", ""country"": ""PL"", ""postal_code"": ""03-574""}",52.26811,21.06277,LEASE,793 PLN,per month,Diesel,Manual,FWD
234055,Doblò Furgon Xl · od 812 PLN/mies.,Fiat Professional Doblò Furgon Xl · Rata od 812 PLN netto/mies. · Leasing B2B · POZNAN · Sprawdź ofertę!,https://salon.fiatprofessional.pl/oferta/234055,https://cdn.fcapoland.pl/uploads/77/234055/2f39df92f7a2555d970806304f472d5d.jpg,Fiat Professional,Doblò,2026,0,KM,Hatchback,Biały Gelato,New,105165 PLN,PLN,"{""addr1"": ""UL. GORZYSLAWA 9"", ""city"": ""POZNAN"", ""region"": ""WIELKOPOLSKIE"", ""country"": ""PL"", ""postal_code"": ""61-057""}",52.408466,17.029606,LEASE,812 PLN,per month,Diesel,Manual,FWD
234004,Ducato Furgon · od 993 PLN/mies.,Fiat Professional Ducato Furgon · Rata od 993 PLN netto/mies. · Leasing B2B · LUBLIN · Sprawdź ofertę!,https://salon.fiatprofessional.pl/oferta/234004,https://cdn.fcapoland.pl/uploads/77/234004/5ee130fdddd88076a7c78d8fe12117fd.jpg,Fiat Professional,Ducato,2026,0,KM,Van,Szary Lanzarote,New,162128 PLN,PLN,"{""addr1"": ""UL MEŁGIEWSKA 10"", ""city"": ""LUBLIN"", ""region"": ""LUBELSKIE"", ""country"": ""PL"", ""postal_code"": ""20-209""}",51.24833,22.60831,LEASE,993 PLN,per month,Diesel,Automatic,FWD
233996,Ducato Furgon · od 974 PLN/mies.,Fiat Professional Ducato Furgon · Rata od 974 PLN netto/mies. · Leasing B2B · LUBLIN · Sprawdź ofertę!,https://salon.fiatprofessional.pl/oferta/233996,https://cdn.fcapoland.pl/uploads/77/233996/fc48206c04a11f998d183b048e1aa9d7.jpg,Fiat Professional,Ducato,2026,0,KM,Van,Biały,New,158898 PLN,PLN,"{""addr1"": ""UL MEŁGIEWSKA 10"", ""city"": ""LUBLIN"", ""region"": ""LUBELSKIE"", ""country"": ""PL"", ""postal_code"": ""20-209""}",51.24833,22.60831,LEASE,974 PLN,per month,Diesel,Automatic,FWD
233991,Ducato Furgon · od 925 PLN/mies.,Fiat Professional Ducato Furgon · Rata od 925 PLN netto/mies. · Leasing B2B · KATOWICE · Sprawdź ofertę!,https://salon.fiatprofessional.pl/oferta/233991,https://cdn.fcapoland.pl/uploads/77/233991/f8dff94bda3ffc380271bfc1d6732733.jpg,Fiat Professional,Ducato,2026,0,KM,Van,Szary Lanzarote,New,150836 PLN,PLN,"{""addr1"": ""UL. KOSCIUSZKI 261"", ""city"": ""KATOWICE"", ""region"": ""ŚLĄSKIE"", ""country"": ""PL"", ""postal_code"": ""40-690""}",50.209822,18.965429,LEASE,925 PLN,per month,Diesel,Manual,FWD
233978,Ducato Furgon · od 940 PLN/mies.,Fiat Professional Ducato Furgon · Rata od 940 PLN netto/mies. · Leasing B2B · KATOWICE · Sprawdź ofertę!,https://salon.fiatprofessional.pl/oferta/233978,https://cdn.fcapoland.pl/uploads/77/233978/25c7a16862c5882b07993597fe08d483.jpg,Fiat Professional,Ducato,2026,0,KM,Van,Szary Lanzarote,New,153401 PLN,PLN,"{""addr1"": ""UL. KOSCIUSZKI 261"", ""city"": ""KATOWICE"", ""region"": ""ŚLĄSKIE"", ""country"": ""PL"", ""postal_code"": ""40-690""}",50.209822,18.965429,LEASE,940 PLN,per month,Diesel,Manual,FWD
233976,Ducato Furgon · od 831 PLN/mies.,Fiat Professional Ducato Furgon · Rata od 831 PLN netto/mies. · Leasing B2B · KATOWICE · Sprawdź ofertę!,https://salon.fiatprofessional.pl/oferta/233976,https://cdn.fcapoland.pl/uploads/77/233976/682a6cbefbd8fa387c95341b7ddecf37.jpg,Fiat Professional,Ducato,2026,0,KM,Van,Biały,New,135300 PLN,PLN,"{""addr1"": ""UL. KOSCIUSZKI 261"", ""city"": ""KATOWICE"", ""region"": ""ŚLĄSKIE"", ""country"": ""PL"", ""postal_code"": ""40-690""}",50.209822,18.965429,LEASE,831 PLN,per month,Diesel,Manual,FWD
233968,Ducato Furgon · od 770 PLN/mies.,Fiat Professional Ducato Furgon · Rata od 770 PLN netto/mies. · Leasing B2B · NOWY TARG · Sprawdź ofertę!,https://salon.fiatprofessional.pl/oferta/233968,https://cdn.fcapoland.pl/uploads/77/233968/c6f789a39eb3690f8f314d4022f6ca3a.jpg,Fiat Professional,Ducato,2026,0,KM,Van,Biały,New,125337 PLN,PLN,"{""addr1"": ""UL. KRAKOWSKA 3"", ""city"": ""NOWY TARG"", ""region"": ""MAŁOPOLSKIE"", ""country"": ""PL"", ""postal_code"": ""34-400""}",49.45445,20.01966,LEASE,770 PLN,per month,Diesel,Manual,FWD
233954,Ducato Furgon · od 925 PLN/mies.,Fiat Professional Ducato Furgon · Rata od 925 PLN netto/mies. · Leasing B2B · KATOWICE · Sprawdź ofertę!,https://salon.fiatprofessional.pl/oferta/233954,https://cdn.fcapoland.pl/uploads/77/233954/f661d128888549b64d5f82d7790e0b90.jpg,Fiat Professional,Ducato,2026,0,KM,Van,Szary Lanzarote,New,150836 PLN,PLN,"{""addr1"": ""UL. KOSCIUSZKI 261"", ""city"": ""KATOWICE"", ""region"": ""ŚLĄSKIE"", ""country"": ""PL"", ""postal_code"": ""40-690""}",50.209822,18.965429,LEASE,925 PLN,per month,Diesel,Manual,FWD
233943,Doblò Furgon Xl · od 808 PLN/mies.,Fiat Professional Doblò Furgon Xl · Rata od 808 PLN netto/mies. · Leasing B2B · POZNAN · Sprawdź ofertę!,https://salon.fiatprofessional.pl/oferta/233943,https://cdn.fcapoland.pl/uploads/77/233943/4c419dce5fc8b1e46adf029f602d469b.jpg,Fiat Professional,Doblò,2026,0,KM,Hatchback,Biały Gelato,New,104550 PLN,PLN,"{""addr1"": ""UL. GORZYSLAWA 9"", ""city"": ""POZNAN"", ""region"": ""WIELKOPOLSKIE"", ""country"": ""PL"", ""postal_code"": ""61-057""}",52.408466,17.029606,LEASE,808 PLN,per month,Diesel,Manual,FWD
233941,Doblò Furgon Xl · od 788 PLN/mies.,Fiat Professional Doblò Furgon Xl · Rata od 788 PLN netto/mies. · Leasing B2B · POZNAN · Sprawdź ofertę!,https://salon.fiatprofessional.pl/oferta/233941,https://cdn.fcapoland.pl/uploads/77/233941/3053c8467e5f6a563d9863557a4c302e.jpg,Fiat Professional,Doblò,2026,0,KM,Hatchback,Biały Gelato,New,101967 PLN,PLN,"{""addr1"": ""UL. GORZYSLAWA 9"", ""city"": ""POZNAN"", ""region"": ""WIELKOPOLSKIE"", ""country"": ""PL"", ""postal_code"": ""61-057""}",52.408466,17.029606,LEASE,788 PLN,per month,Diesel,Manual,FWD
233910,Doblò Furgon M · od 773 PLN/mies.,Fiat Professional Doblò Furgon M · Rata od 773 PLN netto/mies. · Leasing B2B · POZNAN · Sprawdź ofertę!,https://salon.fiatprofessional.pl/oferta/233910,https://cdn.fcapoland.pl/uploads/77/233910/3d0fc955989e8b0ebeda16ffc3cb0240.jpg,Fiat Professional,Doblò,2026,0,KM,Hatchback,Biały Gelato,New,99999 PLN,PLN,"{""addr1"": ""UL. GORZYSLAWA 9"", ""city"": ""POZNAN"", ""region"": ""WIELKOPOLSKIE"", ""country"": ""PL"", ""postal_code"": ""61-057""}",52.408466,17.029606,LEASE,773 PLN,per month,Diesel,Manual,FWD
233908,Doblò Furgon M · od 751 PLN/mies.,Fiat Professional Doblò Furgon M · Rata od 751 PLN netto/mies. · Leasing B2B · POZNAN · Sprawdź ofertę!,https://salon.fiatprofessional.pl/oferta/233908,https://cdn.fcapoland.pl/uploads/77/233908/5a9a461ad19fd0b099455b46427cf44d.jpg,Fiat Professional,Doblò,2026,0,KM,Hatchback,Biały Gelato,New,97047 PLN,PLN,"{""addr1"": ""UL. GORZYSLAWA 9"", ""city"": ""POZNAN"", ""region"": ""WIELKOPOLSKIE"", ""country"": ""PL"", ""postal_code"": ""61-057""}",52.408466,17.029606,LEASE,751 PLN,per month,Diesel,Manual,FWD
233822,Ducato Furgon · od 793 PLN/mies.,Fiat Professional Ducato Furgon · Rata od 793 PLN netto/mies. · Leasing B2B · NOWY TARG · Sprawdź ofertę!,https://salon.fiatprofessional.pl/oferta/233822,https://cdn.fcapoland.pl/uploads/77/233822/a93e9729bdcc3f9e31665f604b50d750.jpg,Fiat Professional,Ducato,2026,0,KM,Van,Biały,New,129027 PLN,PLN,"{""addr1"": ""UL. KRAKOWSKA 3"", ""city"": ""NOWY TARG"", ""region"": ""MAŁOPOLSKIE"", ""country"": ""PL"", ""postal_code"": ""34-400""}",49.45445,20.01966,LEASE,793 PLN,per month,Diesel,Manual,FWD
233785,Doblò Furgon Xl · od 789 PLN/mies.,Fiat Professional Doblò Furgon Xl · Rata od 789 PLN netto/mies. · Leasing B2B · TARNOW · Sprawdź ofertę!,https://salon.fiatprofessional.pl/oferta/233785,https://cdn.fcapoland.pl/uploads/77/233785/1_render.png,Fiat Professional,Doblò,2026,0,KM,Hatchback,Biały Gelato,New,102105 PLN,PLN,"{""addr1"": ""UL. KRAKOWSKA 197"", ""city"": ""TARNOW"", ""region"": ""MAŁOPOLSKIE"", ""country"": ""PL"", ""postal_code"": ""33-100""}",49.997114,20.948609,LEASE,789 PLN,per month,Diesel,Manual,FWD
233763,Ducato Furgon · od 778 PLN/mies.,Fiat Professional Ducato Furgon · Rata od 778 PLN netto/mies. · Leasing B2B · NOWY TARG · Sprawdź ofertę!,https://salon.fiatprofessional.pl/oferta/233763,https://cdn.fcapoland.pl/uploads/77/233763/6b0e2b1ac3c54eea823cd62845342ee2.jpg,Fiat Professional,Ducato,2026,0,KM,Van,Biały,New,126567 PLN,PLN,"{""addr1"": ""UL. KRAKOWSKA 3"", ""city"": ""NOWY TARG"", ""region"": ""MAŁOPOLSKIE"", ""country"": ""PL"", ""postal_code"": ""34-400""}",49.45445,20.01966,LEASE,778 PLN,per month,Diesel,Manual,FWD
233762,Ducato Furgon · od 793 PLN/mies.,Fiat Professional Ducato Furgon · Rata od 793 PLN netto/mies. · Leasing B2B · NOWY TARG · Sprawdź ofertę!,https://salon.fiatprofessional.pl/oferta/233762,https://cdn.fcapoland.pl/uploads/77/233762/6e82915e5330fbf61215f59ccd2ce029.jpg,Fiat Professional,Ducato,2026,0,KM,Van,Biały,New,129027 PLN,PLN,"{""addr1"": ""UL. KRAKOWSKA 3"", ""city"": ""NOWY TARG"", ""region"": ""MAŁOPOLSKIE"", ""country"": ""PL"", ""postal_code"": ""34-400""}",49.45445,20.01966,LEASE,793 PLN,per month,Diesel,Manual,FWD
233725,Ducato Furgon · od 793 PLN/mies.,Fiat Professional Ducato Furgon · Rata od 793 PLN netto/mies. · Leasing B2B · NOWY TARG · Sprawdź ofertę!,https://salon.fiatprofessional.pl/oferta/233725,https://cdn.fcapoland.pl/uploads/77/233725/437ff8b00c1f963790618b83f6438742.jpg,Fiat Professional,Ducato,2026,0,KM,Van,Biały,New,129027 PLN,PLN,"{""addr1"": ""UL. KRAKOWSKA 3"", ""city"": ""NOWY TARG"", ""region"": ""MAŁOPOLSKIE"", ""country"": ""PL"", ""postal_code"": ""34-400""}",49.45445,20.01966,LEASE,793 PLN,per month,Diesel,Manual,FWD
233603,Ducato Furgon · od 860 PLN/mies.,Fiat Professional Ducato Furgon · Rata od 860 PLN netto/mies. · Leasing B2B · NOWY TARG · Sprawdź ofertę!,https://salon.fiatprofessional.pl/oferta/233603,https://cdn.fcapoland.pl/uploads/77/233603/df3d834ea551f8b065c171d5e715516d.jpg,Fiat Professional,Ducato,2025,0,KM,Van,Biały,New,140097 PLN,PLN,"{""addr1"": ""UL. KRAKOWSKA 3"", ""city"": ""NOWY TARG"", ""region"": ""MAŁOPOLSKIE"", ""country"": ""PL"", ""postal_code"": ""34-400""}",49.45445,20.01966,LEASE,860 PLN,per month,Diesel,Manual,FWD
233597,Ducato Furgon · od 825 PLN/mies.,Fiat Professional Ducato Furgon · Rata od 825 PLN netto/mies. · Leasing B2B · SZCZECIN · Sprawdź ofertę!,https://salon.fiatprofessional.pl/oferta/233597,https://cdn.fcapoland.pl/uploads/77/233597/4da9524fb83df91b535ccb50ca720d68.jpg,Fiat Professional,Ducato,2025,0,KM,Van,Biały,New,134457 PLN,PLN,"{""addr1"": ""USTOWO 57"", ""city"": ""SZCZECIN"", ""region"": ""ZACHODNIOPOMORSKIE"", ""country"": ""PL"", ""postal_code"": ""71-001""}",53.38756,14.498444,LEASE,825 PLN,per month,Diesel,Manual,FWD
233526,Ducato Furgon · od 850 PLN/mies.,Fiat Professional Ducato Furgon · Rata od 850 PLN netto/mies. · Leasing B2B · GORZOW WIELKOPOLSKI · Sprawdź ofertę!,https://salon.fiatprofessional.pl/oferta/233526,https://cdn.fcapoland.pl/uploads/77/233526/9d03129d9199865c27d65d2ca5ef9685.jpg,Fiat Professional,Ducato,2025,0,KM,Van,Biały,New,138557 PLN,PLN,"{""addr1"": ""UL. KASPRZAKA 1A"", ""city"": ""GORZOW WIELKOPOLSKI"", ""region"": ""LUBUSKIE"", ""country"": ""PL"", ""postal_code"": ""66-400""}",52.716825,15.24883,LEASE,850 PLN,per month,Diesel,Manual,FWD
233355,Ducato Furgon · od 931 PLN/mies.,Fiat Professional Ducato Furgon · Rata od 931 PLN netto/mies. · Leasing B2B · ZIELONA GORA · Sprawdź ofertę!,https://salon.fiatprofessional.pl/oferta/233355,https://cdn.fcapoland.pl/uploads/77/233355/ecaccf409b116003dc7ada34dba5b4d0.jpg,Fiat Professional,Ducato,2025,0,KM,Van,Biały,New,151839 PLN,PLN,"{""addr1"": ""UL. ST. BATOREGO 69A"", ""city"": ""ZIELONA GORA"", ""region"": ""LUBUSKIE"", ""country"": ""PL"", ""postal_code"": ""65-735""}",51.952379,15.499634,LEASE,931 PLN,per month,Diesel,Manual,FWD
233113,Ducato Furgon · od 904 PLN/mies.,Fiat Professional Ducato Furgon · Rata od 904 PLN netto/mies. · Leasing B2B · POZNAN · Sprawdź ofertę!,https://salon.fiatprofessional.pl/oferta/233113,https://cdn.fcapoland.pl/uploads/77/233113/9ac2421ecc2f9c03940f45e102676b94.jpg,Fiat Professional,Ducato,2025,0,KM,Van,Szary Expedition,New,147354 PLN,PLN,"{""addr1"": ""UL. GORZYSLAWA 9"", ""city"": ""POZNAN"", ""region"": ""WIELKOPOLSKIE"", ""country"": ""PL"", ""postal_code"": ""61-057""}",52.408466,17.029606,LEASE,904 PLN,per month,Diesel,Manual,FWD
233027,Scudo Furgon · od 674 PLN/mies.,Fiat Professional Scudo Furgon · Rata od 674 PLN netto/mies. · Leasing B2B · GORZOW WIELKOPOLSKI · Sprawdź ofertę!,https://salon.fiatprofessional.pl/oferta/233027,https://cdn.fcapoland.pl/uploads/77/233027/5e4ca1d1c9661adc172085b2a598b6b2.jpg,Fiat Professional,Scudo,2025,0,KM,Van,Lakier bazowy Biały Gelato,New,114725 PLN,PLN,"{""addr1"": ""UL. KASPRZAKA 1A"", ""city"": ""GORZOW WIELKOPOLSKI"", ""region"": ""LUBUSKIE"", ""country"": ""PL"", ""postal_code"": ""66-400""}",52.716825,15.24883,LEASE,674 PLN,per month,Diesel,Manual,FWD
232955,Ducato Furgon · od 859 PLN/mies.,Fiat Professional Ducato Furgon · Rata od 859 PLN netto/mies. · Leasing B2B · LUBLIN · Sprawdź ofertę!,https://salon.fiatprofessional.pl/oferta/232955,https://cdn.fcapoland.pl/uploads/77/232955/7f2e7aca029a0eb856a5cb350ef835b9.jpg,Fiat Professional,Ducato,2025,0,KM,Van,Biały,New,139914 PLN,PLN,"{""addr1"": ""UL MEŁGIEWSKA 10"", ""city"": ""LUBLIN"", ""region"": ""LUBELSKIE"", ""country"": ""PL"", ""postal_code"": ""20-209""}",51.24833,22.60831,LEASE,859 PLN,per month,Diesel,Manual,FWD
232908,Doblò Furgon Załogowy · od 817 PLN/mies.,Fiat Professional Doblò Furgon Załogowy · Rata od 817 PLN netto/mies. · Leasing B2B · LUBLIN · Sprawdź ofertę!,https://salon.fiatprofessional.pl/oferta/232908,https://cdn.fcapoland.pl/uploads/77/232908/b904d1e1b9a206c07e12248d4ca2b78c.jpg,Fiat Professional,Doblò,2025,0,KM,Hatchback,Biały Gelato,New,105773 PLN,PLN,"{""addr1"": ""UL MEŁGIEWSKA 10"", ""city"": ""LUBLIN"", ""region"": ""LUBELSKIE"", ""country"": ""PL"", ""postal_code"": ""20-209""}",51.24833,22.60831,LEASE,817 PLN,per month,Diesel,Manual,FWD
232575,Scudo Brygadowy · od 878 PLN/mies.,Fiat Professional Scudo Brygadowy · Rata od 878 PLN netto/mies. · Leasing B2B · KATOWICE · Sprawdź ofertę!,https://salon.fiatprofessional.pl/oferta/232575,https://cdn.fcapoland.pl/uploads/77/232575/0af78d191a975e562560a581543ec264.jpg,Fiat Professional,Scudo,2025,0,KM,Van,Lakier metalizowany Szary Colosseo,New,150060 PLN,PLN,"{""addr1"": ""UL. KOSCIUSZKI 261"", ""city"": ""KATOWICE"", ""region"": ""ŚLĄSKIE"", ""country"": ""PL"", ""postal_code"": ""40-690""}",50.209822,18.965429,LEASE,878 PLN,per month,Diesel,Automatic,FWD
232428,Ducato Furgon · od 782 PLN/mies.,Fiat Professional Ducato Furgon · Rata od 782 PLN netto/mies. · Leasing B2B · ŻORY · Sprawdź ofertę!,https://salon.fiatprofessional.pl/oferta/232428,https://cdn.fcapoland.pl/uploads/77/232428/eff05451313344b29a402cd5948b7830.jpg,Fiat Professional,Ducato,2025,0,KM,Van,Biały,New,127360 PLN,PLN,"{""addr1"": ""UL. KOŚCIUSZKI 79"", ""city"": ""ŻORY"", ""region"": ""ŚLĄSKIE"", ""country"": ""PL"", ""postal_code"": ""44-240""}",50.03099,18.70503,LEASE,782 PLN,per month,Diesel,Manual,FWD
232312,Ducato Furgon · od 1029 PLN/mies.,Fiat Professional Ducato Furgon · Rata od 1029 PLN netto/mies. · Leasing B2B · OLSZTYN · Sprawdź ofertę!,https://salon.fiatprofessional.pl/oferta/232312,https://cdn.fcapoland.pl/uploads/77/232312/a5e6666e7b7c3dd5cfb2affe65035886.jpg,Fiat Professional,Ducato,2025,0,KM,Van,Biały,New,168014 PLN,PLN,"{""addr1"": ""AL. OBRONCOW TOBRUKU 5"", ""city"": ""OLSZTYN"", ""region"": ""WARMIŃSKO-MAZURSKIE"", ""country"": ""PL"", ""postal_code"": ""10-092""}",53.764244,20.481829,LEASE,1029 PLN,per month,Diesel,Manual,FWD
231497,Scudo Brygadowy Składany · od 790 PLN/mies.,Fiat Professional Scudo Brygadowy Składany · Rata od 790 PLN netto/mies. · Leasing B2B · GORZOW WIELKOPOLSKI · Sprawdź ofertę!,https://salon.fiatprofessional.pl/oferta/231497,https://cdn.fcapoland.pl/uploads/77/231497/b289476d07ee3cfcebf97a85aacea148.jpg,Fiat Professional,Scudo,2025,0,KM,Van,Lakier metalizowany Czarny Cinema,New,134817 PLN,PLN,"{""addr1"": ""UL. KASPRZAKA 1A"", ""city"": ""GORZOW WIELKOPOLSKI"", ""region"": ""LUBUSKIE"", ""country"": ""PL"", ""postal_code"": ""66-400""}",52.716825,15.24883,LEASE,790 PLN,per month,Gasoline,Automatic,FWD
231385,Ducato Furgon · od 1042 PLN/mies.,Fiat Professional Ducato Furgon · Rata od 1042 PLN netto/mies. · Leasing B2B · SZCZECIN · Sprawdź ofertę!,https://salon.fiatprofessional.pl/oferta/231385,https://cdn.fcapoland.pl/uploads/77/231385/0286b346dfa0f4db5d3790c16c46c5c4.jpg,Fiat Professional,Ducato,2025,0,KM,Van,Biały,New,170250 PLN,PLN,"{""addr1"": ""USTOWO 57"", ""city"": ""SZCZECIN"", ""region"": ""ZACHODNIOPOMORSKIE"", ""country"": ""PL"", ""postal_code"": ""71-001""}",53.38756,14.498444,LEASE,1042 PLN,per month,Diesel,Manual,FWD
231113,Doblò Combi · od 621 PLN/mies.,Fiat Professional Doblò Combi · Rata od 621 PLN netto/mies. · Leasing B2B · GDANSK · Sprawdź ofertę!,https://salon.fiatprofessional.pl/oferta/231113,https://cdn.fcapoland.pl/uploads/77/231113/c7fcf75eb23ca5eb6df1cc980ff83629.jpg,Fiat Professional,Doblò,2025,0,KM,Hatchback,Szary Maestro,New,103691 PLN,PLN,"{""addr1"": ""UL. MIALKI SZLAK 4/8"", ""city"": ""GDANSK"", ""region"": ""POMORSKIE"", ""country"": ""PL"", ""postal_code"": ""80-717""}",54.34872,18.67998,LEASE,621 PLN,per month,Diesel,Manual,FWD
230594,Ducato Furgon · od 830 PLN/mies.,Fiat Professional Ducato Furgon · Rata od 830 PLN netto/mies. · Leasing B2B · NOWY TARG · Sprawdź ofertę!,https://salon.fiatprofessional.pl/oferta/230594,https://cdn.fcapoland.pl/uploads/77/230594/565670ddb72c08d2634880b52551c6c0.jpg,Fiat Professional,Ducato,2025,0,KM,Van,Biały,New,135177 PLN,PLN,"{""addr1"": ""UL. KRAKOWSKA 3"", ""city"": ""NOWY TARG"", ""region"": ""MAŁOPOLSKIE"", ""country"": ""PL"", ""postal_code"": ""34-400""}",49.45445,20.01966,LEASE,830 PLN,per month,Diesel,Manual,FWD
230547,Ducato Furgon · od 989 PLN/mies.,Fiat Professional Ducato Furgon · Rata od 989 PLN netto/mies. · Leasing B2B · ZIELONA GORA · Sprawdź ofertę!,https://salon.fiatprofessional.pl/oferta/230547,https://cdn.fcapoland.pl/uploads/77/230547/47ee88c58135209c38431cb0b5b72ba5.jpg,Fiat Professional,Ducato,2025,0,KM,Van,Szary Expedition,New,161501 PLN,PLN,"{""addr1"": ""UL. ST. BATOREGO 69A"", ""city"": ""ZIELONA GORA"", ""region"": ""LUBUSKIE"", ""country"": ""PL"", ""postal_code"": ""65-735""}",51.952379,15.499634,LEASE,989 PLN,per month,Diesel,Manual,FWD
230133,Doblò Furgon Xl · od 808 PLN/mies.,Fiat Professional Doblò Furgon Xl · Rata od 808 PLN netto/mies. · Leasing B2B · OLSZTYN · Sprawdź ofertę!,https://salon.fiatprofessional.pl/oferta/230133,https://cdn.fcapoland.pl/uploads/77/230133/baed41e1b027cc2787e98c99ada4dd6c.jpg,Fiat Professional,Doblò,2025,0,KM,Hatchback,Biały Gelato,New,104548 PLN,PLN,"{""addr1"": ""AL. OBRONCOW TOBRUKU 5"", ""city"": ""OLSZTYN"", ""region"": ""WARMIŃSKO-MAZURSKIE"", ""country"": ""PL"", ""postal_code"": ""10-092""}",53.764244,20.481829,LEASE,808 PLN,per month,Diesel,Manual,FWD
228700,Doblò Furgon M · od 511 PLN/mies.,Fiat Professional Doblò Furgon M · Rata od 511 PLN netto/mies. · Leasing B2B · PSZCZYNA · Sprawdź ofertę!,https://salon.fiatprofessional.pl/oferta/228700,https://cdn.fcapoland.pl/uploads/77/228700/1_render.png,Fiat Professional,Doblò,2025,0,KM,Hatchback,Biały Gelato,New,85079 PLN,PLN,"{""addr1"": ""BIELSKA 31C"", ""city"": ""PSZCZYNA"", ""region"": ""ŚLĄSKIE"", ""country"": ""PL"", ""postal_code"": ""43-200""}",49.9645,18.959827,LEASE,511 PLN,per month,Gasoline,Automatic,FWD
228658,Scudo Furgon · od 691 PLN/mies.,Fiat Professional Scudo Furgon · Rata od 691 PLN netto/mies. · Leasing B2B · ZIELONA GORA · Sprawdź ofertę!,https://salon.fiatprofessional.pl/oferta/228658,https://cdn.fcapoland.pl/uploads/77/228658/381320503adf0d3ef07199abddf18eca.jpg,Fiat Professional,Scudo,2024,0,KM,Van,Biały,New,117662 PLN,PLN,"{""addr1"": ""UL. ST. BATOREGO 69A"", ""city"": ""ZIELONA GORA"", ""region"": ""LUBUSKIE"", ""country"": ""PL"", ""postal_code"": ""65-735""}",51.952379,15.499634,LEASE,691 PLN,per month,Gasoline,Automatic,FWD
227971,Scudo Furgon · od 742 PLN/mies.,Fiat Professional Scudo Furgon · Rata od 742 PLN netto/mies. · Leasing B2B · KATOWICE · Sprawdź ofertę!,https://salon.fiatprofessional.pl/oferta/227971,https://cdn.fcapoland.pl/uploads/77/227971/8e1919ac46b7e8f9e671f5c6f7fe46e2.jpg,Fiat Professional,Scudo,2025,0,KM,Van,Lakier bazowy Biały Gelato,New,126567 PLN,PLN,"{""addr1"": ""UL. KOSCIUSZKI 261"", ""city"": ""KATOWICE"", ""region"": ""ŚLĄSKIE"", ""country"": ""PL"", ""postal_code"": ""40-690""}",50.209822,18.965429,LEASE,742 PLN,per month,Gasoline,Automatic,FWD
227970,Scudo Furgon · od 710 PLN/mies.,Fiat Professional Scudo Furgon · Rata od 710 PLN netto/mies. · Leasing B2B · KATOWICE · Sprawdź ofertę!,https://salon.fiatprofessional.pl/oferta/227970,https://cdn.fcapoland.pl/uploads/77/227970/c7342c3c61b253140b8866fa3f3f5638.jpg,Fiat Professional,Scudo,2025,0,KM,Van,Lakier bazowy Biały Gelato,New,121032 PLN,PLN,"{""addr1"": ""UL. KOSCIUSZKI 261"", ""city"": ""KATOWICE"", ""region"": ""ŚLĄSKIE"", ""country"": ""PL"", ""postal_code"": ""40-690""}",50.209822,18.965429,LEASE,710 PLN,per month,Gasoline,Automatic,FWD
227969,Scudo Furgon · od 693 PLN/mies.,Fiat Professional Scudo Furgon · Rata od 693 PLN netto/mies. · Leasing B2B · KATOWICE · Sprawdź ofertę!,https://salon.fiatprofessional.pl/oferta/227969,https://cdn.fcapoland.pl/uploads/77/227969/668feee2cbfb2687b883011d02f26ae4.jpg,Fiat Professional,Scudo,2025,0,KM,Van,Lakier bazowy Biały Gelato,New,118080 PLN,PLN,"{""addr1"": ""UL. KOSCIUSZKI 261"", ""city"": ""KATOWICE"", ""region"": ""ŚLĄSKIE"", ""country"": ""PL"", ""postal_code"": ""40-690""}",50.209822,18.965429,LEASE,693 PLN,per month,Gasoline,Automatic,FWD
227481,Ducato Furgon · od 785 PLN/mies.,Fiat Professional Ducato Furgon · Rata od 785 PLN netto/mies. · Leasing B2B · NOWY TARG · Sprawdź ofertę!,https://salon.fiatprofessional.pl/oferta/227481,https://cdn.fcapoland.pl/uploads/77/227481/a65118e47719272df7eb2071a4fe509e.jpg,Fiat Professional,Ducato,2025,0,KM,Van,Biały,New,127797 PLN,PLN,"{""addr1"": ""UL. KRAKOWSKA 3"", ""city"": ""NOWY TARG"", ""region"": ""MAŁOPOLSKIE"", ""country"": ""PL"", ""postal_code"": ""34-400""}",49.45445,20.01966,LEASE,785 PLN,per month,Diesel,Manual,FWD
227404,Ducato Furgon · od 882 PLN/mies.,Fiat Professional Ducato Furgon · Rata od 882 PLN netto/mies. · Leasing B2B · NOWY TARG · Sprawdź ofertę!,https://salon.fiatprofessional.pl/oferta/227404,https://cdn.fcapoland.pl/uploads/77/227404/edf15d4f97ec4b72b2908bad3b9bba25.jpg,Fiat Professional,Ducato,2025,0,KM,Van,Biały,New,143749 PLN,PLN,"{""addr1"": ""UL. KRAKOWSKA 3"", ""city"": ""NOWY TARG"", ""region"": ""MAŁOPOLSKIE"", ""country"": ""PL"", ""postal_code"": ""34-400""}",49.45445,20.01966,LEASE,882 PLN,per month,Diesel,Manual,FWD
226915,Ducato Furgon · od 907 PLN/mies.,Fiat Professional Ducato Furgon · Rata od 907 PLN netto/mies. · Leasing B2B · NOWY TARG · Sprawdź ofertę!,https://salon.fiatprofessional.pl/oferta/226915,https://cdn.fcapoland.pl/uploads/77/226915/31fb6d167e2c3021af877c15f46170e3.jpg,Fiat Professional,Ducato,2025,0,KM,Van,Biały,New,147987 PLN,PLN,"{""addr1"": ""UL. KRAKOWSKA 3"", ""city"": ""NOWY TARG"", ""region"": ""MAŁOPOLSKIE"", ""country"": ""PL"", ""postal_code"": ""34-400""}",49.45445,20.01966,LEASE,907 PLN,per month,Diesel,Manual,FWD
226683,Ducato Furgon · od 800 PLN/mies.,Fiat Professional Ducato Furgon · Rata od 800 PLN netto/mies. · Leasing B2B · NOWY TARG · Sprawdź ofertę!,https://salon.fiatprofessional.pl/oferta/226683,https://cdn.fcapoland.pl/uploads/77/226683/9eb115c4a8400097f5c2ce9f3e7a6a11.jpg,Fiat Professional,Ducato,2025,0,KM,Van,Biały,New,130293 PLN,PLN,"{""addr1"": ""UL. KRAKOWSKA 3"", ""city"": ""NOWY TARG"", ""region"": ""MAŁOPOLSKIE"", ""country"": ""PL"", ""postal_code"": ""34-400""}",49.45445,20.01966,LEASE,800 PLN,per month,Diesel,Manual,FWD
226537,Ducato Furgon · od 864 PLN/mies.,Fiat Professional Ducato Furgon · Rata od 864 PLN netto/mies. · Leasing B2B · OPOLE · Sprawdź ofertę!,https://salon.fiatprofessional.pl/oferta/226537,https://cdn.fcapoland.pl/uploads/77/226537/68702fed1643d901ac66398ac7da8061.jpg,Fiat Professional,Ducato,2025,0,KM,Van,Szary Lanzarote,New,140789 PLN,PLN,"{""addr1"": ""UL. OLESKA 152"", ""city"": ""OPOLE"", ""region"": ""OPOLSKIE"", ""country"": ""PL"", ""postal_code"": ""45-239""}",50.690422,17.950222,LEASE,864 PLN,per month,Diesel,Manual,FWD
226304,Ducato Furgon · od 748 PLN/mies.,Fiat Professional Ducato Furgon · Rata od 748 PLN netto/mies. · Leasing B2B · NOWY TARG · Sprawdź ofertę!,https://salon.fiatprofessional.pl/oferta/226304,https://cdn.fcapoland.pl/uploads/77/226304/05532771ddcc60d35df70095209878f8.jpg,Fiat Professional,Ducato,2025,0,KM,Van,Biały,New,121647 PLN,PLN,"{""addr1"": ""UL. KRAKOWSKA 3"", ""city"": ""NOWY TARG"", ""region"": ""MAŁOPOLSKIE"", ""country"": ""PL"", ""postal_code"": ""34-400""}",49.45445,20.01966,LEASE,748 PLN,per month,Diesel,Manual,FWD
226288,Ducato Podwozie Do Zabudowy · od 1054 PLN/mies.,Fiat Professional Ducato Podwozie Do Zabudowy · Rata od 1054 PLN netto/mies. · Leasing B2B · KATOWICE · Sprawdź ofertę!,https://salon.fiatprofessional.pl/oferta/226288,https://cdn.fcapoland.pl/uploads/77/226288/8c5dde892ce6dbfb6410e50af89cced9.jpg,Fiat Professional,Ducato,2025,0,KM,Van,Biały,New,172077 PLN,PLN,"{""addr1"": ""UL. KOSCIUSZKI 261"", ""city"": ""KATOWICE"", ""region"": ""ŚLĄSKIE"", ""country"": ""PL"", ""postal_code"": ""40-690""}",50.209822,18.965429,LEASE,1054 PLN,per month,Diesel,Manual,FWD
225982,Ducato Furgon · od 958 PLN/mies.,Fiat Professional Ducato Furgon · Rata od 958 PLN netto/mies. · Leasing B2B · NOWY TARG · Sprawdź ofertę!,https://salon.fiatprofessional.pl/oferta/225982,https://cdn.fcapoland.pl/uploads/77/225982/0da8860137cf90f5d902991fa7a7f8df.jpg,Fiat Professional,Ducato,2025,0,KM,Van,Szary Lanzarote,New,156299 PLN,PLN,"{""addr1"": ""UL. KRAKOWSKA 3"", ""city"": ""NOWY TARG"", ""region"": ""MAŁOPOLSKIE"", ""country"": ""PL"", ""postal_code"": ""34-400""}",49.45445,20.01966,LEASE,958 PLN,per month,Diesel,Manual,FWD
225977,Ducato Furgon · od 958 PLN/mies.,Fiat Professional Ducato Furgon · Rata od 958 PLN netto/mies. · Leasing B2B · NOWY TARG · Sprawdź ofertę!,https://salon.fiatprofessional.pl/oferta/225977,https://cdn.fcapoland.pl/uploads/77/225977/24b8212cbfe337f528a844957d1c711b.jpg,Fiat Professional,Ducato,2025,0,KM,Van,Szary Lanzarote,New,156299 PLN,PLN,"{""addr1"": ""UL. KRAKOWSKA 3"", ""city"": ""NOWY TARG"", ""region"": ""MAŁOPOLSKIE"", ""country"": ""PL"", ""postal_code"": ""34-400""}",49.45445,20.01966,LEASE,958 PLN,per month,Diesel,Manual,FWD
225791,Ducato Furgon · od 957 PLN/mies.,Fiat Professional Ducato Furgon · Rata od 957 PLN netto/mies. · Leasing B2B · NOWY TARG · Sprawdź ofertę!,https://salon.fiatprofessional.pl/oferta/225791,https://cdn.fcapoland.pl/uploads/77/225791/071b599cabbecd0ef6c7f750ac676754.jpg,Fiat Professional,Ducato,2025,0,KM,Van,Biały,New,156214 PLN,PLN,"{""addr1"": ""UL. KRAKOWSKA 3"", ""city"": ""NOWY TARG"", ""region"": ""MAŁOPOLSKIE"", ""country"": ""PL"", ""postal_code"": ""34-400""}",49.45445,20.01966,LEASE,957 PLN,per month,Diesel,Manual,FWD
225651,Ducato Furgon · od 905 PLN/mies.,Fiat Professional Ducato Furgon · Rata od 905 PLN netto/mies. · Leasing B2B · NOWY TARG · Sprawdź ofertę!,https://salon.fiatprofessional.pl/oferta/225651,https://cdn.fcapoland.pl/uploads/77/225651/1d0086d5ed0eb48b5ecab66cbad5e85a.jpg,Fiat Professional,Ducato,2025,0,KM,Van,Szary Lanzarote,New,147594 PLN,PLN,"{""addr1"": ""UL. KRAKOWSKA 3"", ""city"": ""NOWY TARG"", ""region"": ""MAŁOPOLSKIE"", ""country"": ""PL"", ""postal_code"": ""34-400""}",49.45445,20.01966,LEASE,905 PLN,per month,Diesel,Manual,FWD
225649,Ducato Furgon · od 919 PLN/mies.,Fiat Professional Ducato Furgon · Rata od 919 PLN netto/mies. · Leasing B2B · NOWY TARG · Sprawdź ofertę!,https://salon.fiatprofessional.pl/oferta/225649,https://cdn.fcapoland.pl/uploads/77/225649/d221eae559f499192613f7fb374f4bc7.jpg,Fiat Professional,Ducato,2025,0,KM,Van,Szary Lanzarote,New,149828 PLN,PLN,"{""addr1"": ""UL. KRAKOWSKA 3"", ""city"": ""NOWY TARG"", ""region"": ""MAŁOPOLSKIE"", ""country"": ""PL"", ""postal_code"": ""34-400""}",49.45445,20.01966,LEASE,919 PLN,per month,Diesel,Manual,FWD
225615,Ducato Furgon · od 958 PLN/mies.,Fiat Professional Ducato Furgon · Rata od 958 PLN netto/mies. · Leasing B2B · NOWY TARG · Sprawdź ofertę!,https://salon.fiatprofessional.pl/oferta/225615,https://cdn.fcapoland.pl/uploads/77/225615/12c38ab87b8d07dbf9a0ace37aa6bd56.jpg,Fiat Professional,Ducato,2025,0,KM,Van,Biały,New,156401 PLN,PLN,"{""addr1"": ""UL. KRAKOWSKA 3"", ""city"": ""NOWY TARG"", ""region"": ""MAŁOPOLSKIE"", ""country"": ""PL"", ""postal_code"": ""34-400""}",49.45445,20.01966,LEASE,958 PLN,per month,Diesel,Manual,FWD
225575,Ducato Podwozie Do Zabudowy · od 1098 PLN/mies.,Fiat Professional Ducato Podwozie Do Zabudowy · Rata od 1098 PLN netto/mies. · Leasing B2B · GDYNIA · Sprawdź ofertę!,https://salon.fiatprofessional.pl/oferta/225575,https://cdn.fcapoland.pl/uploads/77/225575/1_render.png,Fiat Professional,Ducato,2025,0,KM,Van,Biały,New,179392 PLN,PLN,"{""addr1"": ""MORSKA 491"", ""city"": ""GDYNIA"", ""region"": ""POMORSKIE"", ""country"": ""PL"", ""postal_code"": ""81-002""}",54.549561,18.427188,LEASE,1098 PLN,per month,Diesel,Manual,FWD
225548,Ducato Furgon · od 941 PLN/mies.,Fiat Professional Ducato Furgon · Rata od 941 PLN netto/mies. · Leasing B2B · NOWY TARG · Sprawdź ofertę!,https://salon.fiatprofessional.pl/oferta/225548,https://cdn.fcapoland.pl/uploads/77/225548/91fec9381332eaca8846f935ff80441e.jpg,Fiat Professional,Ducato,2025,0,KM,Van,Szary Lanzarote,New,153478 PLN,PLN,"{""addr1"": ""UL. KRAKOWSKA 3"", ""city"": ""NOWY TARG"", ""region"": ""MAŁOPOLSKIE"", ""country"": ""PL"", ""postal_code"": ""34-400""}",49.45445,20.01966,LEASE,941 PLN,per month,Diesel,Manual,FWD
225547,Ducato Furgon · od 943 PLN/mies.,Fiat Professional Ducato Furgon · Rata od 943 PLN netto/mies. · Leasing B2B · NOWY TARG · Sprawdź ofertę!,https://salon.fiatprofessional.pl/oferta/225547,https://cdn.fcapoland.pl/uploads/77/225547/e1df5537cdbca7dcc4324bc22825e284.jpg,Fiat Professional,Ducato,2025,0,KM,Van,Szary Lanzarote,New,153842 PLN,PLN,"{""addr1"": ""UL. KRAKOWSKA 3"", ""city"": ""NOWY TARG"", ""region"": ""MAŁOPOLSKIE"", ""country"": ""PL"", ""postal_code"": ""34-400""}",49.45445,20.01966,LEASE,943 PLN,per month,Diesel,Manual,FWD
225546,Ducato Furgon · od 941 PLN/mies.,Fiat Professional Ducato Furgon · Rata od 941 PLN netto/mies. · Leasing B2B · NOWY TARG · Sprawdź ofertę!,https://salon.fiatprofessional.pl/oferta/225546,https://cdn.fcapoland.pl/uploads/77/225546/9832bff70b5a20d9243f4bfbf6c8f13e.jpg,Fiat Professional,Ducato,2025,0,KM,Van,Szary Lanzarote,New,153478 PLN,PLN,"{""addr1"": ""UL. KRAKOWSKA 3"", ""city"": ""NOWY TARG"", ""region"": ""MAŁOPOLSKIE"", ""country"": ""PL"", ""postal_code"": ""34-400""}",49.45445,20.01966,LEASE,941 PLN,per month,Diesel,Manual,FWD
225543,Ducato Furgon · od 884 PLN/mies.,Fiat Professional Ducato Furgon · Rata od 884 PLN netto/mies. · Leasing B2B · NOWY TARG · Sprawdź ofertę!,https://salon.fiatprofessional.pl/oferta/225543,https://cdn.fcapoland.pl/uploads/77/225543/89888668ca128a2b43b463dec2e6ddff.jpg,Fiat Professional,Ducato,2025,0,KM,Van,Biały,New,144060 PLN,PLN,"{""addr1"": ""UL. KRAKOWSKA 3"", ""city"": ""NOWY TARG"", ""region"": ""MAŁOPOLSKIE"", ""country"": ""PL"", ""postal_code"": ""34-400""}",49.45445,20.01966,LEASE,884 PLN,per month,Diesel,Manual,FWD
225542,Ducato Furgon · od 884 PLN/mies.,Fiat Professional Ducato Furgon · Rata od 884 PLN netto/mies. · Leasing B2B · NOWY TARG · Sprawdź ofertę!,https://salon.fiatprofessional.pl/oferta/225542,https://cdn.fcapoland.pl/uploads/77/225542/f06e122f31d0f680cfbc53caeec43146.jpg,Fiat Professional,Ducato,2025,0,KM,Van,Biały,New,144060 PLN,PLN,"{""addr1"": ""UL. KRAKOWSKA 3"", ""city"": ""NOWY TARG"", ""region"": ""MAŁOPOLSKIE"", ""country"": ""PL"", ""postal_code"": ""34-400""}",49.45445,20.01966,LEASE,884 PLN,per month,Diesel,Manual,FWD
225541,Ducato Furgon · od 884 PLN/mies.,Fiat Professional Ducato Furgon · Rata od 884 PLN netto/mies. · Leasing B2B · NOWY TARG · Sprawdź ofertę!,https://salon.fiatprofessional.pl/oferta/225541,https://cdn.fcapoland.pl/uploads/77/225541/18efe3d13ea52fbc2eeb296c405799ad.jpg,Fiat Professional,Ducato,2025,0,KM,Van,Biały,New,144060 PLN,PLN,"{""addr1"": ""UL. KRAKOWSKA 3"", ""city"": ""NOWY TARG"", ""region"": ""MAŁOPOLSKIE"", ""country"": ""PL"", ""postal_code"": ""34-400""}",49.45445,20.01966,LEASE,884 PLN,per month,Diesel,Manual,FWD
225454,Ducato Furgon · od 921 PLN/mies.,Fiat Professional Ducato Furgon · Rata od 921 PLN netto/mies. · Leasing B2B · NOWY TARG · Sprawdź ofertę!,https://salon.fiatprofessional.pl/oferta/225454,https://cdn.fcapoland.pl/uploads/77/225454/324f35ae8fb0c6c3069aea02b24ce9ad.jpg,Fiat Professional,Ducato,2025,0,KM,Van,Szary Lanzarote,New,150166 PLN,PLN,"{""addr1"": ""UL. KRAKOWSKA 3"", ""city"": ""NOWY TARG"", ""region"": ""MAŁOPOLSKIE"", ""country"": ""PL"", ""postal_code"": ""34-400""}",49.45445,20.01966,LEASE,921 PLN,per month,Diesel,Manual,FWD
225453,Ducato Furgon · od 857 PLN/mies.,Fiat Professional Ducato Furgon · Rata od 857 PLN netto/mies. · Leasing B2B · NOWY TARG · Sprawdź ofertę!,https://salon.fiatprofessional.pl/oferta/225453,https://cdn.fcapoland.pl/uploads/77/225453/863da87a218a963c2d0e164850af0a2b.jpg,Fiat Professional,Ducato,2025,0,KM,Van,Szary Lanzarote,New,139605 PLN,PLN,"{""addr1"": ""UL. KRAKOWSKA 3"", ""city"": ""NOWY TARG"", ""region"": ""MAŁOPOLSKIE"", ""country"": ""PL"", ""postal_code"": ""34-400""}",49.45445,20.01966,LEASE,857 PLN,per month,Diesel,Manual,FWD
225420,Ducato Podwozie Do Zabudowy · od 1262 PLN/mies.,Fiat Professional Ducato Podwozie Do Zabudowy · Rata od 1262 PLN netto/mies. · Leasing B2B · WROCLAW · Sprawdź ofertę!,https://salon.fiatprofessional.pl/oferta/225420,https://cdn.fcapoland.pl/uploads/77/225420/59c263e10f82000d3dee9aed8c42523c.jpg,Fiat Professional,Ducato,2024,0,KM,Van,Biały,New,206517 PLN,PLN,"{""addr1"": ""UL. ZMIGRODZKA 251"", ""city"": ""WROCLAW"", ""region"": ""DOLNOŚLĄSKIE"", ""country"": ""PL"", ""postal_code"": ""51-129""}",51.162768,17.02893,LEASE,1262 PLN,per month,Diesel,Manual,FWD
225274,Ducato Furgon · od 958 PLN/mies.,Fiat Professional Ducato Furgon · Rata od 958 PLN netto/mies. · Leasing B2B · NOWY TARG · Sprawdź ofertę!,https://salon.fiatprofessional.pl/oferta/225274,https://cdn.fcapoland.pl/uploads/77/225274/8a58339bd222e27bf4a3f809ebf10096.jpg,Fiat Professional,Ducato,2025,0,KM,Van,Szary Lanzarote,New,156281 PLN,PLN,"{""addr1"": ""UL. KRAKOWSKA 3"", ""city"": ""NOWY TARG"", ""region"": ""MAŁOPOLSKIE"", ""country"": ""PL"", ""postal_code"": ""34-400""}",49.45445,20.01966,LEASE,958 PLN,per month,Diesel,Manual,FWD
225162,Ducato Furgon · od 881 PLN/mies.,Fiat Professional Ducato Furgon · Rata od 881 PLN netto/mies. · Leasing B2B · NOWY TARG · Sprawdź ofertę!,https://salon.fiatprofessional.pl/oferta/225162,https://cdn.fcapoland.pl/uploads/77/225162/4dbd0d17a8cc87f311613b6c649395a9.jpg,Fiat Professional,Ducato,2025,0,KM,Van,Biały,New,143663 PLN,PLN,"{""addr1"": ""UL. KRAKOWSKA 3"", ""city"": ""NOWY TARG"", ""region"": ""MAŁOPOLSKIE"", ""country"": ""PL"", ""postal_code"": ""34-400""}",49.45445,20.01966,LEASE,881 PLN,per month,Diesel,Manual,FWD
225141,Ducato Furgon · od 941 PLN/mies.,Fiat Professional Ducato Furgon · Rata od 941 PLN netto/mies. · Leasing B2B · NOWY TARG · Sprawdź ofertę!,https://salon.fiatprofessional.pl/oferta/225141,https://cdn.fcapoland.pl/uploads/77/225141/435b0cd332607b83320cdbc876fabf89.jpg,Fiat Professional,Ducato,2025,0,KM,Van,Szary Lanzarote,New,153546 PLN,PLN,"{""addr1"": ""UL. KRAKOWSKA 3"", ""city"": ""NOWY TARG"", ""region"": ""MAŁOPOLSKIE"", ""country"": ""PL"", ""postal_code"": ""34-400""}",49.45445,20.01966,LEASE,941 PLN,per month,Diesel,Manual,FWD
225092,Ducato Furgon · od 902 PLN/mies.,Fiat Professional Ducato Furgon · Rata od 902 PLN netto/mies. · Leasing B2B · SZCZECIN · Sprawdź ofertę!,https://salon.fiatprofessional.pl/oferta/225092,https://cdn.fcapoland.pl/uploads/77/225092/6491d5f9d7b922782e08dd1006667abb.jpg,Fiat Professional,Ducato,2025,0,KM,Van,Biały,New,147047 PLN,PLN,"{""addr1"": ""USTOWO 57"", ""city"": ""SZCZECIN"", ""region"": ""ZACHODNIOPOMORSKIE"", ""country"": ""PL"", ""postal_code"": ""71-001""}",53.38756,14.498444,LEASE,902 PLN,per month,Diesel,Automatic,FWD
224327,Ducato Furgon · od 789 PLN/mies.,Fiat Professional Ducato Furgon · Rata od 789 PLN netto/mies. · Leasing B2B · LUBLIN · Sprawdź ofertę!,https://salon.fiatprofessional.pl/oferta/224327,https://cdn.fcapoland.pl/uploads/77/224327/68d76da59e8fe7e555904474ea385ab1.jpg,Fiat Professional,Ducato,2025,0,KM,Van,Biały,New,128382 PLN,PLN,"{""addr1"": ""UL MEŁGIEWSKA 10"", ""city"": ""LUBLIN"", ""region"": ""LUBELSKIE"", ""country"": ""PL"", ""postal_code"": ""20-209""}",51.24833,22.60831,LEASE,789 PLN,per month,Diesel,Manual,FWD
224224,Ducato Furgon · od 953 PLN/mies.,Fiat Professional Ducato Furgon · Rata od 953 PLN netto/mies. · Leasing B2B · NOWY TARG · Sprawdź ofertę!,https://salon.fiatprofessional.pl/oferta/224224,https://cdn.fcapoland.pl/uploads/77/224224/c67fe77b0f611abb04e4e283b6535be3.jpg,Fiat Professional,Ducato,2025,0,KM,Van,Szary Lanzarote,New,155426 PLN,PLN,"{""addr1"": ""UL. KRAKOWSKA 3"", ""city"": ""NOWY TARG"", ""region"": ""MAŁOPOLSKIE"", ""country"": ""PL"", ""postal_code"": ""34-400""}",49.45445,20.01966,LEASE,953 PLN,per month,Diesel,Manual,FWD
223849,Ducato Podwozie Do Zabudowy · od 968 PLN/mies.,Fiat Professional Ducato Podwozie Do Zabudowy · Rata od 968 PLN netto/mies. · Leasing B2B · BIELSKO-BIAŁA · Sprawdź ofertę!,https://salon.fiatprofessional.pl/oferta/223849,https://cdn.fcapoland.pl/uploads/77/223849/ee6fdb11458c0bd301940cae3b115b22.jpg,Fiat Professional,Ducato,2025,0,KM,Van,Biały,New,157926 PLN,PLN,"{""addr1"": ""UL. WARSZAWSKA 158"", ""city"": ""BIELSKO-BIAŁA"", ""region"": ""ŚLĄSKIE"", ""country"": ""PL"", ""postal_code"": ""43-300""}",49.84307,19.03564,LEASE,968 PLN,per month,Diesel,Manual,FWD
223733,Ducato Furgon · od 875 PLN/mies.,Fiat Professional Ducato Furgon · Rata od 875 PLN netto/mies. · Leasing B2B · POZNAN · Sprawdź ofertę!,https://salon.fiatprofessional.pl/oferta/223733,https://cdn.fcapoland.pl/uploads/77/223733/b1146443e65b3bd706ae9e80bb19a5ab.jpg,Fiat Professional,Ducato,2025,0,KM,Van,Biały,New,142557 PLN,PLN,"{""addr1"": ""UL. GORZYSLAWA 9"", ""city"": ""POZNAN"", ""region"": ""WIELKOPOLSKIE"", ""country"": ""PL"", ""postal_code"": ""61-057""}",52.408466,17.029606,LEASE,875 PLN,per month,Diesel,Manual,FWD
223679,Doblò Furgon Xl · od 589 PLN/mies.,Fiat Professional Doblò Furgon Xl · Rata od 589 PLN netto/mies. · Leasing B2B · KALISZ · Sprawdź ofertę!,https://salon.fiatprofessional.pl/oferta/223679,https://cdn.fcapoland.pl/uploads/77/223679/55940563b29334d0f97e10f97ff1acb2.jpg,Fiat Professional,Doblò,2024,0,KM,Hatchback,Biały Gelato,New,98209 PLN,PLN,"{""addr1"": ""UL. WROCLAWSKA 27"", ""city"": ""KALISZ"", ""region"": ""WIELKOPOLSKIE"", ""country"": ""PL"", ""postal_code"": ""62-800""}",51.7429,18.06292,LEASE,589 PLN,per month,Gasoline,Automatic,FWD
223543,Ducato Podwozie Do Zabudowy · od 858 PLN/mies.,Fiat Professional Ducato Podwozie Do Zabudowy · Rata od 858 PLN netto/mies. · Leasing B2B · RZESZOW · Sprawdź ofertę!,https://salon.fiatprofessional.pl/oferta/223543,https://cdn.fcapoland.pl/uploads/77/223543/50551501c0850559b9e89c772725ae93.jpg,Fiat Professional,Ducato,2025,0,KM,Van,Biały,New,139808 PLN,PLN,"{""addr1"": ""UL. WARSZAWSKA 135"", ""city"": ""RZESZOW"", ""region"": ""PODKARPACKIE"", ""country"": ""PL"", ""postal_code"": ""35-205""}",50.081623,21.984324,LEASE,858 PLN,per month,Diesel,Manual,FWD
223244,Doblò Combi · od 626 PLN/mies.,Fiat Professional Doblò Combi · Rata od 626 PLN netto/mies. · Leasing B2B · LUBLIN · Sprawdź ofertę!,https://salon.fiatprofessional.pl/oferta/223244,https://cdn.fcapoland.pl/uploads/77/223244/f96a6867ebd4f4a099a869188966eb12.jpg,Fiat Professional,Doblò,2025,0,KM,Hatchback,Niebieski Volare,New,104458 PLN,PLN,"{""addr1"": ""UL MEŁGIEWSKA 10"", ""city"": ""LUBLIN"", ""region"": ""LUBELSKIE"", ""country"": ""PL"", ""postal_code"": ""20-209""}",51.24833,22.60831,LEASE,626 PLN,per month,Diesel,Manual,FWD
222316,Ducato Podwozie Do Zabudowy · od 834 PLN/mies.,Fiat Professional Ducato Podwozie Do Zabudowy · Rata od 834 PLN netto/mies. · Leasing B2B · KALISZ · Sprawdź ofertę!,https://salon.fiatprofessional.pl/oferta/222316,https://cdn.fcapoland.pl/uploads/77/222316/f1182431ca422dd8864b90d46d91b8b5.jpg,Fiat Professional,Ducato,2025,0,KM,Van,Szary Lanzarote,New,135865 PLN,PLN,"{""addr1"": ""UL. WROCLAWSKA 27"", ""city"": ""KALISZ"", ""region"": ""WIELKOPOLSKIE"", ""country"": ""PL"", ""postal_code"": ""62-800""}",51.7429,18.06292,LEASE,834 PLN,per month,Diesel,Manual,FWD
221835,Ducato Furgon · od 904 PLN/mies.,Fiat Professional Ducato Furgon · Rata od 904 PLN netto/mies. · Leasing B2B · GDANSK · Sprawdź ofertę!,https://salon.fiatprofessional.pl/oferta/221835,https://cdn.fcapoland.pl/uploads/77/221835/695bed75cebf5c20a5a0dfdf02d6ca62.jpg,Fiat Professional,Ducato,2025,0,KM,Van,Biały,New,147477 PLN,PLN,"{""addr1"": ""UL. POTOKOWA 15AC"", ""city"": ""GDANSK"", ""region"": ""POMORSKIE"", ""country"": ""PL"", ""postal_code"": ""80-283""}",54.368945,18.570911,LEASE,904 PLN,per month,Diesel,Manual,FWD
221516,Ducato Furgon · od 1005 PLN/mies.,Fiat Professional Ducato Furgon · Rata od 1005 PLN netto/mies. · Leasing B2B · SZCZECIN · Sprawdź ofertę!,https://salon.fiatprofessional.pl/oferta/221516,https://cdn.fcapoland.pl/uploads/77/221516/892da14ec29b1c9ef96a1fd64ee2230c.jpg,Fiat Professional,Ducato,2025,0,KM,Van,Biały,New,164115 PLN,PLN,"{""addr1"": ""USTOWO 57"", ""city"": ""SZCZECIN"", ""region"": ""ZACHODNIOPOMORSKIE"", ""country"": ""PL"", ""postal_code"": ""71-001""}",53.38756,14.498444,LEASE,1005 PLN,per month,Diesel,Manual,FWD
221367,Ducato Podwozie Brygadowe Do Zabudowy · od 863 PLN/mies.,Fiat Professional Ducato Podwozie Brygadowe Do Zabudowy · Rata od 863 PLN netto/mies. · Leasing B2B · WROCLAW · Sprawdź ofertę!,https://salon.fiatprofessional.pl/oferta/221367,https://cdn.fcapoland.pl/uploads/77/221367/6c3c9f6a015f07f57903db9e4223063b.jpg,Fiat Professional,Ducato,2025,0,KM,Van,Biały,New,140569 PLN,PLN,"{""addr1"": ""UL. KARKONOSKA 45"", ""city"": ""WROCLAW"", ""region"": ""DOLNOŚLĄSKIE"", ""country"": ""PL"", ""postal_code"": ""53-015""}",51.063822,17.000133,LEASE,863 PLN,per month,Diesel,Manual,FWD
221046,Ducato Podwozie Do Zabudowy · od 1125 PLN/mies.,Fiat Professional Ducato Podwozie Do Zabudowy · Rata od 1125 PLN netto/mies. · Leasing B2B · GORZOW WIELKOPOLSKI · Sprawdź ofertę!,https://salon.fiatprofessional.pl/oferta/221046,https://cdn.fcapoland.pl/uploads/77/221046/293ab176da93801719c7ff4bb870f8f4.jpg,Fiat Professional,Ducato,2025,0,KM,Van,Biały,New,183874 PLN,PLN,"{""addr1"": ""UL. KASPRZAKA 1A"", ""city"": ""GORZOW WIELKOPOLSKI"", ""region"": ""LUBUSKIE"", ""country"": ""PL"", ""postal_code"": ""66-400""}",52.716825,15.24883,LEASE,1125 PLN,per month,Diesel,Manual,FWD
220620,Ducato Podwozie Brygadowe Do Zabudowy · od 1014 PLN/mies.,Fiat Professional Ducato Podwozie Brygadowe Do Zabudowy · Rata od 1014 PLN netto/mies. · Leasing B2B · NOWY TARG · Sprawdź ofertę!,https://salon.fiatprofessional.pl/oferta/220620,https://cdn.fcapoland.pl/uploads/77/220620/a7ccb3951b70c35899245d94207ead8f.jpg,Fiat Professional,Ducato,2025,0,KM,Van,Biały,New,165621 PLN,PLN,"{""addr1"": ""UL. KRAKOWSKA 3"", ""city"": ""NOWY TARG"", ""region"": ""MAŁOPOLSKIE"", ""country"": ""PL"", ""postal_code"": ""34-400""}",49.45445,20.01966,LEASE,1014 PLN,per month,Diesel,Manual,FWD
220612,Ducato Furgon · od 1001 PLN/mies.,Fiat Professional Ducato Furgon · Rata od 1001 PLN netto/mies. · Leasing B2B · ZIELONA GORA · Sprawdź ofertę!,https://salon.fiatprofessional.pl/oferta/220612,https://cdn.fcapoland.pl/uploads/77/220612/cad5bfda3f8a5993d2af2f3553537d95.jpg,Fiat Professional,Ducato,2024,0,KM,Van,Biały,New,163452 PLN,PLN,"{""addr1"": ""UL. ST. BATOREGO 69A"", ""city"": ""ZIELONA GORA"", ""region"": ""LUBUSKIE"", ""country"": ""PL"", ""postal_code"": ""65-735""}",51.952379,15.499634,LEASE,1001 PLN,per month,Diesel,Manual,FWD
220531,Ducato Furgon · od 867 PLN/mies.,Fiat Professional Ducato Furgon · Rata od 867 PLN netto/mies. · Leasing B2B · GORZOW WIELKOPOLSKI · Sprawdź ofertę!,https://salon.fiatprofessional.pl/oferta/220531,https://cdn.fcapoland.pl/uploads/77/220531/9733fb9472788e891bcff6e214de0c43.jpg,Fiat Professional,Ducato,2025,0,KM,Van,Biały,New,141344 PLN,PLN,"{""addr1"": ""UL. KASPRZAKA 1A"", ""city"": ""GORZOW WIELKOPOLSKI"", ""region"": ""LUBUSKIE"", ""country"": ""PL"", ""postal_code"": ""66-400""}",52.716825,15.24883,LEASE,867 PLN,per month,Diesel,Manual,FWD
220495,Ducato Podwozie Do Zabudowy · od 866 PLN/mies.,Fiat Professional Ducato Podwozie Do Zabudowy · Rata od 866 PLN netto/mies. · Leasing B2B · NOWY TARG · Sprawdź ofertę!,https://salon.fiatprofessional.pl/oferta/220495,https://cdn.fcapoland.pl/uploads/77/220495/ec517669b55650fddb63eaf6bcdb9bcc.jpg,Fiat Professional,Ducato,2025,0,KM,Van,Biały,New,141143 PLN,PLN,"{""addr1"": ""UL. KRAKOWSKA 3"", ""city"": ""NOWY TARG"", ""region"": ""MAŁOPOLSKIE"", ""country"": ""PL"", ""postal_code"": ""34-400""}",49.45445,20.01966,LEASE,866 PLN,per month,Diesel,Manual,FWD
220059,Ducato Furgon · od 822 PLN/mies.,Fiat Professional Ducato Furgon · Rata od 822 PLN netto/mies. · Leasing B2B · GDANSK · Sprawdź ofertę!,https://salon.fiatprofessional.pl/oferta/220059,https://cdn.fcapoland.pl/uploads/77/220059/7200f7ab4384854f764bec523cce0e17.jpg,Fiat Professional,Ducato,2025,0,KM,Van,Szary Lanzarote,New,133947 PLN,PLN,"{""addr1"": ""UL. POTOKOWA 15AC"", ""city"": ""GDANSK"", ""region"": ""POMORSKIE"", ""country"": ""PL"", ""postal_code"": ""80-283""}",54.368945,18.570911,LEASE,822 PLN,per month,Diesel,Manual,FWD
219762,Ducato Podwozie Do Zabudowy · od 1200 PLN/mies.,Fiat Professional Ducato Podwozie Do Zabudowy · Rata od 1200 PLN netto/mies. · Leasing B2B · ZIELONA GORA · Sprawdź ofertę!,https://salon.fiatprofessional.pl/oferta/219762,https://cdn.fcapoland.pl/uploads/77/219762/f660af2f6a94471234f0476632fc2153.jpg,Fiat Professional,Ducato,2023,0,KM,Van,Szary Lanzarote,New,196288 PLN,PLN,"{""addr1"": ""UL. ST. BATOREGO 69A"", ""city"": ""ZIELONA GORA"", ""region"": ""LUBUSKIE"", ""country"": ""PL"", ""postal_code"": ""65-735""}",51.952379,15.499634,LEASE,1200 PLN,per month,Gasoline,Automatic,FWD
219495,Ducato Furgon · od 868 PLN/mies.,Fiat Professional Ducato Furgon · Rata od 868 PLN netto/mies. · Leasing B2B · GORZOW WIELKOPOLSKI · Sprawdź ofertę!,https://salon.fiatprofessional.pl/oferta/219495,https://cdn.fcapoland.pl/uploads/77/219495/c85a50bef8d2187d02b67c37d5217311.jpg,Fiat Professional,Ducato,2025,0,KM,Van,Biały,New,141400 PLN,PLN,"{""addr1"": ""UL. KASPRZAKA 1A"", ""city"": ""GORZOW WIELKOPOLSKI"", ""region"": ""LUBUSKIE"", ""country"": ""PL"", ""postal_code"": ""66-400""}",52.716825,15.24883,LEASE,868 PLN,per month,Diesel,Manual,FWD
219412,Ducato Furgon · od 860 PLN/mies.,Fiat Professional Ducato Furgon · Rata od 860 PLN netto/mies. · Leasing B2B · GDANSK · Sprawdź ofertę!,https://salon.fiatprofessional.pl/oferta/219412,https://cdn.fcapoland.pl/uploads/77/219412/e653b1e9f2319ef31f05cc1224fcd7c9.jpg,Fiat Professional,Ducato,2025,0,KM,Van,Biały,New,140097 PLN,PLN,"{""addr1"": ""UL. POTOKOWA 15AC"", ""city"": ""GDANSK"", ""region"": ""POMORSKIE"", ""country"": ""PL"", ""postal_code"": ""80-283""}",54.368945,18.570911,LEASE,860 PLN,per month,Diesel,Manual,FWD
219383,Ducato Furgon · od 860 PLN/mies.,Fiat Professional Ducato Furgon · Rata od 860 PLN netto/mies. · Leasing B2B · SZCZECIN · Sprawdź ofertę!,https://salon.fiatprofessional.pl/oferta/219383,https://cdn.fcapoland.pl/uploads/77/219383/f55e9e04aa5aa412c57155a735f61652.jpg,Fiat Professional,Ducato,2025,0,KM,Van,Biały,New,140205 PLN,PLN,"{""addr1"": ""USTOWO 57"", ""city"": ""SZCZECIN"", ""region"": ""ZACHODNIOPOMORSKIE"", ""country"": ""PL"", ""postal_code"": ""71-001""}",53.38756,14.498444,LEASE,860 PLN,per month,Diesel,Manual,FWD
219178,Ducato Podwozie Do Zabudowy · od 866 PLN/mies.,Fiat Professional Ducato Podwozie Do Zabudowy · Rata od 866 PLN netto/mies. · Leasing B2B · LUBLIN · Sprawdź ofertę!,https://salon.fiatprofessional.pl/oferta/219178,https://cdn.fcapoland.pl/uploads/77/219178/0a37d02afb86ce16c4fde7c529436b34.jpg,Fiat Professional,Ducato,2025,0,KM,Van,Biały,New,141176 PLN,PLN,"{""addr1"": ""UL MEŁGIEWSKA 10"", ""city"": ""LUBLIN"", ""region"": ""LUBELSKIE"", ""country"": ""PL"", ""postal_code"": ""20-209""}",51.24833,22.60831,LEASE,866 PLN,per month,Diesel,Manual,FWD
219151,Ducato Furgon · od 808 PLN/mies.,Fiat Professional Ducato Furgon · Rata od 808 PLN netto/mies. · Leasing B2B · ZIELONA GORA · Sprawdź ofertę!,https://salon.fiatprofessional.pl/oferta/219151,https://cdn.fcapoland.pl/uploads/77/219151/87273b50709705241bbe776a7e340135.jpg,Fiat Professional,Ducato,2025,0,KM,Van,Biały,New,131640 PLN,PLN,"{""addr1"": ""UL. ST. BATOREGO 69A"", ""city"": ""ZIELONA GORA"", ""region"": ""LUBUSKIE"", ""country"": ""PL"", ""postal_code"": ""65-735""}",51.952379,15.499634,LEASE,808 PLN,per month,Diesel,Manual,FWD
218635,Ducato Furgon · od 964 PLN/mies.,Fiat Professional Ducato Furgon · Rata od 964 PLN netto/mies. · Leasing B2B · GDANSK · Sprawdź ofertę!,https://salon.fiatprofessional.pl/oferta/218635,https://cdn.fcapoland.pl/uploads/77/218635/f73b20efb5652bddc65c454da99295b9.jpg,Fiat Professional,Ducato,2024,0,KM,Van,Szary Lanzarote,New,157317 PLN,PLN,"{""addr1"": ""UL. POTOKOWA 15AC"", ""city"": ""GDANSK"", ""region"": ""POMORSKIE"", ""country"": ""PL"", ""postal_code"": ""80-283""}",54.368945,18.570911,LEASE,964 PLN,per month,Diesel,Manual,FWD
218633,Ducato Furgon · od 927 PLN/mies.,Fiat Professional Ducato Furgon · Rata od 927 PLN netto/mies. · Leasing B2B · GDANSK · Sprawdź ofertę!,https://salon.fiatprofessional.pl/oferta/218633,https://cdn.fcapoland.pl/uploads/77/218633/7c90096c704f5f776ccf573d199d8863.jpg,Fiat Professional,Ducato,2024,0,KM,Van,Biały,New,151167 PLN,PLN,"{""addr1"": ""UL. POTOKOWA 15AC"", ""city"": ""GDANSK"", ""region"": ""POMORSKIE"", ""country"": ""PL"", ""postal_code"": ""80-283""}",54.368945,18.570911,LEASE,927 PLN,per month,Diesel,Manual,FWD
218373,Ducato Podwozie Brygadowe Do Zabudowy · od 864 PLN/mies.,Fiat Professional Ducato Podwozie Brygadowe Do Zabudowy · Rata od 864 PLN netto/mies. · Leasing B2B · OLSZTYN · Sprawdź ofertę!,https://salon.fiatprofessional.pl/oferta/218373,https://cdn.fcapoland.pl/uploads/77/218373/1_render.png,Fiat Professional,Ducato,2024,0,KM,Van,Szary Artense,New,140756 PLN,PLN,"{""addr1"": ""AL. OBRONCOW TOBRUKU 5"", ""city"": ""OLSZTYN"", ""region"": ""WARMIŃSKO-MAZURSKIE"", ""country"": ""PL"", ""postal_code"": ""10-092""}",53.764244,20.481829,LEASE,864 PLN,per month,Diesel,Manual,FWD
216441,Ducato Furgon · od 833 PLN/mies.,Fiat Professional Ducato Furgon · Rata od 833 PLN netto/mies. · Leasing B2B · CZESTOCHOWA · Sprawdź ofertę!,https://salon.fiatprofessional.pl/oferta/216441,https://cdn.fcapoland.pl/uploads/77/216441/1_render.png,Fiat Professional,Ducato,2024,0,KM,Van,Biały,New,135772 PLN,PLN,"{""addr1"": ""UL. BUGAJSKA 6/8"", ""city"": ""CZESTOCHOWA"", ""region"": ""ŚLĄSKIE"", ""country"": ""PL"", ""postal_code"": ""42-200""}",50.766723,19.165467,LEASE,833 PLN,per month,Diesel,Manual,FWD
215435,Scudo Brygadowy · od 856 PLN/mies.,Fiat Professional Scudo Brygadowy · Rata od 856 PLN netto/mies. · Leasing B2B · GDANSK · Sprawdź ofertę!,https://salon.fiatprofessional.pl/oferta/215435,https://cdn.fcapoland.pl/uploads/77/215435/03be91ee6b10715a4806adacbdaeef4b.jpg,Fiat Professional,Scudo,2024,0,KM,Van,Lakier bazowy - Biały Gelato,New,146309 PLN,PLN,"{""addr1"": ""UL. POTOKOWA 15AC"", ""city"": ""GDANSK"", ""region"": ""POMORSKIE"", ""country"": ""PL"", ""postal_code"": ""80-283""}",54.368945,18.570911,LEASE,856 PLN,per month,Gasoline,Automatic,FWD
215176,Scudo Brygadowy · od 842 PLN/mies.,Fiat Professional Scudo Brygadowy · Rata od 842 PLN netto/mies. · Leasing B2B · GDANSK · Sprawdź ofertę!,https://salon.fiatprofessional.pl/oferta/215176,https://cdn.fcapoland.pl/uploads/77/215176/bb7312066955acedae5c69e9703a29e1.jpg,Fiat Professional,Scudo,2024,0,KM,Van,Lakier bazowy - Biały Gelato,New,143787 PLN,PLN,"{""addr1"": ""UL. POTOKOWA 15AC"", ""city"": ""GDANSK"", ""region"": ""POMORSKIE"", ""country"": ""PL"", ""postal_code"": ""80-283""}",54.368945,18.570911,LEASE,842 PLN,per month,Gasoline,Automatic,FWD
215135,Scudo Brygadowy · od 856 PLN/mies.,Fiat Professional Scudo Brygadowy · Rata od 856 PLN netto/mies. · Leasing B2B · GDANSK · Sprawdź ofertę!,https://salon.fiatprofessional.pl/oferta/215135,https://cdn.fcapoland.pl/uploads/77/215135/e49d89b945250bf5f5f521daf2353ec8.jpg,Fiat Professional,Scudo,2024,0,KM,Van,Lakier bazowy - Biały Gelato,New,146309 PLN,PLN,"{""addr1"": ""UL. POTOKOWA 15AC"", ""city"": ""GDANSK"", ""region"": ""POMORSKIE"", ""country"": ""PL"", ""postal_code"": ""80-283""}",54.368945,18.570911,LEASE,856 PLN,per month,Gasoline,Automatic,FWD
215084,Scudo Furgon · od 792 PLN/mies.,Fiat Professional Scudo Furgon · Rata od 792 PLN netto/mies. · Leasing B2B · GDANSK · Sprawdź ofertę!,https://salon.fiatprofessional.pl/oferta/215084,https://cdn.fcapoland.pl/uploads/77/215084/d2aa57394608a1dd45f2632105d71299.jpg,Fiat Professional,Scudo,2024,0,KM,Van,Lakier bazowy - Biały Gelato,New,135177 PLN,PLN,"{""addr1"": ""UL. POTOKOWA 15AC"", ""city"": ""GDANSK"", ""region"": ""POMORSKIE"", ""country"": ""PL"", ""postal_code"": ""80-283""}",54.368945,18.570911,LEASE,792 PLN,per month,Gasoline,Automatic,FWD
215079,Scudo Furgon · od 799 PLN/mies.,Fiat Professional Scudo Furgon · Rata od 799 PLN netto/mies. · Leasing B2B · GDANSK · Sprawdź ofertę!,https://salon.fiatprofessional.pl/oferta/215079,https://cdn.fcapoland.pl/uploads/77/215079/1_render.png,Fiat Professional,Scudo,2024,0,KM,Van,Lakier bazowy - Biały Gelato,New,136407 PLN,PLN,"{""addr1"": ""UL. POTOKOWA 15AC"", ""city"": ""GDANSK"", ""region"": ""POMORSKIE"", ""country"": ""PL"", ""postal_code"": ""80-283""}",54.368945,18.570911,LEASE,799 PLN,per month,Gasoline,Automatic,FWD
214959,Scudo Furgon · od 799 PLN/mies.,Fiat Professional Scudo Furgon · Rata od 799 PLN netto/mies. · Leasing B2B · GDANSK · Sprawdź ofertę!,https://salon.fiatprofessional.pl/oferta/214959,https://cdn.fcapoland.pl/uploads/77/214959/b73d539f6ccde6477f586179050cc503.jpg,Fiat Professional,Scudo,2024,0,KM,Van,Lakier bazowy - Biały Gelato,New,136407 PLN,PLN,"{""addr1"": ""UL. POTOKOWA 15AC"", ""city"": ""GDANSK"", ""region"": ""POMORSKIE"", ""country"": ""PL"", ""postal_code"": ""80-283""}",54.368945,18.570911,LEASE,799 PLN,per month,Gasoline,Automatic,FWD
214958,Scudo Furgon · od 799 PLN/mies.,Fiat Professional Scudo Furgon · Rata od 799 PLN netto/mies. · Leasing B2B · GDANSK · Sprawdź ofertę!,https://salon.fiatprofessional.pl/oferta/214958,https://cdn.fcapoland.pl/uploads/77/214958/8c8c3a458c5a4b86c864d45bafd0a3e1.jpg,Fiat Professional,Scudo,2024,0,KM,Van,Lakier bazowy - Biały Gelato,New,136407 PLN,PLN,"{""addr1"": ""UL. POTOKOWA 15AC"", ""city"": ""GDANSK"", ""region"": ""POMORSKIE"", ""country"": ""PL"", ""postal_code"": ""80-283""}",54.368945,18.570911,LEASE,799 PLN,per month,Gasoline,Automatic,FWD
213449,Doblò Furgon Xl · od 724 PLN/mies.,Fiat Professional Doblò Furgon Xl · Rata od 724 PLN netto/mies. · Leasing B2B · CZESTOCHOWA · Sprawdź ofertę!,https://salon.fiatprofessional.pl/oferta/213449,https://cdn.fcapoland.pl/uploads/77/213449/133e81bb206e552d387dcfc4045da98c.jpg,Fiat Professional,Doblò,2024,0,KM,Hatchback,Biały Gelato,New,121114 PLN,PLN,"{""addr1"": ""UL. BUGAJSKA 6/8"", ""city"": ""CZESTOCHOWA"", ""region"": ""ŚLĄSKIE"", ""country"": ""PL"", ""postal_code"": ""42-200""}",50.766723,19.165467,LEASE,724 PLN,per month,Gasoline,Automatic,FWD
212965,Scudo Furgon · od 904 PLN/mies.,Fiat Professional Scudo Furgon · Rata od 904 PLN netto/mies. · Leasing B2B · ZIELONA GORA · Sprawdź ofertę!,https://salon.fiatprofessional.pl/oferta/212965,https://cdn.fcapoland.pl/uploads/77/212965/1bac774762131cbf31da9f1569646c2e.jpg,Fiat Professional,Scudo,2024,0,KM,Van,Lakier bazowy - Biały Gelato,New,154605 PLN,PLN,"{""addr1"": ""UL. ST. BATOREGO 69A"", ""city"": ""ZIELONA GORA"", ""region"": ""LUBUSKIE"", ""country"": ""PL"", ""postal_code"": ""65-735""}",51.952379,15.499634,LEASE,904 PLN,per month,Gasoline,Automatic,FWD
212740,Scudo Furgon · od 856 PLN/mies.,Fiat Professional Scudo Furgon · Rata od 856 PLN netto/mies. · Leasing B2B · GDANSK · Sprawdź ofertę!,https://salon.fiatprofessional.pl/oferta/212740,https://cdn.fcapoland.pl/uploads/77/212740/1_render.png,Fiat Professional,Scudo,2024,0,KM,Van,Lakier metalizowany - Szary Colosseo,New,146247 PLN,PLN,"{""addr1"": ""UL. POTOKOWA 15AC"", ""city"": ""GDANSK"", ""region"": ""POMORSKIE"", ""country"": ""PL"", ""postal_code"": ""80-283""}",54.368945,18.570911,LEASE,856 PLN,per month,Gasoline,Automatic,FWD
212668,Scudo Furgon · od 856 PLN/mies.,Fiat Professional Scudo Furgon · Rata od 856 PLN netto/mies. · Leasing B2B · GDANSK · Sprawdź ofertę!,https://salon.fiatprofessional.pl/oferta/212668,https://cdn.fcapoland.pl/uploads/77/212668/61f746d083aaeea3c13d295e326e813f.jpg,Fiat Professional,Scudo,2024,0,KM,Van,Lakier metalizowany - Szary Colosseo,New,146247 PLN,PLN,"{""addr1"": ""UL. POTOKOWA 15AC"", ""city"": ""GDANSK"", ""region"": ""POMORSKIE"", ""country"": ""PL"", ""postal_code"": ""80-283""}",54.368945,18.570911,LEASE,856 PLN,per month,Gasoline,Automatic,FWD
212183,Scudo Furgon · od 813 PLN/mies.,Fiat Professional Scudo Furgon · Rata od 813 PLN netto/mies. · Leasing B2B · GDANSK · Sprawdź ofertę!,https://salon.fiatprofessional.pl/oferta/212183,https://cdn.fcapoland.pl/uploads/77/212183/1_render.png,Fiat Professional,Scudo,2024,0,KM,Van,Lakier bazowy - Biały Gelato,New,138867 PLN,PLN,"{""addr1"": ""UL. POTOKOWA 15AC"", ""city"": ""GDANSK"", ""region"": ""POMORSKIE"", ""country"": ""PL"", ""postal_code"": ""80-283""}",54.368945,18.570911,LEASE,813 PLN,per month,Gasoline,Automatic,FWD
212182,Scudo Furgon · od 813 PLN/mies.,Fiat Professional Scudo Furgon · Rata od 813 PLN netto/mies. · Leasing B2B · GDANSK · Sprawdź ofertę!,https://salon.fiatprofessional.pl/oferta/212182,https://cdn.fcapoland.pl/uploads/77/212182/1_render.png,Fiat Professional,Scudo,2024,0,KM,Van,Lakier bazowy - Biały Gelato,New,138867 PLN,PLN,"{""addr1"": ""UL. POTOKOWA 15AC"", ""city"": ""GDANSK"", ""region"": ""POMORSKIE"", ""country"": ""PL"", ""postal_code"": ""80-283""}",54.368945,18.570911,LEASE,813 PLN,per month,Gasoline,Automatic,FWD
212101,Ducato Furgon · od 891 PLN/mies.,Fiat Professional Ducato Furgon · Rata od 891 PLN netto/mies. · Leasing B2B · KRAKOW · Sprawdź ofertę!,https://salon.fiatprofessional.pl/oferta/212101,https://cdn.fcapoland.pl/uploads/77/212101/b7bc46f1af2ddb58497f6bd138d234cf.jpg,Fiat Professional,Ducato,2024,0,KM,Van,Biały,New,145247 PLN,PLN,"{""addr1"": ""UL. RADZIKOWSKIEGO 160"", ""city"": ""KRAKOW"", ""region"": ""MAŁOPOLSKIE"", ""country"": ""PL"", ""postal_code"": ""31-342""}",50.088212,19.888814,LEASE,891 PLN,per month,Diesel,Manual,FWD
209836,Doblò Furgon Xl · od 735 PLN/mies.,Fiat Professional Doblò Furgon Xl · Rata od 735 PLN netto/mies. · Leasing B2B · KATOWICE · Sprawdź ofertę!,https://salon.fiatprofessional.pl/oferta/209836,https://cdn.fcapoland.pl/uploads/77/209836/f1f44cd7ade307b8d034d70877c530a9.jpg,Fiat Professional,Doblò,2024,0,KM,Hatchback,Biały Gelato,New,122988 PLN,PLN,"{""addr1"": ""UL. ROZDZIENSKIEGO 170"", ""city"": ""KATOWICE"", ""region"": ""ŚLĄSKIE"", ""country"": ""PL"", ""postal_code"": ""40-203""}",50.264224,19.049744,LEASE,735 PLN,per month,Gasoline,Automatic,FWD
209809,Doblò Furgon Xl · od 749 PLN/mies.,Fiat Professional Doblò Furgon Xl · Rata od 749 PLN netto/mies. · Leasing B2B · GDANSK · Sprawdź ofertę!,https://salon.fiatprofessional.pl/oferta/209809,https://cdn.fcapoland.pl/uploads/77/209809/b26ed88c2ecbbafe90c1b933ef4729ef.jpg,Fiat Professional,Doblò,2024,0,KM,Hatchback,Biały Gelato,New,125399 PLN,PLN,"{""addr1"": ""UL. POTOKOWA 15AC"", ""city"": ""GDANSK"", ""region"": ""POMORSKIE"", ""country"": ""PL"", ""postal_code"": ""80-283""}",54.368945,18.570911,LEASE,749 PLN,per month,Gasoline,Automatic,FWD
209787,Doblò Furgon Xl · od 736 PLN/mies.,Fiat Professional Doblò Furgon Xl · Rata od 736 PLN netto/mies. · Leasing B2B · KRAKOW · Sprawdź ofertę!,https://salon.fiatprofessional.pl/oferta/209787,https://cdn.fcapoland.pl/uploads/77/209787/c56f78c376f04c483cbe66cbf83492ac.jpg,Fiat Professional,Doblò,2024,0,KM,Hatchback,Biały Gelato,New,123244 PLN,PLN,"{""addr1"": ""UL. RADZIKOWSKIEGO 160"", ""city"": ""KRAKOW"", ""region"": ""MAŁOPOLSKIE"", ""country"": ""PL"", ""postal_code"": ""31-342""}",50.088212,19.888814,LEASE,736 PLN,per month,Gasoline,Automatic,FWD
209781,Doblò Furgon Xl · od 683 PLN/mies.,Fiat Professional Doblò Furgon Xl · Rata od 683 PLN netto/mies. · Leasing B2B · PLOCK · Sprawdź ofertę!,https://salon.fiatprofessional.pl/oferta/209781,https://cdn.fcapoland.pl/uploads/77/209781/e7f55928a622a2e520b22310a942a312.jpg,Fiat Professional,Doblò,2024,0,KM,Hatchback,Szary Maestro,New,114267 PLN,PLN,"{""addr1"": ""UL. BIELSKA 55"", ""city"": ""PLOCK"", ""region"": ""MAZOWIECKIE"", ""country"": ""PL"", ""postal_code"": ""09-400""}",52.55506,19.69753,LEASE,683 PLN,per month,Gasoline,Automatic,FWD
209765,Doblò Furgon Xl · od 662 PLN/mies.,Fiat Professional Doblò Furgon Xl · Rata od 662 PLN netto/mies. · Leasing B2B · GDANSK · Sprawdź ofertę!,https://salon.fiatprofessional.pl/oferta/209765,https://cdn.fcapoland.pl/uploads/77/209765/234b3f760380484c4018593154cb08d8.jpg,Fiat Professional,Doblò,2024,0,KM,Hatchback,Biały Gelato,New,110577 PLN,PLN,"{""addr1"": ""UL. POTOKOWA 15AC"", ""city"": ""GDANSK"", ""region"": ""POMORSKIE"", ""country"": ""PL"", ""postal_code"": ""80-283""}",54.368945,18.570911,LEASE,662 PLN,per month,Gasoline,Automatic,FWD
209760,Doblò Furgon Xl · od 662 PLN/mies.,Fiat Professional Doblò Furgon Xl · Rata od 662 PLN netto/mies. · Leasing B2B · GDANSK · Sprawdź ofertę!,https://salon.fiatprofessional.pl/oferta/209760,https://cdn.fcapoland.pl/uploads/77/209760/ca86312a4d20dea77cce6fef83d2102a.jpg,Fiat Professional,Doblò,2024,0,KM,Hatchback,Biały Gelato,New,110577 PLN,PLN,"{""addr1"": ""UL. POTOKOWA 15AC"", ""city"": ""GDANSK"", ""region"": ""POMORSKIE"", ""country"": ""PL"", ""postal_code"": ""80-283""}",54.368945,18.570911,LEASE,662 PLN,per month,Gasoline,Automatic,FWD
209753,Doblò Furgon Xl · od 683 PLN/mies.,Fiat Professional Doblò Furgon Xl · Rata od 683 PLN netto/mies. · Leasing B2B · GDANSK · Sprawdź ofertę!,https://salon.fiatprofessional.pl/oferta/209753,https://cdn.fcapoland.pl/uploads/77/209753/655bd62ec9151394323ff7f2b8189295.jpg,Fiat Professional,Doblò,2024,0,KM,Hatchback,Biały Gelato,New,114267 PLN,PLN,"{""addr1"": ""UL. POTOKOWA 15AC"", ""city"": ""GDANSK"", ""region"": ""POMORSKIE"", ""country"": ""PL"", ""postal_code"": ""80-283""}",54.368945,18.570911,LEASE,683 PLN,per month,Gasoline,Automatic,FWD
209693,Scudo Furgon · od 849 PLN/mies.,Fiat Professional Scudo Furgon · Rata od 849 PLN netto/mies. · Leasing B2B · PLOCK · Sprawdź ofertę!,https://salon.fiatprofessional.pl/oferta/209693,https://cdn.fcapoland.pl/uploads/77/209693/26e660bcc1a0ab510f6ee872522f9008.jpg,Fiat Professional,Scudo,2024,0,KM,Van,Lakier metalizowany - Szary Colosseo,New,145017 PLN,PLN,"{""addr1"": ""UL. BIELSKA 55"", ""city"": ""PLOCK"", ""region"": ""MAZOWIECKIE"", ""country"": ""PL"", ""postal_code"": ""09-400""}",52.55506,19.69753,LEASE,849 PLN,per month,Gasoline,Automatic,FWD
209145,Ducato Furgon · od 934 PLN/mies.,Fiat Professional Ducato Furgon · Rata od 934 PLN netto/mies. · Leasing B2B · GDANSK · Sprawdź ofertę!,https://salon.fiatprofessional.pl/oferta/209145,https://cdn.fcapoland.pl/uploads/77/209145/796957b5afc6c7e6b3af499d9cc737db.jpg,Fiat Professional,Ducato,2024,0,KM,Van,Biały,New,152397 PLN,PLN,"{""addr1"": ""UL. POTOKOWA 15AC"", ""city"": ""GDANSK"", ""region"": ""POMORSKIE"", ""country"": ""PL"", ""postal_code"": ""80-283""}",54.368945,18.570911,LEASE,934 PLN,per month,Diesel,Manual,FWD
209097,Ducato Furgon · od 924 PLN/mies.,Fiat Professional Ducato Furgon · Rata od 924 PLN netto/mies. · Leasing B2B · GDANSK · Sprawdź ofertę!,https://salon.fiatprofessional.pl/oferta/209097,https://cdn.fcapoland.pl/uploads/77/209097/a6b062f31221228e0ae4acb0371179b6.jpg,Fiat Professional,Ducato,2024,0,KM,Van,Biały,New,150675 PLN,PLN,"{""addr1"": ""UL. POTOKOWA 15AC"", ""city"": ""GDANSK"", ""region"": ""POMORSKIE"", ""country"": ""PL"", ""postal_code"": ""80-283""}",54.368945,18.570911,LEASE,924 PLN,per month,Diesel,Manual,FWD
209096,Ducato Furgon · od 919 PLN/mies.,Fiat Professional Ducato Furgon · Rata od 919 PLN netto/mies. · Leasing B2B · GDANSK · Sprawdź ofertę!,https://salon.fiatprofessional.pl/oferta/209096,https://cdn.fcapoland.pl/uploads/77/209096/ce38679cf2406815fc25cfa75fc2e8e3.jpg,Fiat Professional,Ducato,2024,0,KM,Van,Biały,New,149937 PLN,PLN,"{""addr1"": ""UL. POTOKOWA 15AC"", ""city"": ""GDANSK"", ""region"": ""POMORSKIE"", ""country"": ""PL"", ""postal_code"": ""80-283""}",54.368945,18.570911,LEASE,919 PLN,per month,Diesel,Manual,FWD
209066,Ducato Furgon · od 919 PLN/mies.,Fiat Professional Ducato Furgon · Rata od 919 PLN netto/mies. · Leasing B2B · GDANSK · Sprawdź ofertę!,https://salon.fiatprofessional.pl/oferta/209066,https://cdn.fcapoland.pl/uploads/77/209066/6002ccc3207997902c94f5076b2ce4f8.jpg,Fiat Professional,Ducato,2024,0,KM,Van,Biały,New,149937 PLN,PLN,"{""addr1"": ""UL. POTOKOWA 15AC"", ""city"": ""GDANSK"", ""region"": ""POMORSKIE"", ""country"": ""PL"", ""postal_code"": ""80-283""}",54.368945,18.570911,LEASE,919 PLN,per month,Diesel,Manual,FWD
208942,Scudo Furgon · od 987 PLN/mies.,Fiat Professional Scudo Furgon · Rata od 987 PLN netto/mies. · Leasing B2B · ZIELONA GORA · Sprawdź ofertę!,https://salon.fiatprofessional.pl/oferta/208942,https://cdn.fcapoland.pl/uploads/77/208942/1fbb5d3c961a69641f450604b80f678a.jpg,Fiat Professional,Scudo,2024,0,KM,Van,Lakier metalizowany - Szary Colosseo,New,168885 PLN,PLN,"{""addr1"": ""UL. ST. BATOREGO 69A"", ""city"": ""ZIELONA GORA"", ""region"": ""LUBUSKIE"", ""country"": ""PL"", ""postal_code"": ""65-735""}",51.952379,15.499634,LEASE,987 PLN,per month,Gasoline,Automatic,FWD
208899,Ducato Furgon · od 882 PLN/mies.,Fiat Professional Ducato Furgon · Rata od 882 PLN netto/mies. · Leasing B2B · GDANSK · Sprawdź ofertę!,https://salon.fiatprofessional.pl/oferta/208899,https://cdn.fcapoland.pl/uploads/77/208899/db4f161e972e5f3645490078fdaf55a1.jpg,Fiat Professional,Ducato,2024,0,KM,Van,Biały,New,143849 PLN,PLN,"{""addr1"": ""UL. POTOKOWA 15AC"", ""city"": ""GDANSK"", ""region"": ""POMORSKIE"", ""country"": ""PL"", ""postal_code"": ""80-283""}",54.368945,18.570911,LEASE,882 PLN,per month,Diesel,Manual,FWD
208832,Ducato Furgon · od 894 PLN/mies.,Fiat Professional Ducato Furgon · Rata od 894 PLN netto/mies. · Leasing B2B · GDANSK · Sprawdź ofertę!,https://salon.fiatprofessional.pl/oferta/208832,https://cdn.fcapoland.pl/uploads/77/208832/0b0d320d7997d9dbd88c9e10d28d3470.jpg,Fiat Professional,Ducato,2024,0,KM,Van,Biały,New,145755 PLN,PLN,"{""addr1"": ""UL. POTOKOWA 15AC"", ""city"": ""GDANSK"", ""region"": ""POMORSKIE"", ""country"": ""PL"", ""postal_code"": ""80-283""}",54.368945,18.570911,LEASE,894 PLN,per month,Diesel,Manual,FWD
208831,Ducato Furgon · od 894 PLN/mies.,Fiat Professional Ducato Furgon · Rata od 894 PLN netto/mies. · Leasing B2B · GDANSK · Sprawdź ofertę!,https://salon.fiatprofessional.pl/oferta/208831,https://cdn.fcapoland.pl/uploads/77/208831/5d87475280a3862b1caa982de669baac.jpg,Fiat Professional,Ducato,2024,0,KM,Van,Biały,New,145755 PLN,PLN,"{""addr1"": ""UL. POTOKOWA 15AC"", ""city"": ""GDANSK"", ""region"": ""POMORSKIE"", ""country"": ""PL"", ""postal_code"": ""80-283""}",54.368945,18.570911,LEASE,894 PLN,per month,Diesel,Manual,FWD
208821,Ducato Furgon · od 830 PLN/mies.,Fiat Professional Ducato Furgon · Rata od 830 PLN netto/mies. · Leasing B2B · GDANSK · Sprawdź ofertę!,https://salon.fiatprofessional.pl/oferta/208821,https://cdn.fcapoland.pl/uploads/77/208821/ca80a21d2bf6a69080ee4a602296355f.jpg,Fiat Professional,Ducato,2024,0,KM,Van,Biały,New,135177 PLN,PLN,"{""addr1"": ""UL. POTOKOWA 15AC"", ""city"": ""GDANSK"", ""region"": ""POMORSKIE"", ""country"": ""PL"", ""postal_code"": ""80-283""}",54.368945,18.570911,LEASE,830 PLN,per month,Diesel,Manual,FWD
208276,Scudo Brygadowy · od 849 PLN/mies.,Fiat Professional Scudo Brygadowy · Rata od 849 PLN netto/mies. · Leasing B2B · GDANSK · Sprawdź ofertę!,https://salon.fiatprofessional.pl/oferta/208276,https://cdn.fcapoland.pl/uploads/77/208276/e6fef01a2ba1fdf9cc8b6561b918ed10.jpg,Fiat Professional,Scudo,2024,0,KM,Van,Lakier metalizowany - Szary Maestro,New,145079 PLN,PLN,"{""addr1"": ""UL. POTOKOWA 15AC"", ""city"": ""GDANSK"", ""region"": ""POMORSKIE"", ""country"": ""PL"", ""postal_code"": ""80-283""}",54.368945,18.570911,LEASE,849 PLN,per month,Gasoline,Automatic,FWD
208030,Scudo Furgon · od 806 PLN/mies.,Fiat Professional Scudo Furgon · Rata od 806 PLN netto/mies. · Leasing B2B · GDANSK · Sprawdź ofertę!,https://salon.fiatprofessional.pl/oferta/208030,https://cdn.fcapoland.pl/uploads/77/208030/8c5f1ecdcd90cc4d97464fc715bcbafd.jpg,Fiat Professional,Scudo,2024,0,KM,Van,Lakier bazowy - Biały Gelato,New,137699 PLN,PLN,"{""addr1"": ""UL. POTOKOWA 15AC"", ""city"": ""GDANSK"", ""region"": ""POMORSKIE"", ""country"": ""PL"", ""postal_code"": ""80-283""}",54.368945,18.570911,LEASE,806 PLN,per month,Gasoline,Automatic,FWD
206833,Scudo Furgon · od 842 PLN/mies.,Fiat Professional Scudo Furgon · Rata od 842 PLN netto/mies. · Leasing B2B · PLOCK · Sprawdź ofertę!,https://salon.fiatprofessional.pl/oferta/206833,https://cdn.fcapoland.pl/uploads/77/206833/bddef95dead254ee02ddfc6f439adf62.jpg,Fiat Professional,Scudo,2024,0,KM,Van,Lakier bazowy - Biały Gelato,New,143787 PLN,PLN,"{""addr1"": ""UL. BIELSKA 55"", ""city"": ""PLOCK"", ""region"": ""MAZOWIECKIE"", ""country"": ""PL"", ""postal_code"": ""09-400""}",52.55506,19.69753,LEASE,842 PLN,per month,Gasoline,Automatic,FWD
206803,Scudo Furgon · od 806 PLN/mies.,Fiat Professional Scudo Furgon · Rata od 806 PLN netto/mies. · Leasing B2B · GDANSK · Sprawdź ofertę!,https://salon.fiatprofessional.pl/oferta/206803,https://cdn.fcapoland.pl/uploads/77/206803/c59e4aaeba44215fd3e73ddb41af5f02.jpg,Fiat Professional,Scudo,2024,0,KM,Van,Lakier bazowy - Biały Gelato,New,137637 PLN,PLN,"{""addr1"": ""UL. POTOKOWA 15AC"", ""city"": ""GDANSK"", ""region"": ""POMORSKIE"", ""country"": ""PL"", ""postal_code"": ""80-283""}",54.368945,18.570911,LEASE,806 PLN,per month,Gasoline,Automatic,FWD
204227,Ducato Podwozie Do Zabudowy · od 934 PLN/mies.,Fiat Professional Ducato Podwozie Do Zabudowy · Rata od 934 PLN netto/mies. · Leasing B2B · GDANSK · Sprawdź ofertę!,https://salon.fiatprofessional.pl/oferta/204227,https://cdn.fcapoland.pl/uploads/77/204227/1b621c9649868a044bb26445828b696a.jpg,Fiat Professional,Ducato,2024,0,KM,Van,Biały,New,152397 PLN,PLN,"{""addr1"": ""UL. POTOKOWA 15AC"", ""city"": ""GDANSK"", ""region"": ""POMORSKIE"", ""country"": ""PL"", ""postal_code"": ""80-283""}",54.368945,18.570911,LEASE,934 PLN,per month,Gasoline,Automatic,FWD
