vehicle_id,title,description,link,image_link,make,model,year,mileage.value,mileage.unit,body_style,exterior_color,state_of_vehicle,price,currency,address,latitude,longitude,offer_type,amount_price,amount_qualifier,fuel_type,transmission,drivetrain
247151,Nowy Avenger Upland · od 1126 PLN/mies.,Jeep Nowy Avenger Upland · Rata od 1126 PLN netto/mies. · Leasing B2B · LUBLIN · Sprawdź ofertę!,https://salon.jeep.pl/oferta/247151,https://cdn.fcapoland.pl/uploads/57/247151/8c8756a65931293723dd437f65887a7b.jpg,Jeep,Nowy Avenger,2026,0,KM,SUV,Lakier pastelowy RUBY czerwony,New,125000 PLN,PLN,"{""addr1"": ""UL MELGIEWSKA 10"", ""city"": ""LUBLIN"", ""region"": ""LUBELSKIE"", ""country"": ""PL"", ""postal_code"": ""20-209""}",51.24833,22.60831,LEASE,1126 PLN,per month,Hybrid,Automatic,FWD
247021,Nowy Avenger Summit · od 1023 PLN/mies.,Jeep Nowy Avenger Summit · Rata od 1023 PLN netto/mies. · Leasing B2B · LUBLIN · Sprawdź ofertę!,https://salon.jeep.pl/oferta/247021,https://cdn.fcapoland.pl/uploads/57/247021/f799598a1811504f0d9b305342f1262d.jpg,Jeep,Nowy Avenger,2026,0,KM,SUV,Lakier metaliczny FOREST zielony,New,123000 PLN,PLN,"{""addr1"": ""UL MELGIEWSKA 10"", ""city"": ""LUBLIN"", ""region"": ""LUBELSKIE"", ""country"": ""PL"", ""postal_code"": ""20-209""}",51.24833,22.60831,LEASE,1023 PLN,per month,Hybrid,Automatic,FWD
246919,Nowy Compass e-Hybrid Altitude · od 1044 PLN/mies.,Jeep Nowy Compass e-Hybrid Altitude · Rata od 1044 PLN netto/mies. · Leasing B2B · CZESTOCHOWA · Sprawdź ofertę!,https://salon.jeep.pl/oferta/246919,https://cdn.fcapoland.pl/uploads/57/246919/1_render.jpg,Jeep,Nowy Compass e-Hybrid,2026,0,KM,SUV,Jasnozielony Hawai + czarny dach,New,141998 PLN,PLN,"{""addr1"": ""UL. BUGAJSKA 6/8"", ""city"": ""CZESTOCHOWA"", ""region"": ""ŚLĄSKIE"", ""country"": ""PL"", ""postal_code"": ""42-200""}",50.76732,19.16543,LEASE,1044 PLN,per month,Hybrid,Automatic,FWD
246858,Nowy Avenger Longitude · od 700 PLN/mies.,Jeep Nowy Avenger Longitude · Rata od 700 PLN netto/mies. · Leasing B2B · WROCLAW · Sprawdź ofertę!,https://salon.jeep.pl/oferta/246858,https://cdn.fcapoland.pl/uploads/57/246858/cc8c4acb2a55a45000e573e74f71324c.jpg,Jeep,Nowy Avenger,2026,0,KM,SUV,Lakier metaliczny FOREST zielony,New,92000 PLN,PLN,"{""addr1"": ""UL. SZCZECINSKA 7"", ""city"": ""WROCLAW"", ""region"": ""DOLNOŚLĄSKIE"", ""country"": ""PL"", ""postal_code"": ""54-517""}",51.12985,16.93663,LEASE,700 PLN,per month,Gasoline,Manual,FWD
246857,Avenger Summit · od 1586 PLN/mies.,Jeep Avenger Summit · Rata od 1586 PLN netto/mies. · Leasing B2B · SZCZECIN · Sprawdź ofertę!,https://salon.jeep.pl/oferta/246857,https://cdn.fcapoland.pl/uploads/57/246857/20cde92856541259d6a25b18b7cb112e.jpg,Jeep,Avenger,2026,0,KM,SUV,Lakier pastelowy VOLCANO czarny,New,117900 PLN,PLN,"{""addr1"": ""USTOWO 57"", ""city"": ""SZCZECIN"", ""region"": ""ZACHODNIOPOMORSKIE"", ""country"": ""PL"", ""postal_code"": ""71-001""}",53.38756,14.498444,LEASE,1586 PLN,per month,Hybrid,Automatic,FWD
246806,Nowy Avenger 85Th Anniversary · od 1217 PLN/mies.,Jeep Nowy Avenger 85Th Anniversary · Rata od 1217 PLN netto/mies. · Leasing B2B · CZESTOCHOWA · Sprawdź ofertę!,https://salon.jeep.pl/oferta/246806,https://cdn.fcapoland.pl/uploads/57/246806/1_render.jpg,Jeep,Nowy Avenger,2026,0,KM,SUV,Lakier metaliczny FOREST zielony + czarny dach VOLCANO,New,144337 PLN,PLN,"{""addr1"": ""UL. BUGAJSKA 6/8"", ""city"": ""CZESTOCHOWA"", ""region"": ""ŚLĄSKIE"", ""country"": ""PL"", ""postal_code"": ""42-200""}",50.76732,19.16543,LEASE,1217 PLN,per month,Hybrid,Automatic,FWD
246804,Nowy Avenger Summit · od 1030 PLN/mies.,Jeep Nowy Avenger Summit · Rata od 1030 PLN netto/mies. · Leasing B2B · LUBLIN · Sprawdź ofertę!,https://salon.jeep.pl/oferta/246804,https://cdn.fcapoland.pl/uploads/57/246804/8aa00bbdde5e8b0994ef0d1c0f84f331.jpg,Jeep,Nowy Avenger,2026,0,KM,SUV,Lakier pastelowy VOLCANO czarny,New,123000 PLN,PLN,"{""addr1"": ""UL MELGIEWSKA 10"", ""city"": ""LUBLIN"", ""region"": ""LUBELSKIE"", ""country"": ""PL"", ""postal_code"": ""20-209""}",51.24833,22.60831,LEASE,1030 PLN,per month,Hybrid,Automatic,FWD
246647,Nowy Compass e-Hybrid Altitude · od 1024 PLN/mies.,Jeep Nowy Compass e-Hybrid Altitude · Rata od 1024 PLN netto/mies. · Leasing B2B · CZESTOCHOWA · Sprawdź ofertę!,https://salon.jeep.pl/oferta/246647,https://cdn.fcapoland.pl/uploads/57/246647/1_render.jpg,Jeep,Nowy Compass e-Hybrid,2026,0,KM,SUV,Jasnozielony Hawai,New,139142 PLN,PLN,"{""addr1"": ""UL. BUGAJSKA 6/8"", ""city"": ""CZESTOCHOWA"", ""region"": ""ŚLĄSKIE"", ""country"": ""PL"", ""postal_code"": ""42-200""}",50.76732,19.16543,LEASE,1024 PLN,per month,Hybrid,Automatic,FWD
246645,Nowy Compass e-Hybrid Altitude · od 1011 PLN/mies.,Jeep Nowy Compass e-Hybrid Altitude · Rata od 1011 PLN netto/mies. · Leasing B2B · CZESTOCHOWA · Sprawdź ofertę!,https://salon.jeep.pl/oferta/246645,https://cdn.fcapoland.pl/uploads/57/246645/1_render.jpg,Jeep,Nowy Compass e-Hybrid,2026,0,KM,SUV,Jasnozielony Hawai,New,137462 PLN,PLN,"{""addr1"": ""UL. BUGAJSKA 6/8"", ""city"": ""CZESTOCHOWA"", ""region"": ""ŚLĄSKIE"", ""country"": ""PL"", ""postal_code"": ""42-200""}",50.76732,19.16543,LEASE,1011 PLN,per month,Hybrid,Automatic,FWD
246641,Nowy Compass e-Hybrid Altitude · od 866 PLN/mies.,Jeep Nowy Compass e-Hybrid Altitude · Rata od 866 PLN netto/mies. · Leasing B2B · OLSZTYN · Sprawdź ofertę!,https://salon.jeep.pl/oferta/246641,https://cdn.fcapoland.pl/uploads/57/246641/45a9bf531800ca554371d3ef77ce3942.jpg,Jeep,Nowy Compass e-Hybrid,2026,0,KM,SUV,Brązowozielony Amazonia,New,133329 PLN,PLN,"{""addr1"": ""AL. OBRONCOW TOBRUKU 5"", ""city"": ""OLSZTYN"", ""region"": ""WARMIŃSKO-MAZURSKIE"", ""country"": ""PL"", ""postal_code"": ""10-092""}",53.764244,20.481829,LEASE,866 PLN,per month,Hybrid,Automatic,FWD
246533,Nowy Avenger Longitude · od 799 PLN/mies.,Jeep Nowy Avenger Longitude · Rata od 799 PLN netto/mies. · Leasing B2B · CZESTOCHOWA · Sprawdź ofertę!,https://salon.jeep.pl/oferta/246533,https://cdn.fcapoland.pl/uploads/57/246533/1_render.jpg,Jeep,Nowy Avenger,2026,0,KM,SUV,Lakier metaliczny FOREST zielony,New,98125 PLN,PLN,"{""addr1"": ""UL. BUGAJSKA 6/8"", ""city"": ""CZESTOCHOWA"", ""region"": ""ŚLĄSKIE"", ""country"": ""PL"", ""postal_code"": ""42-200""}",50.76732,19.16543,LEASE,799 PLN,per month,Gasoline,Manual,FWD
246510,Nowy Compass e-Hybrid Altitude · od 951 PLN/mies.,Jeep Nowy Compass e-Hybrid Altitude · Rata od 951 PLN netto/mies. · Leasing B2B · LUBLIN · Sprawdź ofertę!,https://salon.jeep.pl/oferta/246510,https://cdn.fcapoland.pl/uploads/57/246510/f3619c468436661689fec221b6b46722.jpg,Jeep,Nowy Compass e-Hybrid,2026,0,KM,SUV,Szary Yosemite,New,139000 PLN,PLN,"{""addr1"": ""UL MELGIEWSKA 10"", ""city"": ""LUBLIN"", ""region"": ""LUBELSKIE"", ""country"": ""PL"", ""postal_code"": ""20-209""}",51.24833,22.60831,LEASE,951 PLN,per month,Hybrid,Automatic,FWD
246505,Nowy Compass e-Hybrid Altitude · od 951 PLN/mies.,Jeep Nowy Compass e-Hybrid Altitude · Rata od 951 PLN netto/mies. · Leasing B2B · LUBLIN · Sprawdź ofertę!,https://salon.jeep.pl/oferta/246505,https://cdn.fcapoland.pl/uploads/57/246505/1599a53201047b3f353707a017e79c5b.jpg,Jeep,Nowy Compass e-Hybrid,2026,0,KM,SUV,Czarny Vulcano,New,139000 PLN,PLN,"{""addr1"": ""UL MELGIEWSKA 10"", ""city"": ""LUBLIN"", ""region"": ""LUBELSKIE"", ""country"": ""PL"", ""postal_code"": ""20-209""}",51.24833,22.60831,LEASE,951 PLN,per month,Hybrid,Automatic,FWD
246486,Nowy Avenger Altitude · od 891 PLN/mies.,Jeep Nowy Avenger Altitude · Rata od 891 PLN netto/mies. · Leasing B2B · CZESTOCHOWA · Sprawdź ofertę!,https://salon.jeep.pl/oferta/246486,https://cdn.fcapoland.pl/uploads/57/246486/1_render.jpg,Jeep,Nowy Avenger,2026,0,KM,SUV,Lakier pastelowy STORM szary,New,105245 PLN,PLN,"{""addr1"": ""UL. BUGAJSKA 6/8"", ""city"": ""CZESTOCHOWA"", ""region"": ""ŚLĄSKIE"", ""country"": ""PL"", ""postal_code"": ""42-200""}",50.76732,19.16543,LEASE,891 PLN,per month,Gasoline,Manual,FWD
246191,Avenger The North Face · od 892 PLN/mies.,Jeep Avenger The North Face · Rata od 892 PLN netto/mies. · Leasing B2B · WROCLAW · Sprawdź ofertę!,https://salon.jeep.pl/oferta/246191,https://cdn.fcapoland.pl/uploads/57/246191/1_render.jpg,Jeep,Avenger,2026,0,KM,SUV,Lakier pastelowy STORM szary + czarny dach VOLCANO,New,132000 PLN,PLN,"{""addr1"": ""UL. KARKONOSKA 45"", ""city"": ""WROCLAW"", ""region"": ""DOLNOŚLĄSKIE"", ""country"": ""PL"", ""postal_code"": ""53-015""}",51.063771,17.000116,LEASE,892 PLN,per month,Hybrid,Automatic,FWD
246059,Nowy Avenger 85Th Anniversary · od 1243 PLN/mies.,Jeep Nowy Avenger 85Th Anniversary · Rata od 1243 PLN netto/mies. · Leasing B2B · BIELSKO-BIAŁA · Sprawdź ofertę!,https://salon.jeep.pl/oferta/246059,https://cdn.fcapoland.pl/uploads/57/246059/1_render.jpg,Jeep,Nowy Avenger,2026,0,KM,SUV,Lakier metaliczny FOREST zielony + czarny dach VOLCANO,New,141990 PLN,PLN,"{""addr1"": ""UL. WARSZAWSKA 158"", ""city"": ""BIELSKO-BIAŁA"", ""region"": ""ŚLĄSKIE"", ""country"": ""PL"", ""postal_code"": ""43-300""}",49.84307,19.03564,LEASE,1243 PLN,per month,Hybrid,Automatic,FWD
246047,Nowy Avenger 85Th Anniversary · od 1270 PLN/mies.,Jeep Nowy Avenger 85Th Anniversary · Rata od 1270 PLN netto/mies. · Leasing B2B · WROCLAW · Sprawdź ofertę!,https://salon.jeep.pl/oferta/246047,https://cdn.fcapoland.pl/uploads/57/246047/1_render.jpg,Jeep,Nowy Avenger,2026,0,KM,SUV,Lakier metaliczny FOREST zielony + czarny dach VOLCANO,New,142800 PLN,PLN,"{""addr1"": ""UL. KARKONOSKA 45"", ""city"": ""WROCLAW"", ""region"": ""DOLNOŚLĄSKIE"", ""country"": ""PL"", ""postal_code"": ""53-015""}",51.063771,17.000116,LEASE,1270 PLN,per month,Hybrid,Automatic,FWD
245985,Nowy Compass e-Hybrid Summit · od 1302 PLN/mies.,Jeep Nowy Compass e-Hybrid Summit · Rata od 1302 PLN netto/mies. · Leasing B2B · NOWY TARG · Sprawdź ofertę!,https://salon.jeep.pl/oferta/245985,https://cdn.fcapoland.pl/uploads/57/245985/3cc1d0b5c87cac7449a01ffcd52d62b3.jpg,Jeep,Nowy Compass e-Hybrid,2026,0,KM,SUV,Czarny Vulcano,New,151900 PLN,PLN,"{""addr1"": ""UL. KRAKOWSKA 3"", ""city"": ""NOWY TARG"", ""region"": ""MAŁOPOLSKIE"", ""country"": ""PL"", ""postal_code"": ""34-400""}",49.45445,20.01966,LEASE,1302 PLN,per month,Hybrid,Automatic,FWD
245952,Nowy Avenger Summit · od 1177 PLN/mies.,Jeep Nowy Avenger Summit · Rata od 1177 PLN netto/mies. · Leasing B2B · KRAKOW · Sprawdź ofertę!,https://salon.jeep.pl/oferta/245952,https://cdn.fcapoland.pl/uploads/57/245952/6c70065e1a0a5854bae896a30ae19ac6.jpg,Jeep,Nowy Avenger,2026,0,KM,SUV,Lakier pastelowy BAMBOO  zielony + czarny dach VOLCANO,New,137500 PLN,PLN,"{""addr1"": ""UL. ARMII KRAJOWEJ 21"", ""city"": ""KRAKOW"", ""region"": ""MAŁOPOLSKIE"", ""country"": ""PL"", ""postal_code"": ""30-150""}",50.070766,19.893652,LEASE,1177 PLN,per month,Hybrid,Automatic,FWD
245951,Nowy Avenger Summit · od 1040 PLN/mies.,Jeep Nowy Avenger Summit · Rata od 1040 PLN netto/mies. · Leasing B2B · KRAKOW · Sprawdź ofertę!,https://salon.jeep.pl/oferta/245951,https://cdn.fcapoland.pl/uploads/57/245951/1_render.jpg,Jeep,Nowy Avenger,2026,0,KM,SUV,Lakier metaliczny GRANITE szary,New,126500 PLN,PLN,"{""addr1"": ""UL. ARMII KRAJOWEJ 21"", ""city"": ""KRAKOW"", ""region"": ""MAŁOPOLSKIE"", ""country"": ""PL"", ""postal_code"": ""30-150""}",50.070766,19.893652,LEASE,1040 PLN,per month,Hybrid,Automatic,FWD
245947,Nowy Avenger Longitude · od 795 PLN/mies.,Jeep Nowy Avenger Longitude · Rata od 795 PLN netto/mies. · Leasing B2B · KATOWICE · Sprawdź ofertę!,https://salon.jeep.pl/oferta/245947,https://cdn.fcapoland.pl/uploads/57/245947/621a5ab54cf88d65cc44b36b794b87a5.jpg,Jeep,Nowy Avenger,2026,0,KM,SUV,Lakier pastelowy VOLCANO czarny,New,97780 PLN,PLN,"{""addr1"": ""UL. KOSCIUSZKI 261"", ""city"": ""KATOWICE"", ""region"": ""ŚLĄSKIE"", ""country"": ""PL"", ""postal_code"": ""40-690""}",50.209822,18.965429,LEASE,795 PLN,per month,Gasoline,Manual,FWD
245901,Nowy Compass e-Hybrid Altitude · od 951 PLN/mies.,Jeep Nowy Compass e-Hybrid Altitude · Rata od 951 PLN netto/mies. · Leasing B2B · LUBLIN · Sprawdź ofertę!,https://salon.jeep.pl/oferta/245901,https://cdn.fcapoland.pl/uploads/57/245901/fe4c43765d34b9eda9e31c81ff488251.jpg,Jeep,Nowy Compass e-Hybrid,2026,0,KM,SUV,Brązowozielony Amazonia,New,139000 PLN,PLN,"{""addr1"": ""UL MELGIEWSKA 10"", ""city"": ""LUBLIN"", ""region"": ""LUBELSKIE"", ""country"": ""PL"", ""postal_code"": ""20-209""}",51.24833,22.60831,LEASE,951 PLN,per month,Hybrid,Automatic,FWD
245870,Nowy Avenger Longitude · od 789 PLN/mies.,Jeep Nowy Avenger Longitude · Rata od 789 PLN netto/mies. · Leasing B2B · KATOWICE · Sprawdź ofertę!,https://salon.jeep.pl/oferta/245870,https://cdn.fcapoland.pl/uploads/57/245870/99f54acf086cf4041eb84fbc7d335d09.jpg,Jeep,Nowy Avenger,2026,0,KM,SUV,Lakier metaliczny GRANITE szary,New,96490 PLN,PLN,"{""addr1"": ""UL. KOSCIUSZKI 261"", ""city"": ""KATOWICE"", ""region"": ""ŚLĄSKIE"", ""country"": ""PL"", ""postal_code"": ""40-690""}",50.209822,18.965429,LEASE,789 PLN,per month,Gasoline,Manual,FWD
245869,Avenger The North Face · od 1242 PLN/mies.,Jeep Avenger The North Face · Rata od 1242 PLN netto/mies. · Leasing B2B · BIELSKO-BIAŁA · Sprawdź ofertę!,https://salon.jeep.pl/oferta/245869,https://cdn.fcapoland.pl/uploads/57/245869/1_render.jpg,Jeep,Avenger,2026,0,KM,SUV,Lakier pastelowy STORM szary + czarny dach VOLCANO,New,145500 PLN,PLN,"{""addr1"": ""UL. WARSZAWSKA 158"", ""city"": ""BIELSKO-BIAŁA"", ""region"": ""ŚLĄSKIE"", ""country"": ""PL"", ""postal_code"": ""43-300""}",49.84307,19.03564,LEASE,1242 PLN,per month,Hybrid,Automatic,FWD
245840,Nowy Compass e-Hybrid Summit · od 1313 PLN/mies.,Jeep Nowy Compass e-Hybrid Summit · Rata od 1313 PLN netto/mies. · Leasing B2B · KRAKOW · Sprawdź ofertę!,https://salon.jeep.pl/oferta/245840,https://cdn.fcapoland.pl/uploads/57/245840/1_render.jpg,Jeep,Nowy Compass e-Hybrid,2026,0,KM,SUV,Brązowozielony Amazonia,New,156900 PLN,PLN,"{""addr1"": ""UL. ARMII KRAJOWEJ 21"", ""city"": ""KRAKOW"", ""region"": ""MAŁOPOLSKIE"", ""country"": ""PL"", ""postal_code"": ""30-150""}",50.070766,19.893652,LEASE,1313 PLN,per month,Hybrid,Automatic,FWD
245839,Nowy Compass e-Hybrid Altitude · od 1288 PLN/mies.,Jeep Nowy Compass e-Hybrid Altitude · Rata od 1288 PLN netto/mies. · Leasing B2B · BIELSKO-BIAŁA · Sprawdź ofertę!,https://salon.jeep.pl/oferta/245839,https://cdn.fcapoland.pl/uploads/57/245839/1_render.jpg,Jeep,Nowy Compass e-Hybrid,2026,0,KM,SUV,Jasnozielony Hawai,New,145900 PLN,PLN,"{""addr1"": ""UL. WARSZAWSKA 158"", ""city"": ""BIELSKO-BIAŁA"", ""region"": ""ŚLĄSKIE"", ""country"": ""PL"", ""postal_code"": ""43-300""}",49.84307,19.03564,LEASE,1288 PLN,per month,Hybrid,Automatic,FWD
245831,Nowy Compass e-Hybrid Altitude · od 1082 PLN/mies.,Jeep Nowy Compass e-Hybrid Altitude · Rata od 1082 PLN netto/mies. · Leasing B2B · BIELSKO-BIAŁA · Sprawdź ofertę!,https://salon.jeep.pl/oferta/245831,https://cdn.fcapoland.pl/uploads/57/245831/1_render.jpg,Jeep,Nowy Compass e-Hybrid,2026,0,KM,SUV,Czarny Vulcano,New,142000 PLN,PLN,"{""addr1"": ""UL. WARSZAWSKA 158"", ""city"": ""BIELSKO-BIAŁA"", ""region"": ""ŚLĄSKIE"", ""country"": ""PL"", ""postal_code"": ""43-300""}",49.84307,19.03564,LEASE,1082 PLN,per month,Hybrid,Automatic,FWD
245830,Nowy Compass e-Hybrid Altitude · od 927 PLN/mies.,Jeep Nowy Compass e-Hybrid Altitude · Rata od 927 PLN netto/mies. · Leasing B2B · KRAKOW · Sprawdź ofertę!,https://salon.jeep.pl/oferta/245830,https://cdn.fcapoland.pl/uploads/57/245830/1_render.jpg,Jeep,Nowy Compass e-Hybrid,2026,0,KM,SUV,Niebieski Pacific,New,135500 PLN,PLN,"{""addr1"": ""UL. ARMII KRAJOWEJ 21"", ""city"": ""KRAKOW"", ""region"": ""MAŁOPOLSKIE"", ""country"": ""PL"", ""postal_code"": ""30-150""}",50.070766,19.893652,LEASE,927 PLN,per month,Hybrid,Automatic,FWD
245827,Nowy Compass e-Hybrid Plug-in Summit · od 2502 PLN/mies.,Jeep Nowy Compass e-Hybrid Plug-in Summit · Rata od 2502 PLN netto/mies. · Leasing B2B · LUBLIN · Sprawdź ofertę!,https://salon.jeep.pl/oferta/245827,https://cdn.fcapoland.pl/uploads/57/245827/5d127c0357da9e9c60ccf20ff6d93cca.jpg,Jeep,Nowy Compass e-Hybrid Plug-in,2026,0,KM,SUV,Biały Antarctica + czarny dach,New,207000 PLN,PLN,"{""addr1"": ""UL MELGIEWSKA 10"", ""city"": ""LUBLIN"", ""region"": ""LUBELSKIE"", ""country"": ""PL"", ""postal_code"": ""20-209""}",51.24833,22.60831,LEASE,2502 PLN,per month,Hybrid,Automatic,FWD
245798,Nowy Avenger 85Th Anniversary · od 1566 PLN/mies.,Jeep Nowy Avenger 85Th Anniversary · Rata od 1566 PLN netto/mies. · Leasing B2B · BIELSKO-BIAŁA · Sprawdź ofertę!,https://salon.jeep.pl/oferta/245798,https://cdn.fcapoland.pl/uploads/57/245798/1_render.jpg,Jeep,Nowy Avenger,2026,0,KM,SUV,Lakier pastelowy VOLCANO czarny,New,150000 PLN,PLN,"{""addr1"": ""UL. WARSZAWSKA 158"", ""city"": ""BIELSKO-BIAŁA"", ""region"": ""ŚLĄSKIE"", ""country"": ""PL"", ""postal_code"": ""43-300""}",49.84307,19.03564,LEASE,1566 PLN,per month,Hybrid,Automatic,FWD
245797,Nowy Avenger 85Th Anniversary · od 1438 PLN/mies.,Jeep Nowy Avenger 85Th Anniversary · Rata od 1438 PLN netto/mies. · Leasing B2B · BIELSKO-BIAŁA · Sprawdź ofertę!,https://salon.jeep.pl/oferta/245797,https://cdn.fcapoland.pl/uploads/57/245797/1_render.jpg,Jeep,Nowy Avenger,2026,0,KM,SUV,Lakier metaliczny GRANITE szary,New,137900 PLN,PLN,"{""addr1"": ""UL. WARSZAWSKA 158"", ""city"": ""BIELSKO-BIAŁA"", ""region"": ""ŚLĄSKIE"", ""country"": ""PL"", ""postal_code"": ""43-300""}",49.84307,19.03564,LEASE,1438 PLN,per month,Hybrid,Automatic,FWD
245796,Nowy Avenger 85Th Anniversary · od 1608 PLN/mies.,Jeep Nowy Avenger 85Th Anniversary · Rata od 1608 PLN netto/mies. · Leasing B2B · BIELSKO-BIAŁA · Sprawdź ofertę!,https://salon.jeep.pl/oferta/245796,https://cdn.fcapoland.pl/uploads/57/245796/1_render.jpg,Jeep,Nowy Avenger,2026,0,KM,SUV,Lakier metaliczny FOREST zielony + czarny dach VOLCANO,New,153000 PLN,PLN,"{""addr1"": ""UL. WARSZAWSKA 158"", ""city"": ""BIELSKO-BIAŁA"", ""region"": ""ŚLĄSKIE"", ""country"": ""PL"", ""postal_code"": ""43-300""}",49.84307,19.03564,LEASE,1608 PLN,per month,Hybrid,Automatic,FWD
245795,Nowy Avenger 85Th Anniversary · od 1250 PLN/mies.,Jeep Nowy Avenger 85Th Anniversary · Rata od 1250 PLN netto/mies. · Leasing B2B · KRAKOW · Sprawdź ofertę!,https://salon.jeep.pl/oferta/245795,https://cdn.fcapoland.pl/uploads/57/245795/b8e5c2c7ae36f2552c1c1bdd40c3e484.jpg,Jeep,Nowy Avenger,2026,0,KM,SUV,Lakier metaliczny FOREST zielony + czarny dach VOLCANO,New,142500 PLN,PLN,"{""addr1"": ""UL. ARMII KRAJOWEJ 21"", ""city"": ""KRAKOW"", ""region"": ""MAŁOPOLSKIE"", ""country"": ""PL"", ""postal_code"": ""30-150""}",50.070766,19.893652,LEASE,1250 PLN,per month,Hybrid,Automatic,FWD
245728,Nowy Compass e-Hybrid Summit · od 1302 PLN/mies.,Jeep Nowy Compass e-Hybrid Summit · Rata od 1302 PLN netto/mies. · Leasing B2B · NOWY TARG · Sprawdź ofertę!,https://salon.jeep.pl/oferta/245728,https://cdn.fcapoland.pl/uploads/57/245728/1729047dd54da994f2014e6042200104.jpg,Jeep,Nowy Compass e-Hybrid,2026,0,KM,SUV,Niebieski Pacific,New,151900 PLN,PLN,"{""addr1"": ""UL. KRAKOWSKA 3"", ""city"": ""NOWY TARG"", ""region"": ""MAŁOPOLSKIE"", ""country"": ""PL"", ""postal_code"": ""34-400""}",49.45445,20.01966,LEASE,1302 PLN,per month,Hybrid,Automatic,FWD
245674,Nowy Avenger 85Th Anniversary · od 1177 PLN/mies.,Jeep Nowy Avenger 85Th Anniversary · Rata od 1177 PLN netto/mies. · Leasing B2B · LUBLIN · Sprawdź ofertę!,https://salon.jeep.pl/oferta/245674,https://cdn.fcapoland.pl/uploads/57/245674/3a62425b661f3a44de8f04a06caf62c8.jpg,Jeep,Nowy Avenger,2026,0,KM,SUV,Lakier pastelowy SNOW biały + czarny dach VOLCANO,New,140000 PLN,PLN,"{""addr1"": ""UL MELGIEWSKA 10"", ""city"": ""LUBLIN"", ""region"": ""LUBELSKIE"", ""country"": ""PL"", ""postal_code"": ""20-209""}",51.24833,22.60831,LEASE,1177 PLN,per month,Hybrid,Automatic,FWD
245669,Nowy Avenger Longitude · od 760 PLN/mies.,Jeep Nowy Avenger Longitude · Rata od 760 PLN netto/mies. · Leasing B2B · BIELSKO-BIAŁA · Sprawdź ofertę!,https://salon.jeep.pl/oferta/245669,https://cdn.fcapoland.pl/uploads/57/245669/1_render.jpg,Jeep,Nowy Avenger,2026,0,KM,SUV,Lakier pastelowy RUBY czerwony,New,94000 PLN,PLN,"{""addr1"": ""UL. WARSZAWSKA 158"", ""city"": ""BIELSKO-BIAŁA"", ""region"": ""ŚLĄSKIE"", ""country"": ""PL"", ""postal_code"": ""43-300""}",49.84307,19.03564,LEASE,760 PLN,per month,Gasoline,Manual,FWD
245647,Nowy Compass e-Hybrid Altitude · od 951 PLN/mies.,Jeep Nowy Compass e-Hybrid Altitude · Rata od 951 PLN netto/mies. · Leasing B2B · LUBLIN · Sprawdź ofertę!,https://salon.jeep.pl/oferta/245647,https://cdn.fcapoland.pl/uploads/57/245647/bd68012b5ce12959620f261edc06f21e.jpg,Jeep,Nowy Compass e-Hybrid,2026,0,KM,SUV,Biały Antarctica,New,139000 PLN,PLN,"{""addr1"": ""UL MELGIEWSKA 10"", ""city"": ""LUBLIN"", ""region"": ""LUBELSKIE"", ""country"": ""PL"", ""postal_code"": ""20-209""}",51.24833,22.60831,LEASE,951 PLN,per month,Hybrid,Automatic,FWD
245640,Nowy Compass e-Hybrid Altitude · od 1113 PLN/mies.,Jeep Nowy Compass e-Hybrid Altitude · Rata od 1113 PLN netto/mies. · Leasing B2B · STAROWA GORA · Sprawdź ofertę!,https://salon.jeep.pl/oferta/245640,https://cdn.fcapoland.pl/uploads/57/245640/6d67f08f85d7cb3d05fabfbdb4b4636c.jpg,Jeep,Nowy Compass e-Hybrid,2026,0,KM,SUV,Biały Antarctica,New,141500 PLN,PLN,"{""addr1"": ""UL. GRANICZNA 2"", ""city"": ""STAROWA GORA"", ""region"": ""ŁÓDZKIE"", ""country"": ""PL"", ""postal_code"": ""95-030""}",51.686346,19.477061,LEASE,1113 PLN,per month,Hybrid,Automatic,FWD
245590,Nowy Compass e-Hybrid Summit · od 1429 PLN/mies.,Jeep Nowy Compass e-Hybrid Summit · Rata od 1429 PLN netto/mies. · Leasing B2B · KATOWICE · Sprawdź ofertę!,https://salon.jeep.pl/oferta/245590,https://cdn.fcapoland.pl/uploads/57/245590/1_render.jpg,Jeep,Nowy Compass e-Hybrid,2026,0,KM,SUV,Jasnozielony Hawai,New,153517 PLN,PLN,"{""addr1"": ""UL. KOSCIUSZKI 261"", ""city"": ""KATOWICE"", ""region"": ""ŚLĄSKIE"", ""country"": ""PL"", ""postal_code"": ""40-690""}",50.209822,18.965429,LEASE,1429 PLN,per month,Hybrid,Automatic,FWD
245587,Nowy Compass e-Hybrid Altitude · od 874 PLN/mies.,Jeep Nowy Compass e-Hybrid Altitude · Rata od 874 PLN netto/mies. · Leasing B2B · KATOWICE · Sprawdź ofertę!,https://salon.jeep.pl/oferta/245587,https://cdn.fcapoland.pl/uploads/57/245587/fad3416c08203367bc96e168fdbc7068.jpg,Jeep,Nowy Compass e-Hybrid,2026,0,KM,SUV,Szary Yosemite,New,136658 PLN,PLN,"{""addr1"": ""UL. KOSCIUSZKI 261"", ""city"": ""KATOWICE"", ""region"": ""ŚLĄSKIE"", ""country"": ""PL"", ""postal_code"": ""40-690""}",50.209822,18.965429,LEASE,874 PLN,per month,Hybrid,Automatic,FWD
245500,Nowy Compass e-Hybrid Altitude · od 878 PLN/mies.,Jeep Nowy Compass e-Hybrid Altitude · Rata od 878 PLN netto/mies. · Leasing B2B · WARSZAWA · Sprawdź ofertę!,https://salon.jeep.pl/oferta/245500,https://cdn.fcapoland.pl/uploads/57/245500/bb3fe9d0b9ad57c44f1f79d4f472920f.jpg,Jeep,Nowy Compass e-Hybrid,2026,0,KM,SUV,Brązowozielony Amazonia,New,133690 PLN,PLN,"{""addr1"": ""UL. OSTROBRAMSKA  34"", ""city"": ""WARSZAWA"", ""region"": ""MAZOWIECKIE"", ""country"": ""PL"", ""postal_code"": ""04-192""}",52.23318,21.12116,LEASE,878 PLN,per month,Hybrid,Automatic,FWD
245498,Nowy Compass e-Hybrid Altitude · od 874 PLN/mies.,Jeep Nowy Compass e-Hybrid Altitude · Rata od 874 PLN netto/mies. · Leasing B2B · KATOWICE · Sprawdź ofertę!,https://salon.jeep.pl/oferta/245498,https://cdn.fcapoland.pl/uploads/57/245498/cd73a5cdbd4291a63bd72636569860de.jpg,Jeep,Nowy Compass e-Hybrid,2026,0,KM,SUV,Czarny Vulcano,New,136658 PLN,PLN,"{""addr1"": ""UL. KOSCIUSZKI 261"", ""city"": ""KATOWICE"", ""region"": ""ŚLĄSKIE"", ""country"": ""PL"", ""postal_code"": ""40-690""}",50.209822,18.965429,LEASE,874 PLN,per month,Hybrid,Automatic,FWD
245447,Nowy Compass e-Hybrid Altitude · od 1169 PLN/mies.,Jeep Nowy Compass e-Hybrid Altitude · Rata od 1169 PLN netto/mies. · Leasing B2B · WROCLAW · Sprawdź ofertę!,https://salon.jeep.pl/oferta/245447,https://cdn.fcapoland.pl/uploads/57/245447/1_render.jpg,Jeep,Nowy Compass e-Hybrid,2026,0,KM,SUV,Jasnozielony Hawai + czarny dach,New,147259 PLN,PLN,"{""addr1"": ""UL. KARKONOSKA 45"", ""city"": ""WROCLAW"", ""region"": ""DOLNOŚLĄSKIE"", ""country"": ""PL"", ""postal_code"": ""53-015""}",51.063771,17.000116,LEASE,1169 PLN,per month,Hybrid,Automatic,FWD
245442,Nowy Compass e-Hybrid Summit · od 1503 PLN/mies.,Jeep Nowy Compass e-Hybrid Summit · Rata od 1503 PLN netto/mies. · Leasing B2B · KATOWICE · Sprawdź ofertę!,https://salon.jeep.pl/oferta/245442,https://cdn.fcapoland.pl/uploads/57/245442/d408534e9995955d33d7623c33138c03.jpg,Jeep,Nowy Compass e-Hybrid,2026,0,KM,SUV,Czarny Vulcano,New,161661 PLN,PLN,"{""addr1"": ""UL. KOSCIUSZKI 261"", ""city"": ""KATOWICE"", ""region"": ""ŚLĄSKIE"", ""country"": ""PL"", ""postal_code"": ""40-690""}",50.209822,18.965429,LEASE,1503 PLN,per month,Hybrid,Automatic,FWD
245429,Avenger Altitude · od 592 PLN/mies.,Jeep Avenger Altitude · Rata od 592 PLN netto/mies. · Leasing B2B · NOWY TARG · Sprawdź ofertę!,https://salon.jeep.pl/oferta/245429,https://cdn.fcapoland.pl/uploads/57/245429/a1229a3d8bfa6e40cda0de85fe7314a6.jpg,Jeep,Avenger,2026,0,KM,SUV,Lakier pastelowy RUBY czerwony,New,109900 PLN,PLN,"{""addr1"": ""UL. KRAKOWSKA 3"", ""city"": ""NOWY TARG"", ""region"": ""MAŁOPOLSKIE"", ""country"": ""PL"", ""postal_code"": ""34-400""}",49.45445,20.01966,LEASE,592 PLN,per month,Hybrid,Automatic,FWD
245042,Nowy Compass e-Hybrid Summit · od 1265 PLN/mies.,Jeep Nowy Compass e-Hybrid Summit · Rata od 1265 PLN netto/mies. · Leasing B2B · LUBLIN · Sprawdź ofertę!,https://salon.jeep.pl/oferta/245042,https://cdn.fcapoland.pl/uploads/57/245042/f823e9d97e8bad3103599ffb7e335d71.jpg,Jeep,Nowy Compass e-Hybrid,2026,0,KM,SUV,Biały Antarctica + czarny dach,New,156000 PLN,PLN,"{""addr1"": ""UL MELGIEWSKA 10"", ""city"": ""LUBLIN"", ""region"": ""LUBELSKIE"", ""country"": ""PL"", ""postal_code"": ""20-209""}",51.24833,22.60831,LEASE,1265 PLN,per month,Hybrid,Automatic,FWD
245040,Nowy Compass e-Hybrid Summit · od 1265 PLN/mies.,Jeep Nowy Compass e-Hybrid Summit · Rata od 1265 PLN netto/mies. · Leasing B2B · LUBLIN · Sprawdź ofertę!,https://salon.jeep.pl/oferta/245040,https://cdn.fcapoland.pl/uploads/57/245040/3b0fa7322c311d40abbc57bd5cad14d1.jpg,Jeep,Nowy Compass e-Hybrid,2026,0,KM,SUV,Niebieski Pacific + czarny dach,New,156000 PLN,PLN,"{""addr1"": ""UL MELGIEWSKA 10"", ""city"": ""LUBLIN"", ""region"": ""LUBELSKIE"", ""country"": ""PL"", ""postal_code"": ""20-209""}",51.24833,22.60831,LEASE,1265 PLN,per month,Hybrid,Automatic,FWD
245039,Nowy Compass e-Hybrid Summit · od 1265 PLN/mies.,Jeep Nowy Compass e-Hybrid Summit · Rata od 1265 PLN netto/mies. · Leasing B2B · LUBLIN · Sprawdź ofertę!,https://salon.jeep.pl/oferta/245039,https://cdn.fcapoland.pl/uploads/57/245039/8e8c8e1ba5432e40f94eb9344a5e7ab7.jpg,Jeep,Nowy Compass e-Hybrid,2026,0,KM,SUV,Niebieski Pacific + czarny dach,New,156000 PLN,PLN,"{""addr1"": ""UL MELGIEWSKA 10"", ""city"": ""LUBLIN"", ""region"": ""LUBELSKIE"", ""country"": ""PL"", ""postal_code"": ""20-209""}",51.24833,22.60831,LEASE,1265 PLN,per month,Hybrid,Automatic,FWD
245038,Nowy Compass e-Hybrid Summit · od 1317 PLN/mies.,Jeep Nowy Compass e-Hybrid Summit · Rata od 1317 PLN netto/mies. · Leasing B2B · LUBLIN · Sprawdź ofertę!,https://salon.jeep.pl/oferta/245038,https://cdn.fcapoland.pl/uploads/57/245038/d1d9a8f2af27a8d9d0e08f3450f84b95.jpg,Jeep,Nowy Compass e-Hybrid,2026,0,KM,SUV,Szary Yosemite,New,156000 PLN,PLN,"{""addr1"": ""UL MELGIEWSKA 10"", ""city"": ""LUBLIN"", ""region"": ""LUBELSKIE"", ""country"": ""PL"", ""postal_code"": ""20-209""}",51.24833,22.60831,LEASE,1317 PLN,per month,Hybrid,Automatic,FWD
245037,Nowy Compass e-Hybrid Summit · od 1317 PLN/mies.,Jeep Nowy Compass e-Hybrid Summit · Rata od 1317 PLN netto/mies. · Leasing B2B · LUBLIN · Sprawdź ofertę!,https://salon.jeep.pl/oferta/245037,https://cdn.fcapoland.pl/uploads/57/245037/ca2466b03951b55f0c5b40d64370f577.jpg,Jeep,Nowy Compass e-Hybrid,2026,0,KM,SUV,Brązowozielony Amazonia,New,156000 PLN,PLN,"{""addr1"": ""UL MELGIEWSKA 10"", ""city"": ""LUBLIN"", ""region"": ""LUBELSKIE"", ""country"": ""PL"", ""postal_code"": ""20-209""}",51.24833,22.60831,LEASE,1317 PLN,per month,Hybrid,Automatic,FWD
245018,Nowy Compass e-Hybrid Altitude · od 1081 PLN/mies.,Jeep Nowy Compass e-Hybrid Altitude · Rata od 1081 PLN netto/mies. · Leasing B2B · WARSZAWA · Sprawdź ofertę!,https://salon.jeep.pl/oferta/245018,https://cdn.fcapoland.pl/uploads/57/245018/6041b6894c23470c07cbd57579ebeb8c.jpg,Jeep,Nowy Compass e-Hybrid,2026,0,KM,SUV,Czarny Vulcano,New,141970 PLN,PLN,"{""addr1"": ""UL. OSTROBRAMSKA  34"", ""city"": ""WARSZAWA"", ""region"": ""MAZOWIECKIE"", ""country"": ""PL"", ""postal_code"": ""04-192""}",52.23318,21.12116,LEASE,1081 PLN,per month,Hybrid,Automatic,FWD
245016,Nowy Compass e-Hybrid Altitude · od 1169 PLN/mies.,Jeep Nowy Compass e-Hybrid Altitude · Rata od 1169 PLN netto/mies. · Leasing B2B · WROCLAW · Sprawdź ofertę!,https://salon.jeep.pl/oferta/245016,https://cdn.fcapoland.pl/uploads/57/245016/1_render.jpg,Jeep,Nowy Compass e-Hybrid,2026,0,KM,SUV,Niebieski Pacific + czarny dach,New,147259 PLN,PLN,"{""addr1"": ""UL. KARKONOSKA 45"", ""city"": ""WROCLAW"", ""region"": ""DOLNOŚLĄSKIE"", ""country"": ""PL"", ""postal_code"": ""53-015""}",51.063771,17.000116,LEASE,1169 PLN,per month,Hybrid,Automatic,FWD
244962,Nowy Compass e-Hybrid Summit · od 1498 PLN/mies.,Jeep Nowy Compass e-Hybrid Summit · Rata od 1498 PLN netto/mies. · Leasing B2B · GDANSK · Sprawdź ofertę!,https://salon.jeep.pl/oferta/244962,https://cdn.fcapoland.pl/uploads/57/244962/1c10b1c26704c4c3275d58ff8ebaad54.jpg,Jeep,Nowy Compass e-Hybrid,2026,0,KM,SUV,Brązowozielony Amazonia,New,171850 PLN,PLN,"{""addr1"": ""UL. POTOKOWA 15AC"", ""city"": ""GDANSK"", ""region"": ""POMORSKIE"", ""country"": ""PL"", ""postal_code"": ""80-283""}",54.368945,18.570911,LEASE,1498 PLN,per month,Hybrid,Automatic,FWD
244877,Nowy Compass e-Hybrid Summit · od 1456 PLN/mies.,Jeep Nowy Compass e-Hybrid Summit · Rata od 1456 PLN netto/mies. · Leasing B2B · BIELSKO-BIAŁA · Sprawdź ofertę!,https://salon.jeep.pl/oferta/244877,https://cdn.fcapoland.pl/uploads/57/244877/1_render.jpg,Jeep,Nowy Compass e-Hybrid,2026,0,KM,SUV,Czarny Vulcano,New,160900 PLN,PLN,"{""addr1"": ""UL. WARSZAWSKA 158"", ""city"": ""BIELSKO-BIAŁA"", ""region"": ""ŚLĄSKIE"", ""country"": ""PL"", ""postal_code"": ""43-300""}",49.84307,19.03564,LEASE,1456 PLN,per month,Hybrid,Automatic,FWD
244753,Nowy Compass e-Hybrid Summit · od 1327 PLN/mies.,Jeep Nowy Compass e-Hybrid Summit · Rata od 1327 PLN netto/mies. · Leasing B2B · BIELSKO-BIAŁA · Sprawdź ofertę!,https://salon.jeep.pl/oferta/244753,https://cdn.fcapoland.pl/uploads/57/244753/1_render.jpg,Jeep,Nowy Compass e-Hybrid,2026,0,KM,SUV,Czarny Vulcano,New,156990 PLN,PLN,"{""addr1"": ""UL. WARSZAWSKA 158"", ""city"": ""BIELSKO-BIAŁA"", ""region"": ""ŚLĄSKIE"", ""country"": ""PL"", ""postal_code"": ""43-300""}",49.84307,19.03564,LEASE,1327 PLN,per month,Hybrid,Automatic,FWD
244751,Nowy Compass e-Hybrid Summit · od 1562 PLN/mies.,Jeep Nowy Compass e-Hybrid Summit · Rata od 1562 PLN netto/mies. · Leasing B2B · GDANSK · Sprawdź ofertę!,https://salon.jeep.pl/oferta/244751,https://cdn.fcapoland.pl/uploads/57/244751/b1a5dac7a26476798710b90b36ea0184.jpg,Jeep,Nowy Compass e-Hybrid,2026,0,KM,SUV,Czarny Vulcano,New,176440 PLN,PLN,"{""addr1"": ""UL. POTOKOWA 15AC"", ""city"": ""GDANSK"", ""region"": ""POMORSKIE"", ""country"": ""PL"", ""postal_code"": ""80-283""}",54.368945,18.570911,LEASE,1562 PLN,per month,Hybrid,Automatic,FWD
244702,Nowy Compass e-Hybrid Summit · od 1350 PLN/mies.,Jeep Nowy Compass e-Hybrid Summit · Rata od 1350 PLN netto/mies. · Leasing B2B · GDANSK · Sprawdź ofertę!,https://salon.jeep.pl/oferta/244702,https://cdn.fcapoland.pl/uploads/57/244702/02362e41e81c3b8a758f92cd865dbe87.jpg,Jeep,Nowy Compass e-Hybrid,2026,0,KM,SUV,Brązowozielony Amazonia,New,157690 PLN,PLN,"{""addr1"": ""UL. POTOKOWA 15AC"", ""city"": ""GDANSK"", ""region"": ""POMORSKIE"", ""country"": ""PL"", ""postal_code"": ""80-283""}",54.368945,18.570911,LEASE,1350 PLN,per month,Hybrid,Automatic,FWD
244665,Avenger The North Face · od 1139 PLN/mies.,Jeep Avenger The North Face · Rata od 1139 PLN netto/mies. · Leasing B2B · WROCLAW · Sprawdź ofertę!,https://salon.jeep.pl/oferta/244665,https://cdn.fcapoland.pl/uploads/57/244665/71dadf9b6ce64de64d53195bb50592bf.jpg,Jeep,Avenger,2026,0,KM,SUV,Lakier pastelowy SNOW biały + czarny dach VOLCANO,New,139500 PLN,PLN,"{""addr1"": ""UL. SZCZECINSKA 7"", ""city"": ""WROCLAW"", ""region"": ""DOLNOŚLĄSKIE"", ""country"": ""PL"", ""postal_code"": ""54-517""}",51.12985,16.93663,LEASE,1139 PLN,per month,Hybrid,Automatic,FWD
244663,Avenger The North Face · od 764 PLN/mies.,Jeep Avenger The North Face · Rata od 764 PLN netto/mies. · Leasing B2B · NOWY TARG · Sprawdź ofertę!,https://salon.jeep.pl/oferta/244663,https://cdn.fcapoland.pl/uploads/57/244663/b36eff7b649af354fb2a4d8b6390f004.jpg,Jeep,Avenger,2026,0,KM,SUV,Lakier pastelowy SNOW biały + czarny dach VOLCANO,New,128213 PLN,PLN,"{""addr1"": ""UL. KRAKOWSKA 3"", ""city"": ""NOWY TARG"", ""region"": ""MAŁOPOLSKIE"", ""country"": ""PL"", ""postal_code"": ""34-400""}",49.45445,20.01966,LEASE,764 PLN,per month,Hybrid,Automatic,FWD
244591,Nowy Avenger Summit · od 1008 PLN/mies.,Jeep Nowy Avenger Summit · Rata od 1008 PLN netto/mies. · Leasing B2B · RZESZOW · Sprawdź ofertę!,https://salon.jeep.pl/oferta/244591,https://cdn.fcapoland.pl/uploads/57/244591/ffd4cbabcae2668ed33a3b584e8a3e5e.jpg,Jeep,Nowy Avenger,2026,0,KM,SUV,Lakier pastelowy VOLCANO czarny,New,124990 PLN,PLN,"{""addr1"": ""UL. WARSZAWSKA 135"", ""city"": ""RZESZOW"", ""region"": ""PODKARPACKIE"", ""country"": ""PL"", ""postal_code"": ""35-205""}",50.081623,21.984324,LEASE,1008 PLN,per month,Hybrid,Automatic,FWD
244568,Nowy Avenger Summit · od 1031 PLN/mies.,Jeep Nowy Avenger Summit · Rata od 1031 PLN netto/mies. · Leasing B2B · NOWY TARG · Sprawdź ofertę!,https://salon.jeep.pl/oferta/244568,https://cdn.fcapoland.pl/uploads/57/244568/1a530bc5d6e500b8c80ffe931ea1321c.jpg,Jeep,Nowy Avenger,2026,0,KM,SUV,Lakier pastelowy BAMBOO zielony,New,125900 PLN,PLN,"{""addr1"": ""UL. KRAKOWSKA 3"", ""city"": ""NOWY TARG"", ""region"": ""MAŁOPOLSKIE"", ""country"": ""PL"", ""postal_code"": ""34-400""}",49.45445,20.01966,LEASE,1031 PLN,per month,Hybrid,Automatic,FWD
244556,Nowy Compass e-Hybrid First Edition · od 1749 PLN/mies.,Jeep Nowy Compass e-Hybrid First Edition · Rata od 1749 PLN netto/mies. · Leasing B2B · WEJHEROWO · Sprawdź ofertę!,https://salon.jeep.pl/oferta/244556,https://cdn.fcapoland.pl/uploads/57/244556/fe73af79f9ca2a4a0bc4f05b23458525.jpg,Jeep,Nowy Compass e-Hybrid,2026,0,KM,SUV,Jasnozielony Hawai + czarny dach,New,161900 PLN,PLN,"{""addr1"": ""UL. GDANSKA 17"", ""city"": ""WEJHEROWO"", ""region"": ""POMORSKIE"", ""country"": ""PL"", ""postal_code"": ""84-200""}",54.60245,18.29197,LEASE,1749 PLN,per month,Hybrid,Automatic,FWD
244554,Nowy Compass e-Hybrid Summit · od 1868 PLN/mies.,Jeep Nowy Compass e-Hybrid Summit · Rata od 1868 PLN netto/mies. · Leasing B2B · WEJHEROWO · Sprawdź ofertę!,https://salon.jeep.pl/oferta/244554,https://cdn.fcapoland.pl/uploads/57/244554/38c9581f3eb83785c0386537dee6830f.jpg,Jeep,Nowy Compass e-Hybrid,2026,0,KM,SUV,Biały Antarctica + czarny dach,New,164500 PLN,PLN,"{""addr1"": ""UL. GDANSKA 17"", ""city"": ""WEJHEROWO"", ""region"": ""POMORSKIE"", ""country"": ""PL"", ""postal_code"": ""84-200""}",54.60245,18.29197,LEASE,1868 PLN,per month,Hybrid,Automatic,FWD
244553,Nowy Compass e-Hybrid Summit · od 1845 PLN/mies.,Jeep Nowy Compass e-Hybrid Summit · Rata od 1845 PLN netto/mies. · Leasing B2B · WEJHEROWO · Sprawdź ofertę!,https://salon.jeep.pl/oferta/244553,https://cdn.fcapoland.pl/uploads/57/244553/5e8e7643abb986aa303f5dad8b23f121.jpg,Jeep,Nowy Compass e-Hybrid,2026,0,KM,SUV,Niebieski Pacific,New,162500 PLN,PLN,"{""addr1"": ""UL. GDANSKA 17"", ""city"": ""WEJHEROWO"", ""region"": ""POMORSKIE"", ""country"": ""PL"", ""postal_code"": ""84-200""}",54.60245,18.29197,LEASE,1845 PLN,per month,Hybrid,Automatic,FWD
244552,Nowy Avenger 85Th Anniversary · od 1771 PLN/mies.,Jeep Nowy Avenger 85Th Anniversary · Rata od 1771 PLN netto/mies. · Leasing B2B · WEJHEROWO · Sprawdź ofertę!,https://salon.jeep.pl/oferta/244552,https://cdn.fcapoland.pl/uploads/57/244552/83990a209aeabce9315f664f707ae59b.jpg,Jeep,Nowy Avenger,2026,0,KM,SUV,Lakier pastelowy VOLCANO czarny,New,138900 PLN,PLN,"{""addr1"": ""UL. GDANSKA 17"", ""city"": ""WEJHEROWO"", ""region"": ""POMORSKIE"", ""country"": ""PL"", ""postal_code"": ""84-200""}",54.60245,18.29197,LEASE,1771 PLN,per month,Hybrid,Automatic,FWD
244551,Nowy Avenger 85Th Anniversary · od 1766 PLN/mies.,Jeep Nowy Avenger 85Th Anniversary · Rata od 1766 PLN netto/mies. · Leasing B2B · WEJHEROWO · Sprawdź ofertę!,https://salon.jeep.pl/oferta/244551,https://cdn.fcapoland.pl/uploads/57/244551/e866f37c1c04af9c8c19c8942f4de296.jpg,Jeep,Nowy Avenger,2026,0,KM,SUV,Lakier metaliczny GRANITE szary,New,138500 PLN,PLN,"{""addr1"": ""UL. GDANSKA 17"", ""city"": ""WEJHEROWO"", ""region"": ""POMORSKIE"", ""country"": ""PL"", ""postal_code"": ""84-200""}",54.60245,18.29197,LEASE,1766 PLN,per month,Hybrid,Automatic,FWD
244549,Nowy Avenger 85Th Anniversary · od 1847 PLN/mies.,Jeep Nowy Avenger 85Th Anniversary · Rata od 1847 PLN netto/mies. · Leasing B2B · WEJHEROWO · Sprawdź ofertę!,https://salon.jeep.pl/oferta/244549,https://cdn.fcapoland.pl/uploads/57/244549/83597ae19b4d58ed009bfa5a1555eb22.jpg,Jeep,Nowy Avenger,2026,0,KM,SUV,Lakier metaliczny FOREST zielony + czarny dach VOLCANO,New,144900 PLN,PLN,"{""addr1"": ""UL. GDANSKA 17"", ""city"": ""WEJHEROWO"", ""region"": ""POMORSKIE"", ""country"": ""PL"", ""postal_code"": ""84-200""}",54.60245,18.29197,LEASE,1847 PLN,per month,Hybrid,Automatic,FWD
244546,Nowy Compass e-Hybrid Summit · od 1451 PLN/mies.,Jeep Nowy Compass e-Hybrid Summit · Rata od 1451 PLN netto/mies. · Leasing B2B · WARSZAWA · Sprawdź ofertę!,https://salon.jeep.pl/oferta/244546,https://cdn.fcapoland.pl/uploads/57/244546/3b9707260589853dfd085ae7263820ba.jpg,Jeep,Nowy Compass e-Hybrid,2026,0,KM,SUV,Szary Yosemite,New,160770 PLN,PLN,"{""addr1"": ""UL. OSTROBRAMSKA  34"", ""city"": ""WARSZAWA"", ""region"": ""MAZOWIECKIE"", ""country"": ""PL"", ""postal_code"": ""04-192""}",52.23318,21.12116,LEASE,1451 PLN,per month,Hybrid,Automatic,FWD
244545,Nowy Compass e-Hybrid Summit · od 1451 PLN/mies.,Jeep Nowy Compass e-Hybrid Summit · Rata od 1451 PLN netto/mies. · Leasing B2B · WARSZAWA · Sprawdź ofertę!,https://salon.jeep.pl/oferta/244545,https://cdn.fcapoland.pl/uploads/57/244545/f432e415f59f848fd1c743b158405a84.jpg,Jeep,Nowy Compass e-Hybrid,2026,0,KM,SUV,Szary Yosemite,New,160770 PLN,PLN,"{""addr1"": ""UL. OSTROBRAMSKA  34"", ""city"": ""WARSZAWA"", ""region"": ""MAZOWIECKIE"", ""country"": ""PL"", ""postal_code"": ""04-192""}",52.23318,21.12116,LEASE,1451 PLN,per month,Hybrid,Automatic,FWD
244314,Nowy Avenger Summit · od 1363 PLN/mies.,Jeep Nowy Avenger Summit · Rata od 1363 PLN netto/mies. · Leasing B2B · SLUPSK · Sprawdź ofertę!,https://salon.jeep.pl/oferta/244314,https://cdn.fcapoland.pl/uploads/57/244314/1125af7edaa52ff93b38be98b6df445b.jpg,Jeep,Nowy Avenger,2026,0,KM,SUV,Lakier pastelowy BAMBOO zielony,New,135900 PLN,PLN,"{""addr1"": ""UL. POZNANSKA 74"", ""city"": ""SLUPSK"", ""region"": ""POMORSKIE"", ""country"": ""PL"", ""postal_code"": ""76-200""}",54.45195,17.01667,LEASE,1363 PLN,per month,Hybrid,Automatic,FWD
244260,Avenger The North Face · od 937 PLN/mies.,Jeep Avenger The North Face · Rata od 937 PLN netto/mies. · Leasing B2B · WROCLAW · Sprawdź ofertę!,https://salon.jeep.pl/oferta/244260,https://cdn.fcapoland.pl/uploads/57/244260/59160883629403e1ab080dcbbf4beab1.jpg,Jeep,Avenger,2026,0,KM,SUV,Lakier pastelowy SNOW biały + czarny dach VOLCANO,New,138719 PLN,PLN,"{""addr1"": ""UL. KARKONOSKA 45"", ""city"": ""WROCLAW"", ""region"": ""DOLNOŚLĄSKIE"", ""country"": ""PL"", ""postal_code"": ""53-015""}",51.063771,17.000116,LEASE,937 PLN,per month,Hybrid,Automatic,FWD
244230,Nowy Avenger Summit · od 1447 PLN/mies.,Jeep Nowy Avenger Summit · Rata od 1447 PLN netto/mies. · Leasing B2B · BYDGOSZCZ · Sprawdź ofertę!,https://salon.jeep.pl/oferta/244230,https://cdn.fcapoland.pl/uploads/57/244230/c262815cf23f90413f7e80a016d5e30d.jpg,Jeep,Nowy Avenger,2026,0,KM,SUV,Lakier pastelowy VOLCANO czarny,New,138240 PLN,PLN,"{""addr1"": ""AL. ARMII KRAJOWEJ 250"", ""city"": ""BYDGOSZCZ"", ""region"": ""KUJAWSKO-POMORSKIE"", ""country"": ""PL"", ""postal_code"": ""85-689""}",53.17261,18.05499,LEASE,1447 PLN,per month,Hybrid,Automatic,FWD
244229,Nowy Avenger 85Th Anniversary · od 1506 PLN/mies.,Jeep Nowy Avenger 85Th Anniversary · Rata od 1506 PLN netto/mies. · Leasing B2B · KALISZ · Sprawdź ofertę!,https://salon.jeep.pl/oferta/244229,https://cdn.fcapoland.pl/uploads/57/244229/3458f45ecccd3533568f3a7e74cc0736.jpg,Jeep,Nowy Avenger,2026,0,KM,SUV,Lakier pastelowy SNOW biały + czarny dach VOLCANO,New,142900 PLN,PLN,"{""addr1"": ""UL. WROCLAWSKA 27"", ""city"": ""KALISZ"", ""region"": ""WIELKOPOLSKIE"", ""country"": ""PL"", ""postal_code"": ""62-800""}",51.7429,18.06292,LEASE,1506 PLN,per month,Hybrid,Automatic,FWD
244201,Nowy Compass e-Hybrid Altitude · od 951 PLN/mies.,Jeep Nowy Compass e-Hybrid Altitude · Rata od 951 PLN netto/mies. · Leasing B2B · LUBLIN · Sprawdź ofertę!,https://salon.jeep.pl/oferta/244201,https://cdn.fcapoland.pl/uploads/57/244201/6458a2cb7a58e9fc67745dadcbe394b1.jpg,Jeep,Nowy Compass e-Hybrid,2026,0,KM,SUV,Szary Yosemite,New,139000 PLN,PLN,"{""addr1"": ""UL MELGIEWSKA 10"", ""city"": ""LUBLIN"", ""region"": ""LUBELSKIE"", ""country"": ""PL"", ""postal_code"": ""20-209""}",51.24833,22.60831,LEASE,951 PLN,per month,Hybrid,Automatic,FWD
244200,Nowy Compass e-Hybrid Altitude · od 951 PLN/mies.,Jeep Nowy Compass e-Hybrid Altitude · Rata od 951 PLN netto/mies. · Leasing B2B · LUBLIN · Sprawdź ofertę!,https://salon.jeep.pl/oferta/244200,https://cdn.fcapoland.pl/uploads/57/244200/0127daae8702197e7cfaef79eb76c3dd.jpg,Jeep,Nowy Compass e-Hybrid,2026,0,KM,SUV,Brązowozielony Amazonia,New,139000 PLN,PLN,"{""addr1"": ""UL MELGIEWSKA 10"", ""city"": ""LUBLIN"", ""region"": ""LUBELSKIE"", ""country"": ""PL"", ""postal_code"": ""20-209""}",51.24833,22.60831,LEASE,951 PLN,per month,Hybrid,Automatic,FWD
244199,Nowy Compass e-Hybrid Altitude · od 951 PLN/mies.,Jeep Nowy Compass e-Hybrid Altitude · Rata od 951 PLN netto/mies. · Leasing B2B · LUBLIN · Sprawdź ofertę!,https://salon.jeep.pl/oferta/244199,https://cdn.fcapoland.pl/uploads/57/244199/31a6adb0a81fa16562bd7a262eda5712.jpg,Jeep,Nowy Compass e-Hybrid,2026,0,KM,SUV,Biały Antarctica,New,139000 PLN,PLN,"{""addr1"": ""UL MELGIEWSKA 10"", ""city"": ""LUBLIN"", ""region"": ""LUBELSKIE"", ""country"": ""PL"", ""postal_code"": ""20-209""}",51.24833,22.60831,LEASE,951 PLN,per month,Hybrid,Automatic,FWD
244197,Nowy Compass e-Hybrid Altitude · od 951 PLN/mies.,Jeep Nowy Compass e-Hybrid Altitude · Rata od 951 PLN netto/mies. · Leasing B2B · LUBLIN · Sprawdź ofertę!,https://salon.jeep.pl/oferta/244197,https://cdn.fcapoland.pl/uploads/57/244197/a4c2099ebd6f13829bff7365b6febf9e.jpg,Jeep,Nowy Compass e-Hybrid,2026,0,KM,SUV,Czarny Vulcano,New,139000 PLN,PLN,"{""addr1"": ""UL MELGIEWSKA 10"", ""city"": ""LUBLIN"", ""region"": ""LUBELSKIE"", ""country"": ""PL"", ""postal_code"": ""20-209""}",51.24833,22.60831,LEASE,951 PLN,per month,Hybrid,Automatic,FWD
244196,Nowy Avenger Overland · od 1147 PLN/mies.,Jeep Nowy Avenger Overland · Rata od 1147 PLN netto/mies. · Leasing B2B · LUBLIN · Sprawdź ofertę!,https://salon.jeep.pl/oferta/244196,https://cdn.fcapoland.pl/uploads/57/244196/bcbddf126999820bd648fcd729ad4bb6.jpg,Jeep,Nowy Avenger,2026,0,KM,SUV,Lakier pastelowy VOLCANO czarny,New,135000 PLN,PLN,"{""addr1"": ""UL MELGIEWSKA 10"", ""city"": ""LUBLIN"", ""region"": ""LUBELSKIE"", ""country"": ""PL"", ""postal_code"": ""20-209""}",51.24833,22.60831,LEASE,1147 PLN,per month,Hybrid,Automatic,FWD
244195,Nowy Avenger Overland · od 1165 PLN/mies.,Jeep Nowy Avenger Overland · Rata od 1165 PLN netto/mies. · Leasing B2B · LUBLIN · Sprawdź ofertę!,https://salon.jeep.pl/oferta/244195,https://cdn.fcapoland.pl/uploads/57/244195/8a58a761580277c6d7906a9058b530df.jpg,Jeep,Nowy Avenger,2026,0,KM,SUV,Lakier metaliczny FOREST zielony,New,136000 PLN,PLN,"{""addr1"": ""UL MELGIEWSKA 10"", ""city"": ""LUBLIN"", ""region"": ""LUBELSKIE"", ""country"": ""PL"", ""postal_code"": ""20-209""}",51.24833,22.60831,LEASE,1165 PLN,per month,Hybrid,Automatic,FWD
244194,Nowy Avenger Summit · od 1030 PLN/mies.,Jeep Nowy Avenger Summit · Rata od 1030 PLN netto/mies. · Leasing B2B · LUBLIN · Sprawdź ofertę!,https://salon.jeep.pl/oferta/244194,https://cdn.fcapoland.pl/uploads/57/244194/e9c40f74e49a107fe6a850796e5dd0b0.jpg,Jeep,Nowy Avenger,2026,0,KM,SUV,Lakier pastelowy VOLCANO czarny,New,123000 PLN,PLN,"{""addr1"": ""UL MELGIEWSKA 10"", ""city"": ""LUBLIN"", ""region"": ""LUBELSKIE"", ""country"": ""PL"", ""postal_code"": ""20-209""}",51.24833,22.60831,LEASE,1030 PLN,per month,Hybrid,Automatic,FWD
244193,Nowy Avenger Summit · od 1023 PLN/mies.,Jeep Nowy Avenger Summit · Rata od 1023 PLN netto/mies. · Leasing B2B · LUBLIN · Sprawdź ofertę!,https://salon.jeep.pl/oferta/244193,https://cdn.fcapoland.pl/uploads/57/244193/d639a7ed7036fc48999004bfd25fb710.jpg,Jeep,Nowy Avenger,2026,0,KM,SUV,Lakier metaliczny FOREST zielony,New,123000 PLN,PLN,"{""addr1"": ""UL MELGIEWSKA 10"", ""city"": ""LUBLIN"", ""region"": ""LUBELSKIE"", ""country"": ""PL"", ""postal_code"": ""20-209""}",51.24833,22.60831,LEASE,1023 PLN,per month,Hybrid,Automatic,FWD
244191,Nowy Avenger 85Th Anniversary · od 1243 PLN/mies.,Jeep Nowy Avenger 85Th Anniversary · Rata od 1243 PLN netto/mies. · Leasing B2B · LUBLIN · Sprawdź ofertę!,https://salon.jeep.pl/oferta/244191,https://cdn.fcapoland.pl/uploads/57/244191/8ae6b2eea2eeb47d2f0cee96b98958ab.jpg,Jeep,Nowy Avenger,2026,0,KM,SUV,Lakier metaliczny FOREST zielony + czarny dach VOLCANO,New,142000 PLN,PLN,"{""addr1"": ""UL MELGIEWSKA 10"", ""city"": ""LUBLIN"", ""region"": ""LUBELSKIE"", ""country"": ""PL"", ""postal_code"": ""20-209""}",51.24833,22.60831,LEASE,1243 PLN,per month,Hybrid,Automatic,FWD
244190,Nowy Avenger Overland · od 1212 PLN/mies.,Jeep Nowy Avenger Overland · Rata od 1212 PLN netto/mies. · Leasing B2B · LUBLIN · Sprawdź ofertę!,https://salon.jeep.pl/oferta/244190,https://cdn.fcapoland.pl/uploads/57/244190/72594bfc786c0f1ace4add18b2ed20a4.jpg,Jeep,Nowy Avenger,2026,0,KM,SUV,Lakier pastelowy BAMBOO  zielony + czarny dach VOLCANO,New,140000 PLN,PLN,"{""addr1"": ""UL MELGIEWSKA 10"", ""city"": ""LUBLIN"", ""region"": ""LUBELSKIE"", ""country"": ""PL"", ""postal_code"": ""20-209""}",51.24833,22.60831,LEASE,1212 PLN,per month,Hybrid,Automatic,FWD
244189,Nowy Avenger 85Th Anniversary · od 1177 PLN/mies.,Jeep Nowy Avenger 85Th Anniversary · Rata od 1177 PLN netto/mies. · Leasing B2B · LUBLIN · Sprawdź ofertę!,https://salon.jeep.pl/oferta/244189,https://cdn.fcapoland.pl/uploads/57/244189/5e92c9b0874ff9a2ec51b1c07d3c4cd4.jpg,Jeep,Nowy Avenger,2026,0,KM,SUV,Lakier pastelowy SNOW biały + czarny dach VOLCANO,New,140000 PLN,PLN,"{""addr1"": ""UL MELGIEWSKA 10"", ""city"": ""LUBLIN"", ""region"": ""LUBELSKIE"", ""country"": ""PL"", ""postal_code"": ""20-209""}",51.24833,22.60831,LEASE,1177 PLN,per month,Hybrid,Automatic,FWD
244188,Nowy Avenger 85Th Anniversary · od 1243 PLN/mies.,Jeep Nowy Avenger 85Th Anniversary · Rata od 1243 PLN netto/mies. · Leasing B2B · LUBLIN · Sprawdź ofertę!,https://salon.jeep.pl/oferta/244188,https://cdn.fcapoland.pl/uploads/57/244188/a55b2e3f8a92d4950cb945d174a2c50f.jpg,Jeep,Nowy Avenger,2026,0,KM,SUV,Lakier metaliczny FOREST zielony + czarny dach VOLCANO,New,142000 PLN,PLN,"{""addr1"": ""UL MELGIEWSKA 10"", ""city"": ""LUBLIN"", ""region"": ""LUBELSKIE"", ""country"": ""PL"", ""postal_code"": ""20-209""}",51.24833,22.60831,LEASE,1243 PLN,per month,Hybrid,Automatic,FWD
244114,Nowy Compass e-Hybrid Summit · od 1452 PLN/mies.,Jeep Nowy Compass e-Hybrid Summit · Rata od 1452 PLN netto/mies. · Leasing B2B · BIELSKO-BIAŁA · Sprawdź ofertę!,https://salon.jeep.pl/oferta/244114,https://cdn.fcapoland.pl/uploads/57/244114/1_render.jpg,Jeep,Nowy Compass e-Hybrid,2026,0,KM,SUV,Szary Yosemite,New,160800 PLN,PLN,"{""addr1"": ""UL. WARSZAWSKA 158"", ""city"": ""BIELSKO-BIAŁA"", ""region"": ""ŚLĄSKIE"", ""country"": ""PL"", ""postal_code"": ""43-300""}",49.84307,19.03564,LEASE,1452 PLN,per month,Hybrid,Automatic,FWD
244097,Nowy Avenger 85Th Anniversary · od 1084 PLN/mies.,Jeep Nowy Avenger 85Th Anniversary · Rata od 1084 PLN netto/mies. · Leasing B2B · KATOWICE · Sprawdź ofertę!,https://salon.jeep.pl/oferta/244097,https://cdn.fcapoland.pl/uploads/57/244097/bc5a856373271174fbecc144e1366e46.jpg,Jeep,Nowy Avenger,2026,0,KM,SUV,Lakier metaliczny GRANITE szary + czarny dach VOLCANO,New,128740 PLN,PLN,"{""addr1"": ""UL. KOSCIUSZKI 261"", ""city"": ""KATOWICE"", ""region"": ""ŚLĄSKIE"", ""country"": ""PL"", ""postal_code"": ""40-690""}",50.209822,18.965429,LEASE,1084 PLN,per month,Hybrid,Automatic,FWD
244095,Nowy Avenger 85Th Anniversary · od 1079 PLN/mies.,Jeep Nowy Avenger 85Th Anniversary · Rata od 1079 PLN netto/mies. · Leasing B2B · STAROWA GORA · Sprawdź ofertę!,https://salon.jeep.pl/oferta/244095,https://cdn.fcapoland.pl/uploads/57/244095/86e56cda0c7066d0ffd672a0fcfa200c.jpg,Jeep,Nowy Avenger,2026,0,KM,SUV,Lakier metaliczny GRANITE szary + czarny dach VOLCANO,New,128900 PLN,PLN,"{""addr1"": ""UL. GRANICZNA 2"", ""city"": ""STAROWA GORA"", ""region"": ""ŁÓDZKIE"", ""country"": ""PL"", ""postal_code"": ""95-030""}",51.686346,19.477061,LEASE,1079 PLN,per month,Hybrid,Automatic,FWD
244041,Avenger The North Face · od 894 PLN/mies.,Jeep Avenger The North Face · Rata od 894 PLN netto/mies. · Leasing B2B · WROCLAW · Sprawdź ofertę!,https://salon.jeep.pl/oferta/244041,https://cdn.fcapoland.pl/uploads/57/244041/578c57dcabab9b017cb72862657ab4a4.jpg,Jeep,Avenger,2026,0,KM,SUV,Lakier pastelowy STORM szary + czarny dach VOLCANO,New,132132 PLN,PLN,"{""addr1"": ""UL. KARKONOSKA 45"", ""city"": ""WROCLAW"", ""region"": ""DOLNOŚLĄSKIE"", ""country"": ""PL"", ""postal_code"": ""53-015""}",51.063771,17.000116,LEASE,894 PLN,per month,Hybrid,Automatic,FWD
243999,Nowy Avenger 85Th Anniversary · od 989 PLN/mies.,Jeep Nowy Avenger 85Th Anniversary · Rata od 989 PLN netto/mies. · Leasing B2B · NOWY TARG · Sprawdź ofertę!,https://salon.jeep.pl/oferta/243999,https://cdn.fcapoland.pl/uploads/57/243999/08072d1d1dfd71924c648f1313717bd6.jpg,Jeep,Nowy Avenger,2026,0,KM,SUV,Lakier metaliczny GRANITE szary + czarny dach VOLCANO,New,125900 PLN,PLN,"{""addr1"": ""UL. KRAKOWSKA 3"", ""city"": ""NOWY TARG"", ""region"": ""MAŁOPOLSKIE"", ""country"": ""PL"", ""postal_code"": ""34-400""}",49.45445,20.01966,LEASE,989 PLN,per month,Hybrid,Automatic,FWD
243948,Nowy Compass e-Hybrid Summit · od 1433 PLN/mies.,Jeep Nowy Compass e-Hybrid Summit · Rata od 1433 PLN netto/mies. · Leasing B2B · GDANSK · Sprawdź ofertę!,https://salon.jeep.pl/oferta/243948,https://cdn.fcapoland.pl/uploads/57/243948/c17267a603c87b96b466f5518eb9d5b1.jpg,Jeep,Nowy Compass e-Hybrid,2026,0,KM,SUV,Czarny Vulcano,New,164950 PLN,PLN,"{""addr1"": ""UL. POTOKOWA 15AC"", ""city"": ""GDANSK"", ""region"": ""POMORSKIE"", ""country"": ""PL"", ""postal_code"": ""80-283""}",54.368945,18.570911,LEASE,1433 PLN,per month,Hybrid,Automatic,FWD
243944,Nowy Compass e-Hybrid Summit · od 1452 PLN/mies.,Jeep Nowy Compass e-Hybrid Summit · Rata od 1452 PLN netto/mies. · Leasing B2B · BIELSKO-BIAŁA · Sprawdź ofertę!,https://salon.jeep.pl/oferta/243944,https://cdn.fcapoland.pl/uploads/57/243944/1_render.jpg,Jeep,Nowy Compass e-Hybrid,2026,0,KM,SUV,Szary Yosemite,New,160800 PLN,PLN,"{""addr1"": ""UL. WARSZAWSKA 158"", ""city"": ""BIELSKO-BIAŁA"", ""region"": ""ŚLĄSKIE"", ""country"": ""PL"", ""postal_code"": ""43-300""}",49.84307,19.03564,LEASE,1452 PLN,per month,Hybrid,Automatic,FWD
243943,Nowy Compass e-Hybrid Summit · od 1452 PLN/mies.,Jeep Nowy Compass e-Hybrid Summit · Rata od 1452 PLN netto/mies. · Leasing B2B · BIELSKO-BIAŁA · Sprawdź ofertę!,https://salon.jeep.pl/oferta/243943,https://cdn.fcapoland.pl/uploads/57/243943/1_render.jpg,Jeep,Nowy Compass e-Hybrid,2026,0,KM,SUV,Czarny Vulcano,New,160800 PLN,PLN,"{""addr1"": ""UL. WARSZAWSKA 158"", ""city"": ""BIELSKO-BIAŁA"", ""region"": ""ŚLĄSKIE"", ""country"": ""PL"", ""postal_code"": ""43-300""}",49.84307,19.03564,LEASE,1452 PLN,per month,Hybrid,Automatic,FWD
243907,Nowy Avenger Longitude · od 751 PLN/mies.,Jeep Nowy Avenger Longitude · Rata od 751 PLN netto/mies. · Leasing B2B · BIELSKO-BIAŁA · Sprawdź ofertę!,https://salon.jeep.pl/oferta/243907,https://cdn.fcapoland.pl/uploads/57/243907/1_render.jpg,Jeep,Nowy Avenger,2026,0,KM,SUV,Lakier pastelowy STORM szary,New,92000 PLN,PLN,"{""addr1"": ""UL. WARSZAWSKA 158"", ""city"": ""BIELSKO-BIAŁA"", ""region"": ""ŚLĄSKIE"", ""country"": ""PL"", ""postal_code"": ""43-300""}",49.84307,19.03564,LEASE,751 PLN,per month,Gasoline,Manual,FWD
243890,Avenger The North Face · od 785 PLN/mies.,Jeep Avenger The North Face · Rata od 785 PLN netto/mies. · Leasing B2B · NOWY TARG · Sprawdź ofertę!,https://salon.jeep.pl/oferta/243890,https://cdn.fcapoland.pl/uploads/57/243890/8ffb0de68e116e5dbafd83174e56868b.jpg,Jeep,Avenger,2026,0,KM,SUV,Lakier pastelowy SNOW biały + czarny dach VOLCANO,New,131738 PLN,PLN,"{""addr1"": ""UL. KRAKOWSKA 3"", ""city"": ""NOWY TARG"", ""region"": ""MAŁOPOLSKIE"", ""country"": ""PL"", ""postal_code"": ""34-400""}",49.45445,20.01966,LEASE,785 PLN,per month,Hybrid,Automatic,FWD
243889,Avenger The North Face · od 1089 PLN/mies.,Jeep Avenger The North Face · Rata od 1089 PLN netto/mies. · Leasing B2B · FALENTY · Sprawdź ofertę!,https://salon.jeep.pl/oferta/243889,https://cdn.fcapoland.pl/uploads/57/243889/1_render.jpg,Jeep,Avenger,2026,0,KM,SUV,Lakier pastelowy VOLCANO czarny,New,136490 PLN,PLN,"{""addr1"": ""AL. KRAKOWSKA 8"", ""city"": ""FALENTY"", ""region"": ""MAZOWIECKIE"", ""country"": ""PL"", ""postal_code"": ""05-090""}",52.14247,20.9035,LEASE,1089 PLN,per month,Hybrid,Automatic,FWD
243846,Avenger The North Face · od 753 PLN/mies.,Jeep Avenger The North Face · Rata od 753 PLN netto/mies. · Leasing B2B · NOWY TARG · Sprawdź ofertę!,https://salon.jeep.pl/oferta/243846,https://cdn.fcapoland.pl/uploads/57/243846/2dd85a55ffd96f95ff85bb4265450dc6.jpg,Jeep,Avenger,2026,0,KM,SUV,Lakier pastelowy STORM szary,New,126375 PLN,PLN,"{""addr1"": ""UL. KRAKOWSKA 3"", ""city"": ""NOWY TARG"", ""region"": ""MAŁOPOLSKIE"", ""country"": ""PL"", ""postal_code"": ""34-400""}",49.45445,20.01966,LEASE,753 PLN,per month,Hybrid,Automatic,FWD
243845,Avenger The North Face · od 785 PLN/mies.,Jeep Avenger The North Face · Rata od 785 PLN netto/mies. · Leasing B2B · NOWY TARG · Sprawdź ofertę!,https://salon.jeep.pl/oferta/243845,https://cdn.fcapoland.pl/uploads/57/243845/1af0ded8d0b5658686b083649e0d97b0.jpg,Jeep,Avenger,2026,0,KM,SUV,Lakier pastelowy SNOW biały + czarny dach VOLCANO,New,131738 PLN,PLN,"{""addr1"": ""UL. KRAKOWSKA 3"", ""city"": ""NOWY TARG"", ""region"": ""MAŁOPOLSKIE"", ""country"": ""PL"", ""postal_code"": ""34-400""}",49.45445,20.01966,LEASE,785 PLN,per month,Hybrid,Automatic,FWD
243844,Avenger The North Face · od 785 PLN/mies.,Jeep Avenger The North Face · Rata od 785 PLN netto/mies. · Leasing B2B · NOWY TARG · Sprawdź ofertę!,https://salon.jeep.pl/oferta/243844,https://cdn.fcapoland.pl/uploads/57/243844/ffa1de5eafa9bef4e21b63402b60f33f.jpg,Jeep,Avenger,2026,0,KM,SUV,Lakier pastelowy SNOW biały + czarny dach VOLCANO,New,131738 PLN,PLN,"{""addr1"": ""UL. KRAKOWSKA 3"", ""city"": ""NOWY TARG"", ""region"": ""MAŁOPOLSKIE"", ""country"": ""PL"", ""postal_code"": ""34-400""}",49.45445,20.01966,LEASE,785 PLN,per month,Hybrid,Automatic,FWD
243824,Nowy Compass e-Hybrid First Edition · od 1217 PLN/mies.,Jeep Nowy Compass e-Hybrid First Edition · Rata od 1217 PLN netto/mies. · Leasing B2B · GLIWICE · Sprawdź ofertę!,https://salon.jeep.pl/oferta/243824,https://cdn.fcapoland.pl/uploads/57/243824/3520ec7e0219963fd8b4bfd5e56fa4dc.jpg,Jeep,Nowy Compass e-Hybrid,2026,0,KM,SUV,Czarny Vulcano,New,162826 PLN,PLN,"{""addr1"": ""UL. PSZCZYNSKA 306"", ""city"": ""GLIWICE"", ""region"": ""ŚLĄSKIE"", ""country"": ""PL"", ""postal_code"": ""44-100""}",50.269497,18.708107,LEASE,1217 PLN,per month,Hybrid,Automatic,FWD
243821,Nowy Compass e-Hybrid Summit · od 1352 PLN/mies.,Jeep Nowy Compass e-Hybrid Summit · Rata od 1352 PLN netto/mies. · Leasing B2B · GDANSK · Sprawdź ofertę!,https://salon.jeep.pl/oferta/243821,https://cdn.fcapoland.pl/uploads/57/243821/610ffc439109392fd8dd1f5d111b8799.jpg,Jeep,Nowy Compass e-Hybrid,2026,0,KM,SUV,Niebieski Pacific,New,157750 PLN,PLN,"{""addr1"": ""UL. POTOKOWA 15AC"", ""city"": ""GDANSK"", ""region"": ""POMORSKIE"", ""country"": ""PL"", ""postal_code"": ""80-283""}",54.368945,18.570911,LEASE,1352 PLN,per month,Hybrid,Automatic,FWD
243789,Avenger The North Face · od 753 PLN/mies.,Jeep Avenger The North Face · Rata od 753 PLN netto/mies. · Leasing B2B · NOWY TARG · Sprawdź ofertę!,https://salon.jeep.pl/oferta/243789,https://cdn.fcapoland.pl/uploads/57/243789/2eac2f322e22fa1eefa54f0bf143ee66.jpg,Jeep,Avenger,2026,0,KM,SUV,Lakier pastelowy STORM szary,New,126375 PLN,PLN,"{""addr1"": ""UL. KRAKOWSKA 3"", ""city"": ""NOWY TARG"", ""region"": ""MAŁOPOLSKIE"", ""country"": ""PL"", ""postal_code"": ""34-400""}",49.45445,20.01966,LEASE,753 PLN,per month,Hybrid,Automatic,FWD
243788,Avenger The North Face · od 753 PLN/mies.,Jeep Avenger The North Face · Rata od 753 PLN netto/mies. · Leasing B2B · NOWY TARG · Sprawdź ofertę!,https://salon.jeep.pl/oferta/243788,https://cdn.fcapoland.pl/uploads/57/243788/7bf1a51c403a8c5f63f397f0e4e44fe9.jpg,Jeep,Avenger,2026,0,KM,SUV,Lakier pastelowy STORM szary,New,126375 PLN,PLN,"{""addr1"": ""UL. KRAKOWSKA 3"", ""city"": ""NOWY TARG"", ""region"": ""MAŁOPOLSKIE"", ""country"": ""PL"", ""postal_code"": ""34-400""}",49.45445,20.01966,LEASE,753 PLN,per month,Hybrid,Automatic,FWD
243787,Avenger The North Face · od 879 PLN/mies.,Jeep Avenger The North Face · Rata od 879 PLN netto/mies. · Leasing B2B · RZESZOW · Sprawdź ofertę!,https://salon.jeep.pl/oferta/243787,https://cdn.fcapoland.pl/uploads/57/243787/b8324bd745f4e615d562b32603869d4b.jpg,Jeep,Avenger,2026,0,KM,SUV,Lakier pastelowy STORM szary + czarny dach VOLCANO,New,131900 PLN,PLN,"{""addr1"": ""UL. WARSZAWSKA 135"", ""city"": ""RZESZOW"", ""region"": ""PODKARPACKIE"", ""country"": ""PL"", ""postal_code"": ""35-205""}",50.081623,21.984324,LEASE,879 PLN,per month,Hybrid,Automatic,FWD
243786,Avenger The North Face · od 879 PLN/mies.,Jeep Avenger The North Face · Rata od 879 PLN netto/mies. · Leasing B2B · RZESZOW · Sprawdź ofertę!,https://salon.jeep.pl/oferta/243786,https://cdn.fcapoland.pl/uploads/57/243786/bef97ff6c41fcecee0a1851690b823e1.jpg,Jeep,Avenger,2026,0,KM,SUV,Lakier pastelowy STORM szary + czarny dach VOLCANO,New,131900 PLN,PLN,"{""addr1"": ""UL. WARSZAWSKA 135"", ""city"": ""RZESZOW"", ""region"": ""PODKARPACKIE"", ""country"": ""PL"", ""postal_code"": ""35-205""}",50.081623,21.984324,LEASE,879 PLN,per month,Hybrid,Automatic,FWD
243785,Avenger The North Face · od 753 PLN/mies.,Jeep Avenger The North Face · Rata od 753 PLN netto/mies. · Leasing B2B · NOWY TARG · Sprawdź ofertę!,https://salon.jeep.pl/oferta/243785,https://cdn.fcapoland.pl/uploads/57/243785/02ce4abed105b2102f7aa752de9b43f3.jpg,Jeep,Avenger,2026,0,KM,SUV,Lakier pastelowy STORM szary,New,126375 PLN,PLN,"{""addr1"": ""UL. KRAKOWSKA 3"", ""city"": ""NOWY TARG"", ""region"": ""MAŁOPOLSKIE"", ""country"": ""PL"", ""postal_code"": ""34-400""}",49.45445,20.01966,LEASE,753 PLN,per month,Hybrid,Automatic,FWD
243709,Avenger The North Face · od 753 PLN/mies.,Jeep Avenger The North Face · Rata od 753 PLN netto/mies. · Leasing B2B · NOWY TARG · Sprawdź ofertę!,https://salon.jeep.pl/oferta/243709,https://cdn.fcapoland.pl/uploads/57/243709/c1fae14b8e9bdbda67a8e69a9b1e4cfa.jpg,Jeep,Avenger,2026,0,KM,SUV,Lakier pastelowy VOLCANO czarny,New,126375 PLN,PLN,"{""addr1"": ""UL. KRAKOWSKA 3"", ""city"": ""NOWY TARG"", ""region"": ""MAŁOPOLSKIE"", ""country"": ""PL"", ""postal_code"": ""34-400""}",49.45445,20.01966,LEASE,753 PLN,per month,Hybrid,Automatic,FWD
243708,Avenger The North Face · od 753 PLN/mies.,Jeep Avenger The North Face · Rata od 753 PLN netto/mies. · Leasing B2B · NOWY TARG · Sprawdź ofertę!,https://salon.jeep.pl/oferta/243708,https://cdn.fcapoland.pl/uploads/57/243708/f10ba5c34c40b8f7056c3a637c70eb83.jpg,Jeep,Avenger,2026,0,KM,SUV,Lakier pastelowy VOLCANO czarny,New,126375 PLN,PLN,"{""addr1"": ""UL. KRAKOWSKA 3"", ""city"": ""NOWY TARG"", ""region"": ""MAŁOPOLSKIE"", ""country"": ""PL"", ""postal_code"": ""34-400""}",49.45445,20.01966,LEASE,753 PLN,per month,Hybrid,Automatic,FWD
243692,Nowy Compass e-Hybrid Summit · od 1352 PLN/mies.,Jeep Nowy Compass e-Hybrid Summit · Rata od 1352 PLN netto/mies. · Leasing B2B · GDANSK · Sprawdź ofertę!,https://salon.jeep.pl/oferta/243692,https://cdn.fcapoland.pl/uploads/57/243692/68d22494799712c22e12df3797f878dd.jpg,Jeep,Nowy Compass e-Hybrid,2026,0,KM,SUV,Niebieski Pacific,New,157750 PLN,PLN,"{""addr1"": ""UL. POTOKOWA 15AC"", ""city"": ""GDANSK"", ""region"": ""POMORSKIE"", ""country"": ""PL"", ""postal_code"": ""80-283""}",54.368945,18.570911,LEASE,1352 PLN,per month,Hybrid,Automatic,FWD
243690,Nowy Compass e-Hybrid Summit · od 1545 PLN/mies.,Jeep Nowy Compass e-Hybrid Summit · Rata od 1545 PLN netto/mies. · Leasing B2B · GDANSK · Sprawdź ofertę!,https://salon.jeep.pl/oferta/243690,https://cdn.fcapoland.pl/uploads/57/243690/e83ff69e0833c568f0429b5352b240b6.jpg,Jeep,Nowy Compass e-Hybrid,2026,0,KM,SUV,Czarny Vulcano,New,168350 PLN,PLN,"{""addr1"": ""UL. POTOKOWA 15AC"", ""city"": ""GDANSK"", ""region"": ""POMORSKIE"", ""country"": ""PL"", ""postal_code"": ""80-283""}",54.368945,18.570911,LEASE,1545 PLN,per month,Hybrid,Automatic,FWD
243658,Nowy Avenger Summit · od 1058 PLN/mies.,Jeep Nowy Avenger Summit · Rata od 1058 PLN netto/mies. · Leasing B2B · WROCLAW · Sprawdź ofertę!,https://salon.jeep.pl/oferta/243658,https://cdn.fcapoland.pl/uploads/57/243658/1_render.jpg,Jeep,Nowy Avenger,2026,0,KM,SUV,Lakier pastelowy STORM szary,New,126739 PLN,PLN,"{""addr1"": ""UL. KARKONOSKA 45"", ""city"": ""WROCLAW"", ""region"": ""DOLNOŚLĄSKIE"", ""country"": ""PL"", ""postal_code"": ""53-015""}",51.063771,17.000116,LEASE,1058 PLN,per month,Hybrid,Automatic,FWD
243657,Nowy Avenger Summit · od 1466 PLN/mies.,Jeep Nowy Avenger Summit · Rata od 1466 PLN netto/mies. · Leasing B2B · BIELSKO-BIAŁA · Sprawdź ofertę!,https://salon.jeep.pl/oferta/243657,https://cdn.fcapoland.pl/uploads/57/243657/1_render.jpg,Jeep,Nowy Avenger,2026,0,KM,SUV,Lakier pastelowy BAMBOO zielony,New,139000 PLN,PLN,"{""addr1"": ""UL. WARSZAWSKA 158"", ""city"": ""BIELSKO-BIAŁA"", ""region"": ""ŚLĄSKIE"", ""country"": ""PL"", ""postal_code"": ""43-300""}",49.84307,19.03564,LEASE,1466 PLN,per month,Hybrid,Automatic,FWD
243655,Nowy Avenger Longitude · od 747 PLN/mies.,Jeep Nowy Avenger Longitude · Rata od 747 PLN netto/mies. · Leasing B2B · CZESTOCHOWA · Sprawdź ofertę!,https://salon.jeep.pl/oferta/243655,https://cdn.fcapoland.pl/uploads/57/243655/1_render.jpg,Jeep,Nowy Avenger,2026,0,KM,SUV,Lakier metaliczny GRANITE szary,New,93994 PLN,PLN,"{""addr1"": ""UL. BUGAJSKA 6/8"", ""city"": ""CZESTOCHOWA"", ""region"": ""ŚLĄSKIE"", ""country"": ""PL"", ""postal_code"": ""42-200""}",50.76732,19.16543,LEASE,747 PLN,per month,Gasoline,Manual,FWD
243654,Nowy Avenger Longitude · od 770 PLN/mies.,Jeep Nowy Avenger Longitude · Rata od 770 PLN netto/mies. · Leasing B2B · GLIWICE · Sprawdź ofertę!,https://salon.jeep.pl/oferta/243654,https://cdn.fcapoland.pl/uploads/57/243654/20dd6d7c4d0422857312db298d760f62.jpg,Jeep,Nowy Avenger,2026,0,KM,SUV,Lakier pastelowy BAMBOO zielony,New,94115 PLN,PLN,"{""addr1"": ""UL. PSZCZYNSKA 306"", ""city"": ""GLIWICE"", ""region"": ""ŚLĄSKIE"", ""country"": ""PL"", ""postal_code"": ""44-100""}",50.269497,18.708107,LEASE,770 PLN,per month,Gasoline,Manual,FWD
243589,Nowy Compass e-Hybrid Summit · od 1606 PLN/mies.,Jeep Nowy Compass e-Hybrid Summit · Rata od 1606 PLN netto/mies. · Leasing B2B · WARSZAWA · Sprawdź ofertę!,https://salon.jeep.pl/oferta/243589,https://cdn.fcapoland.pl/uploads/57/243589/1a2040d284fa306280facdeb6ca6ee92.jpg,Jeep,Nowy Compass e-Hybrid,2026,0,KM,SUV,Czarny Vulcano,New,177770 PLN,PLN,"{""addr1"": ""UL. OSTROBRAMSKA  34"", ""city"": ""WARSZAWA"", ""region"": ""MAZOWIECKIE"", ""country"": ""PL"", ""postal_code"": ""04-192""}",52.23318,21.12116,LEASE,1606 PLN,per month,Hybrid,Automatic,FWD
243583,Nowy Compass e-Hybrid Altitude · od 1110 PLN/mies.,Jeep Nowy Compass e-Hybrid Altitude · Rata od 1110 PLN netto/mies. · Leasing B2B · KATOWICE · Sprawdź ofertę!,https://salon.jeep.pl/oferta/243583,https://cdn.fcapoland.pl/uploads/57/243583/b986258b0716dd9a75e54e35dd87cf97.jpg,Jeep,Nowy Compass e-Hybrid,2026,0,KM,SUV,Brązowozielony Amazonia,New,141411 PLN,PLN,"{""addr1"": ""UL. KOSCIUSZKI 261"", ""city"": ""KATOWICE"", ""region"": ""ŚLĄSKIE"", ""country"": ""PL"", ""postal_code"": ""40-690""}",50.209822,18.965429,LEASE,1110 PLN,per month,Hybrid,Automatic,FWD
243578,Nowy Compass e-Hybrid Summit · od 1592 PLN/mies.,Jeep Nowy Compass e-Hybrid Summit · Rata od 1592 PLN netto/mies. · Leasing B2B · WARSZAWA · Sprawdź ofertę!,https://salon.jeep.pl/oferta/243578,https://cdn.fcapoland.pl/uploads/57/243578/4a0c7654b5014ce5029ec61b8bc400cf.jpg,Jeep,Nowy Compass e-Hybrid,2026,0,KM,SUV,Jasnozielony Hawai + czarny dach,New,178970 PLN,PLN,"{""addr1"": ""UL. OSTROBRAMSKA  34"", ""city"": ""WARSZAWA"", ""region"": ""MAZOWIECKIE"", ""country"": ""PL"", ""postal_code"": ""04-192""}",52.23318,21.12116,LEASE,1592 PLN,per month,Hybrid,Automatic,FWD
243554,Nowy Avenger Summit · od 1099 PLN/mies.,Jeep Nowy Avenger Summit · Rata od 1099 PLN netto/mies. · Leasing B2B · GDANSK · Sprawdź ofertę!,https://salon.jeep.pl/oferta/243554,https://cdn.fcapoland.pl/uploads/57/243554/7b91a5dbe438417174794f41890ed111.jpg,Jeep,Nowy Avenger,2026,0,KM,SUV,Lakier metaliczny GRANITE szary,New,127950 PLN,PLN,"{""addr1"": ""UL. POTOKOWA 15AC"", ""city"": ""GDANSK"", ""region"": ""POMORSKIE"", ""country"": ""PL"", ""postal_code"": ""80-283""}",54.368945,18.570911,LEASE,1099 PLN,per month,Hybrid,Automatic,FWD
243551,Nowy Avenger Summit · od 990 PLN/mies.,Jeep Nowy Avenger Summit · Rata od 990 PLN netto/mies. · Leasing B2B · CZESTOCHOWA · Sprawdź ofertę!,https://salon.jeep.pl/oferta/243551,https://cdn.fcapoland.pl/uploads/57/243551/1_render.jpg,Jeep,Nowy Avenger,2026,0,KM,SUV,Lakier pastelowy VOLCANO czarny,New,124471 PLN,PLN,"{""addr1"": ""UL. BUGAJSKA 6/8"", ""city"": ""CZESTOCHOWA"", ""region"": ""ŚLĄSKIE"", ""country"": ""PL"", ""postal_code"": ""42-200""}",50.76732,19.16543,LEASE,990 PLN,per month,Hybrid,Automatic,FWD
243550,Nowy Avenger Summit · od 924 PLN/mies.,Jeep Nowy Avenger Summit · Rata od 924 PLN netto/mies. · Leasing B2B · WROCLAW · Sprawdź ofertę!,https://salon.jeep.pl/oferta/243550,https://cdn.fcapoland.pl/uploads/57/243550/d77f9c0ec2045f3f6c0df967c50d35c3.jpg,Jeep,Nowy Avenger,2026,0,KM,SUV,Lakier pastelowy BAMBOO zielony,New,122700 PLN,PLN,"{""addr1"": ""UL. SZCZECINSKA 7"", ""city"": ""WROCLAW"", ""region"": ""DOLNOŚLĄSKIE"", ""country"": ""PL"", ""postal_code"": ""54-517""}",51.12985,16.93663,LEASE,924 PLN,per month,Hybrid,Automatic,FWD
243549,Nowy Avenger Summit · od 1046 PLN/mies.,Jeep Nowy Avenger Summit · Rata od 1046 PLN netto/mies. · Leasing B2B · OLSZTYN · Sprawdź ofertę!,https://salon.jeep.pl/oferta/243549,https://cdn.fcapoland.pl/uploads/57/243549/b4e8c0b99b3c8dbf5005eb18f63e9915.jpg,Jeep,Nowy Avenger,2026,0,KM,SUV,Lakier pastelowy BAMBOO zielony,New,126355 PLN,PLN,"{""addr1"": ""AL. OBRONCOW TOBRUKU 5"", ""city"": ""OLSZTYN"", ""region"": ""WARMIŃSKO-MAZURSKIE"", ""country"": ""PL"", ""postal_code"": ""10-092""}",53.764244,20.481829,LEASE,1046 PLN,per month,Hybrid,Automatic,FWD
243547,Nowy Avenger Summit · od 1040 PLN/mies.,Jeep Nowy Avenger Summit · Rata od 1040 PLN netto/mies. · Leasing B2B · KRAKOW · Sprawdź ofertę!,https://salon.jeep.pl/oferta/243547,https://cdn.fcapoland.pl/uploads/57/243547/1_render.jpg,Jeep,Nowy Avenger,2026,0,KM,SUV,Lakier pastelowy BAMBOO zielony,New,126500 PLN,PLN,"{""addr1"": ""UL. ARMII KRAJOWEJ 21"", ""city"": ""KRAKOW"", ""region"": ""MAŁOPOLSKIE"", ""country"": ""PL"", ""postal_code"": ""30-150""}",50.070766,19.893652,LEASE,1040 PLN,per month,Hybrid,Automatic,FWD
243545,Nowy Avenger Summit · od 1046 PLN/mies.,Jeep Nowy Avenger Summit · Rata od 1046 PLN netto/mies. · Leasing B2B · KATOWICE · Sprawdź ofertę!,https://salon.jeep.pl/oferta/243545,https://cdn.fcapoland.pl/uploads/57/243545/d49cba3be2920111bfec5a082b3bc4f7.jpg,Jeep,Nowy Avenger,2026,0,KM,SUV,Lakier pastelowy BAMBOO zielony,New,126355 PLN,PLN,"{""addr1"": ""UL. KOSCIUSZKI 261"", ""city"": ""KATOWICE"", ""region"": ""ŚLĄSKIE"", ""country"": ""PL"", ""postal_code"": ""40-690""}",50.209822,18.965429,LEASE,1046 PLN,per month,Hybrid,Automatic,FWD
243544,Nowy Avenger Summit · od 803 PLN/mies.,Jeep Nowy Avenger Summit · Rata od 803 PLN netto/mies. · Leasing B2B · GLIWICE · Sprawdź ofertę!,https://salon.jeep.pl/oferta/243544,https://cdn.fcapoland.pl/uploads/57/243544/719a1cc0d178a359c17a106ada6be475.jpg,Jeep,Nowy Avenger,2026,0,KM,SUV,Lakier metaliczny GRANITE szary,New,119042 PLN,PLN,"{""addr1"": ""UL. PSZCZYNSKA 306"", ""city"": ""GLIWICE"", ""region"": ""ŚLĄSKIE"", ""country"": ""PL"", ""postal_code"": ""44-100""}",50.269497,18.708107,LEASE,803 PLN,per month,Hybrid,Automatic,FWD
243543,Nowy Avenger Summit · od 1651 PLN/mies.,Jeep Nowy Avenger Summit · Rata od 1651 PLN netto/mies. · Leasing B2B · GRUDZIADZ · Sprawdź ofertę!,https://salon.jeep.pl/oferta/243543,https://cdn.fcapoland.pl/uploads/57/243543/ac4a595c835b4fae1160978d56bd96e3.jpg,Jeep,Nowy Avenger,2026,0,KM,SUV,Lakier pastelowy BAMBOO zielony,New,129400 PLN,PLN,"{""addr1"": ""UL. PADEREWSKIEGO 183A"", ""city"": ""GRUDZIADZ"", ""region"": ""KUJAWSKO-POMORSKIE"", ""country"": ""PL"", ""postal_code"": ""86-300""}",53.50599,18.82049,LEASE,1651 PLN,per month,Hybrid,Automatic,FWD
243424,Nowy Compass e-Hybrid Summit · od 1584 PLN/mies.,Jeep Nowy Compass e-Hybrid Summit · Rata od 1584 PLN netto/mies. · Leasing B2B · KATOWICE · Sprawdź ofertę!,https://salon.jeep.pl/oferta/243424,https://cdn.fcapoland.pl/uploads/57/243424/643d09734b5efbac2fb64a6070b5756e.jpg,Jeep,Nowy Compass e-Hybrid,2026,0,KM,SUV,Szary Yosemite + czarny dach,New,170443 PLN,PLN,"{""addr1"": ""UL. KOSCIUSZKI 261"", ""city"": ""KATOWICE"", ""region"": ""ŚLĄSKIE"", ""country"": ""PL"", ""postal_code"": ""40-690""}",50.209822,18.965429,LEASE,1584 PLN,per month,Hybrid,Automatic,FWD
243419,Nowy Compass e-Hybrid Altitude · od 993 PLN/mies.,Jeep Nowy Compass e-Hybrid Altitude · Rata od 993 PLN netto/mies. · Leasing B2B · KATOWICE · Sprawdź ofertę!,https://salon.jeep.pl/oferta/243419,https://cdn.fcapoland.pl/uploads/57/243419/612d224a70bd7397f2d557afe452a7be.jpg,Jeep,Nowy Compass e-Hybrid,2026,0,KM,SUV,Szary Yosemite,New,137858 PLN,PLN,"{""addr1"": ""UL. KOSCIUSZKI 261"", ""city"": ""KATOWICE"", ""region"": ""ŚLĄSKIE"", ""country"": ""PL"", ""postal_code"": ""40-690""}",50.209822,18.965429,LEASE,993 PLN,per month,Hybrid,Automatic,FWD
243298,Avenger The North Face · od 894 PLN/mies.,Jeep Avenger The North Face · Rata od 894 PLN netto/mies. · Leasing B2B · WROCLAW · Sprawdź ofertę!,https://salon.jeep.pl/oferta/243298,https://cdn.fcapoland.pl/uploads/57/243298/c8a7e1bd36fcd807e0d4fa4541e62647.jpg,Jeep,Avenger,2026,0,KM,SUV,Lakier pastelowy VOLCANO czarny,New,132132 PLN,PLN,"{""addr1"": ""UL. KARKONOSKA 45"", ""city"": ""WROCLAW"", ""region"": ""DOLNOŚLĄSKIE"", ""country"": ""PL"", ""postal_code"": ""53-015""}",51.063771,17.000116,LEASE,894 PLN,per month,Hybrid,Automatic,FWD
243288,Nowy Compass e-Hybrid Summit · od 1456 PLN/mies.,Jeep Nowy Compass e-Hybrid Summit · Rata od 1456 PLN netto/mies. · Leasing B2B · BIELSKO-BIAŁA · Sprawdź ofertę!,https://salon.jeep.pl/oferta/243288,https://cdn.fcapoland.pl/uploads/57/243288/85b3facb9fda2af308aeef5bf4b6f8ce.jpg,Jeep,Nowy Compass e-Hybrid,2026,0,KM,SUV,Brązowozielony Amazonia,New,160900 PLN,PLN,"{""addr1"": ""UL. WARSZAWSKA 158"", ""city"": ""BIELSKO-BIAŁA"", ""region"": ""ŚLĄSKIE"", ""country"": ""PL"", ""postal_code"": ""43-300""}",49.84307,19.03564,LEASE,1456 PLN,per month,Hybrid,Automatic,FWD
243287,Nowy Compass e-Hybrid Summit · od 1456 PLN/mies.,Jeep Nowy Compass e-Hybrid Summit · Rata od 1456 PLN netto/mies. · Leasing B2B · BIELSKO-BIAŁA · Sprawdź ofertę!,https://salon.jeep.pl/oferta/243287,https://cdn.fcapoland.pl/uploads/57/243287/19f50de48f66b85c4b3ab5065328e8e4.jpg,Jeep,Nowy Compass e-Hybrid,2026,0,KM,SUV,Brązowozielony Amazonia,New,160900 PLN,PLN,"{""addr1"": ""UL. WARSZAWSKA 158"", ""city"": ""BIELSKO-BIAŁA"", ""region"": ""ŚLĄSKIE"", ""country"": ""PL"", ""postal_code"": ""43-300""}",49.84307,19.03564,LEASE,1456 PLN,per month,Hybrid,Automatic,FWD
243283,Nowy Compass e-Hybrid Altitude · od 1139 PLN/mies.,Jeep Nowy Compass e-Hybrid Altitude · Rata od 1139 PLN netto/mies. · Leasing B2B · SZCZECIN · Sprawdź ofertę!,https://salon.jeep.pl/oferta/243283,https://cdn.fcapoland.pl/uploads/57/243283/e909ab0ed9c52d166194b56dc87912e5.jpg,Jeep,Nowy Compass e-Hybrid,2026,0,KM,SUV,Jasnozielony Hawai,New,139900 PLN,PLN,"{""addr1"": ""USTOWO 57"", ""city"": ""SZCZECIN"", ""region"": ""ZACHODNIOPOMORSKIE"", ""country"": ""PL"", ""postal_code"": ""71-001""}",53.38756,14.498444,LEASE,1139 PLN,per month,Hybrid,Automatic,FWD
243280,Nowy Compass e-Hybrid Summit · od 1317 PLN/mies.,Jeep Nowy Compass e-Hybrid Summit · Rata od 1317 PLN netto/mies. · Leasing B2B · LUBLIN · Sprawdź ofertę!,https://salon.jeep.pl/oferta/243280,https://cdn.fcapoland.pl/uploads/57/243280/b21714f8a3c64167f82a899c4fd1c4c1.jpg,Jeep,Nowy Compass e-Hybrid,2026,0,KM,SUV,Szary Yosemite,New,156000 PLN,PLN,"{""addr1"": ""UL MELGIEWSKA 10"", ""city"": ""LUBLIN"", ""region"": ""LUBELSKIE"", ""country"": ""PL"", ""postal_code"": ""20-209""}",51.24833,22.60831,LEASE,1317 PLN,per month,Hybrid,Automatic,FWD
243279,Nowy Compass e-Hybrid Summit · od 1317 PLN/mies.,Jeep Nowy Compass e-Hybrid Summit · Rata od 1317 PLN netto/mies. · Leasing B2B · LUBLIN · Sprawdź ofertę!,https://salon.jeep.pl/oferta/243279,https://cdn.fcapoland.pl/uploads/57/243279/53cf11cc75aa1ea04e273d4dc0564874.jpg,Jeep,Nowy Compass e-Hybrid,2026,0,KM,SUV,Brązowozielony Amazonia,New,156000 PLN,PLN,"{""addr1"": ""UL MELGIEWSKA 10"", ""city"": ""LUBLIN"", ""region"": ""LUBELSKIE"", ""country"": ""PL"", ""postal_code"": ""20-209""}",51.24833,22.60831,LEASE,1317 PLN,per month,Hybrid,Automatic,FWD
243278,Nowy Compass e-Hybrid Summit · od 1468 PLN/mies.,Jeep Nowy Compass e-Hybrid Summit · Rata od 1468 PLN netto/mies. · Leasing B2B · KATOWICE · Sprawdź ofertę!,https://salon.jeep.pl/oferta/243278,https://cdn.fcapoland.pl/uploads/57/243278/c551b462d72cd601eff47f7a49ee9467.jpg,Jeep,Nowy Compass e-Hybrid,2026,0,KM,SUV,Biały Antarctica,New,157794 PLN,PLN,"{""addr1"": ""UL. KOSCIUSZKI 261"", ""city"": ""KATOWICE"", ""region"": ""ŚLĄSKIE"", ""country"": ""PL"", ""postal_code"": ""40-690""}",50.209822,18.965429,LEASE,1468 PLN,per month,Hybrid,Automatic,FWD
243277,Nowy Compass e-Hybrid Summit · od 1584 PLN/mies.,Jeep Nowy Compass e-Hybrid Summit · Rata od 1584 PLN netto/mies. · Leasing B2B · KATOWICE · Sprawdź ofertę!,https://salon.jeep.pl/oferta/243277,https://cdn.fcapoland.pl/uploads/57/243277/e990b43e6cf48365131a69d23d8bfa18.jpg,Jeep,Nowy Compass e-Hybrid,2026,0,KM,SUV,Brązowozielony Amazonia + czarny dach,New,170443 PLN,PLN,"{""addr1"": ""UL. KOSCIUSZKI 261"", ""city"": ""KATOWICE"", ""region"": ""ŚLĄSKIE"", ""country"": ""PL"", ""postal_code"": ""40-690""}",50.209822,18.965429,LEASE,1584 PLN,per month,Hybrid,Automatic,FWD
243234,Nowy Avenger 85Th Anniversary · od 1346 PLN/mies.,Jeep Nowy Avenger 85Th Anniversary · Rata od 1346 PLN netto/mies. · Leasing B2B · SLUPSK · Sprawdź ofertę!,https://salon.jeep.pl/oferta/243234,https://cdn.fcapoland.pl/uploads/57/243234/6328590e7357eec7e744f13c9520d742.jpg,Jeep,Nowy Avenger,2026,0,KM,SUV,Lakier pastelowy VOLCANO czarny,New,134895 PLN,PLN,"{""addr1"": ""UL. POZNANSKA 74"", ""city"": ""SLUPSK"", ""region"": ""POMORSKIE"", ""country"": ""PL"", ""postal_code"": ""76-200""}",54.45195,17.01667,LEASE,1346 PLN,per month,Hybrid,Automatic,FWD
243233,Nowy Avenger 85Th Anniversary · od 1019 PLN/mies.,Jeep Nowy Avenger 85Th Anniversary · Rata od 1019 PLN netto/mies. · Leasing B2B · WROCLAW · Sprawdź ofertę!,https://salon.jeep.pl/oferta/243233,https://cdn.fcapoland.pl/uploads/57/243233/25b1b40ebdac2b08af67305b0c5376ab.jpg,Jeep,Nowy Avenger,2026,0,KM,SUV,Lakier metaliczny FOREST zielony + czarny dach VOLCANO,New,129700 PLN,PLN,"{""addr1"": ""UL. SZCZECINSKA 7"", ""city"": ""WROCLAW"", ""region"": ""DOLNOŚLĄSKIE"", ""country"": ""PL"", ""postal_code"": ""54-517""}",51.12985,16.93663,LEASE,1019 PLN,per month,Hybrid,Automatic,FWD
243232,Nowy Avenger 85Th Anniversary · od 1082 PLN/mies.,Jeep Nowy Avenger 85Th Anniversary · Rata od 1082 PLN netto/mies. · Leasing B2B · CZESTOCHOWA · Sprawdź ofertę!,https://salon.jeep.pl/oferta/243232,https://cdn.fcapoland.pl/uploads/57/243232/1_render.jpg,Jeep,Nowy Avenger,2026,0,KM,SUV,Lakier metaliczny FOREST zielony + czarny dach VOLCANO,New,131600 PLN,PLN,"{""addr1"": ""UL. BUGAJSKA 6/8"", ""city"": ""CZESTOCHOWA"", ""region"": ""ŚLĄSKIE"", ""country"": ""PL"", ""postal_code"": ""42-200""}",50.76732,19.16543,LEASE,1082 PLN,per month,Hybrid,Automatic,FWD
243230,Nowy Avenger 85Th Anniversary · od 1029 PLN/mies.,Jeep Nowy Avenger 85Th Anniversary · Rata od 1029 PLN netto/mies. · Leasing B2B · LUBLIN · Sprawdź ofertę!,https://salon.jeep.pl/oferta/243230,https://cdn.fcapoland.pl/uploads/57/243230/e023624eebb793c2cadfa45a9b37e860.jpg,Jeep,Nowy Avenger,2026,0,KM,SUV,Lakier metaliczny FOREST zielony + czarny dach VOLCANO,New,130000 PLN,PLN,"{""addr1"": ""UL MELGIEWSKA 10"", ""city"": ""LUBLIN"", ""region"": ""LUBELSKIE"", ""country"": ""PL"", ""postal_code"": ""20-209""}",51.24833,22.60831,LEASE,1029 PLN,per month,Hybrid,Automatic,FWD
243193,Avenger The North Face · od 790 PLN/mies.,Jeep Avenger The North Face · Rata od 790 PLN netto/mies. · Leasing B2B · NOWY TARG · Sprawdź ofertę!,https://salon.jeep.pl/oferta/243193,https://cdn.fcapoland.pl/uploads/57/243193/b3db616c25101927de7e7c8ee6d38990.jpg,Jeep,Avenger,2026,0,KM,SUV,Lakier pastelowy STORM szary + czarny dach VOLCANO,New,129000 PLN,PLN,"{""addr1"": ""UL. KRAKOWSKA 3"", ""city"": ""NOWY TARG"", ""region"": ""MAŁOPOLSKIE"", ""country"": ""PL"", ""postal_code"": ""34-400""}",49.45445,20.01966,LEASE,790 PLN,per month,Hybrid,Automatic,FWD
243192,Avenger The North Face · od 790 PLN/mies.,Jeep Avenger The North Face · Rata od 790 PLN netto/mies. · Leasing B2B · NOWY TARG · Sprawdź ofertę!,https://salon.jeep.pl/oferta/243192,https://cdn.fcapoland.pl/uploads/57/243192/00b005512cda05a08eeb6b47976034af.jpg,Jeep,Avenger,2026,0,KM,SUV,Lakier pastelowy VOLCANO czarny,New,127500 PLN,PLN,"{""addr1"": ""UL. KRAKOWSKA 3"", ""city"": ""NOWY TARG"", ""region"": ""MAŁOPOLSKIE"", ""country"": ""PL"", ""postal_code"": ""34-400""}",49.45445,20.01966,LEASE,790 PLN,per month,Hybrid,Automatic,FWD
243191,Avenger The North Face · od 790 PLN/mies.,Jeep Avenger The North Face · Rata od 790 PLN netto/mies. · Leasing B2B · NOWY TARG · Sprawdź ofertę!,https://salon.jeep.pl/oferta/243191,https://cdn.fcapoland.pl/uploads/57/243191/98a4b87114a49ba7340505b648567871.jpg,Jeep,Avenger,2026,0,KM,SUV,Lakier pastelowy STORM szary + czarny dach VOLCANO,New,129000 PLN,PLN,"{""addr1"": ""UL. KRAKOWSKA 3"", ""city"": ""NOWY TARG"", ""region"": ""MAŁOPOLSKIE"", ""country"": ""PL"", ""postal_code"": ""34-400""}",49.45445,20.01966,LEASE,790 PLN,per month,Hybrid,Automatic,FWD
243189,Avenger The North Face · od 860 PLN/mies.,Jeep Avenger The North Face · Rata od 860 PLN netto/mies. · Leasing B2B · STAROWA GORA · Sprawdź ofertę!,https://salon.jeep.pl/oferta/243189,https://cdn.fcapoland.pl/uploads/57/243189/ed36216598278d61b871e4acea05c98f.jpg,Jeep,Avenger,2026,0,KM,SUV,Lakier pastelowy VOLCANO czarny,New,129900 PLN,PLN,"{""addr1"": ""UL. GRANICZNA 2"", ""city"": ""STAROWA GORA"", ""region"": ""ŁÓDZKIE"", ""country"": ""PL"", ""postal_code"": ""95-030""}",51.686346,19.477061,LEASE,860 PLN,per month,Hybrid,Automatic,FWD
243188,Avenger The North Face · od 876 PLN/mies.,Jeep Avenger The North Face · Rata od 876 PLN netto/mies. · Leasing B2B · STAROWA GORA · Sprawdź ofertę!,https://salon.jeep.pl/oferta/243188,https://cdn.fcapoland.pl/uploads/57/243188/5c13a35ca5efafd52a05f4f7a476e5f0.jpg,Jeep,Avenger,2026,0,KM,SUV,Lakier pastelowy STORM szary + czarny dach VOLCANO,New,131900 PLN,PLN,"{""addr1"": ""UL. GRANICZNA 2"", ""city"": ""STAROWA GORA"", ""region"": ""ŁÓDZKIE"", ""country"": ""PL"", ""postal_code"": ""95-030""}",51.686346,19.477061,LEASE,876 PLN,per month,Hybrid,Automatic,FWD
243187,Avenger The North Face · od 876 PLN/mies.,Jeep Avenger The North Face · Rata od 876 PLN netto/mies. · Leasing B2B · KRAKOW · Sprawdź ofertę!,https://salon.jeep.pl/oferta/243187,https://cdn.fcapoland.pl/uploads/57/243187/54840229484e95ca4ff44b202c1f9117.jpg,Jeep,Avenger,2026,0,KM,SUV,Lakier pastelowy STORM szary + czarny dach VOLCANO,New,131900 PLN,PLN,"{""addr1"": ""UL. ARMII KRAJOWEJ 21"", ""city"": ""KRAKOW"", ""region"": ""MAŁOPOLSKIE"", ""country"": ""PL"", ""postal_code"": ""30-150""}",50.070766,19.893652,LEASE,876 PLN,per month,Hybrid,Automatic,FWD
243186,Avenger The North Face · od 876 PLN/mies.,Jeep Avenger The North Face · Rata od 876 PLN netto/mies. · Leasing B2B · STAROWA GORA · Sprawdź ofertę!,https://salon.jeep.pl/oferta/243186,https://cdn.fcapoland.pl/uploads/57/243186/4ca57debc33ba7d74b56104bfd9b55d5.jpg,Jeep,Avenger,2026,0,KM,SUV,Lakier pastelowy STORM szary + czarny dach VOLCANO,New,131900 PLN,PLN,"{""addr1"": ""UL. GRANICZNA 2"", ""city"": ""STAROWA GORA"", ""region"": ""ŁÓDZKIE"", ""country"": ""PL"", ""postal_code"": ""95-030""}",51.686346,19.477061,LEASE,876 PLN,per month,Hybrid,Automatic,FWD
243185,Avenger The North Face · od 1287 PLN/mies.,Jeep Avenger The North Face · Rata od 1287 PLN netto/mies. · Leasing B2B · WARSZAWA · Sprawdź ofertę!,https://salon.jeep.pl/oferta/243185,https://cdn.fcapoland.pl/uploads/57/243185/00260e4e1a5790c854b21f06599df84a.jpg,Jeep,Avenger,2026,0,KM,SUV,Lakier pastelowy STORM szary + czarny dach VOLCANO,New,143970 PLN,PLN,"{""addr1"": ""UL. OSTROBRAMSKA  34"", ""city"": ""WARSZAWA"", ""region"": ""MAZOWIECKIE"", ""country"": ""PL"", ""postal_code"": ""04-192""}",52.23318,21.12116,LEASE,1287 PLN,per month,Hybrid,Automatic,FWD
243184,Avenger The North Face · od 860 PLN/mies.,Jeep Avenger The North Face · Rata od 860 PLN netto/mies. · Leasing B2B · STAROWA GORA · Sprawdź ofertę!,https://salon.jeep.pl/oferta/243184,https://cdn.fcapoland.pl/uploads/57/243184/d4b1a7e83ce89c53a20fd80cd4eb34f5.jpg,Jeep,Avenger,2026,0,KM,SUV,Lakier pastelowy STORM szary,New,129900 PLN,PLN,"{""addr1"": ""UL. GRANICZNA 2"", ""city"": ""STAROWA GORA"", ""region"": ""ŁÓDZKIE"", ""country"": ""PL"", ""postal_code"": ""95-030""}",51.686346,19.477061,LEASE,860 PLN,per month,Hybrid,Automatic,FWD
243183,Avenger The North Face · od 860 PLN/mies.,Jeep Avenger The North Face · Rata od 860 PLN netto/mies. · Leasing B2B · STAROWA GORA · Sprawdź ofertę!,https://salon.jeep.pl/oferta/243183,https://cdn.fcapoland.pl/uploads/57/243183/14d39584552d37e81b400a5606611c5e.jpg,Jeep,Avenger,2026,0,KM,SUV,Lakier pastelowy STORM szary,New,129900 PLN,PLN,"{""addr1"": ""UL. GRANICZNA 2"", ""city"": ""STAROWA GORA"", ""region"": ""ŁÓDZKIE"", ""country"": ""PL"", ""postal_code"": ""95-030""}",51.686346,19.477061,LEASE,860 PLN,per month,Hybrid,Automatic,FWD
243182,Avenger The North Face · od 860 PLN/mies.,Jeep Avenger The North Face · Rata od 860 PLN netto/mies. · Leasing B2B · KRAKOW · Sprawdź ofertę!,https://salon.jeep.pl/oferta/243182,https://cdn.fcapoland.pl/uploads/57/243182/432ac58e3e11663ba6f4eea42b6dd07d.jpg,Jeep,Avenger,2026,0,KM,SUV,Lakier pastelowy STORM szary,New,129900 PLN,PLN,"{""addr1"": ""UL. ARMII KRAJOWEJ 21"", ""city"": ""KRAKOW"", ""region"": ""MAŁOPOLSKIE"", ""country"": ""PL"", ""postal_code"": ""30-150""}",50.070766,19.893652,LEASE,860 PLN,per month,Hybrid,Automatic,FWD
243181,Avenger The North Face · od 860 PLN/mies.,Jeep Avenger The North Face · Rata od 860 PLN netto/mies. · Leasing B2B · KRAKOW · Sprawdź ofertę!,https://salon.jeep.pl/oferta/243181,https://cdn.fcapoland.pl/uploads/57/243181/408b7468f9d2f14d3665064a869a17a7.jpg,Jeep,Avenger,2026,0,KM,SUV,Lakier pastelowy VOLCANO czarny,New,129900 PLN,PLN,"{""addr1"": ""UL. ARMII KRAJOWEJ 21"", ""city"": ""KRAKOW"", ""region"": ""MAŁOPOLSKIE"", ""country"": ""PL"", ""postal_code"": ""30-150""}",50.070766,19.893652,LEASE,860 PLN,per month,Hybrid,Automatic,FWD
243180,Avenger The North Face · od 860 PLN/mies.,Jeep Avenger The North Face · Rata od 860 PLN netto/mies. · Leasing B2B · STAROWA GORA · Sprawdź ofertę!,https://salon.jeep.pl/oferta/243180,https://cdn.fcapoland.pl/uploads/57/243180/1bac0f7b433fdafeaabc5726cabb8726.jpg,Jeep,Avenger,2026,0,KM,SUV,Lakier pastelowy SNOW biały,New,129900 PLN,PLN,"{""addr1"": ""UL. GRANICZNA 2"", ""city"": ""STAROWA GORA"", ""region"": ""ŁÓDZKIE"", ""country"": ""PL"", ""postal_code"": ""95-030""}",51.686346,19.477061,LEASE,860 PLN,per month,Hybrid,Automatic,FWD
243172,Nowy Compass e-Hybrid Summit · od 1471 PLN/mies.,Jeep Nowy Compass e-Hybrid Summit · Rata od 1471 PLN netto/mies. · Leasing B2B · BIELSKO-BIAŁA · Sprawdź ofertę!,https://salon.jeep.pl/oferta/243172,https://cdn.fcapoland.pl/uploads/57/243172/6d021631043e12a8657c76efc4f70999.jpg,Jeep,Nowy Compass e-Hybrid,2026,0,KM,SUV,Biały Antarctica + czarny dach,New,162990 PLN,PLN,"{""addr1"": ""UL. WARSZAWSKA 158"", ""city"": ""BIELSKO-BIAŁA"", ""region"": ""ŚLĄSKIE"", ""country"": ""PL"", ""postal_code"": ""43-300""}",49.84307,19.03564,LEASE,1471 PLN,per month,Hybrid,Automatic,FWD
243171,Nowy Compass e-Hybrid Summit · od 1471 PLN/mies.,Jeep Nowy Compass e-Hybrid Summit · Rata od 1471 PLN netto/mies. · Leasing B2B · BIELSKO-BIAŁA · Sprawdź ofertę!,https://salon.jeep.pl/oferta/243171,https://cdn.fcapoland.pl/uploads/57/243171/9e9d0bc992c5eb81ae92bd779147f50d.jpg,Jeep,Nowy Compass e-Hybrid,2026,0,KM,SUV,Biały Antarctica + czarny dach,New,162990 PLN,PLN,"{""addr1"": ""UL. WARSZAWSKA 158"", ""city"": ""BIELSKO-BIAŁA"", ""region"": ""ŚLĄSKIE"", ""country"": ""PL"", ""postal_code"": ""43-300""}",49.84307,19.03564,LEASE,1471 PLN,per month,Hybrid,Automatic,FWD
243170,Nowy Compass e-Hybrid Summit · od 1471 PLN/mies.,Jeep Nowy Compass e-Hybrid Summit · Rata od 1471 PLN netto/mies. · Leasing B2B · BIELSKO-BIAŁA · Sprawdź ofertę!,https://salon.jeep.pl/oferta/243170,https://cdn.fcapoland.pl/uploads/57/243170/167ca518945a10a51e56a60670e76a3f.jpg,Jeep,Nowy Compass e-Hybrid,2026,0,KM,SUV,Jasnozielony Hawai + czarny dach,New,162990 PLN,PLN,"{""addr1"": ""UL. WARSZAWSKA 158"", ""city"": ""BIELSKO-BIAŁA"", ""region"": ""ŚLĄSKIE"", ""country"": ""PL"", ""postal_code"": ""43-300""}",49.84307,19.03564,LEASE,1471 PLN,per month,Hybrid,Automatic,FWD
243169,Nowy Compass e-Hybrid Summit · od 1471 PLN/mies.,Jeep Nowy Compass e-Hybrid Summit · Rata od 1471 PLN netto/mies. · Leasing B2B · BIELSKO-BIAŁA · Sprawdź ofertę!,https://salon.jeep.pl/oferta/243169,https://cdn.fcapoland.pl/uploads/57/243169/f4c35fd5e0ce3e81a07cf30f78b7d222.jpg,Jeep,Nowy Compass e-Hybrid,2026,0,KM,SUV,Jasnozielony Hawai + czarny dach,New,162990 PLN,PLN,"{""addr1"": ""UL. WARSZAWSKA 158"", ""city"": ""BIELSKO-BIAŁA"", ""region"": ""ŚLĄSKIE"", ""country"": ""PL"", ""postal_code"": ""43-300""}",49.84307,19.03564,LEASE,1471 PLN,per month,Hybrid,Automatic,FWD
243168,Nowy Compass e-Hybrid Summit · od 1455 PLN/mies.,Jeep Nowy Compass e-Hybrid Summit · Rata od 1455 PLN netto/mies. · Leasing B2B · BIELSKO-BIAŁA · Sprawdź ofertę!,https://salon.jeep.pl/oferta/243168,https://cdn.fcapoland.pl/uploads/57/243168/e7991b98da03661bd25c8acabe685e8e.jpg,Jeep,Nowy Compass e-Hybrid,2026,0,KM,SUV,Brązowozielony Amazonia,New,160890 PLN,PLN,"{""addr1"": ""UL. WARSZAWSKA 158"", ""city"": ""BIELSKO-BIAŁA"", ""region"": ""ŚLĄSKIE"", ""country"": ""PL"", ""postal_code"": ""43-300""}",49.84307,19.03564,LEASE,1455 PLN,per month,Hybrid,Automatic,FWD
243167,Nowy Compass e-Hybrid Summit · od 2109 PLN/mies.,Jeep Nowy Compass e-Hybrid Summit · Rata od 2109 PLN netto/mies. · Leasing B2B · BIELSKO-BIAŁA · Sprawdź ofertę!,https://salon.jeep.pl/oferta/243167,https://cdn.fcapoland.pl/uploads/57/243167/bdb8b329830dfa46e069805717f26f7e.jpg,Jeep,Nowy Compass e-Hybrid,2026,0,KM,SUV,Brązowozielony Amazonia,New,157000 PLN,PLN,"{""addr1"": ""UL. WARSZAWSKA 158"", ""city"": ""BIELSKO-BIAŁA"", ""region"": ""ŚLĄSKIE"", ""country"": ""PL"", ""postal_code"": ""43-300""}",49.84307,19.03564,LEASE,2109 PLN,per month,Hybrid,Automatic,FWD
243164,Nowy Compass e-Hybrid Summit · od 1592 PLN/mies.,Jeep Nowy Compass e-Hybrid Summit · Rata od 1592 PLN netto/mies. · Leasing B2B · WARSZAWA · Sprawdź ofertę!,https://salon.jeep.pl/oferta/243164,https://cdn.fcapoland.pl/uploads/57/243164/e78da7f43b9bd8bd480a47f3b27a56aa.jpg,Jeep,Nowy Compass e-Hybrid,2026,0,KM,SUV,Biały Antarctica + czarny dach,New,178970 PLN,PLN,"{""addr1"": ""UL. OSTROBRAMSKA  34"", ""city"": ""WARSZAWA"", ""region"": ""MAZOWIECKIE"", ""country"": ""PL"", ""postal_code"": ""04-192""}",52.23318,21.12116,LEASE,1592 PLN,per month,Hybrid,Automatic,FWD
243162,Nowy Compass e-Hybrid Summit · od 1632 PLN/mies.,Jeep Nowy Compass e-Hybrid Summit · Rata od 1632 PLN netto/mies. · Leasing B2B · WARSZAWA · Sprawdź ofertę!,https://salon.jeep.pl/oferta/243162,https://cdn.fcapoland.pl/uploads/57/243162/6b971ee84dd1e566c340d43cdba7a721.jpg,Jeep,Nowy Compass e-Hybrid,2026,0,KM,SUV,Niebieski Pacific + czarny dach,New,180870 PLN,PLN,"{""addr1"": ""UL. OSTROBRAMSKA  34"", ""city"": ""WARSZAWA"", ""region"": ""MAZOWIECKIE"", ""country"": ""PL"", ""postal_code"": ""04-192""}",52.23318,21.12116,LEASE,1632 PLN,per month,Hybrid,Automatic,FWD
243127,Nowy Avenger 85Th Anniversary · od 953 PLN/mies.,Jeep Nowy Avenger 85Th Anniversary · Rata od 953 PLN netto/mies. · Leasing B2B · GLIWICE · Sprawdź ofertę!,https://salon.jeep.pl/oferta/243127,https://cdn.fcapoland.pl/uploads/57/243127/5c90212456a4718c3684edb1ea8f58ed.jpg,Jeep,Nowy Avenger,2026,0,KM,SUV,Lakier metaliczny GRANITE szary,New,123300 PLN,PLN,"{""addr1"": ""UL. PSZCZYNSKA 306"", ""city"": ""GLIWICE"", ""region"": ""ŚLĄSKIE"", ""country"": ""PL"", ""postal_code"": ""44-100""}",50.269497,18.708107,LEASE,953 PLN,per month,Hybrid,Automatic,FWD
243125,Nowy Avenger 85Th Anniversary · od 1642 PLN/mies.,Jeep Nowy Avenger 85Th Anniversary · Rata od 1642 PLN netto/mies. · Leasing B2B · GRUDZIADZ · Sprawdź ofertę!,https://salon.jeep.pl/oferta/243125,https://cdn.fcapoland.pl/uploads/57/243125/63ac459180911de99f0e0506882b45bd.jpg,Jeep,Nowy Avenger,2026,0,KM,SUV,Lakier pastelowy VOLCANO czarny,New,128700 PLN,PLN,"{""addr1"": ""UL. PADEREWSKIEGO 183A"", ""city"": ""GRUDZIADZ"", ""region"": ""KUJAWSKO-POMORSKIE"", ""country"": ""PL"", ""postal_code"": ""86-300""}",53.50599,18.82049,LEASE,1642 PLN,per month,Hybrid,Automatic,FWD
243124,Nowy Avenger 85Th Anniversary · od 1116 PLN/mies.,Jeep Nowy Avenger 85Th Anniversary · Rata od 1116 PLN netto/mies. · Leasing B2B · WARSZAWA · Sprawdź ofertę!,https://salon.jeep.pl/oferta/243124,https://cdn.fcapoland.pl/uploads/57/243124/414746605630a5e8c1db397929f443ba.jpg,Jeep,Nowy Avenger,2026,0,KM,SUV,Lakier pastelowy VOLCANO czarny,New,127970 PLN,PLN,"{""addr1"": ""UL. OSTROBRAMSKA  34"", ""city"": ""WARSZAWA"", ""region"": ""MAZOWIECKIE"", ""country"": ""PL"", ""postal_code"": ""04-192""}",52.23318,21.12116,LEASE,1116 PLN,per month,Hybrid,Automatic,FWD
243090,Avenger The North Face · od 1152 PLN/mies.,Jeep Avenger The North Face · Rata od 1152 PLN netto/mies. · Leasing B2B · WROCLAW · Sprawdź ofertę!,https://salon.jeep.pl/oferta/243090,https://cdn.fcapoland.pl/uploads/57/243090/22a93302f9e288ea47728edc06026b36.jpg,Jeep,Avenger,2026,0,KM,SUV,Lakier pastelowy STORM szary + czarny dach VOLCANO,New,139900 PLN,PLN,"{""addr1"": ""UL. SZCZECINSKA 7"", ""city"": ""WROCLAW"", ""region"": ""DOLNOŚLĄSKIE"", ""country"": ""PL"", ""postal_code"": ""54-517""}",51.12985,16.93663,LEASE,1152 PLN,per month,Hybrid,Automatic,FWD
243089,Avenger The North Face · od 873 PLN/mies.,Jeep Avenger The North Face · Rata od 873 PLN netto/mies. · Leasing B2B · RZESZOW · Sprawdź ofertę!,https://salon.jeep.pl/oferta/243089,https://cdn.fcapoland.pl/uploads/57/243089/3e39ec10a28edccf1e4ecced7891eefe.jpg,Jeep,Avenger,2026,0,KM,SUV,Lakier pastelowy STORM szary + czarny dach VOLCANO,New,131500 PLN,PLN,"{""addr1"": ""UL. WARSZAWSKA 135"", ""city"": ""RZESZOW"", ""region"": ""PODKARPACKIE"", ""country"": ""PL"", ""postal_code"": ""35-205""}",50.081623,21.984324,LEASE,873 PLN,per month,Hybrid,Automatic,FWD
243088,Avenger The North Face · od 790 PLN/mies.,Jeep Avenger The North Face · Rata od 790 PLN netto/mies. · Leasing B2B · NOWY TARG · Sprawdź ofertę!,https://salon.jeep.pl/oferta/243088,https://cdn.fcapoland.pl/uploads/57/243088/32c7f2fd4a2bcd2ab254d9940a287cc7.jpg,Jeep,Avenger,2026,0,KM,SUV,Lakier pastelowy STORM szary + czarny dach VOLCANO,New,129000 PLN,PLN,"{""addr1"": ""UL. KRAKOWSKA 3"", ""city"": ""NOWY TARG"", ""region"": ""MAŁOPOLSKIE"", ""country"": ""PL"", ""postal_code"": ""34-400""}",49.45445,20.01966,LEASE,790 PLN,per month,Hybrid,Automatic,FWD
243087,Avenger The North Face · od 894 PLN/mies.,Jeep Avenger The North Face · Rata od 894 PLN netto/mies. · Leasing B2B · RYBNIK · Sprawdź ofertę!,https://salon.jeep.pl/oferta/243087,https://cdn.fcapoland.pl/uploads/57/243087/8b3baccbaa0923b7d19bc62d75be06fc.jpg,Jeep,Avenger,2026,0,KM,SUV,Lakier pastelowy STORM szary + czarny dach VOLCANO,New,132132 PLN,PLN,"{""addr1"": ""UL. ZORSKA 75"", ""city"": ""RYBNIK"", ""region"": ""ŚLĄSKIE"", ""country"": ""PL"", ""postal_code"": ""44-203""}",50.09212,18.57415,LEASE,894 PLN,per month,Hybrid,Automatic,FWD
243086,Avenger The North Face · od 873 PLN/mies.,Jeep Avenger The North Face · Rata od 873 PLN netto/mies. · Leasing B2B · RZESZOW · Sprawdź ofertę!,https://salon.jeep.pl/oferta/243086,https://cdn.fcapoland.pl/uploads/57/243086/e44fea5e7766572b0bf49ec7d0cfbbdf.jpg,Jeep,Avenger,2026,0,KM,SUV,Lakier pastelowy SNOW biały + czarny dach VOLCANO,New,131500 PLN,PLN,"{""addr1"": ""UL. WARSZAWSKA 135"", ""city"": ""RZESZOW"", ""region"": ""PODKARPACKIE"", ""country"": ""PL"", ""postal_code"": ""35-205""}",50.081623,21.984324,LEASE,873 PLN,per month,Hybrid,Automatic,FWD
243085,Avenger The North Face · od 876 PLN/mies.,Jeep Avenger The North Face · Rata od 876 PLN netto/mies. · Leasing B2B · KRAKOW · Sprawdź ofertę!,https://salon.jeep.pl/oferta/243085,https://cdn.fcapoland.pl/uploads/57/243085/8aaaa832f2df91e61791f8fd51fda136.jpg,Jeep,Avenger,2026,0,KM,SUV,Lakier pastelowy STORM szary + czarny dach VOLCANO,New,131900 PLN,PLN,"{""addr1"": ""UL. ARMII KRAJOWEJ 21"", ""city"": ""KRAKOW"", ""region"": ""MAŁOPOLSKIE"", ""country"": ""PL"", ""postal_code"": ""30-150""}",50.070766,19.893652,LEASE,876 PLN,per month,Hybrid,Automatic,FWD
243074,Nowy Compass e-Hybrid Plug-in Summit · od 2463 PLN/mies.,Jeep Nowy Compass e-Hybrid Plug-in Summit · Rata od 2463 PLN netto/mies. · Leasing B2B · WARSZAWA · Sprawdź ofertę!,https://salon.jeep.pl/oferta/243074,https://cdn.fcapoland.pl/uploads/57/243074/94d2e6aa063069fe506bc8a27d2f3716.jpg,Jeep,Nowy Compass e-Hybrid Plug-in,2026,0,KM,SUV,Jasnozielony Hawai + czarny dach,New,201287 PLN,PLN,"{""addr1"": ""UL. OSTROBRAMSKA  34"", ""city"": ""WARSZAWA"", ""region"": ""MAZOWIECKIE"", ""country"": ""PL"", ""postal_code"": ""04-192""}",52.23318,21.12116,LEASE,2463 PLN,per month,Hybrid,Automatic,FWD
243039,Nowy Avenger Longitude · od 760 PLN/mies.,Jeep Nowy Avenger Longitude · Rata od 760 PLN netto/mies. · Leasing B2B · WROCLAW · Sprawdź ofertę!,https://salon.jeep.pl/oferta/243039,https://cdn.fcapoland.pl/uploads/57/243039/5a56b8558764b06d5d6952340a62b8d3.jpg,Jeep,Nowy Avenger,2026,0,KM,SUV,Lakier pastelowy STORM szary,New,94400 PLN,PLN,"{""addr1"": ""UL. SZCZECINSKA 7"", ""city"": ""WROCLAW"", ""region"": ""DOLNOŚLĄSKIE"", ""country"": ""PL"", ""postal_code"": ""54-517""}",51.12985,16.93663,LEASE,760 PLN,per month,Gasoline,Manual,FWD
243006,Avenger The North Face · od 790 PLN/mies.,Jeep Avenger The North Face · Rata od 790 PLN netto/mies. · Leasing B2B · NOWY TARG · Sprawdź ofertę!,https://salon.jeep.pl/oferta/243006,https://cdn.fcapoland.pl/uploads/57/243006/2e7490f463dc872eb53d6383554f8a24.jpg,Jeep,Avenger,2026,0,KM,SUV,Lakier pastelowy VOLCANO czarny,New,127500 PLN,PLN,"{""addr1"": ""UL. KRAKOWSKA 3"", ""city"": ""NOWY TARG"", ""region"": ""MAŁOPOLSKIE"", ""country"": ""PL"", ""postal_code"": ""34-400""}",49.45445,20.01966,LEASE,790 PLN,per month,Hybrid,Automatic,FWD
242998,Nowy Compass e-Hybrid First Edition · od 1175 PLN/mies.,Jeep Nowy Compass e-Hybrid First Edition · Rata od 1175 PLN netto/mies. · Leasing B2B · GLIWICE · Sprawdź ofertę!,https://salon.jeep.pl/oferta/242998,https://cdn.fcapoland.pl/uploads/57/242998/2c1893f83900e5e3489eaf469a747992.jpg,Jeep,Nowy Compass e-Hybrid,2026,0,KM,SUV,Jasnozielony Hawai + czarny dach,New,149499 PLN,PLN,"{""addr1"": ""UL. PSZCZYNSKA 306"", ""city"": ""GLIWICE"", ""region"": ""ŚLĄSKIE"", ""country"": ""PL"", ""postal_code"": ""44-100""}",50.269497,18.708107,LEASE,1175 PLN,per month,Hybrid,Automatic,FWD
242992,Nowy Compass e-Hybrid Summit · od 1527 PLN/mies.,Jeep Nowy Compass e-Hybrid Summit · Rata od 1527 PLN netto/mies. · Leasing B2B · KATOWICE · Sprawdź ofertę!,https://salon.jeep.pl/oferta/242992,https://cdn.fcapoland.pl/uploads/57/242992/0ade13a29c6d5ae2cb12cd2c2697a156.jpg,Jeep,Nowy Compass e-Hybrid,2026,0,KM,SUV,Szary Yosemite + czarny dach,New,174337 PLN,PLN,"{""addr1"": ""UL. KOSCIUSZKI 261"", ""city"": ""KATOWICE"", ""region"": ""ŚLĄSKIE"", ""country"": ""PL"", ""postal_code"": ""40-690""}",50.209822,18.965429,LEASE,1527 PLN,per month,Hybrid,Automatic,FWD
242990,Nowy Compass e-Hybrid Summit · od 1581 PLN/mies.,Jeep Nowy Compass e-Hybrid Summit · Rata od 1581 PLN netto/mies. · Leasing B2B · WARSZAWA · Sprawdź ofertę!,https://salon.jeep.pl/oferta/242990,https://cdn.fcapoland.pl/uploads/57/242990/a4861d29dfcecde586baeb3718dad557.jpg,Jeep,Nowy Compass e-Hybrid,2026,0,KM,SUV,Jasnozielony Hawai + czarny dach,New,175970 PLN,PLN,"{""addr1"": ""UL. OSTROBRAMSKA  34"", ""city"": ""WARSZAWA"", ""region"": ""MAZOWIECKIE"", ""country"": ""PL"", ""postal_code"": ""04-192""}",52.23318,21.12116,LEASE,1581 PLN,per month,Hybrid,Automatic,FWD
242947,Avenger The North Face · od 876 PLN/mies.,Jeep Avenger The North Face · Rata od 876 PLN netto/mies. · Leasing B2B · RZESZOW · Sprawdź ofertę!,https://salon.jeep.pl/oferta/242947,https://cdn.fcapoland.pl/uploads/57/242947/bfb0baae8312309cb59b010b5c95b4c9.jpg,Jeep,Avenger,2026,0,KM,SUV,Lakier pastelowy SNOW biały,New,132990 PLN,PLN,"{""addr1"": ""UL. WARSZAWSKA 135"", ""city"": ""RZESZOW"", ""region"": ""PODKARPACKIE"", ""country"": ""PL"", ""postal_code"": ""35-205""}",50.081623,21.984324,LEASE,876 PLN,per month,Hybrid,Automatic,FWD
242946,Avenger The North Face · od 893 PLN/mies.,Jeep Avenger The North Face · Rata od 893 PLN netto/mies. · Leasing B2B · RZESZOW · Sprawdź ofertę!,https://salon.jeep.pl/oferta/242946,https://cdn.fcapoland.pl/uploads/57/242946/849ef8cc19ef0c9d1379d04e5d915e69.jpg,Jeep,Avenger,2026,0,KM,SUV,Lakier pastelowy STORM szary,New,133490 PLN,PLN,"{""addr1"": ""UL. WARSZAWSKA 135"", ""city"": ""RZESZOW"", ""region"": ""PODKARPACKIE"", ""country"": ""PL"", ""postal_code"": ""35-205""}",50.081623,21.984324,LEASE,893 PLN,per month,Hybrid,Automatic,FWD
242945,Avenger The North Face · od 893 PLN/mies.,Jeep Avenger The North Face · Rata od 893 PLN netto/mies. · Leasing B2B · RZESZOW · Sprawdź ofertę!,https://salon.jeep.pl/oferta/242945,https://cdn.fcapoland.pl/uploads/57/242945/6e4614c2c68c33c836fed978bf7f6be6.jpg,Jeep,Avenger,2026,0,KM,SUV,Lakier pastelowy VOLCANO czarny,New,133500 PLN,PLN,"{""addr1"": ""UL. WARSZAWSKA 135"", ""city"": ""RZESZOW"", ""region"": ""PODKARPACKIE"", ""country"": ""PL"", ""postal_code"": ""35-205""}",50.081623,21.984324,LEASE,893 PLN,per month,Hybrid,Automatic,FWD
242944,Avenger The North Face · od 873 PLN/mies.,Jeep Avenger The North Face · Rata od 873 PLN netto/mies. · Leasing B2B · RZESZOW · Sprawdź ofertę!,https://salon.jeep.pl/oferta/242944,https://cdn.fcapoland.pl/uploads/57/242944/4d882301a0faeac3f6abe06f8948ecab.jpg,Jeep,Avenger,2026,0,KM,SUV,Lakier pastelowy SNOW biały,New,132900 PLN,PLN,"{""addr1"": ""UL. WARSZAWSKA 135"", ""city"": ""RZESZOW"", ""region"": ""PODKARPACKIE"", ""country"": ""PL"", ""postal_code"": ""35-205""}",50.081623,21.984324,LEASE,873 PLN,per month,Hybrid,Automatic,FWD
242943,Avenger The North Face · od 893 PLN/mies.,Jeep Avenger The North Face · Rata od 893 PLN netto/mies. · Leasing B2B · RZESZOW · Sprawdź ofertę!,https://salon.jeep.pl/oferta/242943,https://cdn.fcapoland.pl/uploads/57/242943/71a35993d8e042ffd48011f9edff6cc0.jpg,Jeep,Avenger,2026,0,KM,SUV,Lakier pastelowy STORM szary,New,133490 PLN,PLN,"{""addr1"": ""UL. WARSZAWSKA 135"", ""city"": ""RZESZOW"", ""region"": ""PODKARPACKIE"", ""country"": ""PL"", ""postal_code"": ""35-205""}",50.081623,21.984324,LEASE,893 PLN,per month,Hybrid,Automatic,FWD
242917,Nowy Compass e-Hybrid Altitude · od 1173 PLN/mies.,Jeep Nowy Compass e-Hybrid Altitude · Rata od 1173 PLN netto/mies. · Leasing B2B · STAROWA GORA · Sprawdź ofertę!,https://salon.jeep.pl/oferta/242917,https://cdn.fcapoland.pl/uploads/57/242917/1498546d0aec3cef863eeea658fe79d2.jpg,Jeep,Nowy Compass e-Hybrid,2026,0,KM,SUV,Brązowozielony Amazonia,New,149900 PLN,PLN,"{""addr1"": ""UL. GRANICZNA 2"", ""city"": ""STAROWA GORA"", ""region"": ""ŁÓDZKIE"", ""country"": ""PL"", ""postal_code"": ""95-030""}",51.686346,19.477061,LEASE,1173 PLN,per month,Hybrid,Automatic,FWD
242912,Nowy Compass e-Hybrid Summit · od 1504 PLN/mies.,Jeep Nowy Compass e-Hybrid Summit · Rata od 1504 PLN netto/mies. · Leasing B2B · BIELSKO-BIAŁA · Sprawdź ofertę!,https://salon.jeep.pl/oferta/242912,https://cdn.fcapoland.pl/uploads/57/242912/1_render.jpg,Jeep,Nowy Compass e-Hybrid,2026,0,KM,SUV,Niebieski Pacific + czarny dach,New,167850 PLN,PLN,"{""addr1"": ""UL. WARSZAWSKA 158"", ""city"": ""BIELSKO-BIAŁA"", ""region"": ""ŚLĄSKIE"", ""country"": ""PL"", ""postal_code"": ""43-300""}",49.84307,19.03564,LEASE,1504 PLN,per month,Hybrid,Automatic,FWD
242806,Nowy Compass e-Hybrid Summit · od 1525 PLN/mies.,Jeep Nowy Compass e-Hybrid Summit · Rata od 1525 PLN netto/mies. · Leasing B2B · KATOWICE · Sprawdź ofertę!,https://salon.jeep.pl/oferta/242806,https://cdn.fcapoland.pl/uploads/57/242806/3880851a63e8cd910267f32a0367eb86.jpg,Jeep,Nowy Compass e-Hybrid,2026,0,KM,SUV,Biały Antarctica + czarny dach,New,174095 PLN,PLN,"{""addr1"": ""UL. KOSCIUSZKI 261"", ""city"": ""KATOWICE"", ""region"": ""ŚLĄSKIE"", ""country"": ""PL"", ""postal_code"": ""40-690""}",50.209822,18.965429,LEASE,1525 PLN,per month,Hybrid,Automatic,FWD
242803,Nowy Compass e-Hybrid Summit · od 1527 PLN/mies.,Jeep Nowy Compass e-Hybrid Summit · Rata od 1527 PLN netto/mies. · Leasing B2B · KATOWICE · Sprawdź ofertę!,https://salon.jeep.pl/oferta/242803,https://cdn.fcapoland.pl/uploads/57/242803/673f5441459a1752cb2412f22958adda.jpg,Jeep,Nowy Compass e-Hybrid,2026,0,KM,SUV,Brązowozielony Amazonia + czarny dach,New,174340 PLN,PLN,"{""addr1"": ""UL. KOSCIUSZKI 261"", ""city"": ""KATOWICE"", ""region"": ""ŚLĄSKIE"", ""country"": ""PL"", ""postal_code"": ""40-690""}",50.209822,18.965429,LEASE,1527 PLN,per month,Hybrid,Automatic,FWD
242800,Nowy Compass e-Hybrid First Edition · od 1242 PLN/mies.,Jeep Nowy Compass e-Hybrid First Edition · Rata od 1242 PLN netto/mies. · Leasing B2B · CZESTOCHOWA · Sprawdź ofertę!,https://salon.jeep.pl/oferta/242800,https://cdn.fcapoland.pl/uploads/57/242800/1_render.jpg,Jeep,Nowy Compass e-Hybrid,2026,0,KM,SUV,Niebieski Pacific + czarny dach,New,165233 PLN,PLN,"{""addr1"": ""UL. BUGAJSKA 6/8"", ""city"": ""CZESTOCHOWA"", ""region"": ""ŚLĄSKIE"", ""country"": ""PL"", ""postal_code"": ""42-200""}",50.76732,19.16543,LEASE,1242 PLN,per month,Hybrid,Automatic,FWD
242635,Nowy Compass e-Hybrid First Edition · od 1267 PLN/mies.,Jeep Nowy Compass e-Hybrid First Edition · Rata od 1267 PLN netto/mies. · Leasing B2B · KRAKOW · Sprawdź ofertę!,https://salon.jeep.pl/oferta/242635,https://cdn.fcapoland.pl/uploads/57/242635/48e9aa3d1a56f775ed715ac716122498.jpg,Jeep,Nowy Compass e-Hybrid,2026,0,KM,SUV,Jasnozielony Hawai + czarny dach,New,161500 PLN,PLN,"{""addr1"": ""UL. ARMII KRAJOWEJ 21"", ""city"": ""KRAKOW"", ""region"": ""MAŁOPOLSKIE"", ""country"": ""PL"", ""postal_code"": ""30-150""}",50.070766,19.893652,LEASE,1267 PLN,per month,Hybrid,Automatic,FWD
242634,Nowy Compass e-Hybrid First Edition · od 1267 PLN/mies.,Jeep Nowy Compass e-Hybrid First Edition · Rata od 1267 PLN netto/mies. · Leasing B2B · KRAKOW · Sprawdź ofertę!,https://salon.jeep.pl/oferta/242634,https://cdn.fcapoland.pl/uploads/57/242634/f233b9f193fc5f72ff8cdb6c3ece5be2.jpg,Jeep,Nowy Compass e-Hybrid,2026,0,KM,SUV,Brązowozielony Amazonia + czarny dach,New,161500 PLN,PLN,"{""addr1"": ""UL. ARMII KRAJOWEJ 21"", ""city"": ""KRAKOW"", ""region"": ""MAŁOPOLSKIE"", ""country"": ""PL"", ""postal_code"": ""30-150""}",50.070766,19.893652,LEASE,1267 PLN,per month,Hybrid,Automatic,FWD
242633,Nowy Compass e-Hybrid First Edition · od 1267 PLN/mies.,Jeep Nowy Compass e-Hybrid First Edition · Rata od 1267 PLN netto/mies. · Leasing B2B · KRAKOW · Sprawdź ofertę!,https://salon.jeep.pl/oferta/242633,https://cdn.fcapoland.pl/uploads/57/242633/3b76572c6460e6ef7fc521bcef7e62b9.jpg,Jeep,Nowy Compass e-Hybrid,2026,0,KM,SUV,Brązowozielony Amazonia + czarny dach,New,161500 PLN,PLN,"{""addr1"": ""UL. ARMII KRAJOWEJ 21"", ""city"": ""KRAKOW"", ""region"": ""MAŁOPOLSKIE"", ""country"": ""PL"", ""postal_code"": ""30-150""}",50.070766,19.893652,LEASE,1267 PLN,per month,Hybrid,Automatic,FWD
242632,Nowy Compass e-Hybrid Altitude · od 918 PLN/mies.,Jeep Nowy Compass e-Hybrid Altitude · Rata od 918 PLN netto/mies. · Leasing B2B · RZESZOW · Sprawdź ofertę!,https://salon.jeep.pl/oferta/242632,https://cdn.fcapoland.pl/uploads/57/242632/2c671f9138913662805e654f4bb7c3a5.jpg,Jeep,Nowy Compass e-Hybrid,2026,0,KM,SUV,Niebieski Pacific,New,137990 PLN,PLN,"{""addr1"": ""UL. WARSZAWSKA 135"", ""city"": ""RZESZOW"", ""region"": ""PODKARPACKIE"", ""country"": ""PL"", ""postal_code"": ""35-205""}",50.081623,21.984324,LEASE,918 PLN,per month,Hybrid,Automatic,FWD
242631,Nowy Compass e-Hybrid Plug-in First Edition · od 2435 PLN/mies.,Jeep Nowy Compass e-Hybrid Plug-in First Edition · Rata od 2435 PLN netto/mies. · Leasing B2B · GDANSK · Sprawdź ofertę!,https://salon.jeep.pl/oferta/242631,https://cdn.fcapoland.pl/uploads/57/242631/6a7cfa1c71a1bbeb3463a7ca4081cd30.jpg,Jeep,Nowy Compass e-Hybrid Plug-in,2026,0,KM,SUV,Niebieski Pacific,New,196900 PLN,PLN,"{""addr1"": ""UL. POTOKOWA 15AC"", ""city"": ""GDANSK"", ""region"": ""POMORSKIE"", ""country"": ""PL"", ""postal_code"": ""80-283""}",54.368945,18.570911,LEASE,2435 PLN,per month,Hybrid,Automatic,FWD
242630,Nowy Compass e-Hybrid Plug-in First Edition · od 2419 PLN/mies.,Jeep Nowy Compass e-Hybrid Plug-in First Edition · Rata od 2419 PLN netto/mies. · Leasing B2B · GDANSK · Sprawdź ofertę!,https://salon.jeep.pl/oferta/242630,https://cdn.fcapoland.pl/uploads/57/242630/4522e37abb69a473d924a128890bf7e6.jpg,Jeep,Nowy Compass e-Hybrid Plug-in,2026,0,KM,SUV,Brązowozielony Amazonia + czarny dach,New,198500 PLN,PLN,"{""addr1"": ""UL. POTOKOWA 15AC"", ""city"": ""GDANSK"", ""region"": ""POMORSKIE"", ""country"": ""PL"", ""postal_code"": ""80-283""}",54.368945,18.570911,LEASE,2419 PLN,per month,Hybrid,Automatic,FWD
242629,Nowy Compass e-Hybrid Summit · od 1313 PLN/mies.,Jeep Nowy Compass e-Hybrid Summit · Rata od 1313 PLN netto/mies. · Leasing B2B · KRAKOW · Sprawdź ofertę!,https://salon.jeep.pl/oferta/242629,https://cdn.fcapoland.pl/uploads/57/242629/89ac18b5d9657bba1d49bb5313c4576e.jpg,Jeep,Nowy Compass e-Hybrid,2026,0,KM,SUV,Czarny Vulcano,New,156900 PLN,PLN,"{""addr1"": ""UL. ARMII KRAJOWEJ 21"", ""city"": ""KRAKOW"", ""region"": ""MAŁOPOLSKIE"", ""country"": ""PL"", ""postal_code"": ""30-150""}",50.070766,19.893652,LEASE,1313 PLN,per month,Hybrid,Automatic,FWD
242628,Nowy Compass e-Hybrid Summit · od 1753 PLN/mies.,Jeep Nowy Compass e-Hybrid Summit · Rata od 1753 PLN netto/mies. · Leasing B2B · GDANSK · Sprawdź ofertę!,https://salon.jeep.pl/oferta/242628,https://cdn.fcapoland.pl/uploads/57/242628/19b36fd7a63f1a898c10ecc356da6248.jpg,Jeep,Nowy Compass e-Hybrid,2026,0,KM,SUV,Szary Yosemite + czarny dach,New,171570 PLN,PLN,"{""addr1"": ""UL. POTOKOWA 15AC"", ""city"": ""GDANSK"", ""region"": ""POMORSKIE"", ""country"": ""PL"", ""postal_code"": ""80-283""}",54.368945,18.570911,LEASE,1753 PLN,per month,Hybrid,Automatic,FWD
242626,Nowy Compass e-Hybrid Summit · od 1346 PLN/mies.,Jeep Nowy Compass e-Hybrid Summit · Rata od 1346 PLN netto/mies. · Leasing B2B · STAROWA GORA · Sprawdź ofertę!,https://salon.jeep.pl/oferta/242626,https://cdn.fcapoland.pl/uploads/57/242626/1_render.jpg,Jeep,Nowy Compass e-Hybrid,2026,0,KM,SUV,Biały Antarctica + czarny dach,New,159500 PLN,PLN,"{""addr1"": ""UL. GRANICZNA 2"", ""city"": ""STAROWA GORA"", ""region"": ""ŁÓDZKIE"", ""country"": ""PL"", ""postal_code"": ""95-030""}",51.686346,19.477061,LEASE,1346 PLN,per month,Hybrid,Automatic,FWD
242625,Nowy Compass e-Hybrid Summit · od 1313 PLN/mies.,Jeep Nowy Compass e-Hybrid Summit · Rata od 1313 PLN netto/mies. · Leasing B2B · STAROWA GORA · Sprawdź ofertę!,https://salon.jeep.pl/oferta/242625,https://cdn.fcapoland.pl/uploads/57/242625/30276c57b553853d5d752c82b3f0c828.jpg,Jeep,Nowy Compass e-Hybrid,2026,0,KM,SUV,Niebieski Pacific,New,156900 PLN,PLN,"{""addr1"": ""UL. GRANICZNA 2"", ""city"": ""STAROWA GORA"", ""region"": ""ŁÓDZKIE"", ""country"": ""PL"", ""postal_code"": ""95-030""}",51.686346,19.477061,LEASE,1313 PLN,per month,Hybrid,Automatic,FWD
242624,Nowy Compass e-Hybrid Summit · od 1730 PLN/mies.,Jeep Nowy Compass e-Hybrid Summit · Rata od 1730 PLN netto/mies. · Leasing B2B · GDANSK · Sprawdź ofertę!,https://salon.jeep.pl/oferta/242624,https://cdn.fcapoland.pl/uploads/57/242624/d7bd0d6d6b3e82d27e1bc3874703abcf.jpg,Jeep,Nowy Compass e-Hybrid,2026,0,KM,SUV,Brązowozielony Amazonia,New,169250 PLN,PLN,"{""addr1"": ""UL. POTOKOWA 15AC"", ""city"": ""GDANSK"", ""region"": ""POMORSKIE"", ""country"": ""PL"", ""postal_code"": ""80-283""}",54.368945,18.570911,LEASE,1730 PLN,per month,Hybrid,Automatic,FWD
242623,Nowy Compass e-Hybrid Summit · od 1313 PLN/mies.,Jeep Nowy Compass e-Hybrid Summit · Rata od 1313 PLN netto/mies. · Leasing B2B · KRAKOW · Sprawdź ofertę!,https://salon.jeep.pl/oferta/242623,https://cdn.fcapoland.pl/uploads/57/242623/c53c34a5810ba419c800a66b8ad0af94.jpg,Jeep,Nowy Compass e-Hybrid,2026,0,KM,SUV,Brązowozielony Amazonia,New,156900 PLN,PLN,"{""addr1"": ""UL. ARMII KRAJOWEJ 21"", ""city"": ""KRAKOW"", ""region"": ""MAŁOPOLSKIE"", ""country"": ""PL"", ""postal_code"": ""30-150""}",50.070766,19.893652,LEASE,1313 PLN,per month,Hybrid,Automatic,FWD
242621,Nowy Compass e-Hybrid Summit · od 1476 PLN/mies.,Jeep Nowy Compass e-Hybrid Summit · Rata od 1476 PLN netto/mies. · Leasing B2B · BIELSKO-BIAŁA · Sprawdź ofertę!,https://salon.jeep.pl/oferta/242621,https://cdn.fcapoland.pl/uploads/57/242621/1_render.jpg,Jeep,Nowy Compass e-Hybrid,2026,0,KM,SUV,Niebieski Pacific,New,164700 PLN,PLN,"{""addr1"": ""UL. WARSZAWSKA 158"", ""city"": ""BIELSKO-BIAŁA"", ""region"": ""ŚLĄSKIE"", ""country"": ""PL"", ""postal_code"": ""43-300""}",49.84307,19.03564,LEASE,1476 PLN,per month,Hybrid,Automatic,FWD
242618,Nowy Compass e-Hybrid Summit · od 1592 PLN/mies.,Jeep Nowy Compass e-Hybrid Summit · Rata od 1592 PLN netto/mies. · Leasing B2B · GLIWICE · Sprawdź ofertę!,https://salon.jeep.pl/oferta/242618,https://cdn.fcapoland.pl/uploads/57/242618/c3606674530f029a7b2e99fa65e6e7bd.jpg,Jeep,Nowy Compass e-Hybrid,2026,0,KM,SUV,Niebieski Pacific + czarny dach,New,171398 PLN,PLN,"{""addr1"": ""UL. PSZCZYNSKA 306"", ""city"": ""GLIWICE"", ""region"": ""ŚLĄSKIE"", ""country"": ""PL"", ""postal_code"": ""44-100""}",50.269497,18.708107,LEASE,1592 PLN,per month,Hybrid,Automatic,FWD
242613,Nowy Compass e-Hybrid Summit · od 1382 PLN/mies.,Jeep Nowy Compass e-Hybrid Summit · Rata od 1382 PLN netto/mies. · Leasing B2B · RZESZOW · Sprawdź ofertę!,https://salon.jeep.pl/oferta/242613,https://cdn.fcapoland.pl/uploads/57/242613/fb68b9b19cccea6ccb9028c33ae435a3.jpg,Jeep,Nowy Compass e-Hybrid,2026,0,KM,SUV,Jasnozielony Hawai + czarny dach,New,169900 PLN,PLN,"{""addr1"": ""UL. WARSZAWSKA 135"", ""city"": ""RZESZOW"", ""region"": ""PODKARPACKIE"", ""country"": ""PL"", ""postal_code"": ""35-205""}",50.081623,21.984324,LEASE,1382 PLN,per month,Hybrid,Automatic,FWD
242521,Nowy Avenger 85Th Anniversary · od 1048 PLN/mies.,Jeep Nowy Avenger 85Th Anniversary · Rata od 1048 PLN netto/mies. · Leasing B2B · WROCLAW · Sprawdź ofertę!,https://salon.jeep.pl/oferta/242521,https://cdn.fcapoland.pl/uploads/57/242521/1_render.jpg,Jeep,Nowy Avenger,2026,0,KM,SUV,Lakier pastelowy VOLCANO czarny,New,125940 PLN,PLN,"{""addr1"": ""UL. KARKONOSKA 45"", ""city"": ""WROCLAW"", ""region"": ""DOLNOŚLĄSKIE"", ""country"": ""PL"", ""postal_code"": ""53-015""}",51.063771,17.000116,LEASE,1048 PLN,per month,Hybrid,Automatic,FWD
242520,Nowy Avenger 85Th Anniversary · od 1040 PLN/mies.,Jeep Nowy Avenger 85Th Anniversary · Rata od 1040 PLN netto/mies. · Leasing B2B · RZESZOW · Sprawdź ofertę!,https://salon.jeep.pl/oferta/242520,https://cdn.fcapoland.pl/uploads/57/242520/e67bd0fdc4433145706ff8b9e472667c.jpg,Jeep,Nowy Avenger,2026,0,KM,SUV,Lakier metaliczny FOREST zielony,New,125900 PLN,PLN,"{""addr1"": ""UL. WARSZAWSKA 135"", ""city"": ""RZESZOW"", ""region"": ""PODKARPACKIE"", ""country"": ""PL"", ""postal_code"": ""35-205""}",50.081623,21.984324,LEASE,1040 PLN,per month,Hybrid,Automatic,FWD
242303,Avenger Altitude · od 742 PLN/mies.,Jeep Avenger Altitude · Rata od 742 PLN netto/mies. · Leasing B2B · GLIWICE · Sprawdź ofertę!,https://salon.jeep.pl/oferta/242303,https://cdn.fcapoland.pl/uploads/57/242303/6c6ae4a6070d08c65164a0ba96d8a88d.jpg,Jeep,Avenger,2026,0,KM,SUV,Lakier metaliczny GRANITE szary,New,109802 PLN,PLN,"{""addr1"": ""UL. PSZCZYNSKA 306"", ""city"": ""GLIWICE"", ""region"": ""ŚLĄSKIE"", ""country"": ""PL"", ""postal_code"": ""44-100""}",50.269497,18.708107,LEASE,742 PLN,per month,Hybrid,Automatic,FWD
242291,Nowy Compass e-Hybrid Summit · od 1340 PLN/mies.,Jeep Nowy Compass e-Hybrid Summit · Rata od 1340 PLN netto/mies. · Leasing B2B · BIELSKO-BIAŁA · Sprawdź ofertę!,https://salon.jeep.pl/oferta/242291,https://cdn.fcapoland.pl/uploads/57/242291/cb7441ee22e80371d30422a446968435.jpg,Jeep,Nowy Compass e-Hybrid,2026,0,KM,SUV,Biały Antarctica + czarny dach,New,159000 PLN,PLN,"{""addr1"": ""UL. WARSZAWSKA 158"", ""city"": ""BIELSKO-BIAŁA"", ""region"": ""ŚLĄSKIE"", ""country"": ""PL"", ""postal_code"": ""43-300""}",49.84307,19.03564,LEASE,1340 PLN,per month,Hybrid,Automatic,FWD
242280,Nowy Avenger 85Th Anniversary · od 1009 PLN/mies.,Jeep Nowy Avenger 85Th Anniversary · Rata od 1009 PLN netto/mies. · Leasing B2B · RZESZOW · Sprawdź ofertę!,https://salon.jeep.pl/oferta/242280,https://cdn.fcapoland.pl/uploads/57/242280/98ad405433533c9f3ef83699e636194b.jpg,Jeep,Nowy Avenger,2026,0,KM,SUV,Lakier pastelowy SNOW biały,New,111990 PLN,PLN,"{""addr1"": ""UL. WARSZAWSKA 135"", ""city"": ""RZESZOW"", ""region"": ""PODKARPACKIE"", ""country"": ""PL"", ""postal_code"": ""35-205""}",50.081623,21.984324,LEASE,1009 PLN,per month,Gasoline,Manual,FWD
242141,Avenger The North Face · od 883 PLN/mies.,Jeep Avenger The North Face · Rata od 883 PLN netto/mies. · Leasing B2B · KRAKOW · Sprawdź ofertę!,https://salon.jeep.pl/oferta/242141,https://cdn.fcapoland.pl/uploads/57/242141/52feed1edb5124f4892da493a825fba7.jpg,Jeep,Avenger,2026,0,KM,SUV,Lakier pastelowy VOLCANO czarny,New,133500 PLN,PLN,"{""addr1"": ""UL. ARMII KRAJOWEJ 21"", ""city"": ""KRAKOW"", ""region"": ""MAŁOPOLSKIE"", ""country"": ""PL"", ""postal_code"": ""30-150""}",50.070766,19.893652,LEASE,883 PLN,per month,Hybrid,Automatic,FWD
242140,Avenger The North Face · od 883 PLN/mies.,Jeep Avenger The North Face · Rata od 883 PLN netto/mies. · Leasing B2B · KRAKOW · Sprawdź ofertę!,https://salon.jeep.pl/oferta/242140,https://cdn.fcapoland.pl/uploads/57/242140/1_render.jpg,Jeep,Avenger,2026,0,KM,SUV,Lakier pastelowy VOLCANO czarny,New,133500 PLN,PLN,"{""addr1"": ""UL. ARMII KRAJOWEJ 21"", ""city"": ""KRAKOW"", ""region"": ""MAŁOPOLSKIE"", ""country"": ""PL"", ""postal_code"": ""30-150""}",50.070766,19.893652,LEASE,883 PLN,per month,Hybrid,Automatic,FWD
242137,Avenger Summit · od 728 PLN/mies.,Jeep Avenger Summit · Rata od 728 PLN netto/mies. · Leasing B2B · KATOWICE · Sprawdź ofertę!,https://salon.jeep.pl/oferta/242137,https://cdn.fcapoland.pl/uploads/57/242137/0df1a530dbb11eee6db0db42b554d5ea.jpg,Jeep,Avenger,2026,0,KM,SUV,Lakier metaliczny GRANITE szary,New,113690 PLN,PLN,"{""addr1"": ""UL. KOSCIUSZKI 261"", ""city"": ""KATOWICE"", ""region"": ""ŚLĄSKIE"", ""country"": ""PL"", ""postal_code"": ""40-690""}",50.209822,18.965429,LEASE,728 PLN,per month,Hybrid,Automatic,FWD
242136,Avenger Longitude · od 738 PLN/mies.,Jeep Avenger Longitude · Rata od 738 PLN netto/mies. · Leasing B2B · CZESTOCHOWA · Sprawdź ofertę!,https://salon.jeep.pl/oferta/242136,https://cdn.fcapoland.pl/uploads/57/242136/1_render.jpg,Jeep,Avenger,2026,0,KM,SUV,Lakier metaliczny GRANITE szary,New,103733 PLN,PLN,"{""addr1"": ""UL. BUGAJSKA 6/8"", ""city"": ""CZESTOCHOWA"", ""region"": ""ŚLĄSKIE"", ""country"": ""PL"", ""postal_code"": ""42-200""}",50.76732,19.16543,LEASE,738 PLN,per month,Hybrid,Automatic,FWD
242134,Avenger Altitude · od 741 PLN/mies.,Jeep Avenger Altitude · Rata od 741 PLN netto/mies. · Leasing B2B · GLIWICE · Sprawdź ofertę!,https://salon.jeep.pl/oferta/242134,https://cdn.fcapoland.pl/uploads/57/242134/08aadb86ce45e021ab037166cd3dbbb2.jpg,Jeep,Avenger,2026,0,KM,SUV,Lakier pastelowy VOLCANO czarny,New,109532 PLN,PLN,"{""addr1"": ""UL. PSZCZYNSKA 306"", ""city"": ""GLIWICE"", ""region"": ""ŚLĄSKIE"", ""country"": ""PL"", ""postal_code"": ""44-100""}",50.269497,18.708107,LEASE,741 PLN,per month,Hybrid,Automatic,FWD
242133,Avenger Altitude · od 741 PLN/mies.,Jeep Avenger Altitude · Rata od 741 PLN netto/mies. · Leasing B2B · GLIWICE · Sprawdź ofertę!,https://salon.jeep.pl/oferta/242133,https://cdn.fcapoland.pl/uploads/57/242133/bf8f90c898e0500f78c6ec9ea71a6a8c.jpg,Jeep,Avenger,2026,0,KM,SUV,Lakier pastelowy VOLCANO czarny,New,109532 PLN,PLN,"{""addr1"": ""UL. PSZCZYNSKA 306"", ""city"": ""GLIWICE"", ""region"": ""ŚLĄSKIE"", ""country"": ""PL"", ""postal_code"": ""44-100""}",50.269497,18.708107,LEASE,741 PLN,per month,Hybrid,Automatic,FWD
242132,Avenger Altitude · od 629 PLN/mies.,Jeep Avenger Altitude · Rata od 629 PLN netto/mies. · Leasing B2B · WROCLAW · Sprawdź ofertę!,https://salon.jeep.pl/oferta/242132,https://cdn.fcapoland.pl/uploads/57/242132/8647825115fff038321c9aa18e7e4294.jpg,Jeep,Avenger,2026,0,KM,SUV,Lakier metaliczny STONE beżowy,New,106400 PLN,PLN,"{""addr1"": ""UL. SZCZECINSKA 7"", ""city"": ""WROCLAW"", ""region"": ""DOLNOŚLĄSKIE"", ""country"": ""PL"", ""postal_code"": ""54-517""}",51.12985,16.93663,LEASE,629 PLN,per month,Hybrid,Automatic,FWD
242130,Avenger Black Edition · od 720 PLN/mies.,Jeep Avenger Black Edition · Rata od 720 PLN netto/mies. · Leasing B2B · OLSZTYN · Sprawdź ofertę!,https://salon.jeep.pl/oferta/242130,https://cdn.fcapoland.pl/uploads/57/242130/1_render.jpg,Jeep,Avenger,2026,0,KM,SUV,Lakier pastelowy RUBY czerwony,New,106452 PLN,PLN,"{""addr1"": ""AL. OBRONCOW TOBRUKU 5"", ""city"": ""OLSZTYN"", ""region"": ""WARMIŃSKO-MAZURSKIE"", ""country"": ""PL"", ""postal_code"": ""10-092""}",53.764244,20.481829,LEASE,720 PLN,per month,Hybrid,Automatic,FWD
242129,Avenger Longitude · od 741 PLN/mies.,Jeep Avenger Longitude · Rata od 741 PLN netto/mies. · Leasing B2B · RZESZOW · Sprawdź ofertę!,https://salon.jeep.pl/oferta/242129,https://cdn.fcapoland.pl/uploads/57/242129/195baf74610197043737dc3a78b26055.jpg,Jeep,Avenger,2026,0,KM,SUV,Lakier pastelowy RUBY czerwony,New,96990 PLN,PLN,"{""addr1"": ""UL. WARSZAWSKA 135"", ""city"": ""RZESZOW"", ""region"": ""PODKARPACKIE"", ""country"": ""PL"", ""postal_code"": ""35-205""}",50.081623,21.984324,LEASE,741 PLN,per month,Hybrid,Automatic,FWD
242127,Avenger Black Edition · od 710 PLN/mies.,Jeep Avenger Black Edition · Rata od 710 PLN netto/mies. · Leasing B2B · RZESZOW · Sprawdź ofertę!,https://salon.jeep.pl/oferta/242127,https://cdn.fcapoland.pl/uploads/57/242127/d26b39d9b5fc6184ebe59e5816363e94.jpg,Jeep,Avenger,2026,0,KM,SUV,Lakier pastelowy RUBY czerwony,New,107500 PLN,PLN,"{""addr1"": ""UL. WARSZAWSKA 135"", ""city"": ""RZESZOW"", ""region"": ""PODKARPACKIE"", ""country"": ""PL"", ""postal_code"": ""35-205""}",50.081623,21.984324,LEASE,710 PLN,per month,Hybrid,Automatic,FWD
242115,Nowy Compass e-Hybrid Summit · od 1565 PLN/mies.,Jeep Nowy Compass e-Hybrid Summit · Rata od 1565 PLN netto/mies. · Leasing B2B · WROCLAW · Sprawdź ofertę!,https://salon.jeep.pl/oferta/242115,https://cdn.fcapoland.pl/uploads/57/242115/1_render.jpg,Jeep,Nowy Compass e-Hybrid,2026,0,KM,SUV,Czarny Vulcano,New,173873 PLN,PLN,"{""addr1"": ""UL. KARKONOSKA 45"", ""city"": ""WROCLAW"", ""region"": ""DOLNOŚLĄSKIE"", ""country"": ""PL"", ""postal_code"": ""53-015""}",51.063771,17.000116,LEASE,1565 PLN,per month,Hybrid,Automatic,FWD
242027,Avenger Black Edition · od 716 PLN/mies.,Jeep Avenger Black Edition · Rata od 716 PLN netto/mies. · Leasing B2B · NOWY TARG · Sprawdź ofertę!,https://salon.jeep.pl/oferta/242027,https://cdn.fcapoland.pl/uploads/57/242027/0091907cee3ba2a0b9b9fb7ff0a956ad.jpg,Jeep,Avenger,2026,0,KM,SUV,Lakier pastelowy VOLCANO czarny,New,114000 PLN,PLN,"{""addr1"": ""UL. KRAKOWSKA 3"", ""city"": ""NOWY TARG"", ""region"": ""MAŁOPOLSKIE"", ""country"": ""PL"", ""postal_code"": ""34-400""}",49.45445,20.01966,LEASE,716 PLN,per month,Hybrid,Automatic,FWD
242022,Avenger Black Edition · od 710 PLN/mies.,Jeep Avenger Black Edition · Rata od 710 PLN netto/mies. · Leasing B2B · NOWY TARG · Sprawdź ofertę!,https://salon.jeep.pl/oferta/242022,https://cdn.fcapoland.pl/uploads/57/242022/61eb059611e6a53418dc9ee7e730079a.jpg,Jeep,Avenger,2026,0,KM,SUV,Lakier pastelowy VOLCANO czarny,New,110900 PLN,PLN,"{""addr1"": ""UL. KRAKOWSKA 3"", ""city"": ""NOWY TARG"", ""region"": ""MAŁOPOLSKIE"", ""country"": ""PL"", ""postal_code"": ""34-400""}",49.45445,20.01966,LEASE,710 PLN,per month,Hybrid,Automatic,FWD
242019,Avenger Longitude · od 737 PLN/mies.,Jeep Avenger Longitude · Rata od 737 PLN netto/mies. · Leasing B2B · CZESTOCHOWA · Sprawdź ofertę!,https://salon.jeep.pl/oferta/242019,https://cdn.fcapoland.pl/uploads/57/242019/628a7c3f29e18953cb323f17ef08353a.jpg,Jeep,Avenger,2026,0,KM,SUV,Lakier metaliczny STONE beżowy,New,103655 PLN,PLN,"{""addr1"": ""UL. BUGAJSKA 6/8"", ""city"": ""CZESTOCHOWA"", ""region"": ""ŚLĄSKIE"", ""country"": ""PL"", ""postal_code"": ""42-200""}",50.76732,19.16543,LEASE,737 PLN,per month,Hybrid,Automatic,FWD
242018,Avenger Summit · od 700 PLN/mies.,Jeep Avenger Summit · Rata od 700 PLN netto/mies. · Leasing B2B · RZESZOW · Sprawdź ofertę!,https://salon.jeep.pl/oferta/242018,https://cdn.fcapoland.pl/uploads/57/242018/d093f51c35baa873d564322774a56e11.jpg,Jeep,Avenger,2026,0,KM,SUV,Lakier pastelowy SNOW biały,New,113990 PLN,PLN,"{""addr1"": ""UL. WARSZAWSKA 135"", ""city"": ""RZESZOW"", ""region"": ""PODKARPACKIE"", ""country"": ""PL"", ""postal_code"": ""35-205""}",50.081623,21.984324,LEASE,700 PLN,per month,Hybrid,Automatic,FWD
242012,Avenger Black Edition · od 1000 PLN/mies.,Jeep Avenger Black Edition · Rata od 1000 PLN netto/mies. · Leasing B2B · BIALYSTOK · Sprawdź ofertę!,https://salon.jeep.pl/oferta/242012,https://cdn.fcapoland.pl/uploads/57/242012/1_render.jpg,Jeep,Avenger,2026,0,KM,SUV,Lakier pastelowy VOLCANO czarny,New,120381 PLN,PLN,"{""addr1"": ""UL. GEN ST. MACZKA 51"", ""city"": ""BIALYSTOK"", ""region"": ""PODLASKIE"", ""country"": ""PL"", ""postal_code"": ""15-697""}",53.1563,23.1446,LEASE,1000 PLN,per month,Hybrid,Automatic,FWD
242011,Avenger Upland · od 893 PLN/mies.,Jeep Avenger Upland · Rata od 893 PLN netto/mies. · Leasing B2B · NOWY TARG · Sprawdź ofertę!,https://salon.jeep.pl/oferta/242011,https://cdn.fcapoland.pl/uploads/57/242011/c23ab5a17d26eae436da1b61c11cd5f3.jpg,Jeep,Avenger,2026,0,KM,SUV,Lakier pastelowy SNOW biały,New,121900 PLN,PLN,"{""addr1"": ""UL. KRAKOWSKA 3"", ""city"": ""NOWY TARG"", ""region"": ""MAŁOPOLSKIE"", ""country"": ""PL"", ""postal_code"": ""34-400""}",49.45445,20.01966,LEASE,893 PLN,per month,Hybrid,Automatic,FWD
242010,Avenger Black Edition · od 710 PLN/mies.,Jeep Avenger Black Edition · Rata od 710 PLN netto/mies. · Leasing B2B · NOWY TARG · Sprawdź ofertę!,https://salon.jeep.pl/oferta/242010,https://cdn.fcapoland.pl/uploads/57/242010/4b51358ccad08cc4db1dfd48b1392027.jpg,Jeep,Avenger,2026,0,KM,SUV,Lakier pastelowy VOLCANO czarny,New,110900 PLN,PLN,"{""addr1"": ""UL. KRAKOWSKA 3"", ""city"": ""NOWY TARG"", ""region"": ""MAŁOPOLSKIE"", ""country"": ""PL"", ""postal_code"": ""34-400""}",49.45445,20.01966,LEASE,710 PLN,per month,Hybrid,Automatic,FWD
242007,Avenger Upland · od 893 PLN/mies.,Jeep Avenger Upland · Rata od 893 PLN netto/mies. · Leasing B2B · NOWY TARG · Sprawdź ofertę!,https://salon.jeep.pl/oferta/242007,https://cdn.fcapoland.pl/uploads/57/242007/e30846c1bae3f18562aa5193e57e472b.jpg,Jeep,Avenger,2026,0,KM,SUV,Lakier pastelowy SNOW biały,New,121900 PLN,PLN,"{""addr1"": ""UL. KRAKOWSKA 3"", ""city"": ""NOWY TARG"", ""region"": ""MAŁOPOLSKIE"", ""country"": ""PL"", ""postal_code"": ""34-400""}",49.45445,20.01966,LEASE,893 PLN,per month,Hybrid,Automatic,FWD
242002,Avenger Upland · od 863 PLN/mies.,Jeep Avenger Upland · Rata od 863 PLN netto/mies. · Leasing B2B · CZESTOCHOWA · Sprawdź ofertę!,https://salon.jeep.pl/oferta/242002,https://cdn.fcapoland.pl/uploads/57/242002/1_render.jpg,Jeep,Avenger,2026,0,KM,SUV,Lakier pastelowy STORM szary,New,121198 PLN,PLN,"{""addr1"": ""UL. BUGAJSKA 6/8"", ""city"": ""CZESTOCHOWA"", ""region"": ""ŚLĄSKIE"", ""country"": ""PL"", ""postal_code"": ""42-200""}",50.76732,19.16543,LEASE,863 PLN,per month,Hybrid,Automatic,FWD
241999,Nowy Compass e-Hybrid Plug-in First Edition · od 2393 PLN/mies.,Jeep Nowy Compass e-Hybrid Plug-in First Edition · Rata od 2393 PLN netto/mies. · Leasing B2B · BIELSKO-BIAŁA · Sprawdź ofertę!,https://salon.jeep.pl/oferta/241999,https://cdn.fcapoland.pl/uploads/57/241999/ad106aff731840bd3b9f2bdda990044d.jpg,Jeep,Nowy Compass e-Hybrid Plug-in,2026,0,KM,SUV,Brązowozielony Amazonia + czarny dach,New,196990 PLN,PLN,"{""addr1"": ""UL. WARSZAWSKA 158"", ""city"": ""BIELSKO-BIAŁA"", ""region"": ""ŚLĄSKIE"", ""country"": ""PL"", ""postal_code"": ""43-300""}",49.84307,19.03564,LEASE,2393 PLN,per month,Hybrid,Automatic,FWD
241883,Avenger Overland · od 1707 PLN/mies.,Jeep Avenger Overland · Rata od 1707 PLN netto/mies. · Leasing B2B · NOWY TARG · Sprawdź ofertę!,https://salon.jeep.pl/oferta/241883,https://cdn.fcapoland.pl/uploads/57/241883/1896020deede9d38ef6ef722d39c5347.jpg,Jeep,Avenger,2026,0,KM,SUV,Lakier metaliczny GRANITE szary + czarny dach VOLCANO,New,126900 PLN,PLN,"{""addr1"": ""UL. KRAKOWSKA 3"", ""city"": ""NOWY TARG"", ""region"": ""MAŁOPOLSKIE"", ""country"": ""PL"", ""postal_code"": ""34-400""}",49.45445,20.01966,LEASE,1707 PLN,per month,Hybrid,Automatic,FWD
241879,Avenger Overland · od 776 PLN/mies.,Jeep Avenger Overland · Rata od 776 PLN netto/mies. · Leasing B2B · NOWY TARG · Sprawdź ofertę!,https://salon.jeep.pl/oferta/241879,https://cdn.fcapoland.pl/uploads/57/241879/cb386eeacb4598e6e8905cb95994278d.jpg,Jeep,Avenger,2026,0,KM,SUV,Lakier metaliczny STONE beżowy,New,123900 PLN,PLN,"{""addr1"": ""UL. KRAKOWSKA 3"", ""city"": ""NOWY TARG"", ""region"": ""MAŁOPOLSKIE"", ""country"": ""PL"", ""postal_code"": ""34-400""}",49.45445,20.01966,LEASE,776 PLN,per month,Hybrid,Automatic,FWD
241878,Avenger Overland · od 1091 PLN/mies.,Jeep Avenger Overland · Rata od 1091 PLN netto/mies. · Leasing B2B · KALISZ · Sprawdź ofertę!,https://salon.jeep.pl/oferta/241878,https://cdn.fcapoland.pl/uploads/57/241878/1_render.jpg,Jeep,Avenger,2026,0,KM,SUV,Lakier pastelowy STORM szary + czarny dach VOLCANO,New,134900 PLN,PLN,"{""addr1"": ""UL. WROCLAWSKA 27"", ""city"": ""KALISZ"", ""region"": ""WIELKOPOLSKIE"", ""country"": ""PL"", ""postal_code"": ""62-800""}",51.7429,18.06292,LEASE,1091 PLN,per month,Hybrid,Automatic,FWD
241876,Avenger Overland · od 1161 PLN/mies.,Jeep Avenger Overland · Rata od 1161 PLN netto/mies. · Leasing B2B · OPOLE · Sprawdź ofertę!,https://salon.jeep.pl/oferta/241876,https://cdn.fcapoland.pl/uploads/57/241876/a06d3e036f54a611ad2bf0a74a187c13.jpg,Jeep,Avenger,2026,0,KM,SUV,Lakier pastelowy STORM szary + czarny dach VOLCANO,New,139464 PLN,PLN,"{""addr1"": ""UL. OLESKA 152"", ""city"": ""OPOLE"", ""region"": ""OPOLSKIE"", ""country"": ""PL"", ""postal_code"": ""45-239""}",50.690422,17.950222,LEASE,1161 PLN,per month,Hybrid,Automatic,FWD
241875,Avenger Overland · od 776 PLN/mies.,Jeep Avenger Overland · Rata od 776 PLN netto/mies. · Leasing B2B · NOWY TARG · Sprawdź ofertę!,https://salon.jeep.pl/oferta/241875,https://cdn.fcapoland.pl/uploads/57/241875/99f4c047bc24babac274dc22d0046132.jpg,Jeep,Avenger,2026,0,KM,SUV,Lakier metaliczny STONE beżowy,New,123900 PLN,PLN,"{""addr1"": ""UL. KRAKOWSKA 3"", ""city"": ""NOWY TARG"", ""region"": ""MAŁOPOLSKIE"", ""country"": ""PL"", ""postal_code"": ""34-400""}",49.45445,20.01966,LEASE,776 PLN,per month,Hybrid,Automatic,FWD
241873,Avenger The North Face · od 883 PLN/mies.,Jeep Avenger The North Face · Rata od 883 PLN netto/mies. · Leasing B2B · STAROWA GORA · Sprawdź ofertę!,https://salon.jeep.pl/oferta/241873,https://cdn.fcapoland.pl/uploads/57/241873/06e4ac0f3f79c3b1001c782b66a827b8.jpg,Jeep,Avenger,2026,0,KM,SUV,Lakier pastelowy VOLCANO czarny,New,133500 PLN,PLN,"{""addr1"": ""UL. GRANICZNA 2"", ""city"": ""STAROWA GORA"", ""region"": ""ŁÓDZKIE"", ""country"": ""PL"", ""postal_code"": ""95-030""}",51.686346,19.477061,LEASE,883 PLN,per month,Hybrid,Automatic,FWD
241872,Avenger Overland · od 850 PLN/mies.,Jeep Avenger Overland · Rata od 850 PLN netto/mies. · Leasing B2B · WROCLAW · Sprawdź ofertę!,https://salon.jeep.pl/oferta/241872,https://cdn.fcapoland.pl/uploads/57/241872/1_render.jpg,Jeep,Avenger,2026,0,KM,SUV,Lakier pastelowy VOLCANO czarny,New,125900 PLN,PLN,"{""addr1"": ""UL. KARKONOSKA 45"", ""city"": ""WROCLAW"", ""region"": ""DOLNOŚLĄSKIE"", ""country"": ""PL"", ""postal_code"": ""53-015""}",51.063771,17.000116,LEASE,850 PLN,per month,Hybrid,Automatic,FWD
241742,Nowy Compass e-Hybrid First Edition · od 1234 PLN/mies.,Jeep Nowy Compass e-Hybrid First Edition · Rata od 1234 PLN netto/mies. · Leasing B2B · NOWY TARG · Sprawdź ofertę!,https://salon.jeep.pl/oferta/241742,https://cdn.fcapoland.pl/uploads/57/241742/d9bfc3c3579592f871eadddc5c5b6762.jpg,Jeep,Nowy Compass e-Hybrid,2026,0,KM,SUV,Jasnozielony Hawai + czarny dach,New,165000 PLN,PLN,"{""addr1"": ""UL. KRAKOWSKA 3"", ""city"": ""NOWY TARG"", ""region"": ""MAŁOPOLSKIE"", ""country"": ""PL"", ""postal_code"": ""34-400""}",49.45445,20.01966,LEASE,1234 PLN,per month,Hybrid,Automatic,FWD
241679,Avenger Black Edition · od 785 PLN/mies.,Jeep Avenger Black Edition · Rata od 785 PLN netto/mies. · Leasing B2B · WROCLAW · Sprawdź ofertę!,https://salon.jeep.pl/oferta/241679,https://cdn.fcapoland.pl/uploads/57/241679/1_render.jpg,Jeep,Avenger,2026,0,KM,SUV,Lakier metaliczny GRANITE szary,New,116270 PLN,PLN,"{""addr1"": ""UL. KARKONOSKA 45"", ""city"": ""WROCLAW"", ""region"": ""DOLNOŚLĄSKIE"", ""country"": ""PL"", ""postal_code"": ""53-015""}",51.063771,17.000116,LEASE,785 PLN,per month,Hybrid,Automatic,FWD
241619,Avenger Summit · od 779 PLN/mies.,Jeep Avenger Summit · Rata od 779 PLN netto/mies. · Leasing B2B · WARSZAWA · Sprawdź ofertę!,https://salon.jeep.pl/oferta/241619,https://cdn.fcapoland.pl/uploads/57/241619/00b6b85fae3d577cefa2a2ac611a3727.jpg,Jeep,Avenger,2026,0,KM,SUV,Lakier metaliczny GRANITE szary,New,121970 PLN,PLN,"{""addr1"": ""UL. OSTROBRAMSKA  34"", ""city"": ""WARSZAWA"", ""region"": ""MAZOWIECKIE"", ""country"": ""PL"", ""postal_code"": ""04-192""}",52.23318,21.12116,LEASE,779 PLN,per month,Hybrid,Automatic,FWD
241541,Avenger Summit · od 782 PLN/mies.,Jeep Avenger Summit · Rata od 782 PLN netto/mies. · Leasing B2B · STAROWA GORA · Sprawdź ofertę!,https://salon.jeep.pl/oferta/241541,https://cdn.fcapoland.pl/uploads/57/241541/eb7a0d8451f56cf50d1bbec648260f3b.jpg,Jeep,Avenger,2026,0,KM,SUV,Lakier metaliczny GRANITE szary,New,119900 PLN,PLN,"{""addr1"": ""UL. GRANICZNA 2"", ""city"": ""STAROWA GORA"", ""region"": ""ŁÓDZKIE"", ""country"": ""PL"", ""postal_code"": ""95-030""}",51.686346,19.477061,LEASE,782 PLN,per month,Hybrid,Automatic,FWD
241535,Nowy Compass e-Hybrid Summit · od 1265 PLN/mies.,Jeep Nowy Compass e-Hybrid Summit · Rata od 1265 PLN netto/mies. · Leasing B2B · LUBLIN · Sprawdź ofertę!,https://salon.jeep.pl/oferta/241535,https://cdn.fcapoland.pl/uploads/57/241535/773da391435d49963f22a2b43b77c019.jpg,Jeep,Nowy Compass e-Hybrid,2026,0,KM,SUV,Biały Antarctica + czarny dach,New,156000 PLN,PLN,"{""addr1"": ""UL MELGIEWSKA 10"", ""city"": ""LUBLIN"", ""region"": ""LUBELSKIE"", ""country"": ""PL"", ""postal_code"": ""20-209""}",51.24833,22.60831,LEASE,1265 PLN,per month,Hybrid,Automatic,FWD
241455,Nowy Compass e-Hybrid First Edition · od 1228 PLN/mies.,Jeep Nowy Compass e-Hybrid First Edition · Rata od 1228 PLN netto/mies. · Leasing B2B · WARSZAWA · Sprawdź ofertę!,https://salon.jeep.pl/oferta/241455,https://cdn.fcapoland.pl/uploads/57/241455/683160bd680f00fc01c1bb5ad247e8b0.jpg,Jeep,Nowy Compass e-Hybrid,2026,0,KM,SUV,Brązowozielony Amazonia + czarny dach,New,159970 PLN,PLN,"{""addr1"": ""UL. OSTROBRAMSKA  34"", ""city"": ""WARSZAWA"", ""region"": ""MAZOWIECKIE"", ""country"": ""PL"", ""postal_code"": ""04-192""}",52.23318,21.12116,LEASE,1228 PLN,per month,Hybrid,Automatic,FWD
241454,Nowy Compass e-Hybrid First Edition · od 1228 PLN/mies.,Jeep Nowy Compass e-Hybrid First Edition · Rata od 1228 PLN netto/mies. · Leasing B2B · WARSZAWA · Sprawdź ofertę!,https://salon.jeep.pl/oferta/241454,https://cdn.fcapoland.pl/uploads/57/241454/03e9e37cff671c1498f86c2c819b98ec.jpg,Jeep,Nowy Compass e-Hybrid,2026,0,KM,SUV,Jasnozielony Hawai + czarny dach,New,159970 PLN,PLN,"{""addr1"": ""UL. OSTROBRAMSKA  34"", ""city"": ""WARSZAWA"", ""region"": ""MAZOWIECKIE"", ""country"": ""PL"", ""postal_code"": ""04-192""}",52.23318,21.12116,LEASE,1228 PLN,per month,Hybrid,Automatic,FWD
241453,Nowy Compass e-Hybrid Plug-in First Edition · od 2517 PLN/mies.,Jeep Nowy Compass e-Hybrid Plug-in First Edition · Rata od 2517 PLN netto/mies. · Leasing B2B · BIALYSTOK · Sprawdź ofertę!,https://salon.jeep.pl/oferta/241453,https://cdn.fcapoland.pl/uploads/57/241453/1_render.jpg,Jeep,Nowy Compass e-Hybrid Plug-in,2026,0,KM,SUV,Jasnozielony Hawai + czarny dach,New,205696 PLN,PLN,"{""addr1"": ""UL. GEN ST. MACZKA 51"", ""city"": ""BIALYSTOK"", ""region"": ""PODLASKIE"", ""country"": ""PL"", ""postal_code"": ""15-697""}",53.1563,23.1446,LEASE,2517 PLN,per month,Hybrid,Automatic,FWD
241451,Nowy Compass e-Hybrid Plug-in First Edition · od 2415 PLN/mies.,Jeep Nowy Compass e-Hybrid Plug-in First Edition · Rata od 2415 PLN netto/mies. · Leasing B2B · SZCZECIN · Sprawdź ofertę!,https://salon.jeep.pl/oferta/241451,https://cdn.fcapoland.pl/uploads/57/241451/3c8a59e9fb4267b805261a641778f03f.jpg,Jeep,Nowy Compass e-Hybrid Plug-in,2026,0,KM,SUV,Czarny Vulcano,New,198170 PLN,PLN,"{""addr1"": ""USTOWO 57"", ""city"": ""SZCZECIN"", ""region"": ""ZACHODNIOPOMORSKIE"", ""country"": ""PL"", ""postal_code"": ""71-001""}",53.38756,14.498444,LEASE,2415 PLN,per month,Hybrid,Automatic,FWD
241316,Nowy Compass e-Hybrid Plug-in First Edition · od 2500 PLN/mies.,Jeep Nowy Compass e-Hybrid Plug-in First Edition · Rata od 2500 PLN netto/mies. · Leasing B2B · SZCZECIN · Sprawdź ofertę!,https://salon.jeep.pl/oferta/241316,https://cdn.fcapoland.pl/uploads/57/241316/ffe7241bc754f80adc777c7d468ba054.jpg,Jeep,Nowy Compass e-Hybrid Plug-in,2026,0,KM,SUV,Brązowozielony Amazonia + czarny dach,New,205190 PLN,PLN,"{""addr1"": ""USTOWO 57"", ""city"": ""SZCZECIN"", ""region"": ""ZACHODNIOPOMORSKIE"", ""country"": ""PL"", ""postal_code"": ""71-001""}",53.38756,14.498444,LEASE,2500 PLN,per month,Hybrid,Automatic,FWD
241192,Nowy Compass e-Hybrid Summit · od 1336 PLN/mies.,Jeep Nowy Compass e-Hybrid Summit · Rata od 1336 PLN netto/mies. · Leasing B2B · RZESZOW · Sprawdź ofertę!,https://salon.jeep.pl/oferta/241192,https://cdn.fcapoland.pl/uploads/57/241192/54d9ee42d2098a67f3873b15035a8c64.jpg,Jeep,Nowy Compass e-Hybrid,2026,0,KM,SUV,Szary Yosemite,New,166900 PLN,PLN,"{""addr1"": ""UL. WARSZAWSKA 135"", ""city"": ""RZESZOW"", ""region"": ""PODKARPACKIE"", ""country"": ""PL"", ""postal_code"": ""35-205""}",50.081623,21.984324,LEASE,1336 PLN,per month,Hybrid,Automatic,FWD
241183,Nowy Compass e-Hybrid Plug-in First Edition · od 2318 PLN/mies.,Jeep Nowy Compass e-Hybrid Plug-in First Edition · Rata od 2318 PLN netto/mies. · Leasing B2B · CZESTOCHOWA · Sprawdź ofertę!,https://salon.jeep.pl/oferta/241183,https://cdn.fcapoland.pl/uploads/57/241183/1_render.jpg,Jeep,Nowy Compass e-Hybrid Plug-in,2026,0,KM,SUV,Szary Yosemite + czarny dach,New,196643 PLN,PLN,"{""addr1"": ""UL. BUGAJSKA 6/8"", ""city"": ""CZESTOCHOWA"", ""region"": ""ŚLĄSKIE"", ""country"": ""PL"", ""postal_code"": ""42-200""}",50.76732,19.16543,LEASE,2318 PLN,per month,Hybrid,Automatic,FWD
241181,Nowy Compass e-Hybrid First Edition · od 1351 PLN/mies.,Jeep Nowy Compass e-Hybrid First Edition · Rata od 1351 PLN netto/mies. · Leasing B2B · KRAKOW · Sprawdź ofertę!,https://salon.jeep.pl/oferta/241181,https://cdn.fcapoland.pl/uploads/57/241181/687d16badb4596449ef2fee366d57238.jpg,Jeep,Nowy Compass e-Hybrid,2026,0,KM,SUV,Brązowozielony Amazonia + czarny dach,New,168900 PLN,PLN,"{""addr1"": ""UL. ARMII KRAJOWEJ 21"", ""city"": ""KRAKOW"", ""region"": ""MAŁOPOLSKIE"", ""country"": ""PL"", ""postal_code"": ""30-150""}",50.070766,19.893652,LEASE,1351 PLN,per month,Hybrid,Automatic,FWD
240971,Nowy Compass e-Hybrid First Edition · od 1062 PLN/mies.,Jeep Nowy Compass e-Hybrid First Edition · Rata od 1062 PLN netto/mies. · Leasing B2B · KALISZ · Sprawdź ofertę!,https://salon.jeep.pl/oferta/240971,https://cdn.fcapoland.pl/uploads/57/240971/2b3eaef58ab8604d9f6cb5e63e3458c3.jpg,Jeep,Nowy Compass e-Hybrid,2026,0,KM,SUV,Brązowozielony Amazonia + czarny dach,New,154900 PLN,PLN,"{""addr1"": ""UL. WROCLAWSKA 27"", ""city"": ""KALISZ"", ""region"": ""WIELKOPOLSKIE"", ""country"": ""PL"", ""postal_code"": ""62-800""}",51.7429,18.06292,LEASE,1062 PLN,per month,Hybrid,Automatic,FWD
240970,Nowy Compass e-Hybrid First Edition · od 1062 PLN/mies.,Jeep Nowy Compass e-Hybrid First Edition · Rata od 1062 PLN netto/mies. · Leasing B2B · KALISZ · Sprawdź ofertę!,https://salon.jeep.pl/oferta/240970,https://cdn.fcapoland.pl/uploads/57/240970/458507fa75aad0a330069126e8892de3.jpg,Jeep,Nowy Compass e-Hybrid,2026,0,KM,SUV,Jasnozielony Hawai + czarny dach,New,154900 PLN,PLN,"{""addr1"": ""UL. WROCLAWSKA 27"", ""city"": ""KALISZ"", ""region"": ""WIELKOPOLSKIE"", ""country"": ""PL"", ""postal_code"": ""62-800""}",51.7429,18.06292,LEASE,1062 PLN,per month,Hybrid,Automatic,FWD
240916,Nowy Compass e-Hybrid First Edition · od 1351 PLN/mies.,Jeep Nowy Compass e-Hybrid First Edition · Rata od 1351 PLN netto/mies. · Leasing B2B · STAROWA GORA · Sprawdź ofertę!,https://salon.jeep.pl/oferta/240916,https://cdn.fcapoland.pl/uploads/57/240916/000050d846154eff7054391e0ce4a3cf.jpg,Jeep,Nowy Compass e-Hybrid,2026,0,KM,SUV,Brązowozielony Amazonia + czarny dach,New,168900 PLN,PLN,"{""addr1"": ""UL. GRANICZNA 2"", ""city"": ""STAROWA GORA"", ""region"": ""ŁÓDZKIE"", ""country"": ""PL"", ""postal_code"": ""95-030""}",51.686346,19.477061,LEASE,1351 PLN,per month,Hybrid,Automatic,FWD
240781,Avenger The North Face · od 886 PLN/mies.,Jeep Avenger The North Face · Rata od 886 PLN netto/mies. · Leasing B2B · RZESZOW · Sprawdź ofertę!,https://salon.jeep.pl/oferta/240781,https://cdn.fcapoland.pl/uploads/57/240781/e53fa53e950ddfab3c02e53caf12d379.jpg,Jeep,Avenger,2026,0,KM,SUV,Lakier pastelowy STORM szary,New,133490 PLN,PLN,"{""addr1"": ""UL. WARSZAWSKA 135"", ""city"": ""RZESZOW"", ""region"": ""PODKARPACKIE"", ""country"": ""PL"", ""postal_code"": ""35-205""}",50.081623,21.984324,LEASE,886 PLN,per month,Hybrid,Automatic,FWD
240770,Nowy Compass e-Hybrid Summit · od 1326 PLN/mies.,Jeep Nowy Compass e-Hybrid Summit · Rata od 1326 PLN netto/mies. · Leasing B2B · RZESZOW · Sprawdź ofertę!,https://salon.jeep.pl/oferta/240770,https://cdn.fcapoland.pl/uploads/57/240770/8352753ee2ad8b851a3884dd343b746d.jpg,Jeep,Nowy Compass e-Hybrid,2026,0,KM,SUV,Czarny Vulcano,New,165900 PLN,PLN,"{""addr1"": ""UL. WARSZAWSKA 135"", ""city"": ""RZESZOW"", ""region"": ""PODKARPACKIE"", ""country"": ""PL"", ""postal_code"": ""35-205""}",50.081623,21.984324,LEASE,1326 PLN,per month,Hybrid,Automatic,FWD
240761,Nowy Compass e-Hybrid First Edition · od 1299 PLN/mies.,Jeep Nowy Compass e-Hybrid First Edition · Rata od 1299 PLN netto/mies. · Leasing B2B · STAROWA GORA · Sprawdź ofertę!,https://salon.jeep.pl/oferta/240761,https://cdn.fcapoland.pl/uploads/57/240761/69cef5d709871f5191c0d3178c901bf3.jpg,Jeep,Nowy Compass e-Hybrid,2026,0,KM,SUV,Brązowozielony Amazonia + czarny dach,New,163900 PLN,PLN,"{""addr1"": ""UL. GRANICZNA 2"", ""city"": ""STAROWA GORA"", ""region"": ""ŁÓDZKIE"", ""country"": ""PL"", ""postal_code"": ""95-030""}",51.686346,19.477061,LEASE,1299 PLN,per month,Hybrid,Automatic,FWD
240760,Nowy Compass e-Hybrid First Edition · od 1217 PLN/mies.,Jeep Nowy Compass e-Hybrid First Edition · Rata od 1217 PLN netto/mies. · Leasing B2B · GLIWICE · Sprawdź ofertę!,https://salon.jeep.pl/oferta/240760,https://cdn.fcapoland.pl/uploads/57/240760/22ccb98f4decf612bbda20ec138987d4.jpg,Jeep,Nowy Compass e-Hybrid,2026,0,KM,SUV,Czarny Vulcano,New,162827 PLN,PLN,"{""addr1"": ""UL. PSZCZYNSKA 306"", ""city"": ""GLIWICE"", ""region"": ""ŚLĄSKIE"", ""country"": ""PL"", ""postal_code"": ""44-100""}",50.269497,18.708107,LEASE,1217 PLN,per month,Hybrid,Automatic,FWD
240755,Nowy Compass e-Hybrid First Edition · od 1326 PLN/mies.,Jeep Nowy Compass e-Hybrid First Edition · Rata od 1326 PLN netto/mies. · Leasing B2B · KRAKOW · Sprawdź ofertę!,https://salon.jeep.pl/oferta/240755,https://cdn.fcapoland.pl/uploads/57/240755/8366d6eee2932acdf30e26e907704442.jpg,Jeep,Nowy Compass e-Hybrid,2026,0,KM,SUV,Szary Yosemite,New,166500 PLN,PLN,"{""addr1"": ""UL. ARMII KRAJOWEJ 21"", ""city"": ""KRAKOW"", ""region"": ""MAŁOPOLSKIE"", ""country"": ""PL"", ""postal_code"": ""30-150""}",50.070766,19.893652,LEASE,1326 PLN,per month,Hybrid,Automatic,FWD
240749,Nowy Compass e-Hybrid Summit · od 1655 PLN/mies.,Jeep Nowy Compass e-Hybrid Summit · Rata od 1655 PLN netto/mies. · Leasing B2B · WROCLAW · Sprawdź ofertę!,https://salon.jeep.pl/oferta/240749,https://cdn.fcapoland.pl/uploads/57/240749/1_render.jpg,Jeep,Nowy Compass e-Hybrid,2026,0,KM,SUV,Szary Yosemite + czarny dach,New,178223 PLN,PLN,"{""addr1"": ""UL. KARKONOSKA 45"", ""city"": ""WROCLAW"", ""region"": ""DOLNOŚLĄSKIE"", ""country"": ""PL"", ""postal_code"": ""53-015""}",51.063771,17.000116,LEASE,1655 PLN,per month,Hybrid,Automatic,FWD
240609,Avenger Altitude · od 725 PLN/mies.,Jeep Avenger Altitude · Rata od 725 PLN netto/mies. · Leasing B2B · OLSZTYN · Sprawdź ofertę!,https://salon.jeep.pl/oferta/240609,https://cdn.fcapoland.pl/uploads/57/240609/9645d48f600a060f7e7c8067d9dfb2bf.jpg,Jeep,Avenger,2026,0,KM,SUV,Lakier metaliczny GRANITE szary,New,107184 PLN,PLN,"{""addr1"": ""AL. OBRONCOW TOBRUKU 5"", ""city"": ""OLSZTYN"", ""region"": ""WARMIŃSKO-MAZURSKIE"", ""country"": ""PL"", ""postal_code"": ""10-092""}",53.764244,20.481829,LEASE,725 PLN,per month,Hybrid,Automatic,FWD
240608,Avenger Upland · od 886 PLN/mies.,Jeep Avenger Upland · Rata od 886 PLN netto/mies. · Leasing B2B · NOWY TARG · Sprawdź ofertę!,https://salon.jeep.pl/oferta/240608,https://cdn.fcapoland.pl/uploads/57/240608/3fef4ca72a48766184e04d7f8c538ae2.jpg,Jeep,Avenger,2026,0,KM,SUV,Lakier metaliczny GRANITE szary,New,121900 PLN,PLN,"{""addr1"": ""UL. KRAKOWSKA 3"", ""city"": ""NOWY TARG"", ""region"": ""MAŁOPOLSKIE"", ""country"": ""PL"", ""postal_code"": ""34-400""}",49.45445,20.01966,LEASE,886 PLN,per month,Hybrid,Automatic,FWD
240607,Avenger Upland · od 1668 PLN/mies.,Jeep Avenger Upland · Rata od 1668 PLN netto/mies. · Leasing B2B · NOWY TARG · Sprawdź ofertę!,https://salon.jeep.pl/oferta/240607,https://cdn.fcapoland.pl/uploads/57/240607/e6d1ae49827b27863aa99bae51776bd7.jpg,Jeep,Avenger,2026,0,KM,SUV,Lakier metaliczny GRANITE szary,New,124000 PLN,PLN,"{""addr1"": ""UL. KRAKOWSKA 3"", ""city"": ""NOWY TARG"", ""region"": ""MAŁOPOLSKIE"", ""country"": ""PL"", ""postal_code"": ""34-400""}",49.45445,20.01966,LEASE,1668 PLN,per month,Hybrid,Automatic,FWD
240602,Nowy Compass e-Hybrid First Edition · od 2082 PLN/mies.,Jeep Nowy Compass e-Hybrid First Edition · Rata od 2082 PLN netto/mies. · Leasing B2B · ŻORY · Sprawdź ofertę!,https://salon.jeep.pl/oferta/240602,https://cdn.fcapoland.pl/uploads/57/240602/493c1df15d767df708405fe5ab6b564a.jpg,Jeep,Nowy Compass e-Hybrid,2026,0,KM,SUV,Niebieski Pacific + czarny dach,New,155000 PLN,PLN,"{""addr1"": ""UL. KOŚCIUSZKI 79"", ""city"": ""ŻORY"", ""region"": ""ŚLĄSKIE"", ""country"": ""PL"", ""postal_code"": ""44-240""}",50.03099,18.70503,LEASE,2082 PLN,per month,Hybrid,Automatic,FWD
240600,Nowy Compass e-Hybrid First Edition · od 2082 PLN/mies.,Jeep Nowy Compass e-Hybrid First Edition · Rata od 2082 PLN netto/mies. · Leasing B2B · ŻORY · Sprawdź ofertę!,https://salon.jeep.pl/oferta/240600,https://cdn.fcapoland.pl/uploads/57/240600/bc2904519a8a35b09d8d6c5702512427.jpg,Jeep,Nowy Compass e-Hybrid,2026,0,KM,SUV,Biały Antarctica + czarny dach,New,155000 PLN,PLN,"{""addr1"": ""UL. KOŚCIUSZKI 79"", ""city"": ""ŻORY"", ""region"": ""ŚLĄSKIE"", ""country"": ""PL"", ""postal_code"": ""44-240""}",50.03099,18.70503,LEASE,2082 PLN,per month,Hybrid,Automatic,FWD
240596,Nowy Compass e-Hybrid Summit · od 1373 PLN/mies.,Jeep Nowy Compass e-Hybrid Summit · Rata od 1373 PLN netto/mies. · Leasing B2B · ŻORY · Sprawdź ofertę!,https://salon.jeep.pl/oferta/240596,https://cdn.fcapoland.pl/uploads/57/240596/253d390e2f149c7aa917f7bbb7544632.jpg,Jeep,Nowy Compass e-Hybrid,2026,0,KM,SUV,Szary Yosemite + czarny dach,New,159990 PLN,PLN,"{""addr1"": ""UL. KOŚCIUSZKI 79"", ""city"": ""ŻORY"", ""region"": ""ŚLĄSKIE"", ""country"": ""PL"", ""postal_code"": ""44-240""}",50.03099,18.70503,LEASE,1373 PLN,per month,Hybrid,Automatic,FWD
240595,Nowy Compass e-Hybrid Summit · od 1360 PLN/mies.,Jeep Nowy Compass e-Hybrid Summit · Rata od 1360 PLN netto/mies. · Leasing B2B · CZESTOCHOWA · Sprawdź ofertę!,https://salon.jeep.pl/oferta/240595,https://cdn.fcapoland.pl/uploads/57/240595/1_render.jpg,Jeep,Nowy Compass e-Hybrid,2026,0,KM,SUV,Czarny Vulcano,New,158000 PLN,PLN,"{""addr1"": ""UL. BUGAJSKA 6/8"", ""city"": ""CZESTOCHOWA"", ""region"": ""ŚLĄSKIE"", ""country"": ""PL"", ""postal_code"": ""42-200""}",50.76732,19.16543,LEASE,1360 PLN,per month,Hybrid,Automatic,FWD
240593,Nowy Compass e-Hybrid Summit · od 1373 PLN/mies.,Jeep Nowy Compass e-Hybrid Summit · Rata od 1373 PLN netto/mies. · Leasing B2B · ŻORY · Sprawdź ofertę!,https://salon.jeep.pl/oferta/240593,https://cdn.fcapoland.pl/uploads/57/240593/44c169a43167611ce140601f293ffdb3.jpg,Jeep,Nowy Compass e-Hybrid,2026,0,KM,SUV,Niebieski Pacific + czarny dach,New,159990 PLN,PLN,"{""addr1"": ""UL. KOŚCIUSZKI 79"", ""city"": ""ŻORY"", ""region"": ""ŚLĄSKIE"", ""country"": ""PL"", ""postal_code"": ""44-240""}",50.03099,18.70503,LEASE,1373 PLN,per month,Hybrid,Automatic,FWD
240592,Nowy Compass e-Hybrid Summit · od 1373 PLN/mies.,Jeep Nowy Compass e-Hybrid Summit · Rata od 1373 PLN netto/mies. · Leasing B2B · ŻORY · Sprawdź ofertę!,https://salon.jeep.pl/oferta/240592,https://cdn.fcapoland.pl/uploads/57/240592/37061691dc69894d3883cc542e1899ea.jpg,Jeep,Nowy Compass e-Hybrid,2026,0,KM,SUV,Niebieski Pacific + czarny dach,New,159990 PLN,PLN,"{""addr1"": ""UL. KOŚCIUSZKI 79"", ""city"": ""ŻORY"", ""region"": ""ŚLĄSKIE"", ""country"": ""PL"", ""postal_code"": ""44-240""}",50.03099,18.70503,LEASE,1373 PLN,per month,Hybrid,Automatic,FWD
240550,Avenger Upland · od 944 PLN/mies.,Jeep Avenger Upland · Rata od 944 PLN netto/mies. · Leasing B2B · OLSZTYN · Sprawdź ofertę!,https://salon.jeep.pl/oferta/240550,https://cdn.fcapoland.pl/uploads/57/240550/21b2bba6a8b900e4fe49b781a8ae607f.jpg,Jeep,Avenger,2026,0,KM,SUV,Lakier pastelowy RUBY czerwony,New,121380 PLN,PLN,"{""addr1"": ""AL. OBRONCOW TOBRUKU 5"", ""city"": ""OLSZTYN"", ""region"": ""WARMIŃSKO-MAZURSKIE"", ""country"": ""PL"", ""postal_code"": ""10-092""}",53.764244,20.481829,LEASE,944 PLN,per month,Hybrid,Automatic,FWD
240549,Avenger Overland · od 801 PLN/mies.,Jeep Avenger Overland · Rata od 801 PLN netto/mies. · Leasing B2B · RZESZOW · Sprawdź ofertę!,https://salon.jeep.pl/oferta/240549,https://cdn.fcapoland.pl/uploads/57/240549/f2f8ccc064f5d70b993ce13f755805e5.jpg,Jeep,Avenger,2026,0,KM,SUV,Lakier metaliczny GRANITE szary + czarny dach VOLCANO,New,124990 PLN,PLN,"{""addr1"": ""UL. WARSZAWSKA 135"", ""city"": ""RZESZOW"", ""region"": ""PODKARPACKIE"", ""country"": ""PL"", ""postal_code"": ""35-205""}",50.081623,21.984324,LEASE,801 PLN,per month,Hybrid,Automatic,FWD
240497,Avenger The North Face · od 877 PLN/mies.,Jeep Avenger The North Face · Rata od 877 PLN netto/mies. · Leasing B2B · NOWY TARG · Sprawdź ofertę!,https://salon.jeep.pl/oferta/240497,https://cdn.fcapoland.pl/uploads/57/240497/744ae77d45909de944ae305089609e31.jpg,Jeep,Avenger,2026,0,KM,SUV,Lakier pastelowy SNOW biały + czarny dach VOLCANO,New,131632 PLN,PLN,"{""addr1"": ""UL. KRAKOWSKA 3"", ""city"": ""NOWY TARG"", ""region"": ""MAŁOPOLSKIE"", ""country"": ""PL"", ""postal_code"": ""34-400""}",49.45445,20.01966,LEASE,877 PLN,per month,Hybrid,Automatic,FWD
240496,Avenger The North Face · od 876 PLN/mies.,Jeep Avenger The North Face · Rata od 876 PLN netto/mies. · Leasing B2B · STAROWA GORA · Sprawdź ofertę!,https://salon.jeep.pl/oferta/240496,https://cdn.fcapoland.pl/uploads/57/240496/814865e5b5c8e1a959642caa42de2a81.jpg,Jeep,Avenger,2026,0,KM,SUV,Lakier pastelowy STORM szary + czarny dach VOLCANO,New,131900 PLN,PLN,"{""addr1"": ""UL. GRANICZNA 2"", ""city"": ""STAROWA GORA"", ""region"": ""ŁÓDZKIE"", ""country"": ""PL"", ""postal_code"": ""95-030""}",51.686346,19.477061,LEASE,876 PLN,per month,Hybrid,Automatic,FWD
240495,Avenger The North Face · od 839 PLN/mies.,Jeep Avenger The North Face · Rata od 839 PLN netto/mies. · Leasing B2B · CZESTOCHOWA · Sprawdź ofertę!,https://salon.jeep.pl/oferta/240495,https://cdn.fcapoland.pl/uploads/57/240495/5797d6746e46432e3995c07461eaf15a.jpg,Jeep,Avenger,2026,0,KM,SUV,Lakier pastelowy STORM szary + czarny dach VOLCANO,New,130682 PLN,PLN,"{""addr1"": ""UL. BUGAJSKA 6/8"", ""city"": ""CZESTOCHOWA"", ""region"": ""ŚLĄSKIE"", ""country"": ""PL"", ""postal_code"": ""42-200""}",50.76732,19.16543,LEASE,839 PLN,per month,Hybrid,Automatic,FWD
240494,Avenger The North Face · od 870 PLN/mies.,Jeep Avenger The North Face · Rata od 870 PLN netto/mies. · Leasing B2B · RZESZOW · Sprawdź ofertę!,https://salon.jeep.pl/oferta/240494,https://cdn.fcapoland.pl/uploads/57/240494/6d2931ddbe84e9cf8497b00eeb44e4e4.jpg,Jeep,Avenger,2026,0,KM,SUV,Lakier pastelowy STORM szary,New,129900 PLN,PLN,"{""addr1"": ""UL. WARSZAWSKA 135"", ""city"": ""RZESZOW"", ""region"": ""PODKARPACKIE"", ""country"": ""PL"", ""postal_code"": ""35-205""}",50.081623,21.984324,LEASE,870 PLN,per month,Hybrid,Automatic,FWD
240485,Avenger Black Edition · od 949 PLN/mies.,Jeep Avenger Black Edition · Rata od 949 PLN netto/mies. · Leasing B2B · BIALYSTOK · Sprawdź ofertę!,https://salon.jeep.pl/oferta/240485,https://cdn.fcapoland.pl/uploads/57/240485/1_render.jpg,Jeep,Avenger,2026,0,KM,SUV,Lakier pastelowy VOLCANO czarny,New,116381 PLN,PLN,"{""addr1"": ""UL. GEN ST. MACZKA 51"", ""city"": ""BIALYSTOK"", ""region"": ""PODLASKIE"", ""country"": ""PL"", ""postal_code"": ""15-697""}",53.1563,23.1446,LEASE,949 PLN,per month,Hybrid,Automatic,FWD
240484,Avenger Upland · od 959 PLN/mies.,Jeep Avenger Upland · Rata od 959 PLN netto/mies. · Leasing B2B · STAROWA GORA · Sprawdź ofertę!,https://salon.jeep.pl/oferta/240484,https://cdn.fcapoland.pl/uploads/57/240484/5dd6bf6f21b4533680a6b2df51c41933.jpg,Jeep,Avenger,2026,0,KM,SUV,Lakier metaliczny STONE beżowy + czarny dach VOLCANO,New,125900 PLN,PLN,"{""addr1"": ""UL. GRANICZNA 2"", ""city"": ""STAROWA GORA"", ""region"": ""ŁÓDZKIE"", ""country"": ""PL"", ""postal_code"": ""95-030""}",51.686346,19.477061,LEASE,959 PLN,per month,Hybrid,Automatic,FWD
240482,Avenger Black Edition · od 748 PLN/mies.,Jeep Avenger Black Edition · Rata od 748 PLN netto/mies. · Leasing B2B · OLSZTYN · Sprawdź ofertę!,https://salon.jeep.pl/oferta/240482,https://cdn.fcapoland.pl/uploads/57/240482/dae1a865f367891e96d44edada50641c.jpg,Jeep,Avenger,2026,0,KM,SUV,Lakier pastelowy SNOW biały,New,110687 PLN,PLN,"{""addr1"": ""AL. OBRONCOW TOBRUKU 5"", ""city"": ""OLSZTYN"", ""region"": ""WARMIŃSKO-MAZURSKIE"", ""country"": ""PL"", ""postal_code"": ""10-092""}",53.764244,20.481829,LEASE,748 PLN,per month,Hybrid,Automatic,FWD
240481,Avenger Overland · od 1695 PLN/mies.,Jeep Avenger Overland · Rata od 1695 PLN netto/mies. · Leasing B2B · NOWY TARG · Sprawdź ofertę!,https://salon.jeep.pl/oferta/240481,https://cdn.fcapoland.pl/uploads/57/240481/ac2e66423606bd800a1946bed48f2863.jpg,Jeep,Avenger,2026,0,KM,SUV,Lakier pastelowy RUBY czerwony,New,126000 PLN,PLN,"{""addr1"": ""UL. KRAKOWSKA 3"", ""city"": ""NOWY TARG"", ""region"": ""MAŁOPOLSKIE"", ""country"": ""PL"", ""postal_code"": ""34-400""}",49.45445,20.01966,LEASE,1695 PLN,per month,Hybrid,Automatic,FWD
240409,Avenger The North Face · od 790 PLN/mies.,Jeep Avenger The North Face · Rata od 790 PLN netto/mies. · Leasing B2B · NOWY TARG · Sprawdź ofertę!,https://salon.jeep.pl/oferta/240409,https://cdn.fcapoland.pl/uploads/57/240409/69acb64ad2ef4cf9c0208205679647ed.jpg,Jeep,Avenger,2026,0,KM,SUV,Lakier pastelowy STORM szary + czarny dach VOLCANO,New,129000 PLN,PLN,"{""addr1"": ""UL. KRAKOWSKA 3"", ""city"": ""NOWY TARG"", ""region"": ""MAŁOPOLSKIE"", ""country"": ""PL"", ""postal_code"": ""34-400""}",49.45445,20.01966,LEASE,790 PLN,per month,Hybrid,Automatic,FWD
240376,Avenger Black Edition · od 944 PLN/mies.,Jeep Avenger Black Edition · Rata od 944 PLN netto/mies. · Leasing B2B · KRAKOW · Sprawdź ofertę!,https://salon.jeep.pl/oferta/240376,https://cdn.fcapoland.pl/uploads/57/240376/54645a0dcc59c0c335821e2c95f72094.jpg,Jeep,Avenger,2026,0,KM,SUV,Lakier metaliczny STONE beżowy,New,116800 PLN,PLN,"{""addr1"": ""UL.OPOLSKA 9"", ""city"": ""KRAKOW"", ""region"": ""MAŁOPOLSKIE"", ""country"": ""PL"", ""postal_code"": ""31-275""}",50.09034,19.93086,LEASE,944 PLN,per month,Hybrid,Automatic,FWD
240372,Avenger Upland · od 1668 PLN/mies.,Jeep Avenger Upland · Rata od 1668 PLN netto/mies. · Leasing B2B · NOWY TARG · Sprawdź ofertę!,https://salon.jeep.pl/oferta/240372,https://cdn.fcapoland.pl/uploads/57/240372/d28e67249caa902f75da02c6dc439334.jpg,Jeep,Avenger,2026,0,KM,SUV,Lakier pastelowy STORM szary,New,124000 PLN,PLN,"{""addr1"": ""UL. KRAKOWSKA 3"", ""city"": ""NOWY TARG"", ""region"": ""MAŁOPOLSKIE"", ""country"": ""PL"", ""postal_code"": ""34-400""}",49.45445,20.01966,LEASE,1668 PLN,per month,Hybrid,Automatic,FWD
240370,Avenger Overland · od 1106 PLN/mies.,Jeep Avenger Overland · Rata od 1106 PLN netto/mies. · Leasing B2B · BIALYSTOK · Sprawdź ofertę!,https://salon.jeep.pl/oferta/240370,https://cdn.fcapoland.pl/uploads/57/240370/1_render.jpg,Jeep,Avenger,2026,0,KM,SUV,Lakier pastelowy STORM szary + czarny dach VOLCANO,New,135000 PLN,PLN,"{""addr1"": ""UL. GEN ST. MACZKA 51"", ""city"": ""BIALYSTOK"", ""region"": ""PODLASKIE"", ""country"": ""PL"", ""postal_code"": ""15-697""}",53.1563,23.1446,LEASE,1106 PLN,per month,Hybrid,Automatic,FWD
240351,Nowy Compass e-Hybrid Plug-in First Edition · od 2440 PLN/mies.,Jeep Nowy Compass e-Hybrid Plug-in First Edition · Rata od 2440 PLN netto/mies. · Leasing B2B · GDANSK · Sprawdź ofertę!,https://salon.jeep.pl/oferta/240351,https://cdn.fcapoland.pl/uploads/57/240351/77620a5983dcdb75059e8a8977860ea2.jpg,Jeep,Nowy Compass e-Hybrid Plug-in,2026,0,KM,SUV,Biały Antarctica + czarny dach,New,200230 PLN,PLN,"{""addr1"": ""UL. POTOKOWA 15AC"", ""city"": ""GDANSK"", ""region"": ""POMORSKIE"", ""country"": ""PL"", ""postal_code"": ""80-283""}",54.368945,18.570911,LEASE,2440 PLN,per month,Hybrid,Automatic,FWD
240349,Nowy Compass e-Hybrid Plug-in First Edition · od 2228 PLN/mies.,Jeep Nowy Compass e-Hybrid Plug-in First Edition · Rata od 2228 PLN netto/mies. · Leasing B2B · WROCLAW · Sprawdź ofertę!,https://salon.jeep.pl/oferta/240349,https://cdn.fcapoland.pl/uploads/57/240349/1c1786f40f5ac55696e5237d765dcdbe.jpg,Jeep,Nowy Compass e-Hybrid Plug-in,2026,0,KM,SUV,Szary Yosemite + czarny dach,New,193900 PLN,PLN,"{""addr1"": ""UL. KARKONOSKA 45"", ""city"": ""WROCLAW"", ""region"": ""DOLNOŚLĄSKIE"", ""country"": ""PL"", ""postal_code"": ""53-015""}",51.063771,17.000116,LEASE,2228 PLN,per month,Hybrid,Automatic,FWD
240344,Nowy Compass e-Hybrid Summit · od 1369 PLN/mies.,Jeep Nowy Compass e-Hybrid Summit · Rata od 1369 PLN netto/mies. · Leasing B2B · RZESZOW · Sprawdź ofertę!,https://salon.jeep.pl/oferta/240344,https://cdn.fcapoland.pl/uploads/57/240344/177c675360d8d27826244df151ff90d5.jpg,Jeep,Nowy Compass e-Hybrid,2026,0,KM,SUV,Szary Yosemite,New,167900 PLN,PLN,"{""addr1"": ""UL. WARSZAWSKA 135"", ""city"": ""RZESZOW"", ""region"": ""PODKARPACKIE"", ""country"": ""PL"", ""postal_code"": ""35-205""}",50.081623,21.984324,LEASE,1369 PLN,per month,Hybrid,Automatic,FWD
240338,Nowy Compass e-Hybrid Summit · od 1390 PLN/mies.,Jeep Nowy Compass e-Hybrid Summit · Rata od 1390 PLN netto/mies. · Leasing B2B · RZESZOW · Sprawdź ofertę!,https://salon.jeep.pl/oferta/240338,https://cdn.fcapoland.pl/uploads/57/240338/763cec3aa8a4f0ce0d4ae751710e662f.jpg,Jeep,Nowy Compass e-Hybrid,2026,0,KM,SUV,Czarny Vulcano,New,171900 PLN,PLN,"{""addr1"": ""UL. WARSZAWSKA 135"", ""city"": ""RZESZOW"", ""region"": ""PODKARPACKIE"", ""country"": ""PL"", ""postal_code"": ""35-205""}",50.081623,21.984324,LEASE,1390 PLN,per month,Hybrid,Automatic,FWD
240277,Avenger The North Face · od 860 PLN/mies.,Jeep Avenger The North Face · Rata od 860 PLN netto/mies. · Leasing B2B · KRAKOW · Sprawdź ofertę!,https://salon.jeep.pl/oferta/240277,https://cdn.fcapoland.pl/uploads/57/240277/83febafd7d9d802e55d209a95a6510c6.jpg,Jeep,Avenger,2026,0,KM,SUV,Lakier pastelowy VOLCANO czarny,New,129900 PLN,PLN,"{""addr1"": ""UL. ARMII KRAJOWEJ 21"", ""city"": ""KRAKOW"", ""region"": ""MAŁOPOLSKIE"", ""country"": ""PL"", ""postal_code"": ""30-150""}",50.070766,19.893652,LEASE,860 PLN,per month,Hybrid,Automatic,FWD
240276,Avenger The North Face · od 860 PLN/mies.,Jeep Avenger The North Face · Rata od 860 PLN netto/mies. · Leasing B2B · STAROWA GORA · Sprawdź ofertę!,https://salon.jeep.pl/oferta/240276,https://cdn.fcapoland.pl/uploads/57/240276/9e6094662de1b2802538286a41be6fe0.jpg,Jeep,Avenger,2026,0,KM,SUV,Lakier pastelowy VOLCANO czarny,New,129900 PLN,PLN,"{""addr1"": ""UL. GRANICZNA 2"", ""city"": ""STAROWA GORA"", ""region"": ""ŁÓDZKIE"", ""country"": ""PL"", ""postal_code"": ""95-030""}",51.686346,19.477061,LEASE,860 PLN,per month,Hybrid,Automatic,FWD
240273,Avenger The North Face · od 876 PLN/mies.,Jeep Avenger The North Face · Rata od 876 PLN netto/mies. · Leasing B2B · STAROWA GORA · Sprawdź ofertę!,https://salon.jeep.pl/oferta/240273,https://cdn.fcapoland.pl/uploads/57/240273/168af76e6c8fd270c3f9b810c1551b0b.jpg,Jeep,Avenger,2026,0,KM,SUV,Lakier pastelowy SNOW biały + czarny dach VOLCANO,New,131900 PLN,PLN,"{""addr1"": ""UL. GRANICZNA 2"", ""city"": ""STAROWA GORA"", ""region"": ""ŁÓDZKIE"", ""country"": ""PL"", ""postal_code"": ""95-030""}",51.686346,19.477061,LEASE,876 PLN,per month,Hybrid,Automatic,FWD
240271,Avenger The North Face · od 860 PLN/mies.,Jeep Avenger The North Face · Rata od 860 PLN netto/mies. · Leasing B2B · STAROWA GORA · Sprawdź ofertę!,https://salon.jeep.pl/oferta/240271,https://cdn.fcapoland.pl/uploads/57/240271/fe73fde5d986d38f290937836a39a770.jpg,Jeep,Avenger,2026,0,KM,SUV,Lakier pastelowy VOLCANO czarny,New,129900 PLN,PLN,"{""addr1"": ""UL. GRANICZNA 2"", ""city"": ""STAROWA GORA"", ""region"": ""ŁÓDZKIE"", ""country"": ""PL"", ""postal_code"": ""95-030""}",51.686346,19.477061,LEASE,860 PLN,per month,Hybrid,Automatic,FWD
240259,Avenger Summit · od 732 PLN/mies.,Jeep Avenger Summit · Rata od 732 PLN netto/mies. · Leasing B2B · WARSZAWA · Sprawdź ofertę!,https://salon.jeep.pl/oferta/240259,https://cdn.fcapoland.pl/uploads/57/240259/58464f3d58f1d0601b32998644433124.jpg,Jeep,Avenger,2026,0,KM,SUV,Lakier pastelowy VOLCANO czarny,New,114970 PLN,PLN,"{""addr1"": ""UL. OSTROBRAMSKA  34"", ""city"": ""WARSZAWA"", ""region"": ""MAZOWIECKIE"", ""country"": ""PL"", ""postal_code"": ""04-192""}",52.23318,21.12116,LEASE,732 PLN,per month,Hybrid,Automatic,FWD
240256,Avenger Black Edition · od 861 PLN/mies.,Jeep Avenger Black Edition · Rata od 861 PLN netto/mies. · Leasing B2B · OPOLE · Sprawdź ofertę!,https://salon.jeep.pl/oferta/240256,https://cdn.fcapoland.pl/uploads/57/240256/29b1b02e52baaf4d72713ed2f6d1fde6.jpg,Jeep,Avenger,2026,0,KM,SUV,Lakier pastelowy VOLCANO czarny,New,114088 PLN,PLN,"{""addr1"": ""UL. OLESKA 152"", ""city"": ""OPOLE"", ""region"": ""OPOLSKIE"", ""country"": ""PL"", ""postal_code"": ""45-239""}",50.690422,17.950222,LEASE,861 PLN,per month,Hybrid,Automatic,FWD
240228,Nowy Compass e-Hybrid First Edition · od 1326 PLN/mies.,Jeep Nowy Compass e-Hybrid First Edition · Rata od 1326 PLN netto/mies. · Leasing B2B · STAROWA GORA · Sprawdź ofertę!,https://salon.jeep.pl/oferta/240228,https://cdn.fcapoland.pl/uploads/57/240228/4f17e49d1c1251fd4072428599ef3f83.jpg,Jeep,Nowy Compass e-Hybrid,2026,0,KM,SUV,Czarny Vulcano,New,166500 PLN,PLN,"{""addr1"": ""UL. GRANICZNA 2"", ""city"": ""STAROWA GORA"", ""region"": ""ŁÓDZKIE"", ""country"": ""PL"", ""postal_code"": ""95-030""}",51.686346,19.477061,LEASE,1326 PLN,per month,Hybrid,Automatic,FWD
240218,Nowy Compass e-Hybrid Summit · od 1474 PLN/mies.,Jeep Nowy Compass e-Hybrid Summit · Rata od 1474 PLN netto/mies. · Leasing B2B · WARSZAWA · Sprawdź ofertę!,https://salon.jeep.pl/oferta/240218,https://cdn.fcapoland.pl/uploads/57/240218/95f7b9b268757d1e1f8402e2517aa0cf.jpg,Jeep,Nowy Compass e-Hybrid,2026,0,KM,SUV,Jasnozielony Hawai,New,166970 PLN,PLN,"{""addr1"": ""UL. OSTROBRAMSKA  34"", ""city"": ""WARSZAWA"", ""region"": ""MAZOWIECKIE"", ""country"": ""PL"", ""postal_code"": ""04-192""}",52.23318,21.12116,LEASE,1474 PLN,per month,Hybrid,Automatic,FWD
240216,Nowy Compass e-Hybrid First Edition · od 1242 PLN/mies.,Jeep Nowy Compass e-Hybrid First Edition · Rata od 1242 PLN netto/mies. · Leasing B2B · CZESTOCHOWA · Sprawdź ofertę!,https://salon.jeep.pl/oferta/240216,https://cdn.fcapoland.pl/uploads/57/240216/1_render.jpg,Jeep,Nowy Compass e-Hybrid,2026,0,KM,SUV,Jasnozielony Hawai + czarny dach,New,165233 PLN,PLN,"{""addr1"": ""UL. BUGAJSKA 6/8"", ""city"": ""CZESTOCHOWA"", ""region"": ""ŚLĄSKIE"", ""country"": ""PL"", ""postal_code"": ""42-200""}",50.76732,19.16543,LEASE,1242 PLN,per month,Hybrid,Automatic,FWD
240137,Avenger The North Face · od 883 PLN/mies.,Jeep Avenger The North Face · Rata od 883 PLN netto/mies. · Leasing B2B · KRAKOW · Sprawdź ofertę!,https://salon.jeep.pl/oferta/240137,https://cdn.fcapoland.pl/uploads/57/240137/815b7cf00410b9c3a9d4d62847b347de.jpg,Jeep,Avenger,2026,0,KM,SUV,Lakier pastelowy STORM szary,New,133500 PLN,PLN,"{""addr1"": ""UL. ARMII KRAJOWEJ 21"", ""city"": ""KRAKOW"", ""region"": ""MAŁOPOLSKIE"", ""country"": ""PL"", ""postal_code"": ""30-150""}",50.070766,19.893652,LEASE,883 PLN,per month,Hybrid,Automatic,FWD
240135,Avenger The North Face · od 883 PLN/mies.,Jeep Avenger The North Face · Rata od 883 PLN netto/mies. · Leasing B2B · KRAKOW · Sprawdź ofertę!,https://salon.jeep.pl/oferta/240135,https://cdn.fcapoland.pl/uploads/57/240135/71181869af5bf8306351496415537967.jpg,Jeep,Avenger,2026,0,KM,SUV,Lakier pastelowy SNOW biały,New,133500 PLN,PLN,"{""addr1"": ""UL. ARMII KRAJOWEJ 21"", ""city"": ""KRAKOW"", ""region"": ""MAŁOPOLSKIE"", ""country"": ""PL"", ""postal_code"": ""30-150""}",50.070766,19.893652,LEASE,883 PLN,per month,Hybrid,Automatic,FWD
240134,Avenger The North Face · od 883 PLN/mies.,Jeep Avenger The North Face · Rata od 883 PLN netto/mies. · Leasing B2B · KRAKOW · Sprawdź ofertę!,https://salon.jeep.pl/oferta/240134,https://cdn.fcapoland.pl/uploads/57/240134/827613b9a5ad77acfcb8322e3c55f521.jpg,Jeep,Avenger,2026,0,KM,SUV,Lakier pastelowy VOLCANO czarny,New,133500 PLN,PLN,"{""addr1"": ""UL. ARMII KRAJOWEJ 21"", ""city"": ""KRAKOW"", ""region"": ""MAŁOPOLSKIE"", ""country"": ""PL"", ""postal_code"": ""30-150""}",50.070766,19.893652,LEASE,883 PLN,per month,Hybrid,Automatic,FWD
240131,Avenger Summit · od 1035 PLN/mies.,Jeep Avenger Summit · Rata od 1035 PLN netto/mies. · Leasing B2B · SZCZECIN · Sprawdź ofertę!,https://salon.jeep.pl/oferta/240131,https://cdn.fcapoland.pl/uploads/57/240131/2f28263486c718b52aabccf38bff62b8.jpg,Jeep,Avenger,2026,0,KM,SUV,Lakier metaliczny STONE beżowy,New,124290 PLN,PLN,"{""addr1"": ""USTOWO 57"", ""city"": ""SZCZECIN"", ""region"": ""ZACHODNIOPOMORSKIE"", ""country"": ""PL"", ""postal_code"": ""71-001""}",53.38756,14.498444,LEASE,1035 PLN,per month,Hybrid,Automatic,FWD
240102,Nowy Compass e-Hybrid Summit · od 1516 PLN/mies.,Jeep Nowy Compass e-Hybrid Summit · Rata od 1516 PLN netto/mies. · Leasing B2B · ZIELONA GORA · Sprawdź ofertę!,https://salon.jeep.pl/oferta/240102,https://cdn.fcapoland.pl/uploads/57/240102/3344240a22f17093909c6b425beee78a.jpg,Jeep,Nowy Compass e-Hybrid,2026,0,KM,SUV,Biały Antarctica + czarny dach,New,164346 PLN,PLN,"{""addr1"": ""UL. ST. BATOREGO 69A"", ""city"": ""ZIELONA GORA"", ""region"": ""LUBUSKIE"", ""country"": ""PL"", ""postal_code"": ""65-735""}",51.952379,15.499634,LEASE,1516 PLN,per month,Hybrid,Automatic,FWD
240101,Nowy Compass e-Hybrid Summit · od 1514 PLN/mies.,Jeep Nowy Compass e-Hybrid Summit · Rata od 1514 PLN netto/mies. · Leasing B2B · SZCZECIN · Sprawdź ofertę!,https://salon.jeep.pl/oferta/240101,https://cdn.fcapoland.pl/uploads/57/240101/f204fb46413f00e2ffa1a76b7f5d1a4e.jpg,Jeep,Nowy Compass e-Hybrid,2026,0,KM,SUV,Biały Antarctica + czarny dach,New,164300 PLN,PLN,"{""addr1"": ""USTOWO 57"", ""city"": ""SZCZECIN"", ""region"": ""ZACHODNIOPOMORSKIE"", ""country"": ""PL"", ""postal_code"": ""71-001""}",53.38756,14.498444,LEASE,1514 PLN,per month,Hybrid,Automatic,FWD
240097,Nowy Compass e-Hybrid Plug-in First Edition · od 2330 PLN/mies.,Jeep Nowy Compass e-Hybrid Plug-in First Edition · Rata od 2330 PLN netto/mies. · Leasing B2B · CZESTOCHOWA · Sprawdź ofertę!,https://salon.jeep.pl/oferta/240097,https://cdn.fcapoland.pl/uploads/57/240097/1_render.jpg,Jeep,Nowy Compass e-Hybrid Plug-in,2026,0,KM,SUV,Jasnozielony Hawai + czarny dach,New,200000 PLN,PLN,"{""addr1"": ""UL. BUGAJSKA 6/8"", ""city"": ""CZESTOCHOWA"", ""region"": ""ŚLĄSKIE"", ""country"": ""PL"", ""postal_code"": ""42-200""}",50.76732,19.16543,LEASE,2330 PLN,per month,Hybrid,Automatic,FWD
240094,Nowy Compass e-Hybrid First Edition · od 1299 PLN/mies.,Jeep Nowy Compass e-Hybrid First Edition · Rata od 1299 PLN netto/mies. · Leasing B2B · STAROWA GORA · Sprawdź ofertę!,https://salon.jeep.pl/oferta/240094,https://cdn.fcapoland.pl/uploads/57/240094/c2722d515ed0eb932c9639a3351d09bf.jpg,Jeep,Nowy Compass e-Hybrid,2026,0,KM,SUV,Szary Yosemite + czarny dach,New,163900 PLN,PLN,"{""addr1"": ""UL. GRANICZNA 2"", ""city"": ""STAROWA GORA"", ""region"": ""ŁÓDZKIE"", ""country"": ""PL"", ""postal_code"": ""95-030""}",51.686346,19.477061,LEASE,1299 PLN,per month,Hybrid,Automatic,FWD
240092,Nowy Compass e-Hybrid First Edition · od 1217 PLN/mies.,Jeep Nowy Compass e-Hybrid First Edition · Rata od 1217 PLN netto/mies. · Leasing B2B · GLIWICE · Sprawdź ofertę!,https://salon.jeep.pl/oferta/240092,https://cdn.fcapoland.pl/uploads/57/240092/fded50322632fac20642300d313d954d.jpg,Jeep,Nowy Compass e-Hybrid,2026,0,KM,SUV,Czarny Vulcano,New,162827 PLN,PLN,"{""addr1"": ""UL. PSZCZYNSKA 306"", ""city"": ""GLIWICE"", ""region"": ""ŚLĄSKIE"", ""country"": ""PL"", ""postal_code"": ""44-100""}",50.269497,18.708107,LEASE,1217 PLN,per month,Hybrid,Automatic,FWD
240088,Nowy Compass e-Hybrid First Edition · od 1326 PLN/mies.,Jeep Nowy Compass e-Hybrid First Edition · Rata od 1326 PLN netto/mies. · Leasing B2B · KRAKOW · Sprawdź ofertę!,https://salon.jeep.pl/oferta/240088,https://cdn.fcapoland.pl/uploads/57/240088/f2f787f9d672e5371ee3b23d8572c7f7.jpg,Jeep,Nowy Compass e-Hybrid,2026,0,KM,SUV,Szary Yosemite,New,166500 PLN,PLN,"{""addr1"": ""UL. ARMII KRAJOWEJ 21"", ""city"": ""KRAKOW"", ""region"": ""MAŁOPOLSKIE"", ""country"": ""PL"", ""postal_code"": ""30-150""}",50.070766,19.893652,LEASE,1326 PLN,per month,Hybrid,Automatic,FWD
240084,Nowy Compass e-Hybrid First Edition · od 1175 PLN/mies.,Jeep Nowy Compass e-Hybrid First Edition · Rata od 1175 PLN netto/mies. · Leasing B2B · GLIWICE · Sprawdź ofertę!,https://salon.jeep.pl/oferta/240084,https://cdn.fcapoland.pl/uploads/57/240084/f5b32bd88cd999053ff98e19c8e21039.jpg,Jeep,Nowy Compass e-Hybrid,2026,0,KM,SUV,Niebieski Pacific + czarny dach,New,149499 PLN,PLN,"{""addr1"": ""UL. PSZCZYNSKA 306"", ""city"": ""GLIWICE"", ""region"": ""ŚLĄSKIE"", ""country"": ""PL"", ""postal_code"": ""44-100""}",50.269497,18.708107,LEASE,1175 PLN,per month,Hybrid,Automatic,FWD
240083,Nowy Compass e-Hybrid First Edition · od 1328 PLN/mies.,Jeep Nowy Compass e-Hybrid First Edition · Rata od 1328 PLN netto/mies. · Leasing B2B · KATOWICE · Sprawdź ofertę!,https://salon.jeep.pl/oferta/240083,https://cdn.fcapoland.pl/uploads/57/240083/4e0bc7b0f2d80801379531fa83504707.jpg,Jeep,Nowy Compass e-Hybrid,2026,0,KM,SUV,Niebieski Pacific + czarny dach,New,156420 PLN,PLN,"{""addr1"": ""UL. KOSCIUSZKI 261"", ""city"": ""KATOWICE"", ""region"": ""ŚLĄSKIE"", ""country"": ""PL"", ""postal_code"": ""40-690""}",50.209822,18.965429,LEASE,1328 PLN,per month,Hybrid,Automatic,FWD
239960,Avenger The North Face · od 1661 PLN/mies.,Jeep Avenger The North Face · Rata od 1661 PLN netto/mies. · Leasing B2B · GRUDZIADZ · Sprawdź ofertę!,https://salon.jeep.pl/oferta/239960,https://cdn.fcapoland.pl/uploads/57/239960/cc89f143c6e3036aa5ec0303aa5c73d0.jpg,Jeep,Avenger,2026,0,KM,SUV,Lakier pastelowy STORM szary + czarny dach VOLCANO,New,129900 PLN,PLN,"{""addr1"": ""UL. PADEREWSKIEGO 183A"", ""city"": ""GRUDZIADZ"", ""region"": ""KUJAWSKO-POMORSKIE"", ""country"": ""PL"", ""postal_code"": ""86-300""}",53.50599,18.82049,LEASE,1661 PLN,per month,Hybrid,Automatic,FWD
239958,Avenger Summit · od 761 PLN/mies.,Jeep Avenger Summit · Rata od 761 PLN netto/mies. · Leasing B2B · WARSZAWA · Sprawdź ofertę!,https://salon.jeep.pl/oferta/239958,https://cdn.fcapoland.pl/uploads/57/239958/7ad1de63d5855f2048a576e8031eb856.jpg,Jeep,Avenger,2026,0,KM,SUV,Lakier metaliczny STONE beżowy,New,118970 PLN,PLN,"{""addr1"": ""UL. OSTROBRAMSKA  34"", ""city"": ""WARSZAWA"", ""region"": ""MAZOWIECKIE"", ""country"": ""PL"", ""postal_code"": ""04-192""}",52.23318,21.12116,LEASE,761 PLN,per month,Hybrid,Automatic,FWD
239949,Nowy Compass e-Hybrid Plug-in First Edition · od 2228 PLN/mies.,Jeep Nowy Compass e-Hybrid Plug-in First Edition · Rata od 2228 PLN netto/mies. · Leasing B2B · WROCLAW · Sprawdź ofertę!,https://salon.jeep.pl/oferta/239949,https://cdn.fcapoland.pl/uploads/57/239949/42d413d15c57d2ed6fc0dd20afae871c.jpg,Jeep,Nowy Compass e-Hybrid Plug-in,2026,0,KM,SUV,Brązowozielony Amazonia + czarny dach,New,193900 PLN,PLN,"{""addr1"": ""UL. KARKONOSKA 45"", ""city"": ""WROCLAW"", ""region"": ""DOLNOŚLĄSKIE"", ""country"": ""PL"", ""postal_code"": ""53-015""}",51.063771,17.000116,LEASE,2228 PLN,per month,Hybrid,Automatic,FWD
239942,Nowy Compass e-Hybrid Plug-in First Edition · od 2348 PLN/mies.,Jeep Nowy Compass e-Hybrid Plug-in First Edition · Rata od 2348 PLN netto/mies. · Leasing B2B · STAROWA GORA · Sprawdź ofertę!,https://salon.jeep.pl/oferta/239942,https://cdn.fcapoland.pl/uploads/57/239942/c8a7ca6fff1b84ca2f75a4a5264fb6ae.jpg,Jeep,Nowy Compass e-Hybrid Plug-in,2026,0,KM,SUV,Brązowozielony Amazonia + czarny dach,New,192900 PLN,PLN,"{""addr1"": ""UL. GRANICZNA 2"", ""city"": ""STAROWA GORA"", ""region"": ""ŁÓDZKIE"", ""country"": ""PL"", ""postal_code"": ""95-030""}",51.686346,19.477061,LEASE,2348 PLN,per month,Hybrid,Automatic,FWD
239936,Nowy Compass e-Hybrid First Edition · od 1273 PLN/mies.,Jeep Nowy Compass e-Hybrid First Edition · Rata od 1273 PLN netto/mies. · Leasing B2B · GDANSK · Sprawdź ofertę!,https://salon.jeep.pl/oferta/239936,https://cdn.fcapoland.pl/uploads/57/239936/5859bb16cdf8ab260739e4b4aa11085e.jpg,Jeep,Nowy Compass e-Hybrid,2026,0,KM,SUV,Jasnozielony Hawai + czarny dach,New,162750 PLN,PLN,"{""addr1"": ""UL. POTOKOWA 15AC"", ""city"": ""GDANSK"", ""region"": ""POMORSKIE"", ""country"": ""PL"", ""postal_code"": ""80-283""}",54.368945,18.570911,LEASE,1273 PLN,per month,Hybrid,Automatic,FWD
239906,Avenger The North Face · od 1661 PLN/mies.,Jeep Avenger The North Face · Rata od 1661 PLN netto/mies. · Leasing B2B · GRUDZIADZ · Sprawdź ofertę!,https://salon.jeep.pl/oferta/239906,https://cdn.fcapoland.pl/uploads/57/239906/232b1e5fa0a106dcc0185a8952836f7a.jpg,Jeep,Avenger,2026,0,KM,SUV,Lakier pastelowy SNOW biały + czarny dach VOLCANO,New,129900 PLN,PLN,"{""addr1"": ""UL. PADEREWSKIEGO 183A"", ""city"": ""GRUDZIADZ"", ""region"": ""KUJAWSKO-POMORSKIE"", ""country"": ""PL"", ""postal_code"": ""86-300""}",53.50599,18.82049,LEASE,1661 PLN,per month,Hybrid,Automatic,FWD
239905,Avenger The North Face · od 1661 PLN/mies.,Jeep Avenger The North Face · Rata od 1661 PLN netto/mies. · Leasing B2B · GRUDZIADZ · Sprawdź ofertę!,https://salon.jeep.pl/oferta/239905,https://cdn.fcapoland.pl/uploads/57/239905/2faf993d1c2b831ace152060857ec332.jpg,Jeep,Avenger,2026,0,KM,SUV,Lakier pastelowy SNOW biały + czarny dach VOLCANO,New,129900 PLN,PLN,"{""addr1"": ""UL. PADEREWSKIEGO 183A"", ""city"": ""GRUDZIADZ"", ""region"": ""KUJAWSKO-POMORSKIE"", ""country"": ""PL"", ""postal_code"": ""86-300""}",53.50599,18.82049,LEASE,1661 PLN,per month,Hybrid,Automatic,FWD
239904,Avenger The North Face · od 1661 PLN/mies.,Jeep Avenger The North Face · Rata od 1661 PLN netto/mies. · Leasing B2B · GRUDZIADZ · Sprawdź ofertę!,https://salon.jeep.pl/oferta/239904,https://cdn.fcapoland.pl/uploads/57/239904/c8cad0963cd34edf281fd68415bda623.jpg,Jeep,Avenger,2026,0,KM,SUV,Lakier pastelowy SNOW biały + czarny dach VOLCANO,New,129900 PLN,PLN,"{""addr1"": ""UL. PADEREWSKIEGO 183A"", ""city"": ""GRUDZIADZ"", ""region"": ""KUJAWSKO-POMORSKIE"", ""country"": ""PL"", ""postal_code"": ""86-300""}",53.50599,18.82049,LEASE,1661 PLN,per month,Hybrid,Automatic,FWD
239890,Nowy Compass e-Hybrid Altitude · od 1294 PLN/mies.,Jeep Nowy Compass e-Hybrid Altitude · Rata od 1294 PLN netto/mies. · Leasing B2B · GDANSK · Sprawdź ofertę!,https://salon.jeep.pl/oferta/239890,https://cdn.fcapoland.pl/uploads/57/239890/9b0b879655be5d0fcd0ee226c449e535.jpg,Jeep,Nowy Compass e-Hybrid,2026,0,KM,SUV,Niebieski Pacific,New,153750 PLN,PLN,"{""addr1"": ""UL. POTOKOWA 15AC"", ""city"": ""GDANSK"", ""region"": ""POMORSKIE"", ""country"": ""PL"", ""postal_code"": ""80-283""}",54.368945,18.570911,LEASE,1294 PLN,per month,Hybrid,Automatic,FWD
239888,Nowy Compass e-Hybrid First Edition · od 1326 PLN/mies.,Jeep Nowy Compass e-Hybrid First Edition · Rata od 1326 PLN netto/mies. · Leasing B2B · STAROWA GORA · Sprawdź ofertę!,https://salon.jeep.pl/oferta/239888,https://cdn.fcapoland.pl/uploads/57/239888/3831d9cd62c728844b81673d47cbd3f9.jpg,Jeep,Nowy Compass e-Hybrid,2026,0,KM,SUV,Brązowozielony Amazonia,New,166500 PLN,PLN,"{""addr1"": ""UL. GRANICZNA 2"", ""city"": ""STAROWA GORA"", ""region"": ""ŁÓDZKIE"", ""country"": ""PL"", ""postal_code"": ""95-030""}",51.686346,19.477061,LEASE,1326 PLN,per month,Hybrid,Automatic,FWD
239839,Nowy Compass e-Hybrid Plug-in First Edition · od 2215 PLN/mies.,Jeep Nowy Compass e-Hybrid Plug-in First Edition · Rata od 2215 PLN netto/mies. · Leasing B2B · RZESZOW · Sprawdź ofertę!,https://salon.jeep.pl/oferta/239839,https://cdn.fcapoland.pl/uploads/57/239839/3b5e95dc95b41eab662c0f26ab482275.jpg,Jeep,Nowy Compass e-Hybrid Plug-in,2026,0,KM,SUV,Biały Antarctica + czarny dach,New,196500 PLN,PLN,"{""addr1"": ""UL. WARSZAWSKA 135"", ""city"": ""RZESZOW"", ""region"": ""PODKARPACKIE"", ""country"": ""PL"", ""postal_code"": ""35-205""}",50.081623,21.984324,LEASE,2215 PLN,per month,Hybrid,Automatic,FWD
239835,Nowy Compass e-Hybrid First Edition · od 1352 PLN/mies.,Jeep Nowy Compass e-Hybrid First Edition · Rata od 1352 PLN netto/mies. · Leasing B2B · GDANSK · Sprawdź ofertę!,https://salon.jeep.pl/oferta/239835,https://cdn.fcapoland.pl/uploads/57/239835/b492fc0de8bc67319c632ebbe5f05c7e.jpg,Jeep,Nowy Compass e-Hybrid,2026,0,KM,SUV,Szary Yosemite + czarny dach,New,157000 PLN,PLN,"{""addr1"": ""UL. POTOKOWA 15AC"", ""city"": ""GDANSK"", ""region"": ""POMORSKIE"", ""country"": ""PL"", ""postal_code"": ""80-283""}",54.368945,18.570911,LEASE,1352 PLN,per month,Hybrid,Automatic,FWD
239833,Nowy Compass e-Hybrid Summit · od 1811 PLN/mies.,Jeep Nowy Compass e-Hybrid Summit · Rata od 1811 PLN netto/mies. · Leasing B2B · KRAKOW · Sprawdź ofertę!,https://salon.jeep.pl/oferta/239833,https://cdn.fcapoland.pl/uploads/57/239833/04b9f9a9f6c8511450cc80b8d34d8ef2.jpg,Jeep,Nowy Compass e-Hybrid,2026,0,KM,SUV,Brązowozielony Amazonia + czarny dach,New,177200 PLN,PLN,"{""addr1"": ""UL.OPOLSKA 9"", ""city"": ""KRAKOW"", ""region"": ""MAŁOPOLSKIE"", ""country"": ""PL"", ""postal_code"": ""31-275""}",50.09034,19.93086,LEASE,1811 PLN,per month,Hybrid,Automatic,FWD
239826,Nowy Compass e-Hybrid Summit · od 1996 PLN/mies.,Jeep Nowy Compass e-Hybrid Summit · Rata od 1996 PLN netto/mies. · Leasing B2B · GRUDZIADZ · Sprawdź ofertę!,https://salon.jeep.pl/oferta/239826,https://cdn.fcapoland.pl/uploads/57/239826/4852353feb2a2029cf175640734c549e.jpg,Jeep,Nowy Compass e-Hybrid,2026,0,KM,SUV,Biały Antarctica + czarny dach,New,175900 PLN,PLN,"{""addr1"": ""UL. PADEREWSKIEGO 183A"", ""city"": ""GRUDZIADZ"", ""region"": ""KUJAWSKO-POMORSKIE"", ""country"": ""PL"", ""postal_code"": ""86-300""}",53.50599,18.82049,LEASE,1996 PLN,per month,Hybrid,Automatic,FWD
239701,Nowy Compass e-Hybrid First Edition · od 1242 PLN/mies.,Jeep Nowy Compass e-Hybrid First Edition · Rata od 1242 PLN netto/mies. · Leasing B2B · GLIWICE · Sprawdź ofertę!,https://salon.jeep.pl/oferta/239701,https://cdn.fcapoland.pl/uploads/57/239701/ffefea25a84eae115de252c1d7106c8f.jpg,Jeep,Nowy Compass e-Hybrid,2026,0,KM,SUV,Brązowozielony Amazonia + czarny dach,New,165228 PLN,PLN,"{""addr1"": ""UL. PSZCZYNSKA 306"", ""city"": ""GLIWICE"", ""region"": ""ŚLĄSKIE"", ""country"": ""PL"", ""postal_code"": ""44-100""}",50.269497,18.708107,LEASE,1242 PLN,per month,Hybrid,Automatic,FWD
239654,Avenger Black Edition · od 626 PLN/mies.,Jeep Avenger Black Edition · Rata od 626 PLN netto/mies. · Leasing B2B · KATOWICE · Sprawdź ofertę!,https://salon.jeep.pl/oferta/239654,https://cdn.fcapoland.pl/uploads/57/239654/c156bbf5ae5afb96a02de0f9e9cdd9ca.jpg,Jeep,Avenger,2026,0,KM,SUV,Lakier metaliczny GRANITE szary,New,103210 PLN,PLN,"{""addr1"": ""UL. KOSCIUSZKI 261"", ""city"": ""KATOWICE"", ""region"": ""ŚLĄSKIE"", ""country"": ""PL"", ""postal_code"": ""40-690""}",50.209822,18.965429,LEASE,626 PLN,per month,Hybrid,Automatic,FWD
239644,Nowy Compass e-Hybrid First Edition · od 1263 PLN/mies.,Jeep Nowy Compass e-Hybrid First Edition · Rata od 1263 PLN netto/mies. · Leasing B2B · ZIELONA GORA · Sprawdź ofertę!,https://salon.jeep.pl/oferta/239644,https://cdn.fcapoland.pl/uploads/57/239644/b216902cc6ae7def7b8c92369d9c2efd.jpg,Jeep,Nowy Compass e-Hybrid,2026,0,KM,SUV,Biały Antarctica + czarny dach,New,161025 PLN,PLN,"{""addr1"": ""UL. ST. BATOREGO 69A"", ""city"": ""ZIELONA GORA"", ""region"": ""LUBUSKIE"", ""country"": ""PL"", ""postal_code"": ""65-735""}",51.952379,15.499634,LEASE,1263 PLN,per month,Hybrid,Automatic,FWD
239481,Avenger Black Edition · od 648 PLN/mies.,Jeep Avenger Black Edition · Rata od 648 PLN netto/mies. · Leasing B2B · CZESTOCHOWA · Sprawdź ofertę!,https://salon.jeep.pl/oferta/239481,https://cdn.fcapoland.pl/uploads/57/239481/1_render.jpg,Jeep,Avenger,2026,0,KM,SUV,Lakier pastelowy SNOW biały,New,106925 PLN,PLN,"{""addr1"": ""UL. BUGAJSKA 6/8"", ""city"": ""CZESTOCHOWA"", ""region"": ""ŚLĄSKIE"", ""country"": ""PL"", ""postal_code"": ""42-200""}",50.76732,19.16543,LEASE,648 PLN,per month,Hybrid,Automatic,FWD
239477,Avenger Black Edition · od 625 PLN/mies.,Jeep Avenger Black Edition · Rata od 625 PLN netto/mies. · Leasing B2B · KATOWICE · Sprawdź ofertę!,https://salon.jeep.pl/oferta/239477,https://cdn.fcapoland.pl/uploads/57/239477/50b4991568e6bae7d7a03382eb8c1a45.jpg,Jeep,Avenger,2026,0,KM,SUV,Lakier pastelowy VOLCANO czarny,New,102950 PLN,PLN,"{""addr1"": ""UL. KOSCIUSZKI 261"", ""city"": ""KATOWICE"", ""region"": ""ŚLĄSKIE"", ""country"": ""PL"", ""postal_code"": ""40-690""}",50.209822,18.965429,LEASE,625 PLN,per month,Hybrid,Automatic,FWD
239476,Avenger Black Edition · od 690 PLN/mies.,Jeep Avenger Black Edition · Rata od 690 PLN netto/mies. · Leasing B2B · KATOWICE · Sprawdź ofertę!,https://salon.jeep.pl/oferta/239476,https://cdn.fcapoland.pl/uploads/57/239476/d31018384ae78591a2483118b8d5f5c1.jpg,Jeep,Avenger,2026,0,KM,SUV,Lakier pastelowy VOLCANO czarny,New,107580 PLN,PLN,"{""addr1"": ""UL. KOSCIUSZKI 261"", ""city"": ""KATOWICE"", ""region"": ""ŚLĄSKIE"", ""country"": ""PL"", ""postal_code"": ""40-690""}",50.209822,18.965429,LEASE,690 PLN,per month,Hybrid,Automatic,FWD
239442,Nowy Compass e-Hybrid First Edition · od 1169 PLN/mies.,Jeep Nowy Compass e-Hybrid First Edition · Rata od 1169 PLN netto/mies. · Leasing B2B · GLIWICE · Sprawdź ofertę!,https://salon.jeep.pl/oferta/239442,https://cdn.fcapoland.pl/uploads/57/239442/6e1645e27bed3e2f8d4d8e246e49821e.jpg,Jeep,Nowy Compass e-Hybrid,2026,0,KM,SUV,Jasnozielony Hawai + czarny dach,New,158172 PLN,PLN,"{""addr1"": ""UL. PSZCZYNSKA 306"", ""city"": ""GLIWICE"", ""region"": ""ŚLĄSKIE"", ""country"": ""PL"", ""postal_code"": ""44-100""}",50.269497,18.708107,LEASE,1169 PLN,per month,Hybrid,Automatic,FWD
239438,Nowy Compass e-Hybrid First Edition · od 1228 PLN/mies.,Jeep Nowy Compass e-Hybrid First Edition · Rata od 1228 PLN netto/mies. · Leasing B2B · WARSZAWA · Sprawdź ofertę!,https://salon.jeep.pl/oferta/239438,https://cdn.fcapoland.pl/uploads/57/239438/2f129123fe1924e6b4951c85dfd947bc.jpg,Jeep,Nowy Compass e-Hybrid,2026,0,KM,SUV,Jasnozielony Hawai + czarny dach,New,159970 PLN,PLN,"{""addr1"": ""UL. OSTROBRAMSKA  34"", ""city"": ""WARSZAWA"", ""region"": ""MAZOWIECKIE"", ""country"": ""PL"", ""postal_code"": ""04-192""}",52.23318,21.12116,LEASE,1228 PLN,per month,Hybrid,Automatic,FWD
239432,Nowy Compass e-Hybrid Plug-in First Edition · od 2214 PLN/mies.,Jeep Nowy Compass e-Hybrid Plug-in First Edition · Rata od 2214 PLN netto/mies. · Leasing B2B · NOWY TARG · Sprawdź ofertę!,https://salon.jeep.pl/oferta/239432,https://cdn.fcapoland.pl/uploads/57/239432/8d0cee0a4504995a101620498f996abc.jpg,Jeep,Nowy Compass e-Hybrid Plug-in,2026,0,KM,SUV,Czarny Vulcano,New,164858 PLN,PLN,"{""addr1"": ""UL. KRAKOWSKA 3"", ""city"": ""NOWY TARG"", ""region"": ""MAŁOPOLSKIE"", ""country"": ""PL"", ""postal_code"": ""34-400""}",49.45445,20.01966,LEASE,2214 PLN,per month,Hybrid,Automatic,FWD
239430,Nowy Compass e-Hybrid Plug-in First Edition · od 2221 PLN/mies.,Jeep Nowy Compass e-Hybrid Plug-in First Edition · Rata od 2221 PLN netto/mies. · Leasing B2B · NOWY TARG · Sprawdź ofertę!,https://salon.jeep.pl/oferta/239430,https://cdn.fcapoland.pl/uploads/57/239430/62e1784ea5a4e98d02bc36854ae58aa9.jpg,Jeep,Nowy Compass e-Hybrid Plug-in,2026,0,KM,SUV,Czarny Vulcano,New,165358 PLN,PLN,"{""addr1"": ""UL. KRAKOWSKA 3"", ""city"": ""NOWY TARG"", ""region"": ""MAŁOPOLSKIE"", ""country"": ""PL"", ""postal_code"": ""34-400""}",49.45445,20.01966,LEASE,2221 PLN,per month,Hybrid,Automatic,FWD
239427,Nowy Compass e-Hybrid Summit · od 1796 PLN/mies.,Jeep Nowy Compass e-Hybrid Summit · Rata od 1796 PLN netto/mies. · Leasing B2B · STAROWA GORA · Sprawdź ofertę!,https://salon.jeep.pl/oferta/239427,https://cdn.fcapoland.pl/uploads/57/239427/1e7c7cc80010fddbc2515657bb574554.jpg,Jeep,Nowy Compass e-Hybrid,2026,0,KM,SUV,Czarny Vulcano,New,176900 PLN,PLN,"{""addr1"": ""UL. GRANICZNA 2"", ""city"": ""STAROWA GORA"", ""region"": ""ŁÓDZKIE"", ""country"": ""PL"", ""postal_code"": ""95-030""}",51.686346,19.477061,LEASE,1796 PLN,per month,Hybrid,Automatic,FWD
239420,Nowy Compass e-Hybrid Summit · od 1755 PLN/mies.,Jeep Nowy Compass e-Hybrid Summit · Rata od 1755 PLN netto/mies. · Leasing B2B · KRAKOW · Sprawdź ofertę!,https://salon.jeep.pl/oferta/239420,https://cdn.fcapoland.pl/uploads/57/239420/4bdbf001b3d02c695878cbe6b210f6bb.jpg,Jeep,Nowy Compass e-Hybrid,2026,0,KM,SUV,Jasnozielony Hawai,New,171500 PLN,PLN,"{""addr1"": ""UL.OPOLSKA 9"", ""city"": ""KRAKOW"", ""region"": ""MAŁOPOLSKIE"", ""country"": ""PL"", ""postal_code"": ""31-275""}",50.09034,19.93086,LEASE,1755 PLN,per month,Hybrid,Automatic,FWD
239419,Nowy Compass e-Hybrid Plug-in First Edition · od 1978 PLN/mies.,Jeep Nowy Compass e-Hybrid Plug-in First Edition · Rata od 1978 PLN netto/mies. · Leasing B2B · NOWY TARG · Sprawdź ofertę!,https://salon.jeep.pl/oferta/239419,https://cdn.fcapoland.pl/uploads/57/239419/6455ab6ea9de322b6980fc4ab8e5a164.jpg,Jeep,Nowy Compass e-Hybrid Plug-in,2026,0,KM,SUV,Jasnozielony Hawai,New,171500 PLN,PLN,"{""addr1"": ""UL. KRAKOWSKA 3"", ""city"": ""NOWY TARG"", ""region"": ""MAŁOPOLSKIE"", ""country"": ""PL"", ""postal_code"": ""34-400""}",49.45445,20.01966,LEASE,1978 PLN,per month,Hybrid,Automatic,FWD
239418,Nowy Compass e-Hybrid Plug-in First Edition · od 1978 PLN/mies.,Jeep Nowy Compass e-Hybrid Plug-in First Edition · Rata od 1978 PLN netto/mies. · Leasing B2B · NOWY TARG · Sprawdź ofertę!,https://salon.jeep.pl/oferta/239418,https://cdn.fcapoland.pl/uploads/57/239418/fdd3d93eb3dc06ac44ed60bead434a52.jpg,Jeep,Nowy Compass e-Hybrid Plug-in,2026,0,KM,SUV,Jasnozielony Hawai,New,171500 PLN,PLN,"{""addr1"": ""UL. KRAKOWSKA 3"", ""city"": ""NOWY TARG"", ""region"": ""MAŁOPOLSKIE"", ""country"": ""PL"", ""postal_code"": ""34-400""}",49.45445,20.01966,LEASE,1978 PLN,per month,Hybrid,Automatic,FWD
239412,Nowy Compass e-Hybrid First Edition · od 1312 PLN/mies.,Jeep Nowy Compass e-Hybrid First Edition · Rata od 1312 PLN netto/mies. · Leasing B2B · GDANSK · Sprawdź ofertę!,https://salon.jeep.pl/oferta/239412,https://cdn.fcapoland.pl/uploads/57/239412/f3ad84e03978a0b2d529575d0b104bb4.jpg,Jeep,Nowy Compass e-Hybrid,2026,0,KM,SUV,Niebieski Pacific,New,162300 PLN,PLN,"{""addr1"": ""UL. POTOKOWA 15AC"", ""city"": ""GDANSK"", ""region"": ""POMORSKIE"", ""country"": ""PL"", ""postal_code"": ""80-283""}",54.368945,18.570911,LEASE,1312 PLN,per month,Hybrid,Automatic,FWD
239407,Nowy Compass e-Hybrid First Edition · od 1015 PLN/mies.,Jeep Nowy Compass e-Hybrid First Edition · Rata od 1015 PLN netto/mies. · Leasing B2B · RZESZOW · Sprawdź ofertę!,https://salon.jeep.pl/oferta/239407,https://cdn.fcapoland.pl/uploads/57/239407/61037c05b56a6af3ad820a19d69ca6fc.jpg,Jeep,Nowy Compass e-Hybrid,2026,0,KM,SUV,Biały Antarctica + czarny dach,New,154900 PLN,PLN,"{""addr1"": ""UL. WARSZAWSKA 135"", ""city"": ""RZESZOW"", ""region"": ""PODKARPACKIE"", ""country"": ""PL"", ""postal_code"": ""35-205""}",50.081623,21.984324,LEASE,1015 PLN,per month,Hybrid,Automatic,FWD
239262,Nowy Compass e-Hybrid First Edition · od 1316 PLN/mies.,Jeep Nowy Compass e-Hybrid First Edition · Rata od 1316 PLN netto/mies. · Leasing B2B · GDANSK · Sprawdź ofertę!,https://salon.jeep.pl/oferta/239262,https://cdn.fcapoland.pl/uploads/57/239262/de8fbe9df16d84217724ccbe9dbde2f7.jpg,Jeep,Nowy Compass e-Hybrid,2026,0,KM,SUV,Niebieski Pacific + czarny dach,New,162650 PLN,PLN,"{""addr1"": ""UL. POTOKOWA 15AC"", ""city"": ""GDANSK"", ""region"": ""POMORSKIE"", ""country"": ""PL"", ""postal_code"": ""80-283""}",54.368945,18.570911,LEASE,1316 PLN,per month,Hybrid,Automatic,FWD
239202,Nowy Compass e-Hybrid First Edition · od 1147 PLN/mies.,Jeep Nowy Compass e-Hybrid First Edition · Rata od 1147 PLN netto/mies. · Leasing B2B · NOWY TARG · Sprawdź ofertę!,https://salon.jeep.pl/oferta/239202,https://cdn.fcapoland.pl/uploads/57/239202/93b1efa5153c56424af875f617ca2058.jpg,Jeep,Nowy Compass e-Hybrid,2026,0,KM,SUV,Brązowozielony Amazonia + czarny dach,New,157500 PLN,PLN,"{""addr1"": ""UL. KRAKOWSKA 3"", ""city"": ""NOWY TARG"", ""region"": ""MAŁOPOLSKIE"", ""country"": ""PL"", ""postal_code"": ""34-400""}",49.45445,20.01966,LEASE,1147 PLN,per month,Hybrid,Automatic,FWD
239201,Nowy Compass e-Hybrid First Edition · od 1147 PLN/mies.,Jeep Nowy Compass e-Hybrid First Edition · Rata od 1147 PLN netto/mies. · Leasing B2B · NOWY TARG · Sprawdź ofertę!,https://salon.jeep.pl/oferta/239201,https://cdn.fcapoland.pl/uploads/57/239201/aaa2871a815aaaad3317bdcc9dd4aef4.jpg,Jeep,Nowy Compass e-Hybrid,2026,0,KM,SUV,Jasnozielony Hawai + czarny dach,New,157500 PLN,PLN,"{""addr1"": ""UL. KRAKOWSKA 3"", ""city"": ""NOWY TARG"", ""region"": ""MAŁOPOLSKIE"", ""country"": ""PL"", ""postal_code"": ""34-400""}",49.45445,20.01966,LEASE,1147 PLN,per month,Hybrid,Automatic,FWD
239197,Nowy Compass e-Hybrid Summit · od 1502 PLN/mies.,Jeep Nowy Compass e-Hybrid Summit · Rata od 1502 PLN netto/mies. · Leasing B2B · CZESTOCHOWA · Sprawdź ofertę!,https://salon.jeep.pl/oferta/239197,https://cdn.fcapoland.pl/uploads/57/239197/1_render.jpg,Jeep,Nowy Compass e-Hybrid,2026,0,KM,SUV,Biały Antarctica + czarny dach,New,171500 PLN,PLN,"{""addr1"": ""UL. BUGAJSKA 6/8"", ""city"": ""CZESTOCHOWA"", ""region"": ""ŚLĄSKIE"", ""country"": ""PL"", ""postal_code"": ""42-200""}",50.76732,19.16543,LEASE,1502 PLN,per month,Hybrid,Automatic,FWD
239158,Avenger The North Face · od 883 PLN/mies.,Jeep Avenger The North Face · Rata od 883 PLN netto/mies. · Leasing B2B · STAROWA GORA · Sprawdź ofertę!,https://salon.jeep.pl/oferta/239158,https://cdn.fcapoland.pl/uploads/57/239158/207e369043dc8ea0a6f61a293c219a15.jpg,Jeep,Avenger,2026,0,KM,SUV,Lakier pastelowy VOLCANO czarny,New,133500 PLN,PLN,"{""addr1"": ""UL. GRANICZNA 2"", ""city"": ""STAROWA GORA"", ""region"": ""ŁÓDZKIE"", ""country"": ""PL"", ""postal_code"": ""95-030""}",51.686346,19.477061,LEASE,883 PLN,per month,Hybrid,Automatic,FWD
239147,Nowy Compass e-Hybrid First Edition · od 1160 PLN/mies.,Jeep Nowy Compass e-Hybrid First Edition · Rata od 1160 PLN netto/mies. · Leasing B2B · CZESTOCHOWA · Sprawdź ofertę!,https://salon.jeep.pl/oferta/239147,https://cdn.fcapoland.pl/uploads/57/239147/e93c33f4b39ec473be3605e34adcb078.jpg,Jeep,Nowy Compass e-Hybrid,2026,0,KM,SUV,Biały Antarctica + czarny dach,New,157900 PLN,PLN,"{""addr1"": ""UL. BUGAJSKA 6/8"", ""city"": ""CZESTOCHOWA"", ""region"": ""ŚLĄSKIE"", ""country"": ""PL"", ""postal_code"": ""42-200""}",50.76732,19.16543,LEASE,1160 PLN,per month,Hybrid,Automatic,FWD
239145,Nowy Compass e-Hybrid First Edition · od 1065 PLN/mies.,Jeep Nowy Compass e-Hybrid First Edition · Rata od 1065 PLN netto/mies. · Leasing B2B · RZESZOW · Sprawdź ofertę!,https://salon.jeep.pl/oferta/239145,https://cdn.fcapoland.pl/uploads/57/239145/45b691837e90795dc0b7380b80f0c93c.jpg,Jeep,Nowy Compass e-Hybrid,2026,0,KM,SUV,Jasnozielony Hawai + czarny dach,New,155000 PLN,PLN,"{""addr1"": ""UL. WARSZAWSKA 135"", ""city"": ""RZESZOW"", ""region"": ""PODKARPACKIE"", ""country"": ""PL"", ""postal_code"": ""35-205""}",50.081623,21.984324,LEASE,1065 PLN,per month,Hybrid,Automatic,FWD
239040,Avenger The North Face · od 883 PLN/mies.,Jeep Avenger The North Face · Rata od 883 PLN netto/mies. · Leasing B2B · STAROWA GORA · Sprawdź ofertę!,https://salon.jeep.pl/oferta/239040,https://cdn.fcapoland.pl/uploads/57/239040/0dac71dacb5a7525efcbc28b3efb1634.jpg,Jeep,Avenger,2026,0,KM,SUV,Lakier pastelowy VOLCANO czarny,New,133500 PLN,PLN,"{""addr1"": ""UL. GRANICZNA 2"", ""city"": ""STAROWA GORA"", ""region"": ""ŁÓDZKIE"", ""country"": ""PL"", ""postal_code"": ""95-030""}",51.686346,19.477061,LEASE,883 PLN,per month,Hybrid,Automatic,FWD
238993,Nowy Compass e-Hybrid First Edition · od 1263 PLN/mies.,Jeep Nowy Compass e-Hybrid First Edition · Rata od 1263 PLN netto/mies. · Leasing B2B · SZCZECIN · Sprawdź ofertę!,https://salon.jeep.pl/oferta/238993,https://cdn.fcapoland.pl/uploads/57/238993/09487fb04d1a5c93a7f7a3fde4ba9f1c.jpg,Jeep,Nowy Compass e-Hybrid,2026,0,KM,SUV,Niebieski Pacific + czarny dach,New,161025 PLN,PLN,"{""addr1"": ""USTOWO 57"", ""city"": ""SZCZECIN"", ""region"": ""ZACHODNIOPOMORSKIE"", ""country"": ""PL"", ""postal_code"": ""71-001""}",53.38756,14.498444,LEASE,1263 PLN,per month,Hybrid,Automatic,FWD
238974,Nowy Compass e-Hybrid Plug-in First Edition · od 2155 PLN/mies.,Jeep Nowy Compass e-Hybrid Plug-in First Edition · Rata od 2155 PLN netto/mies. · Leasing B2B · KATOWICE · Sprawdź ofertę!,https://salon.jeep.pl/oferta/238974,https://cdn.fcapoland.pl/uploads/57/238974/3aeb60b6e3c8a4f56ec9dda6339dd550.jpg,Jeep,Nowy Compass e-Hybrid Plug-in,2026,0,KM,SUV,Brązowozielony Amazonia + czarny dach,New,186900 PLN,PLN,"{""addr1"": ""UL. KOSCIUSZKI 261"", ""city"": ""KATOWICE"", ""region"": ""ŚLĄSKIE"", ""country"": ""PL"", ""postal_code"": ""40-690""}",50.209822,18.965429,LEASE,2155 PLN,per month,Hybrid,Automatic,FWD
238927,Avenger Overland · od 868 PLN/mies.,Jeep Avenger Overland · Rata od 868 PLN netto/mies. · Leasing B2B · RYBNIK · Sprawdź ofertę!,https://salon.jeep.pl/oferta/238927,https://cdn.fcapoland.pl/uploads/57/238927/ab20a1696e78d78c71b52e09de9a8c90.jpg,Jeep,Avenger,2026,0,KM,SUV,Lakier metaliczny GRANITE szary + czarny dach VOLCANO,New,128166 PLN,PLN,"{""addr1"": ""UL. ZORSKA 75"", ""city"": ""RYBNIK"", ""region"": ""ŚLĄSKIE"", ""country"": ""PL"", ""postal_code"": ""44-203""}",50.09212,18.57415,LEASE,868 PLN,per month,Hybrid,Automatic,FWD
238926,Avenger Overland · od 868 PLN/mies.,Jeep Avenger Overland · Rata od 868 PLN netto/mies. · Leasing B2B · RYBNIK · Sprawdź ofertę!,https://salon.jeep.pl/oferta/238926,https://cdn.fcapoland.pl/uploads/57/238926/129ed82d4c9393829370f6754955eec9.jpg,Jeep,Avenger,2026,0,KM,SUV,Lakier metaliczny GRANITE szary + czarny dach VOLCANO,New,128166 PLN,PLN,"{""addr1"": ""UL. ZORSKA 75"", ""city"": ""RYBNIK"", ""region"": ""ŚLĄSKIE"", ""country"": ""PL"", ""postal_code"": ""44-203""}",50.09212,18.57415,LEASE,868 PLN,per month,Hybrid,Automatic,FWD
238921,Nowy Compass e-Hybrid First Edition · od 2014 PLN/mies.,Jeep Nowy Compass e-Hybrid First Edition · Rata od 2014 PLN netto/mies. · Leasing B2B · KRAKOW · Sprawdź ofertę!,https://salon.jeep.pl/oferta/238921,https://cdn.fcapoland.pl/uploads/57/238921/29af6add0c54cd7d88ee90544d7daf30.jpg,Jeep,Nowy Compass e-Hybrid,2026,0,KM,SUV,Szary Yosemite,New,149900 PLN,PLN,"{""addr1"": ""UL.OPOLSKA 9"", ""city"": ""KRAKOW"", ""region"": ""MAŁOPOLSKIE"", ""country"": ""PL"", ""postal_code"": ""31-275""}",50.09034,19.93086,LEASE,2014 PLN,per month,Hybrid,Automatic,FWD
238904,Nowy Compass e-Hybrid First Edition · od 2054 PLN/mies.,Jeep Nowy Compass e-Hybrid First Edition · Rata od 2054 PLN netto/mies. · Leasing B2B · KRAKOW · Sprawdź ofertę!,https://salon.jeep.pl/oferta/238904,https://cdn.fcapoland.pl/uploads/57/238904/c0c4730d7cb312491f14104dd8f828cb.jpg,Jeep,Nowy Compass e-Hybrid,2026,0,KM,SUV,Biały Antarctica + czarny dach,New,152900 PLN,PLN,"{""addr1"": ""UL.OPOLSKA 9"", ""city"": ""KRAKOW"", ""region"": ""MAŁOPOLSKIE"", ""country"": ""PL"", ""postal_code"": ""31-275""}",50.09034,19.93086,LEASE,2054 PLN,per month,Hybrid,Automatic,FWD
238850,Nowy Compass e-Hybrid First Edition · od 1316 PLN/mies.,Jeep Nowy Compass e-Hybrid First Edition · Rata od 1316 PLN netto/mies. · Leasing B2B · GDANSK · Sprawdź ofertę!,https://salon.jeep.pl/oferta/238850,https://cdn.fcapoland.pl/uploads/57/238850/da761de64ba157a05d01ceb8e8d2d71a.jpg,Jeep,Nowy Compass e-Hybrid,2026,0,KM,SUV,Brązowozielony Amazonia + czarny dach,New,162650 PLN,PLN,"{""addr1"": ""UL. POTOKOWA 15AC"", ""city"": ""GDANSK"", ""region"": ""POMORSKIE"", ""country"": ""PL"", ""postal_code"": ""80-283""}",54.368945,18.570911,LEASE,1316 PLN,per month,Hybrid,Automatic,FWD
238842,Nowy Compass e-Hybrid First Edition · od 1199 PLN/mies.,Jeep Nowy Compass e-Hybrid First Edition · Rata od 1199 PLN netto/mies. · Leasing B2B · NOWY TARG · Sprawdź ofertę!,https://salon.jeep.pl/oferta/238842,https://cdn.fcapoland.pl/uploads/57/238842/74d8fd597aa5ac00bb74e504c000dec5.jpg,Jeep,Nowy Compass e-Hybrid,2026,0,KM,SUV,Biały Antarctica + czarny dach,New,160500 PLN,PLN,"{""addr1"": ""UL. KRAKOWSKA 3"", ""city"": ""NOWY TARG"", ""region"": ""MAŁOPOLSKIE"", ""country"": ""PL"", ""postal_code"": ""34-400""}",49.45445,20.01966,LEASE,1199 PLN,per month,Hybrid,Automatic,FWD
238819,Nowy Compass e-Hybrid First Edition · od 1267 PLN/mies.,Jeep Nowy Compass e-Hybrid First Edition · Rata od 1267 PLN netto/mies. · Leasing B2B · KRAKOW · Sprawdź ofertę!,https://salon.jeep.pl/oferta/238819,https://cdn.fcapoland.pl/uploads/57/238819/71713d79144eb5cb5978fdf17b65a505.jpg,Jeep,Nowy Compass e-Hybrid,2026,0,KM,SUV,Jasnozielony Hawai + czarny dach,New,161500 PLN,PLN,"{""addr1"": ""UL. ARMII KRAJOWEJ 21"", ""city"": ""KRAKOW"", ""region"": ""MAŁOPOLSKIE"", ""country"": ""PL"", ""postal_code"": ""30-150""}",50.070766,19.893652,LEASE,1267 PLN,per month,Hybrid,Automatic,FWD
238805,Nowy Compass e-Hybrid Plug-in First Edition · od 2402 PLN/mies.,Jeep Nowy Compass e-Hybrid Plug-in First Edition · Rata od 2402 PLN netto/mies. · Leasing B2B · GDANSK · Sprawdź ofertę!,https://salon.jeep.pl/oferta/238805,https://cdn.fcapoland.pl/uploads/57/238805/627608d5516c15181c19ab854365ebb1.jpg,Jeep,Nowy Compass e-Hybrid Plug-in,2026,0,KM,SUV,Czarny Vulcano,New,197050 PLN,PLN,"{""addr1"": ""UL. POTOKOWA 15AC"", ""city"": ""GDANSK"", ""region"": ""POMORSKIE"", ""country"": ""PL"", ""postal_code"": ""80-283""}",54.368945,18.570911,LEASE,2402 PLN,per month,Hybrid,Automatic,FWD
238695,Avenger Black Edition · od 741 PLN/mies.,Jeep Avenger Black Edition · Rata od 741 PLN netto/mies. · Leasing B2B · WROCLAW · Sprawdź ofertę!,https://salon.jeep.pl/oferta/238695,https://cdn.fcapoland.pl/uploads/57/238695/1_render.jpg,Jeep,Avenger,2026,0,KM,SUV,Lakier pastelowy RUBY czerwony + czarny dach VOLCANO,New,109532 PLN,PLN,"{""addr1"": ""UL. KARKONOSKA 45"", ""city"": ""WROCLAW"", ""region"": ""DOLNOŚLĄSKIE"", ""country"": ""PL"", ""postal_code"": ""53-015""}",51.063771,17.000116,LEASE,741 PLN,per month,Hybrid,Automatic,FWD
238688,Nowy Compass e-Hybrid First Edition · od 2013 PLN/mies.,Jeep Nowy Compass e-Hybrid First Edition · Rata od 2013 PLN netto/mies. · Leasing B2B · CZESTOCHOWA · Sprawdź ofertę!,https://salon.jeep.pl/oferta/238688,https://cdn.fcapoland.pl/uploads/57/238688/7243bdff672f12218ad708d55ba865fd.jpg,Jeep,Nowy Compass e-Hybrid,2026,0,KM,SUV,Niebieski Pacific + czarny dach,New,149800 PLN,PLN,"{""addr1"": ""UL. BUGAJSKA 6/8"", ""city"": ""CZESTOCHOWA"", ""region"": ""ŚLĄSKIE"", ""country"": ""PL"", ""postal_code"": ""42-200""}",50.76732,19.16543,LEASE,2013 PLN,per month,Hybrid,Automatic,FWD
238685,Nowy Compass e-Hybrid First Edition · od 1657 PLN/mies.,Jeep Nowy Compass e-Hybrid First Edition · Rata od 1657 PLN netto/mies. · Leasing B2B · GRUDZIADZ · Sprawdź ofertę!,https://salon.jeep.pl/oferta/238685,https://cdn.fcapoland.pl/uploads/57/238685/43fcaa08534a39082288132e4ebd27f9.jpg,Jeep,Nowy Compass e-Hybrid,2026,0,KM,SUV,Czarny Vulcano,New,153300 PLN,PLN,"{""addr1"": ""UL. PADEREWSKIEGO 183A"", ""city"": ""GRUDZIADZ"", ""region"": ""KUJAWSKO-POMORSKIE"", ""country"": ""PL"", ""postal_code"": ""86-300""}",53.50599,18.82049,LEASE,1657 PLN,per month,Hybrid,Automatic,FWD
238683,Nowy Compass e-Hybrid First Edition · od 1280 PLN/mies.,Jeep Nowy Compass e-Hybrid First Edition · Rata od 1280 PLN netto/mies. · Leasing B2B · GDANSK · Sprawdź ofertę!,https://salon.jeep.pl/oferta/238683,https://cdn.fcapoland.pl/uploads/57/238683/8b1acb1f4159e7ce26d56929f3905b9c.jpg,Jeep,Nowy Compass e-Hybrid,2026,0,KM,SUV,Niebieski Pacific + czarny dach,New,159900 PLN,PLN,"{""addr1"": ""UL. POTOKOWA 15AC"", ""city"": ""GDANSK"", ""region"": ""POMORSKIE"", ""country"": ""PL"", ""postal_code"": ""80-283""}",54.368945,18.570911,LEASE,1280 PLN,per month,Hybrid,Automatic,FWD
238680,Nowy Compass e-Hybrid First Edition · od 1253 PLN/mies.,Jeep Nowy Compass e-Hybrid First Edition · Rata od 1253 PLN netto/mies. · Leasing B2B · BIALYSTOK · Sprawdź ofertę!,https://salon.jeep.pl/oferta/238680,https://cdn.fcapoland.pl/uploads/57/238680/1_render.jpg,Jeep,Nowy Compass e-Hybrid,2026,0,KM,SUV,Szary Yosemite,New,159100 PLN,PLN,"{""addr1"": ""UL. GEN ST. MACZKA 51"", ""city"": ""BIALYSTOK"", ""region"": ""PODLASKIE"", ""country"": ""PL"", ""postal_code"": ""15-697""}",53.1563,23.1446,LEASE,1253 PLN,per month,Hybrid,Automatic,FWD
238674,Nowy Compass e-Hybrid Summit · od 1612 PLN/mies.,Jeep Nowy Compass e-Hybrid Summit · Rata od 1612 PLN netto/mies. · Leasing B2B · BIALYSTOK · Sprawdź ofertę!,https://salon.jeep.pl/oferta/238674,https://cdn.fcapoland.pl/uploads/57/238674/1_render.jpg,Jeep,Nowy Compass e-Hybrid,2026,0,KM,SUV,Niebieski Pacific + czarny dach,New,174857 PLN,PLN,"{""addr1"": ""UL. GEN ST. MACZKA 51"", ""city"": ""BIALYSTOK"", ""region"": ""PODLASKIE"", ""country"": ""PL"", ""postal_code"": ""15-697""}",53.1563,23.1446,LEASE,1612 PLN,per month,Hybrid,Automatic,FWD
238673,Nowy Compass e-Hybrid First Edition · od 1366 PLN/mies.,Jeep Nowy Compass e-Hybrid First Edition · Rata od 1366 PLN netto/mies. · Leasing B2B · RYBNIK · Sprawdź ofertę!,https://salon.jeep.pl/oferta/238673,https://cdn.fcapoland.pl/uploads/57/238673/129a240c4976ccdc86d8291a28a8429e.jpg,Jeep,Nowy Compass e-Hybrid,2026,0,KM,SUV,Niebieski Pacific + czarny dach,New,169025 PLN,PLN,"{""addr1"": ""UL. ZORSKA 75"", ""city"": ""RYBNIK"", ""region"": ""ŚLĄSKIE"", ""country"": ""PL"", ""postal_code"": ""44-203""}",50.09212,18.57415,LEASE,1366 PLN,per month,Hybrid,Automatic,FWD
238576,Avenger Black Edition · od 1574 PLN/mies.,Jeep Avenger Black Edition · Rata od 1574 PLN netto/mies. · Leasing B2B · ZIELONA GORA · Sprawdź ofertę!,https://salon.jeep.pl/oferta/238576,https://cdn.fcapoland.pl/uploads/57/238576/6826bbe93da1aa85c94d6f80d1a6c6a5.jpg,Jeep,Avenger,2026,0,KM,SUV,Lakier pastelowy VOLCANO czarny,New,116950 PLN,PLN,"{""addr1"": ""UL. ST. BATOREGO 69A"", ""city"": ""ZIELONA GORA"", ""region"": ""LUBUSKIE"", ""country"": ""PL"", ""postal_code"": ""65-735""}",51.952379,15.499634,LEASE,1574 PLN,per month,Hybrid,Automatic,FWD
238573,Avenger Black Edition · od 726 PLN/mies.,Jeep Avenger Black Edition · Rata od 726 PLN netto/mies. · Leasing B2B · GLIWICE · Sprawdź ofertę!,https://salon.jeep.pl/oferta/238573,https://cdn.fcapoland.pl/uploads/57/238573/f4b4577594875dad05112fe38c68473b.jpg,Jeep,Avenger,2026,0,KM,SUV,Lakier pastelowy VOLCANO czarny,New,107376 PLN,PLN,"{""addr1"": ""UL. PSZCZYNSKA 306"", ""city"": ""GLIWICE"", ""region"": ""ŚLĄSKIE"", ""country"": ""PL"", ""postal_code"": ""44-100""}",50.269497,18.708107,LEASE,726 PLN,per month,Hybrid,Automatic,FWD
238570,Avenger Altitude · od 1434 PLN/mies.,Jeep Avenger Altitude · Rata od 1434 PLN netto/mies. · Leasing B2B · BIELSKO-BIAŁA · Sprawdź ofertę!,https://salon.jeep.pl/oferta/238570,https://cdn.fcapoland.pl/uploads/57/238570/3c3c5264bec117181b5ed52a619bde96.jpg,Jeep,Avenger,2026,0,KM,SUV,Lakier metaliczny GRANITE szary,New,106500 PLN,PLN,"{""addr1"": ""UL. WARSZAWSKA 158"", ""city"": ""BIELSKO-BIAŁA"", ""region"": ""ŚLĄSKIE"", ""country"": ""PL"", ""postal_code"": ""43-300""}",49.84307,19.03564,LEASE,1434 PLN,per month,Hybrid,Automatic,FWD
238567,Avenger Summit · od 2038 PLN/mies.,Jeep Avenger Summit · Rata od 2038 PLN netto/mies. · Leasing B2B · ŻORY · Sprawdź ofertę!,https://salon.jeep.pl/oferta/238567,https://cdn.fcapoland.pl/uploads/57/238567/42e44b010e6c400c02cc67db036209ce.jpg,Jeep,Avenger,2026,0,KM,SUV,Lakier metaliczny GRANITE szary,New,151658 PLN,PLN,"{""addr1"": ""UL. KOŚCIUSZKI 79"", ""city"": ""ŻORY"", ""region"": ""ŚLĄSKIE"", ""country"": ""PL"", ""postal_code"": ""44-240""}",50.03099,18.70503,LEASE,2038 PLN,per month,Electric,Automatic,FWD
238565,Avenger Black Edition · od 1454 PLN/mies.,Jeep Avenger Black Edition · Rata od 1454 PLN netto/mies. · Leasing B2B · BIELSKO-BIAŁA · Sprawdź ofertę!,https://salon.jeep.pl/oferta/238565,https://cdn.fcapoland.pl/uploads/57/238565/6598d0e9d07bb872fb85c6825c2b4732.jpg,Jeep,Avenger,2026,0,KM,SUV,Lakier pastelowy SNOW biały + czarny dach VOLCANO,New,108000 PLN,PLN,"{""addr1"": ""UL. WARSZAWSKA 158"", ""city"": ""BIELSKO-BIAŁA"", ""region"": ""ŚLĄSKIE"", ""country"": ""PL"", ""postal_code"": ""43-300""}",49.84307,19.03564,LEASE,1454 PLN,per month,Hybrid,Automatic,FWD
238562,Avenger Black Edition · od 1006 PLN/mies.,Jeep Avenger Black Edition · Rata od 1006 PLN netto/mies. · Leasing B2B · KATOWICE · Sprawdź ofertę!,https://salon.jeep.pl/oferta/238562,https://cdn.fcapoland.pl/uploads/57/238562/4ac6b6589ccef82075e21c9234a5e7b6.jpg,Jeep,Avenger,2026,0,KM,SUV,Lakier metaliczny STONE beżowy,New,116000 PLN,PLN,"{""addr1"": ""UL. ROZDZIENSKIEGO 170"", ""city"": ""KATOWICE"", ""region"": ""ŚLĄSKIE"", ""country"": ""PL"", ""postal_code"": ""40-203""}",50.264478,19.050486,LEASE,1006 PLN,per month,Hybrid,Automatic,FWD
238528,Nowy Compass e-Hybrid First Edition · od 1160 PLN/mies.,Jeep Nowy Compass e-Hybrid First Edition · Rata od 1160 PLN netto/mies. · Leasing B2B · KALISZ · Sprawdź ofertę!,https://salon.jeep.pl/oferta/238528,https://cdn.fcapoland.pl/uploads/57/238528/2d7bd2536897580805f1c34ac24b1ae4.jpg,Jeep,Nowy Compass e-Hybrid,2026,0,KM,SUV,Jasnozielony Hawai + czarny dach,New,157900 PLN,PLN,"{""addr1"": ""UL. WROCLAWSKA 27"", ""city"": ""KALISZ"", ""region"": ""WIELKOPOLSKIE"", ""country"": ""PL"", ""postal_code"": ""62-800""}",51.7429,18.06292,LEASE,1160 PLN,per month,Hybrid,Automatic,FWD
238527,Nowy Compass e-Hybrid First Edition · od 2014 PLN/mies.,Jeep Nowy Compass e-Hybrid First Edition · Rata od 2014 PLN netto/mies. · Leasing B2B · KRAKOW · Sprawdź ofertę!,https://salon.jeep.pl/oferta/238527,https://cdn.fcapoland.pl/uploads/57/238527/79d0def141df1f89665e4aee6b206ef2.jpg,Jeep,Nowy Compass e-Hybrid,2026,0,KM,SUV,Czarny Vulcano,New,149900 PLN,PLN,"{""addr1"": ""UL.OPOLSKA 9"", ""city"": ""KRAKOW"", ""region"": ""MAŁOPOLSKIE"", ""country"": ""PL"", ""postal_code"": ""31-275""}",50.09034,19.93086,LEASE,2014 PLN,per month,Hybrid,Automatic,FWD
238525,Nowy Compass e-Hybrid First Edition · od 1316 PLN/mies.,Jeep Nowy Compass e-Hybrid First Edition · Rata od 1316 PLN netto/mies. · Leasing B2B · GDANSK · Sprawdź ofertę!,https://salon.jeep.pl/oferta/238525,https://cdn.fcapoland.pl/uploads/57/238525/0396fa424e764d029fc666de22581321.jpg,Jeep,Nowy Compass e-Hybrid,2026,0,KM,SUV,Brązowozielony Amazonia + czarny dach,New,162650 PLN,PLN,"{""addr1"": ""UL. POTOKOWA 15AC"", ""city"": ""GDANSK"", ""region"": ""POMORSKIE"", ""country"": ""PL"", ""postal_code"": ""80-283""}",54.368945,18.570911,LEASE,1316 PLN,per month,Hybrid,Automatic,FWD
238523,Nowy Compass e-Hybrid First Edition · od 1279 PLN/mies.,Jeep Nowy Compass e-Hybrid First Edition · Rata od 1279 PLN netto/mies. · Leasing B2B · BIALYSTOK · Sprawdź ofertę!,https://salon.jeep.pl/oferta/238523,https://cdn.fcapoland.pl/uploads/57/238523/1_render.jpg,Jeep,Nowy Compass e-Hybrid,2026,0,KM,SUV,Niebieski Pacific + czarny dach,New,161525 PLN,PLN,"{""addr1"": ""UL. GEN ST. MACZKA 51"", ""city"": ""BIALYSTOK"", ""region"": ""PODLASKIE"", ""country"": ""PL"", ""postal_code"": ""15-697""}",53.1563,23.1446,LEASE,1279 PLN,per month,Hybrid,Automatic,FWD
238463,Avenger Altitude · od 1041 PLN/mies.,Jeep Avenger Altitude · Rata od 1041 PLN netto/mies. · Leasing B2B · BIALYSTOK · Sprawdź ofertę!,https://salon.jeep.pl/oferta/238463,https://cdn.fcapoland.pl/uploads/57/238463/1_render.jpg,Jeep,Avenger,2026,0,KM,SUV,Lakier metaliczny STONE beżowy,New,116126 PLN,PLN,"{""addr1"": ""UL. GEN ST. MACZKA 51"", ""city"": ""BIALYSTOK"", ""region"": ""PODLASKIE"", ""country"": ""PL"", ""postal_code"": ""15-697""}",53.1563,23.1446,LEASE,1041 PLN,per month,Hybrid,Automatic,FWD
238459,Avenger Black Edition · od 741 PLN/mies.,Jeep Avenger Black Edition · Rata od 741 PLN netto/mies. · Leasing B2B · STAROWA GORA · Sprawdź ofertę!,https://salon.jeep.pl/oferta/238459,https://cdn.fcapoland.pl/uploads/57/238459/616707f2bed036949b32c59a048f8b84.jpg,Jeep,Avenger,2026,0,KM,SUV,Lakier pastelowy SNOW biały + czarny dach VOLCANO,New,112500 PLN,PLN,"{""addr1"": ""UL. GRANICZNA 2"", ""city"": ""STAROWA GORA"", ""region"": ""ŁÓDZKIE"", ""country"": ""PL"", ""postal_code"": ""95-030""}",51.686346,19.477061,LEASE,741 PLN,per month,Hybrid,Automatic,FWD
238458,Avenger Black Edition · od 749 PLN/mies.,Jeep Avenger Black Edition · Rata od 749 PLN netto/mies. · Leasing B2B · KRAKOW · Sprawdź ofertę!,https://salon.jeep.pl/oferta/238458,https://cdn.fcapoland.pl/uploads/57/238458/3d88cc239139a5de3daced07649bf6e0.jpg,Jeep,Avenger,2026,0,KM,SUV,Lakier pastelowy SNOW biały + czarny dach VOLCANO,New,112500 PLN,PLN,"{""addr1"": ""UL. ARMII KRAJOWEJ 21"", ""city"": ""KRAKOW"", ""region"": ""MAŁOPOLSKIE"", ""country"": ""PL"", ""postal_code"": ""30-150""}",50.070766,19.893652,LEASE,749 PLN,per month,Hybrid,Automatic,FWD
238456,Avenger Black Edition · od 741 PLN/mies.,Jeep Avenger Black Edition · Rata od 741 PLN netto/mies. · Leasing B2B · KRAKOW · Sprawdź ofertę!,https://salon.jeep.pl/oferta/238456,https://cdn.fcapoland.pl/uploads/57/238456/b48a39999486d37b4913b05377c2e9ae.jpg,Jeep,Avenger,2026,0,KM,SUV,Lakier pastelowy SNOW biały + czarny dach VOLCANO,New,112500 PLN,PLN,"{""addr1"": ""UL. ARMII KRAJOWEJ 21"", ""city"": ""KRAKOW"", ""region"": ""MAŁOPOLSKIE"", ""country"": ""PL"", ""postal_code"": ""30-150""}",50.070766,19.893652,LEASE,741 PLN,per month,Hybrid,Automatic,FWD
238453,Avenger Black Edition · od 700 PLN/mies.,Jeep Avenger Black Edition · Rata od 700 PLN netto/mies. · Leasing B2B · WARSZAWA · Sprawdź ofertę!,https://salon.jeep.pl/oferta/238453,https://cdn.fcapoland.pl/uploads/57/238453/cd79d7cbfddc40734b620c401150a148.jpg,Jeep,Avenger,2026,0,KM,SUV,Lakier pastelowy SNOW biały + czarny dach VOLCANO,New,110970 PLN,PLN,"{""addr1"": ""UL. OSTROBRAMSKA  34"", ""city"": ""WARSZAWA"", ""region"": ""MAZOWIECKIE"", ""country"": ""PL"", ""postal_code"": ""04-192""}",52.23318,21.12116,LEASE,700 PLN,per month,Hybrid,Automatic,FWD
238445,Nowy Compass e-Hybrid First Edition · od 1267 PLN/mies.,Jeep Nowy Compass e-Hybrid First Edition · Rata od 1267 PLN netto/mies. · Leasing B2B · KRAKOW · Sprawdź ofertę!,https://salon.jeep.pl/oferta/238445,https://cdn.fcapoland.pl/uploads/57/238445/f847b611b18c7c5c7d14b2242f6477c8.jpg,Jeep,Nowy Compass e-Hybrid,2026,0,KM,SUV,Brązowozielony Amazonia + czarny dach,New,161500 PLN,PLN,"{""addr1"": ""UL. ARMII KRAJOWEJ 21"", ""city"": ""KRAKOW"", ""region"": ""MAŁOPOLSKIE"", ""country"": ""PL"", ""postal_code"": ""30-150""}",50.070766,19.893652,LEASE,1267 PLN,per month,Hybrid,Automatic,FWD
238443,Nowy Compass e-Hybrid Plug-in First Edition · od 2228 PLN/mies.,Jeep Nowy Compass e-Hybrid Plug-in First Edition · Rata od 2228 PLN netto/mies. · Leasing B2B · WROCLAW · Sprawdź ofertę!,https://salon.jeep.pl/oferta/238443,https://cdn.fcapoland.pl/uploads/57/238443/84466df3118b509433f5c8dd82664f27.jpg,Jeep,Nowy Compass e-Hybrid Plug-in,2026,0,KM,SUV,Niebieski Pacific + czarny dach,New,193900 PLN,PLN,"{""addr1"": ""UL. KARKONOSKA 45"", ""city"": ""WROCLAW"", ""region"": ""DOLNOŚLĄSKIE"", ""country"": ""PL"", ""postal_code"": ""53-015""}",51.063771,17.000116,LEASE,2228 PLN,per month,Hybrid,Automatic,FWD
238437,Nowy Compass e-Hybrid First Edition · od 1280 PLN/mies.,Jeep Nowy Compass e-Hybrid First Edition · Rata od 1280 PLN netto/mies. · Leasing B2B · GDANSK · Sprawdź ofertę!,https://salon.jeep.pl/oferta/238437,https://cdn.fcapoland.pl/uploads/57/238437/582e554d8e8e02529e70d9373d13a1fc.jpg,Jeep,Nowy Compass e-Hybrid,2026,0,KM,SUV,Niebieski Pacific + czarny dach,New,159900 PLN,PLN,"{""addr1"": ""UL. POTOKOWA 15AC"", ""city"": ""GDANSK"", ""region"": ""POMORSKIE"", ""country"": ""PL"", ""postal_code"": ""80-283""}",54.368945,18.570911,LEASE,1280 PLN,per month,Hybrid,Automatic,FWD
238436,Nowy Compass e-Hybrid First Edition · od 2014 PLN/mies.,Jeep Nowy Compass e-Hybrid First Edition · Rata od 2014 PLN netto/mies. · Leasing B2B · KRAKOW · Sprawdź ofertę!,https://salon.jeep.pl/oferta/238436,https://cdn.fcapoland.pl/uploads/57/238436/4433a9499763a0b4b0c977fdbae2b749.jpg,Jeep,Nowy Compass e-Hybrid,2026,0,KM,SUV,Niebieski Pacific + czarny dach,New,149900 PLN,PLN,"{""addr1"": ""UL.OPOLSKA 9"", ""city"": ""KRAKOW"", ""region"": ""MAŁOPOLSKIE"", ""country"": ""PL"", ""postal_code"": ""31-275""}",50.09034,19.93086,LEASE,2014 PLN,per month,Hybrid,Automatic,FWD
238420,Nowy Compass e-Hybrid Plug-in First Edition · od 2190 PLN/mies.,Jeep Nowy Compass e-Hybrid Plug-in First Edition · Rata od 2190 PLN netto/mies. · Leasing B2B · KALISZ · Sprawdź ofertę!,https://salon.jeep.pl/oferta/238420,https://cdn.fcapoland.pl/uploads/57/238420/937c65cc6c0f9ed1023952215f1ee54b.jpg,Jeep,Nowy Compass e-Hybrid Plug-in,2026,0,KM,SUV,Czarny Vulcano,New,189900 PLN,PLN,"{""addr1"": ""UL. WROCLAWSKA 27"", ""city"": ""KALISZ"", ""region"": ""WIELKOPOLSKIE"", ""country"": ""PL"", ""postal_code"": ""62-800""}",51.7429,18.06292,LEASE,2190 PLN,per month,Hybrid,Automatic,FWD
238353,Avenger Black Edition · od 981 PLN/mies.,Jeep Avenger Black Edition · Rata od 981 PLN netto/mies. · Leasing B2B · KRAKOW · Sprawdź ofertę!,https://salon.jeep.pl/oferta/238353,https://cdn.fcapoland.pl/uploads/57/238353/cdf1dbe53911b7f0b49c318896dcfb19.jpg,Jeep,Avenger,2026,0,KM,SUV,Lakier pastelowy STORM szary + czarny dach VOLCANO,New,119750 PLN,PLN,"{""addr1"": ""UL. ARMII KRAJOWEJ 21"", ""city"": ""KRAKOW"", ""region"": ""MAŁOPOLSKIE"", ""country"": ""PL"", ""postal_code"": ""30-150""}",50.070766,19.893652,LEASE,981 PLN,per month,Hybrid,Automatic,FWD
238342,Nowy Compass e-Hybrid First Edition · od 1258 PLN/mies.,Jeep Nowy Compass e-Hybrid First Edition · Rata od 1258 PLN netto/mies. · Leasing B2B · STAROWA GORA · Sprawdź ofertę!,https://salon.jeep.pl/oferta/238342,https://cdn.fcapoland.pl/uploads/57/238342/af38c6533dd19cb84e03ddf00998929e.jpg,Jeep,Nowy Compass e-Hybrid,2026,0,KM,SUV,Jasnozielony Hawai + czarny dach,New,161500 PLN,PLN,"{""addr1"": ""UL. GRANICZNA 2"", ""city"": ""STAROWA GORA"", ""region"": ""ŁÓDZKIE"", ""country"": ""PL"", ""postal_code"": ""95-030""}",51.686346,19.477061,LEASE,1258 PLN,per month,Hybrid,Automatic,FWD
238144,Nowy Compass e-Hybrid Altitude · od 1247 PLN/mies.,Jeep Nowy Compass e-Hybrid Altitude · Rata od 1247 PLN netto/mies. · Leasing B2B · BIALYSTOK · Sprawdź ofertę!,https://salon.jeep.pl/oferta/238144,https://cdn.fcapoland.pl/uploads/57/238144/1_render.jpg,Jeep,Nowy Compass e-Hybrid,2026,0,KM,SUV,Szary Yosemite + czarny dach,New,153560 PLN,PLN,"{""addr1"": ""UL. GEN ST. MACZKA 51"", ""city"": ""BIALYSTOK"", ""region"": ""PODLASKIE"", ""country"": ""PL"", ""postal_code"": ""15-697""}",53.1563,23.1446,LEASE,1247 PLN,per month,Hybrid,Automatic,FWD
238002,Nowy Compass e-Hybrid Altitude · od 1128 PLN/mies.,Jeep Nowy Compass e-Hybrid Altitude · Rata od 1128 PLN netto/mies. · Leasing B2B · OLSZTYN · Sprawdź ofertę!,https://salon.jeep.pl/oferta/238002,https://cdn.fcapoland.pl/uploads/57/238002/24d8d51f9095ce049af77be57a5ef82a.jpg,Jeep,Nowy Compass e-Hybrid,2026,0,KM,SUV,Czarny Vulcano,New,141970 PLN,PLN,"{""addr1"": ""AL. OBRONCOW TOBRUKU 5"", ""city"": ""OLSZTYN"", ""region"": ""WARMIŃSKO-MAZURSKIE"", ""country"": ""PL"", ""postal_code"": ""10-092""}",53.764244,20.481829,LEASE,1128 PLN,per month,Hybrid,Automatic,FWD
238001,Nowy Compass e-Hybrid Altitude · od 1206 PLN/mies.,Jeep Nowy Compass e-Hybrid Altitude · Rata od 1206 PLN netto/mies. · Leasing B2B · BIALYSTOK · Sprawdź ofertę!,https://salon.jeep.pl/oferta/238001,https://cdn.fcapoland.pl/uploads/57/238001/5051b32966cb1fa9c706832a1a1971c9.jpg,Jeep,Nowy Compass e-Hybrid,2026,0,KM,SUV,Brązowozielony Amazonia,New,154700 PLN,PLN,"{""addr1"": ""UL. GEN ST. MACZKA 51"", ""city"": ""BIALYSTOK"", ""region"": ""PODLASKIE"", ""country"": ""PL"", ""postal_code"": ""15-697""}",53.1563,23.1446,LEASE,1206 PLN,per month,Hybrid,Automatic,FWD
237997,Nowy Compass e-Hybrid First Edition · od 1214 PLN/mies.,Jeep Nowy Compass e-Hybrid First Edition · Rata od 1214 PLN netto/mies. · Leasing B2B · CZESTOCHOWA · Sprawdź ofertę!,https://salon.jeep.pl/oferta/237997,https://cdn.fcapoland.pl/uploads/57/237997/1_render.jpg,Jeep,Nowy Compass e-Hybrid,2026,0,KM,SUV,Jasnozielony Hawai,New,152000 PLN,PLN,"{""addr1"": ""UL. BUGAJSKA 6/8"", ""city"": ""CZESTOCHOWA"", ""region"": ""ŚLĄSKIE"", ""country"": ""PL"", ""postal_code"": ""42-200""}",50.76732,19.16543,LEASE,1214 PLN,per month,Hybrid,Automatic,FWD
237901,Avenger Summit · od 1066 PLN/mies.,Jeep Avenger Summit · Rata od 1066 PLN netto/mies. · Leasing B2B · POZNAN · Sprawdź ofertę!,https://salon.jeep.pl/oferta/237901,https://cdn.fcapoland.pl/uploads/57/237901/23e4bd9af5ec3bb76ba1e5b5709a88c0.jpg,Jeep,Avenger,2026,0,KM,SUV,Lakier metaliczny SUN żółty + czarny dach VOLCANO,New,126740 PLN,PLN,"{""addr1"": ""UL. GORZYSLAWA 9"", ""city"": ""POZNAN"", ""region"": ""WIELKOPOLSKIE"", ""country"": ""PL"", ""postal_code"": ""61-057""}",52.408466,17.029606,LEASE,1066 PLN,per month,Hybrid,Automatic,FWD
237899,Avenger Summit · od 1066 PLN/mies.,Jeep Avenger Summit · Rata od 1066 PLN netto/mies. · Leasing B2B · POZNAN · Sprawdź ofertę!,https://salon.jeep.pl/oferta/237899,https://cdn.fcapoland.pl/uploads/57/237899/6ddf3c5007a566cd10454e44cb9ff106.jpg,Jeep,Avenger,2026,0,KM,SUV,Lakier metaliczny SUN żółty + czarny dach VOLCANO,New,126740 PLN,PLN,"{""addr1"": ""UL. GORZYSLAWA 9"", ""city"": ""POZNAN"", ""region"": ""WIELKOPOLSKIE"", ""country"": ""PL"", ""postal_code"": ""61-057""}",52.408466,17.029606,LEASE,1066 PLN,per month,Hybrid,Automatic,FWD
237898,Avenger Summit · od 1066 PLN/mies.,Jeep Avenger Summit · Rata od 1066 PLN netto/mies. · Leasing B2B · POZNAN · Sprawdź ofertę!,https://salon.jeep.pl/oferta/237898,https://cdn.fcapoland.pl/uploads/57/237898/b3c8f3a8cfa419eb08018f04b62269c0.jpg,Jeep,Avenger,2026,0,KM,SUV,Lakier metaliczny SUN żółty + czarny dach VOLCANO,New,126740 PLN,PLN,"{""addr1"": ""UL. GORZYSLAWA 9"", ""city"": ""POZNAN"", ""region"": ""WIELKOPOLSKIE"", ""country"": ""PL"", ""postal_code"": ""61-057""}",52.408466,17.029606,LEASE,1066 PLN,per month,Hybrid,Automatic,FWD
237887,Nowy Compass e-Hybrid First Edition · od 1911 PLN/mies.,Jeep Nowy Compass e-Hybrid First Edition · Rata od 1911 PLN netto/mies. · Leasing B2B · CZESTOCHOWA · Sprawdź ofertę!,https://salon.jeep.pl/oferta/237887,https://cdn.fcapoland.pl/uploads/57/237887/acb35af57b3803fc95ac2bbd5e22e0a2.jpg,Jeep,Nowy Compass e-Hybrid,2026,0,KM,SUV,Szary Yosemite,New,142200 PLN,PLN,"{""addr1"": ""UL. BUGAJSKA 6/8"", ""city"": ""CZESTOCHOWA"", ""region"": ""ŚLĄSKIE"", ""country"": ""PL"", ""postal_code"": ""42-200""}",50.76732,19.16543,LEASE,1911 PLN,per month,Hybrid,Automatic,FWD
237568,Nowy Compass e-Hybrid First Edition · od 1377 PLN/mies.,Jeep Nowy Compass e-Hybrid First Edition · Rata od 1377 PLN netto/mies. · Leasing B2B · STAROWA GORA · Sprawdź ofertę!,https://salon.jeep.pl/oferta/237568,https://cdn.fcapoland.pl/uploads/57/237568/1_render.jpg,Jeep,Nowy Compass e-Hybrid,2026,0,KM,SUV,Brązowozielony Amazonia,New,151900 PLN,PLN,"{""addr1"": ""UL. GRANICZNA 2"", ""city"": ""STAROWA GORA"", ""region"": ""ŁÓDZKIE"", ""country"": ""PL"", ""postal_code"": ""95-030""}",51.686346,19.477061,LEASE,1377 PLN,per month,Hybrid,Automatic,FWD
237358,Avenger The North Face · od 876 PLN/mies.,Jeep Avenger The North Face · Rata od 876 PLN netto/mies. · Leasing B2B · STAROWA GORA · Sprawdź ofertę!,https://salon.jeep.pl/oferta/237358,https://cdn.fcapoland.pl/uploads/57/237358/88bc020acc9c02814122da9650df49a4.jpg,Jeep,Avenger,2026,0,KM,SUV,Lakier pastelowy SNOW biały + czarny dach VOLCANO,New,131900 PLN,PLN,"{""addr1"": ""UL. GRANICZNA 2"", ""city"": ""STAROWA GORA"", ""region"": ""ŁÓDZKIE"", ""country"": ""PL"", ""postal_code"": ""95-030""}",51.686346,19.477061,LEASE,876 PLN,per month,Hybrid,Automatic,FWD
237355,Avenger Altitude · od 1436 PLN/mies.,Jeep Avenger Altitude · Rata od 1436 PLN netto/mies. · Leasing B2B · KATOWICE · Sprawdź ofertę!,https://salon.jeep.pl/oferta/237355,https://cdn.fcapoland.pl/uploads/57/237355/0d96d6871b260684ffe6347f3fdb5e77.jpg,Jeep,Avenger,2026,0,KM,SUV,Lakier pastelowy VOLCANO czarny,New,106647 PLN,PLN,"{""addr1"": ""UL. KOSCIUSZKI 261"", ""city"": ""KATOWICE"", ""region"": ""ŚLĄSKIE"", ""country"": ""PL"", ""postal_code"": ""40-690""}",50.209822,18.965429,LEASE,1436 PLN,per month,Hybrid,Automatic,FWD
237331,Avenger Altitude · od 1464 PLN/mies.,Jeep Avenger Altitude · Rata od 1464 PLN netto/mies. · Leasing B2B · GRUDZIADZ · Sprawdź ofertę!,https://salon.jeep.pl/oferta/237331,https://cdn.fcapoland.pl/uploads/57/237331/b241364effae93d6cac19e9a211ab2b2.jpg,Jeep,Avenger,2026,0,KM,SUV,Lakier pastelowy VOLCANO czarny,New,114700 PLN,PLN,"{""addr1"": ""UL. PADEREWSKIEGO 183A"", ""city"": ""GRUDZIADZ"", ""region"": ""KUJAWSKO-POMORSKIE"", ""country"": ""PL"", ""postal_code"": ""86-300""}",53.50599,18.82049,LEASE,1464 PLN,per month,Hybrid,Automatic,FWD
237330,Avenger Altitude · od 1477 PLN/mies.,Jeep Avenger Altitude · Rata od 1477 PLN netto/mies. · Leasing B2B · GRUDZIADZ · Sprawdź ofertę!,https://salon.jeep.pl/oferta/237330,https://cdn.fcapoland.pl/uploads/57/237330/e81d62595d7327ce69b01f470c361fb9.jpg,Jeep,Avenger,2026,0,KM,SUV,Lakier pastelowy VOLCANO czarny,New,115700 PLN,PLN,"{""addr1"": ""UL. PADEREWSKIEGO 183A"", ""city"": ""GRUDZIADZ"", ""region"": ""KUJAWSKO-POMORSKIE"", ""country"": ""PL"", ""postal_code"": ""86-300""}",53.50599,18.82049,LEASE,1477 PLN,per month,Hybrid,Automatic,FWD
237199,Avenger Black Edition · od 741 PLN/mies.,Jeep Avenger Black Edition · Rata od 741 PLN netto/mies. · Leasing B2B · STAROWA GORA · Sprawdź ofertę!,https://salon.jeep.pl/oferta/237199,https://cdn.fcapoland.pl/uploads/57/237199/b32973610fc71609933355974cd975b7.jpg,Jeep,Avenger,2026,0,KM,SUV,Lakier metaliczny STONE beżowy + czarny dach VOLCANO,New,112500 PLN,PLN,"{""addr1"": ""UL. GRANICZNA 2"", ""city"": ""STAROWA GORA"", ""region"": ""ŁÓDZKIE"", ""country"": ""PL"", ""postal_code"": ""95-030""}",51.686346,19.477061,LEASE,741 PLN,per month,Hybrid,Automatic,FWD
237197,Avenger Altitude · od 715 PLN/mies.,Jeep Avenger Altitude · Rata od 715 PLN netto/mies. · Leasing B2B · RZESZOW · Sprawdź ofertę!,https://salon.jeep.pl/oferta/237197,https://cdn.fcapoland.pl/uploads/57/237197/fb2fdb95fadbd971d12fb86075edfe58.jpg,Jeep,Avenger,2026,0,KM,SUV,Lakier metaliczny STONE beżowy,New,108990 PLN,PLN,"{""addr1"": ""UL. WARSZAWSKA 135"", ""city"": ""RZESZOW"", ""region"": ""PODKARPACKIE"", ""country"": ""PL"", ""postal_code"": ""35-205""}",50.081623,21.984324,LEASE,715 PLN,per month,Hybrid,Automatic,FWD
237195,Avenger Black Edition · od 700 PLN/mies.,Jeep Avenger Black Edition · Rata od 700 PLN netto/mies. · Leasing B2B · WARSZAWA · Sprawdź ofertę!,https://salon.jeep.pl/oferta/237195,https://cdn.fcapoland.pl/uploads/57/237195/250fd397bfe7456ceed642c3cc7c41c9.jpg,Jeep,Avenger,2026,0,KM,SUV,Lakier pastelowy RUBY czerwony + czarny dach VOLCANO,New,110970 PLN,PLN,"{""addr1"": ""UL. OSTROBRAMSKA  34"", ""city"": ""WARSZAWA"", ""region"": ""MAZOWIECKIE"", ""country"": ""PL"", ""postal_code"": ""04-192""}",52.23318,21.12116,LEASE,700 PLN,per month,Hybrid,Automatic,FWD
237194,Avenger Black Edition · od 903 PLN/mies.,Jeep Avenger Black Edition · Rata od 903 PLN netto/mies. · Leasing B2B · BYDGOSZCZ · Sprawdź ofertę!,https://salon.jeep.pl/oferta/237194,https://cdn.fcapoland.pl/uploads/57/237194/64aaef9de0c6735c02f344ca333e50a6.jpg,Jeep,Avenger,2026,0,KM,SUV,Lakier metaliczny SUN żółty + czarny dach VOLCANO,New,118450 PLN,PLN,"{""addr1"": ""AL. ARMII KRAJOWEJ 250"", ""city"": ""BYDGOSZCZ"", ""region"": ""KUJAWSKO-POMORSKIE"", ""country"": ""PL"", ""postal_code"": ""85-689""}",53.17261,18.05499,LEASE,903 PLN,per month,Hybrid,Automatic,FWD
237193,Avenger Altitude · od 681 PLN/mies.,Jeep Avenger Altitude · Rata od 681 PLN netto/mies. · Leasing B2B · WARSZAWA · Sprawdź ofertę!,https://salon.jeep.pl/oferta/237193,https://cdn.fcapoland.pl/uploads/57/237193/47c917e4c0fc68b4dc52e414fe13a371.jpg,Jeep,Avenger,2026,0,KM,SUV,Lakier metaliczny SUN żółty,New,107970 PLN,PLN,"{""addr1"": ""UL. OSTROBRAMSKA  34"", ""city"": ""WARSZAWA"", ""region"": ""MAZOWIECKIE"", ""country"": ""PL"", ""postal_code"": ""04-192""}",52.23318,21.12116,LEASE,681 PLN,per month,Hybrid,Automatic,FWD
237192,Avenger Altitude · od 648 PLN/mies.,Jeep Avenger Altitude · Rata od 648 PLN netto/mies. · Leasing B2B · CZESTOCHOWA · Sprawdź ofertę!,https://salon.jeep.pl/oferta/237192,https://cdn.fcapoland.pl/uploads/57/237192/1_render.jpg,Jeep,Avenger,2026,0,KM,SUV,Lakier pastelowy STORM szary,New,106956 PLN,PLN,"{""addr1"": ""UL. BUGAJSKA 6/8"", ""city"": ""CZESTOCHOWA"", ""region"": ""ŚLĄSKIE"", ""country"": ""PL"", ""postal_code"": ""42-200""}",50.76732,19.16543,LEASE,648 PLN,per month,Hybrid,Automatic,FWD
237190,Avenger Altitude · od 650 PLN/mies.,Jeep Avenger Altitude · Rata od 650 PLN netto/mies. · Leasing B2B · CZESTOCHOWA · Sprawdź ofertę!,https://salon.jeep.pl/oferta/237190,https://cdn.fcapoland.pl/uploads/57/237190/1_render.jpg,Jeep,Avenger,2026,0,KM,SUV,Lakier metaliczny SUN żółty,New,107219 PLN,PLN,"{""addr1"": ""UL. BUGAJSKA 6/8"", ""city"": ""CZESTOCHOWA"", ""region"": ""ŚLĄSKIE"", ""country"": ""PL"", ""postal_code"": ""42-200""}",50.76732,19.16543,LEASE,650 PLN,per month,Hybrid,Automatic,FWD
237186,Avenger Altitude · od 671 PLN/mies.,Jeep Avenger Altitude · Rata od 671 PLN netto/mies. · Leasing B2B · RZESZOW · Sprawdź ofertę!,https://salon.jeep.pl/oferta/237186,https://cdn.fcapoland.pl/uploads/57/237186/aad71dabba24a3693348838ae6067f26.jpg,Jeep,Avenger,2026,0,KM,SUV,Lakier metaliczny SUN żółty,New,106900 PLN,PLN,"{""addr1"": ""UL. WARSZAWSKA 135"", ""city"": ""RZESZOW"", ""region"": ""PODKARPACKIE"", ""country"": ""PL"", ""postal_code"": ""35-205""}",50.081623,21.984324,LEASE,671 PLN,per month,Hybrid,Automatic,FWD
237185,Avenger Altitude · od 848 PLN/mies.,Jeep Avenger Altitude · Rata od 848 PLN netto/mies. · Leasing B2B · BYDGOSZCZ · Sprawdź ofertę!,https://salon.jeep.pl/oferta/237185,https://cdn.fcapoland.pl/uploads/57/237185/be41cd7523495c2b931e61930ef33d32.jpg,Jeep,Avenger,2026,0,KM,SUV,Lakier metaliczny SUN żółty,New,112250 PLN,PLN,"{""addr1"": ""AL. ARMII KRAJOWEJ 250"", ""city"": ""BYDGOSZCZ"", ""region"": ""KUJAWSKO-POMORSKIE"", ""country"": ""PL"", ""postal_code"": ""85-689""}",53.17261,18.05499,LEASE,848 PLN,per month,Hybrid,Automatic,FWD
237184,Avenger Black Edition · od 744 PLN/mies.,Jeep Avenger Black Edition · Rata od 744 PLN netto/mies. · Leasing B2B · WROCLAW · Sprawdź ofertę!,https://salon.jeep.pl/oferta/237184,https://cdn.fcapoland.pl/uploads/57/237184/b759063386963c636a44532be6d5cd78.jpg,Jeep,Avenger,2026,0,KM,SUV,Lakier metaliczny SUN żółty,New,112151 PLN,PLN,"{""addr1"": ""UL. KARKONOSKA 45"", ""city"": ""WROCLAW"", ""region"": ""DOLNOŚLĄSKIE"", ""country"": ""PL"", ""postal_code"": ""53-015""}",51.063771,17.000116,LEASE,744 PLN,per month,Hybrid,Automatic,FWD
237181,Avenger Altitude · od 1434 PLN/mies.,Jeep Avenger Altitude · Rata od 1434 PLN netto/mies. · Leasing B2B · ŻORY · Sprawdź ofertę!,https://salon.jeep.pl/oferta/237181,https://cdn.fcapoland.pl/uploads/57/237181/175c77916d1c4c9e9dfb9ad21c8e6cc8.jpg,Jeep,Avenger,2026,0,KM,SUV,Lakier metaliczny SUN żółty + czarny dach VOLCANO,New,106500 PLN,PLN,"{""addr1"": ""UL. KOŚCIUSZKI 79"", ""city"": ""ŻORY"", ""region"": ""ŚLĄSKIE"", ""country"": ""PL"", ""postal_code"": ""44-240""}",50.03099,18.70503,LEASE,1434 PLN,per month,Hybrid,Automatic,FWD
237180,Avenger Black Edition · od 1453 PLN/mies.,Jeep Avenger Black Edition · Rata od 1453 PLN netto/mies. · Leasing B2B · ŻORY · Sprawdź ofertę!,https://salon.jeep.pl/oferta/237180,https://cdn.fcapoland.pl/uploads/57/237180/c4fa1a396a6876975bba8a9cd1bdcde1.jpg,Jeep,Avenger,2026,0,KM,SUV,Lakier metaliczny SUN żółty,New,107900 PLN,PLN,"{""addr1"": ""UL. KOŚCIUSZKI 79"", ""city"": ""ŻORY"", ""region"": ""ŚLĄSKIE"", ""country"": ""PL"", ""postal_code"": ""44-240""}",50.03099,18.70503,LEASE,1453 PLN,per month,Hybrid,Automatic,FWD
237081,Avenger The North Face · od 883 PLN/mies.,Jeep Avenger The North Face · Rata od 883 PLN netto/mies. · Leasing B2B · KRAKOW · Sprawdź ofertę!,https://salon.jeep.pl/oferta/237081,https://cdn.fcapoland.pl/uploads/57/237081/088748849835592a3aa6e5fb39c83744.jpg,Jeep,Avenger,2026,0,KM,SUV,Lakier pastelowy VOLCANO czarny,New,133500 PLN,PLN,"{""addr1"": ""UL. ARMII KRAJOWEJ 21"", ""city"": ""KRAKOW"", ""region"": ""MAŁOPOLSKIE"", ""country"": ""PL"", ""postal_code"": ""30-150""}",50.070766,19.893652,LEASE,883 PLN,per month,Hybrid,Automatic,FWD
237080,Avenger The North Face · od 883 PLN/mies.,Jeep Avenger The North Face · Rata od 883 PLN netto/mies. · Leasing B2B · STAROWA GORA · Sprawdź ofertę!,https://salon.jeep.pl/oferta/237080,https://cdn.fcapoland.pl/uploads/57/237080/e82dc26de98cfb6e1e7f74bfe5fcaef4.jpg,Jeep,Avenger,2026,0,KM,SUV,Lakier pastelowy VOLCANO czarny,New,133500 PLN,PLN,"{""addr1"": ""UL. GRANICZNA 2"", ""city"": ""STAROWA GORA"", ""region"": ""ŁÓDZKIE"", ""country"": ""PL"", ""postal_code"": ""95-030""}",51.686346,19.477061,LEASE,883 PLN,per month,Hybrid,Automatic,FWD
237079,Avenger The North Face · od 860 PLN/mies.,Jeep Avenger The North Face · Rata od 860 PLN netto/mies. · Leasing B2B · STAROWA GORA · Sprawdź ofertę!,https://salon.jeep.pl/oferta/237079,https://cdn.fcapoland.pl/uploads/57/237079/094e1b00b27cc9ce5e013255a2fc42f7.jpg,Jeep,Avenger,2026,0,KM,SUV,Lakier pastelowy VOLCANO czarny,New,129900 PLN,PLN,"{""addr1"": ""UL. GRANICZNA 2"", ""city"": ""STAROWA GORA"", ""region"": ""ŁÓDZKIE"", ""country"": ""PL"", ""postal_code"": ""95-030""}",51.686346,19.477061,LEASE,860 PLN,per month,Hybrid,Automatic,FWD
237048,Nowy Compass Elektryczny Altitude · od 2458 PLN/mies.,Jeep Nowy Compass Elektryczny Altitude · Rata od 2458 PLN netto/mies. · Leasing B2B · ZIELONA GORA · Sprawdź ofertę!,https://salon.jeep.pl/oferta/237048,https://cdn.fcapoland.pl/uploads/57/237048/a1dc4070424311e4d56009c6b75e8b01.jpg,Jeep,Nowy Compass Elektryczny,2026,0,KM,SUV,Szary Yosemite,New,183100 PLN,PLN,"{""addr1"": ""UL. ST. BATOREGO 69A"", ""city"": ""ZIELONA GORA"", ""region"": ""LUBUSKIE"", ""country"": ""PL"", ""postal_code"": ""65-735""}",51.952379,15.499634,LEASE,2458 PLN,per month,Electric,Automatic,FWD
236977,Avenger Black Edition · od 653 PLN/mies.,Jeep Avenger Black Edition · Rata od 653 PLN netto/mies. · Leasing B2B · CZESTOCHOWA · Sprawdź ofertę!,https://salon.jeep.pl/oferta/236977,https://cdn.fcapoland.pl/uploads/57/236977/ee37022d15271de935111367bfef52f5.jpg,Jeep,Avenger,2026,0,KM,SUV,Lakier pastelowy VOLCANO czarny,New,107825 PLN,PLN,"{""addr1"": ""UL. BUGAJSKA 6/8"", ""city"": ""CZESTOCHOWA"", ""region"": ""ŚLĄSKIE"", ""country"": ""PL"", ""postal_code"": ""42-200""}",50.76732,19.16543,LEASE,653 PLN,per month,Hybrid,Automatic,FWD
236766,Nowy Compass Elektryczny Altitude · od 2507 PLN/mies.,Jeep Nowy Compass Elektryczny Altitude · Rata od 2507 PLN netto/mies. · Leasing B2B · WARSZAWA · Sprawdź ofertę!,https://salon.jeep.pl/oferta/236766,https://cdn.fcapoland.pl/uploads/57/236766/c342bde7cb7fb1e3840e6348eb570374.jpg,Jeep,Nowy Compass Elektryczny,2026,0,KM,SUV,Szary Yosemite,New,186750 PLN,PLN,"{""addr1"": ""UL. OSTROBRAMSKA  34"", ""city"": ""WARSZAWA"", ""region"": ""MAZOWIECKIE"", ""country"": ""PL"", ""postal_code"": ""04-192""}",52.23318,21.12116,LEASE,2507 PLN,per month,Electric,Automatic,FWD
236765,Nowy Compass Elektryczny Altitude · od 2590 PLN/mies.,Jeep Nowy Compass Elektryczny Altitude · Rata od 2590 PLN netto/mies. · Leasing B2B · KATOWICE · Sprawdź ofertę!,https://salon.jeep.pl/oferta/236765,https://cdn.fcapoland.pl/uploads/57/236765/deaabb8fff928f7942311ad1dfa0c5bf.jpg,Jeep,Nowy Compass Elektryczny,2026,0,KM,SUV,Szary Yosemite,New,193000 PLN,PLN,"{""addr1"": ""UL. ROZDZIENSKIEGO 170"", ""city"": ""KATOWICE"", ""region"": ""ŚLĄSKIE"", ""country"": ""PL"", ""postal_code"": ""40-203""}",50.264478,19.050486,LEASE,2590 PLN,per month,Electric,Automatic,FWD
236763,Nowy Compass Elektryczny Altitude · od 2522 PLN/mies.,Jeep Nowy Compass Elektryczny Altitude · Rata od 2522 PLN netto/mies. · Leasing B2B · STAROWA GORA · Sprawdź ofertę!,https://salon.jeep.pl/oferta/236763,https://cdn.fcapoland.pl/uploads/57/236763/53244efb90bb0d7b5d25bef3ba861182.jpg,Jeep,Nowy Compass Elektryczny,2026,0,KM,SUV,Szary Yosemite,New,187900 PLN,PLN,"{""addr1"": ""UL. GRANICZNA 2"", ""city"": ""STAROWA GORA"", ""region"": ""ŁÓDZKIE"", ""country"": ""PL"", ""postal_code"": ""95-030""}",51.686346,19.477061,LEASE,2522 PLN,per month,Electric,Automatic,FWD
236665,Avenger Black Edition · od 975 PLN/mies.,Jeep Avenger Black Edition · Rata od 975 PLN netto/mies. · Leasing B2B · FALENTY · Sprawdź ofertę!,https://salon.jeep.pl/oferta/236665,https://cdn.fcapoland.pl/uploads/57/236665/02e485e7f10a89a69b3f823cb2f94d3e.jpg,Jeep,Avenger,2026,0,KM,SUV,Lakier pastelowy SNOW biały + czarny dach VOLCANO,New,119250 PLN,PLN,"{""addr1"": ""AL. KRAKOWSKA 8"", ""city"": ""FALENTY"", ""region"": ""MAZOWIECKIE"", ""country"": ""PL"", ""postal_code"": ""05-090""}",52.14247,20.9035,LEASE,975 PLN,per month,Hybrid,Automatic,FWD
236656,Nowy Compass Elektryczny Altitude · od 2442 PLN/mies.,Jeep Nowy Compass Elektryczny Altitude · Rata od 2442 PLN netto/mies. · Leasing B2B · KALISZ · Sprawdź ofertę!,https://salon.jeep.pl/oferta/236656,https://cdn.fcapoland.pl/uploads/57/236656/09dcc195f5af3394ac76dde91fc4f6ec.jpg,Jeep,Nowy Compass Elektryczny,2026,0,KM,SUV,Brązowozielony Amazonia,New,181900 PLN,PLN,"{""addr1"": ""UL. WROCLAWSKA 27"", ""city"": ""KALISZ"", ""region"": ""WIELKOPOLSKIE"", ""country"": ""PL"", ""postal_code"": ""62-800""}",51.7429,18.06292,LEASE,2442 PLN,per month,Electric,Automatic,FWD
236653,Nowy Compass e-Hybrid Altitude · od 933 PLN/mies.,Jeep Nowy Compass e-Hybrid Altitude · Rata od 933 PLN netto/mies. · Leasing B2B · WROCLAW · Sprawdź ofertę!,https://salon.jeep.pl/oferta/236653,https://cdn.fcapoland.pl/uploads/57/236653/88d7f2210befbcbb9e49bc7c16d5b8f9.jpg,Jeep,Nowy Compass e-Hybrid,2026,0,KM,SUV,Brązowozielony Amazonia + czarny dach,New,139000 PLN,PLN,"{""addr1"": ""UL. KARKONOSKA 45"", ""city"": ""WROCLAW"", ""region"": ""DOLNOŚLĄSKIE"", ""country"": ""PL"", ""postal_code"": ""53-015""}",51.063771,17.000116,LEASE,933 PLN,per month,Hybrid,Automatic,FWD
236585,Avenger Black Edition · od 698 PLN/mies.,Jeep Avenger Black Edition · Rata od 698 PLN netto/mies. · Leasing B2B · NOWY TARG · Sprawdź ofertę!,https://salon.jeep.pl/oferta/236585,https://cdn.fcapoland.pl/uploads/57/236585/bbe70dbd4d5f83eff6e6214af1478014.jpg,Jeep,Avenger,2026,0,KM,SUV,Lakier pastelowy SNOW biały + czarny dach VOLCANO,New,110900 PLN,PLN,"{""addr1"": ""UL. KRAKOWSKA 3"", ""city"": ""NOWY TARG"", ""region"": ""MAŁOPOLSKIE"", ""country"": ""PL"", ""postal_code"": ""34-400""}",49.45445,20.01966,LEASE,698 PLN,per month,Hybrid,Automatic,FWD
236569,Nowy Compass Elektryczny Altitude · od 2572 PLN/mies.,Jeep Nowy Compass Elektryczny Altitude · Rata od 2572 PLN netto/mies. · Leasing B2B · ELBLAG · Sprawdź ofertę!,https://salon.jeep.pl/oferta/236569,https://cdn.fcapoland.pl/uploads/57/236569/19c020eaeb3cd5386147695bcaa67d63.jpg,Jeep,Nowy Compass Elektryczny,2026,0,KM,SUV,Brązowozielony Amazonia,New,191636 PLN,PLN,"{""addr1"": ""UL. NOWODWORSKA 46"", ""city"": ""ELBLAG"", ""region"": ""WARMIŃSKO-MAZURSKIE"", ""country"": ""PL"", ""postal_code"": ""82-300""}",54.166,19.37664,LEASE,2572 PLN,per month,Electric,Automatic,FWD
236568,Nowy Compass Elektryczny Altitude · od 2562 PLN/mies.,Jeep Nowy Compass Elektryczny Altitude · Rata od 2562 PLN netto/mies. · Leasing B2B · GRUDZIADZ · Sprawdź ofertę!,https://salon.jeep.pl/oferta/236568,https://cdn.fcapoland.pl/uploads/57/236568/bcfa2e75226eab1cd21fdc242d4ae7c1.jpg,Jeep,Nowy Compass Elektryczny,2026,0,KM,SUV,Brązowozielony Amazonia,New,190900 PLN,PLN,"{""addr1"": ""UL. PADEREWSKIEGO 183A"", ""city"": ""GRUDZIADZ"", ""region"": ""KUJAWSKO-POMORSKIE"", ""country"": ""PL"", ""postal_code"": ""86-300""}",53.50599,18.82049,LEASE,2562 PLN,per month,Electric,Automatic,FWD
236434,Avenger Black Edition · od 956 PLN/mies.,Jeep Avenger Black Edition · Rata od 956 PLN netto/mies. · Leasing B2B · ELBLAG · Sprawdź ofertę!,https://salon.jeep.pl/oferta/236434,https://cdn.fcapoland.pl/uploads/57/236434/7c575ca805fa2029d56a010d88b02f3d.jpg,Jeep,Avenger,2026,0,KM,SUV,Lakier pastelowy VOLCANO czarny,New,116950 PLN,PLN,"{""addr1"": ""UL. NOWODWORSKA 46"", ""city"": ""ELBLAG"", ""region"": ""WARMIŃSKO-MAZURSKIE"", ""country"": ""PL"", ""postal_code"": ""82-300""}",54.166,19.37664,LEASE,956 PLN,per month,Hybrid,Automatic,FWD
236410,Nowy Compass e-Hybrid First Edition · od 1814 PLN/mies.,Jeep Nowy Compass e-Hybrid First Edition · Rata od 1814 PLN netto/mies. · Leasing B2B · NOWY TARG · Sprawdź ofertę!,https://salon.jeep.pl/oferta/236410,https://cdn.fcapoland.pl/uploads/57/236410/59a43d6aaf4c22f708700256cc676f59.jpg,Jeep,Nowy Compass e-Hybrid,2026,0,KM,SUV,Niebieski Pacific,New,134900 PLN,PLN,"{""addr1"": ""UL. KRAKOWSKA 3"", ""city"": ""NOWY TARG"", ""region"": ""MAŁOPOLSKIE"", ""country"": ""PL"", ""postal_code"": ""34-400""}",49.45445,20.01966,LEASE,1814 PLN,per month,Hybrid,Automatic,FWD
236378,Avenger Black Edition · od 940 PLN/mies.,Jeep Avenger Black Edition · Rata od 940 PLN netto/mies. · Leasing B2B · BIALYSTOK · Sprawdź ofertę!,https://salon.jeep.pl/oferta/236378,https://cdn.fcapoland.pl/uploads/57/236378/f74b7f631dc554ba3daa0f690301f846.jpg,Jeep,Avenger,2026,0,KM,SUV,Lakier pastelowy VOLCANO czarny,New,116450 PLN,PLN,"{""addr1"": ""UL. GEN ST. MACZKA 51"", ""city"": ""BIALYSTOK"", ""region"": ""PODLASKIE"", ""country"": ""PL"", ""postal_code"": ""15-697""}",53.1563,23.1446,LEASE,940 PLN,per month,Hybrid,Automatic,FWD
236365,Nowy Compass e-Hybrid First Edition · od 1927 PLN/mies.,Jeep Nowy Compass e-Hybrid First Edition · Rata od 1927 PLN netto/mies. · Leasing B2B · KATOWICE · Sprawdź ofertę!,https://salon.jeep.pl/oferta/236365,https://cdn.fcapoland.pl/uploads/57/236365/3405af1c9bbdde1ccc5d3771c8a6d61d.jpg,Jeep,Nowy Compass e-Hybrid,2026,0,KM,SUV,Czarny Vulcano,New,143360 PLN,PLN,"{""addr1"": ""UL. KOSCIUSZKI 261"", ""city"": ""KATOWICE"", ""region"": ""ŚLĄSKIE"", ""country"": ""PL"", ""postal_code"": ""40-690""}",50.209822,18.965429,LEASE,1927 PLN,per month,Hybrid,Automatic,FWD
236339,Avenger The North Face · od 1291 PLN/mies.,Jeep Avenger The North Face · Rata od 1291 PLN netto/mies. · Leasing B2B · FALENTY · Sprawdź ofertę!,https://salon.jeep.pl/oferta/236339,https://cdn.fcapoland.pl/uploads/57/236339/1_render.jpg,Jeep,Avenger,2026,0,KM,SUV,Lakier pastelowy SNOW biały + czarny dach VOLCANO,New,144098 PLN,PLN,"{""addr1"": ""AL. KRAKOWSKA 8"", ""city"": ""FALENTY"", ""region"": ""MAZOWIECKIE"", ""country"": ""PL"", ""postal_code"": ""05-090""}",52.14247,20.9035,LEASE,1291 PLN,per month,Hybrid,Automatic,FWD
236329,Avenger Upland · od 1680 PLN/mies.,Jeep Avenger Upland · Rata od 1680 PLN netto/mies. · Leasing B2B · NOWY TARG · Sprawdź ofertę!,https://salon.jeep.pl/oferta/236329,https://cdn.fcapoland.pl/uploads/57/236329/be6c7a0bb55aae3fab6b8797bfeedd11.jpg,Jeep,Avenger,2026,0,KM,SUV,Lakier pastelowy STORM szary,New,124900 PLN,PLN,"{""addr1"": ""UL. KRAKOWSKA 3"", ""city"": ""NOWY TARG"", ""region"": ""MAŁOPOLSKIE"", ""country"": ""PL"", ""postal_code"": ""34-400""}",49.45445,20.01966,LEASE,1680 PLN,per month,Hybrid,Automatic,FWD
236295,Nowy Compass e-Hybrid Altitude · od 1827 PLN/mies.,Jeep Nowy Compass e-Hybrid Altitude · Rata od 1827 PLN netto/mies. · Leasing B2B · NOWY TARG · Sprawdź ofertę!,https://salon.jeep.pl/oferta/236295,https://cdn.fcapoland.pl/uploads/57/236295/d0b6640ca60827ed8851ceb5650252c9.jpg,Jeep,Nowy Compass e-Hybrid,2026,0,KM,SUV,Jasnozielony Hawai + czarny dach,New,135884 PLN,PLN,"{""addr1"": ""UL. KRAKOWSKA 3"", ""city"": ""NOWY TARG"", ""region"": ""MAŁOPOLSKIE"", ""country"": ""PL"", ""postal_code"": ""34-400""}",49.45445,20.01966,LEASE,1827 PLN,per month,Hybrid,Automatic,FWD
236293,Nowy Compass e-Hybrid First Edition · od 1905 PLN/mies.,Jeep Nowy Compass e-Hybrid First Edition · Rata od 1905 PLN netto/mies. · Leasing B2B · KATOWICE · Sprawdź ofertę!,https://salon.jeep.pl/oferta/236293,https://cdn.fcapoland.pl/uploads/57/236293/edd85279bf7cdb1cf66acfa5a021934b.jpg,Jeep,Nowy Compass e-Hybrid,2026,0,KM,SUV,Biały Antarctica + czarny dach,New,141748 PLN,PLN,"{""addr1"": ""UL. KOSCIUSZKI 261"", ""city"": ""KATOWICE"", ""region"": ""ŚLĄSKIE"", ""country"": ""PL"", ""postal_code"": ""40-690""}",50.209822,18.965429,LEASE,1905 PLN,per month,Hybrid,Automatic,FWD
236292,Nowy Compass e-Hybrid First Edition · od 1905 PLN/mies.,Jeep Nowy Compass e-Hybrid First Edition · Rata od 1905 PLN netto/mies. · Leasing B2B · KATOWICE · Sprawdź ofertę!,https://salon.jeep.pl/oferta/236292,https://cdn.fcapoland.pl/uploads/57/236292/9ab213378ad74be733516e7495f72902.jpg,Jeep,Nowy Compass e-Hybrid,2026,0,KM,SUV,Niebieski Pacific + czarny dach,New,141748 PLN,PLN,"{""addr1"": ""UL. KOSCIUSZKI 261"", ""city"": ""KATOWICE"", ""region"": ""ŚLĄSKIE"", ""country"": ""PL"", ""postal_code"": ""40-690""}",50.209822,18.965429,LEASE,1905 PLN,per month,Hybrid,Automatic,FWD
236268,Avenger Upland · od 1680 PLN/mies.,Jeep Avenger Upland · Rata od 1680 PLN netto/mies. · Leasing B2B · NOWY TARG · Sprawdź ofertę!,https://salon.jeep.pl/oferta/236268,https://cdn.fcapoland.pl/uploads/57/236268/9f1e0bd974675063897d629b2916f90c.jpg,Jeep,Avenger,2026,0,KM,SUV,Lakier metaliczny GRANITE szary,New,124900 PLN,PLN,"{""addr1"": ""UL. KRAKOWSKA 3"", ""city"": ""NOWY TARG"", ""region"": ""MAŁOPOLSKIE"", ""country"": ""PL"", ""postal_code"": ""34-400""}",49.45445,20.01966,LEASE,1680 PLN,per month,Hybrid,Automatic,FWD
236122,Nowy Compass e-Hybrid First Edition · od 1880 PLN/mies.,Jeep Nowy Compass e-Hybrid First Edition · Rata od 1880 PLN netto/mies. · Leasing B2B · NOWY TARG · Sprawdź ofertę!,https://salon.jeep.pl/oferta/236122,https://cdn.fcapoland.pl/uploads/57/236122/7955ffec2ca47b1c0f88d42015a067df.jpg,Jeep,Nowy Compass e-Hybrid,2026,0,KM,SUV,Jasnozielony Hawai,New,139900 PLN,PLN,"{""addr1"": ""UL. KRAKOWSKA 3"", ""city"": ""NOWY TARG"", ""region"": ""MAŁOPOLSKIE"", ""country"": ""PL"", ""postal_code"": ""34-400""}",49.45445,20.01966,LEASE,1880 PLN,per month,Hybrid,Automatic,FWD
236055,Avenger Summit · od 1581 PLN/mies.,Jeep Avenger Summit · Rata od 1581 PLN netto/mies. · Leasing B2B · GRUDZIADZ · Sprawdź ofertę!,https://salon.jeep.pl/oferta/236055,https://cdn.fcapoland.pl/uploads/57/236055/73440b87af391dc11cb53f46a92f7708.jpg,Jeep,Avenger,2026,0,KM,SUV,Lakier pastelowy RUBY czerwony + czarny dach VOLCANO,New,123900 PLN,PLN,"{""addr1"": ""UL. PADEREWSKIEGO 183A"", ""city"": ""GRUDZIADZ"", ""region"": ""KUJAWSKO-POMORSKIE"", ""country"": ""PL"", ""postal_code"": ""86-300""}",53.50599,18.82049,LEASE,1581 PLN,per month,Hybrid,Automatic,FWD
236020,Avenger Summit · od 1601 PLN/mies.,Jeep Avenger Summit · Rata od 1601 PLN netto/mies. · Leasing B2B · BIELSKO-BIAŁA · Sprawdź ofertę!,https://salon.jeep.pl/oferta/236020,https://cdn.fcapoland.pl/uploads/57/236020/1914be88192d11ddbb1bc565d3659db3.jpg,Jeep,Avenger,2026,0,KM,SUV,Lakier metaliczny STONE beżowy,New,119000 PLN,PLN,"{""addr1"": ""UL. WARSZAWSKA 158"", ""city"": ""BIELSKO-BIAŁA"", ""region"": ""ŚLĄSKIE"", ""country"": ""PL"", ""postal_code"": ""43-300""}",49.84307,19.03564,LEASE,1601 PLN,per month,Hybrid,Automatic,FWD
236019,Avenger Summit · od 1008 PLN/mies.,Jeep Avenger Summit · Rata od 1008 PLN netto/mies. · Leasing B2B · BYDGOSZCZ · Sprawdź ofertę!,https://salon.jeep.pl/oferta/236019,https://cdn.fcapoland.pl/uploads/57/236019/ede1bc5e1484c5cb9a6625a4951df983.jpg,Jeep,Avenger,2026,0,KM,SUV,Lakier pastelowy SNOW biały,New,124850 PLN,PLN,"{""addr1"": ""AL. ARMII KRAJOWEJ 250"", ""city"": ""BYDGOSZCZ"", ""region"": ""KUJAWSKO-POMORSKIE"", ""country"": ""PL"", ""postal_code"": ""85-689""}",53.17261,18.05499,LEASE,1008 PLN,per month,Hybrid,Automatic,FWD
236015,Avenger Summit · od 709 PLN/mies.,Jeep Avenger Summit · Rata od 709 PLN netto/mies. · Leasing B2B · RYBNIK · Sprawdź ofertę!,https://salon.jeep.pl/oferta/236015,https://cdn.fcapoland.pl/uploads/57/236015/a2ce3835e890022a38a1647ecf6d0f03.jpg,Jeep,Avenger,2026,0,KM,SUV,Lakier metaliczny GRANITE szary + czarny dach VOLCANO,New,117350 PLN,PLN,"{""addr1"": ""UL. ZORSKA 75"", ""city"": ""RYBNIK"", ""region"": ""ŚLĄSKIE"", ""country"": ""PL"", ""postal_code"": ""44-203""}",50.09212,18.57415,LEASE,709 PLN,per month,Hybrid,Automatic,FWD
236012,Avenger Summit · od 709 PLN/mies.,Jeep Avenger Summit · Rata od 709 PLN netto/mies. · Leasing B2B · RYBNIK · Sprawdź ofertę!,https://salon.jeep.pl/oferta/236012,https://cdn.fcapoland.pl/uploads/57/236012/810f29f244e03c596c6076ffab43b2f2.jpg,Jeep,Avenger,2026,0,KM,SUV,Lakier metaliczny STONE beżowy + czarny dach VOLCANO,New,117350 PLN,PLN,"{""addr1"": ""UL. ZORSKA 75"", ""city"": ""RYBNIK"", ""region"": ""ŚLĄSKIE"", ""country"": ""PL"", ""postal_code"": ""44-203""}",50.09212,18.57415,LEASE,709 PLN,per month,Hybrid,Automatic,FWD
236011,Avenger Summit · od 729 PLN/mies.,Jeep Avenger Summit · Rata od 729 PLN netto/mies. · Leasing B2B · RYBNIK · Sprawdź ofertę!,https://salon.jeep.pl/oferta/236011,https://cdn.fcapoland.pl/uploads/57/236011/b71f6dba184155be69fd55b3be91390a.jpg,Jeep,Avenger,2026,0,KM,SUV,Lakier metaliczny STONE beżowy + czarny dach VOLCANO,New,120875 PLN,PLN,"{""addr1"": ""UL. ZORSKA 75"", ""city"": ""RYBNIK"", ""region"": ""ŚLĄSKIE"", ""country"": ""PL"", ""postal_code"": ""44-203""}",50.09212,18.57415,LEASE,729 PLN,per month,Hybrid,Automatic,FWD
236008,Avenger The North Face · od 996 PLN/mies.,Jeep Avenger The North Face · Rata od 996 PLN netto/mies. · Leasing B2B · KRAKOW · Sprawdź ofertę!,https://salon.jeep.pl/oferta/236008,https://cdn.fcapoland.pl/uploads/57/236008/25c935d4792435bbbb60e71b885961e2.jpg,Jeep,Avenger,2026,0,KM,SUV,Lakier pastelowy SNOW biały + czarny dach VOLCANO,New,135500 PLN,PLN,"{""addr1"": ""UL. ARMII KRAJOWEJ 21"", ""city"": ""KRAKOW"", ""region"": ""MAŁOPOLSKIE"", ""country"": ""PL"", ""postal_code"": ""30-150""}",50.070766,19.893652,LEASE,996 PLN,per month,Hybrid,Automatic,FWD
235877,Avenger Summit · od 696 PLN/mies.,Jeep Avenger Summit · Rata od 696 PLN netto/mies. · Leasing B2B · RYBNIK · Sprawdź ofertę!,https://salon.jeep.pl/oferta/235877,https://cdn.fcapoland.pl/uploads/57/235877/40b7fa41d32f9fbd42c5ef74b1ff1063.jpg,Jeep,Avenger,2026,0,KM,SUV,Lakier pastelowy VOLCANO czarny,New,115250 PLN,PLN,"{""addr1"": ""UL. ZORSKA 75"", ""city"": ""RYBNIK"", ""region"": ""ŚLĄSKIE"", ""country"": ""PL"", ""postal_code"": ""44-203""}",50.09212,18.57415,LEASE,696 PLN,per month,Hybrid,Automatic,FWD
235848,Nowy Compass e-Hybrid First Edition · od 1396 PLN/mies.,Jeep Nowy Compass e-Hybrid First Edition · Rata od 1396 PLN netto/mies. · Leasing B2B · POZNAN · Sprawdź ofertę!,https://salon.jeep.pl/oferta/235848,https://cdn.fcapoland.pl/uploads/57/235848/75451f165f10e801b1d7192f92e1895e.jpg,Jeep,Nowy Compass e-Hybrid,2026,0,KM,SUV,Biały Antarctica + czarny dach,New,163425 PLN,PLN,"{""addr1"": ""UL. GORZYSLAWA 9"", ""city"": ""POZNAN"", ""region"": ""WIELKOPOLSKIE"", ""country"": ""PL"", ""postal_code"": ""61-057""}",52.408466,17.029606,LEASE,1396 PLN,per month,Hybrid,Automatic,FWD
235752,Avenger Summit · od 1215 PLN/mies.,Jeep Avenger Summit · Rata od 1215 PLN netto/mies. · Leasing B2B · OPOLE · Sprawdź ofertę!,https://salon.jeep.pl/oferta/235752,https://cdn.fcapoland.pl/uploads/57/235752/c2a1ebe6faa25514ff722d622a948d55.jpg,Jeep,Avenger,2026,0,KM,SUV,Lakier pastelowy STORM szary,New,130870 PLN,PLN,"{""addr1"": ""UL. OLESKA 152"", ""city"": ""OPOLE"", ""region"": ""OPOLSKIE"", ""country"": ""PL"", ""postal_code"": ""45-239""}",50.690422,17.950222,LEASE,1215 PLN,per month,Hybrid,Automatic,FWD
235728,Nowy Compass e-Hybrid First Edition · od 1322 PLN/mies.,Jeep Nowy Compass e-Hybrid First Edition · Rata od 1322 PLN netto/mies. · Leasing B2B · ŻORY · Sprawdź ofertę!,https://salon.jeep.pl/oferta/235728,https://cdn.fcapoland.pl/uploads/57/235728/3c022e74b75eafa20d84008a5ede18e6.jpg,Jeep,Nowy Compass e-Hybrid,2026,0,KM,SUV,Jasnozielony Hawai + czarny dach,New,156425 PLN,PLN,"{""addr1"": ""UL. KOŚCIUSZKI 79"", ""city"": ""ŻORY"", ""region"": ""ŚLĄSKIE"", ""country"": ""PL"", ""postal_code"": ""44-240""}",50.03099,18.70503,LEASE,1322 PLN,per month,Hybrid,Automatic,FWD
235681,Avenger Summit · od 1027 PLN/mies.,Jeep Avenger Summit · Rata od 1027 PLN netto/mies. · Leasing B2B · SLUPSK · Sprawdź ofertę!,https://salon.jeep.pl/oferta/235681,https://cdn.fcapoland.pl/uploads/57/235681/dd4bd847107ff545cbac9163eb0a0eef.jpg,Jeep,Avenger,2026,0,KM,SUV,Lakier pastelowy VOLCANO czarny,New,123842 PLN,PLN,"{""addr1"": ""UL. POZNANSKA 74"", ""city"": ""SLUPSK"", ""region"": ""POMORSKIE"", ""country"": ""PL"", ""postal_code"": ""76-200""}",54.45195,17.01667,LEASE,1027 PLN,per month,Hybrid,Automatic,FWD
235678,Nowy Compass e-Hybrid Altitude · od 902 PLN/mies.,Jeep Nowy Compass e-Hybrid Altitude · Rata od 902 PLN netto/mies. · Leasing B2B · LUBLIN · Sprawdź ofertę!,https://salon.jeep.pl/oferta/235678,https://cdn.fcapoland.pl/uploads/57/235678/7d72cd02bc20eac69cf6563f0f4a6599.jpg,Jeep,Nowy Compass e-Hybrid,2026,0,KM,SUV,Brązowozielony Amazonia,New,132000 PLN,PLN,"{""addr1"": ""UL MELGIEWSKA 10"", ""city"": ""LUBLIN"", ""region"": ""LUBELSKIE"", ""country"": ""PL"", ""postal_code"": ""20-209""}",51.24833,22.60831,LEASE,902 PLN,per month,Hybrid,Automatic,FWD
235607,Avenger Summit · od 998 PLN/mies.,Jeep Avenger Summit · Rata od 998 PLN netto/mies. · Leasing B2B · SLUPSK · Sprawdź ofertę!,https://salon.jeep.pl/oferta/235607,https://cdn.fcapoland.pl/uploads/57/235607/e383721ebc3861a87d1fbc173a2befc2.jpg,Jeep,Avenger,2026,0,KM,SUV,Lakier pastelowy VOLCANO czarny,New,124337 PLN,PLN,"{""addr1"": ""UL. POZNANSKA 74"", ""city"": ""SLUPSK"", ""region"": ""POMORSKIE"", ""country"": ""PL"", ""postal_code"": ""76-200""}",54.45195,17.01667,LEASE,998 PLN,per month,Hybrid,Automatic,FWD
235589,Avenger Summit · od 1580 PLN/mies.,Jeep Avenger Summit · Rata od 1580 PLN netto/mies. · Leasing B2B · GRUDZIADZ · Sprawdź ofertę!,https://salon.jeep.pl/oferta/235589,https://cdn.fcapoland.pl/uploads/57/235589/3697ce82c8f70c59dc306b78ad326286.jpg,Jeep,Avenger,2026,0,KM,SUV,Lakier pastelowy RUBY czerwony + czarny dach VOLCANO,New,123800 PLN,PLN,"{""addr1"": ""UL. PADEREWSKIEGO 183A"", ""city"": ""GRUDZIADZ"", ""region"": ""KUJAWSKO-POMORSKIE"", ""country"": ""PL"", ""postal_code"": ""86-300""}",53.50599,18.82049,LEASE,1580 PLN,per month,Hybrid,Automatic,FWD
235518,Nowy Compass e-Hybrid First Edition · od 1141 PLN/mies.,Jeep Nowy Compass e-Hybrid First Edition · Rata od 1141 PLN netto/mies. · Leasing B2B · LUBLIN · Sprawdź ofertę!,https://salon.jeep.pl/oferta/235518,https://cdn.fcapoland.pl/uploads/57/235518/dff2ab25a3cd2cb853bf131643c9b2bc.jpg,Jeep,Nowy Compass e-Hybrid,2026,0,KM,SUV,Jasnozielony Hawai,New,142000 PLN,PLN,"{""addr1"": ""UL MELGIEWSKA 10"", ""city"": ""LUBLIN"", ""region"": ""LUBELSKIE"", ""country"": ""PL"", ""postal_code"": ""20-209""}",51.24833,22.60831,LEASE,1141 PLN,per month,Hybrid,Automatic,FWD
235478,Nowy Compass e-Hybrid First Edition · od 1369 PLN/mies.,Jeep Nowy Compass e-Hybrid First Edition · Rata od 1369 PLN netto/mies. · Leasing B2B · POZNAN · Sprawdź ofertę!,https://salon.jeep.pl/oferta/235478,https://cdn.fcapoland.pl/uploads/57/235478/7b4ec5031ae52dcb91e6eb6b74cb48d6.jpg,Jeep,Nowy Compass e-Hybrid,2026,0,KM,SUV,Biały Antarctica,New,160975 PLN,PLN,"{""addr1"": ""UL. GORZYSLAWA 9"", ""city"": ""POZNAN"", ""region"": ""WIELKOPOLSKIE"", ""country"": ""PL"", ""postal_code"": ""61-057""}",52.408466,17.029606,LEASE,1369 PLN,per month,Hybrid,Automatic,FWD
235236,Avenger The North Face · od 774 PLN/mies.,Jeep Avenger The North Face · Rata od 774 PLN netto/mies. · Leasing B2B · KATOWICE · Sprawdź ofertę!,https://salon.jeep.pl/oferta/235236,https://cdn.fcapoland.pl/uploads/57/235236/e2f7750eabe0f8824da676439c8719cc.jpg,Jeep,Avenger,2026,0,KM,SUV,Lakier pastelowy STORM szary,New,129898 PLN,PLN,"{""addr1"": ""UL. KOSCIUSZKI 261"", ""city"": ""KATOWICE"", ""region"": ""ŚLĄSKIE"", ""country"": ""PL"", ""postal_code"": ""40-690""}",50.209822,18.965429,LEASE,774 PLN,per month,Hybrid,Automatic,FWD
235150,Avenger Summit · od 719 PLN/mies.,Jeep Avenger Summit · Rata od 719 PLN netto/mies. · Leasing B2B · NOWY TARG · Sprawdź ofertę!,https://salon.jeep.pl/oferta/235150,https://cdn.fcapoland.pl/uploads/57/235150/3e20a9717ac489258f1819d8ab746ada.jpg,Jeep,Avenger,2026,0,KM,SUV,Lakier pastelowy RUBY czerwony,New,113900 PLN,PLN,"{""addr1"": ""UL. KRAKOWSKA 3"", ""city"": ""NOWY TARG"", ""region"": ""MAŁOPOLSKIE"", ""country"": ""PL"", ""postal_code"": ""34-400""}",49.45445,20.01966,LEASE,719 PLN,per month,Hybrid,Automatic,FWD
235148,Avenger Summit · od 917 PLN/mies.,Jeep Avenger Summit · Rata od 917 PLN netto/mies. · Leasing B2B · SLUPSK · Sprawdź ofertę!,https://salon.jeep.pl/oferta/235148,https://cdn.fcapoland.pl/uploads/57/235148/ecd66bd05c38ff2e7f66276823eb5638.jpg,Jeep,Avenger,2026,0,KM,SUV,Lakier pastelowy RUBY czerwony,New,119846 PLN,PLN,"{""addr1"": ""UL. POZNANSKA 74"", ""city"": ""SLUPSK"", ""region"": ""POMORSKIE"", ""country"": ""PL"", ""postal_code"": ""76-200""}",54.45195,17.01667,LEASE,917 PLN,per month,Hybrid,Automatic,FWD
235145,Avenger Summit · od 1658 PLN/mies.,Jeep Avenger Summit · Rata od 1658 PLN netto/mies. · Leasing B2B · ZIELONA GORA · Sprawdź ofertę!,https://salon.jeep.pl/oferta/235145,https://cdn.fcapoland.pl/uploads/57/235145/046b7e2456cc9ef04eca42c5aac238d0.jpg,Jeep,Avenger,2026,0,KM,SUV,Lakier pastelowy RUBY czerwony,New,123250 PLN,PLN,"{""addr1"": ""UL. ST. BATOREGO 69A"", ""city"": ""ZIELONA GORA"", ""region"": ""LUBUSKIE"", ""country"": ""PL"", ""postal_code"": ""65-735""}",51.952379,15.499634,LEASE,1658 PLN,per month,Hybrid,Automatic,FWD
235141,Avenger Summit · od 1713 PLN/mies.,Jeep Avenger Summit · Rata od 1713 PLN netto/mies. · Leasing B2B · ZIELONA GORA · Sprawdź ofertę!,https://salon.jeep.pl/oferta/235141,https://cdn.fcapoland.pl/uploads/57/235141/c56c011a32e7e259d58a8560bc8cdc11.jpg,Jeep,Avenger,2026,0,KM,SUV,Lakier metaliczny STONE beżowy,New,127400 PLN,PLN,"{""addr1"": ""UL. ST. BATOREGO 69A"", ""city"": ""ZIELONA GORA"", ""region"": ""LUBUSKIE"", ""country"": ""PL"", ""postal_code"": ""65-735""}",51.952379,15.499634,LEASE,1713 PLN,per month,Hybrid,Automatic,FWD
235137,Avenger Summit · od 1595 PLN/mies.,Jeep Avenger Summit · Rata od 1595 PLN netto/mies. · Leasing B2B · GLIWICE · Sprawdź ofertę!,https://salon.jeep.pl/oferta/235137,https://cdn.fcapoland.pl/uploads/57/235137/06974ef2cdad273f6fcc0d6b7de3d542.jpg,Jeep,Avenger,2026,0,KM,SUV,Lakier metaliczny STONE beżowy,New,118580 PLN,PLN,"{""addr1"": ""UL. PSZCZYNSKA 306"", ""city"": ""GLIWICE"", ""region"": ""ŚLĄSKIE"", ""country"": ""PL"", ""postal_code"": ""44-100""}",50.269497,18.708107,LEASE,1595 PLN,per month,Hybrid,Automatic,FWD
235134,Avenger Summit · od 696 PLN/mies.,Jeep Avenger Summit · Rata od 696 PLN netto/mies. · Leasing B2B · RYBNIK · Sprawdź ofertę!,https://salon.jeep.pl/oferta/235134,https://cdn.fcapoland.pl/uploads/57/235134/c94fce5fc6e2664d34efaf79bc88900c.jpg,Jeep,Avenger,2026,0,KM,SUV,Lakier pastelowy VOLCANO czarny,New,115250 PLN,PLN,"{""addr1"": ""UL. ZORSKA 75"", ""city"": ""RYBNIK"", ""region"": ""ŚLĄSKIE"", ""country"": ""PL"", ""postal_code"": ""44-203""}",50.09212,18.57415,LEASE,696 PLN,per month,Hybrid,Automatic,FWD
235133,Avenger Summit · od 984 PLN/mies.,Jeep Avenger Summit · Rata od 984 PLN netto/mies. · Leasing B2B · KALISZ · Sprawdź ofertę!,https://salon.jeep.pl/oferta/235133,https://cdn.fcapoland.pl/uploads/57/235133/cab46afb528723238369faf719a02dc5.jpg,Jeep,Avenger,2026,0,KM,SUV,Lakier pastelowy STORM szary,New,123900 PLN,PLN,"{""addr1"": ""UL. WROCLAWSKA 27"", ""city"": ""KALISZ"", ""region"": ""WIELKOPOLSKIE"", ""country"": ""PL"", ""postal_code"": ""62-800""}",51.7429,18.06292,LEASE,984 PLN,per month,Hybrid,Automatic,FWD
235132,Avenger Summit · od 698 PLN/mies.,Jeep Avenger Summit · Rata od 698 PLN netto/mies. · Leasing B2B · RYBNIK · Sprawdź ofertę!,https://salon.jeep.pl/oferta/235132,https://cdn.fcapoland.pl/uploads/57/235132/95bf142b8fe267a3b95b2ff339a772cd.jpg,Jeep,Avenger,2026,0,KM,SUV,Lakier metaliczny STONE beżowy,New,115513 PLN,PLN,"{""addr1"": ""UL. ZORSKA 75"", ""city"": ""RYBNIK"", ""region"": ""ŚLĄSKIE"", ""country"": ""PL"", ""postal_code"": ""44-203""}",50.09212,18.57415,LEASE,698 PLN,per month,Hybrid,Automatic,FWD
235131,Avenger Summit · od 696 PLN/mies.,Jeep Avenger Summit · Rata od 696 PLN netto/mies. · Leasing B2B · RYBNIK · Sprawdź ofertę!,https://salon.jeep.pl/oferta/235131,https://cdn.fcapoland.pl/uploads/57/235131/f283072a956bd0acb2fb22318fd979f3.jpg,Jeep,Avenger,2026,0,KM,SUV,Lakier pastelowy STORM szary,New,115250 PLN,PLN,"{""addr1"": ""UL. ZORSKA 75"", ""city"": ""RYBNIK"", ""region"": ""ŚLĄSKIE"", ""country"": ""PL"", ""postal_code"": ""44-203""}",50.09212,18.57415,LEASE,696 PLN,per month,Hybrid,Automatic,FWD
235122,Avenger Summit · od 1215 PLN/mies.,Jeep Avenger Summit · Rata od 1215 PLN netto/mies. · Leasing B2B · OPOLE · Sprawdź ofertę!,https://salon.jeep.pl/oferta/235122,https://cdn.fcapoland.pl/uploads/57/235122/ca1f92f8529e9a49167e76a7f8f586bc.jpg,Jeep,Avenger,2026,0,KM,SUV,Lakier pastelowy STORM szary,New,130870 PLN,PLN,"{""addr1"": ""UL. OLESKA 152"", ""city"": ""OPOLE"", ""region"": ""OPOLSKIE"", ""country"": ""PL"", ""postal_code"": ""45-239""}",50.690422,17.950222,LEASE,1215 PLN,per month,Hybrid,Automatic,FWD
235121,Avenger Summit · od 698 PLN/mies.,Jeep Avenger Summit · Rata od 698 PLN netto/mies. · Leasing B2B · CZESTOCHOWA · Sprawdź ofertę!,https://salon.jeep.pl/oferta/235121,https://cdn.fcapoland.pl/uploads/57/235121/1_render.jpg,Jeep,Avenger,2026,0,KM,SUV,Lakier metaliczny STONE beżowy,New,115513 PLN,PLN,"{""addr1"": ""UL. BUGAJSKA 6/8"", ""city"": ""CZESTOCHOWA"", ""region"": ""ŚLĄSKIE"", ""country"": ""PL"", ""postal_code"": ""42-200""}",50.76732,19.16543,LEASE,698 PLN,per month,Hybrid,Automatic,FWD
235119,Avenger Summit · od 798 PLN/mies.,Jeep Avenger Summit · Rata od 798 PLN netto/mies. · Leasing B2B · GLIWICE · Sprawdź ofertę!,https://salon.jeep.pl/oferta/235119,https://cdn.fcapoland.pl/uploads/57/235119/ea66c4a0d0c1ea139572196bd244a421.jpg,Jeep,Avenger,2026,0,KM,SUV,Lakier pastelowy STORM szary,New,118310 PLN,PLN,"{""addr1"": ""UL. PSZCZYNSKA 306"", ""city"": ""GLIWICE"", ""region"": ""ŚLĄSKIE"", ""country"": ""PL"", ""postal_code"": ""44-100""}",50.269497,18.708107,LEASE,798 PLN,per month,Hybrid,Automatic,FWD
235117,Avenger Summit · od 721 PLN/mies.,Jeep Avenger Summit · Rata od 721 PLN netto/mies. · Leasing B2B · NOWY TARG · Sprawdź ofertę!,https://salon.jeep.pl/oferta/235117,https://cdn.fcapoland.pl/uploads/57/235117/657555ea1236f2bc5fc2504b1b17287d.jpg,Jeep,Avenger,2026,0,KM,SUV,Lakier pastelowy STORM szary,New,116000 PLN,PLN,"{""addr1"": ""UL. KRAKOWSKA 3"", ""city"": ""NOWY TARG"", ""region"": ""MAŁOPOLSKIE"", ""country"": ""PL"", ""postal_code"": ""34-400""}",49.45445,20.01966,LEASE,721 PLN,per month,Hybrid,Automatic,FWD
235115,Avenger Summit · od 721 PLN/mies.,Jeep Avenger Summit · Rata od 721 PLN netto/mies. · Leasing B2B · NOWY TARG · Sprawdź ofertę!,https://salon.jeep.pl/oferta/235115,https://cdn.fcapoland.pl/uploads/57/235115/de54a20ba69fa0d101adf65d6173527d.jpg,Jeep,Avenger,2026,0,KM,SUV,Lakier pastelowy STORM szary,New,116000 PLN,PLN,"{""addr1"": ""UL. KRAKOWSKA 3"", ""city"": ""NOWY TARG"", ""region"": ""MAŁOPOLSKIE"", ""country"": ""PL"", ""postal_code"": ""34-400""}",49.45445,20.01966,LEASE,721 PLN,per month,Hybrid,Automatic,FWD
235114,Avenger Summit · od 1215 PLN/mies.,Jeep Avenger Summit · Rata od 1215 PLN netto/mies. · Leasing B2B · KATOWICE · Sprawdź ofertę!,https://salon.jeep.pl/oferta/235114,https://cdn.fcapoland.pl/uploads/57/235114/29fd1458a97c6aebe205e1dc4d72e7a1.jpg,Jeep,Avenger,2026,0,KM,SUV,Lakier pastelowy STORM szary,New,130870 PLN,PLN,"{""addr1"": ""UL. ROZDZIENSKIEGO 170"", ""city"": ""KATOWICE"", ""region"": ""ŚLĄSKIE"", ""country"": ""PL"", ""postal_code"": ""40-203""}",50.264478,19.050486,LEASE,1215 PLN,per month,Hybrid,Automatic,FWD
235113,Avenger Summit · od 1215 PLN/mies.,Jeep Avenger Summit · Rata od 1215 PLN netto/mies. · Leasing B2B · OPOLE · Sprawdź ofertę!,https://salon.jeep.pl/oferta/235113,https://cdn.fcapoland.pl/uploads/57/235113/b29c8a26d96bb31c72b8ec8523b95323.jpg,Jeep,Avenger,2026,0,KM,SUV,Lakier pastelowy STORM szary,New,130870 PLN,PLN,"{""addr1"": ""UL. OLESKA 152"", ""city"": ""OPOLE"", ""region"": ""OPOLSKIE"", ""country"": ""PL"", ""postal_code"": ""45-239""}",50.690422,17.950222,LEASE,1215 PLN,per month,Hybrid,Automatic,FWD
235111,Avenger Summit · od 1466 PLN/mies.,Jeep Avenger Summit · Rata od 1466 PLN netto/mies. · Leasing B2B · NOWY TARG · Sprawdź ofertę!,https://salon.jeep.pl/oferta/235111,https://cdn.fcapoland.pl/uploads/57/235111/ccb16cc6a89c691869cd67717fc5517e.jpg,Jeep,Avenger,2026,0,KM,SUV,Lakier pastelowy STORM szary,New,108900 PLN,PLN,"{""addr1"": ""UL. KRAKOWSKA 3"", ""city"": ""NOWY TARG"", ""region"": ""MAŁOPOLSKIE"", ""country"": ""PL"", ""postal_code"": ""34-400""}",49.45445,20.01966,LEASE,1466 PLN,per month,Hybrid,Automatic,FWD
234837,Avenger Summit · od 2149 PLN/mies.,Jeep Avenger Summit · Rata od 2149 PLN netto/mies. · Leasing B2B · CZESTOCHOWA · Sprawdź ofertę!,https://salon.jeep.pl/oferta/234837,https://cdn.fcapoland.pl/uploads/57/234837/1_render.jpg,Jeep,Avenger,2026,0,KM,SUV,Lakier pastelowy RUBY czerwony + czarny dach VOLCANO,New,160000 PLN,PLN,"{""addr1"": ""UL. BUGAJSKA 6/8"", ""city"": ""CZESTOCHOWA"", ""region"": ""ŚLĄSKIE"", ""country"": ""PL"", ""postal_code"": ""42-200""}",50.76732,19.16543,LEASE,2149 PLN,per month,Electric,Automatic,FWD
234829,Nowy Compass e-Hybrid First Edition · od 1169 PLN/mies.,Jeep Nowy Compass e-Hybrid First Edition · Rata od 1169 PLN netto/mies. · Leasing B2B · KALISZ · Sprawdź ofertę!,https://salon.jeep.pl/oferta/234829,https://cdn.fcapoland.pl/uploads/57/234829/219a7bb9288661ed46cffb4c213e2476.jpg,Jeep,Nowy Compass e-Hybrid,2026,0,KM,SUV,Niebieski Pacific,New,154900 PLN,PLN,"{""addr1"": ""UL. WROCLAWSKA 27"", ""city"": ""KALISZ"", ""region"": ""WIELKOPOLSKIE"", ""country"": ""PL"", ""postal_code"": ""62-800""}",51.7429,18.06292,LEASE,1169 PLN,per month,Hybrid,Automatic,FWD
234817,Avenger Summit · od 767 PLN/mies.,Jeep Avenger Summit · Rata od 767 PLN netto/mies. · Leasing B2B · GLIWICE · Sprawdź ofertę!,https://salon.jeep.pl/oferta/234817,https://cdn.fcapoland.pl/uploads/57/234817/62638789f9149c335e00575b12b5e700.jpg,Jeep,Avenger,2026,0,KM,SUV,Lakier metaliczny SUN żółty,New,113575 PLN,PLN,"{""addr1"": ""UL. PSZCZYNSKA 306"", ""city"": ""GLIWICE"", ""region"": ""ŚLĄSKIE"", ""country"": ""PL"", ""postal_code"": ""44-100""}",50.269497,18.708107,LEASE,767 PLN,per month,Hybrid,Automatic,FWD
234792,Avenger Altitude · od 1991 PLN/mies.,Jeep Avenger Altitude · Rata od 1991 PLN netto/mies. · Leasing B2B · CZESTOCHOWA · Sprawdź ofertę!,https://salon.jeep.pl/oferta/234792,https://cdn.fcapoland.pl/uploads/57/234792/1_render.jpg,Jeep,Avenger,2026,0,KM,SUV,Lakier metaliczny SUN żółty,New,148150 PLN,PLN,"{""addr1"": ""UL. BUGAJSKA 6/8"", ""city"": ""CZESTOCHOWA"", ""region"": ""ŚLĄSKIE"", ""country"": ""PL"", ""postal_code"": ""42-200""}",50.76732,19.16543,LEASE,1991 PLN,per month,Electric,Automatic,FWD
234723,Avenger Summit · od 648 PLN/mies.,Jeep Avenger Summit · Rata od 648 PLN netto/mies. · Leasing B2B · RZESZOW · Sprawdź ofertę!,https://salon.jeep.pl/oferta/234723,https://cdn.fcapoland.pl/uploads/57/234723/5db08765ea84838ce69efd047bb3197f.jpg,Jeep,Avenger,2026,0,KM,SUV,Lakier metaliczny STONE beżowy,New,109990 PLN,PLN,"{""addr1"": ""UL. WARSZAWSKA 135"", ""city"": ""RZESZOW"", ""region"": ""PODKARPACKIE"", ""country"": ""PL"", ""postal_code"": ""35-205""}",50.081623,21.984324,LEASE,648 PLN,per month,Hybrid,Automatic,FWD
234717,Nowy Compass Elektryczny Altitude · od 2501 PLN/mies.,Jeep Nowy Compass Elektryczny Altitude · Rata od 2501 PLN netto/mies. · Leasing B2B · WROCLAW · Sprawdź ofertę!,https://salon.jeep.pl/oferta/234717,https://cdn.fcapoland.pl/uploads/57/234717/02cb3e0c4253d9ff77ff4178d0e55223.jpg,Jeep,Nowy Compass Elektryczny,2026,0,KM,SUV,Niebieski Pacific,New,186301 PLN,PLN,"{""addr1"": ""UL. KARKONOSKA 45"", ""city"": ""WROCLAW"", ""region"": ""DOLNOŚLĄSKIE"", ""country"": ""PL"", ""postal_code"": ""53-015""}",51.063771,17.000116,LEASE,2501 PLN,per month,Electric,Automatic,FWD
234639,Nowy Compass e-Hybrid First Edition · od 1881 PLN/mies.,Jeep Nowy Compass e-Hybrid First Edition · Rata od 1881 PLN netto/mies. · Leasing B2B · KATOWICE · Sprawdź ofertę!,https://salon.jeep.pl/oferta/234639,https://cdn.fcapoland.pl/uploads/57/234639/3c0c4f102b4376f7753371d151f0ec2a.jpg,Jeep,Nowy Compass e-Hybrid,2026,0,KM,SUV,Jasnozielony Hawai,New,139980 PLN,PLN,"{""addr1"": ""UL. KOSCIUSZKI 261"", ""city"": ""KATOWICE"", ""region"": ""ŚLĄSKIE"", ""country"": ""PL"", ""postal_code"": ""40-690""}",50.209822,18.965429,LEASE,1881 PLN,per month,Hybrid,Automatic,FWD
234631,Avenger Altitude · od 1934 PLN/mies.,Jeep Avenger Altitude · Rata od 1934 PLN netto/mies. · Leasing B2B · BIALYSTOK · Sprawdź ofertę!,https://salon.jeep.pl/oferta/234631,https://cdn.fcapoland.pl/uploads/57/234631/8633581260e63abd12fafd57bc01e685.jpg,Jeep,Avenger,2026,0,KM,SUV,Lakier pastelowy STORM szary,New,143920 PLN,PLN,"{""addr1"": ""UL. GEN ST. MACZKA 51"", ""city"": ""BIALYSTOK"", ""region"": ""PODLASKIE"", ""country"": ""PL"", ""postal_code"": ""15-697""}",53.1563,23.1446,LEASE,1934 PLN,per month,Electric,Automatic,FWD
234629,Avenger Altitude · od 1984 PLN/mies.,Jeep Avenger Altitude · Rata od 1984 PLN netto/mies. · Leasing B2B · WARSZAWA · Sprawdź ofertę!,https://salon.jeep.pl/oferta/234629,https://cdn.fcapoland.pl/uploads/57/234629/935e974c76d2715a09d9c1e7d4692b5d.jpg,Jeep,Avenger,2026,0,KM,SUV,Lakier metaliczny SUN żółty,New,147636 PLN,PLN,"{""addr1"": ""UL. OSTROBRAMSKA  34"", ""city"": ""WARSZAWA"", ""region"": ""MAZOWIECKIE"", ""country"": ""PL"", ""postal_code"": ""04-192""}",52.23318,21.12116,LEASE,1984 PLN,per month,Electric,Automatic,FWD
234607,Nowy Compass Elektryczny First Edition · od 2664 PLN/mies.,Jeep Nowy Compass Elektryczny First Edition · Rata od 2664 PLN netto/mies. · Leasing B2B · WROCLAW · Sprawdź ofertę!,https://salon.jeep.pl/oferta/234607,https://cdn.fcapoland.pl/uploads/57/234607/f995ca6038e850869494cef6e5c49936.jpg,Jeep,Nowy Compass Elektryczny,2026,0,KM,SUV,Jasnozielony Hawai + czarny dach,New,198500 PLN,PLN,"{""addr1"": ""UL. KARKONOSKA 45"", ""city"": ""WROCLAW"", ""region"": ""DOLNOŚLĄSKIE"", ""country"": ""PL"", ""postal_code"": ""53-015""}",51.063771,17.000116,LEASE,2664 PLN,per month,Electric,Automatic,FWD
234595,Avenger Longitude · od 960 PLN/mies.,Jeep Avenger Longitude · Rata od 960 PLN netto/mies. · Leasing B2B · BIALYSTOK · Sprawdź ofertę!,https://salon.jeep.pl/oferta/234595,https://cdn.fcapoland.pl/uploads/57/234595/6c311749356aaef45b1dd06c83c0e888.jpg,Jeep,Avenger,2026,0,KM,SUV,Lakier pastelowy SNOW biały,New,107000 PLN,PLN,"{""addr1"": ""UL. GEN ST. MACZKA 51"", ""city"": ""BIALYSTOK"", ""region"": ""PODLASKIE"", ""country"": ""PL"", ""postal_code"": ""15-697""}",53.1563,23.1446,LEASE,960 PLN,per month,Hybrid,Automatic,FWD
234574,Nowy Compass Elektryczny First Edition · od 2575 PLN/mies.,Jeep Nowy Compass Elektryczny First Edition · Rata od 2575 PLN netto/mies. · Leasing B2B · BYDGOSZCZ · Sprawdź ofertę!,https://salon.jeep.pl/oferta/234574,https://cdn.fcapoland.pl/uploads/57/234574/3f4897bd4cee39222113c70c2486d52b.jpg,Jeep,Nowy Compass Elektryczny,2026,0,KM,SUV,Czarny Vulcano,New,191900 PLN,PLN,"{""addr1"": ""AL. ARMII KRAJOWEJ 250"", ""city"": ""BYDGOSZCZ"", ""region"": ""KUJAWSKO-POMORSKIE"", ""country"": ""PL"", ""postal_code"": ""85-689""}",53.17261,18.05499,LEASE,2575 PLN,per month,Electric,Automatic,FWD
234573,Nowy Compass Elektryczny Altitude · od 2749 PLN/mies.,Jeep Nowy Compass Elektryczny Altitude · Rata od 2749 PLN netto/mies. · Leasing B2B · OPOLE · Sprawdź ofertę!,https://salon.jeep.pl/oferta/234573,https://cdn.fcapoland.pl/uploads/57/234573/7919bfe350529e426ddfa76993a9a9d7.jpg,Jeep,Nowy Compass Elektryczny,2026,0,KM,SUV,Szary Yosemite,New,204880 PLN,PLN,"{""addr1"": ""UL. OLESKA 152"", ""city"": ""OPOLE"", ""region"": ""OPOLSKIE"", ""country"": ""PL"", ""postal_code"": ""45-239""}",50.690422,17.950222,LEASE,2749 PLN,per month,Electric,Automatic,FWD
234518,Avenger Altitude · od 1984 PLN/mies.,Jeep Avenger Altitude · Rata od 1984 PLN netto/mies. · Leasing B2B · WARSZAWA · Sprawdź ofertę!,https://salon.jeep.pl/oferta/234518,https://cdn.fcapoland.pl/uploads/57/234518/96aaec959c425d40d8db245165944c9c.jpg,Jeep,Avenger,2026,0,KM,SUV,Lakier metaliczny STONE beżowy,New,147636 PLN,PLN,"{""addr1"": ""UL. OSTROBRAMSKA  34"", ""city"": ""WARSZAWA"", ""region"": ""MAZOWIECKIE"", ""country"": ""PL"", ""postal_code"": ""04-192""}",52.23318,21.12116,LEASE,1984 PLN,per month,Electric,Automatic,FWD
234517,Avenger Longitude · od 908 PLN/mies.,Jeep Avenger Longitude · Rata od 908 PLN netto/mies. · Leasing B2B · BIALYSTOK · Sprawdź ofertę!,https://salon.jeep.pl/oferta/234517,https://cdn.fcapoland.pl/uploads/57/234517/78db7b20bdb7beac8ccbe5a6947b1184.jpg,Jeep,Avenger,2026,0,KM,SUV,Lakier metaliczny GRANITE szary,New,105650 PLN,PLN,"{""addr1"": ""UL. GEN ST. MACZKA 51"", ""city"": ""BIALYSTOK"", ""region"": ""PODLASKIE"", ""country"": ""PL"", ""postal_code"": ""15-697""}",53.1563,23.1446,LEASE,908 PLN,per month,Hybrid,Automatic,FWD
234511,Nowy Compass Elektryczny Altitude · od 2549 PLN/mies.,Jeep Nowy Compass Elektryczny Altitude · Rata od 2549 PLN netto/mies. · Leasing B2B · KRAKOW · Sprawdź ofertę!,https://salon.jeep.pl/oferta/234511,https://cdn.fcapoland.pl/uploads/57/234511/69acb4bdca9590d9368d7ae103281ce0.jpg,Jeep,Nowy Compass Elektryczny,2026,0,KM,SUV,Czarny Vulcano,New,189900 PLN,PLN,"{""addr1"": ""UL.OPOLSKA 9"", ""city"": ""KRAKOW"", ""region"": ""MAŁOPOLSKIE"", ""country"": ""PL"", ""postal_code"": ""31-275""}",50.09034,19.93086,LEASE,2549 PLN,per month,Electric,Automatic,FWD
234508,Nowy Compass Elektryczny First Edition · od 2575 PLN/mies.,Jeep Nowy Compass Elektryczny First Edition · Rata od 2575 PLN netto/mies. · Leasing B2B · KALISZ · Sprawdź ofertę!,https://salon.jeep.pl/oferta/234508,https://cdn.fcapoland.pl/uploads/57/234508/c50ad8e5110e1502deec25aa2d46f784.jpg,Jeep,Nowy Compass Elektryczny,2026,0,KM,SUV,Czarny Vulcano,New,191900 PLN,PLN,"{""addr1"": ""UL. WROCLAWSKA 27"", ""city"": ""KALISZ"", ""region"": ""WIELKOPOLSKIE"", ""country"": ""PL"", ""postal_code"": ""62-800""}",51.7429,18.06292,LEASE,2575 PLN,per month,Electric,Automatic,FWD
234444,Nowy Compass Elektryczny First Edition · od 2684 PLN/mies.,Jeep Nowy Compass Elektryczny First Edition · Rata od 2684 PLN netto/mies. · Leasing B2B · RZESZOW · Sprawdź ofertę!,https://salon.jeep.pl/oferta/234444,https://cdn.fcapoland.pl/uploads/57/234444/25cfaeea100f8f770c0caec2bf8d6703.jpg,Jeep,Nowy Compass Elektryczny,2026,0,KM,SUV,Brązowozielony Amazonia + czarny dach,New,199990 PLN,PLN,"{""addr1"": ""UL. WARSZAWSKA 135"", ""city"": ""RZESZOW"", ""region"": ""PODKARPACKIE"", ""country"": ""PL"", ""postal_code"": ""35-205""}",50.081623,21.984324,LEASE,2684 PLN,per month,Electric,Automatic,FWD
234443,Nowy Compass Elektryczny Altitude · od 2470 PLN/mies.,Jeep Nowy Compass Elektryczny Altitude · Rata od 2470 PLN netto/mies. · Leasing B2B · ŻORY · Sprawdź ofertę!,https://salon.jeep.pl/oferta/234443,https://cdn.fcapoland.pl/uploads/57/234443/d512442f3fd6c9b7e4dfa0fbfe23e768.jpg,Jeep,Nowy Compass Elektryczny,2026,0,KM,SUV,Czarny Vulcano,New,183978 PLN,PLN,"{""addr1"": ""UL. KOŚCIUSZKI 79"", ""city"": ""ŻORY"", ""region"": ""ŚLĄSKIE"", ""country"": ""PL"", ""postal_code"": ""44-240""}",50.03099,18.70503,LEASE,2470 PLN,per month,Electric,Automatic,FWD
234442,Nowy Compass Elektryczny Altitude · od 2501 PLN/mies.,Jeep Nowy Compass Elektryczny Altitude · Rata od 2501 PLN netto/mies. · Leasing B2B · KATOWICE · Sprawdź ofertę!,https://salon.jeep.pl/oferta/234442,https://cdn.fcapoland.pl/uploads/57/234442/2dda834d23dcd380d28362c2025c1d3a.jpg,Jeep,Nowy Compass Elektryczny,2026,0,KM,SUV,Czarny Vulcano,New,186300 PLN,PLN,"{""addr1"": ""UL. KOSCIUSZKI 261"", ""city"": ""KATOWICE"", ""region"": ""ŚLĄSKIE"", ""country"": ""PL"", ""postal_code"": ""40-690""}",50.209822,18.965429,LEASE,2501 PLN,per month,Electric,Automatic,FWD
234441,Nowy Compass Elektryczny Altitude · od 2556 PLN/mies.,Jeep Nowy Compass Elektryczny Altitude · Rata od 2556 PLN netto/mies. · Leasing B2B · GDANSK · Sprawdź ofertę!,https://salon.jeep.pl/oferta/234441,https://cdn.fcapoland.pl/uploads/57/234441/bc1cb5f4efb9a1740a44aa684cc26d83.jpg,Jeep,Nowy Compass Elektryczny,2026,0,KM,SUV,Biały Antarctica,New,190445 PLN,PLN,"{""addr1"": ""UL. POTOKOWA 15AC"", ""city"": ""GDANSK"", ""region"": ""POMORSKIE"", ""country"": ""PL"", ""postal_code"": ""80-283""}",54.368945,18.570911,LEASE,2556 PLN,per month,Electric,Automatic,FWD
234439,Nowy Compass Elektryczny First Edition · od 2816 PLN/mies.,Jeep Nowy Compass Elektryczny First Edition · Rata od 2816 PLN netto/mies. · Leasing B2B · KRAKOW · Sprawdź ofertę!,https://salon.jeep.pl/oferta/234439,https://cdn.fcapoland.pl/uploads/57/234439/d3560ff16a986208a214b99230447e5e.jpg,Jeep,Nowy Compass Elektryczny,2026,0,KM,SUV,Jasnozielony Hawai + czarny dach,New,209900 PLN,PLN,"{""addr1"": ""UL.OPOLSKA 9"", ""city"": ""KRAKOW"", ""region"": ""MAŁOPOLSKIE"", ""country"": ""PL"", ""postal_code"": ""31-275""}",50.09034,19.93086,LEASE,2816 PLN,per month,Electric,Automatic,FWD
234438,Nowy Compass Elektryczny First Edition · od 2822 PLN/mies.,Jeep Nowy Compass Elektryczny First Edition · Rata od 2822 PLN netto/mies. · Leasing B2B · POZNAN · Sprawdź ofertę!,https://salon.jeep.pl/oferta/234438,https://cdn.fcapoland.pl/uploads/57/234438/373c2a308eb5f20368174bc621914666.jpg,Jeep,Nowy Compass Elektryczny,2026,0,KM,SUV,Jasnozielony Hawai + czarny dach,New,210375 PLN,PLN,"{""addr1"": ""UL. GORZYSLAWA 9"", ""city"": ""POZNAN"", ""region"": ""WIELKOPOLSKIE"", ""country"": ""PL"", ""postal_code"": ""61-057""}",52.408466,17.029606,LEASE,2822 PLN,per month,Electric,Automatic,FWD
234436,Nowy Compass Elektryczny First Edition · od 2730 PLN/mies.,Jeep Nowy Compass Elektryczny First Edition · Rata od 2730 PLN netto/mies. · Leasing B2B · KATOWICE · Sprawdź ofertę!,https://salon.jeep.pl/oferta/234436,https://cdn.fcapoland.pl/uploads/57/234436/78b75792baadcb6ec0bc5674dd5536fc.jpg,Jeep,Nowy Compass Elektryczny,2026,0,KM,SUV,Brązowozielony Amazonia + czarny dach,New,203450 PLN,PLN,"{""addr1"": ""UL. ROZDZIENSKIEGO 170"", ""city"": ""KATOWICE"", ""region"": ""ŚLĄSKIE"", ""country"": ""PL"", ""postal_code"": ""40-203""}",50.264478,19.050486,LEASE,2730 PLN,per month,Electric,Automatic,FWD
234435,Nowy Compass Elektryczny First Edition · od 2664 PLN/mies.,Jeep Nowy Compass Elektryczny First Edition · Rata od 2664 PLN netto/mies. · Leasing B2B · KATOWICE · Sprawdź ofertę!,https://salon.jeep.pl/oferta/234435,https://cdn.fcapoland.pl/uploads/57/234435/43d54349e4d1e3ca173bd8bd7d3df5d7.jpg,Jeep,Nowy Compass Elektryczny,2026,0,KM,SUV,Brązowozielony Amazonia + czarny dach,New,198500 PLN,PLN,"{""addr1"": ""UL. KOSCIUSZKI 261"", ""city"": ""KATOWICE"", ""region"": ""ŚLĄSKIE"", ""country"": ""PL"", ""postal_code"": ""40-690""}",50.209822,18.965429,LEASE,2664 PLN,per month,Electric,Automatic,FWD
234433,Nowy Compass Elektryczny First Edition · od 2736 PLN/mies.,Jeep Nowy Compass Elektryczny First Edition · Rata od 2736 PLN netto/mies. · Leasing B2B · NOWY TARG · Sprawdź ofertę!,https://salon.jeep.pl/oferta/234433,https://cdn.fcapoland.pl/uploads/57/234433/17b3f312c5e7e9c2260cfb2077c70d53.jpg,Jeep,Nowy Compass Elektryczny,2026,0,KM,SUV,Brązowozielony Amazonia + czarny dach,New,203900 PLN,PLN,"{""addr1"": ""UL. KRAKOWSKA 3"", ""city"": ""NOWY TARG"", ""region"": ""MAŁOPOLSKIE"", ""country"": ""PL"", ""postal_code"": ""34-400""}",49.45445,20.01966,LEASE,2736 PLN,per month,Electric,Automatic,FWD
234432,Nowy Compass Elektryczny First Edition · od 2808 PLN/mies.,Jeep Nowy Compass Elektryczny First Edition · Rata od 2808 PLN netto/mies. · Leasing B2B · OPOLE · Sprawdź ofertę!,https://salon.jeep.pl/oferta/234432,https://cdn.fcapoland.pl/uploads/57/234432/fd6acd3e3472e48b7113253e080b6d2f.jpg,Jeep,Nowy Compass Elektryczny,2026,0,KM,SUV,Brązowozielony Amazonia + czarny dach,New,209300 PLN,PLN,"{""addr1"": ""UL. OLESKA 152"", ""city"": ""OPOLE"", ""region"": ""OPOLSKIE"", ""country"": ""PL"", ""postal_code"": ""45-239""}",50.690422,17.950222,LEASE,2808 PLN,per month,Electric,Automatic,FWD
234428,Nowy Compass Elektryczny First Edition · od 2549 PLN/mies.,Jeep Nowy Compass Elektryczny First Edition · Rata od 2549 PLN netto/mies. · Leasing B2B · RYBNIK · Sprawdź ofertę!,https://salon.jeep.pl/oferta/234428,https://cdn.fcapoland.pl/uploads/57/234428/5f48986152d24c7af312b61e8a566c2c.jpg,Jeep,Nowy Compass Elektryczny,2026,0,KM,SUV,Czarny Vulcano,New,189900 PLN,PLN,"{""addr1"": ""UL. ZORSKA 75"", ""city"": ""RYBNIK"", ""region"": ""ŚLĄSKIE"", ""country"": ""PL"", ""postal_code"": ""44-203""}",50.09212,18.57415,LEASE,2549 PLN,per month,Electric,Automatic,FWD
234427,Nowy Compass Elektryczny Altitude · od 2649 PLN/mies.,Jeep Nowy Compass Elektryczny Altitude · Rata od 2649 PLN netto/mies. · Leasing B2B · SZCZECIN · Sprawdź ofertę!,https://salon.jeep.pl/oferta/234427,https://cdn.fcapoland.pl/uploads/57/234427/ab1fadfbbea4f714dd4fefa635e67d0c.jpg,Jeep,Nowy Compass Elektryczny,2026,0,KM,SUV,Niebieski Pacific,New,197413 PLN,PLN,"{""addr1"": ""USTOWO 57"", ""city"": ""SZCZECIN"", ""region"": ""ZACHODNIOPOMORSKIE"", ""country"": ""PL"", ""postal_code"": ""71-001""}",53.38756,14.498444,LEASE,2649 PLN,per month,Electric,Automatic,FWD
234352,Nowy Compass Elektryczny First Edition · od 2648 PLN/mies.,Jeep Nowy Compass Elektryczny First Edition · Rata od 2648 PLN netto/mies. · Leasing B2B · GLIWICE · Sprawdź ofertę!,https://salon.jeep.pl/oferta/234352,https://cdn.fcapoland.pl/uploads/57/234352/e7b041f5c8a9890e4b01bfe7b62e97f3.jpg,Jeep,Nowy Compass Elektryczny,2026,0,KM,SUV,Jasnozielony Hawai + czarny dach,New,197300 PLN,PLN,"{""addr1"": ""UL. PSZCZYNSKA 306"", ""city"": ""GLIWICE"", ""region"": ""ŚLĄSKIE"", ""country"": ""PL"", ""postal_code"": ""44-100""}",50.269497,18.708107,LEASE,2648 PLN,per month,Electric,Automatic,FWD
234349,Nowy Compass Elektryczny First Edition · od 2656 PLN/mies.,Jeep Nowy Compass Elektryczny First Edition · Rata od 2656 PLN netto/mies. · Leasing B2B · SZCZECIN · Sprawdź ofertę!,https://salon.jeep.pl/oferta/234349,https://cdn.fcapoland.pl/uploads/57/234349/f68c32d473d7a765f18f9a830d7ccab3.jpg,Jeep,Nowy Compass Elektryczny,2026,0,KM,SUV,Brązowozielony Amazonia + czarny dach,New,197900 PLN,PLN,"{""addr1"": ""USTOWO 57"", ""city"": ""SZCZECIN"", ""region"": ""ZACHODNIOPOMORSKIE"", ""country"": ""PL"", ""postal_code"": ""71-001""}",53.38756,14.498444,LEASE,2656 PLN,per month,Electric,Automatic,FWD
234315,Avenger Summit · od 2029 PLN/mies.,Jeep Avenger Summit · Rata od 2029 PLN netto/mies. · Leasing B2B · WROCLAW · Sprawdź ofertę!,https://salon.jeep.pl/oferta/234315,https://cdn.fcapoland.pl/uploads/57/234315/97b71992491ce1c78440d15dcd35de36.jpg,Jeep,Avenger,2026,0,KM,SUV,Lakier metaliczny SUN żółty,New,151000 PLN,PLN,"{""addr1"": ""UL. KARKONOSKA 45"", ""city"": ""WROCLAW"", ""region"": ""DOLNOŚLĄSKIE"", ""country"": ""PL"", ""postal_code"": ""53-015""}",51.063771,17.000116,LEASE,2029 PLN,per month,Electric,Automatic,FWD
234310,Avenger Summit · od 766 PLN/mies.,Jeep Avenger Summit · Rata od 766 PLN netto/mies. · Leasing B2B · LUBLIN · Sprawdź ofertę!,https://salon.jeep.pl/oferta/234310,https://cdn.fcapoland.pl/uploads/57/234310/1a08fca9ea3efc5fd16f2b1a23758fb2.jpg,Jeep,Avenger,2026,0,KM,SUV,Lakier pastelowy STORM szary,New,116000 PLN,PLN,"{""addr1"": ""UL MELGIEWSKA 10"", ""city"": ""LUBLIN"", ""region"": ""LUBELSKIE"", ""country"": ""PL"", ""postal_code"": ""20-209""}",51.24833,22.60831,LEASE,766 PLN,per month,Hybrid,Automatic,FWD
234295,Nowy Compass Elektryczny Altitude · od 2563 PLN/mies.,Jeep Nowy Compass Elektryczny Altitude · Rata od 2563 PLN netto/mies. · Leasing B2B · GLIWICE · Sprawdź ofertę!,https://salon.jeep.pl/oferta/234295,https://cdn.fcapoland.pl/uploads/57/234295/1e65e0bc2adda2516c3aff605a8375bd.jpg,Jeep,Nowy Compass Elektryczny,2026,0,KM,SUV,Niebieski Pacific,New,190946 PLN,PLN,"{""addr1"": ""UL. PSZCZYNSKA 306"", ""city"": ""GLIWICE"", ""region"": ""ŚLĄSKIE"", ""country"": ""PL"", ""postal_code"": ""44-100""}",50.269497,18.708107,LEASE,2563 PLN,per month,Electric,Automatic,FWD
234294,Nowy Compass Elektryczny Altitude · od 2550 PLN/mies.,Jeep Nowy Compass Elektryczny Altitude · Rata od 2550 PLN netto/mies. · Leasing B2B · RZESZOW · Sprawdź ofertę!,https://salon.jeep.pl/oferta/234294,https://cdn.fcapoland.pl/uploads/57/234294/647ad200ba7f2a880346d61bfd09f0c0.jpg,Jeep,Nowy Compass Elektryczny,2026,0,KM,SUV,Niebieski Pacific,New,189990 PLN,PLN,"{""addr1"": ""UL. WARSZAWSKA 135"", ""city"": ""RZESZOW"", ""region"": ""PODKARPACKIE"", ""country"": ""PL"", ""postal_code"": ""35-205""}",50.081623,21.984324,LEASE,2550 PLN,per month,Electric,Automatic,FWD
234247,Nowy Compass Elektryczny Altitude · od 2563 PLN/mies.,Jeep Nowy Compass Elektryczny Altitude · Rata od 2563 PLN netto/mies. · Leasing B2B · FALENTY · Sprawdź ofertę!,https://salon.jeep.pl/oferta/234247,https://cdn.fcapoland.pl/uploads/57/234247/e24fca37fa352d5a45e1982de2299fed.jpg,Jeep,Nowy Compass Elektryczny,2026,0,KM,SUV,Szary Yosemite,New,190946 PLN,PLN,"{""addr1"": ""AL. KRAKOWSKA 8"", ""city"": ""FALENTY"", ""region"": ""MAZOWIECKIE"", ""country"": ""PL"", ""postal_code"": ""05-090""}",52.14247,20.9035,LEASE,2563 PLN,per month,Electric,Automatic,FWD
234245,Nowy Compass Elektryczny Altitude · od 2682 PLN/mies.,Jeep Nowy Compass Elektryczny Altitude · Rata od 2682 PLN netto/mies. · Leasing B2B · CZESTOCHOWA · Sprawdź ofertę!,https://salon.jeep.pl/oferta/234245,https://cdn.fcapoland.pl/uploads/57/234245/e1708468ad76aecdb86e3bfba97b4d9a.jpg,Jeep,Nowy Compass Elektryczny,2026,0,KM,SUV,Szary Yosemite,New,199900 PLN,PLN,"{""addr1"": ""UL. BUGAJSKA 6/8"", ""city"": ""CZESTOCHOWA"", ""region"": ""ŚLĄSKIE"", ""country"": ""PL"", ""postal_code"": ""42-200""}",50.76732,19.16543,LEASE,2682 PLN,per month,Electric,Automatic,FWD
234244,Nowy Compass Elektryczny First Edition · od 2652 PLN/mies.,Jeep Nowy Compass Elektryczny First Edition · Rata od 2652 PLN netto/mies. · Leasing B2B · BIELSKO-BIAŁA · Sprawdź ofertę!,https://salon.jeep.pl/oferta/234244,https://cdn.fcapoland.pl/uploads/57/234244/07c3127d48df6c70be488482314bd760.jpg,Jeep,Nowy Compass Elektryczny,2026,0,KM,SUV,Jasnozielony Hawai + czarny dach,New,197641 PLN,PLN,"{""addr1"": ""UL. WARSZAWSKA 158"", ""city"": ""BIELSKO-BIAŁA"", ""region"": ""ŚLĄSKIE"", ""country"": ""PL"", ""postal_code"": ""43-300""}",49.84307,19.03564,LEASE,2652 PLN,per month,Electric,Automatic,FWD
234242,Nowy Compass Elektryczny Altitude · od 2898 PLN/mies.,Jeep Nowy Compass Elektryczny Altitude · Rata od 2898 PLN netto/mies. · Leasing B2B · LUBLIN · Sprawdź ofertę!,https://salon.jeep.pl/oferta/234242,https://cdn.fcapoland.pl/uploads/57/234242/1_render.jpg,Jeep,Nowy Compass Elektryczny,2026,0,KM,SUV,Czarny Vulcano,New,216000 PLN,PLN,"{""addr1"": ""UL MELGIEWSKA 10"", ""city"": ""LUBLIN"", ""region"": ""LUBELSKIE"", ""country"": ""PL"", ""postal_code"": ""20-209""}",51.24833,22.60831,LEASE,2898 PLN,per month,Electric,Automatic,FWD
234241,Nowy Compass Elektryczny Altitude · od 2656 PLN/mies.,Jeep Nowy Compass Elektryczny Altitude · Rata od 2656 PLN netto/mies. · Leasing B2B · STAROWA GORA · Sprawdź ofertę!,https://salon.jeep.pl/oferta/234241,https://cdn.fcapoland.pl/uploads/57/234241/66c460a78f819ee9374dc135b3ce5b6a.jpg,Jeep,Nowy Compass Elektryczny,2026,0,KM,SUV,Niebieski Pacific,New,197900 PLN,PLN,"{""addr1"": ""UL. GRANICZNA 2"", ""city"": ""STAROWA GORA"", ""region"": ""ŁÓDZKIE"", ""country"": ""PL"", ""postal_code"": ""95-030""}",51.686346,19.477061,LEASE,2656 PLN,per month,Electric,Automatic,FWD
234240,Nowy Compass Elektryczny Altitude · od 2652 PLN/mies.,Jeep Nowy Compass Elektryczny Altitude · Rata od 2652 PLN netto/mies. · Leasing B2B · BIALYSTOK · Sprawdź ofertę!,https://salon.jeep.pl/oferta/234240,https://cdn.fcapoland.pl/uploads/57/234240/c4fd953ddac6ba4c4ae207bc545585fc.jpg,Jeep,Nowy Compass Elektryczny,2026,0,KM,SUV,Niebieski Pacific,New,197625 PLN,PLN,"{""addr1"": ""UL. GEN ST. MACZKA 51"", ""city"": ""BIALYSTOK"", ""region"": ""PODLASKIE"", ""country"": ""PL"", ""postal_code"": ""15-697""}",53.1563,23.1446,LEASE,2652 PLN,per month,Electric,Automatic,FWD
234188,Avenger Summit · od 2081 PLN/mies.,Jeep Avenger Summit · Rata od 2081 PLN netto/mies. · Leasing B2B · KALISZ · Sprawdź ofertę!,https://salon.jeep.pl/oferta/234188,https://cdn.fcapoland.pl/uploads/57/234188/cf2872ad69f6fbbeed1f7d824a7b668d.jpg,Jeep,Avenger,2026,0,KM,SUV,Lakier metaliczny SUN żółty + czarny dach VOLCANO,New,154900 PLN,PLN,"{""addr1"": ""UL. WROCLAWSKA 27"", ""city"": ""KALISZ"", ""region"": ""WIELKOPOLSKIE"", ""country"": ""PL"", ""postal_code"": ""62-800""}",51.7429,18.06292,LEASE,2081 PLN,per month,Electric,Automatic,FWD
234183,Nowy Compass Elektryczny First Edition · od 2680 PLN/mies.,Jeep Nowy Compass Elektryczny First Edition · Rata od 2680 PLN netto/mies. · Leasing B2B · OLSZTYN · Sprawdź ofertę!,https://salon.jeep.pl/oferta/234183,https://cdn.fcapoland.pl/uploads/57/234183/5fd3c46459356f30e6a7743fb563bf3a.jpg,Jeep,Nowy Compass Elektryczny,2026,0,KM,SUV,Brązowozielony Amazonia + czarny dach,New,199738 PLN,PLN,"{""addr1"": ""AL. OBRONCOW TOBRUKU 5"", ""city"": ""OLSZTYN"", ""region"": ""WARMIŃSKO-MAZURSKIE"", ""country"": ""PL"", ""postal_code"": ""10-092""}",53.764244,20.481829,LEASE,2680 PLN,per month,Electric,Automatic,FWD
234182,Nowy Compass Elektryczny First Edition · od 2644 PLN/mies.,Jeep Nowy Compass Elektryczny First Edition · Rata od 2644 PLN netto/mies. · Leasing B2B · STAROWA GORA · Sprawdź ofertę!,https://salon.jeep.pl/oferta/234182,https://cdn.fcapoland.pl/uploads/57/234182/02c3a294a99bafa855b7ab0bff787c2d.jpg,Jeep,Nowy Compass Elektryczny,2026,0,KM,SUV,Jasnozielony Hawai + czarny dach,New,197000 PLN,PLN,"{""addr1"": ""UL. GRANICZNA 2"", ""city"": ""STAROWA GORA"", ""region"": ""ŁÓDZKIE"", ""country"": ""PL"", ""postal_code"": ""95-030""}",51.686346,19.477061,LEASE,2644 PLN,per month,Electric,Automatic,FWD
234179,Nowy Compass Elektryczny First Edition · od 2578 PLN/mies.,Jeep Nowy Compass Elektryczny First Edition · Rata od 2578 PLN netto/mies. · Leasing B2B · ZIELONA GORA · Sprawdź ofertę!,https://salon.jeep.pl/oferta/234179,https://cdn.fcapoland.pl/uploads/57/234179/1215dbcfaaaca42a38a2442e32998ee1.jpg,Jeep,Nowy Compass Elektryczny,2026,0,KM,SUV,Jasnozielony Hawai + czarny dach,New,192100 PLN,PLN,"{""addr1"": ""UL. ST. BATOREGO 69A"", ""city"": ""ZIELONA GORA"", ""region"": ""LUBUSKIE"", ""country"": ""PL"", ""postal_code"": ""65-735""}",51.952379,15.499634,LEASE,2578 PLN,per month,Electric,Automatic,FWD
234162,Avenger Summit · od 1747 PLN/mies.,Jeep Avenger Summit · Rata od 1747 PLN netto/mies. · Leasing B2B · KRAKOW · Sprawdź ofertę!,https://salon.jeep.pl/oferta/234162,https://cdn.fcapoland.pl/uploads/57/234162/b453256d302e1dafff16f3988447e68c.jpg,Jeep,Avenger,2026,0,KM,SUV,Lakier metaliczny STONE beżowy,New,129900 PLN,PLN,"{""addr1"": ""UL.OPOLSKA 9"", ""city"": ""KRAKOW"", ""region"": ""MAŁOPOLSKIE"", ""country"": ""PL"", ""postal_code"": ""31-275""}",50.09034,19.93086,LEASE,1747 PLN,per month,Hybrid,Automatic,FWD
234043,Nowy Compass Elektryczny First Edition · od 2773 PLN/mies.,Jeep Nowy Compass Elektryczny First Edition · Rata od 2773 PLN netto/mies. · Leasing B2B · GRUDZIADZ · Sprawdź ofertę!,https://salon.jeep.pl/oferta/234043,https://cdn.fcapoland.pl/uploads/57/234043/26371fa2f7906466558284306e53fd8c.jpg,Jeep,Nowy Compass Elektryczny,2026,0,KM,SUV,Czarny Vulcano,New,206700 PLN,PLN,"{""addr1"": ""UL. PADEREWSKIEGO 183A"", ""city"": ""GRUDZIADZ"", ""region"": ""KUJAWSKO-POMORSKIE"", ""country"": ""PL"", ""postal_code"": ""86-300""}",53.50599,18.82049,LEASE,2773 PLN,per month,Electric,Automatic,FWD
233916,Avenger Altitude · od 1440 PLN/mies.,Jeep Avenger Altitude · Rata od 1440 PLN netto/mies. · Leasing B2B · KATOWICE · Sprawdź ofertę!,https://salon.jeep.pl/oferta/233916,https://cdn.fcapoland.pl/uploads/57/233916/0183da1883260c51cd0d540255ba3b08.jpg,Jeep,Avenger,2026,0,KM,SUV,Lakier metaliczny GRANITE szary,New,106932 PLN,PLN,"{""addr1"": ""UL. KOSCIUSZKI 261"", ""city"": ""KATOWICE"", ""region"": ""ŚLĄSKIE"", ""country"": ""PL"", ""postal_code"": ""40-690""}",50.209822,18.965429,LEASE,1440 PLN,per month,Hybrid,Automatic,FWD
233898,Nowy Compass Elektryczny Altitude · od 2562 PLN/mies.,Jeep Nowy Compass Elektryczny Altitude · Rata od 2562 PLN netto/mies. · Leasing B2B · NOWY TARG · Sprawdź ofertę!,https://salon.jeep.pl/oferta/233898,https://cdn.fcapoland.pl/uploads/57/233898/08a5530d257180cf068d31e975a9925d.jpg,Jeep,Nowy Compass Elektryczny,2026,0,KM,SUV,Biały Antarctica,New,190900 PLN,PLN,"{""addr1"": ""UL. KRAKOWSKA 3"", ""city"": ""NOWY TARG"", ""region"": ""MAŁOPOLSKIE"", ""country"": ""PL"", ""postal_code"": ""34-400""}",49.45445,20.01966,LEASE,2562 PLN,per month,Electric,Automatic,FWD
233895,Nowy Compass Elektryczny Altitude · od 2532 PLN/mies.,Jeep Nowy Compass Elektryczny Altitude · Rata od 2532 PLN netto/mies. · Leasing B2B · ELBLAG · Sprawdź ofertę!,https://salon.jeep.pl/oferta/233895,https://cdn.fcapoland.pl/uploads/57/233895/1_render.jpg,Jeep,Nowy Compass Elektryczny,2026,0,KM,SUV,Biały Antarctica,New,188623 PLN,PLN,"{""addr1"": ""UL. NOWODWORSKA 46"", ""city"": ""ELBLAG"", ""region"": ""WARMIŃSKO-MAZURSKIE"", ""country"": ""PL"", ""postal_code"": ""82-300""}",54.166,19.37664,LEASE,2532 PLN,per month,Electric,Automatic,FWD
233365,Avenger Altitude · od 1827 PLN/mies.,Jeep Avenger Altitude · Rata od 1827 PLN netto/mies. · Leasing B2B · SZCZECIN · Sprawdź ofertę!,https://salon.jeep.pl/oferta/233365,https://cdn.fcapoland.pl/uploads/57/233365/c17985fc72a3cc539eee26f33efb228d.jpg,Jeep,Avenger,2025,0,KM,SUV,Lakier pastelowy VOLCANO czarny,New,135900 PLN,PLN,"{""addr1"": ""USTOWO 57"", ""city"": ""SZCZECIN"", ""region"": ""ZACHODNIOPOMORSKIE"", ""country"": ""PL"", ""postal_code"": ""71-001""}",53.38756,14.498444,LEASE,1827 PLN,per month,Electric,Automatic,FWD
233337,Avenger Altitude · od 1827 PLN/mies.,Jeep Avenger Altitude · Rata od 1827 PLN netto/mies. · Leasing B2B · SZCZECIN · Sprawdź ofertę!,https://salon.jeep.pl/oferta/233337,https://cdn.fcapoland.pl/uploads/57/233337/2d94c450bab7bc7d81a471c7964f1807.jpg,Jeep,Avenger,2025,0,KM,SUV,Lakier metaliczny STONE beżowy,New,135900 PLN,PLN,"{""addr1"": ""USTOWO 57"", ""city"": ""SZCZECIN"", ""region"": ""ZACHODNIOPOMORSKIE"", ""country"": ""PL"", ""postal_code"": ""71-001""}",53.38756,14.498444,LEASE,1827 PLN,per month,Electric,Automatic,FWD
231692,Wrangler Unlimited Rubicon · od 4133 PLN/mies.,Jeep Wrangler Unlimited Rubicon · Rata od 4133 PLN netto/mies. · Leasing B2B · GLIWICE · Sprawdź ofertę!,https://salon.jeep.pl/oferta/231692,https://cdn.fcapoland.pl/uploads/57/231692/f1df47fb0dc59b8ef4e8706b743652e7.jpg,Jeep,Wrangler Unlimited,2025,0,KM,SUV,Black czarny,New,308390 PLN,PLN,"{""addr1"": ""UL. PSZCZYNSKA 306"", ""city"": ""GLIWICE"", ""region"": ""ŚLĄSKIE"", ""country"": ""PL"", ""postal_code"": ""44-100""}",50.269497,18.708107,LEASE,4133 PLN,per month,Gasoline,Automatic,AWD
231680,Wrangler Unlimited Rubicon · od 4139 PLN/mies.,Jeep Wrangler Unlimited Rubicon · Rata od 4139 PLN netto/mies. · Leasing B2B · SZCZECIN · Sprawdź ofertę!,https://salon.jeep.pl/oferta/231680,https://cdn.fcapoland.pl/uploads/57/231680/c89ebb73105d5cdc16555bb86aa5734b.jpg,Jeep,Wrangler Unlimited,2025,0,KM,SUV,Black czarny,New,308900 PLN,PLN,"{""addr1"": ""USTOWO 57"", ""city"": ""SZCZECIN"", ""region"": ""ZACHODNIOPOMORSKIE"", ""country"": ""PL"", ""postal_code"": ""71-001""}",53.38756,14.498444,LEASE,4139 PLN,per month,Gasoline,Automatic,AWD
231679,Wrangler Unlimited Rubicon · od 4087 PLN/mies.,Jeep Wrangler Unlimited Rubicon · Rata od 4087 PLN netto/mies. · Leasing B2B · BIELSKO-BIAŁA · Sprawdź ofertę!,https://salon.jeep.pl/oferta/231679,https://cdn.fcapoland.pl/uploads/57/231679/1_render.jpg,Jeep,Wrangler Unlimited,2025,0,KM,SUV,Black czarny,New,305000 PLN,PLN,"{""addr1"": ""UL. WARSZAWSKA 158"", ""city"": ""BIELSKO-BIAŁA"", ""region"": ""ŚLĄSKIE"", ""country"": ""PL"", ""postal_code"": ""43-300""}",49.84307,19.03564,LEASE,4087 PLN,per month,Gasoline,Automatic,AWD
231676,Wrangler Unlimited Rubicon · od 4133 PLN/mies.,Jeep Wrangler Unlimited Rubicon · Rata od 4133 PLN netto/mies. · Leasing B2B · GLIWICE · Sprawdź ofertę!,https://salon.jeep.pl/oferta/231676,https://cdn.fcapoland.pl/uploads/57/231676/891e34d0291f6883912ca8c6a8e1b471.jpg,Jeep,Wrangler Unlimited,2025,0,KM,SUV,Black czarny,New,308390 PLN,PLN,"{""addr1"": ""UL. PSZCZYNSKA 306"", ""city"": ""GLIWICE"", ""region"": ""ŚLĄSKIE"", ""country"": ""PL"", ""postal_code"": ""44-100""}",50.269497,18.708107,LEASE,4133 PLN,per month,Gasoline,Automatic,AWD
229349,Compass PHEV 4xe Limited · od 2407 PLN/mies.,Jeep Compass PHEV 4xe Limited · Rata od 2407 PLN netto/mies. · Leasing B2B · KATOWICE · Sprawdź ofertę!,https://salon.jeep.pl/oferta/229349,https://cdn.fcapoland.pl/uploads/57/229349/2b9dfa3db528e7d6686625b575ac51e4.jpg,Jeep,Compass PHEV 4xe,2023,0,KM,SUV,Niebieski Blue Shade + czarny dach,New,179294 PLN,PLN,"{""addr1"": ""UL. ROZDZIENSKIEGO 170"", ""city"": ""KATOWICE"", ""region"": ""ŚLĄSKIE"", ""country"": ""PL"", ""postal_code"": ""40-203""}",50.264478,19.050486,LEASE,2407 PLN,per month,Hybrid,Automatic,AWD
229348,Renegade Renegade · od 1787 PLN/mies.,Jeep Renegade Renegade · Rata od 1787 PLN netto/mies. · Leasing B2B · KATOWICE · Sprawdź ofertę!,https://salon.jeep.pl/oferta/229348,https://cdn.fcapoland.pl/uploads/57/229348/f9a769a956027749c56be8ad1d68dd95.jpg,Jeep,Renegade,2024,0,KM,SUV,Solar Yellow,New,132910 PLN,PLN,"{""addr1"": ""UL. ROZDZIENSKIEGO 170"", ""city"": ""KATOWICE"", ""region"": ""ŚLĄSKIE"", ""country"": ""PL"", ""postal_code"": ""40-203""}",50.264478,19.050486,LEASE,1787 PLN,per month,Hybrid,Automatic,FWD
228479,Wrangler Unlimited Rubicon · od 4139 PLN/mies.,Jeep Wrangler Unlimited Rubicon · Rata od 4139 PLN netto/mies. · Leasing B2B · KRAKOW · Sprawdź ofertę!,https://salon.jeep.pl/oferta/228479,https://cdn.fcapoland.pl/uploads/57/228479/3b4f393e976f66fb2ecec9a514dfe0b8.jpg,Jeep,Wrangler Unlimited,2025,0,KM,SUV,********************,New,308900 PLN,PLN,"{""addr1"": ""UL. ARMII KRAJOWEJ 21"", ""city"": ""KRAKOW"", ""region"": ""MAŁOPOLSKIE"", ""country"": ""PL"", ""postal_code"": ""30-150""}",50.070766,19.893652,LEASE,4139 PLN,per month,Gasoline,Automatic,AWD
225857,Wrangler Unlimited Rubicon · od 3891 PLN/mies.,Jeep Wrangler Unlimited Rubicon · Rata od 3891 PLN netto/mies. · Leasing B2B · OLSZTYN · Sprawdź ofertę!,https://salon.jeep.pl/oferta/225857,https://cdn.fcapoland.pl/uploads/57/225857/11709bc513e4003d5a8eec75dfb94a3e.jpg,Jeep,Wrangler Unlimited,2025,0,KM,SUV,Firecracker Red czerwony,New,290320 PLN,PLN,"{""addr1"": ""AL. OBRONCOW TOBRUKU 5"", ""city"": ""OLSZTYN"", ""region"": ""WARMIŃSKO-MAZURSKIE"", ""country"": ""PL"", ""postal_code"": ""10-092""}",53.764244,20.481829,LEASE,3891 PLN,per month,Gasoline,Automatic,AWD
225825,Wrangler Unlimited Rubicon · od 3950 PLN/mies.,Jeep Wrangler Unlimited Rubicon · Rata od 3950 PLN netto/mies. · Leasing B2B · OLSZTYN · Sprawdź ofertę!,https://salon.jeep.pl/oferta/225825,https://cdn.fcapoland.pl/uploads/57/225825/53800e7f781f699acced4c1fcad501be.jpg,Jeep,Wrangler Unlimited,2025,0,KM,SUV,Anvil szary,New,294706 PLN,PLN,"{""addr1"": ""AL. OBRONCOW TOBRUKU 5"", ""city"": ""OLSZTYN"", ""region"": ""WARMIŃSKO-MAZURSKIE"", ""country"": ""PL"", ""postal_code"": ""10-092""}",53.764244,20.481829,LEASE,3950 PLN,per month,Gasoline,Automatic,AWD
222002,Avenger Summit · od 1785 PLN/mies.,Jeep Avenger Summit · Rata od 1785 PLN netto/mies. · Leasing B2B · GRUDZIADZ · Sprawdź ofertę!,https://salon.jeep.pl/oferta/222002,https://cdn.fcapoland.pl/uploads/57/222002/f2e38a9c73f6c594501612c78c044369.jpg,Jeep,Avenger,2025,0,KM,SUV,Lakier pastelowy RUBY czerwony + czarny dach VOLCANO,New,132800 PLN,PLN,"{""addr1"": ""UL. PADEREWSKIEGO 183A"", ""city"": ""GRUDZIADZ"", ""region"": ""KUJAWSKO-POMORSKIE"", ""country"": ""PL"", ""postal_code"": ""86-300""}",53.50599,18.82049,LEASE,1785 PLN,per month,Hybrid,Automatic,FWD
220044,Compass PHEV 4xe Upland · od 2617 PLN/mies.,Jeep Compass PHEV 4xe Upland · Rata od 2617 PLN netto/mies. · Leasing B2B · POZNAN · Sprawdź ofertę!,https://salon.jeep.pl/oferta/220044,https://cdn.fcapoland.pl/uploads/57/220044/3cf8f2e0c19e6be4b1b550dc44c89e4e.jpg,Jeep,Compass PHEV 4xe,2023,0,KM,SUV,Szary Matter Azue + czarny dach,New,195000 PLN,PLN,"{""addr1"": ""UL. GORZYSLAWA 9"", ""city"": ""POZNAN"", ""region"": ""WIELKOPOLSKIE"", ""country"": ""PL"", ""postal_code"": ""61-057""}",52.408466,17.029606,LEASE,2617 PLN,per month,Hybrid,Automatic,AWD
218778,Renegade Renegade · od 1835 PLN/mies.,Jeep Renegade Renegade · Rata od 1835 PLN netto/mies. · Leasing B2B · BIALYSTOK · Sprawdź ofertę!,https://salon.jeep.pl/oferta/218778,https://cdn.fcapoland.pl/uploads/57/218778/e5a0428f62d00b994c41c78915877b74.jpg,Jeep,Renegade,2024,0,KM,SUV,Solar Yellow + czarny dach,New,136500 PLN,PLN,"{""addr1"": ""UL. GEN ST. MACZKA 51"", ""city"": ""BIALYSTOK"", ""region"": ""PODLASKIE"", ""country"": ""PL"", ""postal_code"": ""15-697""}",53.1563,23.1446,LEASE,1835 PLN,per month,Hybrid,Automatic,FWD
217438,Renegade PHEV 4xe Overland · od 2082 PLN/mies.,Jeep Renegade PHEV 4xe Overland · Rata od 2082 PLN netto/mies. · Leasing B2B · ŻORY · Sprawdź ofertę!,https://salon.jeep.pl/oferta/217438,https://cdn.fcapoland.pl/uploads/57/217438/5f727fcc84ecaeedca092dcafcbb9220.jpg,Jeep,Renegade PHEV 4xe,2024,0,KM,SUV,Czarny Solid Black,New,155000 PLN,PLN,"{""addr1"": ""UL. KOŚCIUSZKI 79"", ""city"": ""ŻORY"", ""region"": ""ŚLĄSKIE"", ""country"": ""PL"", ""postal_code"": ""44-240""}",50.03099,18.70503,LEASE,2082 PLN,per month,Hybrid,Automatic,AWD
215786,Wrangler Unlimited Sahara · od 3873 PLN/mies.,Jeep Wrangler Unlimited Sahara · Rata od 3873 PLN netto/mies. · Leasing B2B · BIALYSTOK · Sprawdź ofertę!,https://salon.jeep.pl/oferta/215786,https://cdn.fcapoland.pl/uploads/57/215786/40b7b6fb834498951fc59e65d7c4d51a.jpg,Jeep,Wrangler Unlimited,2024,0,KM,SUV,Silver Zynith - srebrny metaliczny,New,289000 PLN,PLN,"{""addr1"": ""UL. GEN ST. MACZKA 51"", ""city"": ""BIALYSTOK"", ""region"": ""PODLASKIE"", ""country"": ""PL"", ""postal_code"": ""15-697""}",53.1563,23.1446,LEASE,3873 PLN,per month,Gasoline,Automatic,AWD
212424,Wrangler Unlimited Rubicon · od 4400 PLN/mies.,Jeep Wrangler Unlimited Rubicon · Rata od 4400 PLN netto/mies. · Leasing B2B · BIALYSTOK · Sprawdź ofertę!,https://salon.jeep.pl/oferta/212424,https://cdn.fcapoland.pl/uploads/57/212424/613052cb3886424ceeebe85db43c9b1b.jpg,Jeep,Wrangler Unlimited,2024,0,KM,SUV,Anvil - szary pastelowy,New,328416 PLN,PLN,"{""addr1"": ""UL. GEN ST. MACZKA 51"", ""city"": ""BIALYSTOK"", ""region"": ""PODLASKIE"", ""country"": ""PL"", ""postal_code"": ""15-697""}",53.1563,23.1446,LEASE,4400 PLN,per month,Gasoline,Automatic,AWD
201670,Compass PHEV 4xe Limited · od 1882 PLN/mies.,Jeep Compass PHEV 4xe Limited · Rata od 1882 PLN netto/mies. · Leasing B2B · BIELSKO-BIAŁA · Sprawdź ofertę!,https://salon.jeep.pl/oferta/201670,https://cdn.fcapoland.pl/uploads/57/201670/cd5580a618d281dabee7c5b157c05bdf.jpg,Jeep,Compass PHEV 4xe,2023,0,KM,SUV,Biały Alpine White,New,140000 PLN,PLN,"{""addr1"": ""UL. WARSZAWSKA 158"", ""city"": ""BIELSKO-BIAŁA"", ""region"": ""ŚLĄSKIE"", ""country"": ""PL"", ""postal_code"": ""43-300""}",49.84307,19.03564,LEASE,1882 PLN,per month,Hybrid,Automatic,AWD
