vehicle_id,title,description,link,image_link,make,model,year,mileage.value,mileage.unit,body_style,exterior_color,state_of_vehicle,price,currency,address,latitude,longitude,offer_type,amount_price,amount_qualifier,fuel_type,transmission,drivetrain
VXKKAHPY0T6042084,Grandland Gs · od 1832 PLN/mies.,Opel Grandland Gs · Rata od 1832 PLN netto/mies. · Leasing B2B · Warszawa · Sprawdź ofertę!,https://sklep.opel.pl/produkt/grandland/vxkkahpy0t6042084/,https://raw.githubusercontent.com/Andy11001/-alfa-inventory/master/data/images/VXKKAHPY0T6042084_clean.jpg,Opel,Grandland,2024,0,KM,SUV,Czarny Karbon,New,177700 PLN,PLN,"{""addr1"": ""AL. KRAKOWSKA 206"", ""city"": ""WARSZAWA"", ""region"": ""MAZOWIECKIE"", ""country"": ""PL""}",52.2084,20.9412,LEASE,1832 PLN,per month,Hybrid,Automatic,FWD
VXKKAHPY6T6020512,Grandland Gs · od 1830 PLN/mies.,Opel Grandland Gs · Rata od 1830 PLN netto/mies. · Leasing B2B · Warszawa · Sprawdź ofertę!,https://sklep.opel.pl/produkt/grandland/vxkkahpy6t6020512/,https://raw.githubusercontent.com/Andy11001/-alfa-inventory/master/data/images/VXKKAHPY6T6020512_clean.jpg,Opel,Grandland,2024,0,KM,SUV,Miedziany Impakt,New,177500 PLN,PLN,"{""addr1"": ""AL. KRAKOWSKA 206"", ""city"": ""WARSZAWA"", ""region"": ""MAZOWIECKIE"", ""country"": ""PL""}",52.2084,20.9412,LEASE,1830 PLN,per month,Hybrid,Automatic,FWD
VXKKAHPYXT6019122,Grandland Gs · od 1830 PLN/mies.,Opel Grandland Gs · Rata od 1830 PLN netto/mies. · Leasing B2B · Szczecin · Sprawdź ofertę!,https://sklep.opel.pl/produkt/grandland/vxkkahpyxt6019122/,https://raw.githubusercontent.com/Andy11001/-alfa-inventory/master/data/images/VXKKAHPYXT6019122_clean.jpg,Opel,Grandland,2024,0,KM,SUV,Czarny Karbon,New,177500 PLN,PLN,"{""addr1"": ""UL. STRUGA 1B"", ""city"": ""SZCZECIN"", ""region"": ""ZACHODNIOPOMORSKIE"", ""country"": ""PL""}",53.3891,14.6543,LEASE,1830 PLN,per month,Hybrid,Automatic,FWD
VXKKAHPY9T6021718,Grandland Gs · od 1830 PLN/mies.,Opel Grandland Gs · Rata od 1830 PLN netto/mies. · Leasing B2B · Warszawa · Sprawdź ofertę!,https://sklep.opel.pl/produkt/grandland/vxkkahpy9t6021718/,https://raw.githubusercontent.com/Andy11001/-alfa-inventory/master/data/images/VXKKAHPY9T6021718_clean.jpg,Opel,Grandland,2024,0,KM,SUV,Srebrny Kristall,New,177500 PLN,PLN,"{""addr1"": ""AL. KRAKOWSKA 206"", ""city"": ""WARSZAWA"", ""region"": ""MAZOWIECKIE"", ""country"": ""PL""}",52.2084,20.9412,LEASE,1830 PLN,per month,Hybrid,Automatic,FWD
VXKKAHPY9T6019208,Grandland Gs · od 1830 PLN/mies.,Opel Grandland Gs · Rata od 1830 PLN netto/mies. · Leasing B2B · Warszawa · Sprawdź ofertę!,https://sklep.opel.pl/produkt/grandland/vxkkahpy9t6019208/,https://raw.githubusercontent.com/Andy11001/-alfa-inventory/master/data/images/VXKKAHPY9T6019208_clean.jpg,Opel,Grandland,2024,0,KM,SUV,Szary Grafik,New,177500 PLN,PLN,"{""addr1"": ""AL. KRAKOWSKA 206"", ""city"": ""WARSZAWA"", ""region"": ""MAZOWIECKIE"", ""country"": ""PL""}",52.2084,20.9412,LEASE,1830 PLN,per month,Hybrid,Automatic,FWD
VXKKAHPY0T6038990,Grandland Gs · od 1678 PLN/mies.,Opel Grandland Gs · Rata od 1678 PLN netto/mies. · Leasing B2B · Katowice · Sprawdź ofertę!,https://sklep.opel.pl/produkt/grandland/vxkkahpy0t6038990/,https://raw.githubusercontent.com/Andy11001/-alfa-inventory/master/data/images/VXKKAHPY0T6038990_clean.jpg,Opel,Grandland,2024,0,KM,SUV,Miedziany Impakt,New,162700 PLN,PLN,"{""addr1"": ""AL. ROŹDZIEŃSKIEGO 170"", ""city"": ""KATOWICE"", ""region"": ""ŚLĄSKIE"", ""country"": ""PL""}",50.2649,19.0238,LEASE,1678 PLN,per month,Hybrid,Automatic,FWD
VXKKAHPY1T6037055,Grandland Gs · od 1678 PLN/mies.,Opel Grandland Gs · Rata od 1678 PLN netto/mies. · Leasing B2B · Warszawa · Sprawdź ofertę!,https://sklep.opel.pl/produkt/grandland/vxkkahpy1t6037055/,https://raw.githubusercontent.com/Andy11001/-alfa-inventory/master/data/images/VXKKAHPY1T6037055_clean.jpg,Opel,Grandland,2024,0,KM,SUV,Szary Grafik,New,162700 PLN,PLN,"{""addr1"": ""AL. KRAKOWSKA 206"", ""city"": ""WARSZAWA"", ""region"": ""MAZOWIECKIE"", ""country"": ""PL""}",52.2084,20.9412,LEASE,1678 PLN,per month,Hybrid,Automatic,FWD
VXKKAHPY7T6029235,Grandland Gs · od 1678 PLN/mies.,Opel Grandland Gs · Rata od 1678 PLN netto/mies. · Leasing B2B · Warszawa · Sprawdź ofertę!,https://sklep.opel.pl/produkt/grandland/vxkkahpy7t6029235/,https://raw.githubusercontent.com/Andy11001/-alfa-inventory/master/data/images/VXKKAHPY7T6029235_clean.jpg,Opel,Grandland,2024,0,KM,SUV,Czarny Karbon,New,162700 PLN,PLN,"{""addr1"": ""AL. KRAKOWSKA 206"", ""city"": ""WARSZAWA"", ""region"": ""MAZOWIECKIE"", ""country"": ""PL""}",52.2084,20.9412,LEASE,1678 PLN,per month,Hybrid,Automatic,FWD
VXKKAHPY2T6012536,Grandland Gs · od 1604 PLN/mies.,Opel Grandland Gs · Rata od 1604 PLN netto/mies. · Leasing B2B · Kraków · Sprawdź ofertę!,https://sklep.opel.pl/produkt/grandland/vxkkahpy2t6012536/,https://raw.githubusercontent.com/Andy11001/-alfa-inventory/master/data/images/VXKKAHPY2T6012536_clean.jpg,Opel,Grandland,2024,0,KM,SUV,Miedziany Impakt,New,155500 PLN,PLN,"{""addr1"": ""UL. OPOLSKA 9"", ""city"": ""KRAKÓW"", ""region"": ""MAŁOPOLSKIE"", ""country"": ""PL""}",50.0931,19.9238,LEASE,1604 PLN,per month,Hybrid,Automatic,FWD
VXKFPHPY6T1015713,Astra Ultimate · od 1530 PLN/mies.,Opel Astra Ultimate · Rata od 1530 PLN netto/mies. · Leasing B2B · Warszawa · Sprawdź ofertę!,https://sklep.opel.pl/produkt/astra/vxkfphpy6t1015713/,https://raw.githubusercontent.com/Andy11001/-alfa-inventory/master/data/images/VXKFPHPY6T1015713_clean.jpg,Opel,Astra,2024,0,KM,SUV,Zolty Kult,New,148300 PLN,PLN,"{""addr1"": ""AL. KRAKOWSKA 206"", ""city"": ""WARSZAWA"", ""region"": ""MAZOWIECKIE"", ""country"": ""PL""}",52.2084,20.9412,LEASE,1530 PLN,per month,Hybrid,Automatic,FWD
W0VEBYHP7TJ704569,Combo Kombi Gs · od 1941 PLN/mies.,Opel Combo Kombi Gs · Rata od 1941 PLN netto/mies. · Leasing B2B · Warszawa · Sprawdź ofertę!,https://sklep.opel.pl/produkt/combo-kombi/w0vebyhp7tj704569/,https://raw.githubusercontent.com/Andy11001/-alfa-inventory/master/data/images/W0VEBYHP7TJ704569_clean.jpg,Opel,Combo Kombi,2024,0,KM,SUV,Niebieski Kiama,New,139300 PLN,PLN,"{""addr1"": ""AL. KRAKOWSKA 206"", ""city"": ""WARSZAWA"", ""region"": ""MAZOWIECKIE"", ""country"": ""PL""}",52.2084,20.9412,LEASE,1941 PLN,per month,Diesel,Manual,FWD
VXKUSHPY6TW058098,Mokka Ultimate · od 1345 PLN/mies.,Opel Mokka Ultimate · Rata od 1345 PLN netto/mies. · Leasing B2B · Warszawa · Sprawdź ofertę!,https://sklep.opel.pl/produkt/mokka/vxkushpy6tw058098/,https://raw.githubusercontent.com/Andy11001/-alfa-inventory/master/data/images/VXKUSHPY6TW058098_clean.jpg,Opel,Mokka,2024,0,KM,SUV,Szary Kontrast,New,130200 PLN,PLN,"{""addr1"": ""AL. KRAKOWSKA 206"", ""city"": ""WARSZAWA"", ""region"": ""MAZOWIECKIE"", ""country"": ""PL""}",52.2084,20.9412,LEASE,1345 PLN,per month,Hybrid,Automatic,FWD
VXKUSHPY7TW058238,Mokka Ultimate · od 1345 PLN/mies.,Opel Mokka Ultimate · Rata od 1345 PLN netto/mies. · Leasing B2B · Katowice · Sprawdź ofertę!,https://sklep.opel.pl/produkt/mokka/vxkushpy7tw058238/,https://raw.githubusercontent.com/Andy11001/-alfa-inventory/master/data/images/VXKUSHPY7TW058238_clean.jpg,Opel,Mokka,2024,0,KM,SUV,Szary Grafik,New,130200 PLN,PLN,"{""addr1"": ""AL. ROŹDZIEŃSKIEGO 170"", ""city"": ""KATOWICE"", ""region"": ""ŚLĄSKIE"", ""country"": ""PL""}",50.2649,19.0238,LEASE,1345 PLN,per month,Hybrid,Automatic,FWD
VXKUSHPY4TW059346,Mokka Ultimate · od 1327 PLN/mies.,Opel Mokka Ultimate · Rata od 1327 PLN netto/mies. · Leasing B2B · Szczecin · Sprawdź ofertę!,https://sklep.opel.pl/produkt/mokka/vxkushpy4tw059346/,https://raw.githubusercontent.com/Andy11001/-alfa-inventory/master/data/images/VXKUSHPY4TW059346_clean.jpg,Opel,Mokka,2024,0,KM,SUV,Szary Grafik,New,128500 PLN,PLN,"{""addr1"": ""UL. STRUGA 1B"", ""city"": ""SZCZECIN"", ""region"": ""ZACHODNIOPOMORSKIE"", ""country"": ""PL""}",53.3891,14.6543,LEASE,1327 PLN,per month,Hybrid,Automatic,FWD
W0VEBYHT5TJ826134,Combo Kombi Gs · od 1776 PLN/mies.,Opel Combo Kombi Gs · Rata od 1776 PLN netto/mies. · Leasing B2B · Warszawa · Sprawdź ofertę!,https://sklep.opel.pl/produkt/combo-kombi/w0vebyht5tj826134/,https://raw.githubusercontent.com/Andy11001/-alfa-inventory/master/data/images/W0VEBYHT5TJ826134_clean.jpg,Opel,Combo Kombi,2024,0,KM,SUV,Bialy Kaolin White,New,127400 PLN,PLN,"{""addr1"": ""AL. KRAKOWSKA 206"", ""city"": ""WARSZAWA"", ""region"": ""MAZOWIECKIE"", ""country"": ""PL""}",52.2084,20.9412,LEASE,1776 PLN,per month,Diesel,Manual,FWD
W0VEBYHT7TJ826135,Combo Kombi Gs · od 1776 PLN/mies.,Opel Combo Kombi Gs · Rata od 1776 PLN netto/mies. · Leasing B2B · Warszawa · Sprawdź ofertę!,https://sklep.opel.pl/produkt/combo-kombi/w0vebyht7tj826135/,https://raw.githubusercontent.com/Andy11001/-alfa-inventory/master/data/images/W0VEBYHT7TJ826135_clean.jpg,Opel,Combo Kombi,2024,0,KM,SUV,Bialy Kaolin White,New,127400 PLN,PLN,"{""addr1"": ""AL. KRAKOWSKA 206"", ""city"": ""WARSZAWA"", ""region"": ""MAZOWIECKIE"", ""country"": ""PL""}",52.2084,20.9412,LEASE,1776 PLN,per month,Diesel,Manual,FWD
W0VEBYHT1TJ826132,Combo Kombi Gs · od 1776 PLN/mies.,Opel Combo Kombi Gs · Rata od 1776 PLN netto/mies. · Leasing B2B · Warszawa · Sprawdź ofertę!,https://sklep.opel.pl/produkt/combo-kombi/w0vebyht1tj826132/,https://raw.githubusercontent.com/Andy11001/-alfa-inventory/master/data/images/W0VEBYHT1TJ826132_clean.jpg,Opel,Combo Kombi,2024,0,KM,SUV,Bialy Kaolin White,New,127400 PLN,PLN,"{""addr1"": ""AL. KRAKOWSKA 206"", ""city"": ""WARSZAWA"", ""region"": ""MAZOWIECKIE"", ""country"": ""PL""}",52.2084,20.9412,LEASE,1776 PLN,per month,Diesel,Manual,FWD
VXKUSHPY1TW057313,Mokka Yes · od 1243 PLN/mies.,Opel Mokka Yes · Rata od 1243 PLN netto/mies. · Leasing B2B · Warszawa · Sprawdź ofertę!,https://sklep.opel.pl/produkt/mokka/vxkushpy1tw057313/,https://raw.githubusercontent.com/Andy11001/-alfa-inventory/master/data/images/VXKUSHPY1TW057313_clean.jpg,Opel,Mokka,2024,0,KM,SUV,Pomaranczowy Koral,New,120300 PLN,PLN,"{""addr1"": ""AL. KRAKOWSKA 206"", ""city"": ""WARSZAWA"", ""region"": ""MAZOWIECKIE"", ""country"": ""PL""}",52.2084,20.9412,LEASE,1243 PLN,per month,Hybrid,Automatic,FWD
VXKUSHPY0TW051096,Mokka Yes · od 1243 PLN/mies.,Opel Mokka Yes · Rata od 1243 PLN netto/mies. · Leasing B2B · Gdańsk · Sprawdź ofertę!,https://sklep.opel.pl/produkt/mokka/vxkushpy0tw051096/,https://raw.githubusercontent.com/Andy11001/-alfa-inventory/master/data/images/VXKUSHPY0TW051096_clean.jpg,Opel,Mokka,2024,0,KM,SUV,Czarny Karbon,New,120300 PLN,PLN,"{""addr1"": ""AL. GRUNWALDZKA 256"", ""city"": ""GDAŃSK"", ""region"": ""POMORSKIE"", ""country"": ""PL""}",54.4022,18.5714,LEASE,1243 PLN,per month,Hybrid,Automatic,FWD
VXKUSHPYXTW055978,Mokka Yes · od 1243 PLN/mies.,Opel Mokka Yes · Rata od 1243 PLN netto/mies. · Leasing B2B · Warszawa · Sprawdź ofertę!,https://sklep.opel.pl/produkt/mokka/vxkushpyxtw055978/,https://raw.githubusercontent.com/Andy11001/-alfa-inventory/master/data/images/VXKUSHPYXTW055978_clean.jpg,Opel,Mokka,2024,0,KM,SUV,Pomaranczowy Koral,New,120300 PLN,PLN,"{""addr1"": ""AL. KRAKOWSKA 206"", ""city"": ""WARSZAWA"", ""region"": ""MAZOWIECKIE"", ""country"": ""PL""}",52.2084,20.9412,LEASE,1243 PLN,per month,Hybrid,Automatic,FWD
VXKUSHPY9TW058502,Mokka Yes · od 1243 PLN/mies.,Opel Mokka Yes · Rata od 1243 PLN netto/mies. · Leasing B2B · Warszawa · Sprawdź ofertę!,https://sklep.opel.pl/produkt/mokka/vxkushpy9tw058502/,https://raw.githubusercontent.com/Andy11001/-alfa-inventory/master/data/images/VXKUSHPY9TW058502_clean.jpg,Opel,Mokka,2024,0,KM,SUV,Pomaranczowy Koral,New,120300 PLN,PLN,"{""addr1"": ""AL. KRAKOWSKA 206"", ""city"": ""WARSZAWA"", ""region"": ""MAZOWIECKIE"", ""country"": ""PL""}",52.2084,20.9412,LEASE,1243 PLN,per month,Hybrid,Automatic,FWD
VXKUSHPY9TW057849,Mokka Gs · od 1279 PLN/mies.,Opel Mokka Gs · Rata od 1279 PLN netto/mies. · Leasing B2B · Warszawa · Sprawdź ofertę!,https://sklep.opel.pl/produkt/mokka/vxkushpy9tw057849/,https://raw.githubusercontent.com/Andy11001/-alfa-inventory/master/data/images/VXKUSHPY9TW057849_clean.jpg,Opel,Mokka,2024,0,KM,SUV,Szary Kontrast,New,123800 PLN,PLN,"{""addr1"": ""AL. KRAKOWSKA 206"", ""city"": ""WARSZAWA"", ""region"": ""MAZOWIECKIE"", ""country"": ""PL""}",52.2084,20.9412,LEASE,1279 PLN,per month,Hybrid,Automatic,FWD
VXKUSHPY9TW054210,Mokka Yes · od 1237 PLN/mies.,Opel Mokka Yes · Rata od 1237 PLN netto/mies. · Leasing B2B · Warszawa · Sprawdź ofertę!,https://sklep.opel.pl/produkt/mokka/vxkushpy9tw054210/,https://raw.githubusercontent.com/Andy11001/-alfa-inventory/master/data/images/VXKUSHPY9TW054210_clean.jpg,Opel,Mokka,2024,0,KM,SUV,Szary Grafik,New,119700 PLN,PLN,"{""addr1"": ""AL. KRAKOWSKA 206"", ""city"": ""WARSZAWA"", ""region"": ""MAZOWIECKIE"", ""country"": ""PL""}",52.2084,20.9412,LEASE,1237 PLN,per month,Hybrid,Automatic,FWD
VXKUSHPY1TW058039,Mokka Yes · od 1237 PLN/mies.,Opel Mokka Yes · Rata od 1237 PLN netto/mies. · Leasing B2B · Warszawa · Sprawdź ofertę!,https://sklep.opel.pl/produkt/mokka/vxkushpy1tw058039/,https://raw.githubusercontent.com/Andy11001/-alfa-inventory/master/data/images/VXKUSHPY1TW058039_clean.jpg,Opel,Mokka,2024,0,KM,SUV,Pomaranczowy Koral,New,119700 PLN,PLN,"{""addr1"": ""AL. KRAKOWSKA 206"", ""city"": ""WARSZAWA"", ""region"": ""MAZOWIECKIE"", ""country"": ""PL""}",52.2084,20.9412,LEASE,1237 PLN,per month,Hybrid,Automatic,FWD
VXKUSHPY2TW057014,Mokka Yes · od 1237 PLN/mies.,Opel Mokka Yes · Rata od 1237 PLN netto/mies. · Leasing B2B · Warszawa · Sprawdź ofertę!,https://sklep.opel.pl/produkt/mokka/vxkushpy2tw057014/,https://raw.githubusercontent.com/Andy11001/-alfa-inventory/master/data/images/VXKUSHPY2TW057014_clean.jpg,Opel,Mokka,2024,0,KM,SUV,Pomaranczowy Koral,New,119700 PLN,PLN,"{""addr1"": ""AL. KRAKOWSKA 206"", ""city"": ""WARSZAWA"", ""region"": ""MAZOWIECKIE"", ""country"": ""PL""}",52.2084,20.9412,LEASE,1237 PLN,per month,Hybrid,Automatic,FWD
VXKUSHPY7TW054190,Mokka Yes · od 1237 PLN/mies.,Opel Mokka Yes · Rata od 1237 PLN netto/mies. · Leasing B2B · Kraków · Sprawdź ofertę!,https://sklep.opel.pl/produkt/mokka/vxkushpy7tw054190/,https://raw.githubusercontent.com/Andy11001/-alfa-inventory/master/data/images/VXKUSHPY7TW054190_clean.jpg,Opel,Mokka,2024,0,KM,SUV,Bialy Arktis,New,119700 PLN,PLN,"{""addr1"": ""UL. OPOLSKA 9"", ""city"": ""KRAKÓW"", ""region"": ""MAŁOPOLSKIE"", ""country"": ""PL""}",50.0931,19.9238,LEASE,1237 PLN,per month,Hybrid,Automatic,FWD
VXKUSHPY4TW057886,Mokka Business Edition · od 1266 PLN/mies.,Opel Mokka Business Edition · Rata od 1266 PLN netto/mies. · Leasing B2B · Warszawa · Sprawdź ofertę!,https://sklep.opel.pl/produkt/mokka/vxkushpy4tw057886/,https://raw.githubusercontent.com/Andy11001/-alfa-inventory/master/data/images/VXKUSHPY4TW057886_clean.jpg,Opel,Mokka,2024,0,KM,SUV,Szary Kontrast,New,122500 PLN,PLN,"{""addr1"": ""AL. KRAKOWSKA 206"", ""city"": ""WARSZAWA"", ""region"": ""MAZOWIECKIE"", ""country"": ""PL""}",52.2084,20.9412,LEASE,1266 PLN,per month,Hybrid,Automatic,FWD
VXKUSHPY8TW057888,Mokka Business Edition · od 1266 PLN/mies.,Opel Mokka Business Edition · Rata od 1266 PLN netto/mies. · Leasing B2B · Warszawa · Sprawdź ofertę!,https://sklep.opel.pl/produkt/mokka/vxkushpy8tw057888/,https://raw.githubusercontent.com/Andy11001/-alfa-inventory/master/data/images/VXKUSHPY8TW057888_clean.jpg,Opel,Mokka,2024,0,KM,SUV,Szary Kontrast,New,122500 PLN,PLN,"{""addr1"": ""AL. KRAKOWSKA 206"", ""city"": ""WARSZAWA"", ""region"": ""MAZOWIECKIE"", ""country"": ""PL""}",52.2084,20.9412,LEASE,1266 PLN,per month,Hybrid,Automatic,FWD
VXKUSHPY2TW057885,Mokka Business Edition · od 1266 PLN/mies.,Opel Mokka Business Edition · Rata od 1266 PLN netto/mies. · Leasing B2B · Warszawa · Sprawdź ofertę!,https://sklep.opel.pl/produkt/mokka/vxkushpy2tw057885/,https://raw.githubusercontent.com/Andy11001/-alfa-inventory/master/data/images/VXKUSHPY2TW057885_clean.jpg,Opel,Mokka,2024,0,KM,SUV,Szary Kontrast,New,122500 PLN,PLN,"{""addr1"": ""AL. KRAKOWSKA 206"", ""city"": ""WARSZAWA"", ""region"": ""MAZOWIECKIE"", ""country"": ""PL""}",52.2084,20.9412,LEASE,1266 PLN,per month,Hybrid,Automatic,FWD
VXKUSHPY6TW058991,Mokka Business Edition · od 1253 PLN/mies.,Opel Mokka Business Edition · Rata od 1253 PLN netto/mies. · Leasing B2B · Warszawa · Sprawdź ofertę!,https://sklep.opel.pl/produkt/mokka/vxkushpy6tw058991/,https://raw.githubusercontent.com/Andy11001/-alfa-inventory/master/data/images/VXKUSHPY6TW058991_clean.jpg,Opel,Mokka,2024,0,KM,SUV,Niebieski Kolibri,New,121300 PLN,PLN,"{""addr1"": ""AL. KRAKOWSKA 206"", ""city"": ""WARSZAWA"", ""region"": ""MAZOWIECKIE"", ""country"": ""PL""}",52.2084,20.9412,LEASE,1253 PLN,per month,Hybrid,Automatic,FWD
VXKCSHPYXTT282617,Frontera Gs · od 1290 PLN/mies.,Opel Frontera Gs · Rata od 1290 PLN netto/mies. · Leasing B2B · Warszawa · Sprawdź ofertę!,https://sklep.opel.pl/produkt/frontera/vxkcshpyxtt282617/,https://raw.githubusercontent.com/Andy11001/-alfa-inventory/master/data/images/VXKCSHPYXTT282617_clean.jpg,Opel,Frontera,2024,0,KM,SUV,Srebrny Kristall,New,124900 PLN,PLN,"{""addr1"": ""AL. KRAKOWSKA 206"", ""city"": ""WARSZAWA"", ""region"": ""MAZOWIECKIE"", ""country"": ""PL""}",52.2084,20.9412,LEASE,1290 PLN,per month,Hybrid,Automatic,FWD
VXKCSHPY4TT282712,Frontera Gs · od 1290 PLN/mies.,Opel Frontera Gs · Rata od 1290 PLN netto/mies. · Leasing B2B · Warszawa · Sprawdź ofertę!,https://sklep.opel.pl/produkt/frontera/vxkcshpy4tt282712/,https://raw.githubusercontent.com/Andy11001/-alfa-inventory/master/data/images/VXKCSHPY4TT282712_clean.jpg,Opel,Frontera,2024,0,KM,SUV,Zielony Khaki,New,124900 PLN,PLN,"{""addr1"": ""AL. KRAKOWSKA 206"", ""city"": ""WARSZAWA"", ""region"": ""MAZOWIECKIE"", ""country"": ""PL""}",52.2084,20.9412,LEASE,1290 PLN,per month,Hybrid,Automatic,FWD
VXKCSHPYXTT282715,Frontera Gs · od 1290 PLN/mies.,Opel Frontera Gs · Rata od 1290 PLN netto/mies. · Leasing B2B · Warszawa · Sprawdź ofertę!,https://sklep.opel.pl/produkt/frontera/vxkcshpyxtt282715/,https://raw.githubusercontent.com/Andy11001/-alfa-inventory/master/data/images/VXKCSHPYXTT282715_clean.jpg,Opel,Frontera,2024,0,KM,SUV,Zielony Khaki,New,124900 PLN,PLN,"{""addr1"": ""AL. KRAKOWSKA 206"", ""city"": ""WARSZAWA"", ""region"": ""MAZOWIECKIE"", ""country"": ""PL""}",52.2084,20.9412,LEASE,1290 PLN,per month,Hybrid,Automatic,FWD
VXKCSHPY9TT266232,Frontera Gs · od 1284 PLN/mies.,Opel Frontera Gs · Rata od 1284 PLN netto/mies. · Leasing B2B · Warszawa · Sprawdź ofertę!,https://sklep.opel.pl/produkt/frontera/vxkcshpy9tt266232/,https://raw.githubusercontent.com/Andy11001/-alfa-inventory/master/data/images/VXKCSHPY9TT266232_clean.jpg,Opel,Frontera,2024,0,KM,SUV,Zielony Khaki,New,124300 PLN,PLN,"{""addr1"": ""AL. KRAKOWSKA 206"", ""city"": ""WARSZAWA"", ""region"": ""MAZOWIECKIE"", ""country"": ""PL""}",52.2084,20.9412,LEASE,1284 PLN,per month,Hybrid,Automatic,FWD
VXKUSHPW0TW059522,Mokka Business Edition · od 1130 PLN/mies.,Opel Mokka Business Edition · Rata od 1130 PLN netto/mies. · Leasing B2B · Warszawa · Sprawdź ofertę!,https://sklep.opel.pl/produkt/mokka/vxkushpw0tw059522/,https://raw.githubusercontent.com/Andy11001/-alfa-inventory/master/data/images/VXKUSHPW0TW059522_clean.jpg,Opel,Mokka,2024,0,KM,SUV,Niebieski Kolibri,New,109300 PLN,PLN,"{""addr1"": ""AL. KRAKOWSKA 206"", ""city"": ""WARSZAWA"", ""region"": ""MAZOWIECKIE"", ""country"": ""PL""}",52.2084,20.9412,LEASE,1130 PLN,per month,Gasoline,Manual,FWD
VXKUPHPV5T4238322,Corsa Gs · od 933 PLN/mies.,Opel Corsa Gs · Rata od 933 PLN netto/mies. · Leasing B2B · Kraków · Sprawdź ofertę!,https://sklep.opel.pl/produkt/corsa/vxkuphpv5t4238322/,https://raw.githubusercontent.com/Andy11001/-alfa-inventory/master/data/images/VXKUPHPV5T4238322_clean.jpg,Opel,Corsa,2024,0,KM,SUV,Bialy Kontur,New,90000 PLN,PLN,"{""addr1"": ""UL. OPOLSKA 9"", ""city"": ""KRAKÓW"", ""region"": ""MAŁOPOLSKIE"", ""country"": ""PL""}",50.0931,19.9238,LEASE,933 PLN,per month,Gasoline,Manual,FWD
VXKUPHPV5T4092892,Corsa Yes · od 942 PLN/mies.,Opel Corsa Yes · Rata od 942 PLN netto/mies. · Leasing B2B · Warszawa · Sprawdź ofertę!,https://sklep.opel.pl/produkt/corsa/vxkuphpv5t4092892/,https://raw.githubusercontent.com/Andy11001/-alfa-inventory/master/data/images/VXKUPHPV5T4092892_clean.jpg,Opel,Corsa,2024,0,KM,SUV,Zielony Eukaliptus,New,90900 PLN,PLN,"{""addr1"": ""AL. KRAKOWSKA 206"", ""city"": ""WARSZAWA"", ""region"": ""MAZOWIECKIE"", ""country"": ""PL""}",52.2084,20.9412,LEASE,942 PLN,per month,Gasoline,Manual,FWD
VXKUPHPV0T4237899,Corsa Edition · od 902 PLN/mies.,Opel Corsa Edition · Rata od 902 PLN netto/mies. · Leasing B2B · Bielsko-Biała · Sprawdź ofertę!,https://sklep.opel.pl/produkt/corsa/vxkuphpv0t4237899/,https://raw.githubusercontent.com/Andy11001/-alfa-inventory/master/data/images/VXKUPHPV0T4237899_clean.jpg,Opel,Corsa,2024,0,KM,SUV,Szary Grafik,New,87000 PLN,PLN,"{""addr1"": ""UL. WARSZAWSKA 15"", ""city"": ""BIELSKO-BIAŁA"", ""region"": ""ŚLĄSKIE"", ""country"": ""PL""}",49.8225,19.0444,LEASE,902 PLN,per month,Gasoline,Manual,FWD
VXKUPHPV3T4224273,Corsa Edition · od 902 PLN/mies.,Opel Corsa Edition · Rata od 902 PLN netto/mies. · Leasing B2B · Katowice · Sprawdź ofertę!,https://sklep.opel.pl/produkt/corsa/vxkuphpv3t4224273/,https://raw.githubusercontent.com/Andy11001/-alfa-inventory/master/data/images/VXKUPHPV3T4224273_clean.jpg,Opel,Corsa,2024,0,KM,SUV,Srebrny Kristall,New,87000 PLN,PLN,"{""addr1"": ""AL. ROŹDZIEŃSKIEGO 170"", ""city"": ""KATOWICE"", ""region"": ""ŚLĄSKIE"", ""country"": ""PL""}",50.2649,19.0238,LEASE,902 PLN,per month,Gasoline,Manual,FWD
VXKUPHPV3T4237900,Corsa Edition · od 902 PLN/mies.,Opel Corsa Edition · Rata od 902 PLN netto/mies. · Leasing B2B · Bielsko-Biała · Sprawdź ofertę!,https://sklep.opel.pl/produkt/corsa/vxkuphpv3t4237900/,https://raw.githubusercontent.com/Andy11001/-alfa-inventory/master/data/images/VXKUPHPV3T4237900_clean.jpg,Opel,Corsa,2024,0,KM,SUV,Szary Grafik,New,87000 PLN,PLN,"{""addr1"": ""UL. WARSZAWSKA 15"", ""city"": ""BIELSKO-BIAŁA"", ""region"": ""ŚLĄSKIE"", ""country"": ""PL""}",49.8225,19.0444,LEASE,902 PLN,per month,Gasoline,Manual,FWD
VXKUPHPV4T4237954,Corsa Edition · od 886 PLN/mies.,Opel Corsa Edition · Rata od 886 PLN netto/mies. · Leasing B2B · Bielsko-Biała · Sprawdź ofertę!,https://sklep.opel.pl/produkt/corsa/vxkuphpv4t4237954/,https://raw.githubusercontent.com/Andy11001/-alfa-inventory/master/data/images/VXKUPHPV4T4237954_clean.jpg,Opel,Corsa,2024,0,KM,SUV,Bialy Kontur,New,85500 PLN,PLN,"{""addr1"": ""UL. WARSZAWSKA 15"", ""city"": ""BIELSKO-BIAŁA"", ""region"": ""ŚLĄSKIE"", ""country"": ""PL""}",49.8225,19.0444,LEASE,886 PLN,per month,Gasoline,Manual,FWD
VXKUPHPV1T4237992,Corsa Edition · od 871 PLN/mies.,Opel Corsa Edition · Rata od 871 PLN netto/mies. · Leasing B2B · Warszawa · Sprawdź ofertę!,https://sklep.opel.pl/produkt/corsa/vxkuphpv1t4237992/,https://raw.githubusercontent.com/Andy11001/-alfa-inventory/master/data/images/VXKUPHPV1T4237992_clean.jpg,Opel,Corsa,2024,0,KM,SUV,Srebrny Kristall,New,84000 PLN,PLN,"{""addr1"": ""AL. KRAKOWSKA 206"", ""city"": ""WARSZAWA"", ""region"": ""MAZOWIECKIE"", ""country"": ""PL""}",52.2084,20.9412,LEASE,871 PLN,per month,Gasoline,Manual,FWD
VXKUPHPV2T4237838,Corsa Edition · od 871 PLN/mies.,Opel Corsa Edition · Rata od 871 PLN netto/mies. · Leasing B2B · Warszawa · Sprawdź ofertę!,https://sklep.opel.pl/produkt/corsa/vxkuphpv2t4237838/,https://raw.githubusercontent.com/Andy11001/-alfa-inventory/master/data/images/VXKUPHPV2T4237838_clean.jpg,Opel,Corsa,2024,0,KM,SUV,Szary Grafik,New,84000 PLN,PLN,"{""addr1"": ""AL. KRAKOWSKA 206"", ""city"": ""WARSZAWA"", ""region"": ""MAZOWIECKIE"", ""country"": ""PL""}",52.2084,20.9412,LEASE,871 PLN,per month,Gasoline,Manual,FWD
VXKUPHPV5T4238126,Corsa Edition · od 871 PLN/mies.,Opel Corsa Edition · Rata od 871 PLN netto/mies. · Leasing B2B · Kraków · Sprawdź ofertę!,https://sklep.opel.pl/produkt/corsa/vxkuphpv5t4238126/,https://raw.githubusercontent.com/Andy11001/-alfa-inventory/master/data/images/VXKUPHPV5T4238126_clean.jpg,Opel,Corsa,2024,0,KM,SUV,Czarny Karbon,New,84000 PLN,PLN,"{""addr1"": ""UL. OPOLSKA 9"", ""city"": ""KRAKÓW"", ""region"": ""MAŁOPOLSKIE"", ""country"": ""PL""}",50.0931,19.9238,LEASE,871 PLN,per month,Gasoline,Manual,FWD
VXKUPHPV3T4238125,Corsa Edition · od 871 PLN/mies.,Opel Corsa Edition · Rata od 871 PLN netto/mies. · Leasing B2B · Warszawa · Sprawdź ofertę!,https://sklep.opel.pl/produkt/corsa/vxkuphpv3t4238125/,https://raw.githubusercontent.com/Andy11001/-alfa-inventory/master/data/images/VXKUPHPV3T4238125_clean.jpg,Opel,Corsa,2024,0,KM,SUV,Czarny Karbon,New,84000 PLN,PLN,"{""addr1"": ""AL. KRAKOWSKA 206"", ""city"": ""WARSZAWA"", ""region"": ""MAZOWIECKIE"", ""country"": ""PL""}",52.2084,20.9412,LEASE,871 PLN,per month,Gasoline,Manual,FWD
VXKUPHPV5T4237994,Corsa Edition · od 871 PLN/mies.,Opel Corsa Edition · Rata od 871 PLN netto/mies. · Leasing B2B · Warszawa · Sprawdź ofertę!,https://sklep.opel.pl/produkt/corsa/vxkuphpv5t4237994/,https://raw.githubusercontent.com/Andy11001/-alfa-inventory/master/data/images/VXKUPHPV5T4237994_clean.jpg,Opel,Corsa,2024,0,KM,SUV,Srebrny Kristall,New,84000 PLN,PLN,"{""addr1"": ""AL. KRAKOWSKA 206"", ""city"": ""WARSZAWA"", ""region"": ""MAZOWIECKIE"", ""country"": ""PL""}",52.2084,20.9412,LEASE,871 PLN,per month,Gasoline,Manual,FWD
VXKUPHPV3T4237993,Corsa Edition · od 871 PLN/mies.,Opel Corsa Edition · Rata od 871 PLN netto/mies. · Leasing B2B · Warszawa · Sprawdź ofertę!,https://sklep.opel.pl/produkt/corsa/vxkuphpv3t4237993/,https://raw.githubusercontent.com/Andy11001/-alfa-inventory/master/data/images/VXKUPHPV3T4237993_clean.jpg,Opel,Corsa,2024,0,KM,SUV,Srebrny Kristall,New,84000 PLN,PLN,"{""addr1"": ""AL. KRAKOWSKA 206"", ""city"": ""WARSZAWA"", ""region"": ""MAZOWIECKIE"", ""country"": ""PL""}",52.2084,20.9412,LEASE,871 PLN,per month,Gasoline,Manual,FWD
VXKUPHPV5T4238112,Corsa Edition · od 865 PLN/mies.,Opel Corsa Edition · Rata od 865 PLN netto/mies. · Leasing B2B · Warszawa · Sprawdź ofertę!,https://sklep.opel.pl/produkt/corsa/vxkuphpv5t4238112/,https://raw.githubusercontent.com/Andy11001/-alfa-inventory/master/data/images/VXKUPHPV5T4238112_clean.jpg,Opel,Corsa,2024,0,KM,SUV,Srebrny Kristall,New,83400 PLN,PLN,"{""addr1"": ""AL. KRAKOWSKA 206"", ""city"": ""WARSZAWA"", ""region"": ""MAZOWIECKIE"", ""country"": ""PL""}",52.2084,20.9412,LEASE,865 PLN,per month,Gasoline,Manual,FWD
VXKUPHPV6T4237955,Corsa Edition · od 846 PLN/mies.,Opel Corsa Edition · Rata od 846 PLN netto/mies. · Leasing B2B · Warszawa · Sprawdź ofertę!,https://sklep.opel.pl/produkt/corsa/vxkuphpv6t4237955/,https://raw.githubusercontent.com/Andy11001/-alfa-inventory/master/data/images/VXKUPHPV6T4237955_clean.jpg,Opel,Corsa,2024,0,KM,SUV,Niebieski Voltaik,New,81600 PLN,PLN,"{""addr1"": ""AL. KRAKOWSKA 206"", ""city"": ""WARSZAWA"", ""region"": ""MAZOWIECKIE"", ""country"": ""PL""}",52.2084,20.9412,LEASE,846 PLN,per month,Gasoline,Manual,FWD
VXKUPHPV8T4237956,Corsa Edition · od 846 PLN/mies.,Opel Corsa Edition · Rata od 846 PLN netto/mies. · Leasing B2B · Warszawa · Sprawdź ofertę!,https://sklep.opel.pl/produkt/corsa/vxkuphpv8t4237956/,https://raw.githubusercontent.com/Andy11001/-alfa-inventory/master/data/images/VXKUPHPV8T4237956_clean.jpg,Opel,Corsa,2024,0,KM,SUV,Niebieski Voltaik,New,81600 PLN,PLN,"{""addr1"": ""AL. KRAKOWSKA 206"", ""city"": ""WARSZAWA"", ""region"": ""MAZOWIECKIE"", ""country"": ""PL""}",52.2084,20.9412,LEASE,846 PLN,per month,Gasoline,Manual,FWD
VXKUPHPV0T4238454,Corsa Edition · od 826 PLN/mies.,Opel Corsa Edition · Rata od 826 PLN netto/mies. · Leasing B2B · Kraków · Sprawdź ofertę!,https://sklep.opel.pl/produkt/corsa/vxkuphpv0t4238454/,https://raw.githubusercontent.com/Andy11001/-alfa-inventory/master/data/images/VXKUPHPV0T4238454_clean.jpg,Opel,Corsa,2024,0,KM,SUV,Bialy Kontur,New,79600 PLN,PLN,"{""addr1"": ""UL. OPOLSKA 9"", ""city"": ""KRAKÓW"", ""region"": ""MAŁOPOLSKIE"", ""country"": ""PL""}",50.0931,19.9238,LEASE,826 PLN,per month,Gasoline,Manual,FWD
VXKUPHPV1T4237782,Corsa Edition · od 826 PLN/mies.,Opel Corsa Edition · Rata od 826 PLN netto/mies. · Leasing B2B · Kraków · Sprawdź ofertę!,https://sklep.opel.pl/produkt/corsa/vxkuphpv1t4237782/,https://raw.githubusercontent.com/Andy11001/-alfa-inventory/master/data/images/VXKUPHPV1T4237782_clean.jpg,Opel,Corsa,2024,0,KM,SUV,Srebrny Kristall,New,79600 PLN,PLN,"{""addr1"": ""UL. OPOLSKA 9"", ""city"": ""KRAKÓW"", ""region"": ""MAŁOPOLSKIE"", ""country"": ""PL""}",50.0931,19.9238,LEASE,826 PLN,per month,Gasoline,Manual,FWD
VXKUPHPV2T4206668,Corsa Edition · od 824 PLN/mies.,Opel Corsa Edition · Rata od 824 PLN netto/mies. · Leasing B2B · Warszawa · Sprawdź ofertę!,https://sklep.opel.pl/produkt/corsa/vxkuphpv2t4206668/,https://raw.githubusercontent.com/Andy11001/-alfa-inventory/master/data/images/VXKUPHPV2T4206668_clean.jpg,Opel,Corsa,2024,0,KM,SUV,Czarny Karbon,New,79400 PLN,PLN,"{""addr1"": ""AL. KRAKOWSKA 206"", ""city"": ""WARSZAWA"", ""region"": ""MAZOWIECKIE"", ""country"": ""PL""}",52.2084,20.9412,LEASE,824 PLN,per month,Gasoline,Manual,FWD
VXKUPHPV1T4238074,Corsa Edition · od 815 PLN/mies.,Opel Corsa Edition · Rata od 815 PLN netto/mies. · Leasing B2B · Warszawa · Sprawdź ofertę!,https://sklep.opel.pl/produkt/corsa/vxkuphpv1t4238074/,https://raw.githubusercontent.com/Andy11001/-alfa-inventory/master/data/images/VXKUPHPV1T4238074_clean.jpg,Opel,Corsa,2024,0,KM,SUV,Niebieski Voltaik,New,78500 PLN,PLN,"{""addr1"": ""AL. KRAKOWSKA 206"", ""city"": ""WARSZAWA"", ""region"": ""MAZOWIECKIE"", ""country"": ""PL""}",52.2084,20.9412,LEASE,815 PLN,per month,Gasoline,Manual,FWD
VXKUPHPV3T4238075,Corsa Edition · od 815 PLN/mies.,Opel Corsa Edition · Rata od 815 PLN netto/mies. · Leasing B2B · Warszawa · Sprawdź ofertę!,https://sklep.opel.pl/produkt/corsa/vxkuphpv3t4238075/,https://raw.githubusercontent.com/Andy11001/-alfa-inventory/master/data/images/VXKUPHPV3T4238075_clean.jpg,Opel,Corsa,2024,0,KM,SUV,Niebieski Voltaik,New,78500 PLN,PLN,"{""addr1"": ""AL. KRAKOWSKA 206"", ""city"": ""WARSZAWA"", ""region"": ""MAZOWIECKIE"", ""country"": ""PL""}",52.2084,20.9412,LEASE,815 PLN,per month,Gasoline,Manual,FWD
VXKUPHPV9T4238193,Corsa Edition · od 801 PLN/mies.,Opel Corsa Edition · Rata od 801 PLN netto/mies. · Leasing B2B · Katowice · Sprawdź ofertę!,https://sklep.opel.pl/produkt/corsa/vxkuphpv9t4238193/,https://raw.githubusercontent.com/Andy11001/-alfa-inventory/master/data/images/VXKUPHPV9T4238193_clean.jpg,Opel,Corsa,2024,0,KM,SUV,Niebieski Voltaik,New,77200 PLN,PLN,"{""addr1"": ""AL. ROŹDZIEŃSKIEGO 170"", ""city"": ""KATOWICE"", ""region"": ""ŚLĄSKIE"", ""country"": ""PL""}",50.2649,19.0238,LEASE,801 PLN,per month,Gasoline,Manual,FWD
VXKKAHPY1T6019123,Grandland Gs · od 1830 PLN/mies.,Opel Grandland Gs · Rata od 1830 PLN netto/mies. · Leasing B2B · Szczecin · Sprawdź ofertę!,https://sklep.opel.pl/produkt/grandland/vxkkahpy1t6019123/,https://raw.githubusercontent.com/Andy11001/-alfa-inventory/master/data/images/VXKKAHPY1T6019123_clean.jpg,Opel,Grandland,2024,0,KM,SUV,Czarny Karbon,New,177500 PLN,PLN,"{""addr1"": ""UL. STRUGA 1B"", ""city"": ""SZCZECIN"", ""region"": ""ZACHODNIOPOMORSKIE"", ""country"": ""PL""}",53.3891,14.6543,LEASE,1830 PLN,per month,Hybrid,Automatic,FWD
VXKKAHPY5T6019240,Grandland Gs · od 1830 PLN/mies.,Opel Grandland Gs · Rata od 1830 PLN netto/mies. · Leasing B2B · Warszawa · Sprawdź ofertę!,https://sklep.opel.pl/produkt/grandland/vxkkahpy5t6019240/,https://raw.githubusercontent.com/Andy11001/-alfa-inventory/master/data/images/VXKKAHPY5T6019240_clean.jpg,Opel,Grandland,2024,0,KM,SUV,Srebrny Kristall,New,177500 PLN,PLN,"{""addr1"": ""AL. KRAKOWSKA 206"", ""city"": ""WARSZAWA"", ""region"": ""MAZOWIECKIE"", ""country"": ""PL""}",52.2084,20.9412,LEASE,1830 PLN,per month,Hybrid,Automatic,FWD
VXKKAHPY6T6019232,Grandland Gs · od 1830 PLN/mies.,Opel Grandland Gs · Rata od 1830 PLN netto/mies. · Leasing B2B · Warszawa · Sprawdź ofertę!,https://sklep.opel.pl/produkt/grandland/vxkkahpy6t6019232/,https://raw.githubusercontent.com/Andy11001/-alfa-inventory/master/data/images/VXKKAHPY6T6019232_clean.jpg,Opel,Grandland,2024,0,KM,SUV,Srebrny Kristall,New,177500 PLN,PLN,"{""addr1"": ""AL. KRAKOWSKA 206"", ""city"": ""WARSZAWA"", ""region"": ""MAZOWIECKIE"", ""country"": ""PL""}",52.2084,20.9412,LEASE,1830 PLN,per month,Hybrid,Automatic,FWD
VXKKAHPY3T6015803,Grandland Gs · od 1807 PLN/mies.,Opel Grandland Gs · Rata od 1807 PLN netto/mies. · Leasing B2B · Bielsko-Biała · Sprawdź ofertę!,https://sklep.opel.pl/produkt/grandland/vxkkahpy3t6015803/,https://raw.githubusercontent.com/Andy11001/-alfa-inventory/master/data/images/VXKKAHPY3T6015803_clean.jpg,Opel,Grandland,2024,0,KM,SUV,Srebrny Kristall,New,175300 PLN,PLN,"{""addr1"": ""UL. WARSZAWSKA 15"", ""city"": ""BIELSKO-BIAŁA"", ""region"": ""ŚLĄSKIE"", ""country"": ""PL""}",49.8225,19.0444,LEASE,1807 PLN,per month,Hybrid,Automatic,FWD
VXKFPHPY2T1015689,Astra Ultimate · od 1530 PLN/mies.,Opel Astra Ultimate · Rata od 1530 PLN netto/mies. · Leasing B2B · Warszawa · Sprawdź ofertę!,https://sklep.opel.pl/produkt/astra/vxkfphpy2t1015689/,https://raw.githubusercontent.com/Andy11001/-alfa-inventory/master/data/images/VXKFPHPY2T1015689_clean.jpg,Opel,Astra,2024,0,KM,SUV,Zolty Kult,New,148300 PLN,PLN,"{""addr1"": ""AL. KRAKOWSKA 206"", ""city"": ""WARSZAWA"", ""region"": ""MAZOWIECKIE"", ""country"": ""PL""}",52.2084,20.9412,LEASE,1530 PLN,per month,Hybrid,Automatic,FWD
VXKUSHPY0TW058100,Mokka Ultimate · od 1348 PLN/mies.,Opel Mokka Ultimate · Rata od 1348 PLN netto/mies. · Leasing B2B · Warszawa · Sprawdź ofertę!,https://sklep.opel.pl/produkt/mokka/vxkushpy0tw058100/,https://raw.githubusercontent.com/Andy11001/-alfa-inventory/master/data/images/VXKUSHPY0TW058100_clean.jpg,Opel,Mokka,2024,0,KM,SUV,Zielony Tropikal,New,130500 PLN,PLN,"{""addr1"": ""AL. KRAKOWSKA 206"", ""city"": ""WARSZAWA"", ""region"": ""MAZOWIECKIE"", ""country"": ""PL""}",52.2084,20.9412,LEASE,1348 PLN,per month,Hybrid,Automatic,FWD
VXKUSHPY6TW058599,Mokka Ultimate · od 1348 PLN/mies.,Opel Mokka Ultimate · Rata od 1348 PLN netto/mies. · Leasing B2B · Warszawa · Sprawdź ofertę!,https://sklep.opel.pl/produkt/mokka/vxkushpy6tw058599/,https://raw.githubusercontent.com/Andy11001/-alfa-inventory/master/data/images/VXKUSHPY6TW058599_clean.jpg,Opel,Mokka,2024,0,KM,SUV,Bialy Arktis,New,130500 PLN,PLN,"{""addr1"": ""AL. KRAKOWSKA 206"", ""city"": ""WARSZAWA"", ""region"": ""MAZOWIECKIE"", ""country"": ""PL""}",52.2084,20.9412,LEASE,1348 PLN,per month,Hybrid,Automatic,FWD
VXKUSHPY2TW058700,Mokka Ultimate · od 1346 PLN/mies.,Opel Mokka Ultimate · Rata od 1346 PLN netto/mies. · Leasing B2B · Warszawa · Sprawdź ofertę!,https://sklep.opel.pl/produkt/mokka/vxkushpy2tw058700/,https://raw.githubusercontent.com/Andy11001/-alfa-inventory/master/data/images/VXKUSHPY2TW058700_clean.jpg,Opel,Mokka,2024,0,KM,SUV,Szary Grafik,New,130300 PLN,PLN,"{""addr1"": ""AL. KRAKOWSKA 206"", ""city"": ""WARSZAWA"", ""region"": ""MAZOWIECKIE"", ""country"": ""PL""}",52.2084,20.9412,LEASE,1346 PLN,per month,Hybrid,Automatic,FWD
VXKUSHPY6TW058571,Mokka Ultimate · od 1345 PLN/mies.,Opel Mokka Ultimate · Rata od 1345 PLN netto/mies. · Leasing B2B · Wrocław · Sprawdź ofertę!,https://sklep.opel.pl/produkt/mokka/vxkushpy6tw058571/,https://raw.githubusercontent.com/Andy11001/-alfa-inventory/master/data/images/VXKUSHPY6TW058571_clean.jpg,Opel,Mokka,2024,0,KM,SUV,Szary Kontrast,New,130200 PLN,PLN,"{""addr1"": ""UL. SZCZECIŃSKA 7"", ""city"": ""WROCŁAW"", ""region"": ""DOLNOŚLĄSKIE"", ""country"": ""PL""}",51.1274,16.9535,LEASE,1345 PLN,per month,Hybrid,Automatic,FWD
VXKUSHPY4TW058665,Mokka Ultimate · od 1345 PLN/mies.,Opel Mokka Ultimate · Rata od 1345 PLN netto/mies. · Leasing B2B · Wrocław · Sprawdź ofertę!,https://sklep.opel.pl/produkt/mokka/vxkushpy4tw058665/,https://raw.githubusercontent.com/Andy11001/-alfa-inventory/master/data/images/VXKUSHPY4TW058665_clean.jpg,Opel,Mokka,2024,0,KM,SUV,Bialy Arktis,New,130200 PLN,PLN,"{""addr1"": ""UL. SZCZECIŃSKA 7"", ""city"": ""WROCŁAW"", ""region"": ""DOLNOŚLĄSKIE"", ""country"": ""PL""}",51.1274,16.9535,LEASE,1345 PLN,per month,Hybrid,Automatic,FWD
VXKUSHPY2TW058664,Mokka Ultimate · od 1345 PLN/mies.,Opel Mokka Ultimate · Rata od 1345 PLN netto/mies. · Leasing B2B · Warszawa · Sprawdź ofertę!,https://sklep.opel.pl/produkt/mokka/vxkushpy2tw058664/,https://raw.githubusercontent.com/Andy11001/-alfa-inventory/master/data/images/VXKUSHPY2TW058664_clean.jpg,Opel,Mokka,2024,0,KM,SUV,Bialy Arktis,New,130200 PLN,PLN,"{""addr1"": ""AL. KRAKOWSKA 206"", ""city"": ""WARSZAWA"", ""region"": ""MAZOWIECKIE"", ""country"": ""PL""}",52.2084,20.9412,LEASE,1345 PLN,per month,Hybrid,Automatic,FWD
VXKUSHPY5TW058237,Mokka Ultimate · od 1345 PLN/mies.,Opel Mokka Ultimate · Rata od 1345 PLN netto/mies. · Leasing B2B · Warszawa · Sprawdź ofertę!,https://sklep.opel.pl/produkt/mokka/vxkushpy5tw058237/,https://raw.githubusercontent.com/Andy11001/-alfa-inventory/master/data/images/VXKUSHPY5TW058237_clean.jpg,Opel,Mokka,2024,0,KM,SUV,Szary Grafik,New,130200 PLN,PLN,"{""addr1"": ""AL. KRAKOWSKA 206"", ""city"": ""WARSZAWA"", ""region"": ""MAZOWIECKIE"", ""country"": ""PL""}",52.2084,20.9412,LEASE,1345 PLN,per month,Hybrid,Automatic,FWD
VXKUSHPY4TW058374,Mokka Yes · od 1292 PLN/mies.,Opel Mokka Yes · Rata od 1292 PLN netto/mies. · Leasing B2B · Łódź · Sprawdź ofertę!,https://sklep.opel.pl/produkt/mokka/vxkushpy4tw058374/,https://raw.githubusercontent.com/Andy11001/-alfa-inventory/master/data/images/VXKUSHPY4TW058374_clean.jpg,Opel,Mokka,2024,0,KM,SUV,Pomaranczowy Koral,New,125100 PLN,PLN,"{""addr1"": ""UL. OBYWATELSKA 181"", ""city"": ""ŁÓDŹ"", ""region"": ""ŁÓDZKIE"", ""country"": ""PL""}",51.7371,19.4316,LEASE,1292 PLN,per month,Hybrid,Automatic,FWD
VXKUSHPY8TW058376,Mokka Yes · od 1292 PLN/mies.,Opel Mokka Yes · Rata od 1292 PLN netto/mies. · Leasing B2B · Bielsko-Biała · Sprawdź ofertę!,https://sklep.opel.pl/produkt/mokka/vxkushpy8tw058376/,https://raw.githubusercontent.com/Andy11001/-alfa-inventory/master/data/images/VXKUSHPY8TW058376_clean.jpg,Opel,Mokka,2024,0,KM,SUV,Pomaranczowy Koral,New,125100 PLN,PLN,"{""addr1"": ""UL. WARSZAWSKA 15"", ""city"": ""BIELSKO-BIAŁA"", ""region"": ""ŚLĄSKIE"", ""country"": ""PL""}",49.8225,19.0444,LEASE,1292 PLN,per month,Hybrid,Automatic,FWD
VXKUSHPYXTW058511,Mokka Yes · od 1258 PLN/mies.,Opel Mokka Yes · Rata od 1258 PLN netto/mies. · Leasing B2B · Łódź · Sprawdź ofertę!,https://sklep.opel.pl/produkt/mokka/vxkushpyxtw058511/,https://raw.githubusercontent.com/Andy11001/-alfa-inventory/master/data/images/VXKUSHPYXTW058511_clean.jpg,Opel,Mokka,2024,0,KM,SUV,Pomaranczowy Koral,New,121700 PLN,PLN,"{""addr1"": ""UL. OBYWATELSKA 181"", ""city"": ""ŁÓDŹ"", ""region"": ""ŁÓDZKIE"", ""country"": ""PL""}",51.7371,19.4316,LEASE,1258 PLN,per month,Hybrid,Automatic,FWD
VXKUSHPY3TW058575,Mokka Ultimate · od 1297 PLN/mies.,Opel Mokka Ultimate · Rata od 1297 PLN netto/mies. · Leasing B2B · Warszawa · Sprawdź ofertę!,https://sklep.opel.pl/produkt/mokka/vxkushpy3tw058575/,https://raw.githubusercontent.com/Andy11001/-alfa-inventory/master/data/images/VXKUSHPY3TW058575_clean.jpg,Opel,Mokka,2024,0,KM,SUV,Niebieski Kolibri,New,125500 PLN,PLN,"{""addr1"": ""AL. KRAKOWSKA 206"", ""city"": ""WARSZAWA"", ""region"": ""MAZOWIECKIE"", ""country"": ""PL""}",52.2084,20.9412,LEASE,1297 PLN,per month,Hybrid,Automatic,FWD
W0VEBYHT2TJ826138,Combo Kombi Gs · od 1776 PLN/mies.,Opel Combo Kombi Gs · Rata od 1776 PLN netto/mies. · Leasing B2B · Warszawa · Sprawdź ofertę!,https://sklep.opel.pl/produkt/combo-kombi/w0vebyht2tj826138/,https://raw.githubusercontent.com/Andy11001/-alfa-inventory/master/data/images/W0VEBYHT2TJ826138_clean.jpg,Opel,Combo Kombi,2024,0,KM,SUV,Bialy Kaolin White,New,127400 PLN,PLN,"{""addr1"": ""AL. KRAKOWSKA 206"", ""city"": ""WARSZAWA"", ""region"": ""MAZOWIECKIE"", ""country"": ""PL""}",52.2084,20.9412,LEASE,1776 PLN,per month,Diesel,Manual,FWD
W0VEBYHT0TJ826137,Combo Kombi Gs · od 1776 PLN/mies.,Opel Combo Kombi Gs · Rata od 1776 PLN netto/mies. · Leasing B2B · Warszawa · Sprawdź ofertę!,https://sklep.opel.pl/produkt/combo-kombi/w0vebyht0tj826137/,https://raw.githubusercontent.com/Andy11001/-alfa-inventory/master/data/images/W0VEBYHT0TJ826137_clean.jpg,Opel,Combo Kombi,2024,0,KM,SUV,Bialy Kaolin White,New,127400 PLN,PLN,"{""addr1"": ""AL. KRAKOWSKA 206"", ""city"": ""WARSZAWA"", ""region"": ""MAZOWIECKIE"", ""country"": ""PL""}",52.2084,20.9412,LEASE,1776 PLN,per month,Diesel,Manual,FWD
VXKUSHPY9TW057723,Mokka Yes · od 1243 PLN/mies.,Opel Mokka Yes · Rata od 1243 PLN netto/mies. · Leasing B2B · Łódź · Sprawdź ofertę!,https://sklep.opel.pl/produkt/mokka/vxkushpy9tw057723/,https://raw.githubusercontent.com/Andy11001/-alfa-inventory/master/data/images/VXKUSHPY9TW057723_clean.jpg,Opel,Mokka,2024,0,KM,SUV,Pomaranczowy Koral,New,120300 PLN,PLN,"{""addr1"": ""UL. OBYWATELSKA 181"", ""city"": ""ŁÓDŹ"", ""region"": ""ŁÓDZKIE"", ""country"": ""PL""}",51.7371,19.4316,LEASE,1243 PLN,per month,Hybrid,Automatic,FWD
VXKUSHPY6TW054374,Mokka Yes · od 1243 PLN/mies.,Opel Mokka Yes · Rata od 1243 PLN netto/mies. · Leasing B2B · Warszawa · Sprawdź ofertę!,https://sklep.opel.pl/produkt/mokka/vxkushpy6tw054374/,https://raw.githubusercontent.com/Andy11001/-alfa-inventory/master/data/images/VXKUSHPY6TW054374_clean.jpg,Opel,Mokka,2024,0,KM,SUV,Bialy Arktis,New,120300 PLN,PLN,"{""addr1"": ""AL. KRAKOWSKA 206"", ""city"": ""WARSZAWA"", ""region"": ""MAZOWIECKIE"", ""country"": ""PL""}",52.2084,20.9412,LEASE,1243 PLN,per month,Hybrid,Automatic,FWD
VXKUSHPY4TW051263,Mokka Yes · od 1243 PLN/mies.,Opel Mokka Yes · Rata od 1243 PLN netto/mies. · Leasing B2B · Warszawa · Sprawdź ofertę!,https://sklep.opel.pl/produkt/mokka/vxkushpy4tw051263/,https://raw.githubusercontent.com/Andy11001/-alfa-inventory/master/data/images/VXKUSHPY4TW051263_clean.jpg,Opel,Mokka,2024,0,KM,SUV,Bialy Arktis,New,120300 PLN,PLN,"{""addr1"": ""AL. KRAKOWSKA 206"", ""city"": ""WARSZAWA"", ""region"": ""MAZOWIECKIE"", ""country"": ""PL""}",52.2084,20.9412,LEASE,1243 PLN,per month,Hybrid,Automatic,FWD
VXKUSHPY4TW057113,Mokka Yes · od 1243 PLN/mies.,Opel Mokka Yes · Rata od 1243 PLN netto/mies. · Leasing B2B · Warszawa · Sprawdź ofertę!,https://sklep.opel.pl/produkt/mokka/vxkushpy4tw057113/,https://raw.githubusercontent.com/Andy11001/-alfa-inventory/master/data/images/VXKUSHPY4TW057113_clean.jpg,Opel,Mokka,2024,0,KM,SUV,Pomaranczowy Koral,New,120300 PLN,PLN,"{""addr1"": ""AL. KRAKOWSKA 206"", ""city"": ""WARSZAWA"", ""region"": ""MAZOWIECKIE"", ""country"": ""PL""}",52.2084,20.9412,LEASE,1243 PLN,per month,Hybrid,Automatic,FWD
VXKUSHPY0TW058663,Mokka Gs · od 1279 PLN/mies.,Opel Mokka Gs · Rata od 1279 PLN netto/mies. · Leasing B2B · Warszawa · Sprawdź ofertę!,https://sklep.opel.pl/produkt/mokka/vxkushpy0tw058663/,https://raw.githubusercontent.com/Andy11001/-alfa-inventory/master/data/images/VXKUSHPY0TW058663_clean.jpg,Opel,Mokka,2024,0,KM,SUV,Szary Kontrast,New,123800 PLN,PLN,"{""addr1"": ""AL. KRAKOWSKA 206"", ""city"": ""WARSZAWA"", ""region"": ""MAZOWIECKIE"", ""country"": ""PL""}",52.2084,20.9412,LEASE,1279 PLN,per month,Hybrid,Automatic,FWD
VXKUSHPY3TW054221,Mokka Yes · od 1237 PLN/mies.,Opel Mokka Yes · Rata od 1237 PLN netto/mies. · Leasing B2B · Kraków · Sprawdź ofertę!,https://sklep.opel.pl/produkt/mokka/vxkushpy3tw054221/,https://raw.githubusercontent.com/Andy11001/-alfa-inventory/master/data/images/VXKUSHPY3TW054221_clean.jpg,Opel,Mokka,2024,0,KM,SUV,Szary Grafik,New,119700 PLN,PLN,"{""addr1"": ""UL. OPOLSKA 9"", ""city"": ""KRAKÓW"", ""region"": ""MAŁOPOLSKIE"", ""country"": ""PL""}",50.0931,19.9238,LEASE,1237 PLN,per month,Hybrid,Automatic,FWD
VXKUSHPY2TW057773,Mokka Yes · od 1237 PLN/mies.,Opel Mokka Yes · Rata od 1237 PLN netto/mies. · Leasing B2B · Warszawa · Sprawdź ofertę!,https://sklep.opel.pl/produkt/mokka/vxkushpy2tw057773/,https://raw.githubusercontent.com/Andy11001/-alfa-inventory/master/data/images/VXKUSHPY2TW057773_clean.jpg,Opel,Mokka,2024,0,KM,SUV,Pomaranczowy Koral,New,119700 PLN,PLN,"{""addr1"": ""AL. KRAKOWSKA 206"", ""city"": ""WARSZAWA"", ""region"": ""MAZOWIECKIE"", ""country"": ""PL""}",52.2084,20.9412,LEASE,1237 PLN,per month,Hybrid,Automatic,FWD
VXKUSHPY2TW054209,Mokka Yes · od 1237 PLN/mies.,Opel Mokka Yes · Rata od 1237 PLN netto/mies. · Leasing B2B · Warszawa · Sprawdź ofertę!,https://sklep.opel.pl/produkt/mokka/vxkushpy2tw054209/,https://raw.githubusercontent.com/Andy11001/-alfa-inventory/master/data/images/VXKUSHPY2TW054209_clean.jpg,Opel,Mokka,2024,0,KM,SUV,Szary Grafik,New,119700 PLN,PLN,"{""addr1"": ""AL. KRAKOWSKA 206"", ""city"": ""WARSZAWA"", ""region"": ""MAZOWIECKIE"", ""country"": ""PL""}",52.2084,20.9412,LEASE,1237 PLN,per month,Hybrid,Automatic,FWD
VXKUSHPY3TW058558,Mokka Yes · od 1237 PLN/mies.,Opel Mokka Yes · Rata od 1237 PLN netto/mies. · Leasing B2B · Kraków · Sprawdź ofertę!,https://sklep.opel.pl/produkt/mokka/vxkushpy3tw058558/,https://raw.githubusercontent.com/Andy11001/-alfa-inventory/master/data/images/VXKUSHPY3TW058558_clean.jpg,Opel,Mokka,2024,0,KM,SUV,Pomaranczowy Koral,New,119700 PLN,PLN,"{""addr1"": ""UL. OPOLSKA 9"", ""city"": ""KRAKÓW"", ""region"": ""MAŁOPOLSKIE"", ""country"": ""PL""}",50.0931,19.9238,LEASE,1237 PLN,per month,Hybrid,Automatic,FWD
VXKUSHPY9TW054191,Mokka Yes · od 1237 PLN/mies.,Opel Mokka Yes · Rata od 1237 PLN netto/mies. · Leasing B2B · Opole · Sprawdź ofertę!,https://sklep.opel.pl/produkt/mokka/vxkushpy9tw054191/,https://raw.githubusercontent.com/Andy11001/-alfa-inventory/master/data/images/VXKUSHPY9TW054191_clean.jpg,Opel,Mokka,2024,0,KM,SUV,Bialy Arktis,New,119700 PLN,PLN,"{""addr1"": ""UL. WROCŁAWSKA 137"", ""city"": ""OPOLE"", ""region"": ""OPOLSKIE"", ""country"": ""PL""}",50.6751,17.9213,LEASE,1237 PLN,per month,Hybrid,Automatic,FWD
VXKUSHPY4TW055748,Mokka Yes · od 1237 PLN/mies.,Opel Mokka Yes · Rata od 1237 PLN netto/mies. · Leasing B2B · Kraków · Sprawdź ofertę!,https://sklep.opel.pl/produkt/mokka/vxkushpy4tw055748/,https://raw.githubusercontent.com/Andy11001/-alfa-inventory/master/data/images/VXKUSHPY4TW055748_clean.jpg,Opel,Mokka,2024,0,KM,SUV,Pomaranczowy Koral,New,119700 PLN,PLN,"{""addr1"": ""UL. OPOLSKA 9"", ""city"": ""KRAKÓW"", ""region"": ""MAŁOPOLSKIE"", ""country"": ""PL""}",50.0931,19.9238,LEASE,1237 PLN,per month,Hybrid,Automatic,FWD
VXKUSHPYXTW058573,Mokka Gs · od 1270 PLN/mies.,Opel Mokka Gs · Rata od 1270 PLN netto/mies. · Leasing B2B · Kraków · Sprawdź ofertę!,https://sklep.opel.pl/produkt/mokka/vxkushpyxtw058573/,https://raw.githubusercontent.com/Andy11001/-alfa-inventory/master/data/images/VXKUSHPYXTW058573_clean.jpg,Opel,Mokka,2024,0,KM,SUV,Szary Kontrast,New,122900 PLN,PLN,"{""addr1"": ""UL. OPOLSKA 9"", ""city"": ""KRAKÓW"", ""region"": ""MAŁOPOLSKIE"", ""country"": ""PL""}",50.0931,19.9238,LEASE,1270 PLN,per month,Hybrid,Automatic,FWD
VXKUSHPY3TW058396,Mokka Business Edition · od 1287 PLN/mies.,Opel Mokka Business Edition · Rata od 1287 PLN netto/mies. · Leasing B2B · Warszawa · Sprawdź ofertę!,https://sklep.opel.pl/produkt/mokka/vxkushpy3tw058396/,https://raw.githubusercontent.com/Andy11001/-alfa-inventory/master/data/images/VXKUSHPY3TW058396_clean.jpg,Opel,Mokka,2024,0,KM,SUV,Szary Kontrast,New,124600 PLN,PLN,"{""addr1"": ""AL. KRAKOWSKA 206"", ""city"": ""WARSZAWA"", ""region"": ""MAZOWIECKIE"", ""country"": ""PL""}",52.2084,20.9412,LEASE,1287 PLN,per month,Hybrid,Automatic,FWD
VXKUSHPY6TW059297,Mokka Business Edition · od 1281 PLN/mies.,Opel Mokka Business Edition · Rata od 1281 PLN netto/mies. · Leasing B2B · Warszawa · Sprawdź ofertę!,https://sklep.opel.pl/produkt/mokka/vxkushpy6tw059297/,https://raw.githubusercontent.com/Andy11001/-alfa-inventory/master/data/images/VXKUSHPY6TW059297_clean.jpg,Opel,Mokka,2024,0,KM,SUV,Bialy Arktis,New,124000 PLN,PLN,"{""addr1"": ""AL. KRAKOWSKA 206"", ""city"": ""WARSZAWA"", ""region"": ""MAZOWIECKIE"", ""country"": ""PL""}",52.2084,20.9412,LEASE,1281 PLN,per month,Hybrid,Automatic,FWD
VXKUSHPYXTW058265,Mokka Business Edition · od 1279 PLN/mies.,Opel Mokka Business Edition · Rata od 1279 PLN netto/mies. · Leasing B2B · Warszawa · Sprawdź ofertę!,https://sklep.opel.pl/produkt/mokka/vxkushpyxtw058265/,https://raw.githubusercontent.com/Andy11001/-alfa-inventory/master/data/images/VXKUSHPYXTW058265_clean.jpg,Opel,Mokka,2024,0,KM,SUV,Szary Grafik,New,123800 PLN,PLN,"{""addr1"": ""AL. KRAKOWSKA 206"", ""city"": ""WARSZAWA"", ""region"": ""MAZOWIECKIE"", ""country"": ""PL""}",52.2084,20.9412,LEASE,1279 PLN,per month,Hybrid,Automatic,FWD
VXKUSHPY5TW057914,Mokka Business Edition · od 1272 PLN/mies.,Opel Mokka Business Edition · Rata od 1272 PLN netto/mies. · Leasing B2B · Łódź · Sprawdź ofertę!,https://sklep.opel.pl/produkt/mokka/vxkushpy5tw057914/,https://raw.githubusercontent.com/Andy11001/-alfa-inventory/master/data/images/VXKUSHPY5TW057914_clean.jpg,Opel,Mokka,2024,0,KM,SUV,Szary Grafik,New,123100 PLN,PLN,"{""addr1"": ""UL. OBYWATELSKA 181"", ""city"": ""ŁÓDŹ"", ""region"": ""ŁÓDZKIE"", ""country"": ""PL""}",51.7371,19.4316,LEASE,1272 PLN,per month,Hybrid,Automatic,FWD
VXKCSHPY0TT282707,Frontera Gs · od 1290 PLN/mies.,Opel Frontera Gs · Rata od 1290 PLN netto/mies. · Leasing B2B · Warszawa · Sprawdź ofertę!,https://sklep.opel.pl/produkt/frontera/vxkcshpy0tt282707/,https://raw.githubusercontent.com/Andy11001/-alfa-inventory/master/data/images/VXKCSHPY0TT282707_clean.jpg,Opel,Frontera,2024,0,KM,SUV,Zielony Khaki,New,124900 PLN,PLN,"{""addr1"": ""AL. KRAKOWSKA 206"", ""city"": ""WARSZAWA"", ""region"": ""MAZOWIECKIE"", ""country"": ""PL""}",52.2084,20.9412,LEASE,1290 PLN,per month,Hybrid,Automatic,FWD
VXKCSHPY9TT282706,Frontera Gs · od 1290 PLN/mies.,Opel Frontera Gs · Rata od 1290 PLN netto/mies. · Leasing B2B · Warszawa · Sprawdź ofertę!,https://sklep.opel.pl/produkt/frontera/vxkcshpy9tt282706/,https://raw.githubusercontent.com/Andy11001/-alfa-inventory/master/data/images/VXKCSHPY9TT282706_clean.jpg,Opel,Frontera,2024,0,KM,SUV,Zielony Khaki,New,124900 PLN,PLN,"{""addr1"": ""AL. KRAKOWSKA 206"", ""city"": ""WARSZAWA"", ""region"": ""MAZOWIECKIE"", ""country"": ""PL""}",52.2084,20.9412,LEASE,1290 PLN,per month,Hybrid,Automatic,FWD
VXKFPHPY0T1021166,Astra Business Edition · od 1331 PLN/mies.,Opel Astra Business Edition · Rata od 1331 PLN netto/mies. · Leasing B2B · Katowice · Sprawdź ofertę!,https://sklep.opel.pl/produkt/astra/vxkfphpy0t1021166/,https://raw.githubusercontent.com/Andy11001/-alfa-inventory/master/data/images/VXKFPHPY0T1021166_clean.jpg,Opel,Astra,2024,0,KM,SUV,Czarny Karbon,New,128900 PLN,PLN,"{""addr1"": ""AL. ROŹDZIEŃSKIEGO 170"", ""city"": ""KATOWICE"", ""region"": ""ŚLĄSKIE"", ""country"": ""PL""}",50.2649,19.0238,LEASE,1331 PLN,per month,Hybrid,Automatic,FWD
VXKUSHPY9TW031803,Mokka Business Edition · od 1214 PLN/mies.,Opel Mokka Business Edition · Rata od 1214 PLN netto/mies. · Leasing B2B · Kraków · Sprawdź ofertę!,https://sklep.opel.pl/produkt/mokka/vxkushpy9tw031803/,https://raw.githubusercontent.com/Andy11001/-alfa-inventory/master/data/images/VXKUSHPY9TW031803_clean.jpg,Opel,Mokka,2024,0,KM,SUV,Szary Kontrast,New,117400 PLN,PLN,"{""addr1"": ""UL. OPOLSKA 9"", ""city"": ""KRAKÓW"", ""region"": ""MAŁOPOLSKIE"", ""country"": ""PL""}",50.0931,19.9238,LEASE,1214 PLN,per month,Hybrid,Automatic,FWD
VXKUSHPW8TW061759,Mokka Yes · od 1104 PLN/mies.,Opel Mokka Yes · Rata od 1104 PLN netto/mies. · Leasing B2B · Warszawa · Sprawdź ofertę!,https://sklep.opel.pl/produkt/mokka/vxkushpw8tw061759/,https://raw.githubusercontent.com/Andy11001/-alfa-inventory/master/data/images/VXKUSHPW8TW061759_clean.jpg,Opel,Mokka,2024,0,KM,SUV,Pomaranczowy Koral,New,106700 PLN,PLN,"{""addr1"": ""AL. KRAKOWSKA 206"", ""city"": ""WARSZAWA"", ""region"": ""MAZOWIECKIE"", ""country"": ""PL""}",52.2084,20.9412,LEASE,1104 PLN,per month,Gasoline,Manual,FWD
VXKUSHPW8TW030009,Mokka Gs · od 1116 PLN/mies.,Opel Mokka Gs · Rata od 1116 PLN netto/mies. · Leasing B2B · Warszawa · Sprawdź ofertę!,https://sklep.opel.pl/produkt/mokka/vxkushpw8tw030009/,https://raw.githubusercontent.com/Andy11001/-alfa-inventory/master/data/images/VXKUSHPW8TW030009_clean.jpg,Opel,Mokka,2024,0,KM,SUV,Szary Kontrast,New,107900 PLN,PLN,"{""addr1"": ""AL. KRAKOWSKA 206"", ""city"": ""WARSZAWA"", ""region"": ""MAZOWIECKIE"", ""country"": ""PL""}",52.2084,20.9412,LEASE,1116 PLN,per month,Gasoline,Manual,FWD
VXKUPHPX2T4235752,Corsa Gs · od 1125 PLN/mies.,Opel Corsa Gs · Rata od 1125 PLN netto/mies. · Leasing B2B · Bielsko-Biała · Sprawdź ofertę!,https://sklep.opel.pl/produkt/corsa/vxkuphpx2t4235752/,https://raw.githubusercontent.com/Andy11001/-alfa-inventory/master/data/images/VXKUPHPX2T4235752_clean.jpg,Opel,Corsa,2024,0,KM,SUV,Szary Grafik,New,108800 PLN,PLN,"{""addr1"": ""UL. WARSZAWSKA 15"", ""city"": ""BIELSKO-BIAŁA"", ""region"": ""ŚLĄSKIE"", ""country"": ""PL""}",49.8225,19.0444,LEASE,1125 PLN,per month,Gasoline,Automatic,FWD
VXKUPHPX7T4235889,Corsa Yes · od 1102 PLN/mies.,Opel Corsa Yes · Rata od 1102 PLN netto/mies. · Leasing B2B · Warszawa · Sprawdź ofertę!,https://sklep.opel.pl/produkt/corsa/vxkuphpx7t4235889/,https://raw.githubusercontent.com/Andy11001/-alfa-inventory/master/data/images/VXKUPHPX7T4235889_clean.jpg,Opel,Corsa,2024,0,KM,SUV,Zielony Eukaliptus,New,106500 PLN,PLN,"{""addr1"": ""AL. KRAKOWSKA 206"", ""city"": ""WARSZAWA"", ""region"": ""MAZOWIECKIE"", ""country"": ""PL""}",52.2084,20.9412,LEASE,1102 PLN,per month,Gasoline,Automatic,FWD
VXKUPHPV6T4236045,Corsa Gs · od 939 PLN/mies.,Opel Corsa Gs · Rata od 939 PLN netto/mies. · Leasing B2B · Warszawa · Sprawdź ofertę!,https://sklep.opel.pl/produkt/corsa/vxkuphpv6t4236045/,https://raw.githubusercontent.com/Andy11001/-alfa-inventory/master/data/images/VXKUPHPV6T4236045_clean.jpg,Opel,Corsa,2024,0,KM,SUV,Czarny Karbon,New,90600 PLN,PLN,"{""addr1"": ""AL. KRAKOWSKA 206"", ""city"": ""WARSZAWA"", ""region"": ""MAZOWIECKIE"", ""country"": ""PL""}",52.2084,20.9412,LEASE,939 PLN,per month,Gasoline,Manual,FWD
VXKUPHPV7T4236457,Corsa Yes · od 938 PLN/mies.,Opel Corsa Yes · Rata od 938 PLN netto/mies. · Leasing B2B · Warszawa · Sprawdź ofertę!,https://sklep.opel.pl/produkt/corsa/vxkuphpv7t4236457/,https://raw.githubusercontent.com/Andy11001/-alfa-inventory/master/data/images/VXKUPHPV7T4236457_clean.jpg,Opel,Corsa,2024,0,KM,SUV,Bialy Kontur,New,90500 PLN,PLN,"{""addr1"": ""AL. KRAKOWSKA 206"", ""city"": ""WARSZAWA"", ""region"": ""MAZOWIECKIE"", ""country"": ""PL""}",52.2084,20.9412,LEASE,938 PLN,per month,Gasoline,Manual,FWD
VXKUPHPV5T4236456,Corsa Yes · od 938 PLN/mies.,Opel Corsa Yes · Rata od 938 PLN netto/mies. · Leasing B2B · Warszawa · Sprawdź ofertę!,https://sklep.opel.pl/produkt/corsa/vxkuphpv5t4236456/,https://raw.githubusercontent.com/Andy11001/-alfa-inventory/master/data/images/VXKUPHPV5T4236456_clean.jpg,Opel,Corsa,2024,0,KM,SUV,Bialy Kontur,New,90500 PLN,PLN,"{""addr1"": ""AL. KRAKOWSKA 206"", ""city"": ""WARSZAWA"", ""region"": ""MAZOWIECKIE"", ""country"": ""PL""}",52.2084,20.9412,LEASE,938 PLN,per month,Gasoline,Manual,FWD
VXKUPHPV6T4236479,Corsa Yes · od 934 PLN/mies.,Opel Corsa Yes · Rata od 934 PLN netto/mies. · Leasing B2B · Warszawa · Sprawdź ofertę!,https://sklep.opel.pl/produkt/corsa/vxkuphpv6t4236479/,https://raw.githubusercontent.com/Andy11001/-alfa-inventory/master/data/images/VXKUPHPV6T4236479_clean.jpg,Opel,Corsa,2024,0,KM,SUV,Bialy Kontur,New,90100 PLN,PLN,"{""addr1"": ""AL. KRAKOWSKA 206"", ""city"": ""WARSZAWA"", ""region"": ""MAZOWIECKIE"", ""country"": ""PL""}",52.2084,20.9412,LEASE,934 PLN,per month,Gasoline,Manual,FWD
VXKUPHPV2T4143457,Corsa Yes · od 923 PLN/mies.,Opel Corsa Yes · Rata od 923 PLN netto/mies. · Leasing B2B · Warszawa · Sprawdź ofertę!,https://sklep.opel.pl/produkt/corsa/vxkuphpv2t4143457/,https://raw.githubusercontent.com/Andy11001/-alfa-inventory/master/data/images/VXKUPHPV2T4143457_clean.jpg,Opel,Corsa,2024,0,KM,SUV,Pomaranczowy Koral,New,89100 PLN,PLN,"{""addr1"": ""AL. KRAKOWSKA 206"", ""city"": ""WARSZAWA"", ""region"": ""MAZOWIECKIE"", ""country"": ""PL""}",52.2084,20.9412,LEASE,923 PLN,per month,Gasoline,Manual,FWD
VXKUPHPV0T4235831,Corsa Yes · od 915 PLN/mies.,Opel Corsa Yes · Rata od 915 PLN netto/mies. · Leasing B2B · Bielsko-Biała · Sprawdź ofertę!,https://sklep.opel.pl/produkt/corsa/vxkuphpv0t4235831/,https://raw.githubusercontent.com/Andy11001/-alfa-inventory/master/data/images/VXKUPHPV0T4235831_clean.jpg,Opel,Corsa,2024,0,KM,SUV,Pomaranczowy Koral,New,88300 PLN,PLN,"{""addr1"": ""UL. WARSZAWSKA 15"", ""city"": ""BIELSKO-BIAŁA"", ""region"": ""ŚLĄSKIE"", ""country"": ""PL""}",49.8225,19.0444,LEASE,915 PLN,per month,Gasoline,Manual,FWD
VXKUPHPV5T4235856,Corsa Yes · od 913 PLN/mies.,Opel Corsa Yes · Rata od 913 PLN netto/mies. · Leasing B2B · Warszawa · Sprawdź ofertę!,https://sklep.opel.pl/produkt/corsa/vxkuphpv5t4235856/,https://raw.githubusercontent.com/Andy11001/-alfa-inventory/master/data/images/VXKUPHPV5T4235856_clean.jpg,Opel,Corsa,2024,0,KM,SUV,Pomaranczowy Koral,New,88100 PLN,PLN,"{""addr1"": ""AL. KRAKOWSKA 206"", ""city"": ""WARSZAWA"", ""region"": ""MAZOWIECKIE"", ""country"": ""PL""}",52.2084,20.9412,LEASE,913 PLN,per month,Gasoline,Manual,FWD
VXKUPHPV7T4235857,Corsa Yes · od 913 PLN/mies.,Opel Corsa Yes · Rata od 913 PLN netto/mies. · Leasing B2B · Warszawa · Sprawdź ofertę!,https://sklep.opel.pl/produkt/corsa/vxkuphpv7t4235857/,https://raw.githubusercontent.com/Andy11001/-alfa-inventory/master/data/images/VXKUPHPV7T4235857_clean.jpg,Opel,Corsa,2024,0,KM,SUV,Pomaranczowy Koral,New,88100 PLN,PLN,"{""addr1"": ""AL. KRAKOWSKA 206"", ""city"": ""WARSZAWA"", ""region"": ""MAZOWIECKIE"", ""country"": ""PL""}",52.2084,20.9412,LEASE,913 PLN,per month,Gasoline,Manual,FWD
VXKUPHPVXT4236047,Corsa Yes · od 911 PLN/mies.,Opel Corsa Yes · Rata od 911 PLN netto/mies. · Leasing B2B · Bielsko-Biała · Sprawdź ofertę!,https://sklep.opel.pl/produkt/corsa/vxkuphpvxt4236047/,https://raw.githubusercontent.com/Andy11001/-alfa-inventory/master/data/images/VXKUPHPVXT4236047_clean.jpg,Opel,Corsa,2024,0,KM,SUV,Pomaranczowy Koral,New,87900 PLN,PLN,"{""addr1"": ""UL. WARSZAWSKA 15"", ""city"": ""BIELSKO-BIAŁA"", ""region"": ""ŚLĄSKIE"", ""country"": ""PL""}",49.8225,19.0444,LEASE,911 PLN,per month,Gasoline,Manual,FWD
VXKUPHPVXT4219605,Corsa Edition · od 894 PLN/mies.,Opel Corsa Edition · Rata od 894 PLN netto/mies. · Leasing B2B · Szczecin · Sprawdź ofertę!,https://sklep.opel.pl/produkt/corsa/vxkuphpvxt4219605/,https://raw.githubusercontent.com/Andy11001/-alfa-inventory/master/data/images/VXKUPHPVXT4219605_clean.jpg,Opel,Corsa,2024,0,KM,SUV,Szary Grafik,New,86200 PLN,PLN,"{""addr1"": ""UL. STRUGA 1B"", ""city"": ""SZCZECIN"", ""region"": ""ZACHODNIOPOMORSKIE"", ""country"": ""PL""}",53.3891,14.6543,LEASE,894 PLN,per month,Gasoline,Manual,FWD
VXKUPHPV5T4237851,Corsa Edition · od 832 PLN/mies.,Opel Corsa Edition · Rata od 832 PLN netto/mies. · Leasing B2B · Warszawa · Sprawdź ofertę!,https://sklep.opel.pl/produkt/corsa/vxkuphpv5t4237851/,https://raw.githubusercontent.com/Andy11001/-alfa-inventory/master/data/images/VXKUPHPV5T4237851_clean.jpg,Opel,Corsa,2024,0,KM,SUV,Niebieski Voltaik,New,80200 PLN,PLN,"{""addr1"": ""AL. KRAKOWSKA 206"", ""city"": ""WARSZAWA"", ""region"": ""MAZOWIECKIE"", ""country"": ""PL""}",52.2084,20.9412,LEASE,832 PLN,per month,Gasoline,Manual,FWD
VXKKAHPY8T6029132,Grandland Gs · od 1678 PLN/mies.,Opel Grandland Gs · Rata od 1678 PLN netto/mies. · Leasing B2B · Warszawa · Sprawdź ofertę!,https://sklep.opel.pl/produkt/grandland/vxkkahpy8t6029132/,https://raw.githubusercontent.com/Andy11001/-alfa-inventory/master/data/images/VXKKAHPY8T6029132_clean.jpg,Opel,Grandland,2024,0,KM,SUV,Czarny Karbon,New,162700 PLN,PLN,"{""addr1"": ""AL. KRAKOWSKA 206"", ""city"": ""WARSZAWA"", ""region"": ""MAZOWIECKIE"", ""country"": ""PL""}",52.2084,20.9412,LEASE,1678 PLN,per month,Hybrid,Automatic,FWD
VXKKAHPY2T6030664,Grandland Gs · od 1678 PLN/mies.,Opel Grandland Gs · Rata od 1678 PLN netto/mies. · Leasing B2B · Warszawa · Sprawdź ofertę!,https://sklep.opel.pl/produkt/grandland/vxkkahpy2t6030664/,https://raw.githubusercontent.com/Andy11001/-alfa-inventory/master/data/images/VXKKAHPY2T6030664_clean.jpg,Opel,Grandland,2024,0,KM,SUV,Miedziany Impakt,New,162700 PLN,PLN,"{""addr1"": ""AL. KRAKOWSKA 206"", ""city"": ""WARSZAWA"", ""region"": ""MAZOWIECKIE"", ""country"": ""PL""}",52.2084,20.9412,LEASE,1678 PLN,per month,Hybrid,Automatic,FWD
VXKKAHPY2T6029353,Grandland Gs · od 1678 PLN/mies.,Opel Grandland Gs · Rata od 1678 PLN netto/mies. · Leasing B2B · Warszawa · Sprawdź ofertę!,https://sklep.opel.pl/produkt/grandland/vxkkahpy2t6029353/,https://raw.githubusercontent.com/Andy11001/-alfa-inventory/master/data/images/VXKKAHPY2T6029353_clean.jpg,Opel,Grandland,2024,0,KM,SUV,Szary Grafik,New,162700 PLN,PLN,"{""addr1"": ""AL. KRAKOWSKA 206"", ""city"": ""WARSZAWA"", ""region"": ""MAZOWIECKIE"", ""country"": ""PL""}",52.2084,20.9412,LEASE,1678 PLN,per month,Hybrid,Automatic,FWD
VXKKAHPY7T6029042,Grandland Gs · od 1606 PLN/mies.,Opel Grandland Gs · Rata od 1606 PLN netto/mies. · Leasing B2B · Kraków · Sprawdź ofertę!,https://sklep.opel.pl/produkt/grandland/vxkkahpy7t6029042/,https://raw.githubusercontent.com/Andy11001/-alfa-inventory/master/data/images/VXKKAHPY7T6029042_clean.jpg,Opel,Grandland,2024,0,KM,SUV,Bialy Arktis,New,155700 PLN,PLN,"{""addr1"": ""UL. OPOLSKA 9"", ""city"": ""KRAKÓW"", ""region"": ""MAŁOPOLSKIE"", ""country"": ""PL""}",50.0931,19.9238,LEASE,1606 PLN,per month,Hybrid,Automatic,FWD
VXKKAHPY4T6029015,Grandland Gs · od 1678 PLN/mies.,Opel Grandland Gs · Rata od 1678 PLN netto/mies. · Leasing B2B · Warszawa · Sprawdź ofertę!,https://sklep.opel.pl/produkt/grandland/vxkkahpy4t6029015/,https://raw.githubusercontent.com/Andy11001/-alfa-inventory/master/data/images/VXKKAHPY4T6029015_clean.jpg,Opel,Grandland,2024,0,KM,SUV,Szary Grafik,New,162700 PLN,PLN,"{""addr1"": ""AL. KRAKOWSKA 206"", ""city"": ""WARSZAWA"", ""region"": ""MAZOWIECKIE"", ""country"": ""PL""}",52.2084,20.9412,LEASE,1678 PLN,per month,Hybrid,Automatic,FWD
VXKFRHPY3T1016330,Astra Ultimate · od 1613 PLN/mies.,Opel Astra Ultimate · Rata od 1613 PLN netto/mies. · Leasing B2B · Łódź · Sprawdź ofertę!,https://sklep.opel.pl/produkt/astra/vxkfrhpy3t1016330/,https://raw.githubusercontent.com/Andy11001/-alfa-inventory/master/data/images/VXKFRHPY3T1016330_clean.jpg,Opel,Astra,2024,0,KM,SUV,Zielony Klover,New,156400 PLN,PLN,"{""addr1"": ""UL. OBYWATELSKA 181"", ""city"": ""ŁÓDŹ"", ""region"": ""ŁÓDZKIE"", ""country"": ""PL""}",51.7371,19.4316,LEASE,1613 PLN,per month,Hybrid,Automatic,FWD
VXKFRHPY1T1016343,Astra Ultimate · od 1613 PLN/mies.,Opel Astra Ultimate · Rata od 1613 PLN netto/mies. · Leasing B2B · Warszawa · Sprawdź ofertę!,https://sklep.opel.pl/produkt/astra/vxkfrhpy1t1016343/,https://raw.githubusercontent.com/Andy11001/-alfa-inventory/master/data/images/VXKFRHPY1T1016343_clean.jpg,Opel,Astra,2024,0,KM,SUV,Zielony Klover,New,156400 PLN,PLN,"{""addr1"": ""AL. KRAKOWSKA 206"", ""city"": ""WARSZAWA"", ""region"": ""MAZOWIECKIE"", ""country"": ""PL""}",52.2084,20.9412,LEASE,1613 PLN,per month,Hybrid,Automatic,FWD
VXKFRHPY7T1016332,Astra Ultimate · od 1613 PLN/mies.,Opel Astra Ultimate · Rata od 1613 PLN netto/mies. · Leasing B2B · Warszawa · Sprawdź ofertę!,https://sklep.opel.pl/produkt/astra/vxkfrhpy7t1016332/,https://raw.githubusercontent.com/Andy11001/-alfa-inventory/master/data/images/VXKFRHPY7T1016332_clean.jpg,Opel,Astra,2024,0,KM,SUV,Zielony Klover,New,156400 PLN,PLN,"{""addr1"": ""AL. KRAKOWSKA 206"", ""city"": ""WARSZAWA"", ""region"": ""MAZOWIECKIE"", ""country"": ""PL""}",52.2084,20.9412,LEASE,1613 PLN,per month,Hybrid,Automatic,FWD
VXKFRHPYXT1016325,Astra Ultimate · od 1613 PLN/mies.,Opel Astra Ultimate · Rata od 1613 PLN netto/mies. · Leasing B2B · Warszawa · Sprawdź ofertę!,https://sklep.opel.pl/produkt/astra/vxkfrhpyxt1016325/,https://raw.githubusercontent.com/Andy11001/-alfa-inventory/master/data/images/VXKFRHPYXT1016325_clean.jpg,Opel,Astra,2024,0,KM,SUV,Zielony Klover,New,156400 PLN,PLN,"{""addr1"": ""AL. KRAKOWSKA 206"", ""city"": ""WARSZAWA"", ""region"": ""MAZOWIECKIE"", ""country"": ""PL""}",52.2084,20.9412,LEASE,1613 PLN,per month,Hybrid,Automatic,FWD
W0VEBYHP2TJ708514,Combo Kombi Gs · od 1941 PLN/mies.,Opel Combo Kombi Gs · Rata od 1941 PLN netto/mies. · Leasing B2B · Warszawa · Sprawdź ofertę!,https://sklep.opel.pl/produkt/combo-kombi/w0vebyhp2tj708514/,https://raw.githubusercontent.com/Andy11001/-alfa-inventory/master/data/images/W0VEBYHP2TJ708514_clean.jpg,Opel,Combo Kombi,2024,0,KM,SUV,Szary Kontrast,New,139300 PLN,PLN,"{""addr1"": ""AL. KRAKOWSKA 206"", ""city"": ""WARSZAWA"", ""region"": ""MAZOWIECKIE"", ""country"": ""PL""}",52.2084,20.9412,LEASE,1941 PLN,per month,Diesel,Manual,FWD
W0VEBYHP2TJ704575,Combo Kombi Gs · od 1941 PLN/mies.,Opel Combo Kombi Gs · Rata od 1941 PLN netto/mies. · Leasing B2B · Warszawa · Sprawdź ofertę!,https://sklep.opel.pl/produkt/combo-kombi/w0vebyhp2tj704575/,https://raw.githubusercontent.com/Andy11001/-alfa-inventory/master/data/images/W0VEBYHP2TJ704575_clean.jpg,Opel,Combo Kombi,2024,0,KM,SUV,Niebieski Kiama,New,139300 PLN,PLN,"{""addr1"": ""AL. KRAKOWSKA 206"", ""city"": ""WARSZAWA"", ""region"": ""MAZOWIECKIE"", ""country"": ""PL""}",52.2084,20.9412,LEASE,1941 PLN,per month,Diesel,Manual,FWD
W0VEBYHP2TJ708531,Combo Kombi Gs · od 1941 PLN/mies.,Opel Combo Kombi Gs · Rata od 1941 PLN netto/mies. · Leasing B2B · Warszawa · Sprawdź ofertę!,https://sklep.opel.pl/produkt/combo-kombi/w0vebyhp2tj708531/,https://raw.githubusercontent.com/Andy11001/-alfa-inventory/master/data/images/W0VEBYHP2TJ708531_clean.jpg,Opel,Combo Kombi,2024,0,KM,SUV,Szary Kontrast,New,139300 PLN,PLN,"{""addr1"": ""AL. KRAKOWSKA 206"", ""city"": ""WARSZAWA"", ""region"": ""MAZOWIECKIE"", ""country"": ""PL""}",52.2084,20.9412,LEASE,1941 PLN,per month,Diesel,Manual,FWD
VXKUSHPY7TW051113,Mokka Yes · od 1243 PLN/mies.,Opel Mokka Yes · Rata od 1243 PLN netto/mies. · Leasing B2B · Warszawa · Sprawdź ofertę!,https://sklep.opel.pl/produkt/mokka/vxkushpy7tw051113/,https://raw.githubusercontent.com/Andy11001/-alfa-inventory/master/data/images/VXKUSHPY7TW051113_clean.jpg,Opel,Mokka,2024,0,KM,SUV,Czarny Karbon,New,120300 PLN,PLN,"{""addr1"": ""AL. KRAKOWSKA 206"", ""city"": ""WARSZAWA"", ""region"": ""MAZOWIECKIE"", ""country"": ""PL""}",52.2084,20.9412,LEASE,1243 PLN,per month,Hybrid,Automatic,FWD
VXKUSHPY6TW057310,Mokka Yes · od 1243 PLN/mies.,Opel Mokka Yes · Rata od 1243 PLN netto/mies. · Leasing B2B · Warszawa · Sprawdź ofertę!,https://sklep.opel.pl/produkt/mokka/vxkushpy6tw057310/,https://raw.githubusercontent.com/Andy11001/-alfa-inventory/master/data/images/VXKUSHPY6TW057310_clean.jpg,Opel,Mokka,2024,0,KM,SUV,Pomaranczowy Koral,New,120300 PLN,PLN,"{""addr1"": ""AL. KRAKOWSKA 206"", ""city"": ""WARSZAWA"", ""region"": ""MAZOWIECKIE"", ""country"": ""PL""}",52.2084,20.9412,LEASE,1243 PLN,per month,Hybrid,Automatic,FWD
VXKUSHPYXTW051106,Mokka Yes · od 1243 PLN/mies.,Opel Mokka Yes · Rata od 1243 PLN netto/mies. · Leasing B2B · Katowice · Sprawdź ofertę!,https://sklep.opel.pl/produkt/mokka/vxkushpyxtw051106/,https://raw.githubusercontent.com/Andy11001/-alfa-inventory/master/data/images/VXKUSHPYXTW051106_clean.jpg,Opel,Mokka,2024,0,KM,SUV,Czarny Karbon,New,120300 PLN,PLN,"{""addr1"": ""AL. ROŹDZIEŃSKIEGO 170"", ""city"": ""KATOWICE"", ""region"": ""ŚLĄSKIE"", ""country"": ""PL""}",50.2649,19.0238,LEASE,1243 PLN,per month,Hybrid,Automatic,FWD
VXKUSHPY4TW055863,Mokka Yes · od 1243 PLN/mies.,Opel Mokka Yes · Rata od 1243 PLN netto/mies. · Leasing B2B · Katowice · Sprawdź ofertę!,https://sklep.opel.pl/produkt/mokka/vxkushpy4tw055863/,https://raw.githubusercontent.com/Andy11001/-alfa-inventory/master/data/images/VXKUSHPY4TW055863_clean.jpg,Opel,Mokka,2024,0,KM,SUV,Pomaranczowy Koral,New,120300 PLN,PLN,"{""addr1"": ""AL. ROŹDZIEŃSKIEGO 170"", ""city"": ""KATOWICE"", ""region"": ""ŚLĄSKIE"", ""country"": ""PL""}",50.2649,19.0238,LEASE,1243 PLN,per month,Hybrid,Automatic,FWD
VXKUSHPYXTW054216,Mokka Yes · od 1237 PLN/mies.,Opel Mokka Yes · Rata od 1237 PLN netto/mies. · Leasing B2B · Warszawa · Sprawdź ofertę!,https://sklep.opel.pl/produkt/mokka/vxkushpyxtw054216/,https://raw.githubusercontent.com/Andy11001/-alfa-inventory/master/data/images/VXKUSHPYXTW054216_clean.jpg,Opel,Mokka,2024,0,KM,SUV,Szary Grafik,New,119700 PLN,PLN,"{""addr1"": ""AL. KRAKOWSKA 206"", ""city"": ""WARSZAWA"", ""region"": ""MAZOWIECKIE"", ""country"": ""PL""}",52.2084,20.9412,LEASE,1237 PLN,per month,Hybrid,Automatic,FWD
VXKCSHPY8TT282616,Frontera Gs · od 1290 PLN/mies.,Opel Frontera Gs · Rata od 1290 PLN netto/mies. · Leasing B2B · Warszawa · Sprawdź ofertę!,https://sklep.opel.pl/produkt/frontera/vxkcshpy8tt282616/,https://raw.githubusercontent.com/Andy11001/-alfa-inventory/master/data/images/VXKCSHPY8TT282616_clean.jpg,Opel,Frontera,2024,0,KM,SUV,Srebrny Kristall,New,124900 PLN,PLN,"{""addr1"": ""AL. KRAKOWSKA 206"", ""city"": ""WARSZAWA"", ""region"": ""MAZOWIECKIE"", ""country"": ""PL""}",52.2084,20.9412,LEASE,1290 PLN,per month,Hybrid,Automatic,FWD
VXKCSHPYXTT229738,Frontera Gs · od 1290 PLN/mies.,Opel Frontera Gs · Rata od 1290 PLN netto/mies. · Leasing B2B · Warszawa · Sprawdź ofertę!,https://sklep.opel.pl/produkt/frontera/vxkcshpyxtt229738/,https://raw.githubusercontent.com/Andy11001/-alfa-inventory/master/data/images/VXKCSHPYXTT229738_clean.jpg,Opel,Frontera,2024,0,KM,SUV,Pomaranczowy Kanyon,New,124900 PLN,PLN,"{""addr1"": ""AL. KRAKOWSKA 206"", ""city"": ""WARSZAWA"", ""region"": ""MAZOWIECKIE"", ""country"": ""PL""}",52.2084,20.9412,LEASE,1290 PLN,per month,Hybrid,Automatic,FWD
VXKCSHPYXTT131485,Frontera Gs · od 1290 PLN/mies.,Opel Frontera Gs · Rata od 1290 PLN netto/mies. · Leasing B2B · Warszawa · Sprawdź ofertę!,https://sklep.opel.pl/produkt/frontera/vxkcshpyxtt131485/,https://raw.githubusercontent.com/Andy11001/-alfa-inventory/master/data/images/VXKCSHPYXTT131485_clean.jpg,Opel,Frontera,2024,0,KM,SUV,Bialy Arktis,New,124900 PLN,PLN,"{""addr1"": ""AL. KRAKOWSKA 206"", ""city"": ""WARSZAWA"", ""region"": ""MAZOWIECKIE"", ""country"": ""PL""}",52.2084,20.9412,LEASE,1290 PLN,per month,Hybrid,Automatic,FWD
VXKCSHPY9TT183917,Frontera Gs · od 1290 PLN/mies.,Opel Frontera Gs · Rata od 1290 PLN netto/mies. · Leasing B2B · Warszawa · Sprawdź ofertę!,https://sklep.opel.pl/produkt/frontera/vxkcshpy9tt183917/,https://raw.githubusercontent.com/Andy11001/-alfa-inventory/master/data/images/VXKCSHPY9TT183917_clean.jpg,Opel,Frontera,2024,0,KM,SUV,Pomaranczowy Kanyon,New,124900 PLN,PLN,"{""addr1"": ""AL. KRAKOWSKA 206"", ""city"": ""WARSZAWA"", ""region"": ""MAZOWIECKIE"", ""country"": ""PL""}",52.2084,20.9412,LEASE,1290 PLN,per month,Hybrid,Automatic,FWD
VXKCSHPY0TT265972,Frontera Gs · od 1290 PLN/mies.,Opel Frontera Gs · Rata od 1290 PLN netto/mies. · Leasing B2B · Warszawa · Sprawdź ofertę!,https://sklep.opel.pl/produkt/frontera/vxkcshpy0tt265972/,https://raw.githubusercontent.com/Andy11001/-alfa-inventory/master/data/images/VXKCSHPY0TT265972_clean.jpg,Opel,Frontera,2024,0,KM,SUV,Zielony Khaki,New,124900 PLN,PLN,"{""addr1"": ""AL. KRAKOWSKA 206"", ""city"": ""WARSZAWA"", ""region"": ""MAZOWIECKIE"", ""country"": ""PL""}",52.2084,20.9412,LEASE,1290 PLN,per month,Hybrid,Automatic,FWD
VXKCSHPY1TT195141,Frontera Gs · od 1284 PLN/mies.,Opel Frontera Gs · Rata od 1284 PLN netto/mies. · Leasing B2B · Warszawa · Sprawdź ofertę!,https://sklep.opel.pl/produkt/frontera/vxkcshpy1tt195141/,https://raw.githubusercontent.com/Andy11001/-alfa-inventory/master/data/images/VXKCSHPY1TT195141_clean.jpg,Opel,Frontera,2024,0,KM,SUV,Czarny Karbon,New,124300 PLN,PLN,"{""addr1"": ""AL. KRAKOWSKA 206"", ""city"": ""WARSZAWA"", ""region"": ""MAZOWIECKIE"", ""country"": ""PL""}",52.2084,20.9412,LEASE,1284 PLN,per month,Hybrid,Automatic,FWD
VXKCSHPY8TT218155,Frontera Gs · od 1282 PLN/mies.,Opel Frontera Gs · Rata od 1282 PLN netto/mies. · Leasing B2B · Łódź · Sprawdź ofertę!,https://sklep.opel.pl/produkt/frontera/vxkcshpy8tt218155/,https://raw.githubusercontent.com/Andy11001/-alfa-inventory/master/data/images/VXKCSHPY8TT218155_clean.jpg,Opel,Frontera,2024,0,KM,SUV,Zielony Khaki,New,124100 PLN,PLN,"{""addr1"": ""UL. OBYWATELSKA 181"", ""city"": ""ŁÓDŹ"", ""region"": ""ŁÓDZKIE"", ""country"": ""PL""}",51.7371,19.4316,LEASE,1282 PLN,per month,Hybrid,Automatic,FWD
VXKUPHPX6T4187155,Corsa Yes · od 1056 PLN/mies.,Opel Corsa Yes · Rata od 1056 PLN netto/mies. · Leasing B2B · Kraków · Sprawdź ofertę!,https://sklep.opel.pl/produkt/corsa/vxkuphpx6t4187155/,,Opel,Corsa,2024,0,KM,SUV,Zielony Eukaliptus,New,102000 PLN,PLN,"{""addr1"": ""UL. OPOLSKA 9"", ""city"": ""KRAKÓW"", ""region"": ""MAŁOPOLSKIE"", ""country"": ""PL""}",50.0931,19.9238,LEASE,1056 PLN,per month,Gasoline,Automatic,FWD
VXKUPHPV8T4092899,Corsa Yes · od 942 PLN/mies.,Opel Corsa Yes · Rata od 942 PLN netto/mies. · Leasing B2B · Warszawa · Sprawdź ofertę!,https://sklep.opel.pl/produkt/corsa/vxkuphpv8t4092899/,https://raw.githubusercontent.com/Andy11001/-alfa-inventory/master/data/images/VXKUPHPV8T4092899_clean.jpg,Opel,Corsa,2024,0,KM,SUV,Zielony Eukaliptus,New,90900 PLN,PLN,"{""addr1"": ""AL. KRAKOWSKA 206"", ""city"": ""WARSZAWA"", ""region"": ""MAZOWIECKIE"", ""country"": ""PL""}",52.2084,20.9412,LEASE,942 PLN,per month,Gasoline,Manual,FWD
VXKUPHPV9T4230899,Corsa Yes · od 938 PLN/mies.,Opel Corsa Yes · Rata od 938 PLN netto/mies. · Leasing B2B · Warszawa · Sprawdź ofertę!,https://sklep.opel.pl/produkt/corsa/vxkuphpv9t4230899/,https://raw.githubusercontent.com/Andy11001/-alfa-inventory/master/data/images/VXKUPHPV9T4230899_clean.jpg,Opel,Corsa,2024,0,KM,SUV,Zielony Eukaliptus,New,90500 PLN,PLN,"{""addr1"": ""AL. KRAKOWSKA 206"", ""city"": ""WARSZAWA"", ""region"": ""MAZOWIECKIE"", ""country"": ""PL""}",52.2084,20.9412,LEASE,938 PLN,per month,Gasoline,Manual,FWD
VXKUPHPV1T4230900,Corsa Yes · od 938 PLN/mies.,Opel Corsa Yes · Rata od 938 PLN netto/mies. · Leasing B2B · Warszawa · Sprawdź ofertę!,https://sklep.opel.pl/produkt/corsa/vxkuphpv1t4230900/,https://raw.githubusercontent.com/Andy11001/-alfa-inventory/master/data/images/VXKUPHPV1T4230900_clean.jpg,Opel,Corsa,2024,0,KM,SUV,Zielony Eukaliptus,New,90500 PLN,PLN,"{""addr1"": ""AL. KRAKOWSKA 206"", ""city"": ""WARSZAWA"", ""region"": ""MAZOWIECKIE"", ""country"": ""PL""}",52.2084,20.9412,LEASE,938 PLN,per month,Gasoline,Manual,FWD
VXKUPHPV2T4229173,Corsa Edition · od 824 PLN/mies.,Opel Corsa Edition · Rata od 824 PLN netto/mies. · Leasing B2B · Kraków · Sprawdź ofertę!,https://sklep.opel.pl/produkt/corsa/vxkuphpv2t4229173/,https://raw.githubusercontent.com/Andy11001/-alfa-inventory/master/data/images/VXKUPHPV2T4229173_clean.jpg,Opel,Corsa,2024,0,KM,SUV,Bialy Kontur,New,79400 PLN,PLN,"{""addr1"": ""UL. OPOLSKA 9"", ""city"": ""KRAKÓW"", ""region"": ""MAŁOPOLSKIE"", ""country"": ""PL""}",50.0931,19.9238,LEASE,824 PLN,per month,Gasoline,Manual,FWD
VXKKAHPYXT6037586,Grandland Gs · od 1678 PLN/mies.,Opel Grandland Gs · Rata od 1678 PLN netto/mies. · Leasing B2B · Katowice · Sprawdź ofertę!,https://sklep.opel.pl/produkt/grandland/vxkkahpyxt6037586/,https://raw.githubusercontent.com/Andy11001/-alfa-inventory/master/data/images/VXKKAHPYXT6037586_clean.jpg,Opel,Grandland,2024,0,KM,SUV,Czarny Karbon,New,162700 PLN,PLN,"{""addr1"": ""AL. ROŹDZIEŃSKIEGO 170"", ""city"": ""KATOWICE"", ""region"": ""ŚLĄSKIE"", ""country"": ""PL""}",50.2649,19.0238,LEASE,1678 PLN,per month,Hybrid,Automatic,FWD
VXKKAHPY3T6028972,Grandland Gs · od 1678 PLN/mies.,Opel Grandland Gs · Rata od 1678 PLN netto/mies. · Leasing B2B · Warszawa · Sprawdź ofertę!,https://sklep.opel.pl/produkt/grandland/vxkkahpy3t6028972/,https://raw.githubusercontent.com/Andy11001/-alfa-inventory/master/data/images/VXKKAHPY3T6028972_clean.jpg,Opel,Grandland,2024,0,KM,SUV,Miedziany Impakt,New,162700 PLN,PLN,"{""addr1"": ""AL. KRAKOWSKA 206"", ""city"": ""WARSZAWA"", ""region"": ""MAZOWIECKIE"", ""country"": ""PL""}",52.2084,20.9412,LEASE,1678 PLN,per month,Hybrid,Automatic,FWD
VXKKAHPY0T6029559,Grandland Gs · od 1678 PLN/mies.,Opel Grandland Gs · Rata od 1678 PLN netto/mies. · Leasing B2B · Warszawa · Sprawdź ofertę!,https://sklep.opel.pl/produkt/grandland/vxkkahpy0t6029559/,https://raw.githubusercontent.com/Andy11001/-alfa-inventory/master/data/images/VXKKAHPY0T6029559_clean.jpg,Opel,Grandland,2024,0,KM,SUV,Miedziany Impakt,New,162700 PLN,PLN,"{""addr1"": ""AL. KRAKOWSKA 206"", ""city"": ""WARSZAWA"", ""region"": ""MAZOWIECKIE"", ""country"": ""PL""}",52.2084,20.9412,LEASE,1678 PLN,per month,Hybrid,Automatic,FWD
VXKKAHPY7T6027811,Grandland Gs · od 1678 PLN/mies.,Opel Grandland Gs · Rata od 1678 PLN netto/mies. · Leasing B2B · Katowice · Sprawdź ofertę!,https://sklep.opel.pl/produkt/grandland/vxkkahpy7t6027811/,https://raw.githubusercontent.com/Andy11001/-alfa-inventory/master/data/images/VXKKAHPY7T6027811_clean.jpg,Opel,Grandland,2024,0,KM,SUV,Szary Grafik,New,162700 PLN,PLN,"{""addr1"": ""AL. ROŹDZIEŃSKIEGO 170"", ""city"": ""KATOWICE"", ""region"": ""ŚLĄSKIE"", ""country"": ""PL""}",50.2649,19.0238,LEASE,1678 PLN,per month,Hybrid,Automatic,FWD
VXKKAHPYXT6029018,Grandland Gs · od 1678 PLN/mies.,Opel Grandland Gs · Rata od 1678 PLN netto/mies. · Leasing B2B · Warszawa · Sprawdź ofertę!,https://sklep.opel.pl/produkt/grandland/vxkkahpyxt6029018/,https://raw.githubusercontent.com/Andy11001/-alfa-inventory/master/data/images/VXKKAHPYXT6029018_clean.jpg,Opel,Grandland,2024,0,KM,SUV,Szary Grafik,New,162700 PLN,PLN,"{""addr1"": ""AL. KRAKOWSKA 206"", ""city"": ""WARSZAWA"", ""region"": ""MAZOWIECKIE"", ""country"": ""PL""}",52.2084,20.9412,LEASE,1678 PLN,per month,Hybrid,Automatic,FWD
VXKKAHPY1T6037606,Grandland Gs · od 1678 PLN/mies.,Opel Grandland Gs · Rata od 1678 PLN netto/mies. · Leasing B2B · Wrocław · Sprawdź ofertę!,https://sklep.opel.pl/produkt/grandland/vxkkahpy1t6037606/,https://raw.githubusercontent.com/Andy11001/-alfa-inventory/master/data/images/VXKKAHPY1T6037606_clean.jpg,Opel,Grandland,2024,0,KM,SUV,Bialy Arktis,New,162700 PLN,PLN,"{""addr1"": ""UL. SZCZECIŃSKA 7"", ""city"": ""WROCŁAW"", ""region"": ""DOLNOŚLĄSKIE"", ""country"": ""PL""}",51.1274,16.9535,LEASE,1678 PLN,per month,Hybrid,Automatic,FWD
VXKFRHPY2T1016366,Astra Ultimate · od 1613 PLN/mies.,Opel Astra Ultimate · Rata od 1613 PLN netto/mies. · Leasing B2B · Warszawa · Sprawdź ofertę!,https://sklep.opel.pl/produkt/astra/vxkfrhpy2t1016366/,https://raw.githubusercontent.com/Andy11001/-alfa-inventory/master/data/images/VXKFRHPY2T1016366_clean.jpg,Opel,Astra,2024,0,KM,SUV,Zielony Klover,New,156400 PLN,PLN,"{""addr1"": ""AL. KRAKOWSKA 206"", ""city"": ""WARSZAWA"", ""region"": ""MAZOWIECKIE"", ""country"": ""PL""}",52.2084,20.9412,LEASE,1613 PLN,per month,Hybrid,Automatic,FWD
VXKCMZYA7TT265341,Frontera Gs · od 1350 PLN/mies.,Opel Frontera Gs · Rata od 1350 PLN netto/mies. · Leasing B2B · Katowice · Sprawdź ofertę!,https://sklep.opel.pl/produkt/frontera/vxkcmzya7tt265341/,https://raw.githubusercontent.com/Andy11001/-alfa-inventory/master/data/images/VXKCMZYA7TT265341_clean.jpg,Opel,Frontera,2024,0,KM,SUV,Pomaranczowy Kanyon,New,130700 PLN,PLN,"{""addr1"": ""AL. ROŹDZIEŃSKIEGO 170"", ""city"": ""KATOWICE"", ""region"": ""ŚLĄSKIE"", ""country"": ""PL""}",50.2649,19.0238,LEASE,1350 PLN,per month,Electric,Automatic,FWD
VXKFPHPY1T1015702,Astra Ultimate · od 1530 PLN/mies.,Opel Astra Ultimate · Rata od 1530 PLN netto/mies. · Leasing B2B · Warszawa · Sprawdź ofertę!,https://sklep.opel.pl/produkt/astra/vxkfphpy1t1015702/,https://raw.githubusercontent.com/Andy11001/-alfa-inventory/master/data/images/VXKFPHPY1T1015702_clean.jpg,Opel,Astra,2024,0,KM,SUV,Zolty Kult,New,148300 PLN,PLN,"{""addr1"": ""AL. KRAKOWSKA 206"", ""city"": ""WARSZAWA"", ""region"": ""MAZOWIECKIE"", ""country"": ""PL""}",52.2084,20.9412,LEASE,1530 PLN,per month,Hybrid,Automatic,FWD
VXKUSHPY3TW054591,Mokka Gs · od 1378 PLN/mies.,Opel Mokka Gs · Rata od 1378 PLN netto/mies. · Leasing B2B · Warszawa · Sprawdź ofertę!,https://sklep.opel.pl/produkt/mokka/vxkushpy3tw054591/,https://raw.githubusercontent.com/Andy11001/-alfa-inventory/master/data/images/VXKUSHPY3TW054591_clean.jpg,Opel,Mokka,2024,0,KM,SUV,Szary Grafik,New,133400 PLN,PLN,"{""addr1"": ""AL. KRAKOWSKA 206"", ""city"": ""WARSZAWA"", ""region"": ""MAZOWIECKIE"", ""country"": ""PL""}",52.2084,20.9412,LEASE,1378 PLN,per month,Hybrid,Automatic,FWD
VXKUSHPY0TW058422,Mokka Ultimate · od 1334 PLN/mies.,Opel Mokka Ultimate · Rata od 1334 PLN netto/mies. · Leasing B2B · Warszawa · Sprawdź ofertę!,https://sklep.opel.pl/produkt/mokka/vxkushpy0tw058422/,https://raw.githubusercontent.com/Andy11001/-alfa-inventory/master/data/images/VXKUSHPY0TW058422_clean.jpg,Opel,Mokka,2024,0,KM,SUV,Szary Grafik,New,129200 PLN,PLN,"{""addr1"": ""AL. KRAKOWSKA 206"", ""city"": ""WARSZAWA"", ""region"": ""MAZOWIECKIE"", ""country"": ""PL""}",52.2084,20.9412,LEASE,1334 PLN,per month,Hybrid,Automatic,FWD
W0VEBYHT7TJ826166,Combo Kombi Gs · od 1776 PLN/mies.,Opel Combo Kombi Gs · Rata od 1776 PLN netto/mies. · Leasing B2B · Warszawa · Sprawdź ofertę!,https://sklep.opel.pl/produkt/combo-kombi/w0vebyht7tj826166/,https://raw.githubusercontent.com/Andy11001/-alfa-inventory/master/data/images/W0VEBYHT7TJ826166_clean.jpg,Opel,Combo Kombi,2024,0,KM,SUV,Bialy Kaolin White,New,127400 PLN,PLN,"{""addr1"": ""AL. KRAKOWSKA 206"", ""city"": ""WARSZAWA"", ""region"": ""MAZOWIECKIE"", ""country"": ""PL""}",52.2084,20.9412,LEASE,1776 PLN,per month,Diesel,Manual,FWD
W0VEBYHT3TJ826164,Combo Kombi Gs · od 1776 PLN/mies.,Opel Combo Kombi Gs · Rata od 1776 PLN netto/mies. · Leasing B2B · Warszawa · Sprawdź ofertę!,https://sklep.opel.pl/produkt/combo-kombi/w0vebyht3tj826164/,https://raw.githubusercontent.com/Andy11001/-alfa-inventory/master/data/images/W0VEBYHT3TJ826164_clean.jpg,Opel,Combo Kombi,2024,0,KM,SUV,Bialy Kaolin White,New,127400 PLN,PLN,"{""addr1"": ""AL. KRAKOWSKA 206"", ""city"": ""WARSZAWA"", ""region"": ""MAZOWIECKIE"", ""country"": ""PL""}",52.2084,20.9412,LEASE,1776 PLN,per month,Diesel,Manual,FWD
W0VEBYHT5TJ826148,Combo Kombi Gs · od 1776 PLN/mies.,Opel Combo Kombi Gs · Rata od 1776 PLN netto/mies. · Leasing B2B · Warszawa · Sprawdź ofertę!,https://sklep.opel.pl/produkt/combo-kombi/w0vebyht5tj826148/,https://raw.githubusercontent.com/Andy11001/-alfa-inventory/master/data/images/W0VEBYHT5TJ826148_clean.jpg,Opel,Combo Kombi,2024,0,KM,SUV,Bialy Kaolin White,New,127400 PLN,PLN,"{""addr1"": ""AL. KRAKOWSKA 206"", ""city"": ""WARSZAWA"", ""region"": ""MAZOWIECKIE"", ""country"": ""PL""}",52.2084,20.9412,LEASE,1776 PLN,per month,Diesel,Manual,FWD
W0VEBYHT5TJ826151,Combo Kombi Gs · od 1776 PLN/mies.,Opel Combo Kombi Gs · Rata od 1776 PLN netto/mies. · Leasing B2B · Warszawa · Sprawdź ofertę!,https://sklep.opel.pl/produkt/combo-kombi/w0vebyht5tj826151/,https://raw.githubusercontent.com/Andy11001/-alfa-inventory/master/data/images/W0VEBYHT5TJ826151_clean.jpg,Opel,Combo Kombi,2024,0,KM,SUV,Bialy Kaolin White,New,127400 PLN,PLN,"{""addr1"": ""AL. KRAKOWSKA 206"", ""city"": ""WARSZAWA"", ""region"": ""MAZOWIECKIE"", ""country"": ""PL""}",52.2084,20.9412,LEASE,1776 PLN,per month,Diesel,Manual,FWD
VXKUSHPY5TW054382,Mokka Yes · od 1243 PLN/mies.,Opel Mokka Yes · Rata od 1243 PLN netto/mies. · Leasing B2B · Warszawa · Sprawdź ofertę!,https://sklep.opel.pl/produkt/mokka/vxkushpy5tw054382/,https://raw.githubusercontent.com/Andy11001/-alfa-inventory/master/data/images/VXKUSHPY5TW054382_clean.jpg,Opel,Mokka,2024,0,KM,SUV,Bialy Arktis,New,120300 PLN,PLN,"{""addr1"": ""AL. KRAKOWSKA 206"", ""city"": ""WARSZAWA"", ""region"": ""MAZOWIECKIE"", ""country"": ""PL""}",52.2084,20.9412,LEASE,1243 PLN,per month,Hybrid,Automatic,FWD
VXKUSHPY0TW057013,Mokka Yes · od 1237 PLN/mies.,Opel Mokka Yes · Rata od 1237 PLN netto/mies. · Leasing B2B · Katowice · Sprawdź ofertę!,https://sklep.opel.pl/produkt/mokka/vxkushpy0tw057013/,https://raw.githubusercontent.com/Andy11001/-alfa-inventory/master/data/images/VXKUSHPY0TW057013_clean.jpg,Opel,Mokka,2024,0,KM,SUV,Pomaranczowy Koral,New,119700 PLN,PLN,"{""addr1"": ""AL. ROŹDZIEŃSKIEGO 170"", ""city"": ""KATOWICE"", ""region"": ""ŚLĄSKIE"", ""country"": ""PL""}",50.2649,19.0238,LEASE,1237 PLN,per month,Hybrid,Automatic,FWD
VXKUSHPY9TW054207,Mokka Yes · od 1237 PLN/mies.,Opel Mokka Yes · Rata od 1237 PLN netto/mies. · Leasing B2B · Kraków · Sprawdź ofertę!,https://sklep.opel.pl/produkt/mokka/vxkushpy9tw054207/,https://raw.githubusercontent.com/Andy11001/-alfa-inventory/master/data/images/VXKUSHPY9TW054207_clean.jpg,Opel,Mokka,2024,0,KM,SUV,Szary Grafik,New,119700 PLN,PLN,"{""addr1"": ""UL. OPOLSKA 9"", ""city"": ""KRAKÓW"", ""region"": ""MAŁOPOLSKIE"", ""country"": ""PL""}",50.0931,19.9238,LEASE,1237 PLN,per month,Hybrid,Automatic,FWD
VXKUSHPY3TW051240,Mokka Yes · od 1237 PLN/mies.,Opel Mokka Yes · Rata od 1237 PLN netto/mies. · Leasing B2B · Warszawa · Sprawdź ofertę!,https://sklep.opel.pl/produkt/mokka/vxkushpy3tw051240/,https://raw.githubusercontent.com/Andy11001/-alfa-inventory/master/data/images/VXKUSHPY3TW051240_clean.jpg,Opel,Mokka,2024,0,KM,SUV,Czarny Karbon,New,119700 PLN,PLN,"{""addr1"": ""AL. KRAKOWSKA 206"", ""city"": ""WARSZAWA"", ""region"": ""MAZOWIECKIE"", ""country"": ""PL""}",52.2084,20.9412,LEASE,1237 PLN,per month,Hybrid,Automatic,FWD
VXKFPHPY8T1025255,Astra Gs · od 1376 PLN/mies.,Opel Astra Gs · Rata od 1376 PLN netto/mies. · Leasing B2B · Warszawa · Sprawdź ofertę!,https://sklep.opel.pl/produkt/astra/vxkfphpy8t1025255/,https://raw.githubusercontent.com/Andy11001/-alfa-inventory/master/data/images/VXKFPHPY8T1025255_clean.jpg,Opel,Astra,2024,0,KM,SUV,Niebieski Athletik,New,133250 PLN,PLN,"{""addr1"": ""AL. KRAKOWSKA 206"", ""city"": ""WARSZAWA"", ""region"": ""MAZOWIECKIE"", ""country"": ""PL""}",52.2084,20.9412,LEASE,1376 PLN,per month,Hybrid,Automatic,FWD
VXKFBYHZ6T1025664,Astra Gs · od 1376 PLN/mies.,Opel Astra Gs · Rata od 1376 PLN netto/mies. · Leasing B2B · Warszawa · Sprawdź ofertę!,https://sklep.opel.pl/produkt/astra/vxkfbyhz6t1025664/,https://raw.githubusercontent.com/Andy11001/-alfa-inventory/master/data/images/VXKFBYHZ6T1025664_clean.jpg,Opel,Astra,2024,0,KM,SUV,Niebieski Athletik,New,133250 PLN,PLN,"{""addr1"": ""AL. KRAKOWSKA 206"", ""city"": ""WARSZAWA"", ""region"": ""MAZOWIECKIE"", ""country"": ""PL""}",52.2084,20.9412,LEASE,1376 PLN,per month,Diesel,Automatic,FWD
VXKFRHPY6T1021229,Astra Business Edition · od 1392 PLN/mies.,Opel Astra Business Edition · Rata od 1392 PLN netto/mies. · Leasing B2B · Warszawa · Sprawdź ofertę!,https://sklep.opel.pl/produkt/astra/vxkfrhpy6t1021229/,https://raw.githubusercontent.com/Andy11001/-alfa-inventory/master/data/images/VXKFRHPY6T1021229_clean.jpg,Opel,Astra,2024,0,KM,SUV,Zielony Klover,New,134800 PLN,PLN,"{""addr1"": ""AL. KRAKOWSKA 206"", ""city"": ""WARSZAWA"", ""region"": ""MAZOWIECKIE"", ""country"": ""PL""}",52.2084,20.9412,LEASE,1392 PLN,per month,Hybrid,Automatic,FWD
VXKUHZKW7S4181848,Corsa Edition · od 1131 PLN/mies.,Opel Corsa Edition · Rata od 1131 PLN netto/mies. · Leasing B2B · Warszawa · Sprawdź ofertę!,https://sklep.opel.pl/produkt/corsa/vxkuhzkw7s4181848/,https://raw.githubusercontent.com/Andy11001/-alfa-inventory/master/data/images/VXKUHZKW7S4181848_clean.jpg,Opel,Corsa,2024,0,KM,SUV,Niebieski Voltaik,New,109400 PLN,PLN,"{""addr1"": ""AL. KRAKOWSKA 206"", ""city"": ""WARSZAWA"", ""region"": ""MAZOWIECKIE"", ""country"": ""PL""}",52.2084,20.9412,LEASE,1131 PLN,per month,Electric,Automatic,FWD
VXKUSHPY9TW056300,Mokka Gs · od 1246 PLN/mies.,Opel Mokka Gs · Rata od 1246 PLN netto/mies. · Leasing B2B · Warszawa · Sprawdź ofertę!,https://sklep.opel.pl/produkt/mokka/vxkushpy9tw056300/,https://raw.githubusercontent.com/Andy11001/-alfa-inventory/master/data/images/VXKUSHPY9TW056300_clean.jpg,Opel,Mokka,2024,0,KM,SUV,Niebieski Kolibri,New,120600 PLN,PLN,"{""addr1"": ""AL. KRAKOWSKA 206"", ""city"": ""WARSZAWA"", ""region"": ""MAZOWIECKIE"", ""country"": ""PL""}",52.2084,20.9412,LEASE,1246 PLN,per month,Hybrid,Automatic,FWD
VXKUSHPWXTW053808,Mokka Ultimate · od 1225 PLN/mies.,Opel Mokka Ultimate · Rata od 1225 PLN netto/mies. · Leasing B2B · Kraków · Sprawdź ofertę!,https://sklep.opel.pl/produkt/mokka/vxkushpwxtw053808/,https://raw.githubusercontent.com/Andy11001/-alfa-inventory/master/data/images/VXKUSHPWXTW053808_clean.jpg,Opel,Mokka,2024,0,KM,SUV,Zielony Tropikal,New,118500 PLN,PLN,"{""addr1"": ""UL. OPOLSKA 9"", ""city"": ""KRAKÓW"", ""region"": ""MAŁOPOLSKIE"", ""country"": ""PL""}",50.0931,19.9238,LEASE,1225 PLN,per month,Gasoline,Manual,FWD
VXKCSHPY2TT218331,Frontera Gs · od 1290 PLN/mies.,Opel Frontera Gs · Rata od 1290 PLN netto/mies. · Leasing B2B · Wrocław · Sprawdź ofertę!,https://sklep.opel.pl/produkt/frontera/vxkcshpy2tt218331/,https://raw.githubusercontent.com/Andy11001/-alfa-inventory/master/data/images/VXKCSHPY2TT218331_clean.jpg,Opel,Frontera,2024,0,KM,SUV,Czarny Karbon,New,124900 PLN,PLN,"{""addr1"": ""UL. SZCZECIŃSKA 7"", ""city"": ""WROCŁAW"", ""region"": ""DOLNOŚLĄSKIE"", ""country"": ""PL""}",51.1274,16.9535,LEASE,1290 PLN,per month,Hybrid,Automatic,FWD
VXKCSHPY0TT149171,Frontera Gs · od 1290 PLN/mies.,Opel Frontera Gs · Rata od 1290 PLN netto/mies. · Leasing B2B · Gdańsk · Sprawdź ofertę!,https://sklep.opel.pl/produkt/frontera/vxkcshpy0tt149171/,https://raw.githubusercontent.com/Andy11001/-alfa-inventory/master/data/images/VXKCSHPY0TT149171_clean.jpg,Opel,Frontera,2024,0,KM,SUV,Czarny Karbon,New,124900 PLN,PLN,"{""addr1"": ""AL. GRUNWALDZKA 256"", ""city"": ""GDAŃSK"", ""region"": ""POMORSKIE"", ""country"": ""PL""}",54.4022,18.5714,LEASE,1290 PLN,per month,Hybrid,Automatic,FWD
VXKCSHPYXTT265963,Frontera Gs · od 1290 PLN/mies.,Opel Frontera Gs · Rata od 1290 PLN netto/mies. · Leasing B2B · Szczecin · Sprawdź ofertę!,https://sklep.opel.pl/produkt/frontera/vxkcshpyxtt265963/,https://raw.githubusercontent.com/Andy11001/-alfa-inventory/master/data/images/VXKCSHPYXTT265963_clean.jpg,Opel,Frontera,2024,0,KM,SUV,Zielony Khaki,New,124900 PLN,PLN,"{""addr1"": ""UL. STRUGA 1B"", ""city"": ""SZCZECIN"", ""region"": ""ZACHODNIOPOMORSKIE"", ""country"": ""PL""}",53.3891,14.6543,LEASE,1290 PLN,per month,Hybrid,Automatic,FWD
VXKCSHPY1TT243625,Frontera Gs · od 1282 PLN/mies.,Opel Frontera Gs · Rata od 1282 PLN netto/mies. · Leasing B2B · Wrocław · Sprawdź ofertę!,https://sklep.opel.pl/produkt/frontera/vxkcshpy1tt243625/,https://raw.githubusercontent.com/Andy11001/-alfa-inventory/master/data/images/VXKCSHPY1TT243625_clean.jpg,Opel,Frontera,2024,0,KM,SUV,Srebrny Kristall,New,124100 PLN,PLN,"{""addr1"": ""UL. SZCZECIŃSKA 7"", ""city"": ""WROCŁAW"", ""region"": ""DOLNOŚLĄSKIE"", ""country"": ""PL""}",51.1274,16.9535,LEASE,1282 PLN,per month,Hybrid,Automatic,FWD
VXKCSHPY0TT272436,Frontera Gs · od 1262 PLN/mies.,Opel Frontera Gs · Rata od 1262 PLN netto/mies. · Leasing B2B · Warszawa · Sprawdź ofertę!,https://sklep.opel.pl/produkt/frontera/vxkcshpy0tt272436/,https://raw.githubusercontent.com/Andy11001/-alfa-inventory/master/data/images/VXKCSHPY0TT272436_clean.jpg,Opel,Frontera,2024,0,KM,SUV,Zielony Khaki,New,122100 PLN,PLN,"{""addr1"": ""AL. KRAKOWSKA 206"", ""city"": ""WARSZAWA"", ""region"": ""MAZOWIECKIE"", ""country"": ""PL""}",52.2084,20.9412,LEASE,1262 PLN,per month,Hybrid,Automatic,FWD
VXKCSHPY6TT273011,Frontera Gs · od 1262 PLN/mies.,Opel Frontera Gs · Rata od 1262 PLN netto/mies. · Leasing B2B · Warszawa · Sprawdź ofertę!,https://sklep.opel.pl/produkt/frontera/vxkcshpy6tt273011/,https://raw.githubusercontent.com/Andy11001/-alfa-inventory/master/data/images/VXKCSHPY6TT273011_clean.jpg,Opel,Frontera,2024,0,KM,SUV,Czarny Karbon,New,122100 PLN,PLN,"{""addr1"": ""AL. KRAKOWSKA 206"", ""city"": ""WARSZAWA"", ""region"": ""MAZOWIECKIE"", ""country"": ""PL""}",52.2084,20.9412,LEASE,1262 PLN,per month,Hybrid,Automatic,FWD
VXKCSHPYXTT273013,Frontera Gs · od 1262 PLN/mies.,Opel Frontera Gs · Rata od 1262 PLN netto/mies. · Leasing B2B · Kraków · Sprawdź ofertę!,https://sklep.opel.pl/produkt/frontera/vxkcshpyxtt273013/,https://raw.githubusercontent.com/Andy11001/-alfa-inventory/master/data/images/VXKCSHPYXTT273013_clean.jpg,Opel,Frontera,2024,0,KM,SUV,Czarny Karbon,New,122100 PLN,PLN,"{""addr1"": ""UL. OPOLSKA 9"", ""city"": ""KRAKÓW"", ""region"": ""MAŁOPOLSKIE"", ""country"": ""PL""}",50.0931,19.9238,LEASE,1262 PLN,per month,Hybrid,Automatic,FWD
VXKCSHPY8TT273012,Frontera Gs · od 1262 PLN/mies.,Opel Frontera Gs · Rata od 1262 PLN netto/mies. · Leasing B2B · Kraków · Sprawdź ofertę!,https://sklep.opel.pl/produkt/frontera/vxkcshpy8tt273012/,https://raw.githubusercontent.com/Andy11001/-alfa-inventory/master/data/images/VXKCSHPY8TT273012_clean.jpg,Opel,Frontera,2024,0,KM,SUV,Czarny Karbon,New,122100 PLN,PLN,"{""addr1"": ""UL. OPOLSKA 9"", ""city"": ""KRAKÓW"", ""region"": ""MAŁOPOLSKIE"", ""country"": ""PL""}",50.0931,19.9238,LEASE,1262 PLN,per month,Hybrid,Automatic,FWD
VXKCSHPY5TT185325,Frontera Gs · od 1262 PLN/mies.,Opel Frontera Gs · Rata od 1262 PLN netto/mies. · Leasing B2B · Kraków · Sprawdź ofertę!,https://sklep.opel.pl/produkt/frontera/vxkcshpy5tt185325/,https://raw.githubusercontent.com/Andy11001/-alfa-inventory/master/data/images/VXKCSHPY5TT185325_clean.jpg,Opel,Frontera,2024,0,KM,SUV,Pomaranczowy Kanyon,New,122100 PLN,PLN,"{""addr1"": ""UL. OPOLSKA 9"", ""city"": ""KRAKÓW"", ""region"": ""MAŁOPOLSKIE"", ""country"": ""PL""}",50.0931,19.9238,LEASE,1262 PLN,per month,Hybrid,Automatic,FWD
VXKUSHPW2TW052667,Mokka Gs · od 1178 PLN/mies.,Opel Mokka Gs · Rata od 1178 PLN netto/mies. · Leasing B2B · Kraków · Sprawdź ofertę!,https://sklep.opel.pl/produkt/mokka/vxkushpw2tw052667/,https://raw.githubusercontent.com/Andy11001/-alfa-inventory/master/data/images/VXKUSHPW2TW052667_clean.jpg,Opel,Mokka,2024,0,KM,SUV,Szary Grafik,New,113900 PLN,PLN,"{""addr1"": ""UL. OPOLSKA 9"", ""city"": ""KRAKÓW"", ""region"": ""MAŁOPOLSKIE"", ""country"": ""PL""}",50.0931,19.9238,LEASE,1178 PLN,per month,Gasoline,Manual,FWD
VXKCSHPX9TT272099,Frontera Gs · od 1200 PLN/mies.,Opel Frontera Gs · Rata od 1200 PLN netto/mies. · Leasing B2B · Warszawa · Sprawdź ofertę!,https://sklep.opel.pl/produkt/frontera/vxkcshpx9tt272099/,https://raw.githubusercontent.com/Andy11001/-alfa-inventory/master/data/images/VXKCSHPX9TT272099_clean.jpg,Opel,Frontera,2024,0,KM,SUV,Pomaranczowy Kanyon,New,116100 PLN,PLN,"{""addr1"": ""AL. KRAKOWSKA 206"", ""city"": ""WARSZAWA"", ""region"": ""MAZOWIECKIE"", ""country"": ""PL""}",52.2084,20.9412,LEASE,1200 PLN,per month,Hybrid,Automatic,FWD
VXKCSHPX1TT272100,Frontera Gs · od 1200 PLN/mies.,Opel Frontera Gs · Rata od 1200 PLN netto/mies. · Leasing B2B · Warszawa · Sprawdź ofertę!,https://sklep.opel.pl/produkt/frontera/vxkcshpx1tt272100/,https://raw.githubusercontent.com/Andy11001/-alfa-inventory/master/data/images/VXKCSHPX1TT272100_clean.jpg,Opel,Frontera,2024,0,KM,SUV,Pomaranczowy Kanyon,New,116100 PLN,PLN,"{""addr1"": ""AL. KRAKOWSKA 206"", ""city"": ""WARSZAWA"", ""region"": ""MAZOWIECKIE"", ""country"": ""PL""}",52.2084,20.9412,LEASE,1200 PLN,per month,Hybrid,Automatic,FWD
VXKCSHPX7TT272098,Frontera Gs · od 1200 PLN/mies.,Opel Frontera Gs · Rata od 1200 PLN netto/mies. · Leasing B2B · Bielsko-Biała · Sprawdź ofertę!,https://sklep.opel.pl/produkt/frontera/vxkcshpx7tt272098/,https://raw.githubusercontent.com/Andy11001/-alfa-inventory/master/data/images/VXKCSHPX7TT272098_clean.jpg,Opel,Frontera,2024,0,KM,SUV,Pomaranczowy Kanyon,New,116100 PLN,PLN,"{""addr1"": ""UL. WARSZAWSKA 15"", ""city"": ""BIELSKO-BIAŁA"", ""region"": ""ŚLĄSKIE"", ""country"": ""PL""}",49.8225,19.0444,LEASE,1200 PLN,per month,Hybrid,Automatic,FWD
VXKCSHPX9TT272135,Frontera Gs · od 1198 PLN/mies.,Opel Frontera Gs · Rata od 1198 PLN netto/mies. · Leasing B2B · Wrocław · Sprawdź ofertę!,https://sklep.opel.pl/produkt/frontera/vxkcshpx9tt272135/,https://raw.githubusercontent.com/Andy11001/-alfa-inventory/master/data/images/VXKCSHPX9TT272135_clean.jpg,Opel,Frontera,2024,0,KM,SUV,Pomaranczowy Kanyon,New,115900 PLN,PLN,"{""addr1"": ""UL. SZCZECIŃSKA 7"", ""city"": ""WROCŁAW"", ""region"": ""DOLNOŚLĄSKIE"", ""country"": ""PL""}",51.1274,16.9535,LEASE,1198 PLN,per month,Hybrid,Automatic,FWD
VXKUSHPW4TW055814,Mokka Business Edition · od 1143 PLN/mies.,Opel Mokka Business Edition · Rata od 1143 PLN netto/mies. · Leasing B2B · Warszawa · Sprawdź ofertę!,https://sklep.opel.pl/produkt/mokka/vxkushpw4tw055814/,https://raw.githubusercontent.com/Andy11001/-alfa-inventory/master/data/images/VXKUSHPW4TW055814_clean.jpg,Opel,Mokka,2024,0,KM,SUV,Szary Kontrast,New,110500 PLN,PLN,"{""addr1"": ""AL. KRAKOWSKA 206"", ""city"": ""WARSZAWA"", ""region"": ""MAZOWIECKIE"", ""country"": ""PL""}",52.2084,20.9412,LEASE,1143 PLN,per month,Gasoline,Manual,FWD
VXKUSHPW2TW056167,Mokka Business Edition · od 1143 PLN/mies.,Opel Mokka Business Edition · Rata od 1143 PLN netto/mies. · Leasing B2B · Warszawa · Sprawdź ofertę!,https://sklep.opel.pl/produkt/mokka/vxkushpw2tw056167/,https://raw.githubusercontent.com/Andy11001/-alfa-inventory/master/data/images/VXKUSHPW2TW056167_clean.jpg,Opel,Mokka,2024,0,KM,SUV,Szary Kontrast,New,110500 PLN,PLN,"{""addr1"": ""AL. KRAKOWSKA 206"", ""city"": ""WARSZAWA"", ""region"": ""MAZOWIECKIE"", ""country"": ""PL""}",52.2084,20.9412,LEASE,1143 PLN,per month,Gasoline,Manual,FWD
VXKCSHPX0TT266157,Frontera Gs · od 1178 PLN/mies.,Opel Frontera Gs · Rata od 1178 PLN netto/mies. · Leasing B2B · Warszawa · Sprawdź ofertę!,https://sklep.opel.pl/produkt/frontera/vxkcshpx0tt266157/,https://raw.githubusercontent.com/Andy11001/-alfa-inventory/master/data/images/VXKCSHPX0TT266157_clean.jpg,Opel,Frontera,2024,0,KM,SUV,Pomaranczowy Kanyon,New,113900 PLN,PLN,"{""addr1"": ""AL. KRAKOWSKA 206"", ""city"": ""WARSZAWA"", ""region"": ""MAZOWIECKIE"", ""country"": ""PL""}",52.2084,20.9412,LEASE,1178 PLN,per month,Hybrid,Automatic,FWD
VXKUSHPW9TW057896,Mokka Business Edition · od 1107 PLN/mies.,Opel Mokka Business Edition · Rata od 1107 PLN netto/mies. · Leasing B2B · Warszawa · Sprawdź ofertę!,https://sklep.opel.pl/produkt/mokka/vxkushpw9tw057896/,https://raw.githubusercontent.com/Andy11001/-alfa-inventory/master/data/images/VXKUSHPW9TW057896_clean.jpg,Opel,Mokka,2024,0,KM,SUV,Szary Kontrast,New,107000 PLN,PLN,"{""addr1"": ""AL. KRAKOWSKA 206"", ""city"": ""WARSZAWA"", ""region"": ""MAZOWIECKIE"", ""country"": ""PL""}",52.2084,20.9412,LEASE,1107 PLN,per month,Gasoline,Manual,FWD
VXKUSHPW1TW056502,Mokka Business Edition · od 1104 PLN/mies.,Opel Mokka Business Edition · Rata od 1104 PLN netto/mies. · Leasing B2B · Wrocław · Sprawdź ofertę!,https://sklep.opel.pl/produkt/mokka/vxkushpw1tw056502/,https://raw.githubusercontent.com/Andy11001/-alfa-inventory/master/data/images/VXKUSHPW1TW056502_clean.jpg,Opel,Mokka,2024,0,KM,SUV,Czarny Karbon,New,106700 PLN,PLN,"{""addr1"": ""UL. SZCZECIŃSKA 7"", ""city"": ""WROCŁAW"", ""region"": ""DOLNOŚLĄSKIE"", ""country"": ""PL""}",51.1274,16.9535,LEASE,1104 PLN,per month,Gasoline,Manual,FWD
VXKCSHPX0TT273058,Frontera Edition · od 1174 PLN/mies.,Opel Frontera Edition · Rata od 1174 PLN netto/mies. · Leasing B2B · Bielsko-Biała · Sprawdź ofertę!,https://sklep.opel.pl/produkt/frontera/vxkcshpx0tt273058/,https://raw.githubusercontent.com/Andy11001/-alfa-inventory/master/data/images/VXKCSHPX0TT273058_clean.jpg,Opel,Frontera,2024,0,KM,SUV,Zielony Khaki,New,113500 PLN,PLN,"{""addr1"": ""UL. WARSZAWSKA 15"", ""city"": ""BIELSKO-BIAŁA"", ""region"": ""ŚLĄSKIE"", ""country"": ""PL""}",49.8225,19.0444,LEASE,1174 PLN,per month,Hybrid,Automatic,FWD
VXKCSHPXXTT273066,Frontera Edition · od 1174 PLN/mies.,Opel Frontera Edition · Rata od 1174 PLN netto/mies. · Leasing B2B · Bielsko-Biała · Sprawdź ofertę!,https://sklep.opel.pl/produkt/frontera/vxkcshpxxtt273066/,https://raw.githubusercontent.com/Andy11001/-alfa-inventory/master/data/images/VXKCSHPXXTT273066_clean.jpg,Opel,Frontera,2024,0,KM,SUV,Czarny Karbon,New,113500 PLN,PLN,"{""addr1"": ""UL. WARSZAWSKA 15"", ""city"": ""BIELSKO-BIAŁA"", ""region"": ""ŚLĄSKIE"", ""country"": ""PL""}",49.8225,19.0444,LEASE,1174 PLN,per month,Hybrid,Automatic,FWD
VXKCSHPYXTT273139,Frontera Edition · od 1172 PLN/mies.,Opel Frontera Edition · Rata od 1172 PLN netto/mies. · Leasing B2B · Kraków · Sprawdź ofertę!,https://sklep.opel.pl/produkt/frontera/vxkcshpyxtt273139/,https://raw.githubusercontent.com/Andy11001/-alfa-inventory/master/data/images/VXKCSHPYXTT273139_clean.jpg,Opel,Frontera,2024,0,KM,SUV,Pomaranczowy Kanyon,New,113400 PLN,PLN,"{""addr1"": ""UL. OPOLSKA 9"", ""city"": ""KRAKÓW"", ""region"": ""MAŁOPOLSKIE"", ""country"": ""PL""}",50.0931,19.9238,LEASE,1172 PLN,per month,Hybrid,Automatic,FWD
VXKCSHPX8TT272966,Frontera Edition · od 1171 PLN/mies.,Opel Frontera Edition · Rata od 1171 PLN netto/mies. · Leasing B2B · Warszawa · Sprawdź ofertę!,https://sklep.opel.pl/produkt/frontera/vxkcshpx8tt272966/,https://raw.githubusercontent.com/Andy11001/-alfa-inventory/master/data/images/VXKCSHPX8TT272966_clean.jpg,Opel,Frontera,2024,0,KM,SUV,Czarny Karbon,New,113300 PLN,PLN,"{""addr1"": ""AL. KRAKOWSKA 206"", ""city"": ""WARSZAWA"", ""region"": ""MAZOWIECKIE"", ""country"": ""PL""}",52.2084,20.9412,LEASE,1171 PLN,per month,Hybrid,Automatic,FWD
VXKCSHPX1TT272954,Frontera Edition · od 1146 PLN/mies.,Opel Frontera Edition · Rata od 1146 PLN netto/mies. · Leasing B2B · Bielsko-Biała · Sprawdź ofertę!,https://sklep.opel.pl/produkt/frontera/vxkcshpx1tt272954/,https://raw.githubusercontent.com/Andy11001/-alfa-inventory/master/data/images/VXKCSHPX1TT272954_clean.jpg,Opel,Frontera,2024,0,KM,SUV,Niebieski Effekt,New,110800 PLN,PLN,"{""addr1"": ""UL. WARSZAWSKA 15"", ""city"": ""BIELSKO-BIAŁA"", ""region"": ""ŚLĄSKIE"", ""country"": ""PL""}",49.8225,19.0444,LEASE,1146 PLN,per month,Hybrid,Automatic,FWD
VXKCSHPX7TT266284,Frontera Edition · od 1134 PLN/mies.,Opel Frontera Edition · Rata od 1134 PLN netto/mies. · Leasing B2B · Warszawa · Sprawdź ofertę!,https://sklep.opel.pl/produkt/frontera/vxkcshpx7tt266284/,https://raw.githubusercontent.com/Andy11001/-alfa-inventory/master/data/images/VXKCSHPX7TT266284_clean.jpg,Opel,Frontera,2024,0,KM,SUV,Pomaranczowy Kanyon,New,109600 PLN,PLN,"{""addr1"": ""AL. KRAKOWSKA 206"", ""city"": ""WARSZAWA"", ""region"": ""MAZOWIECKIE"", ""country"": ""PL""}",52.2084,20.9412,LEASE,1134 PLN,per month,Hybrid,Automatic,FWD
VXKCSHPX6TT273095,Frontera Edition · od 1129 PLN/mies.,Opel Frontera Edition · Rata od 1129 PLN netto/mies. · Leasing B2B · Warszawa · Sprawdź ofertę!,https://sklep.opel.pl/produkt/frontera/vxkcshpx6tt273095/,https://raw.githubusercontent.com/Andy11001/-alfa-inventory/master/data/images/VXKCSHPX6TT273095_clean.jpg,Opel,Frontera,2024,0,KM,SUV,Niebieski Effekt,New,109200 PLN,PLN,"{""addr1"": ""AL. KRAKOWSKA 206"", ""city"": ""WARSZAWA"", ""region"": ""MAZOWIECKIE"", ""country"": ""PL""}",52.2084,20.9412,LEASE,1129 PLN,per month,Hybrid,Automatic,FWD
VXKCSHPX7TT256015,Frontera Edition · od 1127 PLN/mies.,Opel Frontera Edition · Rata od 1127 PLN netto/mies. · Leasing B2B · Warszawa · Sprawdź ofertę!,https://sklep.opel.pl/produkt/frontera/vxkcshpx7tt256015/,https://raw.githubusercontent.com/Andy11001/-alfa-inventory/master/data/images/VXKCSHPX7TT256015_clean.jpg,Opel,Frontera,2024,0,KM,SUV,Pomaranczowy Kanyon,New,109000 PLN,PLN,"{""addr1"": ""AL. KRAKOWSKA 206"", ""city"": ""WARSZAWA"", ""region"": ""MAZOWIECKIE"", ""country"": ""PL""}",52.2084,20.9412,LEASE,1127 PLN,per month,Hybrid,Automatic,FWD
VXKUPHPX8T4229003,Corsa Yes · od 1106 PLN/mies.,Opel Corsa Yes · Rata od 1106 PLN netto/mies. · Leasing B2B · Warszawa · Sprawdź ofertę!,https://sklep.opel.pl/produkt/corsa/vxkuphpx8t4229003/,https://raw.githubusercontent.com/Andy11001/-alfa-inventory/master/data/images/VXKUPHPX8T4229003_clean.jpg,Opel,Corsa,2024,0,KM,SUV,Czarny Karbon,New,106900 PLN,PLN,"{""addr1"": ""AL. KRAKOWSKA 206"", ""city"": ""WARSZAWA"", ""region"": ""MAZOWIECKIE"", ""country"": ""PL""}",52.2084,20.9412,LEASE,1106 PLN,per month,Gasoline,Automatic,FWD
VXKUPHPVXT4230300,Corsa Yes · od 946 PLN/mies.,Opel Corsa Yes · Rata od 946 PLN netto/mies. · Leasing B2B · Kraków · Sprawdź ofertę!,https://sklep.opel.pl/produkt/corsa/vxkuphpvxt4230300/,https://raw.githubusercontent.com/Andy11001/-alfa-inventory/master/data/images/VXKUPHPVXT4230300_clean.jpg,Opel,Corsa,2024,0,KM,SUV,Zielony Eukaliptus,New,91300 PLN,PLN,"{""addr1"": ""UL. OPOLSKA 9"", ""city"": ""KRAKÓW"", ""region"": ""MAŁOPOLSKIE"", ""country"": ""PL""}",50.0931,19.9238,LEASE,946 PLN,per month,Gasoline,Manual,FWD
VXKUPHPV1T4230296,Corsa Yes · od 946 PLN/mies.,Opel Corsa Yes · Rata od 946 PLN netto/mies. · Leasing B2B · Kraków · Sprawdź ofertę!,https://sklep.opel.pl/produkt/corsa/vxkuphpv1t4230296/,https://raw.githubusercontent.com/Andy11001/-alfa-inventory/master/data/images/VXKUPHPV1T4230296_clean.jpg,Opel,Corsa,2024,0,KM,SUV,Zielony Eukaliptus,New,91300 PLN,PLN,"{""addr1"": ""UL. OPOLSKA 9"", ""city"": ""KRAKÓW"", ""region"": ""MAŁOPOLSKIE"", ""country"": ""PL""}",50.0931,19.9238,LEASE,946 PLN,per month,Gasoline,Manual,FWD
VXKUPHPV3T4230297,Corsa Yes · od 946 PLN/mies.,Opel Corsa Yes · Rata od 946 PLN netto/mies. · Leasing B2B · Kraków · Sprawdź ofertę!,https://sklep.opel.pl/produkt/corsa/vxkuphpv3t4230297/,https://raw.githubusercontent.com/Andy11001/-alfa-inventory/master/data/images/VXKUPHPV3T4230297_clean.jpg,Opel,Corsa,2024,0,KM,SUV,Zielony Eukaliptus,New,91300 PLN,PLN,"{""addr1"": ""UL. OPOLSKA 9"", ""city"": ""KRAKÓW"", ""region"": ""MAŁOPOLSKIE"", ""country"": ""PL""}",50.0931,19.9238,LEASE,946 PLN,per month,Gasoline,Manual,FWD
VXKUPHPV5T4230298,Corsa Yes · od 946 PLN/mies.,Opel Corsa Yes · Rata od 946 PLN netto/mies. · Leasing B2B · Kraków · Sprawdź ofertę!,https://sklep.opel.pl/produkt/corsa/vxkuphpv5t4230298/,https://raw.githubusercontent.com/Andy11001/-alfa-inventory/master/data/images/VXKUPHPV5T4230298_clean.jpg,Opel,Corsa,2024,0,KM,SUV,Zielony Eukaliptus,New,91300 PLN,PLN,"{""addr1"": ""UL. OPOLSKA 9"", ""city"": ""KRAKÓW"", ""region"": ""MAŁOPOLSKIE"", ""country"": ""PL""}",50.0931,19.9238,LEASE,946 PLN,per month,Gasoline,Manual,FWD
VXKUPHPV7T4230299,Corsa Yes · od 946 PLN/mies.,Opel Corsa Yes · Rata od 946 PLN netto/mies. · Leasing B2B · Kraków · Sprawdź ofertę!,https://sklep.opel.pl/produkt/corsa/vxkuphpv7t4230299/,https://raw.githubusercontent.com/Andy11001/-alfa-inventory/master/data/images/VXKUPHPV7T4230299_clean.jpg,Opel,Corsa,2024,0,KM,SUV,Zielony Eukaliptus,New,91300 PLN,PLN,"{""addr1"": ""UL. OPOLSKA 9"", ""city"": ""KRAKÓW"", ""region"": ""MAŁOPOLSKIE"", ""country"": ""PL""}",50.0931,19.9238,LEASE,946 PLN,per month,Gasoline,Manual,FWD
VXKUPHPV6T4230309,Corsa Yes · od 921 PLN/mies.,Opel Corsa Yes · Rata od 921 PLN netto/mies. · Leasing B2B · Kraków · Sprawdź ofertę!,https://sklep.opel.pl/produkt/corsa/vxkuphpv6t4230309/,https://raw.githubusercontent.com/Andy11001/-alfa-inventory/master/data/images/VXKUPHPV6T4230309_clean.jpg,Opel,Corsa,2024,0,KM,SUV,Pomaranczowy Koral,New,88900 PLN,PLN,"{""addr1"": ""UL. OPOLSKA 9"", ""city"": ""KRAKÓW"", ""region"": ""MAŁOPOLSKIE"", ""country"": ""PL""}",50.0931,19.9238,LEASE,921 PLN,per month,Gasoline,Manual,FWD
VXKUPHPV2T4230310,Corsa Yes · od 921 PLN/mies.,Opel Corsa Yes · Rata od 921 PLN netto/mies. · Leasing B2B · Kraków · Sprawdź ofertę!,https://sklep.opel.pl/produkt/corsa/vxkuphpv2t4230310/,https://raw.githubusercontent.com/Andy11001/-alfa-inventory/master/data/images/VXKUPHPV2T4230310_clean.jpg,Opel,Corsa,2024,0,KM,SUV,Pomaranczowy Koral,New,88900 PLN,PLN,"{""addr1"": ""UL. OPOLSKA 9"", ""city"": ""KRAKÓW"", ""region"": ""MAŁOPOLSKIE"", ""country"": ""PL""}",50.0931,19.9238,LEASE,921 PLN,per month,Gasoline,Manual,FWD
VXKUPHPV4T4230311,Corsa Yes · od 921 PLN/mies.,Opel Corsa Yes · Rata od 921 PLN netto/mies. · Leasing B2B · Kraków · Sprawdź ofertę!,https://sklep.opel.pl/produkt/corsa/vxkuphpv4t4230311/,https://raw.githubusercontent.com/Andy11001/-alfa-inventory/master/data/images/VXKUPHPV4T4230311_clean.jpg,Opel,Corsa,2024,0,KM,SUV,Pomaranczowy Koral,New,88900 PLN,PLN,"{""addr1"": ""UL. OPOLSKA 9"", ""city"": ""KRAKÓW"", ""region"": ""MAŁOPOLSKIE"", ""country"": ""PL""}",50.0931,19.9238,LEASE,921 PLN,per month,Gasoline,Manual,FWD
VXKUPHPV8T4230313,Corsa Yes · od 921 PLN/mies.,Opel Corsa Yes · Rata od 921 PLN netto/mies. · Leasing B2B · Kraków · Sprawdź ofertę!,https://sklep.opel.pl/produkt/corsa/vxkuphpv8t4230313/,https://raw.githubusercontent.com/Andy11001/-alfa-inventory/master/data/images/VXKUPHPV8T4230313_clean.jpg,Opel,Corsa,2024,0,KM,SUV,Pomaranczowy Koral,New,88900 PLN,PLN,"{""addr1"": ""UL. OPOLSKA 9"", ""city"": ""KRAKÓW"", ""region"": ""MAŁOPOLSKIE"", ""country"": ""PL""}",50.0931,19.9238,LEASE,921 PLN,per month,Gasoline,Manual,FWD
VXKUPHPV6T4230312,Corsa Yes · od 921 PLN/mies.,Opel Corsa Yes · Rata od 921 PLN netto/mies. · Leasing B2B · Kraków · Sprawdź ofertę!,https://sklep.opel.pl/produkt/corsa/vxkuphpv6t4230312/,https://raw.githubusercontent.com/Andy11001/-alfa-inventory/master/data/images/VXKUPHPV6T4230312_clean.jpg,Opel,Corsa,2024,0,KM,SUV,Pomaranczowy Koral,New,88900 PLN,PLN,"{""addr1"": ""UL. OPOLSKA 9"", ""city"": ""KRAKÓW"", ""region"": ""MAŁOPOLSKIE"", ""country"": ""PL""}",50.0931,19.9238,LEASE,921 PLN,per month,Gasoline,Manual,FWD
VXKUPHPV0T4229060,Corsa Yes · od 907 PLN/mies.,Opel Corsa Yes · Rata od 907 PLN netto/mies. · Leasing B2B · Warszawa · Sprawdź ofertę!,https://sklep.opel.pl/produkt/corsa/vxkuphpv0t4229060/,https://raw.githubusercontent.com/Andy11001/-alfa-inventory/master/data/images/VXKUPHPV0T4229060_clean.jpg,Opel,Corsa,2024,0,KM,SUV,Pomaranczowy Koral,New,87500 PLN,PLN,"{""addr1"": ""AL. KRAKOWSKA 206"", ""city"": ""WARSZAWA"", ""region"": ""MAZOWIECKIE"", ""country"": ""PL""}",52.2084,20.9412,LEASE,907 PLN,per month,Gasoline,Manual,FWD
VXKUPHPV8T4230540,Corsa Edition · od 902 PLN/mies.,Opel Corsa Edition · Rata od 902 PLN netto/mies. · Leasing B2B · Warszawa · Sprawdź ofertę!,https://sklep.opel.pl/produkt/corsa/vxkuphpv8t4230540/,https://raw.githubusercontent.com/Andy11001/-alfa-inventory/master/data/images/VXKUPHPV8T4230540_clean.jpg,Opel,Corsa,2024,0,KM,SUV,Szary Grafik,New,87000 PLN,PLN,"{""addr1"": ""AL. KRAKOWSKA 206"", ""city"": ""WARSZAWA"", ""region"": ""MAZOWIECKIE"", ""country"": ""PL""}",52.2084,20.9412,LEASE,902 PLN,per month,Gasoline,Manual,FWD
VXKUPHPV3T4230736,Corsa Edition · od 898 PLN/mies.,Opel Corsa Edition · Rata od 898 PLN netto/mies. · Leasing B2B · Katowice · Sprawdź ofertę!,https://sklep.opel.pl/produkt/corsa/vxkuphpv3t4230736/,https://raw.githubusercontent.com/Andy11001/-alfa-inventory/master/data/images/VXKUPHPV3T4230736_clean.jpg,Opel,Corsa,2024,0,KM,SUV,Czarny Karbon,New,86600 PLN,PLN,"{""addr1"": ""AL. ROŹDZIEŃSKIEGO 170"", ""city"": ""KATOWICE"", ""region"": ""ŚLĄSKIE"", ""country"": ""PL""}",50.2649,19.0238,LEASE,898 PLN,per month,Gasoline,Manual,FWD
VXKUPHPV4T4207000,Corsa Edition · od 896 PLN/mies.,Opel Corsa Edition · Rata od 896 PLN netto/mies. · Leasing B2B · Wrocław · Sprawdź ofertę!,https://sklep.opel.pl/produkt/corsa/vxkuphpv4t4207000/,https://raw.githubusercontent.com/Andy11001/-alfa-inventory/master/data/images/VXKUPHPV4T4207000_clean.jpg,Opel,Corsa,2024,0,KM,SUV,Srebrny Kristall,New,86400 PLN,PLN,"{""addr1"": ""UL. SZCZECIŃSKA 7"", ""city"": ""WROCŁAW"", ""region"": ""DOLNOŚLĄSKIE"", ""country"": ""PL""}",51.1274,16.9535,LEASE,896 PLN,per month,Gasoline,Manual,FWD
VXKUPHPV3T4206789,Corsa Edition · od 896 PLN/mies.,Opel Corsa Edition · Rata od 896 PLN netto/mies. · Leasing B2B · Wrocław · Sprawdź ofertę!,https://sklep.opel.pl/produkt/corsa/vxkuphpv3t4206789/,https://raw.githubusercontent.com/Andy11001/-alfa-inventory/master/data/images/VXKUPHPV3T4206789_clean.jpg,Opel,Corsa,2024,0,KM,SUV,Szary Grafik,New,86400 PLN,PLN,"{""addr1"": ""UL. SZCZECIŃSKA 7"", ""city"": ""WROCŁAW"", ""region"": ""DOLNOŚLĄSKIE"", ""country"": ""PL""}",51.1274,16.9535,LEASE,896 PLN,per month,Gasoline,Manual,FWD
VXKUPHPV5T4198548,Corsa Edition · od 883 PLN/mies.,Opel Corsa Edition · Rata od 883 PLN netto/mies. · Leasing B2B · Kraków · Sprawdź ofertę!,https://sklep.opel.pl/produkt/corsa/vxkuphpv5t4198548/,https://raw.githubusercontent.com/Andy11001/-alfa-inventory/master/data/images/VXKUPHPV5T4198548_clean.jpg,Opel,Corsa,2024,0,KM,SUV,Bialy Kontur,New,85200 PLN,PLN,"{""addr1"": ""UL. OPOLSKA 9"", ""city"": ""KRAKÓW"", ""region"": ""MAŁOPOLSKIE"", ""country"": ""PL""}",50.0931,19.9238,LEASE,883 PLN,per month,Gasoline,Manual,FWD
VXKUPHPV1T4198272,Corsa Edition · od 883 PLN/mies.,Opel Corsa Edition · Rata od 883 PLN netto/mies. · Leasing B2B · Kraków · Sprawdź ofertę!,https://sklep.opel.pl/produkt/corsa/vxkuphpv1t4198272/,https://raw.githubusercontent.com/Andy11001/-alfa-inventory/master/data/images/VXKUPHPV1T4198272_clean.jpg,Opel,Corsa,2024,0,KM,SUV,Czarny Karbon,New,85200 PLN,PLN,"{""addr1"": ""UL. OPOLSKA 9"", ""city"": ""KRAKÓW"", ""region"": ""MAŁOPOLSKIE"", ""country"": ""PL""}",50.0931,19.9238,LEASE,883 PLN,per month,Gasoline,Manual,FWD
VXKUPHPV5T4206938,Corsa Edition · od 871 PLN/mies.,Opel Corsa Edition · Rata od 871 PLN netto/mies. · Leasing B2B · Wrocław · Sprawdź ofertę!,https://sklep.opel.pl/produkt/corsa/vxkuphpv5t4206938/,https://raw.githubusercontent.com/Andy11001/-alfa-inventory/master/data/images/VXKUPHPV5T4206938_clean.jpg,Opel,Corsa,2024,0,KM,SUV,Bialy Arktis,New,84000 PLN,PLN,"{""addr1"": ""UL. SZCZECIŃSKA 7"", ""city"": ""WROCŁAW"", ""region"": ""DOLNOŚLĄSKIE"", ""country"": ""PL""}",51.1274,16.9535,LEASE,871 PLN,per month,Gasoline,Manual,FWD
VXKUPHPV1T4206595,Corsa Edition · od 830 PLN/mies.,Opel Corsa Edition · Rata od 830 PLN netto/mies. · Leasing B2B · Wrocław · Sprawdź ofertę!,https://sklep.opel.pl/produkt/corsa/vxkuphpv1t4206595/,https://raw.githubusercontent.com/Andy11001/-alfa-inventory/master/data/images/VXKUPHPV1T4206595_clean.jpg,Opel,Corsa,2024,0,KM,SUV,Niebieski Voltaik,New,80000 PLN,PLN,"{""addr1"": ""UL. SZCZECIŃSKA 7"", ""city"": ""WROCŁAW"", ""region"": ""DOLNOŚLĄSKIE"", ""country"": ""PL""}",51.1274,16.9535,LEASE,830 PLN,per month,Gasoline,Manual,FWD
VXKUPHPV3T4230509,Corsa Edition · od 801 PLN/mies.,Opel Corsa Edition · Rata od 801 PLN netto/mies. · Leasing B2B · Warszawa · Sprawdź ofertę!,https://sklep.opel.pl/produkt/corsa/vxkuphpv3t4230509/,https://raw.githubusercontent.com/Andy11001/-alfa-inventory/master/data/images/VXKUPHPV3T4230509_clean.jpg,Opel,Corsa,2024,0,KM,SUV,Niebieski Voltaik,New,77200 PLN,PLN,"{""addr1"": ""AL. KRAKOWSKA 206"", ""city"": ""WARSZAWA"", ""region"": ""MAZOWIECKIE"", ""country"": ""PL""}",52.2084,20.9412,LEASE,801 PLN,per month,Gasoline,Manual,FWD
VXKUPHPV4T4230504,Corsa Edition · od 801 PLN/mies.,Opel Corsa Edition · Rata od 801 PLN netto/mies. · Leasing B2B · Warszawa · Sprawdź ofertę!,https://sklep.opel.pl/produkt/corsa/vxkuphpv4t4230504/,https://raw.githubusercontent.com/Andy11001/-alfa-inventory/master/data/images/VXKUPHPV4T4230504_clean.jpg,Opel,Corsa,2024,0,KM,SUV,Niebieski Voltaik,New,77200 PLN,PLN,"{""addr1"": ""AL. KRAKOWSKA 206"", ""city"": ""WARSZAWA"", ""region"": ""MAZOWIECKIE"", ""country"": ""PL""}",52.2084,20.9412,LEASE,801 PLN,per month,Gasoline,Manual,FWD
VXKUPHPV0T4230502,Corsa Edition · od 801 PLN/mies.,Opel Corsa Edition · Rata od 801 PLN netto/mies. · Leasing B2B · Warszawa · Sprawdź ofertę!,https://sklep.opel.pl/produkt/corsa/vxkuphpv0t4230502/,https://raw.githubusercontent.com/Andy11001/-alfa-inventory/master/data/images/VXKUPHPV0T4230502_clean.jpg,Opel,Corsa,2024,0,KM,SUV,Niebieski Voltaik,New,77200 PLN,PLN,"{""addr1"": ""AL. KRAKOWSKA 206"", ""city"": ""WARSZAWA"", ""region"": ""MAZOWIECKIE"", ""country"": ""PL""}",52.2084,20.9412,LEASE,801 PLN,per month,Gasoline,Manual,FWD
VXKUPHPVXT4230510,Corsa Edition · od 801 PLN/mies.,Opel Corsa Edition · Rata od 801 PLN netto/mies. · Leasing B2B · Warszawa · Sprawdź ofertę!,https://sklep.opel.pl/produkt/corsa/vxkuphpvxt4230510/,https://raw.githubusercontent.com/Andy11001/-alfa-inventory/master/data/images/VXKUPHPVXT4230510_clean.jpg,Opel,Corsa,2024,0,KM,SUV,Niebieski Voltaik,New,77200 PLN,PLN,"{""addr1"": ""AL. KRAKOWSKA 206"", ""city"": ""WARSZAWA"", ""region"": ""MAZOWIECKIE"", ""country"": ""PL""}",52.2084,20.9412,LEASE,801 PLN,per month,Gasoline,Manual,FWD
VXKUPHPV6T4230505,Corsa Edition · od 801 PLN/mies.,Opel Corsa Edition · Rata od 801 PLN netto/mies. · Leasing B2B · Warszawa · Sprawdź ofertę!,https://sklep.opel.pl/produkt/corsa/vxkuphpv6t4230505/,https://raw.githubusercontent.com/Andy11001/-alfa-inventory/master/data/images/VXKUPHPV6T4230505_clean.jpg,Opel,Corsa,2024,0,KM,SUV,Niebieski Voltaik,New,77200 PLN,PLN,"{""addr1"": ""AL. KRAKOWSKA 206"", ""city"": ""WARSZAWA"", ""region"": ""MAZOWIECKIE"", ""country"": ""PL""}",52.2084,20.9412,LEASE,801 PLN,per month,Gasoline,Manual,FWD
VXKUPHPV1T4230511,Corsa Edition · od 801 PLN/mies.,Opel Corsa Edition · Rata od 801 PLN netto/mies. · Leasing B2B · Warszawa · Sprawdź ofertę!,https://sklep.opel.pl/produkt/corsa/vxkuphpv1t4230511/,https://raw.githubusercontent.com/Andy11001/-alfa-inventory/master/data/images/VXKUPHPV1T4230511_clean.jpg,Opel,Corsa,2024,0,KM,SUV,Niebieski Voltaik,New,77200 PLN,PLN,"{""addr1"": ""AL. KRAKOWSKA 206"", ""city"": ""WARSZAWA"", ""region"": ""MAZOWIECKIE"", ""country"": ""PL""}",52.2084,20.9412,LEASE,801 PLN,per month,Gasoline,Manual,FWD
VXKUPHPV8T4230506,Corsa Edition · od 801 PLN/mies.,Opel Corsa Edition · Rata od 801 PLN netto/mies. · Leasing B2B · Warszawa · Sprawdź ofertę!,https://sklep.opel.pl/produkt/corsa/vxkuphpv8t4230506/,https://raw.githubusercontent.com/Andy11001/-alfa-inventory/master/data/images/VXKUPHPV8T4230506_clean.jpg,Opel,Corsa,2024,0,KM,SUV,Niebieski Voltaik,New,77200 PLN,PLN,"{""addr1"": ""AL. KRAKOWSKA 206"", ""city"": ""WARSZAWA"", ""region"": ""MAZOWIECKIE"", ""country"": ""PL""}",52.2084,20.9412,LEASE,801 PLN,per month,Gasoline,Manual,FWD
VXKUPHPV2T4230503,Corsa Edition · od 801 PLN/mies.,Opel Corsa Edition · Rata od 801 PLN netto/mies. · Leasing B2B · Warszawa · Sprawdź ofertę!,https://sklep.opel.pl/produkt/corsa/vxkuphpv2t4230503/,https://raw.githubusercontent.com/Andy11001/-alfa-inventory/master/data/images/VXKUPHPV2T4230503_clean.jpg,Opel,Corsa,2024,0,KM,SUV,Niebieski Voltaik,New,77200 PLN,PLN,"{""addr1"": ""AL. KRAKOWSKA 206"", ""city"": ""WARSZAWA"", ""region"": ""MAZOWIECKIE"", ""country"": ""PL""}",52.2084,20.9412,LEASE,801 PLN,per month,Gasoline,Manual,FWD
VXKUPHPVXT4230507,Corsa Edition · od 801 PLN/mies.,Opel Corsa Edition · Rata od 801 PLN netto/mies. · Leasing B2B · Warszawa · Sprawdź ofertę!,https://sklep.opel.pl/produkt/corsa/vxkuphpvxt4230507/,https://raw.githubusercontent.com/Andy11001/-alfa-inventory/master/data/images/VXKUPHPVXT4230507_clean.jpg,Opel,Corsa,2024,0,KM,SUV,Niebieski Voltaik,New,77200 PLN,PLN,"{""addr1"": ""AL. KRAKOWSKA 206"", ""city"": ""WARSZAWA"", ""region"": ""MAZOWIECKIE"", ""country"": ""PL""}",52.2084,20.9412,LEASE,801 PLN,per month,Gasoline,Manual,FWD
VXKUPHPV1T4230508,Corsa Edition · od 801 PLN/mies.,Opel Corsa Edition · Rata od 801 PLN netto/mies. · Leasing B2B · Warszawa · Sprawdź ofertę!,https://sklep.opel.pl/produkt/corsa/vxkuphpv1t4230508/,https://raw.githubusercontent.com/Andy11001/-alfa-inventory/master/data/images/VXKUPHPV1T4230508_clean.jpg,Opel,Corsa,2024,0,KM,SUV,Niebieski Voltaik,New,77200 PLN,PLN,"{""addr1"": ""AL. KRAKOWSKA 206"", ""city"": ""WARSZAWA"", ""region"": ""MAZOWIECKIE"", ""country"": ""PL""}",52.2084,20.9412,LEASE,801 PLN,per month,Gasoline,Manual,FWD
VXKFRHPY4T1016353,Astra Ultimate · od 1613 PLN/mies.,Opel Astra Ultimate · Rata od 1613 PLN netto/mies. · Leasing B2B · Warszawa · Sprawdź ofertę!,https://sklep.opel.pl/produkt/astra/vxkfrhpy4t1016353/,https://raw.githubusercontent.com/Andy11001/-alfa-inventory/master/data/images/VXKFRHPY4T1016353_clean.jpg,Opel,Astra,2024,0,KM,SUV,Zielony Klover,New,156400 PLN,PLN,"{""addr1"": ""AL. KRAKOWSKA 206"", ""city"": ""WARSZAWA"", ""region"": ""MAZOWIECKIE"", ""country"": ""PL""}",52.2084,20.9412,LEASE,1613 PLN,per month,Hybrid,Automatic,FWD
W0VEDYHZ4TJ706906,Combo Mpv Edition Plus · od 2066 PLN/mies.,Opel Combo Mpv Edition Plus · Rata od 2066 PLN netto/mies. · Leasing B2B · Warszawa · Sprawdź ofertę!,https://sklep.opel.pl/produkt/combo-mpv/w0vedyhz4tj706906/,https://raw.githubusercontent.com/Andy11001/-alfa-inventory/master/data/images/W0VEDYHZ4TJ706906_clean.jpg,Opel,Combo Mpv,2024,0,KM,SUV,Szary Kontrast,New,148359 PLN,PLN,"{""addr1"": ""AL. KRAKOWSKA 206"", ""city"": ""WARSZAWA"", ""region"": ""MAZOWIECKIE"", ""country"": ""PL""}",52.2084,20.9412,LEASE,2066 PLN,per month,Diesel,Automatic,FWD
VXKFCYHZ1T1035421,Astra Ultimate · od 1576 PLN/mies.,Opel Astra Ultimate · Rata od 1576 PLN netto/mies. · Leasing B2B · Warszawa · Sprawdź ofertę!,https://sklep.opel.pl/produkt/astra/vxkfcyhz1t1035421/,https://raw.githubusercontent.com/Andy11001/-alfa-inventory/master/data/images/VXKFCYHZ1T1035421_clean.jpg,Opel,Astra,2024,0,KM,SUV,Bialy Kontur,New,152750 PLN,PLN,"{""addr1"": ""AL. KRAKOWSKA 206"", ""city"": ""WARSZAWA"", ""region"": ""MAZOWIECKIE"", ""country"": ""PL""}",52.2084,20.9412,LEASE,1576 PLN,per month,Diesel,Automatic,FWD
W0VEBYHP6TJ708516,Combo Kombi Gs · od 1941 PLN/mies.,Opel Combo Kombi Gs · Rata od 1941 PLN netto/mies. · Leasing B2B · Warszawa · Sprawdź ofertę!,https://sklep.opel.pl/produkt/combo-kombi/w0vebyhp6tj708516/,https://raw.githubusercontent.com/Andy11001/-alfa-inventory/master/data/images/W0VEBYHP6TJ708516_clean.jpg,Opel,Combo Kombi,2024,0,KM,SUV,Szary Kontrast,New,139300 PLN,PLN,"{""addr1"": ""AL. KRAKOWSKA 206"", ""city"": ""WARSZAWA"", ""region"": ""MAZOWIECKIE"", ""country"": ""PL""}",52.2084,20.9412,LEASE,1941 PLN,per month,Diesel,Manual,FWD
W0VEBYHP7TJ704586,Combo Kombi Gs · od 1941 PLN/mies.,Opel Combo Kombi Gs · Rata od 1941 PLN netto/mies. · Leasing B2B · Warszawa · Sprawdź ofertę!,https://sklep.opel.pl/produkt/combo-kombi/w0vebyhp7tj704586/,https://raw.githubusercontent.com/Andy11001/-alfa-inventory/master/data/images/W0VEBYHP7TJ704586_clean.jpg,Opel,Combo Kombi,2024,0,KM,SUV,Niebieski Kiama,New,139300 PLN,PLN,"{""addr1"": ""AL. KRAKOWSKA 206"", ""city"": ""WARSZAWA"", ""region"": ""MAZOWIECKIE"", ""country"": ""PL""}",52.2084,20.9412,LEASE,1941 PLN,per month,Diesel,Manual,FWD
W0VEBYHT9TJ826136,Combo Kombi Gs · od 1776 PLN/mies.,Opel Combo Kombi Gs · Rata od 1776 PLN netto/mies. · Leasing B2B · Warszawa · Sprawdź ofertę!,https://sklep.opel.pl/produkt/combo-kombi/w0vebyht9tj826136/,https://raw.githubusercontent.com/Andy11001/-alfa-inventory/master/data/images/W0VEBYHT9TJ826136_clean.jpg,Opel,Combo Kombi,2024,0,KM,SUV,Bialy Kaolin White,New,127400 PLN,PLN,"{""addr1"": ""AL. KRAKOWSKA 206"", ""city"": ""WARSZAWA"", ""region"": ""MAZOWIECKIE"", ""country"": ""PL""}",52.2084,20.9412,LEASE,1776 PLN,per month,Diesel,Manual,FWD
W0VEBYHTXTJ826131,Combo Kombi Gs · od 1776 PLN/mies.,Opel Combo Kombi Gs · Rata od 1776 PLN netto/mies. · Leasing B2B · Warszawa · Sprawdź ofertę!,https://sklep.opel.pl/produkt/combo-kombi/w0vebyhtxtj826131/,https://raw.githubusercontent.com/Andy11001/-alfa-inventory/master/data/images/W0VEBYHTXTJ826131_clean.jpg,Opel,Combo Kombi,2024,0,KM,SUV,Bialy Kaolin White,New,127400 PLN,PLN,"{""addr1"": ""AL. KRAKOWSKA 206"", ""city"": ""WARSZAWA"", ""region"": ""MAZOWIECKIE"", ""country"": ""PL""}",52.2084,20.9412,LEASE,1776 PLN,per month,Diesel,Manual,FWD
VXKUSHPY8TW055977,Mokka Yes · od 1243 PLN/mies.,Opel Mokka Yes · Rata od 1243 PLN netto/mies. · Leasing B2B · Warszawa · Sprawdź ofertę!,https://sklep.opel.pl/produkt/mokka/vxkushpy8tw055977/,https://raw.githubusercontent.com/Andy11001/-alfa-inventory/master/data/images/VXKUSHPY8TW055977_clean.jpg,Opel,Mokka,2024,0,KM,SUV,Pomaranczowy Koral,New,120300 PLN,PLN,"{""addr1"": ""AL. KRAKOWSKA 206"", ""city"": ""WARSZAWA"", ""region"": ""MAZOWIECKIE"", ""country"": ""PL""}",52.2084,20.9412,LEASE,1243 PLN,per month,Hybrid,Automatic,FWD
VXKUSHPY2TW051116,Mokka Yes · od 1243 PLN/mies.,Opel Mokka Yes · Rata od 1243 PLN netto/mies. · Leasing B2B · Kraków · Sprawdź ofertę!,https://sklep.opel.pl/produkt/mokka/vxkushpy2tw051116/,https://raw.githubusercontent.com/Andy11001/-alfa-inventory/master/data/images/VXKUSHPY2TW051116_clean.jpg,Opel,Mokka,2024,0,KM,SUV,Czarny Karbon,New,120300 PLN,PLN,"{""addr1"": ""UL. OPOLSKA 9"", ""city"": ""KRAKÓW"", ""region"": ""MAŁOPOLSKIE"", ""country"": ""PL""}",50.0931,19.9238,LEASE,1243 PLN,per month,Hybrid,Automatic,FWD
VXKUSHPY9TW051145,Mokka Yes · od 1243 PLN/mies.,Opel Mokka Yes · Rata od 1243 PLN netto/mies. · Leasing B2B · Warszawa · Sprawdź ofertę!,https://sklep.opel.pl/produkt/mokka/vxkushpy9tw051145/,https://raw.githubusercontent.com/Andy11001/-alfa-inventory/master/data/images/VXKUSHPY9TW051145_clean.jpg,Opel,Mokka,2024,0,KM,SUV,Szary Grafik,New,120300 PLN,PLN,"{""addr1"": ""AL. KRAKOWSKA 206"", ""city"": ""WARSZAWA"", ""region"": ""MAZOWIECKIE"", ""country"": ""PL""}",52.2084,20.9412,LEASE,1243 PLN,per month,Hybrid,Automatic,FWD
VXKUSHPY8TW051086,Mokka Yes · od 1243 PLN/mies.,Opel Mokka Yes · Rata od 1243 PLN netto/mies. · Leasing B2B · Warszawa · Sprawdź ofertę!,https://sklep.opel.pl/produkt/mokka/vxkushpy8tw051086/,https://raw.githubusercontent.com/Andy11001/-alfa-inventory/master/data/images/VXKUSHPY8TW051086_clean.jpg,Opel,Mokka,2024,0,KM,SUV,Czarny Karbon,New,120300 PLN,PLN,"{""addr1"": ""AL. KRAKOWSKA 206"", ""city"": ""WARSZAWA"", ""region"": ""MAZOWIECKIE"", ""country"": ""PL""}",52.2084,20.9412,LEASE,1243 PLN,per month,Hybrid,Automatic,FWD
VXKUSHPY5TW051157,Mokka Yes · od 1243 PLN/mies.,Opel Mokka Yes · Rata od 1243 PLN netto/mies. · Leasing B2B · Warszawa · Sprawdź ofertę!,https://sklep.opel.pl/produkt/mokka/vxkushpy5tw051157/,https://raw.githubusercontent.com/Andy11001/-alfa-inventory/master/data/images/VXKUSHPY5TW051157_clean.jpg,Opel,Mokka,2024,0,KM,SUV,Szary Grafik,New,120300 PLN,PLN,"{""addr1"": ""AL. KRAKOWSKA 206"", ""city"": ""WARSZAWA"", ""region"": ""MAZOWIECKIE"", ""country"": ""PL""}",52.2084,20.9412,LEASE,1243 PLN,per month,Hybrid,Automatic,FWD
VXKUSHPY6TW049238,Mokka Yes · od 1237 PLN/mies.,Opel Mokka Yes · Rata od 1237 PLN netto/mies. · Leasing B2B · Kraków · Sprawdź ofertę!,https://sklep.opel.pl/produkt/mokka/vxkushpy6tw049238/,https://raw.githubusercontent.com/Andy11001/-alfa-inventory/master/data/images/VXKUSHPY6TW049238_clean.jpg,Opel,Mokka,2024,0,KM,SUV,Szary Grafik,New,119700 PLN,PLN,"{""addr1"": ""UL. OPOLSKA 9"", ""city"": ""KRAKÓW"", ""region"": ""MAŁOPOLSKIE"", ""country"": ""PL""}",50.0931,19.9238,LEASE,1237 PLN,per month,Hybrid,Automatic,FWD
VXKUSHPY5TW052762,Mokka Yes · od 1237 PLN/mies.,Opel Mokka Yes · Rata od 1237 PLN netto/mies. · Leasing B2B · Kraków · Sprawdź ofertę!,https://sklep.opel.pl/produkt/mokka/vxkushpy5tw052762/,https://raw.githubusercontent.com/Andy11001/-alfa-inventory/master/data/images/VXKUSHPY5TW052762_clean.jpg,Opel,Mokka,2024,0,KM,SUV,Czarny Karbon,New,119700 PLN,PLN,"{""addr1"": ""UL. OPOLSKA 9"", ""city"": ""KRAKÓW"", ""region"": ""MAŁOPOLSKIE"", ""country"": ""PL""}",50.0931,19.9238,LEASE,1237 PLN,per month,Hybrid,Automatic,FWD
VXKUSHPY6TW057016,Mokka Yes · od 1237 PLN/mies.,Opel Mokka Yes · Rata od 1237 PLN netto/mies. · Leasing B2B · Warszawa · Sprawdź ofertę!,https://sklep.opel.pl/produkt/mokka/vxkushpy6tw057016/,https://raw.githubusercontent.com/Andy11001/-alfa-inventory/master/data/images/VXKUSHPY6TW057016_clean.jpg,Opel,Mokka,2024,0,KM,SUV,Pomaranczowy Koral,New,119700 PLN,PLN,"{""addr1"": ""AL. KRAKOWSKA 206"", ""city"": ""WARSZAWA"", ""region"": ""MAZOWIECKIE"", ""country"": ""PL""}",52.2084,20.9412,LEASE,1237 PLN,per month,Hybrid,Automatic,FWD
VXKCSHPY1TT231233,Frontera Gs · od 1290 PLN/mies.,Opel Frontera Gs · Rata od 1290 PLN netto/mies. · Leasing B2B · Warszawa · Sprawdź ofertę!,https://sklep.opel.pl/produkt/frontera/vxkcshpy1tt231233/,https://raw.githubusercontent.com/Andy11001/-alfa-inventory/master/data/images/VXKCSHPY1TT231233_clean.jpg,Opel,Frontera,2024,0,KM,SUV,Pomaranczowy Kanyon,New,124900 PLN,PLN,"{""addr1"": ""AL. KRAKOWSKA 206"", ""city"": ""WARSZAWA"", ""region"": ""MAZOWIECKIE"", ""country"": ""PL""}",52.2084,20.9412,LEASE,1290 PLN,per month,Hybrid,Automatic,FWD
VXKCSHPY4TT230223,Frontera Gs · od 1290 PLN/mies.,Opel Frontera Gs · Rata od 1290 PLN netto/mies. · Leasing B2B · Warszawa · Sprawdź ofertę!,https://sklep.opel.pl/produkt/frontera/vxkcshpy4tt230223/,https://raw.githubusercontent.com/Andy11001/-alfa-inventory/master/data/images/VXKCSHPY4TT230223_clean.jpg,Opel,Frontera,2024,0,KM,SUV,Zielony Khaki,New,124900 PLN,PLN,"{""addr1"": ""AL. KRAKOWSKA 206"", ""city"": ""WARSZAWA"", ""region"": ""MAZOWIECKIE"", ""country"": ""PL""}",52.2084,20.9412,LEASE,1290 PLN,per month,Hybrid,Automatic,FWD
VXKCSHPYXTT237810,Frontera Gs · od 1290 PLN/mies.,Opel Frontera Gs · Rata od 1290 PLN netto/mies. · Leasing B2B · Warszawa · Sprawdź ofertę!,https://sklep.opel.pl/produkt/frontera/vxkcshpyxtt237810/,https://raw.githubusercontent.com/Andy11001/-alfa-inventory/master/data/images/VXKCSHPYXTT237810_clean.jpg,Opel,Frontera,2024,0,KM,SUV,Srebrny Kristall,New,124900 PLN,PLN,"{""addr1"": ""AL. KRAKOWSKA 206"", ""city"": ""WARSZAWA"", ""region"": ""MAZOWIECKIE"", ""country"": ""PL""}",52.2084,20.9412,LEASE,1290 PLN,per month,Hybrid,Automatic,FWD
VXKCSHPY0TT265969,Frontera Gs · od 1290 PLN/mies.,Opel Frontera Gs · Rata od 1290 PLN netto/mies. · Leasing B2B · Łódź · Sprawdź ofertę!,https://sklep.opel.pl/produkt/frontera/vxkcshpy0tt265969/,https://raw.githubusercontent.com/Andy11001/-alfa-inventory/master/data/images/VXKCSHPY0TT265969_clean.jpg,Opel,Frontera,2024,0,KM,SUV,Zielony Khaki,New,124900 PLN,PLN,"{""addr1"": ""UL. OBYWATELSKA 181"", ""city"": ""ŁÓDŹ"", ""region"": ""ŁÓDZKIE"", ""country"": ""PL""}",51.7371,19.4316,LEASE,1290 PLN,per month,Hybrid,Automatic,FWD
VXKCSHPY4TT218332,Frontera Gs · od 1290 PLN/mies.,Opel Frontera Gs · Rata od 1290 PLN netto/mies. · Leasing B2B · Szczecin · Sprawdź ofertę!,https://sklep.opel.pl/produkt/frontera/vxkcshpy4tt218332/,https://raw.githubusercontent.com/Andy11001/-alfa-inventory/master/data/images/VXKCSHPY4TT218332_clean.jpg,Opel,Frontera,2024,0,KM,SUV,Czarny Karbon,New,124900 PLN,PLN,"{""addr1"": ""UL. STRUGA 1B"", ""city"": ""SZCZECIN"", ""region"": ""ZACHODNIOPOMORSKIE"", ""country"": ""PL""}",53.3891,14.6543,LEASE,1290 PLN,per month,Hybrid,Automatic,FWD
