vehicle_id,title,description,link,image_link,make,model,year,mileage.value,mileage.unit,body_style,exterior_color,state_of_vehicle,price,currency,address,latitude,longitude,offer_type,amount_price,amount_qualifier,fuel_type,transmission,drivetrain
VR3KAHPY3TS178346,5008 Gt · od 1296 PLN/mies.,Peugeot 5008 Gt · Rata od 1296 PLN netto/mies. · Leasing B2B · Warszawa · Sprawdź ofertę!,https://sklep.peugeot.pl/produkt/5008/vr3kahpy3ts178346/,https://raw.githubusercontent.com/Andy11001/-alfa-inventory/master/data/images/VR3KAHPY3TS178346_clean.webp,Peugeot,5008,2025,0,KM,SUV,Czarny Perla Nera Metaliczny,New,181089 PLN,PLN,"{""addr1"": ""AL. KRAKOWSKA 206"", ""city"": ""WARSZAWA"", ""region"": ""MAZOWIECKIE"", ""country"": ""PL""}",52.2084,20.9412,LEASE,1296 PLN,per month,Hybrid,Manual,FWD
VR3FPHPY8TY577119,Nowy 408 Gt Exclusive · od 1149 PLN/mies.,Peugeot Nowy 408 Gt Exclusive · Rata od 1149 PLN netto/mies. · Leasing B2B · Poznań · Sprawdź ofertę!,https://sklep.peugeot.pl/produkt/nowy-408/vr3fphpy8ty577119/,https://raw.githubusercontent.com/Andy11001/-alfa-inventory/master/data/images/VR3FPHPY8TY577119_clean.webp,Peugeot,Nowy 408,2025,0,KM,SUV,Zielony Flare,New,160424 PLN,PLN,"{""addr1"": ""UL. BOLESŁAWA KRZYWOUSTEGO 71"", ""city"": ""POZNAŃ"", ""region"": ""WIELKOPOLSKIE"", ""country"": ""PL""}",52.3787,17.0270,LEASE,1149 PLN,per month,Hybrid,Automatic,FWD
VR3FPHPY8TY575497,Nowy 408 Gt Exclusive · od 1149 PLN/mies.,Peugeot Nowy 408 Gt Exclusive · Rata od 1149 PLN netto/mies. · Leasing B2B · Poznań · Sprawdź ofertę!,https://sklep.peugeot.pl/produkt/nowy-408/vr3fphpy8ty575497/,https://raw.githubusercontent.com/Andy11001/-alfa-inventory/master/data/images/VR3FPHPY8TY575497_clean.webp,Peugeot,Nowy 408,2025,0,KM,SUV,Zielony Flare,New,160424 PLN,PLN,"{""addr1"": ""UL. BOLESŁAWA KRZYWOUSTEGO 71"", ""city"": ""POZNAŃ"", ""region"": ""WIELKOPOLSKIE"", ""country"": ""PL""}",52.3787,17.0270,LEASE,1149 PLN,per month,Hybrid,Automatic,FWD
VR3FPHPY4TY581507,Nowy 408 Gt Exclusive · od 1133 PLN/mies.,Peugeot Nowy 408 Gt Exclusive · Rata od 1133 PLN netto/mies. · Leasing B2B · Gliwice · Sprawdź ofertę!,https://sklep.peugeot.pl/produkt/nowy-408/vr3fphpy4ty581507/,https://raw.githubusercontent.com/Andy11001/-alfa-inventory/master/data/images/VR3FPHPY4TY581507_clean.webp,Peugeot,Nowy 408,2025,0,KM,SUV,Zielony Flare,New,158136 PLN,PLN,"{""addr1"": ""UL. TOSZECKA 101"", ""city"": ""GLIWICE"", ""region"": ""ŚLĄSKIE"", ""country"": ""PL""}",50.2945,18.6714,LEASE,1133 PLN,per month,Hybrid,Automatic,FWD
VR3FPHPY6TY581508,Nowy 408 Gt Exclusive · od 1133 PLN/mies.,Peugeot Nowy 408 Gt Exclusive · Rata od 1133 PLN netto/mies. · Leasing B2B · Gliwice · Sprawdź ofertę!,https://sklep.peugeot.pl/produkt/nowy-408/vr3fphpy6ty581508/,https://raw.githubusercontent.com/Andy11001/-alfa-inventory/master/data/images/VR3FPHPY6TY581508_clean.webp,Peugeot,Nowy 408,2025,0,KM,SUV,Zielony Flare,New,158136 PLN,PLN,"{""addr1"": ""UL. TOSZECKA 101"", ""city"": ""GLIWICE"", ""region"": ""ŚLĄSKIE"", ""country"": ""PL""}",50.2945,18.6714,LEASE,1133 PLN,per month,Hybrid,Automatic,FWD
VR3FPHPY1TY572652,Nowy 408 Gt · od 1119 PLN/mies.,Peugeot Nowy 408 Gt · Rata od 1119 PLN netto/mies. · Leasing B2B · Świdnik · Sprawdź ofertę!,https://sklep.peugeot.pl/produkt/nowy-408/vr3fphpy1ty572652/,https://raw.githubusercontent.com/Andy11001/-alfa-inventory/master/data/images/VR3FPHPY1TY572652_clean.webp,Peugeot,Nowy 408,2025,0,KM,SUV,Czarny Perla Nera,New,156288 PLN,PLN,"{""addr1"": ""ŚWIDNIK"", ""city"": ""ŚWIDNIK"", ""region"": ""MAZOWIECKIE"", ""country"": ""PL""}",,,LEASE,1119 PLN,per month,Hybrid,Automatic,FWD
VR3FPHPY0TY577602,Nowy 408 Gt · od 1119 PLN/mies.,Peugeot Nowy 408 Gt · Rata od 1119 PLN netto/mies. · Leasing B2B · Wrocław · Sprawdź ofertę!,https://sklep.peugeot.pl/produkt/nowy-408/vr3fphpy0ty577602/,https://raw.githubusercontent.com/Andy11001/-alfa-inventory/master/data/images/VR3FPHPY0TY577602_clean.webp,Peugeot,Nowy 408,2025,0,KM,SUV,Szary Selenium,New,156288 PLN,PLN,"{""addr1"": ""UL. SZCZECIŃSKA 7"", ""city"": ""WROCŁAW"", ""region"": ""DOLNOŚLĄSKIE"", ""country"": ""PL""}",51.1274,16.9535,LEASE,1119 PLN,per month,Hybrid,Automatic,FWD
VR3FPHPY2TY577603,Nowy 408 Gt · od 1119 PLN/mies.,Peugeot Nowy 408 Gt · Rata od 1119 PLN netto/mies. · Leasing B2B · Wrocław · Sprawdź ofertę!,https://sklep.peugeot.pl/produkt/nowy-408/vr3fphpy2ty577603/,https://raw.githubusercontent.com/Andy11001/-alfa-inventory/master/data/images/VR3FPHPY2TY577603_clean.webp,Peugeot,Nowy 408,2025,0,KM,SUV,Szary Selenium,New,156288 PLN,PLN,"{""addr1"": ""UL. SZCZECIŃSKA 7"", ""city"": ""WROCŁAW"", ""region"": ""DOLNOŚLĄSKIE"", ""country"": ""PL""}",51.1274,16.9535,LEASE,1119 PLN,per month,Hybrid,Automatic,FWD
VR3FPHPYXTY569961,Nowy 408 Gt · od 1119 PLN/mies.,Peugeot Nowy 408 Gt · Rata od 1119 PLN netto/mies. · Leasing B2B · Wrocław · Sprawdź ofertę!,https://sklep.peugeot.pl/produkt/nowy-408/vr3fphpyxty569961/,https://raw.githubusercontent.com/Andy11001/-alfa-inventory/master/data/images/VR3FPHPYXTY569961_clean.webp,Peugeot,Nowy 408,2025,0,KM,SUV,Czarny Perla Nera,New,156288 PLN,PLN,"{""addr1"": ""UL. SZCZECIŃSKA 7"", ""city"": ""WROCŁAW"", ""region"": ""DOLNOŚLĄSKIE"", ""country"": ""PL""}",51.1274,16.9535,LEASE,1119 PLN,per month,Hybrid,Automatic,FWD
VR3FPHPY5TY576445,Nowy 408 Gt · od 1119 PLN/mies.,Peugeot Nowy 408 Gt · Rata od 1119 PLN netto/mies. · Leasing B2B · Częstochowa · Sprawdź ofertę!,https://sklep.peugeot.pl/produkt/nowy-408/vr3fphpy5ty576445/,https://raw.githubusercontent.com/Andy11001/-alfa-inventory/master/data/images/VR3FPHPY5TY576445_clean.webp,Peugeot,Nowy 408,2025,0,KM,SUV,Szary Selenium,New,156288 PLN,PLN,"{""addr1"": ""CZĘSTOCHOWA"", ""city"": ""CZĘSTOCHOWA"", ""region"": ""MAZOWIECKIE"", ""country"": ""PL""}",,,LEASE,1119 PLN,per month,Hybrid,Automatic,FWD
VR3FPHPY6TY572730,Nowy 408 Gt · od 1119 PLN/mies.,Peugeot Nowy 408 Gt · Rata od 1119 PLN netto/mies. · Leasing B2B · Częstochowa · Sprawdź ofertę!,https://sklep.peugeot.pl/produkt/nowy-408/vr3fphpy6ty572730/,https://raw.githubusercontent.com/Andy11001/-alfa-inventory/master/data/images/VR3FPHPY6TY572730_clean.webp,Peugeot,Nowy 408,2025,0,KM,SUV,Szary Selenium,New,156288 PLN,PLN,"{""addr1"": ""CZĘSTOCHOWA"", ""city"": ""CZĘSTOCHOWA"", ""region"": ""MAZOWIECKIE"", ""country"": ""PL""}",,,LEASE,1119 PLN,per month,Hybrid,Automatic,FWD
VR3KAHPY3TS189976,3008 Business · od 1040 PLN/mies.,Peugeot 3008 Business · Rata od 1040 PLN netto/mies. · Leasing B2B · Kraków · Sprawdź ofertę!,https://sklep.peugeot.pl/produkt/3008/vr3kahpy3ts189976/,https://raw.githubusercontent.com/Andy11001/-alfa-inventory/master/data/images/VR3KAHPY3TS189976_clean.webp,Peugeot,3008,2025,0,KM,SUV,Szary Artense,New,145051 PLN,PLN,"{""addr1"": ""UL. OPOLSKA 9"", ""city"": ""KRAKÓW"", ""region"": ""MAŁOPOLSKIE"", ""country"": ""PL""}",50.0931,19.9238,LEASE,1040 PLN,per month,Hybrid,Manual,FWD
VR3KAHPY5TS189977,3008 Business · od 1040 PLN/mies.,Peugeot 3008 Business · Rata od 1040 PLN netto/mies. · Leasing B2B · Zielona Góra · Sprawdź ofertę!,https://sklep.peugeot.pl/produkt/3008/vr3kahpy5ts189977/,https://raw.githubusercontent.com/Andy11001/-alfa-inventory/master/data/images/VR3KAHPY5TS189977_clean.webp,Peugeot,3008,2025,0,KM,SUV,Szary Artense,New,145051 PLN,PLN,"{""addr1"": ""ZIELONA GÓRA"", ""city"": ""ZIELONA GÓRA"", ""region"": ""MAZOWIECKIE"", ""country"": ""PL""}",,,LEASE,1040 PLN,per month,Hybrid,Manual,FWD
VR3KAHPY6TS190037,3008 Allure · od 1032 PLN/mies.,Peugeot 3008 Allure · Rata od 1032 PLN netto/mies. · Leasing B2B · Częstochowa · Sprawdź ofertę!,https://sklep.peugeot.pl/produkt/3008/vr3kahpy6ts190037/,https://raw.githubusercontent.com/Andy11001/-alfa-inventory/master/data/images/VR3KAHPY6TS190037_clean.webp,Peugeot,3008,2025,0,KM,SUV,Szary Titane,New,143982 PLN,PLN,"{""addr1"": ""CZĘSTOCHOWA"", ""city"": ""CZĘSTOCHOWA"", ""region"": ""MAZOWIECKIE"", ""country"": ""PL""}",,,LEASE,1032 PLN,per month,Hybrid,Manual,FWD
VR3FRHPY7TY581205,Nowe 308 SW Gt Exclusive · od 1037 PLN/mies.,Peugeot Nowe 308 SW Gt Exclusive · Rata od 1037 PLN netto/mies. · Leasing B2B · Bielsko-Biała · Sprawdź ofertę!,https://sklep.peugeot.pl/produkt/nowe-308-sw/vr3frhpy7ty581205/,https://raw.githubusercontent.com/Andy11001/-alfa-inventory/master/data/images/VR3FRHPY7TY581205_clean.webp,Peugeot,Nowe 308 SW,2025,0,KM,Wagon,Czarny Perla Nera,New,144652 PLN,PLN,"{""addr1"": ""UL. WARSZAWSKA 15"", ""city"": ""BIELSKO-BIAŁA"", ""region"": ""ŚLĄSKIE"", ""country"": ""PL""}",49.8225,19.0444,LEASE,1037 PLN,per month,Hybrid,Automatic,FWD
VR3KAHPY9TS186273,3008 Allure · od 1028 PLN/mies.,Peugeot 3008 Allure · Rata od 1028 PLN netto/mies. · Leasing B2B · Piła · Sprawdź ofertę!,https://sklep.peugeot.pl/produkt/3008/vr3kahpy9ts186273/,https://raw.githubusercontent.com/Andy11001/-alfa-inventory/master/data/images/VR3KAHPY9TS186273_clean.webp,Peugeot,3008,2025,0,KM,SUV,Szary Artense,New,143341 PLN,PLN,"{""addr1"": ""UL. WARSZTATOWA 6"", ""city"": ""PIŁA"", ""region"": ""WIELKOPOLSKIE"", ""country"": ""PL""}",53.1510,16.7384,LEASE,1028 PLN,per month,Hybrid,Manual,FWD
VR3FCYHZ9TY581795,Nowe 308 SW Gt Exclusive · od 1025 PLN/mies.,Peugeot Nowe 308 SW Gt Exclusive · Rata od 1025 PLN netto/mies. · Leasing B2B · Płock · Sprawdź ofertę!,https://sklep.peugeot.pl/produkt/nowe-308-sw/vr3fcyhz9ty581795/,https://raw.githubusercontent.com/Andy11001/-alfa-inventory/master/data/images/VR3FCYHZ9TY581795_clean.webp,Peugeot,Nowe 308 SW,2025,0,KM,Wagon,Szary Selenium,New,143018 PLN,PLN,"{""addr1"": ""UL. OTOLIŃSKA 25"", ""city"": ""PŁOCK"", ""region"": ""MAZOWIECKIE"", ""country"": ""PL""}",52.5468,19.7064,LEASE,1025 PLN,per month,Diesel,Automatic,FWD
VR3FCYHZ3TY581811,Nowe 308 SW Gt Exclusive · od 1025 PLN/mies.,Peugeot Nowe 308 SW Gt Exclusive · Rata od 1025 PLN netto/mies. · Leasing B2B · Płock · Sprawdź ofertę!,https://sklep.peugeot.pl/produkt/nowe-308-sw/vr3fcyhz3ty581811/,https://raw.githubusercontent.com/Andy11001/-alfa-inventory/master/data/images/VR3FCYHZ3TY581811_clean.webp,Peugeot,Nowe 308 SW,2025,0,KM,Wagon,Bialy Okenite,New,143018 PLN,PLN,"{""addr1"": ""UL. OTOLIŃSKA 25"", ""city"": ""PŁOCK"", ""region"": ""MAZOWIECKIE"", ""country"": ""PL""}",52.5468,19.7064,LEASE,1025 PLN,per month,Diesel,Automatic,FWD
VR3FCYHZ6TY581821,Nowe 308 SW Gt Exclusive · od 1023 PLN/mies.,Peugeot Nowe 308 SW Gt Exclusive · Rata od 1023 PLN netto/mies. · Leasing B2B · Kalisz · Sprawdź ofertę!,https://sklep.peugeot.pl/produkt/nowe-308-sw/vr3fcyhz6ty581821/,https://raw.githubusercontent.com/Andy11001/-alfa-inventory/master/data/images/VR3FCYHZ6TY581821_clean.webp,Peugeot,Nowe 308 SW,2025,0,KM,Wagon,Niebieski Ingaro,New,142674 PLN,PLN,"{""addr1"": ""UL. CZĘSTOCHOWSKA 144"", ""city"": ""KALISZ"", ""region"": ""WIELKOPOLSKIE"", ""country"": ""PL""}",51.7612,18.0929,LEASE,1023 PLN,per month,Diesel,Automatic,FWD
VR3FPHPY4TY581510,Nowy 408 Allure · od 1030 PLN/mies.,Peugeot Nowy 408 Allure · Rata od 1030 PLN netto/mies. · Leasing B2B · Grębów · Sprawdź ofertę!,https://sklep.peugeot.pl/produkt/nowy-408/vr3fphpy4ty581510/,https://raw.githubusercontent.com/Andy11001/-alfa-inventory/master/data/images/VR3FPHPY4TY581510_clean.webp,Peugeot,Nowy 408,2025,0,KM,SUV,Zielony Flare,New,143616 PLN,PLN,"{""addr1"": ""GRĘBÓW"", ""city"": ""GRĘBÓW"", ""region"": ""MAZOWIECKIE"", ""country"": ""PL""}",,,LEASE,1030 PLN,per month,Hybrid,Automatic,FWD
VR3FPHPY9TY581504,Nowy 408 Allure · od 990 PLN/mies.,Peugeot Nowy 408 Allure · Rata od 990 PLN netto/mies. · Leasing B2B · Grębów · Sprawdź ofertę!,https://sklep.peugeot.pl/produkt/nowy-408/vr3fphpy9ty581504/,https://raw.githubusercontent.com/Andy11001/-alfa-inventory/master/data/images/VR3FPHPY9TY581504_clean.webp,Peugeot,Nowy 408,2025,0,KM,SUV,Zielony Flare,New,137984 PLN,PLN,"{""addr1"": ""GRĘBÓW"", ""city"": ""GRĘBÓW"", ""region"": ""MAZOWIECKIE"", ""country"": ""PL""}",,,LEASE,990 PLN,per month,Hybrid,Automatic,FWD
VR3FBYHZXTY580058,Nowe 308 Gt Exclusive · od 963 PLN/mies.,Peugeot Nowe 308 Gt Exclusive · Rata od 963 PLN netto/mies. · Leasing B2B · Kalisz · Sprawdź ofertę!,https://sklep.peugeot.pl/produkt/nowe-308/vr3fbyhzxty580058/,https://raw.githubusercontent.com/Andy11001/-alfa-inventory/master/data/images/VR3FBYHZXTY580058_clean.webp,Peugeot,Nowe 308,2025,0,KM,Hatchback,Niebieski Lagoa,New,134246 PLN,PLN,"{""addr1"": ""UL. CZĘSTOCHOWSKA 144"", ""city"": ""KALISZ"", ""region"": ""WIELKOPOLSKIE"", ""country"": ""PL""}",51.7612,18.0929,LEASE,963 PLN,per month,Diesel,Automatic,FWD
VR3USHPY0TJ911416,2008 Gt Exclusive · od 974 PLN/mies.,Peugeot 2008 Gt Exclusive · Rata od 974 PLN netto/mies. · Leasing B2B · Kalisz · Sprawdź ofertę!,https://sklep.peugeot.pl/produkt/2008/vr3ushpy0tj911416/,https://raw.githubusercontent.com/Andy11001/-alfa-inventory/master/data/images/VR3USHPY0TJ911416_clean.webp,Peugeot,2008,2025,0,KM,SUV,Szary Selenium,New,135800 PLN,PLN,"{""addr1"": ""UL. CZĘSTOCHOWSKA 144"", ""city"": ""KALISZ"", ""region"": ""WIELKOPOLSKIE"", ""country"": ""PL""}",51.7612,18.0929,LEASE,974 PLN,per month,Hybrid,Automatic,FWD
VR3USHPY0TJ840735,2008 Envy · od 875 PLN/mies.,Peugeot 2008 Envy · Rata od 875 PLN netto/mies. · Leasing B2B · Gliwice · Sprawdź ofertę!,https://sklep.peugeot.pl/produkt/2008/vr3ushpy0tj840735/,https://raw.githubusercontent.com/Andy11001/-alfa-inventory/master/data/images/VR3USHPY0TJ840735_clean.webp,Peugeot,2008,2025,0,KM,SUV,Niebieski Nazare,New,121888 PLN,PLN,"{""addr1"": ""UL. TOSZECKA 101"", ""city"": ""GLIWICE"", ""region"": ""ŚLĄSKIE"", ""country"": ""PL""}",50.2945,18.6714,LEASE,875 PLN,per month,Hybrid,Automatic,FWD
VR3USHPX4TJ732769,2008 Edition · od 779 PLN/mies.,Peugeot 2008 Edition · Rata od 779 PLN netto/mies. · Leasing B2B · Katowice · Sprawdź ofertę!,https://sklep.peugeot.pl/produkt/2008/vr3ushpx4tj732769/,https://raw.githubusercontent.com/Andy11001/-alfa-inventory/master/data/images/VR3USHPX4TJ732769_clean.webp,Peugeot,2008,2025,0,KM,SUV,Niebieski Obsession,New,108400 PLN,PLN,"{""addr1"": ""AL. ROŹDZIEŃSKIEGO 170"", ""city"": ""KATOWICE"", ""region"": ""ŚLĄSKIE"", ""country"": ""PL""}",50.2649,19.0238,LEASE,779 PLN,per month,Hybrid,Automatic,FWD
VR3USHPX9TJ768103,2008 Edition · od 779 PLN/mies.,Peugeot 2008 Edition · Rata od 779 PLN netto/mies. · Leasing B2B · Szczecin · Sprawdź ofertę!,https://sklep.peugeot.pl/produkt/2008/vr3ushpx9tj768103/,https://raw.githubusercontent.com/Andy11001/-alfa-inventory/master/data/images/VR3USHPX9TJ768103_clean.webp,Peugeot,2008,2025,0,KM,SUV,Niebieski Obsession,New,108400 PLN,PLN,"{""addr1"": ""UL. STRUGA 1B"", ""city"": ""SZCZECIN"", ""region"": ""ZACHODNIOPOMORSKIE"", ""country"": ""PL""}",53.3891,14.6543,LEASE,779 PLN,per month,Hybrid,Automatic,FWD
VR3USHPX2TJ674872,2008 Edition · od 760 PLN/mies.,Peugeot 2008 Edition · Rata od 760 PLN netto/mies. · Leasing B2B · Katowice · Sprawdź ofertę!,https://sklep.peugeot.pl/produkt/2008/vr3ushpx2tj674872/,https://raw.githubusercontent.com/Andy11001/-alfa-inventory/master/data/images/VR3USHPX2TJ674872_clean.webp,Peugeot,2008,2025,0,KM,SUV,Niebieski Obsession,New,105600 PLN,PLN,"{""addr1"": ""AL. ROŹDZIEŃSKIEGO 170"", ""city"": ""KATOWICE"", ""region"": ""ŚLĄSKIE"", ""country"": ""PL""}",50.2649,19.0238,LEASE,760 PLN,per month,Hybrid,Automatic,FWD
VR3USHPX0TJ729853,2008 Edition · od 760 PLN/mies.,Peugeot 2008 Edition · Rata od 760 PLN netto/mies. · Leasing B2B · Kalisz · Sprawdź ofertę!,https://sklep.peugeot.pl/produkt/2008/vr3ushpx0tj729853/,https://raw.githubusercontent.com/Andy11001/-alfa-inventory/master/data/images/VR3USHPX0TJ729853_clean.webp,Peugeot,2008,2025,0,KM,SUV,Niebieski Obsession,New,105600 PLN,PLN,"{""addr1"": ""UL. CZĘSTOCHOWSKA 144"", ""city"": ""KALISZ"", ""region"": ""WIELKOPOLSKIE"", ""country"": ""PL""}",51.7612,18.0929,LEASE,760 PLN,per month,Hybrid,Automatic,FWD
VR3KAHPY6TS177434,5008 Gt Exclusive · od 1306 PLN/mies.,Peugeot 5008 Gt Exclusive · Rata od 1306 PLN netto/mies. · Leasing B2B · Poznań · Sprawdź ofertę!,https://sklep.peugeot.pl/produkt/5008/vr3kahpy6ts177434/,https://raw.githubusercontent.com/Andy11001/-alfa-inventory/master/data/images/VR3KAHPY6TS177434_clean.webp,Peugeot,5008,2025,0,KM,SUV,Bialy Okenite Metaliczny Specjalny,New,182628 PLN,PLN,"{""addr1"": ""UL. BOLESŁAWA KRZYWOUSTEGO 71"", ""city"": ""POZNAŃ"", ""region"": ""WIELKOPOLSKIE"", ""country"": ""PL""}",52.3787,17.0270,LEASE,1306 PLN,per month,Hybrid,Manual,FWD
VR3KAHPY2TS186017,3008 Allure · od 1066 PLN/mies.,Peugeot 3008 Allure · Rata od 1066 PLN netto/mies. · Leasing B2B · Płock · Sprawdź ofertę!,https://sklep.peugeot.pl/produkt/3008/vr3kahpy2ts186017/,https://raw.githubusercontent.com/Andy11001/-alfa-inventory/master/data/images/VR3KAHPY2TS186017_clean.webp,Peugeot,3008,2025,0,KM,SUV,Szary Artense,New,148770 PLN,PLN,"{""addr1"": ""UL. OTOLIŃSKA 25"", ""city"": ""PŁOCK"", ""region"": ""MAZOWIECKIE"", ""country"": ""PL""}",52.5468,19.7064,LEASE,1066 PLN,per month,Hybrid,Manual,FWD
VR3FCYHZ2TY577796,Nowe 308 SW Gt Exclusive · od 1025 PLN/mies.,Peugeot Nowe 308 SW Gt Exclusive · Rata od 1025 PLN netto/mies. · Leasing B2B · Gorzów Wielkopolski · Sprawdź ofertę!,https://sklep.peugeot.pl/produkt/nowe-308-sw/vr3fcyhz2ty577796/,https://raw.githubusercontent.com/Andy11001/-alfa-inventory/master/data/images/VR3FCYHZ2TY577796_clean.webp,Peugeot,Nowe 308 SW,2025,0,KM,Wagon,Szary Selenium,New,143018 PLN,PLN,"{""addr1"": ""GORZÓW WIELKOPOLSKI"", ""city"": ""GORZÓW WIELKOPOLSKI"", ""region"": ""MAZOWIECKIE"", ""country"": ""PL""}",,,LEASE,1025 PLN,per month,Diesel,Automatic,FWD
VR3FRHPY2TY580852,Nowe 308 SW Gt Exclusive · od 1004 PLN/mies.,Peugeot Nowe 308 SW Gt Exclusive · Rata od 1004 PLN netto/mies. · Leasing B2B · Warszawa · Sprawdź ofertę!,https://sklep.peugeot.pl/produkt/nowe-308-sw/vr3frhpy2ty580852/,https://raw.githubusercontent.com/Andy11001/-alfa-inventory/master/data/images/VR3FRHPY2TY580852_clean.webp,Peugeot,Nowe 308 SW,2025,0,KM,Wagon,Niebieski Ingaro,New,140008 PLN,PLN,"{""addr1"": ""AL. KRAKOWSKA 206"", ""city"": ""WARSZAWA"", ""region"": ""MAZOWIECKIE"", ""country"": ""PL""}",52.2084,20.9412,LEASE,1004 PLN,per month,Hybrid,Automatic,FWD
VR3KAHPY5TS172841,3008 Allure · od 960 PLN/mies.,Peugeot 3008 Allure · Rata od 960 PLN netto/mies. · Leasing B2B · Zielona Góra · Sprawdź ofertę!,https://sklep.peugeot.pl/produkt/3008/vr3kahpy5ts172841/,https://raw.githubusercontent.com/Andy11001/-alfa-inventory/master/data/images/VR3KAHPY5TS172841_clean.webp,Peugeot,3008,2025,0,KM,SUV,Niebieski Obsession,New,133850 PLN,PLN,"{""addr1"": ""ZIELONA GÓRA"", ""city"": ""ZIELONA GÓRA"", ""region"": ""MAZOWIECKIE"", ""country"": ""PL""}",,,LEASE,960 PLN,per month,Hybrid,Manual,FWD
VR3USHPY2TJ909974,2008 Allure · od 871 PLN/mies.,Peugeot 2008 Allure · Rata od 871 PLN netto/mies. · Leasing B2B · Warszawa · Sprawdź ofertę!,https://sklep.peugeot.pl/produkt/2008/vr3ushpy2tj909974/,https://raw.githubusercontent.com/Andy11001/-alfa-inventory/master/data/images/VR3USHPY2TJ909974_clean.webp,Peugeot,2008,2025,0,KM,SUV,Niebieski Obsession,New,121275 PLN,PLN,"{""addr1"": ""AL. KRAKOWSKA 206"", ""city"": ""WARSZAWA"", ""region"": ""MAZOWIECKIE"", ""country"": ""PL""}",52.2084,20.9412,LEASE,871 PLN,per month,Hybrid,Automatic,FWD
VR3USHPY4TJ909975,2008 Allure · od 871 PLN/mies.,Peugeot 2008 Allure · Rata od 871 PLN netto/mies. · Leasing B2B · Warszawa · Sprawdź ofertę!,https://sklep.peugeot.pl/produkt/2008/vr3ushpy4tj909975/,https://raw.githubusercontent.com/Andy11001/-alfa-inventory/master/data/images/VR3USHPY4TJ909975_clean.webp,Peugeot,2008,2025,0,KM,SUV,Niebieski Obsession,New,121275 PLN,PLN,"{""addr1"": ""AL. KRAKOWSKA 206"", ""city"": ""WARSZAWA"", ""region"": ""MAZOWIECKIE"", ""country"": ""PL""}",52.2084,20.9412,LEASE,871 PLN,per month,Hybrid,Automatic,FWD
VR3UPHPY9T5154199,208 Gt · od 852 PLN/mies.,Peugeot 208 Gt · Rata od 852 PLN netto/mies. · Leasing B2B · Łódź · Sprawdź ofertę!,https://sklep.peugeot.pl/produkt/208/vr3uphpy9t5154199/,https://raw.githubusercontent.com/Andy11001/-alfa-inventory/master/data/images/VR3UPHPY9T5154199_clean.webp,Peugeot,208,2025,0,KM,Hatchback,Czerwony Elixir,New,118620 PLN,PLN,"{""addr1"": ""UL. OBYWATELSKA 181"", ""city"": ""ŁÓDŹ"", ""region"": ""ŁÓDZKIE"", ""country"": ""PL""}",51.7371,19.4316,LEASE,852 PLN,per month,Hybrid,Automatic,FWD
VR3UPHPX6T4235254,208 Allure · od 733 PLN/mies.,Peugeot 208 Allure · Rata od 733 PLN netto/mies. · Leasing B2B · Sosnowiec · Sprawdź ofertę!,https://sklep.peugeot.pl/produkt/208/vr3uphpx6t4235254/,https://raw.githubusercontent.com/Andy11001/-alfa-inventory/master/data/images/VR3UPHPX6T4235254_clean.webp,Peugeot,208,2025,0,KM,Hatchback,Szary Artense,New,101880 PLN,PLN,"{""addr1"": ""UL. WOJSKA POLSKIEGO 45"", ""city"": ""SOSNOWIEC"", ""region"": ""ŚLĄSKIE"", ""country"": ""PL""}",50.2863,19.1042,LEASE,733 PLN,per month,Hybrid,Automatic,FWD
VR3UPHPX0T4236948,208 Allure · od 722 PLN/mies.,Peugeot 208 Allure · Rata od 722 PLN netto/mies. · Leasing B2B · Warszawa · Sprawdź ofertę!,https://sklep.peugeot.pl/produkt/208/vr3uphpx0t4236948/,https://raw.githubusercontent.com/Andy11001/-alfa-inventory/master/data/images/VR3UPHPX0T4236948_clean.webp,Peugeot,208,2025,0,KM,Hatchback,Czerwony Elixir,New,100260 PLN,PLN,"{""addr1"": ""AL. KRAKOWSKA 206"", ""city"": ""WARSZAWA"", ""region"": ""MAZOWIECKIE"", ""country"": ""PL""}",52.2084,20.9412,LEASE,722 PLN,per month,Hybrid,Automatic,FWD
VR3UPHPV0T5134266,208 Edition · od 538 PLN/mies.,Peugeot 208 Edition · Rata od 538 PLN netto/mies. · Leasing B2B · Piła · Sprawdź ofertę!,https://sklep.peugeot.pl/produkt/208/vr3uphpv0t5134266/,https://raw.githubusercontent.com/Andy11001/-alfa-inventory/master/data/images/VR3UPHPV0T5134266_clean.webp,Peugeot,208,2025,0,KM,Hatchback,Szary Artense,New,74400 PLN,PLN,"{""addr1"": ""UL. WARSZTATOWA 6"", ""city"": ""PIŁA"", ""region"": ""WIELKOPOLSKIE"", ""country"": ""PL""}",53.1510,16.7384,LEASE,538 PLN,per month,Gasoline,Manual,FWD
VR3FPHPY5TY578440,Nowy 408 Gt Exclusive · od 1167 PLN/mies.,Peugeot Nowy 408 Gt Exclusive · Rata od 1167 PLN netto/mies. · Leasing B2B · Piła · Sprawdź ofertę!,https://sklep.peugeot.pl/produkt/nowy-408/vr3fphpy5ty578440/,https://raw.githubusercontent.com/Andy11001/-alfa-inventory/master/data/images/VR3FPHPY5TY578440_clean.webp,Peugeot,Nowy 408,2025,0,KM,SUV,Szary Selenium,New,162976 PLN,PLN,"{""addr1"": ""UL. WARSZTATOWA 6"", ""city"": ""PIŁA"", ""region"": ""WIELKOPOLSKIE"", ""country"": ""PL""}",53.1510,16.7384,LEASE,1167 PLN,per month,Hybrid,Automatic,FWD
VR3FPHPY9TY580272,Nowy 408 Gt Exclusive · od 1149 PLN/mies.,Peugeot Nowy 408 Gt Exclusive · Rata od 1149 PLN netto/mies. · Leasing B2B · Stare Bielice · Sprawdź ofertę!,https://sklep.peugeot.pl/produkt/nowy-408/vr3fphpy9ty580272/,https://raw.githubusercontent.com/Andy11001/-alfa-inventory/master/data/images/VR3FPHPY9TY580272_clean.webp,Peugeot,Nowy 408,2025,0,KM,SUV,Zielony Flare,New,160424 PLN,PLN,"{""addr1"": ""STARE BIELICE"", ""city"": ""STARE BIELICE"", ""region"": ""MAZOWIECKIE"", ""country"": ""PL""}",,,LEASE,1149 PLN,per month,Hybrid,Automatic,FWD
VR3FPHPY5TY580270,Nowy 408 Gt Exclusive · od 1149 PLN/mies.,Peugeot Nowy 408 Gt Exclusive · Rata od 1149 PLN netto/mies. · Leasing B2B · Bydgoszcz · Sprawdź ofertę!,https://sklep.peugeot.pl/produkt/nowy-408/vr3fphpy5ty580270/,https://raw.githubusercontent.com/Andy11001/-alfa-inventory/master/data/images/VR3FPHPY5TY580270_clean.webp,Peugeot,Nowy 408,2025,0,KM,SUV,Zielony Flare,New,160424 PLN,PLN,"{""addr1"": ""UL. FORDOŃSKA 353"", ""city"": ""BYDGOSZCZ"", ""region"": ""KUJAWSKO-POMORSKIE"", ""country"": ""PL""}",53.1235,18.0084,LEASE,1149 PLN,per month,Hybrid,Automatic,FWD
VR3FPHPY9TY577579,Nowy 408 Gt · od 1148 PLN/mies.,Peugeot Nowy 408 Gt · Rata od 1148 PLN netto/mies. · Leasing B2B · Częstochowa · Sprawdź ofertę!,https://sklep.peugeot.pl/produkt/nowy-408/vr3fphpy9ty577579/,https://raw.githubusercontent.com/Andy11001/-alfa-inventory/master/data/images/VR3FPHPY9TY577579_clean.webp,Peugeot,Nowy 408,2025,0,KM,SUV,Szary Selenium,New,160248 PLN,PLN,"{""addr1"": ""CZĘSTOCHOWA"", ""city"": ""CZĘSTOCHOWA"", ""region"": ""MAZOWIECKIE"", ""country"": ""PL""}",,,LEASE,1148 PLN,per month,Hybrid,Automatic,FWD
VR3FPHPY0TY580273,Nowy 408 Gt Exclusive · od 1136 PLN/mies.,Peugeot Nowy 408 Gt Exclusive · Rata od 1136 PLN netto/mies. · Leasing B2B · Kraków · Sprawdź ofertę!,https://sklep.peugeot.pl/produkt/nowy-408/vr3fphpy0ty580273/,https://raw.githubusercontent.com/Andy11001/-alfa-inventory/master/data/images/VR3FPHPY0TY580273_clean.webp,Peugeot,Nowy 408,2025,0,KM,SUV,Czerwony Elixir,New,158664 PLN,PLN,"{""addr1"": ""UL. OPOLSKA 9"", ""city"": ""KRAKÓW"", ""region"": ""MAŁOPOLSKIE"", ""country"": ""PL""}",50.0931,19.9238,LEASE,1136 PLN,per month,Hybrid,Automatic,FWD
VR3FPHPY8TY580263,Nowy 408 Gt Exclusive · od 1133 PLN/mies.,Peugeot Nowy 408 Gt Exclusive · Rata od 1133 PLN netto/mies. · Leasing B2B · Wrocław · Sprawdź ofertę!,https://sklep.peugeot.pl/produkt/nowy-408/vr3fphpy8ty580263/,https://raw.githubusercontent.com/Andy11001/-alfa-inventory/master/data/images/VR3FPHPY8TY580263_clean.webp,Peugeot,Nowy 408,2025,0,KM,SUV,Zielony Flare,New,158136 PLN,PLN,"{""addr1"": ""UL. SZCZECIŃSKA 7"", ""city"": ""WROCŁAW"", ""region"": ""DOLNOŚLĄSKIE"", ""country"": ""PL""}",51.1274,16.9535,LEASE,1133 PLN,per month,Hybrid,Automatic,FWD
VR3FPHPY9TY580966,Nowy 408 Gt · od 1119 PLN/mies.,Peugeot Nowy 408 Gt · Rata od 1119 PLN netto/mies. · Leasing B2B · Elbląg · Sprawdź ofertę!,https://sklep.peugeot.pl/produkt/nowy-408/vr3fphpy9ty580966/,https://raw.githubusercontent.com/Andy11001/-alfa-inventory/master/data/images/VR3FPHPY9TY580966_clean.webp,Peugeot,Nowy 408,2025,0,KM,SUV,Czarny Perla Nera,New,156288 PLN,PLN,"{""addr1"": ""UL. KAZIMIERZOWO 4"", ""city"": ""ELBLĄG"", ""region"": ""WARMIŃSKO-MAZURSKIE"", ""country"": ""PL""}",54.1522,19.4040,LEASE,1119 PLN,per month,Hybrid,Automatic,FWD
VR3KAHPY4TS186018,3008 Allure · od 1066 PLN/mies.,Peugeot 3008 Allure · Rata od 1066 PLN netto/mies. · Leasing B2B · Płock · Sprawdź ofertę!,https://sklep.peugeot.pl/produkt/3008/vr3kahpy4ts186018/,https://raw.githubusercontent.com/Andy11001/-alfa-inventory/master/data/images/VR3KAHPY4TS186018_clean.webp,Peugeot,3008,2025,0,KM,SUV,Szary Artense,New,148770 PLN,PLN,"{""addr1"": ""UL. OTOLIŃSKA 25"", ""city"": ""PŁOCK"", ""region"": ""MAZOWIECKIE"", ""country"": ""PL""}",52.5468,19.7064,LEASE,1066 PLN,per month,Hybrid,Manual,FWD
VR3KAHPY2TS186275,3008 Allure · od 1048 PLN/mies.,Peugeot 3008 Allure · Rata od 1048 PLN netto/mies. · Leasing B2B · Katowice · Sprawdź ofertę!,https://sklep.peugeot.pl/produkt/3008/vr3kahpy2ts186275/,https://raw.githubusercontent.com/Andy11001/-alfa-inventory/master/data/images/VR3KAHPY2TS186275_clean.webp,Peugeot,3008,2025,0,KM,SUV,Niebieski Obsession,New,146290 PLN,PLN,"{""addr1"": ""AL. ROŹDZIEŃSKIEGO 170"", ""city"": ""KATOWICE"", ""region"": ""ŚLĄSKIE"", ""country"": ""PL""}",50.2649,19.0238,LEASE,1048 PLN,per month,Hybrid,Manual,FWD
VR3KAHPY7TS186286,3008 Allure · od 1032 PLN/mies.,Peugeot 3008 Allure · Rata od 1032 PLN netto/mies. · Leasing B2B · Częstochowa · Sprawdź ofertę!,https://sklep.peugeot.pl/produkt/3008/vr3kahpy7ts186286/,https://raw.githubusercontent.com/Andy11001/-alfa-inventory/master/data/images/VR3KAHPY7TS186286_clean.webp,Peugeot,3008,2025,0,KM,SUV,Szary Artense,New,143982 PLN,PLN,"{""addr1"": ""CZĘSTOCHOWA"", ""city"": ""CZĘSTOCHOWA"", ""region"": ""MAZOWIECKIE"", ""country"": ""PL""}",,,LEASE,1032 PLN,per month,Hybrid,Manual,FWD
VR3FPHPY3TY580199,Nowy 408 Business · od 1021 PLN/mies.,Peugeot Nowy 408 Business · Rata od 1021 PLN netto/mies. · Leasing B2B · Grębów · Sprawdź ofertę!,https://sklep.peugeot.pl/produkt/nowy-408/vr3fphpy3ty580199/,https://raw.githubusercontent.com/Andy11001/-alfa-inventory/master/data/images/VR3FPHPY3TY580199_clean.webp,Peugeot,Nowy 408,2025,0,KM,SUV,Zielony Flare,New,142384 PLN,PLN,"{""addr1"": ""GRĘBÓW"", ""city"": ""GRĘBÓW"", ""region"": ""MAZOWIECKIE"", ""country"": ""PL""}",,,LEASE,1021 PLN,per month,Hybrid,Automatic,FWD
VR3UPHPX9T4235488,208 Allure · od 751 PLN/mies.,Peugeot 208 Allure · Rata od 751 PLN netto/mies. · Leasing B2B · Gdańsk · Sprawdź ofertę!,https://sklep.peugeot.pl/produkt/208/vr3uphpx9t4235488/,https://raw.githubusercontent.com/Andy11001/-alfa-inventory/master/data/images/VR3UPHPX9T4235488_clean.webp,Peugeot,208,2025,0,KM,Hatchback,Czerwony Elixir,New,104400 PLN,PLN,"{""addr1"": ""AL. GRUNWALDZKA 256"", ""city"": ""GDAŃSK"", ""region"": ""POMORSKIE"", ""country"": ""PL""}",54.4022,18.5714,LEASE,751 PLN,per month,Hybrid,Automatic,FWD
VR3UPHPXXT4235595,208 Allure · od 733 PLN/mies.,Peugeot 208 Allure · Rata od 733 PLN netto/mies. · Leasing B2B · Gdańsk · Sprawdź ofertę!,https://sklep.peugeot.pl/produkt/208/vr3uphpxxt4235595/,https://raw.githubusercontent.com/Andy11001/-alfa-inventory/master/data/images/VR3UPHPXXT4235595_clean.webp,Peugeot,208,2025,0,KM,Hatchback,Szary Selenium,New,101880 PLN,PLN,"{""addr1"": ""AL. GRUNWALDZKA 256"", ""city"": ""GDAŃSK"", ""region"": ""POMORSKIE"", ""country"": ""PL""}",54.4022,18.5714,LEASE,733 PLN,per month,Hybrid,Automatic,FWD
VR3UPHPV1T5092934,208 Edition · od 538 PLN/mies.,Peugeot 208 Edition · Rata od 538 PLN netto/mies. · Leasing B2B · Bydgoszcz · Sprawdź ofertę!,https://sklep.peugeot.pl/produkt/208/vr3uphpv1t5092934/,https://raw.githubusercontent.com/Andy11001/-alfa-inventory/master/data/images/VR3UPHPV1T5092934_clean.jpg,Peugeot,208,2025,0,KM,Hatchback,Szary Artense,New,74400 PLN,PLN,"{""addr1"": ""UL. FORDOŃSKA 353"", ""city"": ""BYDGOSZCZ"", ""region"": ""KUJAWSKO-POMORSKIE"", ""country"": ""PL""}",53.1235,18.0084,LEASE,538 PLN,per month,Gasoline,Manual,FWD
VR3FPHPY6TY580259,Nowy 408 Gt Exclusive · od 1171 PLN/mies.,Peugeot Nowy 408 Gt Exclusive · Rata od 1171 PLN netto/mies. · Leasing B2B · Opole · Sprawdź ofertę!,https://sklep.peugeot.pl/produkt/nowy-408/vr3fphpy6ty580259/,https://raw.githubusercontent.com/Andy11001/-alfa-inventory/master/data/images/VR3FPHPY6TY580259_clean.webp,Peugeot,Nowy 408,2025,0,KM,SUV,Czerwony Elixir,New,163504 PLN,PLN,"{""addr1"": ""UL. WROCŁAWSKA 137"", ""city"": ""OPOLE"", ""region"": ""OPOLSKIE"", ""country"": ""PL""}",50.6751,17.9213,LEASE,1171 PLN,per month,Hybrid,Automatic,FWD
VR3FPHPY9TY580207,Nowy 408 Gt Exclusive · od 1167 PLN/mies.,Peugeot Nowy 408 Gt Exclusive · Rata od 1167 PLN netto/mies. · Leasing B2B · Białystok · Sprawdź ofertę!,https://sklep.peugeot.pl/produkt/nowy-408/vr3fphpy9ty580207/,https://raw.githubusercontent.com/Andy11001/-alfa-inventory/master/data/images/VR3FPHPY9TY580207_clean.webp,Peugeot,Nowy 408,2025,0,KM,SUV,Szary Selenium,New,162976 PLN,PLN,"{""addr1"": ""UL. ELEWATORSKA 60"", ""city"": ""BIAŁYSTOK"", ""region"": ""PODLASKIE"", ""country"": ""PL""}",53.1325,23.1688,LEASE,1167 PLN,per month,Hybrid,Automatic,FWD
VR3FPHPY7TY570940,Nowy 408 Gt Exclusive · od 1167 PLN/mies.,Peugeot Nowy 408 Gt Exclusive · Rata od 1167 PLN netto/mies. · Leasing B2B · Grębów · Sprawdź ofertę!,https://sklep.peugeot.pl/produkt/nowy-408/vr3fphpy7ty570940/,https://raw.githubusercontent.com/Andy11001/-alfa-inventory/master/data/images/VR3FPHPY7TY570940_clean.webp,Peugeot,Nowy 408,2025,0,KM,SUV,Bialy Okenite,New,162976 PLN,PLN,"{""addr1"": ""GRĘBÓW"", ""city"": ""GRĘBÓW"", ""region"": ""MAZOWIECKIE"", ""country"": ""PL""}",,,LEASE,1167 PLN,per month,Hybrid,Automatic,FWD
VR3FPHPY0TY580239,Nowy 408 Gt Exclusive · od 1167 PLN/mies.,Peugeot Nowy 408 Gt Exclusive · Rata od 1167 PLN netto/mies. · Leasing B2B · Zielona Góra · Sprawdź ofertę!,https://sklep.peugeot.pl/produkt/nowy-408/vr3fphpy0ty580239/,https://raw.githubusercontent.com/Andy11001/-alfa-inventory/master/data/images/VR3FPHPY0TY580239_clean.webp,Peugeot,Nowy 408,2025,0,KM,SUV,Bialy Okenite,New,162976 PLN,PLN,"{""addr1"": ""ZIELONA GÓRA"", ""city"": ""ZIELONA GÓRA"", ""region"": ""MAZOWIECKIE"", ""country"": ""PL""}",,,LEASE,1167 PLN,per month,Hybrid,Automatic,FWD
VR3FPHPY0TY580208,Nowy 408 Gt Exclusive · od 1167 PLN/mies.,Peugeot Nowy 408 Gt Exclusive · Rata od 1167 PLN netto/mies. · Leasing B2B · Poznań · Sprawdź ofertę!,https://sklep.peugeot.pl/produkt/nowy-408/vr3fphpy0ty580208/,https://raw.githubusercontent.com/Andy11001/-alfa-inventory/master/data/images/VR3FPHPY0TY580208_clean.webp,Peugeot,Nowy 408,2025,0,KM,SUV,Szary Selenium,New,162976 PLN,PLN,"{""addr1"": ""UL. BOLESŁAWA KRZYWOUSTEGO 71"", ""city"": ""POZNAŃ"", ""region"": ""WIELKOPOLSKIE"", ""country"": ""PL""}",52.3787,17.0270,LEASE,1167 PLN,per month,Hybrid,Automatic,FWD
VR3FPHPY9TY580269,Nowy 408 Gt Exclusive · od 1149 PLN/mies.,Peugeot Nowy 408 Gt Exclusive · Rata od 1149 PLN netto/mies. · Leasing B2B · Płock · Sprawdź ofertę!,https://sklep.peugeot.pl/produkt/nowy-408/vr3fphpy9ty580269/,https://raw.githubusercontent.com/Andy11001/-alfa-inventory/master/data/images/VR3FPHPY9TY580269_clean.webp,Peugeot,Nowy 408,2025,0,KM,SUV,Zielony Flare,New,160424 PLN,PLN,"{""addr1"": ""UL. OTOLIŃSKA 25"", ""city"": ""PŁOCK"", ""region"": ""MAZOWIECKIE"", ""country"": ""PL""}",52.5468,19.7064,LEASE,1149 PLN,per month,Hybrid,Automatic,FWD
VR3FPHPY8TY580229,Nowy 408 Gt Exclusive · od 1133 PLN/mies.,Peugeot Nowy 408 Gt Exclusive · Rata od 1133 PLN netto/mies. · Leasing B2B · Płock · Sprawdź ofertę!,https://sklep.peugeot.pl/produkt/nowy-408/vr3fphpy8ty580229/,https://raw.githubusercontent.com/Andy11001/-alfa-inventory/master/data/images/VR3FPHPY8TY580229_clean.webp,Peugeot,Nowy 408,2025,0,KM,SUV,Szary Selenium,New,158136 PLN,PLN,"{""addr1"": ""UL. OTOLIŃSKA 25"", ""city"": ""PŁOCK"", ""region"": ""MAZOWIECKIE"", ""country"": ""PL""}",52.5468,19.7064,LEASE,1133 PLN,per month,Hybrid,Automatic,FWD
VR3FPHPY2TY580162,Nowy 408 Gt Exclusive · od 1133 PLN/mies.,Peugeot Nowy 408 Gt Exclusive · Rata od 1133 PLN netto/mies. · Leasing B2B · Elbląg · Sprawdź ofertę!,https://sklep.peugeot.pl/produkt/nowy-408/vr3fphpy2ty580162/,https://raw.githubusercontent.com/Andy11001/-alfa-inventory/master/data/images/VR3FPHPY2TY580162_clean.webp,Peugeot,Nowy 408,2025,0,KM,SUV,Szary Selenium,New,158136 PLN,PLN,"{""addr1"": ""UL. KAZIMIERZOWO 4"", ""city"": ""ELBLĄG"", ""region"": ""WARMIŃSKO-MAZURSKIE"", ""country"": ""PL""}",54.1522,19.4040,LEASE,1133 PLN,per month,Hybrid,Automatic,FWD
VR3FPHPY4TY580163,Nowy 408 Gt Exclusive · od 1133 PLN/mies.,Peugeot Nowy 408 Gt Exclusive · Rata od 1133 PLN netto/mies. · Leasing B2B · Elbląg · Sprawdź ofertę!,https://sklep.peugeot.pl/produkt/nowy-408/vr3fphpy4ty580163/,https://raw.githubusercontent.com/Andy11001/-alfa-inventory/master/data/images/VR3FPHPY4TY580163_clean.webp,Peugeot,Nowy 408,2025,0,KM,SUV,Szary Selenium,New,158136 PLN,PLN,"{""addr1"": ""UL. KAZIMIERZOWO 4"", ""city"": ""ELBLĄG"", ""region"": ""WARMIŃSKO-MAZURSKIE"", ""country"": ""PL""}",54.1522,19.4040,LEASE,1133 PLN,per month,Hybrid,Automatic,FWD
VR3FPHPY6TY580228,Nowy 408 Gt Exclusive · od 1133 PLN/mies.,Peugeot Nowy 408 Gt Exclusive · Rata od 1133 PLN netto/mies. · Leasing B2B · Poznań · Sprawdź ofertę!,https://sklep.peugeot.pl/produkt/nowy-408/vr3fphpy6ty580228/,https://raw.githubusercontent.com/Andy11001/-alfa-inventory/master/data/images/VR3FPHPY6TY580228_clean.webp,Peugeot,Nowy 408,2025,0,KM,SUV,Szary Selenium,New,158136 PLN,PLN,"{""addr1"": ""UL. BOLESŁAWA KRZYWOUSTEGO 71"", ""city"": ""POZNAŃ"", ""region"": ""WIELKOPOLSKIE"", ""country"": ""PL""}",52.3787,17.0270,LEASE,1133 PLN,per month,Hybrid,Automatic,FWD
VR3FPHPY6TY580164,Nowy 408 Gt Exclusive · od 1133 PLN/mies.,Peugeot Nowy 408 Gt Exclusive · Rata od 1133 PLN netto/mies. · Leasing B2B · Wieliczka · Sprawdź ofertę!,https://sklep.peugeot.pl/produkt/nowy-408/vr3fphpy6ty580164/,https://raw.githubusercontent.com/Andy11001/-alfa-inventory/master/data/images/VR3FPHPY6TY580164_clean.webp,Peugeot,Nowy 408,2025,0,KM,SUV,Szary Selenium,New,158136 PLN,PLN,"{""addr1"": ""WIELICZKA"", ""city"": ""WIELICZKA"", ""region"": ""MAZOWIECKIE"", ""country"": ""PL""}",,,LEASE,1133 PLN,per month,Hybrid,Automatic,FWD
VR3FPHPY7TY577628,Nowy 408 Gt · od 1119 PLN/mies.,Peugeot Nowy 408 Gt · Rata od 1119 PLN netto/mies. · Leasing B2B · Warszawa · Sprawdź ofertę!,https://sklep.peugeot.pl/produkt/nowy-408/vr3fphpy7ty577628/,https://raw.githubusercontent.com/Andy11001/-alfa-inventory/master/data/images/VR3FPHPY7TY577628_clean.webp,Peugeot,Nowy 408,2025,0,KM,SUV,Czarny Perla Nera,New,156288 PLN,PLN,"{""addr1"": ""AL. KRAKOWSKA 206"", ""city"": ""WARSZAWA"", ""region"": ""MAZOWIECKIE"", ""country"": ""PL""}",52.2084,20.9412,LEASE,1119 PLN,per month,Hybrid,Automatic,FWD
VR3FPHPY3TY572653,Nowy 408 Gt · od 1119 PLN/mies.,Peugeot Nowy 408 Gt · Rata od 1119 PLN netto/mies. · Leasing B2B · Grębów · Sprawdź ofertę!,https://sklep.peugeot.pl/produkt/nowy-408/vr3fphpy3ty572653/,https://raw.githubusercontent.com/Andy11001/-alfa-inventory/master/data/images/VR3FPHPY3TY572653_clean.webp,Peugeot,Nowy 408,2025,0,KM,SUV,Czarny Perla Nera,New,156288 PLN,PLN,"{""addr1"": ""GRĘBÓW"", ""city"": ""GRĘBÓW"", ""region"": ""MAZOWIECKIE"", ""country"": ""PL""}",,,LEASE,1119 PLN,per month,Hybrid,Automatic,FWD
VR3FPHPY0TY580192,Nowy 408 Gt Exclusive · od 1114 PLN/mies.,Peugeot Nowy 408 Gt Exclusive · Rata od 1114 PLN netto/mies. · Leasing B2B · Słupsk · Sprawdź ofertę!,https://sklep.peugeot.pl/produkt/nowy-408/vr3fphpy0ty580192/,https://raw.githubusercontent.com/Andy11001/-alfa-inventory/master/data/images/VR3FPHPY0TY580192_clean.webp,Peugeot,Nowy 408,2025,0,KM,SUV,Zielony Flare,New,155584 PLN,PLN,"{""addr1"": ""SŁUPSK"", ""city"": ""SŁUPSK"", ""region"": ""MAZOWIECKIE"", ""country"": ""PL""}",,,LEASE,1114 PLN,per month,Hybrid,Automatic,FWD
VR3FPHPY0TY580189,Nowy 408 Gt Exclusive · od 1114 PLN/mies.,Peugeot Nowy 408 Gt Exclusive · Rata od 1114 PLN netto/mies. · Leasing B2B · Poznań · Sprawdź ofertę!,https://sklep.peugeot.pl/produkt/nowy-408/vr3fphpy0ty580189/,https://raw.githubusercontent.com/Andy11001/-alfa-inventory/master/data/images/VR3FPHPY0TY580189_clean.webp,Peugeot,Nowy 408,2025,0,KM,SUV,Zielony Flare,New,155584 PLN,PLN,"{""addr1"": ""UL. BOLESŁAWA KRZYWOUSTEGO 71"", ""city"": ""POZNAŃ"", ""region"": ""WIELKOPOLSKIE"", ""country"": ""PL""}",52.3787,17.0270,LEASE,1114 PLN,per month,Hybrid,Automatic,FWD
VR3FPHPY2TY580193,Nowy 408 Gt Exclusive · od 1114 PLN/mies.,Peugeot Nowy 408 Gt Exclusive · Rata od 1114 PLN netto/mies. · Leasing B2B · Warszawa · Sprawdź ofertę!,https://sklep.peugeot.pl/produkt/nowy-408/vr3fphpy2ty580193/,https://raw.githubusercontent.com/Andy11001/-alfa-inventory/master/data/images/VR3FPHPY2TY580193_clean.webp,Peugeot,Nowy 408,2025,0,KM,SUV,Zielony Flare,New,155584 PLN,PLN,"{""addr1"": ""AL. KRAKOWSKA 206"", ""city"": ""WARSZAWA"", ""region"": ""MAZOWIECKIE"", ""country"": ""PL""}",52.2084,20.9412,LEASE,1114 PLN,per month,Hybrid,Automatic,FWD
VR3FCYHZ0TY580406,Nowe 308 SW Gt Exclusive · od 1025 PLN/mies.,Peugeot Nowe 308 SW Gt Exclusive · Rata od 1025 PLN netto/mies. · Leasing B2B · Gorzów Wielkopolski · Sprawdź ofertę!,https://sklep.peugeot.pl/produkt/nowe-308-sw/vr3fcyhz0ty580406/,https://raw.githubusercontent.com/Andy11001/-alfa-inventory/master/data/images/VR3FCYHZ0TY580406_clean.webp,Peugeot,Nowe 308 SW,2025,0,KM,Wagon,Szary Selenium,New,143018 PLN,PLN,"{""addr1"": ""GORZÓW WIELKOPOLSKI"", ""city"": ""GORZÓW WIELKOPOLSKI"", ""region"": ""MAZOWIECKIE"", ""country"": ""PL""}",,,LEASE,1025 PLN,per month,Diesel,Automatic,FWD
VR3FCYHZ6TY580376,Nowe 308 SW Gt Exclusive · od 1025 PLN/mies.,Peugeot Nowe 308 SW Gt Exclusive · Rata od 1025 PLN netto/mies. · Leasing B2B · Łódź · Sprawdź ofertę!,https://sklep.peugeot.pl/produkt/nowe-308-sw/vr3fcyhz6ty580376/,https://raw.githubusercontent.com/Andy11001/-alfa-inventory/master/data/images/VR3FCYHZ6TY580376_clean.webp,Peugeot,Nowe 308 SW,2025,0,KM,Wagon,Bialy Okenite,New,143018 PLN,PLN,"{""addr1"": ""UL. OBYWATELSKA 181"", ""city"": ""ŁÓDŹ"", ""region"": ""ŁÓDZKIE"", ""country"": ""PL""}",51.7371,19.4316,LEASE,1025 PLN,per month,Diesel,Automatic,FWD
VR3FRHPY3TY580293,Nowe 308 SW Gt Exclusive · od 1022 PLN/mies.,Peugeot Nowe 308 SW Gt Exclusive · Rata od 1022 PLN netto/mies. · Leasing B2B · Gorzów Wielkopolski · Sprawdź ofertę!,https://sklep.peugeot.pl/produkt/nowe-308-sw/vr3frhpy3ty580293/,https://raw.githubusercontent.com/Andy11001/-alfa-inventory/master/data/images/VR3FRHPY3TY580293_clean.webp,Peugeot,Nowe 308 SW,2025,0,KM,Wagon,Czarny Perla Nera,New,142502 PLN,PLN,"{""addr1"": ""GORZÓW WIELKOPOLSKI"", ""city"": ""GORZÓW WIELKOPOLSKI"", ""region"": ""MAZOWIECKIE"", ""country"": ""PL""}",,,LEASE,1022 PLN,per month,Hybrid,Automatic,FWD
VR3KAHPY3TS186317,3008 Allure · od 1009 PLN/mies.,Peugeot 3008 Allure · Rata od 1009 PLN netto/mies. · Leasing B2B · Kalisz · Sprawdź ofertę!,https://sklep.peugeot.pl/produkt/3008/vr3kahpy3ts186317/,https://raw.githubusercontent.com/Andy11001/-alfa-inventory/master/data/images/VR3KAHPY3TS186317_clean.webp,Peugeot,3008,2025,0,KM,SUV,Niebieski Obsession,New,140776 PLN,PLN,"{""addr1"": ""UL. CZĘSTOCHOWSKA 144"", ""city"": ""KALISZ"", ""region"": ""WIELKOPOLSKIE"", ""country"": ""PL""}",51.7612,18.0929,LEASE,1009 PLN,per month,Hybrid,Manual,FWD
VR3FPHPY3TY575536,Nowy 408 Allure · od 1035 PLN/mies.,Peugeot Nowy 408 Allure · Rata od 1035 PLN netto/mies. · Leasing B2B · Częstochowa · Sprawdź ofertę!,https://sklep.peugeot.pl/produkt/nowy-408/vr3fphpy3ty575536/,https://raw.githubusercontent.com/Andy11001/-alfa-inventory/master/data/images/VR3FPHPY3TY575536_clean.webp,Peugeot,Nowy 408,2025,0,KM,SUV,Szary Selenium,New,144408 PLN,PLN,"{""addr1"": ""CZĘSTOCHOWA"", ""city"": ""CZĘSTOCHOWA"", ""region"": ""MAZOWIECKIE"", ""country"": ""PL""}",,,LEASE,1035 PLN,per month,Hybrid,Automatic,FWD
VR3FPHPY1TY580217,Nowy 408 Business · od 1026 PLN/mies.,Peugeot Nowy 408 Business · Rata od 1026 PLN netto/mies. · Leasing B2B · Bydgoszcz · Sprawdź ofertę!,https://sklep.peugeot.pl/produkt/nowy-408/vr3fphpy1ty580217/,https://raw.githubusercontent.com/Andy11001/-alfa-inventory/master/data/images/VR3FPHPY1TY580217_clean.webp,Peugeot,Nowy 408,2025,0,KM,SUV,Szary Selenium,New,143176 PLN,PLN,"{""addr1"": ""UL. FORDOŃSKA 353"", ""city"": ""BYDGOSZCZ"", ""region"": ""KUJAWSKO-POMORSKIE"", ""country"": ""PL""}",53.1235,18.0084,LEASE,1026 PLN,per month,Hybrid,Automatic,FWD
VR3FPHPY6TY580200,Nowy 408 Business · od 1021 PLN/mies.,Peugeot Nowy 408 Business · Rata od 1021 PLN netto/mies. · Leasing B2B · Grębów · Sprawdź ofertę!,https://sklep.peugeot.pl/produkt/nowy-408/vr3fphpy6ty580200/,https://raw.githubusercontent.com/Andy11001/-alfa-inventory/master/data/images/VR3FPHPY6TY580200_clean.webp,Peugeot,Nowy 408,2025,0,KM,SUV,Zielony Flare,New,142384 PLN,PLN,"{""addr1"": ""GRĘBÓW"", ""city"": ""GRĘBÓW"", ""region"": ""MAZOWIECKIE"", ""country"": ""PL""}",,,LEASE,1021 PLN,per month,Hybrid,Automatic,FWD
VR3FPHPY8TY580201,Nowy 408 Business · od 1021 PLN/mies.,Peugeot Nowy 408 Business · Rata od 1021 PLN netto/mies. · Leasing B2B · Kraków · Sprawdź ofertę!,https://sklep.peugeot.pl/produkt/nowy-408/vr3fphpy8ty580201/,https://raw.githubusercontent.com/Andy11001/-alfa-inventory/master/data/images/VR3FPHPY8TY580201_clean.webp,Peugeot,Nowy 408,2025,0,KM,SUV,Zielony Flare,New,142384 PLN,PLN,"{""addr1"": ""UL. OPOLSKA 9"", ""city"": ""KRAKÓW"", ""region"": ""MAŁOPOLSKIE"", ""country"": ""PL""}",50.0931,19.9238,LEASE,1021 PLN,per month,Hybrid,Automatic,FWD
VR3FPHPY1TY580007,Nowe 308 Allure · od 867 PLN/mies.,Peugeot Nowe 308 Allure · Rata od 867 PLN netto/mies. · Leasing B2B · Grębów · Sprawdź ofertę!,https://sklep.peugeot.pl/produkt/nowe-308/vr3fphpy1ty580007/,https://raw.githubusercontent.com/Andy11001/-alfa-inventory/master/data/images/VR3FPHPY1TY580007_clean.webp,Peugeot,Nowe 308,2025,0,KM,Hatchback,Niebieski Lagoa,New,120701 PLN,PLN,"{""addr1"": ""GRĘBÓW"", ""city"": ""GRĘBÓW"", ""region"": ""MAZOWIECKIE"", ""country"": ""PL""}",,,LEASE,867 PLN,per month,Hybrid,Automatic,FWD
VR3USHPX2TJ907214,2008 Edition · od 779 PLN/mies.,Peugeot 2008 Edition · Rata od 779 PLN netto/mies. · Leasing B2B · Opole · Sprawdź ofertę!,https://sklep.peugeot.pl/produkt/2008/vr3ushpx2tj907214/,https://raw.githubusercontent.com/Andy11001/-alfa-inventory/master/data/images/VR3USHPX2TJ907214_clean.webp,Peugeot,2008,2025,0,KM,SUV,Niebieski Obsession,New,108400 PLN,PLN,"{""addr1"": ""UL. WROCŁAWSKA 137"", ""city"": ""OPOLE"", ""region"": ""OPOLSKIE"", ""country"": ""PL""}",50.6751,17.9213,LEASE,779 PLN,per month,Hybrid,Automatic,FWD
VR3USHPX0TJ907213,2008 Edition · od 779 PLN/mies.,Peugeot 2008 Edition · Rata od 779 PLN netto/mies. · Leasing B2B · Kraków · Sprawdź ofertę!,https://sklep.peugeot.pl/produkt/2008/vr3ushpx0tj907213/,https://raw.githubusercontent.com/Andy11001/-alfa-inventory/master/data/images/VR3USHPX0TJ907213_clean.webp,Peugeot,2008,2025,0,KM,SUV,Niebieski Obsession,New,108400 PLN,PLN,"{""addr1"": ""UL. OPOLSKA 9"", ""city"": ""KRAKÓW"", ""region"": ""MAŁOPOLSKIE"", ""country"": ""PL""}",50.0931,19.9238,LEASE,779 PLN,per month,Hybrid,Automatic,FWD
VR3UPHPX1T5134164,208 Business · od 646 PLN/mies.,Peugeot 208 Business · Rata od 646 PLN netto/mies. · Leasing B2B · Kraków · Sprawdź ofertę!,https://sklep.peugeot.pl/produkt/208/vr3uphpx1t5134164/,https://raw.githubusercontent.com/Andy11001/-alfa-inventory/master/data/images/VR3UPHPX1T5134164_clean.webp,Peugeot,208,2025,0,KM,Hatchback,Szary Artense,New,89550 PLN,PLN,"{""addr1"": ""UL. OPOLSKA 9"", ""city"": ""KRAKÓW"", ""region"": ""MAŁOPOLSKIE"", ""country"": ""PL""}",50.0931,19.9238,LEASE,646 PLN,per month,Hybrid,Automatic,FWD
VR3UPHPX1T5118840,208 Edition · od 631 PLN/mies.,Peugeot 208 Edition · Rata od 631 PLN netto/mies. · Leasing B2B · Zielona Góra · Sprawdź ofertę!,https://sklep.peugeot.pl/produkt/208/vr3uphpx1t5118840/,https://raw.githubusercontent.com/Andy11001/-alfa-inventory/master/data/images/VR3UPHPX1T5118840_clean.webp,Peugeot,208,2025,0,KM,Hatchback,Bialy Okenite,New,87500 PLN,PLN,"{""addr1"": ""ZIELONA GÓRA"", ""city"": ""ZIELONA GÓRA"", ""region"": ""MAZOWIECKIE"", ""country"": ""PL""}",,,LEASE,631 PLN,per month,Hybrid,Automatic,FWD
VR3KAHPY6TS186439,3008 Gt · od 1131 PLN/mies.,Peugeot 3008 Gt · Rata od 1131 PLN netto/mies. · Leasing B2B · Białystok · Sprawdź ofertę!,https://sklep.peugeot.pl/produkt/3008/vr3kahpy6ts186439/,https://raw.githubusercontent.com/Andy11001/-alfa-inventory/master/data/images/VR3KAHPY6TS186439_clean.webp,Peugeot,3008,2025,0,KM,SUV,Bialy Okenite,New,157961 PLN,PLN,"{""addr1"": ""UL. ELEWATORSKA 60"", ""city"": ""BIAŁYSTOK"", ""region"": ""PODLASKIE"", ""country"": ""PL""}",53.1325,23.1688,LEASE,1131 PLN,per month,Hybrid,Manual,FWD
VR3FPHPY9TY572642,Nowy 408 Gt · od 1122 PLN/mies.,Peugeot Nowy 408 Gt · Rata od 1122 PLN netto/mies. · Leasing B2B · Katowice · Sprawdź ofertę!,https://sklep.peugeot.pl/produkt/nowy-408/vr3fphpy9ty572642/,,Peugeot,Nowy 408,2025,0,KM,SUV,Szary Selenium,New,156700 PLN,PLN,"{""addr1"": ""AL. ROŹDZIEŃSKIEGO 170"", ""city"": ""KATOWICE"", ""region"": ""ŚLĄSKIE"", ""country"": ""PL""}",50.2649,19.0238,LEASE,1122 PLN,per month,Hybrid,Automatic,FWD
VR3FPHPYXTY575100,Nowy 408 Gt Exclusive · od 1133 PLN/mies.,Peugeot Nowy 408 Gt Exclusive · Rata od 1133 PLN netto/mies. · Leasing B2B · Leszno · Sprawdź ofertę!,https://sklep.peugeot.pl/produkt/nowy-408/vr3fphpyxty575100/,https://raw.githubusercontent.com/Andy11001/-alfa-inventory/master/data/images/VR3FPHPYXTY575100_clean.webp,Peugeot,Nowy 408,2025,0,KM,SUV,Szary Selenium,New,158136 PLN,PLN,"{""addr1"": ""UL. OKRZEI 12"", ""city"": ""LESZNO"", ""region"": ""WIELKOPOLSKIE"", ""country"": ""PL""}",51.8432,16.5751,LEASE,1133 PLN,per month,Hybrid,Automatic,FWD
VR3FPHPY0TY578507,Nowy 408 Gt Exclusive · od 1133 PLN/mies.,Peugeot Nowy 408 Gt Exclusive · Rata od 1133 PLN netto/mies. · Leasing B2B · Gliwice · Sprawdź ofertę!,https://sklep.peugeot.pl/produkt/nowy-408/vr3fphpy0ty578507/,https://raw.githubusercontent.com/Andy11001/-alfa-inventory/master/data/images/VR3FPHPY0TY578507_clean.webp,Peugeot,Nowy 408,2025,0,KM,SUV,Szary Selenium,New,158136 PLN,PLN,"{""addr1"": ""UL. TOSZECKA 101"", ""city"": ""GLIWICE"", ""region"": ""ŚLĄSKIE"", ""country"": ""PL""}",50.2945,18.6714,LEASE,1133 PLN,per month,Hybrid,Automatic,FWD
VR3FPHPY6TY579760,Nowy 408 Gt Exclusive · od 1114 PLN/mies.,Peugeot Nowy 408 Gt Exclusive · Rata od 1114 PLN netto/mies. · Leasing B2B · Warszawa · Sprawdź ofertę!,https://sklep.peugeot.pl/produkt/nowy-408/vr3fphpy6ty579760/,https://raw.githubusercontent.com/Andy11001/-alfa-inventory/master/data/images/VR3FPHPY6TY579760_clean.webp,Peugeot,Nowy 408,2025,0,KM,SUV,Zielony Flare,New,155584 PLN,PLN,"{""addr1"": ""AL. KRAKOWSKA 206"", ""city"": ""WARSZAWA"", ""region"": ""MAZOWIECKIE"", ""country"": ""PL""}",52.2084,20.9412,LEASE,1114 PLN,per month,Hybrid,Automatic,FWD
VR3FPHPY0TY570925,Nowy 408 Gt Exclusive · od 1114 PLN/mies.,Peugeot Nowy 408 Gt Exclusive · Rata od 1114 PLN netto/mies. · Leasing B2B · Warszawa · Sprawdź ofertę!,https://sklep.peugeot.pl/produkt/nowy-408/vr3fphpy0ty570925/,https://raw.githubusercontent.com/Andy11001/-alfa-inventory/master/data/images/VR3FPHPY0TY570925_clean.webp,Peugeot,Nowy 408,2025,0,KM,SUV,Zielony Flare,New,155584 PLN,PLN,"{""addr1"": ""AL. KRAKOWSKA 206"", ""city"": ""WARSZAWA"", ""region"": ""MAZOWIECKIE"", ""country"": ""PL""}",52.2084,20.9412,LEASE,1114 PLN,per month,Hybrid,Automatic,FWD
VR3FPHPY6TY571836,Nowy 408 Gt Exclusive · od 1114 PLN/mies.,Peugeot Nowy 408 Gt Exclusive · Rata od 1114 PLN netto/mies. · Leasing B2B · Warszawa · Sprawdź ofertę!,https://sklep.peugeot.pl/produkt/nowy-408/vr3fphpy6ty571836/,https://raw.githubusercontent.com/Andy11001/-alfa-inventory/master/data/images/VR3FPHPY6TY571836_clean.webp,Peugeot,Nowy 408,2025,0,KM,SUV,Zielony Flare,New,155584 PLN,PLN,"{""addr1"": ""AL. KRAKOWSKA 206"", ""city"": ""WARSZAWA"", ""region"": ""MAZOWIECKIE"", ""country"": ""PL""}",52.2084,20.9412,LEASE,1114 PLN,per month,Hybrid,Automatic,FWD
VR3FPHPY6TY570928,Nowy 408 Gt Exclusive · od 1114 PLN/mies.,Peugeot Nowy 408 Gt Exclusive · Rata od 1114 PLN netto/mies. · Leasing B2B · Bielsko-Biała · Sprawdź ofertę!,https://sklep.peugeot.pl/produkt/nowy-408/vr3fphpy6ty570928/,https://raw.githubusercontent.com/Andy11001/-alfa-inventory/master/data/images/VR3FPHPY6TY570928_clean.webp,Peugeot,Nowy 408,2025,0,KM,SUV,Zielony Flare,New,155584 PLN,PLN,"{""addr1"": ""UL. WARSZAWSKA 15"", ""city"": ""BIELSKO-BIAŁA"", ""region"": ""ŚLĄSKIE"", ""country"": ""PL""}",49.8225,19.0444,LEASE,1114 PLN,per month,Hybrid,Automatic,FWD
VR3FPHPY8TY579761,Nowy 408 Gt Exclusive · od 1114 PLN/mies.,Peugeot Nowy 408 Gt Exclusive · Rata od 1114 PLN netto/mies. · Leasing B2B · Szczecin · Sprawdź ofertę!,https://sklep.peugeot.pl/produkt/nowy-408/vr3fphpy8ty579761/,https://raw.githubusercontent.com/Andy11001/-alfa-inventory/master/data/images/VR3FPHPY8TY579761_clean.webp,Peugeot,Nowy 408,2025,0,KM,SUV,Zielony Flare,New,155584 PLN,PLN,"{""addr1"": ""UL. STRUGA 1B"", ""city"": ""SZCZECIN"", ""region"": ""ZACHODNIOPOMORSKIE"", ""country"": ""PL""}",53.3891,14.6543,LEASE,1114 PLN,per month,Hybrid,Automatic,FWD
VR3FPHPY6TY572629,Nowy 408 Gt Exclusive · od 1114 PLN/mies.,Peugeot Nowy 408 Gt Exclusive · Rata od 1114 PLN netto/mies. · Leasing B2B · Gdańsk · Sprawdź ofertę!,https://sklep.peugeot.pl/produkt/nowy-408/vr3fphpy6ty572629/,https://raw.githubusercontent.com/Andy11001/-alfa-inventory/master/data/images/VR3FPHPY6TY572629_clean.webp,Peugeot,Nowy 408,2025,0,KM,SUV,Zielony Flare,New,155584 PLN,PLN,"{""addr1"": ""AL. GRUNWALDZKA 256"", ""city"": ""GDAŃSK"", ""region"": ""POMORSKIE"", ""country"": ""PL""}",54.4022,18.5714,LEASE,1114 PLN,per month,Hybrid,Automatic,FWD
VR3FPHPYXTY579762,Nowy 408 Gt Exclusive · od 1114 PLN/mies.,Peugeot Nowy 408 Gt Exclusive · Rata od 1114 PLN netto/mies. · Leasing B2B · Szczecin · Sprawdź ofertę!,https://sklep.peugeot.pl/produkt/nowy-408/vr3fphpyxty579762/,https://raw.githubusercontent.com/Andy11001/-alfa-inventory/master/data/images/VR3FPHPYXTY579762_clean.webp,Peugeot,Nowy 408,2025,0,KM,SUV,Zielony Flare,New,155584 PLN,PLN,"{""addr1"": ""UL. STRUGA 1B"", ""city"": ""SZCZECIN"", ""region"": ""ZACHODNIOPOMORSKIE"", ""country"": ""PL""}",53.3891,14.6543,LEASE,1114 PLN,per month,Hybrid,Automatic,FWD
VR3FRHPY6TY579932,Nowe 308 SW Gt Exclusive · od 1080 PLN/mies.,Peugeot Nowe 308 SW Gt Exclusive · Rata od 1080 PLN netto/mies. · Leasing B2B · Sosnowiec · Sprawdź ofertę!,https://sklep.peugeot.pl/produkt/nowe-308-sw/vr3frhpy6ty579932/,https://raw.githubusercontent.com/Andy11001/-alfa-inventory/master/data/images/VR3FRHPY6TY579932_clean.webp,Peugeot,Nowe 308 SW,2025,0,KM,Wagon,Szary Selenium,New,150672 PLN,PLN,"{""addr1"": ""UL. WOJSKA POLSKIEGO 45"", ""city"": ""SOSNOWIEC"", ""region"": ""ŚLĄSKIE"", ""country"": ""PL""}",50.2863,19.1042,LEASE,1080 PLN,per month,Hybrid,Automatic,FWD
VR3KAHPY6TS186277,3008 Allure · od 1048 PLN/mies.,Peugeot 3008 Allure · Rata od 1048 PLN netto/mies. · Leasing B2B · Grębów · Sprawdź ofertę!,https://sklep.peugeot.pl/produkt/3008/vr3kahpy6ts186277/,https://raw.githubusercontent.com/Andy11001/-alfa-inventory/master/data/images/VR3KAHPY6TS186277_clean.webp,Peugeot,3008,2025,0,KM,SUV,Niebieski Obsession,New,146290 PLN,PLN,"{""addr1"": ""GRĘBÓW"", ""city"": ""GRĘBÓW"", ""region"": ""MAZOWIECKIE"", ""country"": ""PL""}",,,LEASE,1048 PLN,per month,Hybrid,Manual,FWD
VR3KAHPY4TS186276,3008 Allure · od 1048 PLN/mies.,Peugeot 3008 Allure · Rata od 1048 PLN netto/mies. · Leasing B2B · Elbląg · Sprawdź ofertę!,https://sklep.peugeot.pl/produkt/3008/vr3kahpy4ts186276/,https://raw.githubusercontent.com/Andy11001/-alfa-inventory/master/data/images/VR3KAHPY4TS186276_clean.webp,Peugeot,3008,2025,0,KM,SUV,Niebieski Obsession,New,146290 PLN,PLN,"{""addr1"": ""UL. KAZIMIERZOWO 4"", ""city"": ""ELBLĄG"", ""region"": ""WARMIŃSKO-MAZURSKIE"", ""country"": ""PL""}",54.1522,19.4040,LEASE,1048 PLN,per month,Hybrid,Manual,FWD
VR3FCYHZ3TY579816,Nowe 308 SW Gt Exclusive · od 1025 PLN/mies.,Peugeot Nowe 308 SW Gt Exclusive · Rata od 1025 PLN netto/mies. · Leasing B2B · Łódź · Sprawdź ofertę!,https://sklep.peugeot.pl/produkt/nowe-308-sw/vr3fcyhz3ty579816/,https://raw.githubusercontent.com/Andy11001/-alfa-inventory/master/data/images/VR3FCYHZ3TY579816_clean.webp,Peugeot,Nowe 308 SW,2025,0,KM,Wagon,Szary Selenium,New,143018 PLN,PLN,"{""addr1"": ""UL. OBYWATELSKA 181"", ""city"": ""ŁÓDŹ"", ""region"": ""ŁÓDZKIE"", ""country"": ""PL""}",51.7371,19.4316,LEASE,1025 PLN,per month,Diesel,Automatic,FWD
VR3FCYHZ5TY579817,Nowe 308 SW Gt Exclusive · od 1025 PLN/mies.,Peugeot Nowe 308 SW Gt Exclusive · Rata od 1025 PLN netto/mies. · Leasing B2B · Łódź · Sprawdź ofertę!,https://sklep.peugeot.pl/produkt/nowe-308-sw/vr3fcyhz5ty579817/,https://raw.githubusercontent.com/Andy11001/-alfa-inventory/master/data/images/VR3FCYHZ5TY579817_clean.webp,Peugeot,Nowe 308 SW,2025,0,KM,Wagon,Szary Selenium,New,143018 PLN,PLN,"{""addr1"": ""UL. OBYWATELSKA 181"", ""city"": ""ŁÓDŹ"", ""region"": ""ŁÓDZKIE"", ""country"": ""PL""}",51.7371,19.4316,LEASE,1025 PLN,per month,Diesel,Automatic,FWD
VR3FPHPY5TY580141,Nowy 408 Business · od 1026 PLN/mies.,Peugeot Nowy 408 Business · Rata od 1026 PLN netto/mies. · Leasing B2B · Rybnik · Sprawdź ofertę!,https://sklep.peugeot.pl/produkt/nowy-408/vr3fphpy5ty580141/,https://raw.githubusercontent.com/Andy11001/-alfa-inventory/master/data/images/VR3FPHPY5TY580141_clean.webp,Peugeot,Nowy 408,2025,0,KM,SUV,Szary Selenium,New,143176 PLN,PLN,"{""addr1"": ""UL. ŻORSKA 14"", ""city"": ""RYBNIK"", ""region"": ""ŚLĄSKIE"", ""country"": ""PL""}",50.1022,18.5463,LEASE,1026 PLN,per month,Hybrid,Automatic,FWD
VR3FBYHZ1TY580059,Nowe 308 Gt Exclusive · od 963 PLN/mies.,Peugeot Nowe 308 Gt Exclusive · Rata od 963 PLN netto/mies. · Leasing B2B · Kalisz · Sprawdź ofertę!,https://sklep.peugeot.pl/produkt/nowe-308/vr3fbyhz1ty580059/,https://raw.githubusercontent.com/Andy11001/-alfa-inventory/master/data/images/VR3FBYHZ1TY580059_clean.webp,Peugeot,Nowe 308,2025,0,KM,Hatchback,Niebieski Lagoa,New,134246 PLN,PLN,"{""addr1"": ""UL. CZĘSTOCHOWSKA 144"", ""city"": ""KALISZ"", ""region"": ""WIELKOPOLSKIE"", ""country"": ""PL""}",51.7612,18.0929,LEASE,963 PLN,per month,Diesel,Automatic,FWD
VR3UPHPY8T5152377,208 Gt Exclusive · od 862 PLN/mies.,Peugeot 208 Gt Exclusive · Rata od 862 PLN netto/mies. · Leasing B2B · Warszawa · Sprawdź ofertę!,https://sklep.peugeot.pl/produkt/208/vr3uphpy8t5152377/,https://raw.githubusercontent.com/Andy11001/-alfa-inventory/master/data/images/VR3UPHPY8T5152377_clean.webp,Peugeot,208,2025,0,KM,Hatchback,Czerwony Elixir,New,120060 PLN,PLN,"{""addr1"": ""AL. KRAKOWSKA 206"", ""city"": ""WARSZAWA"", ""region"": ""MAZOWIECKIE"", ""country"": ""PL""}",52.2084,20.9412,LEASE,862 PLN,per month,Hybrid,Automatic,FWD
VR3USHPY8TJ904973,2008 Business · od 837 PLN/mies.,Peugeot 2008 Business · Rata od 837 PLN netto/mies. · Leasing B2B · Warszawa · Sprawdź ofertę!,https://sklep.peugeot.pl/produkt/2008/vr3ushpy8tj904973/,https://raw.githubusercontent.com/Andy11001/-alfa-inventory/master/data/images/VR3USHPY8TJ904973_clean.webp,Peugeot,2008,2025,0,KM,SUV,Niebieski Obsession,New,116550 PLN,PLN,"{""addr1"": ""AL. KRAKOWSKA 206"", ""city"": ""WARSZAWA"", ""region"": ""MAZOWIECKIE"", ""country"": ""PL""}",52.2084,20.9412,LEASE,837 PLN,per month,Hybrid,Automatic,FWD
VR3UPHPX3T4231923,208 Envy · od 705 PLN/mies.,Peugeot 208 Envy · Rata od 705 PLN netto/mies. · Leasing B2B · Warszawa · Sprawdź ofertę!,https://sklep.peugeot.pl/produkt/208/vr3uphpx3t4231923/,https://raw.githubusercontent.com/Andy11001/-alfa-inventory/master/data/images/VR3UPHPX3T4231923_clean.webp,Peugeot,208,2025,0,KM,Hatchback,Zielony Alvao,New,97920 PLN,PLN,"{""addr1"": ""AL. KRAKOWSKA 206"", ""city"": ""WARSZAWA"", ""region"": ""MAZOWIECKIE"", ""country"": ""PL""}",52.2084,20.9412,LEASE,705 PLN,per month,Hybrid,Automatic,FWD
VR3UPHPX7T4231925,208 Envy · od 705 PLN/mies.,Peugeot 208 Envy · Rata od 705 PLN netto/mies. · Leasing B2B · Radom · Sprawdź ofertę!,https://sklep.peugeot.pl/produkt/208/vr3uphpx7t4231925/,https://raw.githubusercontent.com/Andy11001/-alfa-inventory/master/data/images/VR3UPHPX7T4231925_clean.jpg,Peugeot,208,2025,0,KM,Hatchback,Zielony Alvao,New,97920 PLN,PLN,"{""addr1"": ""UL. ŻÓŁKIEWSKIEGO 4"", ""city"": ""RADOM"", ""region"": ""MAZOWIECKIE"", ""country"": ""PL""}",51.4027,21.1471,LEASE,705 PLN,per month,Hybrid,Automatic,FWD
VR3UPHPX5T4231924,208 Envy · od 705 PLN/mies.,Peugeot 208 Envy · Rata od 705 PLN netto/mies. · Leasing B2B · Płock · Sprawdź ofertę!,https://sklep.peugeot.pl/produkt/208/vr3uphpx5t4231924/,https://raw.githubusercontent.com/Andy11001/-alfa-inventory/master/data/images/VR3UPHPX5T4231924_clean.webp,Peugeot,208,2025,0,KM,Hatchback,Zielony Alvao,New,97920 PLN,PLN,"{""addr1"": ""UL. OTOLIŃSKA 25"", ""city"": ""PŁOCK"", ""region"": ""MAZOWIECKIE"", ""country"": ""PL""}",52.5468,19.7064,LEASE,705 PLN,per month,Hybrid,Automatic,FWD
VR3USHPX9TJ907212,2008 Edition · od 779 PLN/mies.,Peugeot 2008 Edition · Rata od 779 PLN netto/mies. · Leasing B2B · Kraków · Sprawdź ofertę!,https://sklep.peugeot.pl/produkt/2008/vr3ushpx9tj907212/,https://raw.githubusercontent.com/Andy11001/-alfa-inventory/master/data/images/VR3USHPX9TJ907212_clean.webp,Peugeot,2008,2025,0,KM,SUV,Niebieski Obsession,New,108400 PLN,PLN,"{""addr1"": ""UL. OPOLSKA 9"", ""city"": ""KRAKÓW"", ""region"": ""MAŁOPOLSKIE"", ""country"": ""PL""}",50.0931,19.9238,LEASE,779 PLN,per month,Hybrid,Automatic,FWD
VR3USHPX9TJ907209,2008 Edition · od 779 PLN/mies.,Peugeot 2008 Edition · Rata od 779 PLN netto/mies. · Leasing B2B · Kraków · Sprawdź ofertę!,https://sklep.peugeot.pl/produkt/2008/vr3ushpx9tj907209/,https://raw.githubusercontent.com/Andy11001/-alfa-inventory/master/data/images/VR3USHPX9TJ907209_clean.webp,Peugeot,2008,2025,0,KM,SUV,Niebieski Obsession,New,108400 PLN,PLN,"{""addr1"": ""UL. OPOLSKA 9"", ""city"": ""KRAKÓW"", ""region"": ""MAŁOPOLSKIE"", ""country"": ""PL""}",50.0931,19.9238,LEASE,779 PLN,per month,Hybrid,Automatic,FWD
VR3USHPX7TJ907208,2008 Edition · od 779 PLN/mies.,Peugeot 2008 Edition · Rata od 779 PLN netto/mies. · Leasing B2B · Stare Bielice · Sprawdź ofertę!,https://sklep.peugeot.pl/produkt/2008/vr3ushpx7tj907208/,https://raw.githubusercontent.com/Andy11001/-alfa-inventory/master/data/images/VR3USHPX7TJ907208_clean.webp,Peugeot,2008,2025,0,KM,SUV,Niebieski Obsession,New,108400 PLN,PLN,"{""addr1"": ""STARE BIELICE"", ""city"": ""STARE BIELICE"", ""region"": ""MAZOWIECKIE"", ""country"": ""PL""}",,,LEASE,779 PLN,per month,Hybrid,Automatic,FWD
VR3USHPX7TJ907211,2008 Edition · od 779 PLN/mies.,Peugeot 2008 Edition · Rata od 779 PLN netto/mies. · Leasing B2B · Opole · Sprawdź ofertę!,https://sklep.peugeot.pl/produkt/2008/vr3ushpx7tj907211/,https://raw.githubusercontent.com/Andy11001/-alfa-inventory/master/data/images/VR3USHPX7TJ907211_clean.webp,Peugeot,2008,2025,0,KM,SUV,Niebieski Obsession,New,108400 PLN,PLN,"{""addr1"": ""UL. WROCŁAWSKA 137"", ""city"": ""OPOLE"", ""region"": ""OPOLSKIE"", ""country"": ""PL""}",50.6751,17.9213,LEASE,779 PLN,per month,Hybrid,Automatic,FWD
VR3USHPX5TJ907210,2008 Edition · od 779 PLN/mies.,Peugeot 2008 Edition · Rata od 779 PLN netto/mies. · Leasing B2B · Kraków · Sprawdź ofertę!,https://sklep.peugeot.pl/produkt/2008/vr3ushpx5tj907210/,https://raw.githubusercontent.com/Andy11001/-alfa-inventory/master/data/images/VR3USHPX5TJ907210_clean.webp,Peugeot,2008,2025,0,KM,SUV,Niebieski Obsession,New,108400 PLN,PLN,"{""addr1"": ""UL. OPOLSKA 9"", ""city"": ""KRAKÓW"", ""region"": ""MAŁOPOLSKIE"", ""country"": ""PL""}",50.0931,19.9238,LEASE,779 PLN,per month,Hybrid,Automatic,FWD
VR3USHPV4TJ905432,2008 Edition · od 687 PLN/mies.,Peugeot 2008 Edition · Rata od 687 PLN netto/mies. · Leasing B2B · Piła · Sprawdź ofertę!,https://sklep.peugeot.pl/produkt/2008/vr3ushpv4tj905432/,https://raw.githubusercontent.com/Andy11001/-alfa-inventory/master/data/images/VR3USHPV4TJ905432_clean.webp,Peugeot,2008,2025,0,KM,SUV,Niebieski Obsession,New,95400 PLN,PLN,"{""addr1"": ""UL. WARSZTATOWA 6"", ""city"": ""PIŁA"", ""region"": ""WIELKOPOLSKIE"", ""country"": ""PL""}",53.1510,16.7384,LEASE,687 PLN,per month,Gasoline,Manual,FWD
VR3USHPV1TJ901872,2008 Edition · od 687 PLN/mies.,Peugeot 2008 Edition · Rata od 687 PLN netto/mies. · Leasing B2B · Kraków · Sprawdź ofertę!,https://sklep.peugeot.pl/produkt/2008/vr3ushpv1tj901872/,https://raw.githubusercontent.com/Andy11001/-alfa-inventory/master/data/images/VR3USHPV1TJ901872_clean.webp,Peugeot,2008,2025,0,KM,SUV,Niebieski Obsession,New,95400 PLN,PLN,"{""addr1"": ""UL. OPOLSKA 9"", ""city"": ""KRAKÓW"", ""region"": ""MAŁOPOLSKIE"", ""country"": ""PL""}",50.0931,19.9238,LEASE,687 PLN,per month,Gasoline,Manual,FWD
VR3UPHPV6T4232093,208 Envy · od 619 PLN/mies.,Peugeot 208 Envy · Rata od 619 PLN netto/mies. · Leasing B2B · Warszawa · Sprawdź ofertę!,https://sklep.peugeot.pl/produkt/208/vr3uphpv6t4232093/,https://raw.githubusercontent.com/Andy11001/-alfa-inventory/master/data/images/VR3UPHPV6T4232093_clean.webp,Peugeot,208,2025,0,KM,Hatchback,Zielony Alvao,New,85770 PLN,PLN,"{""addr1"": ""AL. KRAKOWSKA 206"", ""city"": ""WARSZAWA"", ""region"": ""MAZOWIECKIE"", ""country"": ""PL""}",52.2084,20.9412,LEASE,619 PLN,per month,Gasoline,Manual,FWD
VR3UPHPV4T4232092,208 Envy · od 619 PLN/mies.,Peugeot 208 Envy · Rata od 619 PLN netto/mies. · Leasing B2B · Warszawa · Sprawdź ofertę!,https://sklep.peugeot.pl/produkt/208/vr3uphpv4t4232092/,https://raw.githubusercontent.com/Andy11001/-alfa-inventory/master/data/images/VR3UPHPV4T4232092_clean.webp,Peugeot,208,2025,0,KM,Hatchback,Zielony Alvao,New,85770 PLN,PLN,"{""addr1"": ""AL. KRAKOWSKA 206"", ""city"": ""WARSZAWA"", ""region"": ""MAZOWIECKIE"", ""country"": ""PL""}",52.2084,20.9412,LEASE,619 PLN,per month,Gasoline,Manual,FWD
VR3UPHPV2T4232091,208 Envy · od 619 PLN/mies.,Peugeot 208 Envy · Rata od 619 PLN netto/mies. · Leasing B2B · Warszawa · Sprawdź ofertę!,https://sklep.peugeot.pl/produkt/208/vr3uphpv2t4232091/,https://raw.githubusercontent.com/Andy11001/-alfa-inventory/master/data/images/VR3UPHPV2T4232091_clean.webp,Peugeot,208,2025,0,KM,Hatchback,Zielony Alvao,New,85770 PLN,PLN,"{""addr1"": ""AL. KRAKOWSKA 206"", ""city"": ""WARSZAWA"", ""region"": ""MAZOWIECKIE"", ""country"": ""PL""}",52.2084,20.9412,LEASE,619 PLN,per month,Gasoline,Manual,FWD
VR3UPHPV3T5154365,208 Business · od 568 PLN/mies.,Peugeot 208 Business · Rata od 568 PLN netto/mies. · Leasing B2B · Płock · Sprawdź ofertę!,https://sklep.peugeot.pl/produkt/208/vr3uphpv3t5154365/,https://raw.githubusercontent.com/Andy11001/-alfa-inventory/master/data/images/VR3UPHPV3T5154365_clean.webp,Peugeot,208,2025,0,KM,Hatchback,Szary Selenium,New,78570 PLN,PLN,"{""addr1"": ""UL. OTOLIŃSKA 25"", ""city"": ""PŁOCK"", ""region"": ""MAZOWIECKIE"", ""country"": ""PL""}",52.5468,19.7064,LEASE,568 PLN,per month,Gasoline,Manual,FWD
VR3UPHPV3T5153751,208 Edition · od 521 PLN/mies.,Peugeot 208 Edition · Rata od 521 PLN netto/mies. · Leasing B2B · Bydgoszcz · Sprawdź ofertę!,https://sklep.peugeot.pl/produkt/208/vr3uphpv3t5153751/,https://raw.githubusercontent.com/Andy11001/-alfa-inventory/master/data/images/VR3UPHPV3T5153751_clean.webp,Peugeot,208,2025,0,KM,Hatchback,Zolty Agueda,New,72000 PLN,PLN,"{""addr1"": ""UL. FORDOŃSKA 353"", ""city"": ""BYDGOSZCZ"", ""region"": ""KUJAWSKO-POMORSKIE"", ""country"": ""PL""}",53.1235,18.0084,LEASE,521 PLN,per month,Gasoline,Manual,FWD
VR3UPHPV6T5154585,208 Edition · od 521 PLN/mies.,Peugeot 208 Edition · Rata od 521 PLN netto/mies. · Leasing B2B · Grębów · Sprawdź ofertę!,https://sklep.peugeot.pl/produkt/208/vr3uphpv6t5154585/,https://raw.githubusercontent.com/Andy11001/-alfa-inventory/master/data/images/VR3UPHPV6T5154585_clean.webp,Peugeot,208,2025,0,KM,Hatchback,Zolty Agueda,New,72000 PLN,PLN,"{""addr1"": ""GRĘBÓW"", ""city"": ""GRĘBÓW"", ""region"": ""MAZOWIECKIE"", ""country"": ""PL""}",,,LEASE,521 PLN,per month,Gasoline,Manual,FWD
VR3UPHPV5T5153752,208 Edition · od 521 PLN/mies.,Peugeot 208 Edition · Rata od 521 PLN netto/mies. · Leasing B2B · Warszawa · Sprawdź ofertę!,https://sklep.peugeot.pl/produkt/208/vr3uphpv5t5153752/,https://raw.githubusercontent.com/Andy11001/-alfa-inventory/master/data/images/VR3UPHPV5T5153752_clean.webp,Peugeot,208,2025,0,KM,Hatchback,Zolty Agueda,New,72000 PLN,PLN,"{""addr1"": ""AL. KRAKOWSKA 206"", ""city"": ""WARSZAWA"", ""region"": ""MAZOWIECKIE"", ""country"": ""PL""}",52.2084,20.9412,LEASE,521 PLN,per month,Gasoline,Manual,FWD
VR3UPHPV7T5153753,208 Edition · od 521 PLN/mies.,Peugeot 208 Edition · Rata od 521 PLN netto/mies. · Leasing B2B · Warszawa · Sprawdź ofertę!,https://sklep.peugeot.pl/produkt/208/vr3uphpv7t5153753/,https://raw.githubusercontent.com/Andy11001/-alfa-inventory/master/data/images/VR3UPHPV7T5153753_clean.webp,Peugeot,208,2025,0,KM,Hatchback,Zolty Agueda,New,72000 PLN,PLN,"{""addr1"": ""AL. KRAKOWSKA 206"", ""city"": ""WARSZAWA"", ""region"": ""MAZOWIECKIE"", ""country"": ""PL""}",52.2084,20.9412,LEASE,521 PLN,per month,Gasoline,Manual,FWD
VR3FPHPY2TY570473,Nowy 408 Gt Exclusive · od 1133 PLN/mies.,Peugeot Nowy 408 Gt Exclusive · Rata od 1133 PLN netto/mies. · Leasing B2B · Łódź · Sprawdź ofertę!,https://sklep.peugeot.pl/produkt/nowy-408/vr3fphpy2ty570473/,https://raw.githubusercontent.com/Andy11001/-alfa-inventory/master/data/images/VR3FPHPY2TY570473_clean.webp,Peugeot,Nowy 408,2025,0,KM,SUV,Szary Selenium,New,158136 PLN,PLN,"{""addr1"": ""UL. OBYWATELSKA 181"", ""city"": ""ŁÓDŹ"", ""region"": ""ŁÓDZKIE"", ""country"": ""PL""}",51.7371,19.4316,LEASE,1133 PLN,per month,Hybrid,Automatic,FWD
VR3FPHPY2TY573566,Nowy 408 Gt Exclusive · od 1133 PLN/mies.,Peugeot Nowy 408 Gt Exclusive · Rata od 1133 PLN netto/mies. · Leasing B2B · Szczecin · Sprawdź ofertę!,https://sklep.peugeot.pl/produkt/nowy-408/vr3fphpy2ty573566/,https://raw.githubusercontent.com/Andy11001/-alfa-inventory/master/data/images/VR3FPHPY2TY573566_clean.webp,Peugeot,Nowy 408,2025,0,KM,SUV,Szary Selenium,New,158136 PLN,PLN,"{""addr1"": ""UL. STRUGA 1B"", ""city"": ""SZCZECIN"", ""region"": ""ZACHODNIOPOMORSKIE"", ""country"": ""PL""}",53.3891,14.6543,LEASE,1133 PLN,per month,Hybrid,Automatic,FWD
VR3FPHPY9TY572673,Nowy 408 Gt Exclusive · od 1133 PLN/mies.,Peugeot Nowy 408 Gt Exclusive · Rata od 1133 PLN netto/mies. · Leasing B2B · Szczecin · Sprawdź ofertę!,https://sklep.peugeot.pl/produkt/nowy-408/vr3fphpy9ty572673/,https://raw.githubusercontent.com/Andy11001/-alfa-inventory/master/data/images/VR3FPHPY9TY572673_clean.jpg,Peugeot,Nowy 408,2025,0,KM,SUV,Szary Selenium,New,158136 PLN,PLN,"{""addr1"": ""UL. STRUGA 1B"", ""city"": ""SZCZECIN"", ""region"": ""ZACHODNIOPOMORSKIE"", ""country"": ""PL""}",53.3891,14.6543,LEASE,1133 PLN,per month,Hybrid,Automatic,FWD
VF3VNFC1XTU475687,Traveller Business · od 1486 PLN/mies.,Peugeot Traveller Business · Rata od 1486 PLN netto/mies. · Leasing B2B · Wejherowo · Sprawdź ofertę!,https://sklep.peugeot.pl/produkt/traveller/vf3vnfc1xtu475687/,https://raw.githubusercontent.com/Andy11001/-alfa-inventory/master/data/images/VF3VNFC1XTU475687_clean.webp,Peugeot,Traveller,2025,0,KM,Hatchback,Szary Titane Metaliczny,New,207910 PLN,PLN,"{""addr1"": ""WEJHEROWO"", ""city"": ""WEJHEROWO"", ""region"": ""MAZOWIECKIE"", ""country"": ""PL""}",,,LEASE,1486 PLN,per month,Diesel,Automatic,FWD
VR3FPHPY4TY570426,Nowy 408 Gt Exclusive · od 1149 PLN/mies.,Peugeot Nowy 408 Gt Exclusive · Rata od 1149 PLN netto/mies. · Leasing B2B · Gliwice · Sprawdź ofertę!,https://sklep.peugeot.pl/produkt/nowy-408/vr3fphpy4ty570426/,https://raw.githubusercontent.com/Andy11001/-alfa-inventory/master/data/images/VR3FPHPY4TY570426_clean.webp,Peugeot,Nowy 408,2025,0,KM,SUV,Zielony Flare,New,160424 PLN,PLN,"{""addr1"": ""UL. TOSZECKA 101"", ""city"": ""GLIWICE"", ""region"": ""ŚLĄSKIE"", ""country"": ""PL""}",50.2945,18.6714,LEASE,1149 PLN,per month,Hybrid,Automatic,FWD
VR3FPHPY4TY572645,Nowy 408 Gt · od 1148 PLN/mies.,Peugeot Nowy 408 Gt · Rata od 1148 PLN netto/mies. · Leasing B2B · Opole · Sprawdź ofertę!,https://sklep.peugeot.pl/produkt/nowy-408/vr3fphpy4ty572645/,https://raw.githubusercontent.com/Andy11001/-alfa-inventory/master/data/images/VR3FPHPY4TY572645_clean.webp,Peugeot,Nowy 408,2025,0,KM,SUV,Szary Selenium,New,160248 PLN,PLN,"{""addr1"": ""UL. WROCŁAWSKA 137"", ""city"": ""OPOLE"", ""region"": ""OPOLSKIE"", ""country"": ""PL""}",50.6751,17.9213,LEASE,1148 PLN,per month,Hybrid,Automatic,FWD
VR3USHPY5TJ840732,2008 Envy · od 875 PLN/mies.,Peugeot 2008 Envy · Rata od 875 PLN netto/mies. · Leasing B2B · Gorzów Wielkopolski · Sprawdź ofertę!,https://sklep.peugeot.pl/produkt/2008/vr3ushpy5tj840732/,https://raw.githubusercontent.com/Andy11001/-alfa-inventory/master/data/images/VR3USHPY5TJ840732_clean.webp,Peugeot,2008,2025,0,KM,SUV,Niebieski Nazare,New,121888 PLN,PLN,"{""addr1"": ""GORZÓW WIELKOPOLSKI"", ""city"": ""GORZÓW WIELKOPOLSKI"", ""region"": ""MAZOWIECKIE"", ""country"": ""PL""}",,,LEASE,875 PLN,per month,Hybrid,Automatic,FWD
VR3UPHPV0T5107391,208 Edition · od 538 PLN/mies.,Peugeot 208 Edition · Rata od 538 PLN netto/mies. · Leasing B2B · Bielsko-Biała · Sprawdź ofertę!,https://sklep.peugeot.pl/produkt/208/vr3uphpv0t5107391/,https://raw.githubusercontent.com/Andy11001/-alfa-inventory/master/data/images/VR3UPHPV0T5107391_clean.webp,Peugeot,208,2025,0,KM,Hatchback,Bialy Okenite,New,74400 PLN,PLN,"{""addr1"": ""UL. WARSZAWSKA 15"", ""city"": ""BIELSKO-BIAŁA"", ""region"": ""ŚLĄSKIE"", ""country"": ""PL""}",49.8225,19.0444,LEASE,538 PLN,per month,Gasoline,Manual,FWD
VR3UPHPV9T5108362,208 Edition · od 538 PLN/mies.,Peugeot 208 Edition · Rata od 538 PLN netto/mies. · Leasing B2B · Stare Bielice · Sprawdź ofertę!,https://sklep.peugeot.pl/produkt/208/vr3uphpv9t5108362/,https://raw.githubusercontent.com/Andy11001/-alfa-inventory/master/data/images/VR3UPHPV9T5108362_clean.jpg,Peugeot,208,2025,0,KM,Hatchback,Bialy Okenite,New,74400 PLN,PLN,"{""addr1"": ""STARE BIELICE"", ""city"": ""STARE BIELICE"", ""region"": ""MAZOWIECKIE"", ""country"": ""PL""}",,,LEASE,538 PLN,per month,Gasoline,Manual,FWD
VR3FPHPY7TY572641,Nowy 408 Gt · od 1148 PLN/mies.,Peugeot Nowy 408 Gt · Rata od 1148 PLN netto/mies. · Leasing B2B · Płock · Sprawdź ofertę!,https://sklep.peugeot.pl/produkt/nowy-408/vr3fphpy7ty572641/,https://raw.githubusercontent.com/Andy11001/-alfa-inventory/master/data/images/VR3FPHPY7TY572641_clean.webp,Peugeot,Nowy 408,2025,0,KM,SUV,Szary Selenium,New,160248 PLN,PLN,"{""addr1"": ""UL. OTOLIŃSKA 25"", ""city"": ""PŁOCK"", ""region"": ""MAZOWIECKIE"", ""country"": ""PL""}",52.5468,19.7064,LEASE,1148 PLN,per month,Hybrid,Automatic,FWD
VR3FPHPY2TY544634,Nowy 408 Gt · od 1119 PLN/mies.,Peugeot Nowy 408 Gt · Rata od 1119 PLN netto/mies. · Leasing B2B · Warszawa · Sprawdź ofertę!,https://sklep.peugeot.pl/produkt/nowy-408/vr3fphpy2ty544634/,https://raw.githubusercontent.com/Andy11001/-alfa-inventory/master/data/images/VR3FPHPY2TY544634_clean.webp,Peugeot,Nowy 408,2025,0,KM,SUV,Czarny Perla Nera,New,156288 PLN,PLN,"{""addr1"": ""AL. KRAKOWSKA 206"", ""city"": ""WARSZAWA"", ""region"": ""MAZOWIECKIE"", ""country"": ""PL""}",52.2084,20.9412,LEASE,1119 PLN,per month,Hybrid,Automatic,FWD
VR3FPHPY3TY559160,Nowy 408 Business · od 1001 PLN/mies.,Peugeot Nowy 408 Business · Rata od 1001 PLN netto/mies. · Leasing B2B · Katowice · Sprawdź ofertę!,https://sklep.peugeot.pl/produkt/nowy-408/vr3fphpy3ty559160/,,Peugeot,Nowy 408,2025,0,KM,SUV,Czarny Perla Nera,New,139600 PLN,PLN,"{""addr1"": ""AL. ROŹDZIEŃSKIEGO 170"", ""city"": ""KATOWICE"", ""region"": ""ŚLĄSKIE"", ""country"": ""PL""}",50.2649,19.0238,LEASE,1001 PLN,per month,Hybrid,Automatic,FWD
VR3USHPXXTJ761922,2008 Edition · od 779 PLN/mies.,Peugeot 2008 Edition · Rata od 779 PLN netto/mies. · Leasing B2B · Bielsko-Biała · Sprawdź ofertę!,https://sklep.peugeot.pl/produkt/2008/vr3ushpxxtj761922/,https://raw.githubusercontent.com/Andy11001/-alfa-inventory/master/data/images/VR3USHPXXTJ761922_clean.webp,Peugeot,2008,2025,0,KM,SUV,Niebieski Obsession,New,108400 PLN,PLN,"{""addr1"": ""UL. WARSZAWSKA 15"", ""city"": ""BIELSKO-BIAŁA"", ""region"": ""ŚLĄSKIE"", ""country"": ""PL""}",49.8225,19.0444,LEASE,779 PLN,per month,Hybrid,Automatic,FWD
VR3USHPV6TJ729452,2008 Edition · od 687 PLN/mies.,Peugeot 2008 Edition · Rata od 687 PLN netto/mies. · Leasing B2B · Katowice · Sprawdź ofertę!,https://sklep.peugeot.pl/produkt/2008/vr3ushpv6tj729452/,https://raw.githubusercontent.com/Andy11001/-alfa-inventory/master/data/images/VR3USHPV6TJ729452_clean.webp,Peugeot,2008,2025,0,KM,SUV,Niebieski Obsession,New,95400 PLN,PLN,"{""addr1"": ""AL. ROŹDZIEŃSKIEGO 170"", ""city"": ""KATOWICE"", ""region"": ""ŚLĄSKIE"", ""country"": ""PL""}",50.2649,19.0238,LEASE,687 PLN,per month,Gasoline,Manual,FWD
VR3USHPV8TJ729453,2008 Edition · od 687 PLN/mies.,Peugeot 2008 Edition · Rata od 687 PLN netto/mies. · Leasing B2B · Katowice · Sprawdź ofertę!,https://sklep.peugeot.pl/produkt/2008/vr3ushpv8tj729453/,https://raw.githubusercontent.com/Andy11001/-alfa-inventory/master/data/images/VR3USHPV8TJ729453_clean.webp,Peugeot,2008,2025,0,KM,SUV,Niebieski Obsession,New,95400 PLN,PLN,"{""addr1"": ""AL. ROŹDZIEŃSKIEGO 170"", ""city"": ""KATOWICE"", ""region"": ""ŚLĄSKIE"", ""country"": ""PL""}",50.2649,19.0238,LEASE,687 PLN,per month,Gasoline,Manual,FWD
VR3USHPVXTJ901868,2008 Edition · od 687 PLN/mies.,Peugeot 2008 Edition · Rata od 687 PLN netto/mies. · Leasing B2B · Grębów · Sprawdź ofertę!,https://sklep.peugeot.pl/produkt/2008/vr3ushpvxtj901868/,https://raw.githubusercontent.com/Andy11001/-alfa-inventory/master/data/images/VR3USHPVXTJ901868_clean.webp,Peugeot,2008,2025,0,KM,SUV,Niebieski Obsession,New,95400 PLN,PLN,"{""addr1"": ""GRĘBÓW"", ""city"": ""GRĘBÓW"", ""region"": ""MAZOWIECKIE"", ""country"": ""PL""}",,,LEASE,687 PLN,per month,Gasoline,Manual,FWD
VR3FPHPY1TY572697,Nowy 408 Gt Exclusive · od 1167 PLN/mies.,Peugeot Nowy 408 Gt Exclusive · Rata od 1167 PLN netto/mies. · Leasing B2B · Wrocław · Sprawdź ofertę!,https://sklep.peugeot.pl/produkt/nowy-408/vr3fphpy1ty572697/,https://raw.githubusercontent.com/Andy11001/-alfa-inventory/master/data/images/VR3FPHPY1TY572697_clean.webp,Peugeot,Nowy 408,2025,0,KM,SUV,Bialy Okenite,New,162976 PLN,PLN,"{""addr1"": ""UL. SZCZECIŃSKA 7"", ""city"": ""WROCŁAW"", ""region"": ""DOLNOŚLĄSKIE"", ""country"": ""PL""}",51.1274,16.9535,LEASE,1167 PLN,per month,Hybrid,Automatic,FWD
VR3FPHPY4TY572614,Nowy 408 Gt Exclusive · od 1149 PLN/mies.,Peugeot Nowy 408 Gt Exclusive · Rata od 1149 PLN netto/mies. · Leasing B2B · Kraków · Sprawdź ofertę!,https://sklep.peugeot.pl/produkt/nowy-408/vr3fphpy4ty572614/,https://raw.githubusercontent.com/Andy11001/-alfa-inventory/master/data/images/VR3FPHPY4TY572614_clean.webp,Peugeot,Nowy 408,2025,0,KM,SUV,Zielony Flare,New,160424 PLN,PLN,"{""addr1"": ""UL. OPOLSKA 9"", ""city"": ""KRAKÓW"", ""region"": ""MAŁOPOLSKIE"", ""country"": ""PL""}",50.0931,19.9238,LEASE,1149 PLN,per month,Hybrid,Automatic,FWD
VR3FPHPY3TY576444,Nowy 408 Gt · od 1119 PLN/mies.,Peugeot Nowy 408 Gt · Rata od 1119 PLN netto/mies. · Leasing B2B · Warszawa · Sprawdź ofertę!,https://sklep.peugeot.pl/produkt/nowy-408/vr3fphpy3ty576444/,https://raw.githubusercontent.com/Andy11001/-alfa-inventory/master/data/images/VR3FPHPY3TY576444_clean.webp,Peugeot,Nowy 408,2025,0,KM,SUV,Szary Selenium,New,156288 PLN,PLN,"{""addr1"": ""AL. KRAKOWSKA 206"", ""city"": ""WARSZAWA"", ""region"": ""MAZOWIECKIE"", ""country"": ""PL""}",52.2084,20.9412,LEASE,1119 PLN,per month,Hybrid,Automatic,FWD
VR3FPHPY3TY542178,Nowe 308 Allure · od 893 PLN/mies.,Peugeot Nowe 308 Allure · Rata od 893 PLN netto/mies. · Leasing B2B · Sosnowiec · Sprawdź ofertę!,https://sklep.peugeot.pl/produkt/nowe-308/vr3fphpy3ty542178/,https://raw.githubusercontent.com/Andy11001/-alfa-inventory/master/data/images/VR3FPHPY3TY542178_clean.webp,Peugeot,Nowe 308,2025,0,KM,Hatchback,Szary Selenium,New,124399 PLN,PLN,"{""addr1"": ""UL. WOJSKA POLSKIEGO 45"", ""city"": ""SOSNOWIEC"", ""region"": ""ŚLĄSKIE"", ""country"": ""PL""}",50.2863,19.1042,LEASE,893 PLN,per month,Hybrid,Automatic,FWD
VR3UPHPX9T4232090,208 Envy · od 727 PLN/mies.,Peugeot 208 Envy · Rata od 727 PLN netto/mies. · Leasing B2B · Kalisz · Sprawdź ofertę!,https://sklep.peugeot.pl/produkt/208/vr3uphpx9t4232090/,https://raw.githubusercontent.com/Andy11001/-alfa-inventory/master/data/images/VR3UPHPX9T4232090_clean.webp,Peugeot,208,2025,0,KM,Hatchback,Szary Selenium,New,101070 PLN,PLN,"{""addr1"": ""UL. CZĘSTOCHOWSKA 144"", ""city"": ""KALISZ"", ""region"": ""WIELKOPOLSKIE"", ""country"": ""PL""}",51.7612,18.0929,LEASE,727 PLN,per month,Hybrid,Automatic,FWD
VR3USHPV4TJ901512,2008 Edition · od 648 PLN/mies.,Peugeot 2008 Edition · Rata od 648 PLN netto/mies. · Leasing B2B · Grębów · Sprawdź ofertę!,https://sklep.peugeot.pl/produkt/2008/vr3ushpv4tj901512/,https://raw.githubusercontent.com/Andy11001/-alfa-inventory/master/data/images/VR3USHPV4TJ901512_clean.webp,Peugeot,2008,2025,0,KM,SUV,Bialy Okenite,New,89900 PLN,PLN,"{""addr1"": ""GRĘBÓW"", ""city"": ""GRĘBÓW"", ""region"": ""MAZOWIECKIE"", ""country"": ""PL""}",,,LEASE,648 PLN,per month,Gasoline,Manual,FWD
VR3UPHPV9T5153057,208 Edition · od 521 PLN/mies.,Peugeot 208 Edition · Rata od 521 PLN netto/mies. · Leasing B2B · Warszawa · Sprawdź ofertę!,https://sklep.peugeot.pl/produkt/208/vr3uphpv9t5153057/,https://raw.githubusercontent.com/Andy11001/-alfa-inventory/master/data/images/VR3UPHPV9T5153057_clean.webp,Peugeot,208,2025,0,KM,Hatchback,Zolty Agueda,New,72000 PLN,PLN,"{""addr1"": ""AL. KRAKOWSKA 206"", ""city"": ""WARSZAWA"", ""region"": ""MAZOWIECKIE"", ""country"": ""PL""}",52.2084,20.9412,LEASE,521 PLN,per month,Gasoline,Manual,FWD
VR3UPHPV7T5153056,208 Edition · od 521 PLN/mies.,Peugeot 208 Edition · Rata od 521 PLN netto/mies. · Leasing B2B · Katowice · Sprawdź ofertę!,https://sklep.peugeot.pl/produkt/208/vr3uphpv7t5153056/,https://raw.githubusercontent.com/Andy11001/-alfa-inventory/master/data/images/VR3UPHPV7T5153056_clean.webp,Peugeot,208,2025,0,KM,Hatchback,Zolty Agueda,New,72000 PLN,PLN,"{""addr1"": ""AL. ROŹDZIEŃSKIEGO 170"", ""city"": ""KATOWICE"", ""region"": ""ŚLĄSKIE"", ""country"": ""PL""}",50.2649,19.0238,LEASE,521 PLN,per month,Gasoline,Manual,FWD
VF3VNFC18TU475901,Traveller Business · od 1486 PLN/mies.,Peugeot Traveller Business · Rata od 1486 PLN netto/mies. · Leasing B2B · Świdnik · Sprawdź ofertę!,https://sklep.peugeot.pl/produkt/traveller/vf3vnfc18tu475901/,,Peugeot,Traveller,2025,0,KM,Hatchback,Czarny Perla Nera Metaliczny,New,207900 PLN,PLN,"{""addr1"": ""ŚWIDNIK"", ""city"": ""ŚWIDNIK"", ""region"": ""MAZOWIECKIE"", ""country"": ""PL""}",,,LEASE,1486 PLN,per month,Diesel,Automatic,FWD
VF3VNFC1XTU475902,Traveller Business · od 1486 PLN/mies.,Peugeot Traveller Business · Rata od 1486 PLN netto/mies. · Leasing B2B · Łódź · Sprawdź ofertę!,https://sklep.peugeot.pl/produkt/traveller/vf3vnfc1xtu475902/,https://raw.githubusercontent.com/Andy11001/-alfa-inventory/master/data/images/VF3VNFC1XTU475902_clean.webp,Peugeot,Traveller,2025,0,KM,Hatchback,Szary Titane Metaliczny,New,207910 PLN,PLN,"{""addr1"": ""UL. OBYWATELSKA 181"", ""city"": ""ŁÓDŹ"", ""region"": ""ŁÓDZKIE"", ""country"": ""PL""}",51.7371,19.4316,LEASE,1486 PLN,per month,Diesel,Automatic,FWD
VF3VNFC12TU475084,Traveller Business · od 1486 PLN/mies.,Peugeot Traveller Business · Rata od 1486 PLN netto/mies. · Leasing B2B · Warszawa · Sprawdź ofertę!,https://sklep.peugeot.pl/produkt/traveller/vf3vnfc12tu475084/,https://raw.githubusercontent.com/Andy11001/-alfa-inventory/master/data/images/VF3VNFC12TU475084_clean.webp,Peugeot,Traveller,2025,0,KM,Hatchback,Szary Titane Metaliczny,New,207910 PLN,PLN,"{""addr1"": ""AL. KRAKOWSKA 206"", ""city"": ""WARSZAWA"", ""region"": ""MAZOWIECKIE"", ""country"": ""PL""}",52.2084,20.9412,LEASE,1486 PLN,per month,Diesel,Automatic,FWD
VR3KAHPY2TS178516,5008 Gt Exclusive · od 1265 PLN/mies.,Peugeot 5008 Gt Exclusive · Rata od 1265 PLN netto/mies. · Leasing B2B · Białystok · Sprawdź ofertę!,https://sklep.peugeot.pl/produkt/5008/vr3kahpy2ts178516/,https://raw.githubusercontent.com/Andy11001/-alfa-inventory/master/data/images/VR3KAHPY2TS178516_clean.webp,Peugeot,5008,2025,0,KM,SUV,Czarny Perla Nera Metaliczny,New,176771 PLN,PLN,"{""addr1"": ""UL. ELEWATORSKA 60"", ""city"": ""BIAŁYSTOK"", ""region"": ""PODLASKIE"", ""country"": ""PL""}",53.1325,23.1688,LEASE,1265 PLN,per month,Hybrid,Manual,FWD
VR3FPHPY5TY577224,Nowy 408 Gt Exclusive · od 1167 PLN/mies.,Peugeot Nowy 408 Gt Exclusive · Rata od 1167 PLN netto/mies. · Leasing B2B · Poznań · Sprawdź ofertę!,https://sklep.peugeot.pl/produkt/nowy-408/vr3fphpy5ty577224/,https://raw.githubusercontent.com/Andy11001/-alfa-inventory/master/data/images/VR3FPHPY5TY577224_clean.webp,Peugeot,Nowy 408,2025,0,KM,SUV,Bialy Okenite,New,162976 PLN,PLN,"{""addr1"": ""UL. BOLESŁAWA KRZYWOUSTEGO 71"", ""city"": ""POZNAŃ"", ""region"": ""WIELKOPOLSKIE"", ""country"": ""PL""}",52.3787,17.0270,LEASE,1167 PLN,per month,Hybrid,Automatic,FWD
VR3FPHPY5TY572640,Nowy 408 Gt · od 1148 PLN/mies.,Peugeot Nowy 408 Gt · Rata od 1148 PLN netto/mies. · Leasing B2B · Kalisz · Sprawdź ofertę!,https://sklep.peugeot.pl/produkt/nowy-408/vr3fphpy5ty572640/,https://raw.githubusercontent.com/Andy11001/-alfa-inventory/master/data/images/VR3FPHPY5TY572640_clean.webp,Peugeot,Nowy 408,2025,0,KM,SUV,Szary Selenium,New,160248 PLN,PLN,"{""addr1"": ""UL. CZĘSTOCHOWSKA 144"", ""city"": ""KALISZ"", ""region"": ""WIELKOPOLSKIE"", ""country"": ""PL""}",51.7612,18.0929,LEASE,1148 PLN,per month,Hybrid,Automatic,FWD
VR3FPHPY7TY572638,Nowy 408 Gt · od 1148 PLN/mies.,Peugeot Nowy 408 Gt · Rata od 1148 PLN netto/mies. · Leasing B2B · Płock · Sprawdź ofertę!,https://sklep.peugeot.pl/produkt/nowy-408/vr3fphpy7ty572638/,https://raw.githubusercontent.com/Andy11001/-alfa-inventory/master/data/images/VR3FPHPY7TY572638_clean.webp,Peugeot,Nowy 408,2025,0,KM,SUV,Szary Selenium,New,160248 PLN,PLN,"{""addr1"": ""UL. OTOLIŃSKA 25"", ""city"": ""PŁOCK"", ""region"": ""MAZOWIECKIE"", ""country"": ""PL""}",52.5468,19.7064,LEASE,1148 PLN,per month,Hybrid,Automatic,FWD
VR3FPHPY4TY558602,Nowy 408 Gt Exclusive · od 1136 PLN/mies.,Peugeot Nowy 408 Gt Exclusive · Rata od 1136 PLN netto/mies. · Leasing B2B · Warszawa · Sprawdź ofertę!,https://sklep.peugeot.pl/produkt/nowy-408/vr3fphpy4ty558602/,https://raw.githubusercontent.com/Andy11001/-alfa-inventory/master/data/images/VR3FPHPY4TY558602_clean.webp,Peugeot,Nowy 408,2025,0,KM,SUV,Czerwony Elixir,New,158664 PLN,PLN,"{""addr1"": ""AL. KRAKOWSKA 206"", ""city"": ""WARSZAWA"", ""region"": ""MAZOWIECKIE"", ""country"": ""PL""}",52.2084,20.9412,LEASE,1136 PLN,per month,Hybrid,Automatic,FWD
VR3FPHPY0TY558628,Nowy 408 Business · od 1021 PLN/mies.,Peugeot Nowy 408 Business · Rata od 1021 PLN netto/mies. · Leasing B2B · Gliwice · Sprawdź ofertę!,https://sklep.peugeot.pl/produkt/nowy-408/vr3fphpy0ty558628/,https://raw.githubusercontent.com/Andy11001/-alfa-inventory/master/data/images/VR3FPHPY0TY558628_clean.webp,Peugeot,Nowy 408,2025,0,KM,SUV,Zielony Flare,New,142384 PLN,PLN,"{""addr1"": ""UL. TOSZECKA 101"", ""city"": ""GLIWICE"", ""region"": ""ŚLĄSKIE"", ""country"": ""PL""}",50.2945,18.6714,LEASE,1021 PLN,per month,Hybrid,Automatic,FWD
VR3USHPY3TJ901866,2008 Gt Exclusive · od 1004 PLN/mies.,Peugeot 2008 Gt Exclusive · Rata od 1004 PLN netto/mies. · Leasing B2B · Grębów · Sprawdź ofertę!,https://sklep.peugeot.pl/produkt/2008/vr3ushpy3tj901866/,https://raw.githubusercontent.com/Andy11001/-alfa-inventory/master/data/images/VR3USHPY3TJ901866_clean.webp,Peugeot,2008,2025,0,KM,SUV,Szary Selenium,New,140000 PLN,PLN,"{""addr1"": ""GRĘBÓW"", ""city"": ""GRĘBÓW"", ""region"": ""MAZOWIECKIE"", ""country"": ""PL""}",,,LEASE,1004 PLN,per month,Hybrid,Automatic,FWD
VR3USHPX0TJ732767,2008 Edition · od 779 PLN/mies.,Peugeot 2008 Edition · Rata od 779 PLN netto/mies. · Leasing B2B · Warszawa · Sprawdź ofertę!,https://sklep.peugeot.pl/produkt/2008/vr3ushpx0tj732767/,https://raw.githubusercontent.com/Andy11001/-alfa-inventory/master/data/images/VR3USHPX0TJ732767_clean.webp,Peugeot,2008,2025,0,KM,SUV,Niebieski Obsession,New,108400 PLN,PLN,"{""addr1"": ""AL. KRAKOWSKA 206"", ""city"": ""WARSZAWA"", ""region"": ""MAZOWIECKIE"", ""country"": ""PL""}",52.2084,20.9412,LEASE,779 PLN,per month,Hybrid,Automatic,FWD
VR3USHPX8TJ742527,2008 Edition · od 779 PLN/mies.,Peugeot 2008 Edition · Rata od 779 PLN netto/mies. · Leasing B2B · Łódź · Sprawdź ofertę!,https://sklep.peugeot.pl/produkt/2008/vr3ushpx8tj742527/,https://raw.githubusercontent.com/Andy11001/-alfa-inventory/master/data/images/VR3USHPX8TJ742527_clean.webp,Peugeot,2008,2025,0,KM,SUV,Niebieski Obsession,New,108400 PLN,PLN,"{""addr1"": ""UL. OBYWATELSKA 181"", ""city"": ""ŁÓDŹ"", ""region"": ""ŁÓDZKIE"", ""country"": ""PL""}",51.7371,19.4316,LEASE,779 PLN,per month,Hybrid,Automatic,FWD
VR3FCYHZXTY550197,Nowe 308 SW · od 812 PLN/mies.,Peugeot Nowe 308 SW · Rata od 812 PLN netto/mies. · Leasing B2B · Świdnik · Sprawdź ofertę!,https://sklep.peugeot.pl/produkt/nowe-308-sw/vr3fcyhzxty550197/,,Peugeot,Nowe 308 SW,2025,0,KM,Hatchback,Szary Artense,New,112999 PLN,PLN,"{""addr1"": ""ŚWIDNIK"", ""city"": ""ŚWIDNIK"", ""region"": ""MAZOWIECKIE"", ""country"": ""PL""}",,,LEASE,812 PLN,per month,Diesel,Automatic,FWD
VR3KAHPY1TS178703,5008 Gt · od 1278 PLN/mies.,Peugeot 5008 Gt · Rata od 1278 PLN netto/mies. · Leasing B2B · Wejherowo · Sprawdź ofertę!,https://sklep.peugeot.pl/produkt/5008/vr3kahpy1ts178703/,https://raw.githubusercontent.com/Andy11001/-alfa-inventory/master/data/images/VR3KAHPY1TS178703_clean.webp,Peugeot,5008,2025,0,KM,SUV,Szary Artense Metaliczny,New,178610 PLN,PLN,"{""addr1"": ""WEJHEROWO"", ""city"": ""WEJHEROWO"", ""region"": ""MAZOWIECKIE"", ""country"": ""PL""}",,,LEASE,1278 PLN,per month,Hybrid,Manual,FWD
VR3KAHPY5TS158809,5008 Gt · od 1259 PLN/mies.,Peugeot 5008 Gt · Rata od 1259 PLN netto/mies. · Leasing B2B · Warszawa · Sprawdź ofertę!,https://sklep.peugeot.pl/produkt/5008/vr3kahpy5ts158809/,https://raw.githubusercontent.com/Andy11001/-alfa-inventory/master/data/images/VR3KAHPY5TS158809_clean.webp,Peugeot,5008,2025,0,KM,SUV,Szary Artense Metaliczny,New,175900 PLN,PLN,"{""addr1"": ""AL. KRAKOWSKA 206"", ""city"": ""WARSZAWA"", ""region"": ""MAZOWIECKIE"", ""country"": ""PL""}",52.2084,20.9412,LEASE,1259 PLN,per month,Hybrid,Manual,FWD
VR3KAHPY5TS181989,5008 Gt Exclusive · od 1265 PLN/mies.,Peugeot 5008 Gt Exclusive · Rata od 1265 PLN netto/mies. · Leasing B2B · Legnica · Sprawdź ofertę!,https://sklep.peugeot.pl/produkt/5008/vr3kahpy5ts181989/,https://raw.githubusercontent.com/Andy11001/-alfa-inventory/master/data/images/VR3KAHPY5TS181989_clean.webp,Peugeot,5008,2025,0,KM,SUV,Szary Titane Metaliczny,New,176771 PLN,PLN,"{""addr1"": ""UL. JAWORZYŃSKA 235"", ""city"": ""LEGNICA"", ""region"": ""DOLNOŚLĄSKIE"", ""country"": ""PL""}",51.2070,16.1619,LEASE,1265 PLN,per month,Hybrid,Manual,FWD
VR3KAHPY4TS171468,3008 Gt Exclusive · od 1223 PLN/mies.,Peugeot 3008 Gt Exclusive · Rata od 1223 PLN netto/mies. · Leasing B2B · Łódź · Sprawdź ofertę!,https://sklep.peugeot.pl/produkt/3008/vr3kahpy4ts171468/,https://raw.githubusercontent.com/Andy11001/-alfa-inventory/master/data/images/VR3KAHPY4TS171468_clean.webp,Peugeot,3008,2025,0,KM,SUV,Szary Titane,New,170914 PLN,PLN,"{""addr1"": ""UL. OBYWATELSKA 181"", ""city"": ""ŁÓDŹ"", ""region"": ""ŁÓDZKIE"", ""country"": ""PL""}",51.7371,19.4316,LEASE,1223 PLN,per month,Hybrid,Manual,FWD
VR3KAHPY6TS169771,3008 Gt Exclusive · od 1165 PLN/mies.,Peugeot 3008 Gt Exclusive · Rata od 1165 PLN netto/mies. · Leasing B2B · Warszawa · Sprawdź ofertę!,https://sklep.peugeot.pl/produkt/3008/vr3kahpy6ts169771/,https://raw.githubusercontent.com/Andy11001/-alfa-inventory/master/data/images/VR3KAHPY6TS169771_clean.jpg,Peugeot,3008,2025,0,KM,SUV,Czarny Perla Nera,New,162664 PLN,PLN,"{""addr1"": ""AL. KRAKOWSKA 206"", ""city"": ""WARSZAWA"", ""region"": ""MAZOWIECKIE"", ""country"": ""PL""}",52.2084,20.9412,LEASE,1165 PLN,per month,Hybrid,Manual,FWD
VR3FPHPY6TY578477,Nowy 408 Gt Exclusive · od 1167 PLN/mies.,Peugeot Nowy 408 Gt Exclusive · Rata od 1167 PLN netto/mies. · Leasing B2B · Opole · Sprawdź ofertę!,https://sklep.peugeot.pl/produkt/nowy-408/vr3fphpy6ty578477/,https://raw.githubusercontent.com/Andy11001/-alfa-inventory/master/data/images/VR3FPHPY6TY578477_clean.webp,Peugeot,Nowy 408,2025,0,KM,SUV,Zielony Flare,New,162976 PLN,PLN,"{""addr1"": ""UL. WROCŁAWSKA 137"", ""city"": ""OPOLE"", ""region"": ""OPOLSKIE"", ""country"": ""PL""}",50.6751,17.9213,LEASE,1167 PLN,per month,Hybrid,Automatic,FWD
VR3FPHPY7TY578441,Nowy 408 Gt Exclusive · od 1167 PLN/mies.,Peugeot Nowy 408 Gt Exclusive · Rata od 1167 PLN netto/mies. · Leasing B2B · Stare Bielice · Sprawdź ofertę!,https://sklep.peugeot.pl/produkt/nowy-408/vr3fphpy7ty578441/,https://raw.githubusercontent.com/Andy11001/-alfa-inventory/master/data/images/VR3FPHPY7TY578441_clean.webp,Peugeot,Nowy 408,2025,0,KM,SUV,Szary Selenium,New,162976 PLN,PLN,"{""addr1"": ""STARE BIELICE"", ""city"": ""STARE BIELICE"", ""region"": ""MAZOWIECKIE"", ""country"": ""PL""}",,,LEASE,1167 PLN,per month,Hybrid,Automatic,FWD
VR3FPHPY4TY578512,Nowy 408 Gt Exclusive · od 1133 PLN/mies.,Peugeot Nowy 408 Gt Exclusive · Rata od 1133 PLN netto/mies. · Leasing B2B · Poznań · Sprawdź ofertę!,https://sklep.peugeot.pl/produkt/nowy-408/vr3fphpy4ty578512/,https://raw.githubusercontent.com/Andy11001/-alfa-inventory/master/data/images/VR3FPHPY4TY578512_clean.webp,Peugeot,Nowy 408,2025,0,KM,SUV,Bialy Okenite,New,158136 PLN,PLN,"{""addr1"": ""UL. BOLESŁAWA KRZYWOUSTEGO 71"", ""city"": ""POZNAŃ"", ""region"": ""WIELKOPOLSKIE"", ""country"": ""PL""}",52.3787,17.0270,LEASE,1133 PLN,per month,Hybrid,Automatic,FWD
VR3FCYHZ9TY577813,Nowe 308 SW Gt Exclusive · od 1041 PLN/mies.,Peugeot Nowe 308 SW Gt Exclusive · Rata od 1041 PLN netto/mies. · Leasing B2B · Konin · Sprawdź ofertę!,https://sklep.peugeot.pl/produkt/nowe-308-sw/vr3fcyhz9ty577813/,https://raw.githubusercontent.com/Andy11001/-alfa-inventory/master/data/images/VR3FCYHZ9TY577813_clean.webp,Peugeot,Nowe 308 SW,2025,0,KM,Wagon,Czarny Perla Nera,New,145254 PLN,PLN,"{""addr1"": ""KONIN"", ""city"": ""KONIN"", ""region"": ""MAZOWIECKIE"", ""country"": ""PL""}",,,LEASE,1041 PLN,per month,Diesel,Automatic,FWD
VR3USHPY1TJ901848,2008 Gt Exclusive · od 943 PLN/mies.,Peugeot 2008 Gt Exclusive · Rata od 943 PLN netto/mies. · Leasing B2B · Gliwice · Sprawdź ofertę!,https://sklep.peugeot.pl/produkt/2008/vr3ushpy1tj901848/,https://raw.githubusercontent.com/Andy11001/-alfa-inventory/master/data/images/VR3USHPY1TJ901848_clean.webp,Peugeot,2008,2025,0,KM,SUV,Niebieski Obsession,New,131425 PLN,PLN,"{""addr1"": ""UL. TOSZECKA 101"", ""city"": ""GLIWICE"", ""region"": ""ŚLĄSKIE"", ""country"": ""PL""}",50.2945,18.6714,LEASE,943 PLN,per month,Hybrid,Automatic,FWD
VR3USHPYXTJ901847,2008 Gt Exclusive · od 933 PLN/mies.,Peugeot 2008 Gt Exclusive · Rata od 933 PLN netto/mies. · Leasing B2B · Katowice · Sprawdź ofertę!,https://sklep.peugeot.pl/produkt/2008/vr3ushpyxtj901847/,https://raw.githubusercontent.com/Andy11001/-alfa-inventory/master/data/images/VR3USHPYXTJ901847_clean.webp,Peugeot,2008,2025,0,KM,SUV,Niebieski Obsession,New,129990 PLN,PLN,"{""addr1"": ""AL. ROŹDZIEŃSKIEGO 170"", ""city"": ""KATOWICE"", ""region"": ""ŚLĄSKIE"", ""country"": ""PL""}",50.2649,19.0238,LEASE,933 PLN,per month,Hybrid,Automatic,FWD
VR3USHPY8TJ901846,2008 Gt Exclusive · od 943 PLN/mies.,Peugeot 2008 Gt Exclusive · Rata od 943 PLN netto/mies. · Leasing B2B · Elbląg · Sprawdź ofertę!,https://sklep.peugeot.pl/produkt/2008/vr3ushpy8tj901846/,https://raw.githubusercontent.com/Andy11001/-alfa-inventory/master/data/images/VR3USHPY8TJ901846_clean.webp,Peugeot,2008,2025,0,KM,SUV,Niebieski Obsession,New,131425 PLN,PLN,"{""addr1"": ""UL. KAZIMIERZOWO 4"", ""city"": ""ELBLĄG"", ""region"": ""WARMIŃSKO-MAZURSKIE"", ""country"": ""PL""}",54.1522,19.4040,LEASE,943 PLN,per month,Hybrid,Automatic,FWD
VR3USHPV3TJ901873,2008 Edition · od 687 PLN/mies.,Peugeot 2008 Edition · Rata od 687 PLN netto/mies. · Leasing B2B · Warszawa · Sprawdź ofertę!,https://sklep.peugeot.pl/produkt/2008/vr3ushpv3tj901873/,https://raw.githubusercontent.com/Andy11001/-alfa-inventory/master/data/images/VR3USHPV3TJ901873_clean.webp,Peugeot,2008,2025,0,KM,SUV,Niebieski Obsession,New,95400 PLN,PLN,"{""addr1"": ""AL. KRAKOWSKA 206"", ""city"": ""WARSZAWA"", ""region"": ""MAZOWIECKIE"", ""country"": ""PL""}",52.2084,20.9412,LEASE,687 PLN,per month,Gasoline,Manual,FWD
VR3USHPV7TJ902055,2008 Edition · od 687 PLN/mies.,Peugeot 2008 Edition · Rata od 687 PLN netto/mies. · Leasing B2B · Rybnik · Sprawdź ofertę!,https://sklep.peugeot.pl/produkt/2008/vr3ushpv7tj902055/,https://raw.githubusercontent.com/Andy11001/-alfa-inventory/master/data/images/VR3USHPV7TJ902055_clean.jpg,Peugeot,2008,2025,0,KM,SUV,Szary Selenium,New,95400 PLN,PLN,"{""addr1"": ""UL. ŻORSKA 14"", ""city"": ""RYBNIK"", ""region"": ""ŚLĄSKIE"", ""country"": ""PL""}",50.1022,18.5463,LEASE,687 PLN,per month,Gasoline,Manual,FWD
VR3USHPV8TJ901870,2008 Edition · od 687 PLN/mies.,Peugeot 2008 Edition · Rata od 687 PLN netto/mies. · Leasing B2B · Bydgoszcz · Sprawdź ofertę!,https://sklep.peugeot.pl/produkt/2008/vr3ushpv8tj901870/,https://raw.githubusercontent.com/Andy11001/-alfa-inventory/master/data/images/VR3USHPV8TJ901870_clean.webp,Peugeot,2008,2025,0,KM,SUV,Niebieski Obsession,New,95400 PLN,PLN,"{""addr1"": ""UL. FORDOŃSKA 353"", ""city"": ""BYDGOSZCZ"", ""region"": ""KUJAWSKO-POMORSKIE"", ""country"": ""PL""}",53.1235,18.0084,LEASE,687 PLN,per month,Gasoline,Manual,FWD
VR3USHPV4TJ854174,2008 Edition · od 687 PLN/mies.,Peugeot 2008 Edition · Rata od 687 PLN netto/mies. · Leasing B2B · Sosnowiec · Sprawdź ofertę!,https://sklep.peugeot.pl/produkt/2008/vr3ushpv4tj854174/,https://raw.githubusercontent.com/Andy11001/-alfa-inventory/master/data/images/VR3USHPV4TJ854174_clean.jpg,Peugeot,2008,2025,0,KM,SUV,Niebieski Obsession,New,95400 PLN,PLN,"{""addr1"": ""UL. WOJSKA POLSKIEGO 45"", ""city"": ""SOSNOWIEC"", ""region"": ""ŚLĄSKIE"", ""country"": ""PL""}",50.2863,19.1042,LEASE,687 PLN,per month,Gasoline,Manual,FWD
VR3USHPV1TJ901869,2008 Edition · od 687 PLN/mies.,Peugeot 2008 Edition · Rata od 687 PLN netto/mies. · Leasing B2B · Stare Bielice · Sprawdź ofertę!,https://sklep.peugeot.pl/produkt/2008/vr3ushpv1tj901869/,https://raw.githubusercontent.com/Andy11001/-alfa-inventory/master/data/images/VR3USHPV1TJ901869_clean.webp,Peugeot,2008,2025,0,KM,SUV,Niebieski Obsession,New,95400 PLN,PLN,"{""addr1"": ""STARE BIELICE"", ""city"": ""STARE BIELICE"", ""region"": ""MAZOWIECKIE"", ""country"": ""PL""}",,,LEASE,687 PLN,per month,Gasoline,Manual,FWD
VR3USHPVXTJ901515,2008 Edition · od 648 PLN/mies.,Peugeot 2008 Edition · Rata od 648 PLN netto/mies. · Leasing B2B · Bydgoszcz · Sprawdź ofertę!,https://sklep.peugeot.pl/produkt/2008/vr3ushpvxtj901515/,https://raw.githubusercontent.com/Andy11001/-alfa-inventory/master/data/images/VR3USHPVXTJ901515_clean.webp,Peugeot,2008,2025,0,KM,SUV,Bialy Okenite,New,89900 PLN,PLN,"{""addr1"": ""UL. FORDOŃSKA 353"", ""city"": ""BYDGOSZCZ"", ""region"": ""KUJAWSKO-POMORSKIE"", ""country"": ""PL""}",53.1235,18.0084,LEASE,648 PLN,per month,Gasoline,Manual,FWD
VR3USHPV8TJ901514,2008 Edition · od 648 PLN/mies.,Peugeot 2008 Edition · Rata od 648 PLN netto/mies. · Leasing B2B · Bydgoszcz · Sprawdź ofertę!,https://sklep.peugeot.pl/produkt/2008/vr3ushpv8tj901514/,https://raw.githubusercontent.com/Andy11001/-alfa-inventory/master/data/images/VR3USHPV8TJ901514_clean.webp,Peugeot,2008,2025,0,KM,SUV,Bialy Okenite,New,89900 PLN,PLN,"{""addr1"": ""UL. FORDOŃSKA 353"", ""city"": ""BYDGOSZCZ"", ""region"": ""KUJAWSKO-POMORSKIE"", ""country"": ""PL""}",53.1235,18.0084,LEASE,648 PLN,per month,Gasoline,Manual,FWD
VR3USHPV6TJ901513,2008 Edition · od 648 PLN/mies.,Peugeot 2008 Edition · Rata od 648 PLN netto/mies. · Leasing B2B · Warszawa · Sprawdź ofertę!,https://sklep.peugeot.pl/produkt/2008/vr3ushpv6tj901513/,https://raw.githubusercontent.com/Andy11001/-alfa-inventory/master/data/images/VR3USHPV6TJ901513_clean.jpg,Peugeot,2008,2025,0,KM,SUV,Bialy Okenite,New,89900 PLN,PLN,"{""addr1"": ""AL. KRAKOWSKA 206"", ""city"": ""WARSZAWA"", ""region"": ""MAZOWIECKIE"", ""country"": ""PL""}",52.2084,20.9412,LEASE,648 PLN,per month,Gasoline,Manual,FWD
VR3USHPY1TJ632766,2008 · od 759 PLN/mies.,Peugeot 2008 · Rata od 759 PLN netto/mies. · Leasing B2B · Świdnik · Sprawdź ofertę!,https://sklep.peugeot.pl/produkt/2008/vr3ushpy1tj632766/,,Peugeot,2008,2025,0,KM,Hatchback,Niebieski Obsession,New,105500 PLN,PLN,"{""addr1"": ""ŚWIDNIK"", ""city"": ""ŚWIDNIK"", ""region"": ""MAZOWIECKIE"", ""country"": ""PL""}",,,LEASE,759 PLN,per month,Hybrid,Automatic,FWD
VR3KAHPY1TS181987,5008 Gt Exclusive · od 1265 PLN/mies.,Peugeot 5008 Gt Exclusive · Rata od 1265 PLN netto/mies. · Leasing B2B · Legnica · Sprawdź ofertę!,https://sklep.peugeot.pl/produkt/5008/vr3kahpy1ts181987/,https://raw.githubusercontent.com/Andy11001/-alfa-inventory/master/data/images/VR3KAHPY1TS181987_clean.webp,Peugeot,5008,2025,0,KM,SUV,Szary Titane Metaliczny,New,176771 PLN,PLN,"{""addr1"": ""UL. JAWORZYŃSKA 235"", ""city"": ""LEGNICA"", ""region"": ""DOLNOŚLĄSKIE"", ""country"": ""PL""}",51.2070,16.1619,LEASE,1265 PLN,per month,Hybrid,Manual,FWD
VR3KAHPY8TS181985,5008 Gt Exclusive · od 1265 PLN/mies.,Peugeot 5008 Gt Exclusive · Rata od 1265 PLN netto/mies. · Leasing B2B · Legnica · Sprawdź ofertę!,https://sklep.peugeot.pl/produkt/5008/vr3kahpy8ts181985/,https://raw.githubusercontent.com/Andy11001/-alfa-inventory/master/data/images/VR3KAHPY8TS181985_clean.webp,Peugeot,5008,2025,0,KM,SUV,Szary Titane Metaliczny,New,176771 PLN,PLN,"{""addr1"": ""UL. JAWORZYŃSKA 235"", ""city"": ""LEGNICA"", ""region"": ""DOLNOŚLĄSKIE"", ""country"": ""PL""}",51.2070,16.1619,LEASE,1265 PLN,per month,Hybrid,Manual,FWD
VR3FPHPY7TY576236,Nowy 408 Gt · od 1107 PLN/mies.,Peugeot Nowy 408 Gt · Rata od 1107 PLN netto/mies. · Leasing B2B · Świdnik · Sprawdź ofertę!,https://sklep.peugeot.pl/produkt/nowy-408/vr3fphpy7ty576236/,https://raw.githubusercontent.com/Andy11001/-alfa-inventory/master/data/images/VR3FPHPY7TY576236_clean.webp,Peugeot,Nowy 408,2025,0,KM,SUV,Czarny Perla Nera,New,154500 PLN,PLN,"{""addr1"": ""ŚWIDNIK"", ""city"": ""ŚWIDNIK"", ""region"": ""MAZOWIECKIE"", ""country"": ""PL""}",,,LEASE,1107 PLN,per month,Hybrid,Automatic,FWD
VR3FPHPY6TY576454,Nowy 408 Gt · od 1107 PLN/mies.,Peugeot Nowy 408 Gt · Rata od 1107 PLN netto/mies. · Leasing B2B · Świdnik · Sprawdź ofertę!,https://sklep.peugeot.pl/produkt/nowy-408/vr3fphpy6ty576454/,https://raw.githubusercontent.com/Andy11001/-alfa-inventory/master/data/images/VR3FPHPY6TY576454_clean.webp,Peugeot,Nowy 408,2025,0,KM,SUV,Czarny Perla Nera,New,154500 PLN,PLN,"{""addr1"": ""ŚWIDNIK"", ""city"": ""ŚWIDNIK"", ""region"": ""MAZOWIECKIE"", ""country"": ""PL""}",,,LEASE,1107 PLN,per month,Hybrid,Automatic,FWD
VR3KAHPY2TS182405,3008 Allure · od 1050 PLN/mies.,Peugeot 3008 Allure · Rata od 1050 PLN netto/mies. · Leasing B2B · Świdnik · Sprawdź ofertę!,https://sklep.peugeot.pl/produkt/3008/vr3kahpy2ts182405/,,Peugeot,3008,2025,0,KM,SUV,Szary Titane,New,146500 PLN,PLN,"{""addr1"": ""ŚWIDNIK"", ""city"": ""ŚWIDNIK"", ""region"": ""MAZOWIECKIE"", ""country"": ""PL""}",,,LEASE,1050 PLN,per month,Hybrid,Manual,FWD
VR3FPHPY3TY578498,Nowy 408 Gt Exclusive · od 1114 PLN/mies.,Peugeot Nowy 408 Gt Exclusive · Rata od 1114 PLN netto/mies. · Leasing B2B · Białystok · Sprawdź ofertę!,https://sklep.peugeot.pl/produkt/nowy-408/vr3fphpy3ty578498/,https://raw.githubusercontent.com/Andy11001/-alfa-inventory/master/data/images/VR3FPHPY3TY578498_clean.webp,Peugeot,Nowy 408,2025,0,KM,SUV,Zielony Flare,New,155584 PLN,PLN,"{""addr1"": ""UL. ELEWATORSKA 60"", ""city"": ""BIAŁYSTOK"", ""region"": ""PODLASKIE"", ""country"": ""PL""}",53.1325,23.1688,LEASE,1114 PLN,per month,Hybrid,Automatic,FWD
VR3FPHPY1TY572635,Nowy 408 Gt Exclusive · od 1114 PLN/mies.,Peugeot Nowy 408 Gt Exclusive · Rata od 1114 PLN netto/mies. · Leasing B2B · Białystok · Sprawdź ofertę!,https://sklep.peugeot.pl/produkt/nowy-408/vr3fphpy1ty572635/,https://raw.githubusercontent.com/Andy11001/-alfa-inventory/master/data/images/VR3FPHPY1TY572635_clean.webp,Peugeot,Nowy 408,2025,0,KM,SUV,Zielony Flare,New,155584 PLN,PLN,"{""addr1"": ""UL. ELEWATORSKA 60"", ""city"": ""BIAŁYSTOK"", ""region"": ""PODLASKIE"", ""country"": ""PL""}",53.1325,23.1688,LEASE,1114 PLN,per month,Hybrid,Automatic,FWD
VR3FPHPY1TY577575,Nowy 408 Gt Exclusive · od 1114 PLN/mies.,Peugeot Nowy 408 Gt Exclusive · Rata od 1114 PLN netto/mies. · Leasing B2B · Legnica · Sprawdź ofertę!,https://sklep.peugeot.pl/produkt/nowy-408/vr3fphpy1ty577575/,https://raw.githubusercontent.com/Andy11001/-alfa-inventory/master/data/images/VR3FPHPY1TY577575_clean.webp,Peugeot,Nowy 408,2025,0,KM,SUV,Zielony Flare,New,155584 PLN,PLN,"{""addr1"": ""UL. JAWORZYŃSKA 235"", ""city"": ""LEGNICA"", ""region"": ""DOLNOŚLĄSKIE"", ""country"": ""PL""}",51.2070,16.1619,LEASE,1114 PLN,per month,Hybrid,Automatic,FWD
VR3FPHPY9TY545506,Nowy 408 Business · od 1039 PLN/mies.,Peugeot Nowy 408 Business · Rata od 1039 PLN netto/mies. · Leasing B2B · Bielsko-Biała · Sprawdź ofertę!,https://sklep.peugeot.pl/produkt/nowy-408/vr3fphpy9ty545506/,https://raw.githubusercontent.com/Andy11001/-alfa-inventory/master/data/images/VR3FPHPY9TY545506_clean.webp,Peugeot,Nowy 408,2025,0,KM,SUV,Bialy Okenite,New,144936 PLN,PLN,"{""addr1"": ""UL. WARSZAWSKA 15"", ""city"": ""BIELSKO-BIAŁA"", ""region"": ""ŚLĄSKIE"", ""country"": ""PL""}",49.8225,19.0444,LEASE,1039 PLN,per month,Hybrid,Automatic,FWD
VR3USHPY9TJ838966,2008 Gt Exclusive · od 974 PLN/mies.,Peugeot 2008 Gt Exclusive · Rata od 974 PLN netto/mies. · Leasing B2B · Konin · Sprawdź ofertę!,https://sklep.peugeot.pl/produkt/2008/vr3ushpy9tj838966/,https://raw.githubusercontent.com/Andy11001/-alfa-inventory/master/data/images/VR3USHPY9TJ838966_clean.webp,Peugeot,2008,2025,0,KM,SUV,Czarny Perla Nera,New,135800 PLN,PLN,"{""addr1"": ""KONIN"", ""city"": ""KONIN"", ""region"": ""MAZOWIECKIE"", ""country"": ""PL""}",,,LEASE,974 PLN,per month,Hybrid,Automatic,FWD
VR3USHPXXTJ733215,2008 Edition · od 760 PLN/mies.,Peugeot 2008 Edition · Rata od 760 PLN netto/mies. · Leasing B2B · Kraków · Sprawdź ofertę!,https://sklep.peugeot.pl/produkt/2008/vr3ushpxxtj733215/,https://raw.githubusercontent.com/Andy11001/-alfa-inventory/master/data/images/VR3USHPXXTJ733215_clean.webp,Peugeot,2008,2025,0,KM,SUV,Szary Artense,New,105600 PLN,PLN,"{""addr1"": ""UL. OPOLSKA 9"", ""city"": ""KRAKÓW"", ""region"": ""MAŁOPOLSKIE"", ""country"": ""PL""}",50.0931,19.9238,LEASE,760 PLN,per month,Hybrid,Automatic,FWD
VR3USHPX4TJ731296,2008 Edition · od 760 PLN/mies.,Peugeot 2008 Edition · Rata od 760 PLN netto/mies. · Leasing B2B · Kraków · Sprawdź ofertę!,https://sklep.peugeot.pl/produkt/2008/vr3ushpx4tj731296/,https://raw.githubusercontent.com/Andy11001/-alfa-inventory/master/data/images/VR3USHPX4TJ731296_clean.jpg,Peugeot,2008,2025,0,KM,SUV,Czarny Perla Nera,New,105600 PLN,PLN,"{""addr1"": ""UL. OPOLSKA 9"", ""city"": ""KRAKÓW"", ""region"": ""MAŁOPOLSKIE"", ""country"": ""PL""}",50.0931,19.9238,LEASE,760 PLN,per month,Hybrid,Automatic,FWD
VR3UPHPV4T5107393,208 Edition · od 538 PLN/mies.,Peugeot 208 Edition · Rata od 538 PLN netto/mies. · Leasing B2B · Bydgoszcz · Sprawdź ofertę!,https://sklep.peugeot.pl/produkt/208/vr3uphpv4t5107393/,https://raw.githubusercontent.com/Andy11001/-alfa-inventory/master/data/images/VR3UPHPV4T5107393_clean.webp,Peugeot,208,2025,0,KM,Hatchback,Bialy Okenite,New,74400 PLN,PLN,"{""addr1"": ""UL. FORDOŃSKA 353"", ""city"": ""BYDGOSZCZ"", ""region"": ""KUJAWSKO-POMORSKIE"", ""country"": ""PL""}",53.1235,18.0084,LEASE,538 PLN,per month,Gasoline,Manual,FWD
VR3FPHPY4TY577120,Nowy 408 Gt Exclusive · od 1149 PLN/mies.,Peugeot Nowy 408 Gt Exclusive · Rata od 1149 PLN netto/mies. · Leasing B2B · Sosnowiec · Sprawdź ofertę!,https://sklep.peugeot.pl/produkt/nowy-408/vr3fphpy4ty577120/,https://raw.githubusercontent.com/Andy11001/-alfa-inventory/master/data/images/VR3FPHPY4TY577120_clean.webp,Peugeot,Nowy 408,2025,0,KM,SUV,Zielony Flare,New,160424 PLN,PLN,"{""addr1"": ""UL. WOJSKA POLSKIEGO 45"", ""city"": ""SOSNOWIEC"", ""region"": ""ŚLĄSKIE"", ""country"": ""PL""}",50.2863,19.1042,LEASE,1149 PLN,per month,Hybrid,Automatic,FWD
VR3FPHPY4TY578526,Nowy 408 Gt Exclusive · od 1149 PLN/mies.,Peugeot Nowy 408 Gt Exclusive · Rata od 1149 PLN netto/mies. · Leasing B2B · Piła · Sprawdź ofertę!,https://sklep.peugeot.pl/produkt/nowy-408/vr3fphpy4ty578526/,https://raw.githubusercontent.com/Andy11001/-alfa-inventory/master/data/images/VR3FPHPY4TY578526_clean.webp,Peugeot,Nowy 408,2025,0,KM,SUV,Zielony Flare,New,160424 PLN,PLN,"{""addr1"": ""UL. WARSZTATOWA 6"", ""city"": ""PIŁA"", ""region"": ""WIELKOPOLSKIE"", ""country"": ""PL""}",53.1510,16.7384,LEASE,1149 PLN,per month,Hybrid,Automatic,FWD
VR3FPHPY6TY575501,Nowy 408 Gt Exclusive · od 1133 PLN/mies.,Peugeot Nowy 408 Gt Exclusive · Rata od 1133 PLN netto/mies. · Leasing B2B · Szczecin · Sprawdź ofertę!,https://sklep.peugeot.pl/produkt/nowy-408/vr3fphpy6ty575501/,https://raw.githubusercontent.com/Andy11001/-alfa-inventory/master/data/images/VR3FPHPY6TY575501_clean.webp,Peugeot,Nowy 408,2025,0,KM,SUV,Czarny Perla Nera,New,158136 PLN,PLN,"{""addr1"": ""UL. STRUGA 1B"", ""city"": ""SZCZECIN"", ""region"": ""ZACHODNIOPOMORSKIE"", ""country"": ""PL""}",53.3891,14.6543,LEASE,1133 PLN,per month,Hybrid,Automatic,FWD
VR3FPHPY3TY545520,Nowy 408 Gt · od 1094 PLN/mies.,Peugeot Nowy 408 Gt · Rata od 1094 PLN netto/mies. · Leasing B2B · Łódź · Sprawdź ofertę!,https://sklep.peugeot.pl/produkt/nowy-408/vr3fphpy3ty545520/,https://raw.githubusercontent.com/Andy11001/-alfa-inventory/master/data/images/VR3FPHPY3TY545520_clean.webp,Peugeot,Nowy 408,2025,0,KM,SUV,Szary Selenium,New,152768 PLN,PLN,"{""addr1"": ""UL. OBYWATELSKA 181"", ""city"": ""ŁÓDŹ"", ""region"": ""ŁÓDZKIE"", ""country"": ""PL""}",51.7371,19.4316,LEASE,1094 PLN,per month,Hybrid,Automatic,FWD
VR3USHPV5TJ803184,2008 Edition · od 687 PLN/mies.,Peugeot 2008 Edition · Rata od 687 PLN netto/mies. · Leasing B2B · Radom · Sprawdź ofertę!,https://sklep.peugeot.pl/produkt/2008/vr3ushpv5tj803184/,https://raw.githubusercontent.com/Andy11001/-alfa-inventory/master/data/images/VR3USHPV5TJ803184_clean.webp,Peugeot,2008,2025,0,KM,SUV,Szary Selenium,New,95400 PLN,PLN,"{""addr1"": ""UL. ŻÓŁKIEWSKIEGO 4"", ""city"": ""RADOM"", ""region"": ""MAZOWIECKIE"", ""country"": ""PL""}",51.4027,21.1471,LEASE,687 PLN,per month,Gasoline,Manual,FWD
VR3KAHPY4TS179652,5008 Gt · od 1278 PLN/mies.,Peugeot 5008 Gt · Rata od 1278 PLN netto/mies. · Leasing B2B · Gdańsk · Sprawdź ofertę!,https://sklep.peugeot.pl/produkt/5008/vr3kahpy4ts179652/,https://raw.githubusercontent.com/Andy11001/-alfa-inventory/master/data/images/VR3KAHPY4TS179652_clean.webp,Peugeot,5008,2025,0,KM,SUV,Szary Artense Metaliczny,New,178610 PLN,PLN,"{""addr1"": ""AL. GRUNWALDZKA 256"", ""city"": ""GDAŃSK"", ""region"": ""POMORSKIE"", ""country"": ""PL""}",54.4022,18.5714,LEASE,1278 PLN,per month,Hybrid,Manual,FWD
VR3KAHPY1TS178698,5008 Gt · od 1278 PLN/mies.,Peugeot 5008 Gt · Rata od 1278 PLN netto/mies. · Leasing B2B · Warszawa · Sprawdź ofertę!,https://sklep.peugeot.pl/produkt/5008/vr3kahpy1ts178698/,https://raw.githubusercontent.com/Andy11001/-alfa-inventory/master/data/images/VR3KAHPY1TS178698_clean.webp,Peugeot,5008,2025,0,KM,SUV,Szary Artense Metaliczny,New,178610 PLN,PLN,"{""addr1"": ""AL. KRAKOWSKA 206"", ""city"": ""WARSZAWA"", ""region"": ""MAZOWIECKIE"", ""country"": ""PL""}",52.2084,20.9412,LEASE,1278 PLN,per month,Hybrid,Manual,FWD
VR3KAHPY3TS178699,5008 Gt · od 1278 PLN/mies.,Peugeot 5008 Gt · Rata od 1278 PLN netto/mies. · Leasing B2B · Gdańsk · Sprawdź ofertę!,https://sklep.peugeot.pl/produkt/5008/vr3kahpy3ts178699/,https://raw.githubusercontent.com/Andy11001/-alfa-inventory/master/data/images/VR3KAHPY3TS178699_clean.webp,Peugeot,5008,2025,0,KM,SUV,Szary Artense Metaliczny,New,178610 PLN,PLN,"{""addr1"": ""AL. GRUNWALDZKA 256"", ""city"": ""GDAŃSK"", ""region"": ""POMORSKIE"", ""country"": ""PL""}",54.4022,18.5714,LEASE,1278 PLN,per month,Hybrid,Manual,FWD
VR3KAHPY8TS178701,5008 Gt · od 1278 PLN/mies.,Peugeot 5008 Gt · Rata od 1278 PLN netto/mies. · Leasing B2B · Warszawa · Sprawdź ofertę!,https://sklep.peugeot.pl/produkt/5008/vr3kahpy8ts178701/,https://raw.githubusercontent.com/Andy11001/-alfa-inventory/master/data/images/VR3KAHPY8TS178701_clean.webp,Peugeot,5008,2025,0,KM,SUV,Szary Artense Metaliczny,New,178610 PLN,PLN,"{""addr1"": ""AL. KRAKOWSKA 206"", ""city"": ""WARSZAWA"", ""region"": ""MAZOWIECKIE"", ""country"": ""PL""}",52.2084,20.9412,LEASE,1278 PLN,per month,Hybrid,Manual,FWD
VR3KAHPYXTS178702,5008 Gt · od 1278 PLN/mies.,Peugeot 5008 Gt · Rata od 1278 PLN netto/mies. · Leasing B2B · Wrocław · Sprawdź ofertę!,https://sklep.peugeot.pl/produkt/5008/vr3kahpyxts178702/,https://raw.githubusercontent.com/Andy11001/-alfa-inventory/master/data/images/VR3KAHPYXTS178702_clean.webp,Peugeot,5008,2025,0,KM,SUV,Szary Artense Metaliczny,New,178610 PLN,PLN,"{""addr1"": ""UL. SZCZECIŃSKA 7"", ""city"": ""WROCŁAW"", ""region"": ""DOLNOŚLĄSKIE"", ""country"": ""PL""}",51.1274,16.9535,LEASE,1278 PLN,per month,Hybrid,Manual,FWD
VR3FPHPY5TY575537,Nowy 408 Gt Exclusive · od 1131 PLN/mies.,Peugeot Nowy 408 Gt Exclusive · Rata od 1131 PLN netto/mies. · Leasing B2B · Warszawa · Sprawdź ofertę!,https://sklep.peugeot.pl/produkt/nowy-408/vr3fphpy5ty575537/,https://raw.githubusercontent.com/Andy11001/-alfa-inventory/master/data/images/VR3FPHPY5TY575537_clean.webp,Peugeot,Nowy 408,2025,0,KM,SUV,Bialy Okenite,New,157900 PLN,PLN,"{""addr1"": ""AL. KRAKOWSKA 206"", ""city"": ""WARSZAWA"", ""region"": ""MAZOWIECKIE"", ""country"": ""PL""}",52.2084,20.9412,LEASE,1131 PLN,per month,Hybrid,Automatic,FWD
VR3FPHPY6TY575532,Nowy 408 Gt Exclusive · od 1167 PLN/mies.,Peugeot Nowy 408 Gt Exclusive · Rata od 1167 PLN netto/mies. · Leasing B2B · Słupsk · Sprawdź ofertę!,https://sklep.peugeot.pl/produkt/nowy-408/vr3fphpy6ty575532/,https://raw.githubusercontent.com/Andy11001/-alfa-inventory/master/data/images/VR3FPHPY6TY575532_clean.webp,Peugeot,Nowy 408,2025,0,KM,SUV,Czarny Perla Nera,New,162976 PLN,PLN,"{""addr1"": ""SŁUPSK"", ""city"": ""SŁUPSK"", ""region"": ""MAZOWIECKIE"", ""country"": ""PL""}",,,LEASE,1167 PLN,per month,Hybrid,Automatic,FWD
VR3FPHPYXTY568809,Nowy 408 Gt Exclusive · od 1167 PLN/mies.,Peugeot Nowy 408 Gt Exclusive · Rata od 1167 PLN netto/mies. · Leasing B2B · Bydgoszcz · Sprawdź ofertę!,https://sklep.peugeot.pl/produkt/nowy-408/vr3fphpyxty568809/,https://raw.githubusercontent.com/Andy11001/-alfa-inventory/master/data/images/VR3FPHPYXTY568809_clean.webp,Peugeot,Nowy 408,2025,0,KM,SUV,Czarny Perla Nera,New,162976 PLN,PLN,"{""addr1"": ""UL. FORDOŃSKA 353"", ""city"": ""BYDGOSZCZ"", ""region"": ""KUJAWSKO-POMORSKIE"", ""country"": ""PL""}",53.1235,18.0084,LEASE,1167 PLN,per month,Hybrid,Automatic,FWD
VR3FPHPY7TY577676,Nowy 408 Gt Exclusive · od 1133 PLN/mies.,Peugeot Nowy 408 Gt Exclusive · Rata od 1133 PLN netto/mies. · Leasing B2B · Szczecin · Sprawdź ofertę!,https://sklep.peugeot.pl/produkt/nowy-408/vr3fphpy7ty577676/,https://raw.githubusercontent.com/Andy11001/-alfa-inventory/master/data/images/VR3FPHPY7TY577676_clean.webp,Peugeot,Nowy 408,2025,0,KM,SUV,Szary Selenium,New,158136 PLN,PLN,"{""addr1"": ""UL. STRUGA 1B"", ""city"": ""SZCZECIN"", ""region"": ""ZACHODNIOPOMORSKIE"", ""country"": ""PL""}",53.3891,14.6543,LEASE,1133 PLN,per month,Hybrid,Automatic,FWD
VR3FPHPY2TY576371,Nowy 408 Gt Exclusive · od 1133 PLN/mies.,Peugeot Nowy 408 Gt Exclusive · Rata od 1133 PLN netto/mies. · Leasing B2B · Legnica · Sprawdź ofertę!,https://sklep.peugeot.pl/produkt/nowy-408/vr3fphpy2ty576371/,https://raw.githubusercontent.com/Andy11001/-alfa-inventory/master/data/images/VR3FPHPY2TY576371_clean.webp,Peugeot,Nowy 408,2025,0,KM,SUV,Bialy Okenite,New,158136 PLN,PLN,"{""addr1"": ""UL. JAWORZYŃSKA 235"", ""city"": ""LEGNICA"", ""region"": ""DOLNOŚLĄSKIE"", ""country"": ""PL""}",51.2070,16.1619,LEASE,1133 PLN,per month,Hybrid,Automatic,FWD
VR3USHPX9TJ742441,2008 Edition · od 760 PLN/mies.,Peugeot 2008 Edition · Rata od 760 PLN netto/mies. · Leasing B2B · Kalisz · Sprawdź ofertę!,https://sklep.peugeot.pl/produkt/2008/vr3ushpx9tj742441/,https://raw.githubusercontent.com/Andy11001/-alfa-inventory/master/data/images/VR3USHPX9TJ742441_clean.webp,Peugeot,2008,2025,0,KM,SUV,Szary Artense,New,105600 PLN,PLN,"{""addr1"": ""UL. CZĘSTOCHOWSKA 144"", ""city"": ""KALISZ"", ""region"": ""WIELKOPOLSKIE"", ""country"": ""PL""}",51.7612,18.0929,LEASE,760 PLN,per month,Hybrid,Automatic,FWD
VR3USHPX9TJ729852,2008 Edition · od 760 PLN/mies.,Peugeot 2008 Edition · Rata od 760 PLN netto/mies. · Leasing B2B · Kalisz · Sprawdź ofertę!,https://sklep.peugeot.pl/produkt/2008/vr3ushpx9tj729852/,https://raw.githubusercontent.com/Andy11001/-alfa-inventory/master/data/images/VR3USHPX9TJ729852_clean.webp,Peugeot,2008,2025,0,KM,SUV,Niebieski Obsession,New,105600 PLN,PLN,"{""addr1"": ""UL. CZĘSTOCHOWSKA 144"", ""city"": ""KALISZ"", ""region"": ""WIELKOPOLSKIE"", ""country"": ""PL""}",51.7612,18.0929,LEASE,760 PLN,per month,Hybrid,Automatic,FWD
VR3USHPV9TJ736315,2008 Edition · od 667 PLN/mies.,Peugeot 2008 Edition · Rata od 667 PLN netto/mies. · Leasing B2B · Bielsko-Biała · Sprawdź ofertę!,https://sklep.peugeot.pl/produkt/2008/vr3ushpv9tj736315/,https://raw.githubusercontent.com/Andy11001/-alfa-inventory/master/data/images/VR3USHPV9TJ736315_clean.webp,Peugeot,2008,2025,0,KM,SUV,Szary Artense,New,92600 PLN,PLN,"{""addr1"": ""UL. WARSZAWSKA 15"", ""city"": ""BIELSKO-BIAŁA"", ""region"": ""ŚLĄSKIE"", ""country"": ""PL""}",49.8225,19.0444,LEASE,667 PLN,per month,Gasoline,Manual,FWD
VR3KAHPY7TS178513,5008 Gt Exclusive · od 1302 PLN/mies.,Peugeot 5008 Gt Exclusive · Rata od 1302 PLN netto/mies. · Leasing B2B · Warszawa · Sprawdź ofertę!,https://sklep.peugeot.pl/produkt/5008/vr3kahpy7ts178513/,https://raw.githubusercontent.com/Andy11001/-alfa-inventory/master/data/images/VR3KAHPY7TS178513_clean.webp,Peugeot,5008,2025,0,KM,SUV,Niebieski Obsession Metaliczny,New,182030 PLN,PLN,"{""addr1"": ""AL. KRAKOWSKA 206"", ""city"": ""WARSZAWA"", ""region"": ""MAZOWIECKIE"", ""country"": ""PL""}",52.2084,20.9412,LEASE,1302 PLN,per month,Hybrid,Manual,FWD
VR3KAHPY3TS176578,5008 Gt · od 1278 PLN/mies.,Peugeot 5008 Gt · Rata od 1278 PLN netto/mies. · Leasing B2B · Warszawa · Sprawdź ofertę!,https://sklep.peugeot.pl/produkt/5008/vr3kahpy3ts176578/,https://raw.githubusercontent.com/Andy11001/-alfa-inventory/master/data/images/VR3KAHPY3TS176578_clean.webp,Peugeot,5008,2025,0,KM,SUV,Szary Titane Metaliczny,New,178610 PLN,PLN,"{""addr1"": ""AL. KRAKOWSKA 206"", ""city"": ""WARSZAWA"", ""region"": ""MAZOWIECKIE"", ""country"": ""PL""}",52.2084,20.9412,LEASE,1278 PLN,per month,Hybrid,Manual,FWD
VR3KAHPY5TS160382,5008 Gt · od 1278 PLN/mies.,Peugeot 5008 Gt · Rata od 1278 PLN netto/mies. · Leasing B2B · Warszawa · Sprawdź ofertę!,https://sklep.peugeot.pl/produkt/5008/vr3kahpy5ts160382/,https://raw.githubusercontent.com/Andy11001/-alfa-inventory/master/data/images/VR3KAHPY5TS160382_clean.webp,Peugeot,5008,2025,0,KM,SUV,Czarny Perla Nera Metaliczny,New,178610 PLN,PLN,"{""addr1"": ""AL. KRAKOWSKA 206"", ""city"": ""WARSZAWA"", ""region"": ""MAZOWIECKIE"", ""country"": ""PL""}",52.2084,20.9412,LEASE,1278 PLN,per month,Hybrid,Manual,FWD
VR3KAHPY7TS176583,5008 Gt · od 1278 PLN/mies.,Peugeot 5008 Gt · Rata od 1278 PLN netto/mies. · Leasing B2B · Warszawa · Sprawdź ofertę!,https://sklep.peugeot.pl/produkt/5008/vr3kahpy7ts176583/,https://raw.githubusercontent.com/Andy11001/-alfa-inventory/master/data/images/VR3KAHPY7TS176583_clean.webp,Peugeot,5008,2025,0,KM,SUV,Szary Titane Metaliczny,New,178610 PLN,PLN,"{""addr1"": ""AL. KRAKOWSKA 206"", ""city"": ""WARSZAWA"", ""region"": ""MAZOWIECKIE"", ""country"": ""PL""}",52.2084,20.9412,LEASE,1278 PLN,per month,Hybrid,Manual,FWD
VR3KAHPY3TS178637,5008 Gt Exclusive · od 1270 PLN/mies.,Peugeot 5008 Gt Exclusive · Rata od 1270 PLN netto/mies. · Leasing B2B · Białystok · Sprawdź ofertę!,https://sklep.peugeot.pl/produkt/5008/vr3kahpy3ts178637/,https://raw.githubusercontent.com/Andy11001/-alfa-inventory/master/data/images/VR3KAHPY3TS178637_clean.jpg,Peugeot,5008,2025,0,KM,SUV,Bialy Okenite Metaliczny Specjalny,New,177455 PLN,PLN,"{""addr1"": ""UL. ELEWATORSKA 60"", ""city"": ""BIAŁYSTOK"", ""region"": ""PODLASKIE"", ""country"": ""PL""}",53.1325,23.1688,LEASE,1270 PLN,per month,Hybrid,Manual,FWD
VR3KAHPY4TS178517,5008 Gt Exclusive · od 1265 PLN/mies.,Peugeot 5008 Gt Exclusive · Rata od 1265 PLN netto/mies. · Leasing B2B · Gorzów Wielkopolski · Sprawdź ofertę!,https://sklep.peugeot.pl/produkt/5008/vr3kahpy4ts178517/,https://raw.githubusercontent.com/Andy11001/-alfa-inventory/master/data/images/VR3KAHPY4TS178517_clean.webp,Peugeot,5008,2025,0,KM,SUV,Czarny Perla Nera Metaliczny,New,176771 PLN,PLN,"{""addr1"": ""GORZÓW WIELKOPOLSKI"", ""city"": ""GORZÓW WIELKOPOLSKI"", ""region"": ""MAZOWIECKIE"", ""country"": ""PL""}",,,LEASE,1265 PLN,per month,Hybrid,Manual,FWD
VR3KAHPY9TS178366,5008 Gt Exclusive · od 1247 PLN/mies.,Peugeot 5008 Gt Exclusive · Rata od 1247 PLN netto/mies. · Leasing B2B · Poznań · Sprawdź ofertę!,https://sklep.peugeot.pl/produkt/5008/vr3kahpy9ts178366/,https://raw.githubusercontent.com/Andy11001/-alfa-inventory/master/data/images/VR3KAHPY9TS178366_clean.webp,Peugeot,5008,2025,0,KM,SUV,Niebieski Obsession Metaliczny,New,174292 PLN,PLN,"{""addr1"": ""UL. BOLESŁAWA KRZYWOUSTEGO 71"", ""city"": ""POZNAŃ"", ""region"": ""WIELKOPOLSKIE"", ""country"": ""PL""}",52.3787,17.0270,LEASE,1247 PLN,per month,Hybrid,Manual,FWD
VR3FPHPY6TY572663,Nowy 408 Gt Exclusive · od 1167 PLN/mies.,Peugeot Nowy 408 Gt Exclusive · Rata od 1167 PLN netto/mies. · Leasing B2B · Kraków · Sprawdź ofertę!,https://sklep.peugeot.pl/produkt/nowy-408/vr3fphpy6ty572663/,https://raw.githubusercontent.com/Andy11001/-alfa-inventory/master/data/images/VR3FPHPY6TY572663_clean.jpg,Peugeot,Nowy 408,2025,0,KM,SUV,Czarny Perla Nera,New,162976 PLN,PLN,"{""addr1"": ""UL. OPOLSKA 9"", ""city"": ""KRAKÓW"", ""region"": ""MAŁOPOLSKIE"", ""country"": ""PL""}",50.0931,19.9238,LEASE,1167 PLN,per month,Hybrid,Automatic,FWD
VR3FPHPY2TY577763,Nowy 408 Gt Exclusive · od 1167 PLN/mies.,Peugeot Nowy 408 Gt Exclusive · Rata od 1167 PLN netto/mies. · Leasing B2B · Leszno · Sprawdź ofertę!,https://sklep.peugeot.pl/produkt/nowy-408/vr3fphpy2ty577763/,https://raw.githubusercontent.com/Andy11001/-alfa-inventory/master/data/images/VR3FPHPY2TY577763_clean.webp,Peugeot,Nowy 408,2025,0,KM,SUV,Czarny Perla Nera,New,162976 PLN,PLN,"{""addr1"": ""UL. OKRZEI 12"", ""city"": ""LESZNO"", ""region"": ""WIELKOPOLSKIE"", ""country"": ""PL""}",51.8432,16.5751,LEASE,1167 PLN,per month,Hybrid,Automatic,FWD
VR3FPHPY4TY578459,Nowy 408 Gt Exclusive · od 1167 PLN/mies.,Peugeot Nowy 408 Gt Exclusive · Rata od 1167 PLN netto/mies. · Leasing B2B · Zielona Góra · Sprawdź ofertę!,https://sklep.peugeot.pl/produkt/nowy-408/vr3fphpy4ty578459/,https://raw.githubusercontent.com/Andy11001/-alfa-inventory/master/data/images/VR3FPHPY4TY578459_clean.jpg,Peugeot,Nowy 408,2025,0,KM,SUV,Czarny Perla Nera,New,162976 PLN,PLN,"{""addr1"": ""ZIELONA GÓRA"", ""city"": ""ZIELONA GÓRA"", ""region"": ""MAZOWIECKIE"", ""country"": ""PL""}",,,LEASE,1167 PLN,per month,Hybrid,Automatic,FWD
VR3FPHPY0TY578524,Nowy 408 Gt Exclusive · od 1149 PLN/mies.,Peugeot Nowy 408 Gt Exclusive · Rata od 1149 PLN netto/mies. · Leasing B2B · Poznań · Sprawdź ofertę!,https://sklep.peugeot.pl/produkt/nowy-408/vr3fphpy0ty578524/,https://raw.githubusercontent.com/Andy11001/-alfa-inventory/master/data/images/VR3FPHPY0TY578524_clean.webp,Peugeot,Nowy 408,2025,0,KM,SUV,Zielony Flare,New,160424 PLN,PLN,"{""addr1"": ""UL. BOLESŁAWA KRZYWOUSTEGO 71"", ""city"": ""POZNAŃ"", ""region"": ""WIELKOPOLSKIE"", ""country"": ""PL""}",52.3787,17.0270,LEASE,1149 PLN,per month,Hybrid,Automatic,FWD
VR3FPHPY7TY578522,Nowy 408 Gt Exclusive · od 1149 PLN/mies.,Peugeot Nowy 408 Gt Exclusive · Rata od 1149 PLN netto/mies. · Leasing B2B · Białystok · Sprawdź ofertę!,https://sklep.peugeot.pl/produkt/nowy-408/vr3fphpy7ty578522/,https://raw.githubusercontent.com/Andy11001/-alfa-inventory/master/data/images/VR3FPHPY7TY578522_clean.webp,Peugeot,Nowy 408,2025,0,KM,SUV,Zielony Flare,New,160424 PLN,PLN,"{""addr1"": ""UL. ELEWATORSKA 60"", ""city"": ""BIAŁYSTOK"", ""region"": ""PODLASKIE"", ""country"": ""PL""}",53.1325,23.1688,LEASE,1149 PLN,per month,Hybrid,Automatic,FWD
VR3FPHPY9TY578523,Nowy 408 Gt Exclusive · od 1149 PLN/mies.,Peugeot Nowy 408 Gt Exclusive · Rata od 1149 PLN netto/mies. · Leasing B2B · Słupsk · Sprawdź ofertę!,https://sklep.peugeot.pl/produkt/nowy-408/vr3fphpy9ty578523/,https://raw.githubusercontent.com/Andy11001/-alfa-inventory/master/data/images/VR3FPHPY9TY578523_clean.webp,Peugeot,Nowy 408,2025,0,KM,SUV,Zielony Flare,New,160424 PLN,PLN,"{""addr1"": ""SŁUPSK"", ""city"": ""SŁUPSK"", ""region"": ""MAZOWIECKIE"", ""country"": ""PL""}",,,LEASE,1149 PLN,per month,Hybrid,Automatic,FWD
VR3FPHPY1TY577642,Nowy 408 Gt Exclusive · od 1149 PLN/mies.,Peugeot Nowy 408 Gt Exclusive · Rata od 1149 PLN netto/mies. · Leasing B2B · Radom · Sprawdź ofertę!,https://sklep.peugeot.pl/produkt/nowy-408/vr3fphpy1ty577642/,https://raw.githubusercontent.com/Andy11001/-alfa-inventory/master/data/images/VR3FPHPY1TY577642_clean.webp,Peugeot,Nowy 408,2025,0,KM,SUV,Zielony Flare,New,160424 PLN,PLN,"{""addr1"": ""UL. ŻÓŁKIEWSKIEGO 4"", ""city"": ""RADOM"", ""region"": ""MAZOWIECKIE"", ""country"": ""PL""}",51.4027,21.1471,LEASE,1149 PLN,per month,Hybrid,Automatic,FWD
VR3FPHPY1TY578452,Nowy 408 Gt Exclusive · od 1136 PLN/mies.,Peugeot Nowy 408 Gt Exclusive · Rata od 1136 PLN netto/mies. · Leasing B2B · Poznań · Sprawdź ofertę!,https://sklep.peugeot.pl/produkt/nowy-408/vr3fphpy1ty578452/,https://raw.githubusercontent.com/Andy11001/-alfa-inventory/master/data/images/VR3FPHPY1TY578452_clean.webp,Peugeot,Nowy 408,2025,0,KM,SUV,Czerwony Elixir,New,158664 PLN,PLN,"{""addr1"": ""UL. BOLESŁAWA KRZYWOUSTEGO 71"", ""city"": ""POZNAŃ"", ""region"": ""WIELKOPOLSKIE"", ""country"": ""PL""}",52.3787,17.0270,LEASE,1136 PLN,per month,Hybrid,Automatic,FWD
VR3FPHPY5TY578504,Nowy 408 Gt Exclusive · od 1133 PLN/mies.,Peugeot Nowy 408 Gt Exclusive · Rata od 1133 PLN netto/mies. · Leasing B2B · Poznań · Sprawdź ofertę!,https://sklep.peugeot.pl/produkt/nowy-408/vr3fphpy5ty578504/,https://raw.githubusercontent.com/Andy11001/-alfa-inventory/master/data/images/VR3FPHPY5TY578504_clean.webp,Peugeot,Nowy 408,2025,0,KM,SUV,Szary Selenium,New,158136 PLN,PLN,"{""addr1"": ""UL. BOLESŁAWA KRZYWOUSTEGO 71"", ""city"": ""POZNAŃ"", ""region"": ""WIELKOPOLSKIE"", ""country"": ""PL""}",52.3787,17.0270,LEASE,1133 PLN,per month,Hybrid,Automatic,FWD
VR3FPHPY3TY578503,Nowy 408 Gt Exclusive · od 1133 PLN/mies.,Peugeot Nowy 408 Gt Exclusive · Rata od 1133 PLN netto/mies. · Leasing B2B · Białystok · Sprawdź ofertę!,https://sklep.peugeot.pl/produkt/nowy-408/vr3fphpy3ty578503/,https://raw.githubusercontent.com/Andy11001/-alfa-inventory/master/data/images/VR3FPHPY3TY578503_clean.jpg,Peugeot,Nowy 408,2025,0,KM,SUV,Szary Selenium,New,158136 PLN,PLN,"{""addr1"": ""UL. ELEWATORSKA 60"", ""city"": ""BIAŁYSTOK"", ""region"": ""PODLASKIE"", ""country"": ""PL""}",53.1325,23.1688,LEASE,1133 PLN,per month,Hybrid,Automatic,FWD
VR3USHPY2TJ840736,2008 Envy · od 875 PLN/mies.,Peugeot 2008 Envy · Rata od 875 PLN netto/mies. · Leasing B2B · Gdańsk · Sprawdź ofertę!,https://sklep.peugeot.pl/produkt/2008/vr3ushpy2tj840736/,https://raw.githubusercontent.com/Andy11001/-alfa-inventory/master/data/images/VR3USHPY2TJ840736_clean.webp,Peugeot,2008,2025,0,KM,SUV,Niebieski Nazare,New,121888 PLN,PLN,"{""addr1"": ""AL. GRUNWALDZKA 256"", ""city"": ""GDAŃSK"", ""region"": ""POMORSKIE"", ""country"": ""PL""}",54.4022,18.5714,LEASE,875 PLN,per month,Hybrid,Automatic,FWD
VR3KAHPY5TS178638,5008 Gt Exclusive · od 1270 PLN/mies.,Peugeot 5008 Gt Exclusive · Rata od 1270 PLN netto/mies. · Leasing B2B · Poznań · Sprawdź ofertę!,https://sklep.peugeot.pl/produkt/5008/vr3kahpy5ts178638/,https://raw.githubusercontent.com/Andy11001/-alfa-inventory/master/data/images/VR3KAHPY5TS178638_clean.webp,Peugeot,5008,2025,0,KM,SUV,Bialy Okenite Metaliczny Specjalny,New,177455 PLN,PLN,"{""addr1"": ""UL. BOLESŁAWA KRZYWOUSTEGO 71"", ""city"": ""POZNAŃ"", ""region"": ""WIELKOPOLSKIE"", ""country"": ""PL""}",52.3787,17.0270,LEASE,1270 PLN,per month,Hybrid,Manual,FWD
VR3KAHPY7TS178639,5008 Gt Exclusive · od 1270 PLN/mies.,Peugeot 5008 Gt Exclusive · Rata od 1270 PLN netto/mies. · Leasing B2B · Poznań · Sprawdź ofertę!,https://sklep.peugeot.pl/produkt/5008/vr3kahpy7ts178639/,https://raw.githubusercontent.com/Andy11001/-alfa-inventory/master/data/images/VR3KAHPY7TS178639_clean.webp,Peugeot,5008,2025,0,KM,SUV,Bialy Okenite Metaliczny Specjalny,New,177455 PLN,PLN,"{""addr1"": ""UL. BOLESŁAWA KRZYWOUSTEGO 71"", ""city"": ""POZNAŃ"", ""region"": ""WIELKOPOLSKIE"", ""country"": ""PL""}",52.3787,17.0270,LEASE,1270 PLN,per month,Hybrid,Manual,FWD
VR3KAHPYXTS178389,5008 Gt Exclusive · od 1265 PLN/mies.,Peugeot 5008 Gt Exclusive · Rata od 1265 PLN netto/mies. · Leasing B2B · Gorzów Wielkopolski · Sprawdź ofertę!,https://sklep.peugeot.pl/produkt/5008/vr3kahpyxts178389/,https://raw.githubusercontent.com/Andy11001/-alfa-inventory/master/data/images/VR3KAHPYXTS178389_clean.webp,Peugeot,5008,2025,0,KM,SUV,Czarny Perla Nera Metaliczny,New,176771 PLN,PLN,"{""addr1"": ""GORZÓW WIELKOPOLSKI"", ""city"": ""GORZÓW WIELKOPOLSKI"", ""region"": ""MAZOWIECKIE"", ""country"": ""PL""}",,,LEASE,1265 PLN,per month,Hybrid,Manual,FWD
VR3FPHPY7TY577712,Nowy 408 Gt Exclusive · od 1204 PLN/mies.,Peugeot Nowy 408 Gt Exclusive · Rata od 1204 PLN netto/mies. · Leasing B2B · Stare Bielice · Sprawdź ofertę!,https://sklep.peugeot.pl/produkt/nowy-408/vr3fphpy7ty577712/,https://raw.githubusercontent.com/Andy11001/-alfa-inventory/master/data/images/VR3FPHPY7TY577712_clean.webp,Peugeot,Nowy 408,2025,0,KM,SUV,Zielony Flare,New,168256 PLN,PLN,"{""addr1"": ""STARE BIELICE"", ""city"": ""STARE BIELICE"", ""region"": ""MAZOWIECKIE"", ""country"": ""PL""}",,,LEASE,1204 PLN,per month,Hybrid,Automatic,FWD
VR3FPHPY4TY577764,Nowy 408 Gt Exclusive · od 1167 PLN/mies.,Peugeot Nowy 408 Gt Exclusive · Rata od 1167 PLN netto/mies. · Leasing B2B · Elbląg · Sprawdź ofertę!,https://sklep.peugeot.pl/produkt/nowy-408/vr3fphpy4ty577764/,https://raw.githubusercontent.com/Andy11001/-alfa-inventory/master/data/images/VR3FPHPY4TY577764_clean.webp,Peugeot,Nowy 408,2025,0,KM,SUV,Czarny Perla Nera,New,162976 PLN,PLN,"{""addr1"": ""UL. KAZIMIERZOWO 4"", ""city"": ""ELBLĄG"", ""region"": ""WARMIŃSKO-MAZURSKIE"", ""country"": ""PL""}",54.1522,19.4040,LEASE,1167 PLN,per month,Hybrid,Automatic,FWD
VR3FPHPYXTY577719,Nowy 408 Gt · od 1081 PLN/mies.,Peugeot Nowy 408 Gt · Rata od 1081 PLN netto/mies. · Leasing B2B · Świdnik · Sprawdź ofertę!,https://sklep.peugeot.pl/produkt/nowy-408/vr3fphpyxty577719/,,Peugeot,Nowy 408,2025,0,KM,SUV,Czarny Perla Nera,New,150900 PLN,PLN,"{""addr1"": ""ŚWIDNIK"", ""city"": ""ŚWIDNIK"", ""region"": ""MAZOWIECKIE"", ""country"": ""PL""}",,,LEASE,1081 PLN,per month,Hybrid,Automatic,FWD
VR3USHPX1TJ768273,2008 Edition · od 760 PLN/mies.,Peugeot 2008 Edition · Rata od 760 PLN netto/mies. · Leasing B2B · Bydgoszcz · Sprawdź ofertę!,https://sklep.peugeot.pl/produkt/2008/vr3ushpx1tj768273/,https://raw.githubusercontent.com/Andy11001/-alfa-inventory/master/data/images/VR3USHPX1TJ768273_clean.webp,Peugeot,2008,2025,0,KM,SUV,Bialy Okenite,New,105700 PLN,PLN,"{""addr1"": ""UL. FORDOŃSKA 353"", ""city"": ""BYDGOSZCZ"", ""region"": ""KUJAWSKO-POMORSKIE"", ""country"": ""PL""}",53.1235,18.0084,LEASE,760 PLN,per month,Hybrid,Automatic,FWD
VR3FPHPY3TY577142,Nowy 408 Gt Exclusive · od 1167 PLN/mies.,Peugeot Nowy 408 Gt Exclusive · Rata od 1167 PLN netto/mies. · Leasing B2B · Kraków · Sprawdź ofertę!,https://sklep.peugeot.pl/produkt/nowy-408/vr3fphpy3ty577142/,https://raw.githubusercontent.com/Andy11001/-alfa-inventory/master/data/images/VR3FPHPY3TY577142_clean.webp,Peugeot,Nowy 408,2025,0,KM,SUV,Czarny Perla Nera,New,162976 PLN,PLN,"{""addr1"": ""UL. OPOLSKA 9"", ""city"": ""KRAKÓW"", ""region"": ""MAŁOPOLSKIE"", ""country"": ""PL""}",50.0931,19.9238,LEASE,1167 PLN,per month,Hybrid,Automatic,FWD
VR3FPHPY5TY569950,Nowy 408 Gt · od 1122 PLN/mies.,Peugeot Nowy 408 Gt · Rata od 1122 PLN netto/mies. · Leasing B2B · Katowice · Sprawdź ofertę!,https://sklep.peugeot.pl/produkt/nowy-408/vr3fphpy5ty569950/,https://raw.githubusercontent.com/Andy11001/-alfa-inventory/master/data/images/VR3FPHPY5TY569950_clean.webp,Peugeot,Nowy 408,2025,0,KM,SUV,Czarny Perla Nera,New,156700 PLN,PLN,"{""addr1"": ""AL. ROŹDZIEŃSKIEGO 170"", ""city"": ""KATOWICE"", ""region"": ""ŚLĄSKIE"", ""country"": ""PL""}",50.2649,19.0238,LEASE,1122 PLN,per month,Hybrid,Automatic,FWD
VR3FPHPY5TY575098,Nowy 408 Gt Exclusive · od 1133 PLN/mies.,Peugeot Nowy 408 Gt Exclusive · Rata od 1133 PLN netto/mies. · Leasing B2B · Białystok · Sprawdź ofertę!,https://sklep.peugeot.pl/produkt/nowy-408/vr3fphpy5ty575098/,https://raw.githubusercontent.com/Andy11001/-alfa-inventory/master/data/images/VR3FPHPY5TY575098_clean.webp,Peugeot,Nowy 408,2025,0,KM,SUV,Szary Selenium,New,158136 PLN,PLN,"{""addr1"": ""UL. ELEWATORSKA 60"", ""city"": ""BIAŁYSTOK"", ""region"": ""PODLASKIE"", ""country"": ""PL""}",53.1325,23.1688,LEASE,1133 PLN,per month,Hybrid,Automatic,FWD
VR3FPHPY9TY574939,Nowy 408 Gt · od 1082 PLN/mies.,Peugeot Nowy 408 Gt · Rata od 1082 PLN netto/mies. · Leasing B2B · Świdnik · Sprawdź ofertę!,https://sklep.peugeot.pl/produkt/nowy-408/vr3fphpy9ty574939/,,Peugeot,Nowy 408,2025,0,KM,SUV,Bialy Okenite,New,151000 PLN,PLN,"{""addr1"": ""ŚWIDNIK"", ""city"": ""ŚWIDNIK"", ""region"": ""MAZOWIECKIE"", ""country"": ""PL""}",,,LEASE,1082 PLN,per month,Hybrid,Automatic,FWD
VR3FPHPY3TY577335,Nowe 308 Gt Exclusive · od 1022 PLN/mies.,Peugeot Nowe 308 Gt Exclusive · Rata od 1022 PLN netto/mies. · Leasing B2B · Świdnik · Sprawdź ofertę!,https://sklep.peugeot.pl/produkt/nowe-308/vr3fphpy3ty577335/,,Peugeot,Nowe 308,2025,0,KM,Hatchback,Bialy Okenite,New,142500 PLN,PLN,"{""addr1"": ""ŚWIDNIK"", ""city"": ""ŚWIDNIK"", ""region"": ""MAZOWIECKIE"", ""country"": ""PL""}",,,LEASE,1022 PLN,per month,Hybrid,Automatic,FWD
VR3FPHPYXTY576943,Nowe 308 Gt Exclusive · od 978 PLN/mies.,Peugeot Nowe 308 Gt Exclusive · Rata od 978 PLN netto/mies. · Leasing B2B · Sosnowiec · Sprawdź ofertę!,https://sklep.peugeot.pl/produkt/nowe-308/vr3fphpyxty576943/,https://raw.githubusercontent.com/Andy11001/-alfa-inventory/master/data/images/VR3FPHPYXTY576943_clean.webp,Peugeot,Nowe 308,2025,0,KM,Hatchback,Czarny Perla Nera,New,136310 PLN,PLN,"{""addr1"": ""UL. WOJSKA POLSKIEGO 45"", ""city"": ""SOSNOWIEC"", ""region"": ""ŚLĄSKIE"", ""country"": ""PL""}",50.2863,19.1042,LEASE,978 PLN,per month,Hybrid,Automatic,FWD
VR3FPHPY1TY576944,Nowe 308 Gt Exclusive · od 978 PLN/mies.,Peugeot Nowe 308 Gt Exclusive · Rata od 978 PLN netto/mies. · Leasing B2B · Sosnowiec · Sprawdź ofertę!,https://sklep.peugeot.pl/produkt/nowe-308/vr3fphpy1ty576944/,https://raw.githubusercontent.com/Andy11001/-alfa-inventory/master/data/images/VR3FPHPY1TY576944_clean.webp,Peugeot,Nowe 308,2025,0,KM,Hatchback,Czarny Perla Nera,New,136310 PLN,PLN,"{""addr1"": ""UL. WOJSKA POLSKIEGO 45"", ""city"": ""SOSNOWIEC"", ""region"": ""ŚLĄSKIE"", ""country"": ""PL""}",50.2863,19.1042,LEASE,978 PLN,per month,Hybrid,Automatic,FWD
VR3FRHPY1TY577005,Nowe 308 SW Allure · od 942 PLN/mies.,Peugeot Nowe 308 SW Allure · Rata od 942 PLN netto/mies. · Leasing B2B · Krasne · Sprawdź ofertę!,https://sklep.peugeot.pl/produkt/nowe-308-sw/vr3frhpy1ty577005/,https://raw.githubusercontent.com/Andy11001/-alfa-inventory/master/data/images/VR3FRHPY1TY577005_clean.webp,Peugeot,Nowe 308 SW,2025,0,KM,Wagon,Szary Artense,New,131322 PLN,PLN,"{""addr1"": ""KRASNE"", ""city"": ""KRASNE"", ""region"": ""MAZOWIECKIE"", ""country"": ""PL""}",,,LEASE,942 PLN,per month,Hybrid,Automatic,FWD
VR3FPHPY1TY576961,Nowe 308 Allure · od 893 PLN/mies.,Peugeot Nowe 308 Allure · Rata od 893 PLN netto/mies. · Leasing B2B · Radom · Sprawdź ofertę!,https://sklep.peugeot.pl/produkt/nowe-308/vr3fphpy1ty576961/,https://raw.githubusercontent.com/Andy11001/-alfa-inventory/master/data/images/VR3FPHPY1TY576961_clean.webp,Peugeot,Nowe 308,2025,0,KM,Hatchback,Szary Selenium,New,124399 PLN,PLN,"{""addr1"": ""UL. ŻÓŁKIEWSKIEGO 4"", ""city"": ""RADOM"", ""region"": ""MAZOWIECKIE"", ""country"": ""PL""}",51.4027,21.1471,LEASE,893 PLN,per month,Hybrid,Automatic,FWD
VR3USHPY2TJ840638,2008 Envy · od 892 PLN/mies.,Peugeot 2008 Envy · Rata od 892 PLN netto/mies. · Leasing B2B · Wrocław · Sprawdź ofertę!,https://sklep.peugeot.pl/produkt/2008/vr3ushpy2tj840638/,https://raw.githubusercontent.com/Andy11001/-alfa-inventory/master/data/images/VR3USHPY2TJ840638_clean.webp,Peugeot,2008,2025,0,KM,SUV,Niebieski Nazare,New,124250 PLN,PLN,"{""addr1"": ""UL. SZCZECIŃSKA 7"", ""city"": ""WROCŁAW"", ""region"": ""DOLNOŚLĄSKIE"", ""country"": ""PL""}",51.1274,16.9535,LEASE,892 PLN,per month,Hybrid,Automatic,FWD
VR3USHPY0TJ840637,2008 Envy · od 892 PLN/mies.,Peugeot 2008 Envy · Rata od 892 PLN netto/mies. · Leasing B2B · Sosnowiec · Sprawdź ofertę!,https://sklep.peugeot.pl/produkt/2008/vr3ushpy0tj840637/,https://raw.githubusercontent.com/Andy11001/-alfa-inventory/master/data/images/VR3USHPY0TJ840637_clean.webp,Peugeot,2008,2025,0,KM,SUV,Niebieski Nazare,New,124250 PLN,PLN,"{""addr1"": ""UL. WOJSKA POLSKIEGO 45"", ""city"": ""SOSNOWIEC"", ""region"": ""ŚLĄSKIE"", ""country"": ""PL""}",50.2863,19.1042,LEASE,892 PLN,per month,Hybrid,Automatic,FWD
VR3USHPY1TJ840730,2008 Envy · od 866 PLN/mies.,Peugeot 2008 Envy · Rata od 866 PLN netto/mies. · Leasing B2B · Katowice · Sprawdź ofertę!,https://sklep.peugeot.pl/produkt/2008/vr3ushpy1tj840730/,,Peugeot,2008,2025,0,KM,SUV,Niebieski Nazare,New,120600 PLN,PLN,"{""addr1"": ""AL. ROŹDZIEŃSKIEGO 170"", ""city"": ""KATOWICE"", ""region"": ""ŚLĄSKIE"", ""country"": ""PL""}",50.2649,19.0238,LEASE,866 PLN,per month,Hybrid,Automatic,FWD
VR3USHPX4TJ762239,2008 Edition · od 760 PLN/mies.,Peugeot 2008 Edition · Rata od 760 PLN netto/mies. · Leasing B2B · Sosnowiec · Sprawdź ofertę!,https://sklep.peugeot.pl/produkt/2008/vr3ushpx4tj762239/,https://raw.githubusercontent.com/Andy11001/-alfa-inventory/master/data/images/VR3USHPX4TJ762239_clean.jpg,Peugeot,2008,2025,0,KM,SUV,Bialy Okenite,New,105700 PLN,PLN,"{""addr1"": ""UL. WOJSKA POLSKIEGO 45"", ""city"": ""SOSNOWIEC"", ""region"": ""ŚLĄSKIE"", ""country"": ""PL""}",50.2863,19.1042,LEASE,760 PLN,per month,Hybrid,Automatic,FWD
VR3USHPV2TJ736317,2008 Edition · od 667 PLN/mies.,Peugeot 2008 Edition · Rata od 667 PLN netto/mies. · Leasing B2B · Kraków · Sprawdź ofertę!,https://sklep.peugeot.pl/produkt/2008/vr3ushpv2tj736317/,https://raw.githubusercontent.com/Andy11001/-alfa-inventory/master/data/images/VR3USHPV2TJ736317_clean.webp,Peugeot,2008,2025,0,KM,SUV,Szary Artense,New,92600 PLN,PLN,"{""addr1"": ""UL. OPOLSKA 9"", ""city"": ""KRAKÓW"", ""region"": ""MAŁOPOLSKIE"", ""country"": ""PL""}",50.0931,19.9238,LEASE,667 PLN,per month,Gasoline,Manual,FWD
VR3KAHPY3TS176581,5008 Gt · od 1278 PLN/mies.,Peugeot 5008 Gt · Rata od 1278 PLN netto/mies. · Leasing B2B · Warszawa · Sprawdź ofertę!,https://sklep.peugeot.pl/produkt/5008/vr3kahpy3ts176581/,https://raw.githubusercontent.com/Andy11001/-alfa-inventory/master/data/images/VR3KAHPY3TS176581_clean.webp,Peugeot,5008,2025,0,KM,SUV,Szary Titane Metaliczny,New,178610 PLN,PLN,"{""addr1"": ""AL. KRAKOWSKA 206"", ""city"": ""WARSZAWA"", ""region"": ""MAZOWIECKIE"", ""country"": ""PL""}",52.2084,20.9412,LEASE,1278 PLN,per month,Hybrid,Manual,FWD
VR3KAHPY5TS176582,5008 Gt · od 1264 PLN/mies.,Peugeot 5008 Gt · Rata od 1264 PLN netto/mies. · Leasing B2B · Katowice · Sprawdź ofertę!,https://sklep.peugeot.pl/produkt/5008/vr3kahpy5ts176582/,https://raw.githubusercontent.com/Andy11001/-alfa-inventory/master/data/images/VR3KAHPY5TS176582_clean.webp,Peugeot,5008,2025,0,KM,SUV,Szary Titane Metaliczny,New,176600 PLN,PLN,"{""addr1"": ""AL. ROŹDZIEŃSKIEGO 170"", ""city"": ""KATOWICE"", ""region"": ""ŚLĄSKIE"", ""country"": ""PL""}",50.2649,19.0238,LEASE,1264 PLN,per month,Hybrid,Manual,FWD
VR3FPHPY0TY577115,Nowy 408 Gt Exclusive · od 1138 PLN/mies.,Peugeot Nowy 408 Gt Exclusive · Rata od 1138 PLN netto/mies. · Leasing B2B · Katowice · Sprawdź ofertę!,https://sklep.peugeot.pl/produkt/nowy-408/vr3fphpy0ty577115/,,Peugeot,Nowy 408,2025,0,KM,SUV,Szary Selenium,New,158900 PLN,PLN,"{""addr1"": ""AL. ROŹDZIEŃSKIEGO 170"", ""city"": ""KATOWICE"", ""region"": ""ŚLĄSKIE"", ""country"": ""PL""}",50.2649,19.0238,LEASE,1138 PLN,per month,Hybrid,Automatic,FWD
VR3FPHPY0TY576479,Nowy 408 Gt Exclusive · od 1107 PLN/mies.,Peugeot Nowy 408 Gt Exclusive · Rata od 1107 PLN netto/mies. · Leasing B2B · Katowice · Sprawdź ofertę!,https://sklep.peugeot.pl/produkt/nowy-408/vr3fphpy0ty576479/,,Peugeot,Nowy 408,2025,0,KM,SUV,Szary Selenium,New,154600 PLN,PLN,"{""addr1"": ""AL. ROŹDZIEŃSKIEGO 170"", ""city"": ""KATOWICE"", ""region"": ""ŚLĄSKIE"", ""country"": ""PL""}",50.2649,19.0238,LEASE,1107 PLN,per month,Hybrid,Automatic,FWD
VR3FCYHZ9TY576886,Nowe 308 SW Gt Exclusive · od 1083 PLN/mies.,Peugeot Nowe 308 SW Gt Exclusive · Rata od 1083 PLN netto/mies. · Leasing B2B · Kraków · Sprawdź ofertę!,https://sklep.peugeot.pl/produkt/nowe-308-sw/vr3fcyhz9ty576886/,https://raw.githubusercontent.com/Andy11001/-alfa-inventory/master/data/images/VR3FCYHZ9TY576886_clean.webp,Peugeot,Nowe 308 SW,2025,0,KM,Wagon,Szary Selenium,New,151188 PLN,PLN,"{""addr1"": ""UL. OPOLSKA 9"", ""city"": ""KRAKÓW"", ""region"": ""MAŁOPOLSKIE"", ""country"": ""PL""}",50.0931,19.9238,LEASE,1083 PLN,per month,Diesel,Automatic,FWD
VR3FPHPY5TY576851,Nowe 308 Allure · od 855 PLN/mies.,Peugeot Nowe 308 Allure · Rata od 855 PLN netto/mies. · Leasing B2B · Warszawa · Sprawdź ofertę!,https://sklep.peugeot.pl/produkt/nowe-308/vr3fphpy5ty576851/,https://raw.githubusercontent.com/Andy11001/-alfa-inventory/master/data/images/VR3FPHPY5TY576851_clean.webp,Peugeot,Nowe 308,2025,0,KM,Hatchback,Szary Selenium,New,119067 PLN,PLN,"{""addr1"": ""AL. KRAKOWSKA 206"", ""city"": ""WARSZAWA"", ""region"": ""MAZOWIECKIE"", ""country"": ""PL""}",52.2084,20.9412,LEASE,855 PLN,per month,Hybrid,Automatic,FWD
VR3FRHPYXTY576872,Nowe 308 SW Allure · od 852 PLN/mies.,Peugeot Nowe 308 SW Allure · Rata od 852 PLN netto/mies. · Leasing B2B · Warszawa · Sprawdź ofertę!,https://sklep.peugeot.pl/produkt/nowe-308-sw/vr3frhpyxty576872/,https://raw.githubusercontent.com/Andy11001/-alfa-inventory/master/data/images/VR3FRHPYXTY576872_clean.webp,Peugeot,Nowe 308 SW,2025,0,KM,Wagon,Niebieski Ingaro,New,118637 PLN,PLN,"{""addr1"": ""AL. KRAKOWSKA 206"", ""city"": ""WARSZAWA"", ""region"": ""MAZOWIECKIE"", ""country"": ""PL""}",52.2084,20.9412,LEASE,852 PLN,per month,Hybrid,Automatic,FWD
VR3F3DGN5TY568808,Nowy 408 Gt Exclusive · od 1465 PLN/mies.,Peugeot Nowy 408 Gt Exclusive · Rata od 1465 PLN netto/mies. · Leasing B2B · Płock · Sprawdź ofertę!,https://sklep.peugeot.pl/produkt/nowy-408/vr3f3dgn5ty568808/,https://raw.githubusercontent.com/Andy11001/-alfa-inventory/master/data/images/VR3F3DGN5TY568808_clean.webp,Peugeot,Nowy 408,2025,0,KM,SUV,Zielony Flare,New,204920 PLN,PLN,"{""addr1"": ""UL. OTOLIŃSKA 25"", ""city"": ""PŁOCK"", ""region"": ""MAZOWIECKIE"", ""country"": ""PL""}",52.5468,19.7064,LEASE,1465 PLN,per month,Plug-in Hybrid,Automatic,FWD
VR3FPHPYXTY572603,Nowy 408 Gt Exclusive · od 1133 PLN/mies.,Peugeot Nowy 408 Gt Exclusive · Rata od 1133 PLN netto/mies. · Leasing B2B · Gdańsk · Sprawdź ofertę!,https://sklep.peugeot.pl/produkt/nowy-408/vr3fphpyxty572603/,https://raw.githubusercontent.com/Andy11001/-alfa-inventory/master/data/images/VR3FPHPYXTY572603_clean.webp,Peugeot,Nowy 408,2025,0,KM,SUV,Bialy Okenite,New,158136 PLN,PLN,"{""addr1"": ""AL. GRUNWALDZKA 256"", ""city"": ""GDAŃSK"", ""region"": ""POMORSKIE"", ""country"": ""PL""}",54.4022,18.5714,LEASE,1133 PLN,per month,Hybrid,Automatic,FWD
VR3FPHPY6TY576485,Nowy 408 Gt Exclusive · od 1133 PLN/mies.,Peugeot Nowy 408 Gt Exclusive · Rata od 1133 PLN netto/mies. · Leasing B2B · Legnica · Sprawdź ofertę!,https://sklep.peugeot.pl/produkt/nowy-408/vr3fphpy6ty576485/,https://raw.githubusercontent.com/Andy11001/-alfa-inventory/master/data/images/VR3FPHPY6TY576485_clean.webp,Peugeot,Nowy 408,2025,0,KM,SUV,Czarny Perla Nera,New,158136 PLN,PLN,"{""addr1"": ""UL. JAWORZYŃSKA 235"", ""city"": ""LEGNICA"", ""region"": ""DOLNOŚLĄSKIE"", ""country"": ""PL""}",51.2070,16.1619,LEASE,1133 PLN,per month,Hybrid,Automatic,FWD
VR3USHPYXTJ840614,2008 Envy · od 892 PLN/mies.,Peugeot 2008 Envy · Rata od 892 PLN netto/mies. · Leasing B2B · Piła · Sprawdź ofertę!,https://sklep.peugeot.pl/produkt/2008/vr3ushpyxtj840614/,https://raw.githubusercontent.com/Andy11001/-alfa-inventory/master/data/images/VR3USHPYXTJ840614_clean.webp,Peugeot,2008,2025,0,KM,SUV,Niebieski Nazare,New,124250 PLN,PLN,"{""addr1"": ""UL. WARSZTATOWA 6"", ""city"": ""PIŁA"", ""region"": ""WIELKOPOLSKIE"", ""country"": ""PL""}",53.1510,16.7384,LEASE,892 PLN,per month,Hybrid,Automatic,FWD
VR3KAHPY4TS175066,3008 Gt Exclusive · od 1230 PLN/mies.,Peugeot 3008 Gt Exclusive · Rata od 1230 PLN netto/mies. · Leasing B2B · Katowice · Sprawdź ofertę!,https://sklep.peugeot.pl/produkt/3008/vr3kahpy4ts175066/,,Peugeot,3008,2025,0,KM,SUV,Szary Titane,New,171900 PLN,PLN,"{""addr1"": ""AL. ROŹDZIEŃSKIEGO 170"", ""city"": ""KATOWICE"", ""region"": ""ŚLĄSKIE"", ""country"": ""PL""}",50.2649,19.0238,LEASE,1230 PLN,per month,Hybrid,Manual,FWD
VR3USHPY6TJ840609,2008 Envy · od 892 PLN/mies.,Peugeot 2008 Envy · Rata od 892 PLN netto/mies. · Leasing B2B · Elbląg · Sprawdź ofertę!,https://sklep.peugeot.pl/produkt/2008/vr3ushpy6tj840609/,https://raw.githubusercontent.com/Andy11001/-alfa-inventory/master/data/images/VR3USHPY6TJ840609_clean.webp,Peugeot,2008,2025,0,KM,SUV,Niebieski Nazare,New,124250 PLN,PLN,"{""addr1"": ""UL. KAZIMIERZOWO 4"", ""city"": ""ELBLĄG"", ""region"": ""WARMIŃSKO-MAZURSKIE"", ""country"": ""PL""}",54.1522,19.4040,LEASE,892 PLN,per month,Hybrid,Automatic,FWD
VR3KAHPY7TS170993,5008 Gt · od 1222 PLN/mies.,Peugeot 5008 Gt · Rata od 1222 PLN netto/mies. · Leasing B2B · Szczecin · Sprawdź ofertę!,https://sklep.peugeot.pl/produkt/5008/vr3kahpy7ts170993/,https://raw.githubusercontent.com/Andy11001/-alfa-inventory/master/data/images/VR3KAHPY7TS170993_clean.webp,Peugeot,5008,2025,0,KM,SUV,Niebieski Ingaro Metaliczny,New,170658 PLN,PLN,"{""addr1"": ""UL. STRUGA 1B"", ""city"": ""SZCZECIN"", ""region"": ""ZACHODNIOPOMORSKIE"", ""country"": ""PL""}",53.3891,14.6543,LEASE,1222 PLN,per month,Hybrid,Manual,FWD
VR3KAHPY1TS170892,5008 Allure · od 1110 PLN/mies.,Peugeot 5008 Allure · Rata od 1110 PLN netto/mies. · Leasing B2B · Katowice · Sprawdź ofertę!,https://sklep.peugeot.pl/produkt/5008/vr3kahpy1ts170892/,https://raw.githubusercontent.com/Andy11001/-alfa-inventory/master/data/images/VR3KAHPY1TS170892_clean.webp,Peugeot,5008,2025,0,KM,SUV,Bialy Okenite Metaliczny Specjalny,New,154900 PLN,PLN,"{""addr1"": ""AL. ROŹDZIEŃSKIEGO 170"", ""city"": ""KATOWICE"", ""region"": ""ŚLĄSKIE"", ""country"": ""PL""}",50.2649,19.0238,LEASE,1110 PLN,per month,Hybrid,Manual,FWD
VR3FPHPY5TY576381,Nowy 408 Gt Exclusive · od 1186 PLN/mies.,Peugeot Nowy 408 Gt Exclusive · Rata od 1186 PLN netto/mies. · Leasing B2B · Poznań · Sprawdź ofertę!,https://sklep.peugeot.pl/produkt/nowy-408/vr3fphpy5ty576381/,https://raw.githubusercontent.com/Andy11001/-alfa-inventory/master/data/images/VR3FPHPY5TY576381_clean.webp,Peugeot,Nowy 408,2025,0,KM,SUV,Zielony Flare,New,165704 PLN,PLN,"{""addr1"": ""UL. BOLESŁAWA KRZYWOUSTEGO 71"", ""city"": ""POZNAŃ"", ""region"": ""WIELKOPOLSKIE"", ""country"": ""PL""}",52.3787,17.0270,LEASE,1186 PLN,per month,Hybrid,Automatic,FWD
VR3FPHPY0TY570939,Nowy 408 Gt Exclusive · od 1167 PLN/mies.,Peugeot Nowy 408 Gt Exclusive · Rata od 1167 PLN netto/mies. · Leasing B2B · Kraków · Sprawdź ofertę!,https://sklep.peugeot.pl/produkt/nowy-408/vr3fphpy0ty570939/,https://raw.githubusercontent.com/Andy11001/-alfa-inventory/master/data/images/VR3FPHPY0TY570939_clean.webp,Peugeot,Nowy 408,2025,0,KM,SUV,Bialy Okenite,New,162976 PLN,PLN,"{""addr1"": ""UL. OPOLSKA 9"", ""city"": ""KRAKÓW"", ""region"": ""MAŁOPOLSKIE"", ""country"": ""PL""}",50.0931,19.9238,LEASE,1167 PLN,per month,Hybrid,Automatic,FWD
VR3FPHPY1TY576314,Nowy 408 Gt Exclusive · od 1167 PLN/mies.,Peugeot Nowy 408 Gt Exclusive · Rata od 1167 PLN netto/mies. · Leasing B2B · Kraków · Sprawdź ofertę!,https://sklep.peugeot.pl/produkt/nowy-408/vr3fphpy1ty576314/,https://raw.githubusercontent.com/Andy11001/-alfa-inventory/master/data/images/VR3FPHPY1TY576314_clean.webp,Peugeot,Nowy 408,2025,0,KM,SUV,Bialy Okenite,New,162976 PLN,PLN,"{""addr1"": ""UL. OPOLSKA 9"", ""city"": ""KRAKÓW"", ""region"": ""MAŁOPOLSKIE"", ""country"": ""PL""}",50.0931,19.9238,LEASE,1167 PLN,per month,Hybrid,Automatic,FWD
VR3FPHPY5TY576266,Nowy 408 Gt Exclusive · od 1124 PLN/mies.,Peugeot Nowy 408 Gt Exclusive · Rata od 1124 PLN netto/mies. · Leasing B2B · Katowice · Sprawdź ofertę!,https://sklep.peugeot.pl/produkt/nowy-408/vr3fphpy5ty576266/,https://raw.githubusercontent.com/Andy11001/-alfa-inventory/master/data/images/VR3FPHPY5TY576266_clean.webp,Peugeot,Nowy 408,2025,0,KM,SUV,Zielony Flare,New,156900 PLN,PLN,"{""addr1"": ""AL. ROŹDZIEŃSKIEGO 170"", ""city"": ""KATOWICE"", ""region"": ""ŚLĄSKIE"", ""country"": ""PL""}",50.2649,19.0238,LEASE,1124 PLN,per month,Hybrid,Automatic,FWD
VR3FPHPY6TY576373,Nowy 408 Gt Exclusive · od 1133 PLN/mies.,Peugeot Nowy 408 Gt Exclusive · Rata od 1133 PLN netto/mies. · Leasing B2B · Legnica · Sprawdź ofertę!,https://sklep.peugeot.pl/produkt/nowy-408/vr3fphpy6ty576373/,https://raw.githubusercontent.com/Andy11001/-alfa-inventory/master/data/images/VR3FPHPY6TY576373_clean.webp,Peugeot,Nowy 408,2025,0,KM,SUV,Bialy Okenite,New,158136 PLN,PLN,"{""addr1"": ""UL. JAWORZYŃSKA 235"", ""city"": ""LEGNICA"", ""region"": ""DOLNOŚLĄSKIE"", ""country"": ""PL""}",51.2070,16.1619,LEASE,1133 PLN,per month,Hybrid,Automatic,FWD
VR3FPHPY4TY576372,Nowy 408 Gt Exclusive · od 1133 PLN/mies.,Peugeot Nowy 408 Gt Exclusive · Rata od 1133 PLN netto/mies. · Leasing B2B · Legnica · Sprawdź ofertę!,https://sklep.peugeot.pl/produkt/nowy-408/vr3fphpy4ty576372/,https://raw.githubusercontent.com/Andy11001/-alfa-inventory/master/data/images/VR3FPHPY4TY576372_clean.webp,Peugeot,Nowy 408,2025,0,KM,SUV,Bialy Okenite,New,158136 PLN,PLN,"{""addr1"": ""UL. JAWORZYŃSKA 235"", ""city"": ""LEGNICA"", ""region"": ""DOLNOŚLĄSKIE"", ""country"": ""PL""}",51.2070,16.1619,LEASE,1133 PLN,per month,Hybrid,Automatic,FWD
VR3FRHPY3TY576616,Nowe 308 SW Gt Exclusive · od 1095 PLN/mies.,Peugeot Nowe 308 SW Gt Exclusive · Rata od 1095 PLN netto/mies. · Leasing B2B · Stare Bielice · Sprawdź ofertę!,https://sklep.peugeot.pl/produkt/nowe-308-sw/vr3frhpy3ty576616/,https://raw.githubusercontent.com/Andy11001/-alfa-inventory/master/data/images/VR3FRHPY3TY576616_clean.webp,Peugeot,Nowe 308 SW,2025,0,KM,Wagon,Szary Selenium,New,152822 PLN,PLN,"{""addr1"": ""STARE BIELICE"", ""city"": ""STARE BIELICE"", ""region"": ""MAZOWIECKIE"", ""country"": ""PL""}",,,LEASE,1095 PLN,per month,Hybrid,Automatic,FWD
VR3FPHPY2TY576385,Nowy 408 Gt · od 1051 PLN/mies.,Peugeot Nowy 408 Gt · Rata od 1051 PLN netto/mies. · Leasing B2B · Katowice · Sprawdź ofertę!,https://sklep.peugeot.pl/produkt/nowy-408/vr3fphpy2ty576385/,https://raw.githubusercontent.com/Andy11001/-alfa-inventory/master/data/images/VR3FPHPY2TY576385_clean.webp,Peugeot,Nowy 408,2025,0,KM,SUV,Zielony Flare,New,146700 PLN,PLN,"{""addr1"": ""AL. ROŹDZIEŃSKIEGO 170"", ""city"": ""KATOWICE"", ""region"": ""ŚLĄSKIE"", ""country"": ""PL""}",50.2649,19.0238,LEASE,1051 PLN,per month,Hybrid,Automatic,FWD
VR3FPHPY1TY576619,Nowe 308 Gt Exclusive · od 966 PLN/mies.,Peugeot Nowe 308 Gt Exclusive · Rata od 966 PLN netto/mies. · Leasing B2B · Świdnik · Sprawdź ofertę!,https://sklep.peugeot.pl/produkt/nowe-308/vr3fphpy1ty576619/,,Peugeot,Nowe 308,2025,0,KM,Hatchback,Bialy Okenite,New,134700 PLN,PLN,"{""addr1"": ""ŚWIDNIK"", ""city"": ""ŚWIDNIK"", ""region"": ""MAZOWIECKIE"", ""country"": ""PL""}",,,LEASE,966 PLN,per month,Hybrid,Automatic,FWD
VR3UPHPX4T5131467,208 Edition · od 631 PLN/mies.,Peugeot 208 Edition · Rata od 631 PLN netto/mies. · Leasing B2B · Kraków · Sprawdź ofertę!,https://sklep.peugeot.pl/produkt/208/vr3uphpx4t5131467/,https://raw.githubusercontent.com/Andy11001/-alfa-inventory/master/data/images/VR3UPHPX4T5131467_clean.webp,Peugeot,208,2025,0,KM,Hatchback,Szary Artense,New,87500 PLN,PLN,"{""addr1"": ""UL. OPOLSKA 9"", ""city"": ""KRAKÓW"", ""region"": ""MAŁOPOLSKIE"", ""country"": ""PL""}",50.0931,19.9238,LEASE,631 PLN,per month,Hybrid,Automatic,FWD
VR3FPHPY1TY575504,Nowy 408 Gt Exclusive · od 1133 PLN/mies.,Peugeot Nowy 408 Gt Exclusive · Rata od 1133 PLN netto/mies. · Leasing B2B · Łódź · Sprawdź ofertę!,https://sklep.peugeot.pl/produkt/nowy-408/vr3fphpy1ty575504/,https://raw.githubusercontent.com/Andy11001/-alfa-inventory/master/data/images/VR3FPHPY1TY575504_clean.webp,Peugeot,Nowy 408,2025,0,KM,SUV,Czarny Perla Nera,New,158136 PLN,PLN,"{""addr1"": ""UL. OBYWATELSKA 181"", ""city"": ""ŁÓDŹ"", ""region"": ""ŁÓDZKIE"", ""country"": ""PL""}",51.7371,19.4316,LEASE,1133 PLN,per month,Hybrid,Automatic,FWD
VR3KAHPY3TS172790,3008 Allure · od 1050 PLN/mies.,Peugeot 3008 Allure · Rata od 1050 PLN netto/mies. · Leasing B2B · Grębów · Sprawdź ofertę!,https://sklep.peugeot.pl/produkt/3008/vr3kahpy3ts172790/,https://raw.githubusercontent.com/Andy11001/-alfa-inventory/master/data/images/VR3KAHPY3TS172790_clean.webp,Peugeot,3008,2025,0,KM,SUV,Niebieski Ingaro,New,146547 PLN,PLN,"{""addr1"": ""GRĘBÓW"", ""city"": ""GRĘBÓW"", ""region"": ""MAZOWIECKIE"", ""country"": ""PL""}",,,LEASE,1050 PLN,per month,Hybrid,Manual,FWD
VR3FRHPY6TY575993,Nowe 308 SW Gt Exclusive · od 996 PLN/mies.,Peugeot Nowe 308 SW Gt Exclusive · Rata od 996 PLN netto/mies. · Leasing B2B · Katowice · Sprawdź ofertę!,https://sklep.peugeot.pl/produkt/nowe-308-sw/vr3frhpy6ty575993/,,Peugeot,Nowe 308 SW,2025,0,KM,Wagon,Szary Selenium,New,138900 PLN,PLN,"{""addr1"": ""AL. ROŹDZIEŃSKIEGO 170"", ""city"": ""KATOWICE"", ""region"": ""ŚLĄSKIE"", ""country"": ""PL""}",50.2649,19.0238,LEASE,996 PLN,per month,Hybrid,Automatic,FWD
VR3UPHPV1T5127553,208 Edition · od 538 PLN/mies.,Peugeot 208 Edition · Rata od 538 PLN netto/mies. · Leasing B2B · Piła · Sprawdź ofertę!,https://sklep.peugeot.pl/produkt/208/vr3uphpv1t5127553/,https://raw.githubusercontent.com/Andy11001/-alfa-inventory/master/data/images/VR3UPHPV1T5127553_clean.jpg,Peugeot,208,2025,0,KM,Hatchback,Szary Artense,New,74400 PLN,PLN,"{""addr1"": ""UL. WARSZTATOWA 6"", ""city"": ""PIŁA"", ""region"": ""WIELKOPOLSKIE"", ""country"": ""PL""}",53.1510,16.7384,LEASE,538 PLN,per month,Gasoline,Manual,FWD
VR3FPHPYXTY570429,Nowy 408 Gt · od 1124 PLN/mies.,Peugeot Nowy 408 Gt · Rata od 1124 PLN netto/mies. · Leasing B2B · Katowice · Sprawdź ofertę!,https://sklep.peugeot.pl/produkt/nowy-408/vr3fphpyxty570429/,,Peugeot,Nowy 408,2025,0,KM,SUV,Czarny Perla Nera,New,156900 PLN,PLN,"{""addr1"": ""AL. ROŹDZIEŃSKIEGO 170"", ""city"": ""KATOWICE"", ""region"": ""ŚLĄSKIE"", ""country"": ""PL""}",50.2649,19.0238,LEASE,1124 PLN,per month,Hybrid,Automatic,FWD
VR3FPHPY2TY575558,Nowy 408 Gt Exclusive · od 1136 PLN/mies.,Peugeot Nowy 408 Gt Exclusive · Rata od 1136 PLN netto/mies. · Leasing B2B · Gliwice · Sprawdź ofertę!,https://sklep.peugeot.pl/produkt/nowy-408/vr3fphpy2ty575558/,https://raw.githubusercontent.com/Andy11001/-alfa-inventory/master/data/images/VR3FPHPY2TY575558_clean.webp,Peugeot,Nowy 408,2025,0,KM,SUV,Czerwony Elixir,New,158664 PLN,PLN,"{""addr1"": ""UL. TOSZECKA 101"", ""city"": ""GLIWICE"", ""region"": ""ŚLĄSKIE"", ""country"": ""PL""}",50.2945,18.6714,LEASE,1136 PLN,per month,Hybrid,Automatic,FWD
VR3FCYHZ2TY575210,Nowe 308 SW Allure · od 917 PLN/mies.,Peugeot Nowe 308 SW Allure · Rata od 917 PLN netto/mies. · Leasing B2B · Płock · Sprawdź ofertę!,https://sklep.peugeot.pl/produkt/nowe-308-sw/vr3fcyhz2ty575210/,https://raw.githubusercontent.com/Andy11001/-alfa-inventory/master/data/images/VR3FCYHZ2TY575210_clean.webp,Peugeot,Nowe 308 SW,2025,0,KM,Wagon,Szary Selenium,New,127710 PLN,PLN,"{""addr1"": ""UL. OTOLIŃSKA 25"", ""city"": ""PŁOCK"", ""region"": ""MAZOWIECKIE"", ""country"": ""PL""}",52.5468,19.7064,LEASE,917 PLN,per month,Diesel,Automatic,FWD
VR3USHPY8TJ840630,2008 Envy · od 892 PLN/mies.,Peugeot 2008 Envy · Rata od 892 PLN netto/mies. · Leasing B2B · Szczecin · Sprawdź ofertę!,https://sklep.peugeot.pl/produkt/2008/vr3ushpy8tj840630/,https://raw.githubusercontent.com/Andy11001/-alfa-inventory/master/data/images/VR3USHPY8TJ840630_clean.webp,Peugeot,2008,2025,0,KM,SUV,Niebieski Nazare,New,124250 PLN,PLN,"{""addr1"": ""UL. STRUGA 1B"", ""city"": ""SZCZECIN"", ""region"": ""ZACHODNIOPOMORSKIE"", ""country"": ""PL""}",53.3891,14.6543,LEASE,892 PLN,per month,Hybrid,Automatic,FWD
VR3USHPY5TJ840617,2008 Envy · od 892 PLN/mies.,Peugeot 2008 Envy · Rata od 892 PLN netto/mies. · Leasing B2B · Częstochowa · Sprawdź ofertę!,https://sklep.peugeot.pl/produkt/2008/vr3ushpy5tj840617/,https://raw.githubusercontent.com/Andy11001/-alfa-inventory/master/data/images/VR3USHPY5TJ840617_clean.webp,Peugeot,2008,2025,0,KM,SUV,Niebieski Nazare,New,124250 PLN,PLN,"{""addr1"": ""CZĘSTOCHOWA"", ""city"": ""CZĘSTOCHOWA"", ""region"": ""MAZOWIECKIE"", ""country"": ""PL""}",,,LEASE,892 PLN,per month,Hybrid,Automatic,FWD
VR3USHPY4TJ840642,2008 Envy · od 882 PLN/mies.,Peugeot 2008 Envy · Rata od 882 PLN netto/mies. · Leasing B2B · Warszawa · Sprawdź ofertę!,https://sklep.peugeot.pl/produkt/2008/vr3ushpy4tj840642/,https://raw.githubusercontent.com/Andy11001/-alfa-inventory/master/data/images/VR3USHPY4TJ840642_clean.webp,Peugeot,2008,2025,0,KM,SUV,Niebieski Nazare,New,122900 PLN,PLN,"{""addr1"": ""AL. KRAKOWSKA 206"", ""city"": ""WARSZAWA"", ""region"": ""MAZOWIECKIE"", ""country"": ""PL""}",52.2084,20.9412,LEASE,882 PLN,per month,Hybrid,Automatic,FWD
VR3USHPY2TJ840610,2008 Envy · od 892 PLN/mies.,Peugeot 2008 Envy · Rata od 892 PLN netto/mies. · Leasing B2B · Bydgoszcz · Sprawdź ofertę!,https://sklep.peugeot.pl/produkt/2008/vr3ushpy2tj840610/,https://raw.githubusercontent.com/Andy11001/-alfa-inventory/master/data/images/VR3USHPY2TJ840610_clean.webp,Peugeot,2008,2025,0,KM,SUV,Niebieski Nazare,New,124250 PLN,PLN,"{""addr1"": ""UL. FORDOŃSKA 353"", ""city"": ""BYDGOSZCZ"", ""region"": ""KUJAWSKO-POMORSKIE"", ""country"": ""PL""}",53.1235,18.0084,LEASE,892 PLN,per month,Hybrid,Automatic,FWD
VR3USHPY4TJ840625,2008 Envy · od 892 PLN/mies.,Peugeot 2008 Envy · Rata od 892 PLN netto/mies. · Leasing B2B · Warszawa · Sprawdź ofertę!,https://sklep.peugeot.pl/produkt/2008/vr3ushpy4tj840625/,https://raw.githubusercontent.com/Andy11001/-alfa-inventory/master/data/images/VR3USHPY4TJ840625_clean.webp,Peugeot,2008,2025,0,KM,SUV,Niebieski Nazare,New,124250 PLN,PLN,"{""addr1"": ""AL. KRAKOWSKA 206"", ""city"": ""WARSZAWA"", ""region"": ""MAZOWIECKIE"", ""country"": ""PL""}",52.2084,20.9412,LEASE,892 PLN,per month,Hybrid,Automatic,FWD
VR3USHPY6TJ840643,2008 Envy · od 892 PLN/mies.,Peugeot 2008 Envy · Rata od 892 PLN netto/mies. · Leasing B2B · Słupsk · Sprawdź ofertę!,https://sklep.peugeot.pl/produkt/2008/vr3ushpy6tj840643/,https://raw.githubusercontent.com/Andy11001/-alfa-inventory/master/data/images/VR3USHPY6TJ840643_clean.webp,Peugeot,2008,2025,0,KM,SUV,Niebieski Nazare,New,124250 PLN,PLN,"{""addr1"": ""SŁUPSK"", ""city"": ""SŁUPSK"", ""region"": ""MAZOWIECKIE"", ""country"": ""PL""}",,,LEASE,892 PLN,per month,Hybrid,Automatic,FWD
VR3USHPY7TJ840635,2008 Envy · od 892 PLN/mies.,Peugeot 2008 Envy · Rata od 892 PLN netto/mies. · Leasing B2B · Konin · Sprawdź ofertę!,https://sklep.peugeot.pl/produkt/2008/vr3ushpy7tj840635/,https://raw.githubusercontent.com/Andy11001/-alfa-inventory/master/data/images/VR3USHPY7TJ840635_clean.webp,Peugeot,2008,2025,0,KM,SUV,Niebieski Nazare,New,124250 PLN,PLN,"{""addr1"": ""KONIN"", ""city"": ""KONIN"", ""region"": ""MAZOWIECKIE"", ""country"": ""PL""}",,,LEASE,892 PLN,per month,Hybrid,Automatic,FWD
VR3USHPYXTJ840631,2008 Envy · od 892 PLN/mies.,Peugeot 2008 Envy · Rata od 892 PLN netto/mies. · Leasing B2B · Warszawa · Sprawdź ofertę!,https://sklep.peugeot.pl/produkt/2008/vr3ushpyxtj840631/,https://raw.githubusercontent.com/Andy11001/-alfa-inventory/master/data/images/VR3USHPYXTJ840631_clean.webp,Peugeot,2008,2025,0,KM,SUV,Niebieski Nazare,New,124250 PLN,PLN,"{""addr1"": ""AL. KRAKOWSKA 206"", ""city"": ""WARSZAWA"", ""region"": ""MAZOWIECKIE"", ""country"": ""PL""}",52.2084,20.9412,LEASE,892 PLN,per month,Hybrid,Automatic,FWD
VR3USHPY1TJ840629,2008 Envy · od 892 PLN/mies.,Peugeot 2008 Envy · Rata od 892 PLN netto/mies. · Leasing B2B · Gdańsk · Sprawdź ofertę!,https://sklep.peugeot.pl/produkt/2008/vr3ushpy1tj840629/,https://raw.githubusercontent.com/Andy11001/-alfa-inventory/master/data/images/VR3USHPY1TJ840629_clean.webp,Peugeot,2008,2025,0,KM,SUV,Niebieski Nazare,New,124250 PLN,PLN,"{""addr1"": ""AL. GRUNWALDZKA 256"", ""city"": ""GDAŃSK"", ""region"": ""POMORSKIE"", ""country"": ""PL""}",54.4022,18.5714,LEASE,892 PLN,per month,Hybrid,Automatic,FWD
VR3USHPY7TJ840618,2008 Envy · od 890 PLN/mies.,Peugeot 2008 Envy · Rata od 890 PLN netto/mies. · Leasing B2B · Świdnik · Sprawdź ofertę!,https://sklep.peugeot.pl/produkt/2008/vr3ushpy7tj840618/,https://raw.githubusercontent.com/Andy11001/-alfa-inventory/master/data/images/VR3USHPY7TJ840618_clean.webp,Peugeot,2008,2025,0,KM,SUV,Niebieski Nazare,New,123900 PLN,PLN,"{""addr1"": ""ŚWIDNIK"", ""city"": ""ŚWIDNIK"", ""region"": ""MAZOWIECKIE"", ""country"": ""PL""}",,,LEASE,890 PLN,per month,Hybrid,Automatic,FWD
VR3USHPY4TJ840608,2008 Envy · od 892 PLN/mies.,Peugeot 2008 Envy · Rata od 892 PLN netto/mies. · Leasing B2B · Poznań · Sprawdź ofertę!,https://sklep.peugeot.pl/produkt/2008/vr3ushpy4tj840608/,https://raw.githubusercontent.com/Andy11001/-alfa-inventory/master/data/images/VR3USHPY4TJ840608_clean.webp,Peugeot,2008,2025,0,KM,SUV,Niebieski Nazare,New,124250 PLN,PLN,"{""addr1"": ""UL. BOLESŁAWA KRZYWOUSTEGO 71"", ""city"": ""POZNAŃ"", ""region"": ""WIELKOPOLSKIE"", ""country"": ""PL""}",52.3787,17.0270,LEASE,892 PLN,per month,Hybrid,Automatic,FWD
VR3USHPY9TJ840636,2008 Envy · od 892 PLN/mies.,Peugeot 2008 Envy · Rata od 892 PLN netto/mies. · Leasing B2B · Płock · Sprawdź ofertę!,https://sklep.peugeot.pl/produkt/2008/vr3ushpy9tj840636/,https://raw.githubusercontent.com/Andy11001/-alfa-inventory/master/data/images/VR3USHPY9TJ840636_clean.webp,Peugeot,2008,2025,0,KM,SUV,Niebieski Nazare,New,124250 PLN,PLN,"{""addr1"": ""UL. OTOLIŃSKA 25"", ""city"": ""PŁOCK"", ""region"": ""MAZOWIECKIE"", ""country"": ""PL""}",52.5468,19.7064,LEASE,892 PLN,per month,Hybrid,Automatic,FWD
VR3USHPY6TJ840738,2008 Envy · od 875 PLN/mies.,Peugeot 2008 Envy · Rata od 875 PLN netto/mies. · Leasing B2B · Stare Bielice · Sprawdź ofertę!,https://sklep.peugeot.pl/produkt/2008/vr3ushpy6tj840738/,https://raw.githubusercontent.com/Andy11001/-alfa-inventory/master/data/images/VR3USHPY6TJ840738_clean.webp,Peugeot,2008,2025,0,KM,SUV,Niebieski Nazare,New,121888 PLN,PLN,"{""addr1"": ""STARE BIELICE"", ""city"": ""STARE BIELICE"", ""region"": ""MAZOWIECKIE"", ""country"": ""PL""}",,,LEASE,875 PLN,per month,Hybrid,Automatic,FWD
VR3USHPY6TJ840741,2008 Envy · od 875 PLN/mies.,Peugeot 2008 Envy · Rata od 875 PLN netto/mies. · Leasing B2B · Kraków · Sprawdź ofertę!,https://sklep.peugeot.pl/produkt/2008/vr3ushpy6tj840741/,https://raw.githubusercontent.com/Andy11001/-alfa-inventory/master/data/images/VR3USHPY6TJ840741_clean.webp,Peugeot,2008,2025,0,KM,SUV,Niebieski Nazare,New,121888 PLN,PLN,"{""addr1"": ""UL. OPOLSKA 9"", ""city"": ""KRAKÓW"", ""region"": ""MAŁOPOLSKIE"", ""country"": ""PL""}",50.0931,19.9238,LEASE,875 PLN,per month,Hybrid,Automatic,FWD
VR3USHPY3TJ840731,2008 Envy · od 875 PLN/mies.,Peugeot 2008 Envy · Rata od 875 PLN netto/mies. · Leasing B2B · Kraków · Sprawdź ofertę!,https://sklep.peugeot.pl/produkt/2008/vr3ushpy3tj840731/,https://raw.githubusercontent.com/Andy11001/-alfa-inventory/master/data/images/VR3USHPY3TJ840731_clean.webp,Peugeot,2008,2025,0,KM,SUV,Niebieski Nazare,New,121888 PLN,PLN,"{""addr1"": ""UL. OPOLSKA 9"", ""city"": ""KRAKÓW"", ""region"": ""MAŁOPOLSKIE"", ""country"": ""PL""}",50.0931,19.9238,LEASE,875 PLN,per month,Hybrid,Automatic,FWD
VR3USHPY9TJ840734,2008 Envy · od 875 PLN/mies.,Peugeot 2008 Envy · Rata od 875 PLN netto/mies. · Leasing B2B · Leszno · Sprawdź ofertę!,https://sklep.peugeot.pl/produkt/2008/vr3ushpy9tj840734/,https://raw.githubusercontent.com/Andy11001/-alfa-inventory/master/data/images/VR3USHPY9TJ840734_clean.webp,Peugeot,2008,2025,0,KM,SUV,Niebieski Nazare,New,121888 PLN,PLN,"{""addr1"": ""UL. OKRZEI 12"", ""city"": ""LESZNO"", ""region"": ""WIELKOPOLSKIE"", ""country"": ""PL""}",51.8432,16.5751,LEASE,875 PLN,per month,Hybrid,Automatic,FWD
VR3USHPY7TJ840733,2008 Envy · od 875 PLN/mies.,Peugeot 2008 Envy · Rata od 875 PLN netto/mies. · Leasing B2B · Wieliczka · Sprawdź ofertę!,https://sklep.peugeot.pl/produkt/2008/vr3ushpy7tj840733/,https://raw.githubusercontent.com/Andy11001/-alfa-inventory/master/data/images/VR3USHPY7TJ840733_clean.webp,Peugeot,2008,2025,0,KM,SUV,Niebieski Nazare,New,121888 PLN,PLN,"{""addr1"": ""WIELICZKA"", ""city"": ""WIELICZKA"", ""region"": ""MAZOWIECKIE"", ""country"": ""PL""}",,,LEASE,875 PLN,per month,Hybrid,Automatic,FWD
VR3USHPY3TJ840728,2008 Envy · od 875 PLN/mies.,Peugeot 2008 Envy · Rata od 875 PLN netto/mies. · Leasing B2B · Kraków · Sprawdź ofertę!,https://sklep.peugeot.pl/produkt/2008/vr3ushpy3tj840728/,https://raw.githubusercontent.com/Andy11001/-alfa-inventory/master/data/images/VR3USHPY3TJ840728_clean.webp,Peugeot,2008,2025,0,KM,SUV,Niebieski Nazare,New,121888 PLN,PLN,"{""addr1"": ""UL. OPOLSKA 9"", ""city"": ""KRAKÓW"", ""region"": ""MAŁOPOLSKIE"", ""country"": ""PL""}",50.0931,19.9238,LEASE,875 PLN,per month,Hybrid,Automatic,FWD
VR3USHPY4TJ840737,2008 Envy · od 875 PLN/mies.,Peugeot 2008 Envy · Rata od 875 PLN netto/mies. · Leasing B2B · Rybnik · Sprawdź ofertę!,https://sklep.peugeot.pl/produkt/2008/vr3ushpy4tj840737/,https://raw.githubusercontent.com/Andy11001/-alfa-inventory/master/data/images/VR3USHPY4TJ840737_clean.jpg,Peugeot,2008,2025,0,KM,SUV,Niebieski Nazare,New,121888 PLN,PLN,"{""addr1"": ""UL. ŻORSKA 14"", ""city"": ""RYBNIK"", ""region"": ""ŚLĄSKIE"", ""country"": ""PL""}",50.1022,18.5463,LEASE,875 PLN,per month,Hybrid,Automatic,FWD
VR3USHPY1TJ840727,2008 Envy · od 875 PLN/mies.,Peugeot 2008 Envy · Rata od 875 PLN netto/mies. · Leasing B2B · Bielsko-Biała · Sprawdź ofertę!,https://sklep.peugeot.pl/produkt/2008/vr3ushpy1tj840727/,https://raw.githubusercontent.com/Andy11001/-alfa-inventory/master/data/images/VR3USHPY1TJ840727_clean.webp,Peugeot,2008,2025,0,KM,SUV,Niebieski Nazare,New,121888 PLN,PLN,"{""addr1"": ""UL. WARSZAWSKA 15"", ""city"": ""BIELSKO-BIAŁA"", ""region"": ""ŚLĄSKIE"", ""country"": ""PL""}",49.8225,19.0444,LEASE,875 PLN,per month,Hybrid,Automatic,FWD
VR3USHPY5TJ840729,2008 Envy · od 875 PLN/mies.,Peugeot 2008 Envy · Rata od 875 PLN netto/mies. · Leasing B2B · Grębów · Sprawdź ofertę!,https://sklep.peugeot.pl/produkt/2008/vr3ushpy5tj840729/,https://raw.githubusercontent.com/Andy11001/-alfa-inventory/master/data/images/VR3USHPY5TJ840729_clean.webp,Peugeot,2008,2025,0,KM,SUV,Niebieski Nazare,New,121888 PLN,PLN,"{""addr1"": ""GRĘBÓW"", ""city"": ""GRĘBÓW"", ""region"": ""MAZOWIECKIE"", ""country"": ""PL""}",,,LEASE,875 PLN,per month,Hybrid,Automatic,FWD
VR3USHPX9TJ761930,2008 Edition · od 779 PLN/mies.,Peugeot 2008 Edition · Rata od 779 PLN netto/mies. · Leasing B2B · Bielsko-Biała · Sprawdź ofertę!,https://sklep.peugeot.pl/produkt/2008/vr3ushpx9tj761930/,https://raw.githubusercontent.com/Andy11001/-alfa-inventory/master/data/images/VR3USHPX9TJ761930_clean.webp,Peugeot,2008,2025,0,KM,SUV,Niebieski Obsession,New,108400 PLN,PLN,"{""addr1"": ""UL. WARSZAWSKA 15"", ""city"": ""BIELSKO-BIAŁA"", ""region"": ""ŚLĄSKIE"", ""country"": ""PL""}",49.8225,19.0444,LEASE,779 PLN,per month,Hybrid,Automatic,FWD
VR3USHPX6TJ761934,2008 Edition · od 779 PLN/mies.,Peugeot 2008 Edition · Rata od 779 PLN netto/mies. · Leasing B2B · Kalisz · Sprawdź ofertę!,https://sklep.peugeot.pl/produkt/2008/vr3ushpx6tj761934/,https://raw.githubusercontent.com/Andy11001/-alfa-inventory/master/data/images/VR3USHPX6TJ761934_clean.webp,Peugeot,2008,2025,0,KM,SUV,Niebieski Obsession,New,108400 PLN,PLN,"{""addr1"": ""UL. CZĘSTOCHOWSKA 144"", ""city"": ""KALISZ"", ""region"": ""WIELKOPOLSKIE"", ""country"": ""PL""}",51.7612,18.0929,LEASE,779 PLN,per month,Hybrid,Automatic,FWD
VR3UPHPV8T5107395,208 Edition · od 538 PLN/mies.,Peugeot 208 Edition · Rata od 538 PLN netto/mies. · Leasing B2B · Bydgoszcz · Sprawdź ofertę!,https://sklep.peugeot.pl/produkt/208/vr3uphpv8t5107395/,https://raw.githubusercontent.com/Andy11001/-alfa-inventory/master/data/images/VR3UPHPV8T5107395_clean.webp,Peugeot,208,2025,0,KM,Hatchback,Bialy Okenite,New,74400 PLN,PLN,"{""addr1"": ""UL. FORDOŃSKA 353"", ""city"": ""BYDGOSZCZ"", ""region"": ""KUJAWSKO-POMORSKIE"", ""country"": ""PL""}",53.1235,18.0084,LEASE,538 PLN,per month,Gasoline,Manual,FWD
VR3FPHPY5TY574906,Nowy 408 Gt Exclusive · od 1107 PLN/mies.,Peugeot Nowy 408 Gt Exclusive · Rata od 1107 PLN netto/mies. · Leasing B2B · Katowice · Sprawdź ofertę!,https://sklep.peugeot.pl/produkt/nowy-408/vr3fphpy5ty574906/,,Peugeot,Nowy 408,2025,0,KM,SUV,Bialy Okenite,New,154600 PLN,PLN,"{""addr1"": ""AL. ROŹDZIEŃSKIEGO 170"", ""city"": ""KATOWICE"", ""region"": ""ŚLĄSKIE"", ""country"": ""PL""}",50.2649,19.0238,LEASE,1107 PLN,per month,Hybrid,Automatic,FWD
VR3KAHPY7TS169875,3008 Business · od 1022 PLN/mies.,Peugeot 3008 Business · Rata od 1022 PLN netto/mies. · Leasing B2B · Katowice · Sprawdź ofertę!,https://sklep.peugeot.pl/produkt/3008/vr3kahpy7ts169875/,,Peugeot,3008,2025,0,KM,SUV,Czarny Perla Nera,New,142600 PLN,PLN,"{""addr1"": ""AL. ROŹDZIEŃSKIEGO 170"", ""city"": ""KATOWICE"", ""region"": ""ŚLĄSKIE"", ""country"": ""PL""}",50.2649,19.0238,LEASE,1022 PLN,per month,Hybrid,Manual,FWD
VR3USHPY1TJ856684,2008 Gt Exclusive · od 960 PLN/mies.,Peugeot 2008 Gt Exclusive · Rata od 960 PLN netto/mies. · Leasing B2B · Gdańsk · Sprawdź ofertę!,https://sklep.peugeot.pl/produkt/2008/vr3ushpy1tj856684/,https://raw.githubusercontent.com/Andy11001/-alfa-inventory/master/data/images/VR3USHPY1TJ856684_clean.webp,Peugeot,2008,2025,0,KM,SUV,Czarny Perla Nera,New,133788 PLN,PLN,"{""addr1"": ""AL. GRUNWALDZKA 256"", ""city"": ""GDAŃSK"", ""region"": ""POMORSKIE"", ""country"": ""PL""}",54.4022,18.5714,LEASE,960 PLN,per month,Hybrid,Automatic,FWD
VR3FPHPY5TY558494,Nowy 408 Business · od 1021 PLN/mies.,Peugeot Nowy 408 Business · Rata od 1021 PLN netto/mies. · Leasing B2B · Białystok · Sprawdź ofertę!,https://sklep.peugeot.pl/produkt/nowy-408/vr3fphpy5ty558494/,https://raw.githubusercontent.com/Andy11001/-alfa-inventory/master/data/images/VR3FPHPY5TY558494_clean.jpg,Peugeot,Nowy 408,2025,0,KM,SUV,Zielony Flare,New,142384 PLN,PLN,"{""addr1"": ""UL. ELEWATORSKA 60"", ""city"": ""BIAŁYSTOK"", ""region"": ""PODLASKIE"", ""country"": ""PL""}",53.1325,23.1688,LEASE,1021 PLN,per month,Hybrid,Automatic,FWD
VR3USHPX7TJ768102,2008 Edition · od 779 PLN/mies.,Peugeot 2008 Edition · Rata od 779 PLN netto/mies. · Leasing B2B · Bydgoszcz · Sprawdź ofertę!,https://sklep.peugeot.pl/produkt/2008/vr3ushpx7tj768102/,https://raw.githubusercontent.com/Andy11001/-alfa-inventory/master/data/images/VR3USHPX7TJ768102_clean.jpg,Peugeot,2008,2025,0,KM,SUV,Niebieski Obsession,New,108400 PLN,PLN,"{""addr1"": ""UL. FORDOŃSKA 353"", ""city"": ""BYDGOSZCZ"", ""region"": ""KUJAWSKO-POMORSKIE"", ""country"": ""PL""}",53.1235,18.0084,LEASE,779 PLN,per month,Hybrid,Automatic,FWD
VR3USHPX0TJ727195,2008 Edition · od 760 PLN/mies.,Peugeot 2008 Edition · Rata od 760 PLN netto/mies. · Leasing B2B · Bydgoszcz · Sprawdź ofertę!,https://sklep.peugeot.pl/produkt/2008/vr3ushpx0tj727195/,https://raw.githubusercontent.com/Andy11001/-alfa-inventory/master/data/images/VR3USHPX0TJ727195_clean.webp,Peugeot,2008,2025,0,KM,SUV,Niebieski Obsession,New,105600 PLN,PLN,"{""addr1"": ""UL. FORDOŃSKA 353"", ""city"": ""BYDGOSZCZ"", ""region"": ""KUJAWSKO-POMORSKIE"", ""country"": ""PL""}",53.1235,18.0084,LEASE,760 PLN,per month,Hybrid,Automatic,FWD
VR3UPHPX7T5123914,208 Edition · od 614 PLN/mies.,Peugeot 208 Edition · Rata od 614 PLN netto/mies. · Leasing B2B · Bydgoszcz · Sprawdź ofertę!,https://sklep.peugeot.pl/produkt/208/vr3uphpx7t5123914/,https://raw.githubusercontent.com/Andy11001/-alfa-inventory/master/data/images/VR3UPHPX7T5123914_clean.webp,Peugeot,208,2025,0,KM,Hatchback,Zolty Agueda,New,85100 PLN,PLN,"{""addr1"": ""UL. FORDOŃSKA 353"", ""city"": ""BYDGOSZCZ"", ""region"": ""KUJAWSKO-POMORSKIE"", ""country"": ""PL""}",53.1235,18.0084,LEASE,614 PLN,per month,Hybrid,Automatic,FWD
VR3UPHPV4T5108365,208 Edition · od 538 PLN/mies.,Peugeot 208 Edition · Rata od 538 PLN netto/mies. · Leasing B2B · Krasne · Sprawdź ofertę!,https://sklep.peugeot.pl/produkt/208/vr3uphpv4t5108365/,https://raw.githubusercontent.com/Andy11001/-alfa-inventory/master/data/images/VR3UPHPV4T5108365_clean.jpg,Peugeot,208,2025,0,KM,Hatchback,Bialy Okenite,New,74400 PLN,PLN,"{""addr1"": ""KRASNE"", ""city"": ""KRASNE"", ""region"": ""MAZOWIECKIE"", ""country"": ""PL""}",,,LEASE,538 PLN,per month,Gasoline,Manual,FWD
VR3KAHPY0TS160385,5008 Gt · od 1278 PLN/mies.,Peugeot 5008 Gt · Rata od 1278 PLN netto/mies. · Leasing B2B · Gdańsk · Sprawdź ofertę!,https://sklep.peugeot.pl/produkt/5008/vr3kahpy0ts160385/,https://raw.githubusercontent.com/Andy11001/-alfa-inventory/master/data/images/VR3KAHPY0TS160385_clean.webp,Peugeot,5008,2025,0,KM,SUV,Czarny Perla Nera Metaliczny,New,178610 PLN,PLN,"{""addr1"": ""AL. GRUNWALDZKA 256"", ""city"": ""GDAŃSK"", ""region"": ""POMORSKIE"", ""country"": ""PL""}",54.4022,18.5714,LEASE,1278 PLN,per month,Hybrid,Manual,FWD
VR3UPHPX6T5141773,208 Edition · od 614 PLN/mies.,Peugeot 208 Edition · Rata od 614 PLN netto/mies. · Leasing B2B · Krasne · Sprawdź ofertę!,https://sklep.peugeot.pl/produkt/208/vr3uphpx6t5141773/,https://raw.githubusercontent.com/Andy11001/-alfa-inventory/master/data/images/VR3UPHPX6T5141773_clean.webp,Peugeot,208,2025,0,KM,Hatchback,Zolty Agueda,New,85100 PLN,PLN,"{""addr1"": ""KRASNE"", ""city"": ""KRASNE"", ""region"": ""MAZOWIECKIE"", ""country"": ""PL""}",,,LEASE,614 PLN,per month,Hybrid,Automatic,FWD
VR3UPHPX1T5141776,208 Edition · od 614 PLN/mies.,Peugeot 208 Edition · Rata od 614 PLN netto/mies. · Leasing B2B · Warszawa · Sprawdź ofertę!,https://sklep.peugeot.pl/produkt/208/vr3uphpx1t5141776/,https://raw.githubusercontent.com/Andy11001/-alfa-inventory/master/data/images/VR3UPHPX1T5141776_clean.webp,Peugeot,208,2025,0,KM,Hatchback,Zolty Agueda,New,85100 PLN,PLN,"{""addr1"": ""AL. KRAKOWSKA 206"", ""city"": ""WARSZAWA"", ""region"": ""MAZOWIECKIE"", ""country"": ""PL""}",52.2084,20.9412,LEASE,614 PLN,per month,Hybrid,Automatic,FWD
VR3UPHPXXT5141775,208 Edition · od 614 PLN/mies.,Peugeot 208 Edition · Rata od 614 PLN netto/mies. · Leasing B2B · Warszawa · Sprawdź ofertę!,https://sklep.peugeot.pl/produkt/208/vr3uphpxxt5141775/,https://raw.githubusercontent.com/Andy11001/-alfa-inventory/master/data/images/VR3UPHPXXT5141775_clean.webp,Peugeot,208,2025,0,KM,Hatchback,Zolty Agueda,New,85100 PLN,PLN,"{""addr1"": ""AL. KRAKOWSKA 206"", ""city"": ""WARSZAWA"", ""region"": ""MAZOWIECKIE"", ""country"": ""PL""}",52.2084,20.9412,LEASE,614 PLN,per month,Hybrid,Automatic,FWD
VF3VNFC17TZ057784,Traveller Business · od 1408 PLN/mies.,Peugeot Traveller Business · Rata od 1408 PLN netto/mies. · Leasing B2B · Katowice · Sprawdź ofertę!,https://sklep.peugeot.pl/produkt/traveller/vf3vnfc17tz057784/,,Peugeot,Traveller,2025,0,KM,Hatchback,Szary Artense Metaliczny,New,196900 PLN,PLN,"{""addr1"": ""AL. ROŹDZIEŃSKIEGO 170"", ""city"": ""KATOWICE"", ""region"": ""ŚLĄSKIE"", ""country"": ""PL""}",50.2649,19.0238,LEASE,1408 PLN,per month,Diesel,Automatic,FWD
VR3KAHPY8TS160389,5008 Gt · od 1278 PLN/mies.,Peugeot 5008 Gt · Rata od 1278 PLN netto/mies. · Leasing B2B · Gdańsk · Sprawdź ofertę!,https://sklep.peugeot.pl/produkt/5008/vr3kahpy8ts160389/,https://raw.githubusercontent.com/Andy11001/-alfa-inventory/master/data/images/VR3KAHPY8TS160389_clean.webp,Peugeot,5008,2025,0,KM,SUV,Czarny Perla Nera Metaliczny,New,178610 PLN,PLN,"{""addr1"": ""AL. GRUNWALDZKA 256"", ""city"": ""GDAŃSK"", ""region"": ""POMORSKIE"", ""country"": ""PL""}",54.4022,18.5714,LEASE,1278 PLN,per month,Hybrid,Manual,FWD
VR3KAHPY6TS160391,5008 Gt · od 1278 PLN/mies.,Peugeot 5008 Gt · Rata od 1278 PLN netto/mies. · Leasing B2B · Gdańsk · Sprawdź ofertę!,https://sklep.peugeot.pl/produkt/5008/vr3kahpy6ts160391/,https://raw.githubusercontent.com/Andy11001/-alfa-inventory/master/data/images/VR3KAHPY6TS160391_clean.webp,Peugeot,5008,2025,0,KM,SUV,Czarny Perla Nera Metaliczny,New,178610 PLN,PLN,"{""addr1"": ""AL. GRUNWALDZKA 256"", ""city"": ""GDAŃSK"", ""region"": ""POMORSKIE"", ""country"": ""PL""}",54.4022,18.5714,LEASE,1278 PLN,per month,Hybrid,Manual,FWD
VR3KAHPY3TS160381,5008 Gt · od 1278 PLN/mies.,Peugeot 5008 Gt · Rata od 1278 PLN netto/mies. · Leasing B2B · Gdańsk · Sprawdź ofertę!,https://sklep.peugeot.pl/produkt/5008/vr3kahpy3ts160381/,https://raw.githubusercontent.com/Andy11001/-alfa-inventory/master/data/images/VR3KAHPY3TS160381_clean.webp,Peugeot,5008,2025,0,KM,SUV,Czarny Perla Nera Metaliczny,New,178610 PLN,PLN,"{""addr1"": ""AL. GRUNWALDZKA 256"", ""city"": ""GDAŃSK"", ""region"": ""POMORSKIE"", ""country"": ""PL""}",54.4022,18.5714,LEASE,1278 PLN,per month,Hybrid,Manual,FWD
VR3KAHPY7TS160383,5008 Gt · od 1278 PLN/mies.,Peugeot 5008 Gt · Rata od 1278 PLN netto/mies. · Leasing B2B · Gdańsk · Sprawdź ofertę!,https://sklep.peugeot.pl/produkt/5008/vr3kahpy7ts160383/,https://raw.githubusercontent.com/Andy11001/-alfa-inventory/master/data/images/VR3KAHPY7TS160383_clean.webp,Peugeot,5008,2025,0,KM,SUV,Czarny Perla Nera Metaliczny,New,178610 PLN,PLN,"{""addr1"": ""AL. GRUNWALDZKA 256"", ""city"": ""GDAŃSK"", ""region"": ""POMORSKIE"", ""country"": ""PL""}",54.4022,18.5714,LEASE,1278 PLN,per month,Hybrid,Manual,FWD
VR3KAHPY7TS169410,5008 Business · od 1124 PLN/mies.,Peugeot 5008 Business · Rata od 1124 PLN netto/mies. · Leasing B2B · Katowice · Sprawdź ofertę!,https://sklep.peugeot.pl/produkt/5008/vr3kahpy7ts169410/,,Peugeot,5008,2025,0,KM,SUV,Niebieski Ingaro Metaliczny,New,156900 PLN,PLN,"{""addr1"": ""AL. ROŹDZIEŃSKIEGO 170"", ""city"": ""KATOWICE"", ""region"": ""ŚLĄSKIE"", ""country"": ""PL""}",50.2649,19.0238,LEASE,1124 PLN,per month,Hybrid,Manual,FWD
VR3FPHPY4TY574895,Nowy 408 Gt Exclusive · od 1152 PLN/mies.,Peugeot Nowy 408 Gt Exclusive · Rata od 1152 PLN netto/mies. · Leasing B2B · Gdańsk · Sprawdź ofertę!,https://sklep.peugeot.pl/produkt/nowy-408/vr3fphpy4ty574895/,https://raw.githubusercontent.com/Andy11001/-alfa-inventory/master/data/images/VR3FPHPY4TY574895_clean.webp,Peugeot,Nowy 408,2025,0,KM,SUV,Zielony Flare,New,160864 PLN,PLN,"{""addr1"": ""AL. GRUNWALDZKA 256"", ""city"": ""GDAŃSK"", ""region"": ""POMORSKIE"", ""country"": ""PL""}",54.4022,18.5714,LEASE,1152 PLN,per month,Hybrid,Automatic,FWD
VR3FPHPY5TY574968,Nowy 408 Gt · od 1121 PLN/mies.,Peugeot Nowy 408 Gt · Rata od 1121 PLN netto/mies. · Leasing B2B · Katowice · Sprawdź ofertę!,https://sklep.peugeot.pl/produkt/nowy-408/vr3fphpy5ty574968/,,Peugeot,Nowy 408,2025,0,KM,SUV,Czarny Perla Nera,New,156500 PLN,PLN,"{""addr1"": ""AL. ROŹDZIEŃSKIEGO 170"", ""city"": ""KATOWICE"", ""region"": ""ŚLĄSKIE"", ""country"": ""PL""}",50.2649,19.0238,LEASE,1121 PLN,per month,Hybrid,Automatic,FWD
VR3EDYHZ7TJ825980,Rifter MPV Allure · od 1015 PLN/mies.,Peugeot Rifter MPV Allure · Rata od 1015 PLN netto/mies. · Leasing B2B · Warszawa · Sprawdź ofertę!,https://sklep.peugeot.pl/produkt/rifter-mpv/vr3edyhz7tj825980/,https://raw.githubusercontent.com/Andy11001/-alfa-inventory/master/data/images/VR3EDYHZ7TJ825980_clean.webp,Peugeot,Rifter MPV,2025,0,KM,Hatchback,Szary Artense,New,141516 PLN,PLN,"{""addr1"": ""AL. KRAKOWSKA 206"", ""city"": ""WARSZAWA"", ""region"": ""MAZOWIECKIE"", ""country"": ""PL""}",52.2084,20.9412,LEASE,1015 PLN,per month,Diesel,Automatic,FWD
VR3USHPX7TJ729851,2008 Edition · od 760 PLN/mies.,Peugeot 2008 Edition · Rata od 760 PLN netto/mies. · Leasing B2B · Bielsko-Biała · Sprawdź ofertę!,https://sklep.peugeot.pl/produkt/2008/vr3ushpx7tj729851/,https://raw.githubusercontent.com/Andy11001/-alfa-inventory/master/data/images/VR3USHPX7TJ729851_clean.webp,Peugeot,2008,2025,0,KM,SUV,Niebieski Obsession,New,105600 PLN,PLN,"{""addr1"": ""UL. WARSZAWSKA 15"", ""city"": ""BIELSKO-BIAŁA"", ""region"": ""ŚLĄSKIE"", ""country"": ""PL""}",49.8225,19.0444,LEASE,760 PLN,per month,Hybrid,Automatic,FWD
VR3F4DGM3SY601906,Nowe 308 SW Gt · od 1239 PLN/mies.,Peugeot Nowe 308 SW Gt · Rata od 1239 PLN netto/mies. · Leasing B2B · Sosnowiec · Sprawdź ofertę!,https://sklep.peugeot.pl/produkt/nowe-308-sw/vr3f4dgm3sy601906/,https://raw.githubusercontent.com/Andy11001/-alfa-inventory/master/data/images/VR3F4DGM3SY601906_clean.jpg,Peugeot,Nowe 308 SW,2025,0,KM,Wagon,Niebieski Ingaro,New,173184 PLN,PLN,"{""addr1"": ""UL. WOJSKA POLSKIEGO 45"", ""city"": ""SOSNOWIEC"", ""region"": ""ŚLĄSKIE"", ""country"": ""PL""}",50.2863,19.1042,LEASE,1239 PLN,per month,Plug-in Hybrid,Automatic,FWD
VR3FPHPY0TY568091,Nowy 408 Gt · od 1118 PLN/mies.,Peugeot Nowy 408 Gt · Rata od 1118 PLN netto/mies. · Leasing B2B · Białystok · Sprawdź ofertę!,https://sklep.peugeot.pl/produkt/nowy-408/vr3fphpy0ty568091/,https://raw.githubusercontent.com/Andy11001/-alfa-inventory/master/data/images/VR3FPHPY0TY568091_clean.webp,Peugeot,Nowy 408,2025,0,KM,SUV,Szary Selenium,New,156112 PLN,PLN,"{""addr1"": ""UL. ELEWATORSKA 60"", ""city"": ""BIAŁYSTOK"", ""region"": ""PODLASKIE"", ""country"": ""PL""}",53.1325,23.1688,LEASE,1118 PLN,per month,Hybrid,Automatic,FWD
VR3FCYHZ8TY573882,Nowe 308 SW Allure · od 886 PLN/mies.,Peugeot Nowe 308 SW Allure · Rata od 886 PLN netto/mies. · Leasing B2B · Gliwice · Sprawdź ofertę!,https://sklep.peugeot.pl/produkt/nowe-308-sw/vr3fcyhz8ty573882/,https://raw.githubusercontent.com/Andy11001/-alfa-inventory/master/data/images/VR3FCYHZ8TY573882_clean.webp,Peugeot,Nowe 308 SW,2025,0,KM,Wagon,Niebieski Ingaro,New,123410 PLN,PLN,"{""addr1"": ""UL. TOSZECKA 101"", ""city"": ""GLIWICE"", ""region"": ""ŚLĄSKIE"", ""country"": ""PL""}",50.2945,18.6714,LEASE,886 PLN,per month,Diesel,Automatic,FWD
VR3USHPX2TJ742555,2008 Edition · od 760 PLN/mies.,Peugeot 2008 Edition · Rata od 760 PLN netto/mies. · Leasing B2B · Kalisz · Sprawdź ofertę!,https://sklep.peugeot.pl/produkt/2008/vr3ushpx2tj742555/,https://raw.githubusercontent.com/Andy11001/-alfa-inventory/master/data/images/VR3USHPX2TJ742555_clean.webp,Peugeot,2008,2025,0,KM,SUV,Niebieski Obsession,New,105600 PLN,PLN,"{""addr1"": ""UL. CZĘSTOCHOWSKA 144"", ""city"": ""KALISZ"", ""region"": ""WIELKOPOLSKIE"", ""country"": ""PL""}",51.7612,18.0929,LEASE,760 PLN,per month,Hybrid,Automatic,FWD
VR3FPHPY0TY569967,Nowy 408 Gt Exclusive · od 1167 PLN/mies.,Peugeot Nowy 408 Gt Exclusive · Rata od 1167 PLN netto/mies. · Leasing B2B · Słupsk · Sprawdź ofertę!,https://sklep.peugeot.pl/produkt/nowy-408/vr3fphpy0ty569967/,https://raw.githubusercontent.com/Andy11001/-alfa-inventory/master/data/images/VR3FPHPY0TY569967_clean.webp,Peugeot,Nowy 408,2025,0,KM,SUV,Zielony Flare,New,162976 PLN,PLN,"{""addr1"": ""SŁUPSK"", ""city"": ""SŁUPSK"", ""region"": ""MAZOWIECKIE"", ""country"": ""PL""}",,,LEASE,1167 PLN,per month,Hybrid,Automatic,FWD
VR3UPHPV9T5134265,208 Edition · od 538 PLN/mies.,Peugeot 208 Edition · Rata od 538 PLN netto/mies. · Leasing B2B · Katowice · Sprawdź ofertę!,https://sklep.peugeot.pl/produkt/208/vr3uphpv9t5134265/,https://raw.githubusercontent.com/Andy11001/-alfa-inventory/master/data/images/VR3UPHPV9T5134265_clean.webp,Peugeot,208,2025,0,KM,Hatchback,Szary Artense,New,74400 PLN,PLN,"{""addr1"": ""AL. ROŹDZIEŃSKIEGO 170"", ""city"": ""KATOWICE"", ""region"": ""ŚLĄSKIE"", ""country"": ""PL""}",50.2649,19.0238,LEASE,538 PLN,per month,Gasoline,Manual,FWD
VR3KAHPY5TS166084,5008 Business · od 1100 PLN/mies.,Peugeot 5008 Business · Rata od 1100 PLN netto/mies. · Leasing B2B · Katowice · Sprawdź ofertę!,https://sklep.peugeot.pl/produkt/5008/vr3kahpy5ts166084/,,Peugeot,5008,2025,0,KM,SUV,Niebieski Obsession Metaliczny,New,153500 PLN,PLN,"{""addr1"": ""AL. ROŹDZIEŃSKIEGO 170"", ""city"": ""KATOWICE"", ""region"": ""ŚLĄSKIE"", ""country"": ""PL""}",50.2649,19.0238,LEASE,1100 PLN,per month,Hybrid,Manual,FWD
VR3FPHPY9TY570924,Nowy 408 Gt Exclusive · od 1050 PLN/mies.,Peugeot Nowy 408 Gt Exclusive · Rata od 1050 PLN netto/mies. · Leasing B2B · Katowice · Sprawdź ofertę!,https://sklep.peugeot.pl/produkt/nowy-408/vr3fphpy9ty570924/,https://raw.githubusercontent.com/Andy11001/-alfa-inventory/master/data/images/VR3FPHPY9TY570924_clean.webp,Peugeot,Nowy 408,2025,0,KM,SUV,Zielony Flare,New,146500 PLN,PLN,"{""addr1"": ""AL. ROŹDZIEŃSKIEGO 170"", ""city"": ""KATOWICE"", ""region"": ""ŚLĄSKIE"", ""country"": ""PL""}",50.2649,19.0238,LEASE,1050 PLN,per month,Hybrid,Automatic,FWD
VR3USHPX7TJ729848,2008 Edition · od 760 PLN/mies.,Peugeot 2008 Edition · Rata od 760 PLN netto/mies. · Leasing B2B · Ełk · Sprawdź ofertę!,https://sklep.peugeot.pl/produkt/2008/vr3ushpx7tj729848/,https://raw.githubusercontent.com/Andy11001/-alfa-inventory/master/data/images/VR3USHPX7TJ729848_clean.jpg,Peugeot,2008,2025,0,KM,SUV,Niebieski Obsession,New,105600 PLN,PLN,"{""addr1"": ""UL. SUWALSKA 2"", ""city"": ""EŁK"", ""region"": ""WARMIŃSKO-MAZURSKIE"", ""country"": ""PL""}",53.8281,22.3647,LEASE,760 PLN,per month,Hybrid,Automatic,FWD
VR3UPHPX6T5119370,208 Edition · od 600 PLN/mies.,Peugeot 208 Edition · Rata od 600 PLN netto/mies. · Leasing B2B · Katowice · Sprawdź ofertę!,https://sklep.peugeot.pl/produkt/208/vr3uphpx6t5119370/,https://raw.githubusercontent.com/Andy11001/-alfa-inventory/master/data/images/VR3UPHPX6T5119370_clean.webp,Peugeot,208,2025,0,KM,Hatchback,Zolty Agueda,New,83100 PLN,PLN,"{""addr1"": ""AL. ROŹDZIEŃSKIEGO 170"", ""city"": ""KATOWICE"", ""region"": ""ŚLĄSKIE"", ""country"": ""PL""}",50.2649,19.0238,LEASE,600 PLN,per month,Hybrid,Automatic,FWD
VR3UPHPV6T5094419,208 Edition · od 538 PLN/mies.,Peugeot 208 Edition · Rata od 538 PLN netto/mies. · Leasing B2B · Słupsk · Sprawdź ofertę!,https://sklep.peugeot.pl/produkt/208/vr3uphpv6t5094419/,https://raw.githubusercontent.com/Andy11001/-alfa-inventory/master/data/images/VR3UPHPV6T5094419_clean.webp,Peugeot,208,2025,0,KM,Hatchback,Bialy Okenite,New,74400 PLN,PLN,"{""addr1"": ""SŁUPSK"", ""city"": ""SŁUPSK"", ""region"": ""MAZOWIECKIE"", ""country"": ""PL""}",,,LEASE,538 PLN,per month,Gasoline,Manual,FWD
VR3USHPY0TJ856692,2008 Gt Exclusive · od 960 PLN/mies.,Peugeot 2008 Gt Exclusive · Rata od 960 PLN netto/mies. · Leasing B2B · Łódź · Sprawdź ofertę!,https://sklep.peugeot.pl/produkt/2008/vr3ushpy0tj856692/,https://raw.githubusercontent.com/Andy11001/-alfa-inventory/master/data/images/VR3USHPY0TJ856692_clean.webp,Peugeot,2008,2025,0,KM,SUV,Czarny Perla Nera,New,133788 PLN,PLN,"{""addr1"": ""UL. OBYWATELSKA 181"", ""city"": ""ŁÓDŹ"", ""region"": ""ŁÓDZKIE"", ""country"": ""PL""}",51.7371,19.4316,LEASE,960 PLN,per month,Hybrid,Automatic,FWD
VR3USHPY4TJ856694,2008 Gt Exclusive · od 960 PLN/mies.,Peugeot 2008 Gt Exclusive · Rata od 960 PLN netto/mies. · Leasing B2B · Łódź · Sprawdź ofertę!,https://sklep.peugeot.pl/produkt/2008/vr3ushpy4tj856694/,https://raw.githubusercontent.com/Andy11001/-alfa-inventory/master/data/images/VR3USHPY4TJ856694_clean.webp,Peugeot,2008,2025,0,KM,SUV,Czarny Perla Nera,New,133788 PLN,PLN,"{""addr1"": ""UL. OBYWATELSKA 181"", ""city"": ""ŁÓDŹ"", ""region"": ""ŁÓDZKIE"", ""country"": ""PL""}",51.7371,19.4316,LEASE,960 PLN,per month,Hybrid,Automatic,FWD
VR3USHPYXTJ856697,2008 Gt Exclusive · od 960 PLN/mies.,Peugeot 2008 Gt Exclusive · Rata od 960 PLN netto/mies. · Leasing B2B · Łódź · Sprawdź ofertę!,https://sklep.peugeot.pl/produkt/2008/vr3ushpyxtj856697/,https://raw.githubusercontent.com/Andy11001/-alfa-inventory/master/data/images/VR3USHPYXTJ856697_clean.webp,Peugeot,2008,2025,0,KM,SUV,Czarny Perla Nera,New,133788 PLN,PLN,"{""addr1"": ""UL. OBYWATELSKA 181"", ""city"": ""ŁÓDŹ"", ""region"": ""ŁÓDZKIE"", ""country"": ""PL""}",51.7371,19.4316,LEASE,960 PLN,per month,Hybrid,Automatic,FWD
VR3USHPY8TJ856696,2008 Gt Exclusive · od 960 PLN/mies.,Peugeot 2008 Gt Exclusive · Rata od 960 PLN netto/mies. · Leasing B2B · Łódź · Sprawdź ofertę!,https://sklep.peugeot.pl/produkt/2008/vr3ushpy8tj856696/,https://raw.githubusercontent.com/Andy11001/-alfa-inventory/master/data/images/VR3USHPY8TJ856696_clean.webp,Peugeot,2008,2025,0,KM,SUV,Czarny Perla Nera,New,133788 PLN,PLN,"{""addr1"": ""UL. OBYWATELSKA 181"", ""city"": ""ŁÓDŹ"", ""region"": ""ŁÓDZKIE"", ""country"": ""PL""}",51.7371,19.4316,LEASE,960 PLN,per month,Hybrid,Automatic,FWD
VR3USHPY9TJ856691,2008 Gt Exclusive · od 960 PLN/mies.,Peugeot 2008 Gt Exclusive · Rata od 960 PLN netto/mies. · Leasing B2B · Łódź · Sprawdź ofertę!,https://sklep.peugeot.pl/produkt/2008/vr3ushpy9tj856691/,https://raw.githubusercontent.com/Andy11001/-alfa-inventory/master/data/images/VR3USHPY9TJ856691_clean.webp,Peugeot,2008,2025,0,KM,SUV,Czarny Perla Nera,New,133788 PLN,PLN,"{""addr1"": ""UL. OBYWATELSKA 181"", ""city"": ""ŁÓDŹ"", ""region"": ""ŁÓDZKIE"", ""country"": ""PL""}",51.7371,19.4316,LEASE,960 PLN,per month,Hybrid,Automatic,FWD
VR3USHPY7TJ856690,2008 Gt Exclusive · od 960 PLN/mies.,Peugeot 2008 Gt Exclusive · Rata od 960 PLN netto/mies. · Leasing B2B · Łódź · Sprawdź ofertę!,https://sklep.peugeot.pl/produkt/2008/vr3ushpy7tj856690/,https://raw.githubusercontent.com/Andy11001/-alfa-inventory/master/data/images/VR3USHPY7TJ856690_clean.webp,Peugeot,2008,2025,0,KM,SUV,Czarny Perla Nera,New,133788 PLN,PLN,"{""addr1"": ""UL. OBYWATELSKA 181"", ""city"": ""ŁÓDŹ"", ""region"": ""ŁÓDZKIE"", ""country"": ""PL""}",51.7371,19.4316,LEASE,960 PLN,per month,Hybrid,Automatic,FWD
VR3USHPX2TJ762238,2008 Edition · od 760 PLN/mies.,Peugeot 2008 Edition · Rata od 760 PLN netto/mies. · Leasing B2B · Sosnowiec · Sprawdź ofertę!,https://sklep.peugeot.pl/produkt/2008/vr3ushpx2tj762238/,https://raw.githubusercontent.com/Andy11001/-alfa-inventory/master/data/images/VR3USHPX2TJ762238_clean.jpg,Peugeot,2008,2025,0,KM,SUV,Bialy Okenite,New,105700 PLN,PLN,"{""addr1"": ""UL. WOJSKA POLSKIEGO 45"", ""city"": ""SOSNOWIEC"", ""region"": ""ŚLĄSKIE"", ""country"": ""PL""}",50.2863,19.1042,LEASE,760 PLN,per month,Hybrid,Automatic,FWD
VR3FPHPY4TY573567,Nowy 408 Gt Exclusive · od 1170 PLN/mies.,Peugeot Nowy 408 Gt Exclusive · Rata od 1170 PLN netto/mies. · Leasing B2B · Gdańsk · Sprawdź ofertę!,https://sklep.peugeot.pl/produkt/nowy-408/vr3fphpy4ty573567/,https://raw.githubusercontent.com/Andy11001/-alfa-inventory/master/data/images/VR3FPHPY4TY573567_clean.webp,Peugeot,Nowy 408,2025,0,KM,SUV,Szary Selenium,New,163416 PLN,PLN,"{""addr1"": ""AL. GRUNWALDZKA 256"", ""city"": ""GDAŃSK"", ""region"": ""POMORSKIE"", ""country"": ""PL""}",54.4022,18.5714,LEASE,1170 PLN,per month,Hybrid,Automatic,FWD
VR3FPHPY7TY532074,Nowy 408 Gt · od 1119 PLN/mies.,Peugeot Nowy 408 Gt · Rata od 1119 PLN netto/mies. · Leasing B2B · Warszawa · Sprawdź ofertę!,https://sklep.peugeot.pl/produkt/nowy-408/vr3fphpy7ty532074/,https://raw.githubusercontent.com/Andy11001/-alfa-inventory/master/data/images/VR3FPHPY7TY532074_clean.webp,Peugeot,Nowy 408,2025,0,KM,SUV,Bialy Okenite,New,156288 PLN,PLN,"{""addr1"": ""AL. KRAKOWSKA 206"", ""city"": ""WARSZAWA"", ""region"": ""MAZOWIECKIE"", ""country"": ""PL""}",52.2084,20.9412,LEASE,1119 PLN,per month,Hybrid,Automatic,FWD
VR3KAHPY0TS159706,3008 Business · od 1024 PLN/mies.,Peugeot 3008 Business · Rata od 1024 PLN netto/mies. · Leasing B2B · Katowice · Sprawdź ofertę!,https://sklep.peugeot.pl/produkt/3008/vr3kahpy0ts159706/,,Peugeot,3008,2025,0,KM,SUV,Bialy Okenite,New,142900 PLN,PLN,"{""addr1"": ""AL. ROŹDZIEŃSKIEGO 170"", ""city"": ""KATOWICE"", ""region"": ""ŚLĄSKIE"", ""country"": ""PL""}",50.2649,19.0238,LEASE,1024 PLN,per month,Hybrid,Manual,FWD
VR3USHPY0TJ856689,2008 Gt Exclusive · od 960 PLN/mies.,Peugeot 2008 Gt Exclusive · Rata od 960 PLN netto/mies. · Leasing B2B · Łódź · Sprawdź ofertę!,https://sklep.peugeot.pl/produkt/2008/vr3ushpy0tj856689/,https://raw.githubusercontent.com/Andy11001/-alfa-inventory/master/data/images/VR3USHPY0TJ856689_clean.webp,Peugeot,2008,2025,0,KM,SUV,Czarny Perla Nera,New,133788 PLN,PLN,"{""addr1"": ""UL. OBYWATELSKA 181"", ""city"": ""ŁÓDŹ"", ""region"": ""ŁÓDZKIE"", ""country"": ""PL""}",51.7371,19.4316,LEASE,960 PLN,per month,Hybrid,Automatic,FWD
VR3KAHPYXTS159986,5008 Gt Exclusive · od 1265 PLN/mies.,Peugeot 5008 Gt Exclusive · Rata od 1265 PLN netto/mies. · Leasing B2B · Poznań · Sprawdź ofertę!,https://sklep.peugeot.pl/produkt/5008/vr3kahpyxts159986/,https://raw.githubusercontent.com/Andy11001/-alfa-inventory/master/data/images/VR3KAHPYXTS159986_clean.webp,Peugeot,5008,2025,0,KM,SUV,Szary Titane Metaliczny,New,176771 PLN,PLN,"{""addr1"": ""UL. BOLESŁAWA KRZYWOUSTEGO 71"", ""city"": ""POZNAŃ"", ""region"": ""WIELKOPOLSKIE"", ""country"": ""PL""}",52.3787,17.0270,LEASE,1265 PLN,per month,Hybrid,Manual,FWD
VR3FPHPY6TY572680,Nowy 408 Gt Exclusive · od 1167 PLN/mies.,Peugeot Nowy 408 Gt Exclusive · Rata od 1167 PLN netto/mies. · Leasing B2B · Kraków · Sprawdź ofertę!,https://sklep.peugeot.pl/produkt/nowy-408/vr3fphpy6ty572680/,https://raw.githubusercontent.com/Andy11001/-alfa-inventory/master/data/images/VR3FPHPY6TY572680_clean.webp,Peugeot,Nowy 408,2025,0,KM,SUV,Szary Selenium,New,162976 PLN,PLN,"{""addr1"": ""UL. OPOLSKA 9"", ""city"": ""KRAKÓW"", ""region"": ""MAŁOPOLSKIE"", ""country"": ""PL""}",50.0931,19.9238,LEASE,1167 PLN,per month,Hybrid,Automatic,FWD
VR3FCYHZ7TY566812,Nowe 308 SW Gt Exclusive · od 1099 PLN/mies.,Peugeot Nowe 308 SW Gt Exclusive · Rata od 1099 PLN netto/mies. · Leasing B2B · Słupsk · Sprawdź ofertę!,https://sklep.peugeot.pl/produkt/nowe-308-sw/vr3fcyhz7ty566812/,https://raw.githubusercontent.com/Andy11001/-alfa-inventory/master/data/images/VR3FCYHZ7TY566812_clean.webp,Peugeot,Nowe 308 SW,2025,0,KM,Wagon,Szary Selenium,New,153424 PLN,PLN,"{""addr1"": ""SŁUPSK"", ""city"": ""SŁUPSK"", ""region"": ""MAZOWIECKIE"", ""country"": ""PL""}",,,LEASE,1099 PLN,per month,Diesel,Automatic,FWD
VR3FPHPY8TY572731,Nowy 408 Gt · od 1119 PLN/mies.,Peugeot Nowy 408 Gt · Rata od 1119 PLN netto/mies. · Leasing B2B · Poznań · Sprawdź ofertę!,https://sklep.peugeot.pl/produkt/nowy-408/vr3fphpy8ty572731/,https://raw.githubusercontent.com/Andy11001/-alfa-inventory/master/data/images/VR3FPHPY8TY572731_clean.webp,Peugeot,Nowy 408,2025,0,KM,SUV,Szary Selenium,New,156288 PLN,PLN,"{""addr1"": ""UL. BOLESŁAWA KRZYWOUSTEGO 71"", ""city"": ""POZNAŃ"", ""region"": ""WIELKOPOLSKIE"", ""country"": ""PL""}",52.3787,17.0270,LEASE,1119 PLN,per month,Hybrid,Automatic,FWD
VR3FPHPYXTY572732,Nowy 408 Gt · od 1119 PLN/mies.,Peugeot Nowy 408 Gt · Rata od 1119 PLN netto/mies. · Leasing B2B · Poznań · Sprawdź ofertę!,https://sklep.peugeot.pl/produkt/nowy-408/vr3fphpyxty572732/,https://raw.githubusercontent.com/Andy11001/-alfa-inventory/master/data/images/VR3FPHPYXTY572732_clean.webp,Peugeot,Nowy 408,2025,0,KM,SUV,Szary Selenium,New,156288 PLN,PLN,"{""addr1"": ""UL. BOLESŁAWA KRZYWOUSTEGO 71"", ""city"": ""POZNAŃ"", ""region"": ""WIELKOPOLSKIE"", ""country"": ""PL""}",52.3787,17.0270,LEASE,1119 PLN,per month,Hybrid,Automatic,FWD
VR3FPHPY3TY572717,Nowy 408 Gt · od 1101 PLN/mies.,Peugeot Nowy 408 Gt · Rata od 1101 PLN netto/mies. · Leasing B2B · Poznań · Sprawdź ofertę!,https://sklep.peugeot.pl/produkt/nowy-408/vr3fphpy3ty572717/,https://raw.githubusercontent.com/Andy11001/-alfa-inventory/master/data/images/VR3FPHPY3TY572717_clean.webp,Peugeot,Nowy 408,2025,0,KM,SUV,Zielony Flare,New,153736 PLN,PLN,"{""addr1"": ""UL. BOLESŁAWA KRZYWOUSTEGO 71"", ""city"": ""POZNAŃ"", ""region"": ""WIELKOPOLSKIE"", ""country"": ""PL""}",52.3787,17.0270,LEASE,1101 PLN,per month,Hybrid,Automatic,FWD
VR3FPHPY2TY559229,Nowy 408 Business · od 1021 PLN/mies.,Peugeot Nowy 408 Business · Rata od 1021 PLN netto/mies. · Leasing B2B · Kalisz · Sprawdź ofertę!,https://sklep.peugeot.pl/produkt/nowy-408/vr3fphpy2ty559229/,https://raw.githubusercontent.com/Andy11001/-alfa-inventory/master/data/images/VR3FPHPY2TY559229_clean.webp,Peugeot,Nowy 408,2025,0,KM,SUV,Zielony Flare,New,142384 PLN,PLN,"{""addr1"": ""UL. CZĘSTOCHOWSKA 144"", ""city"": ""KALISZ"", ""region"": ""WIELKOPOLSKIE"", ""country"": ""PL""}",51.7612,18.0929,LEASE,1021 PLN,per month,Hybrid,Automatic,FWD
VR3USHPY0TJ856840,2008 Gt Exclusive · od 990 PLN/mies.,Peugeot 2008 Gt Exclusive · Rata od 990 PLN netto/mies. · Leasing B2B · Warszawa · Sprawdź ofertę!,https://sklep.peugeot.pl/produkt/2008/vr3ushpy0tj856840/,https://raw.githubusercontent.com/Andy11001/-alfa-inventory/master/data/images/VR3USHPY0TJ856840_clean.webp,Peugeot,2008,2025,0,KM,SUV,Szary Selenium,New,137988 PLN,PLN,"{""addr1"": ""AL. KRAKOWSKA 206"", ""city"": ""WARSZAWA"", ""region"": ""MAZOWIECKIE"", ""country"": ""PL""}",52.2084,20.9412,LEASE,990 PLN,per month,Hybrid,Automatic,FWD
VR3USHPY5TJ856140,2008 Gt Exclusive · od 974 PLN/mies.,Peugeot 2008 Gt Exclusive · Rata od 974 PLN netto/mies. · Leasing B2B · Szczecin · Sprawdź ofertę!,https://sklep.peugeot.pl/produkt/2008/vr3ushpy5tj856140/,https://raw.githubusercontent.com/Andy11001/-alfa-inventory/master/data/images/VR3USHPY5TJ856140_clean.webp,Peugeot,2008,2025,0,KM,SUV,Szary Artense,New,135800 PLN,PLN,"{""addr1"": ""UL. STRUGA 1B"", ""city"": ""SZCZECIN"", ""region"": ""ZACHODNIOPOMORSKIE"", ""country"": ""PL""}",53.3891,14.6543,LEASE,974 PLN,per month,Hybrid,Automatic,FWD
VR3USHPY1TJ754270,2008 Gt Exclusive · od 974 PLN/mies.,Peugeot 2008 Gt Exclusive · Rata od 974 PLN netto/mies. · Leasing B2B · Gdańsk · Sprawdź ofertę!,https://sklep.peugeot.pl/produkt/2008/vr3ushpy1tj754270/,https://raw.githubusercontent.com/Andy11001/-alfa-inventory/master/data/images/VR3USHPY1TJ754270_clean.webp,Peugeot,2008,2025,0,KM,SUV,Szary Selenium,New,135800 PLN,PLN,"{""addr1"": ""AL. GRUNWALDZKA 256"", ""city"": ""GDAŃSK"", ""region"": ""POMORSKIE"", ""country"": ""PL""}",54.4022,18.5714,LEASE,974 PLN,per month,Hybrid,Automatic,FWD
VR3USHPY4TJ853746,2008 Gt Exclusive · od 965 PLN/mies.,Peugeot 2008 Gt Exclusive · Rata od 965 PLN netto/mies. · Leasing B2B · Gdańsk · Sprawdź ofertę!,https://sklep.peugeot.pl/produkt/2008/vr3ushpy4tj853746/,https://raw.githubusercontent.com/Andy11001/-alfa-inventory/master/data/images/VR3USHPY4TJ853746_clean.webp,Peugeot,2008,2025,0,KM,SUV,Czerwony Elixir,New,134488 PLN,PLN,"{""addr1"": ""AL. GRUNWALDZKA 256"", ""city"": ""GDAŃSK"", ""region"": ""POMORSKIE"", ""country"": ""PL""}",54.4022,18.5714,LEASE,965 PLN,per month,Hybrid,Automatic,FWD
VR3USHPY0TJ856160,2008 Gt Exclusive · od 957 PLN/mies.,Peugeot 2008 Gt Exclusive · Rata od 957 PLN netto/mies. · Leasing B2B · Warszawa · Sprawdź ofertę!,https://sklep.peugeot.pl/produkt/2008/vr3ushpy0tj856160/,https://raw.githubusercontent.com/Andy11001/-alfa-inventory/master/data/images/VR3USHPY0TJ856160_clean.webp,Peugeot,2008,2025,0,KM,SUV,Niebieski Obsession,New,133438 PLN,PLN,"{""addr1"": ""AL. KRAKOWSKA 206"", ""city"": ""WARSZAWA"", ""region"": ""MAZOWIECKIE"", ""country"": ""PL""}",52.2084,20.9412,LEASE,957 PLN,per month,Hybrid,Automatic,FWD
VR3USHPY4TJ856162,2008 Gt Exclusive · od 957 PLN/mies.,Peugeot 2008 Gt Exclusive · Rata od 957 PLN netto/mies. · Leasing B2B · Warszawa · Sprawdź ofertę!,https://sklep.peugeot.pl/produkt/2008/vr3ushpy4tj856162/,https://raw.githubusercontent.com/Andy11001/-alfa-inventory/master/data/images/VR3USHPY4TJ856162_clean.webp,Peugeot,2008,2025,0,KM,SUV,Niebieski Obsession,New,133438 PLN,PLN,"{""addr1"": ""AL. KRAKOWSKA 206"", ""city"": ""WARSZAWA"", ""region"": ""MAZOWIECKIE"", ""country"": ""PL""}",52.2084,20.9412,LEASE,957 PLN,per month,Hybrid,Automatic,FWD
VR3USHPY6TJ856163,2008 Gt Exclusive · od 957 PLN/mies.,Peugeot 2008 Gt Exclusive · Rata od 957 PLN netto/mies. · Leasing B2B · Gliwice · Sprawdź ofertę!,https://sklep.peugeot.pl/produkt/2008/vr3ushpy6tj856163/,https://raw.githubusercontent.com/Andy11001/-alfa-inventory/master/data/images/VR3USHPY6TJ856163_clean.webp,Peugeot,2008,2025,0,KM,SUV,Niebieski Obsession,New,133438 PLN,PLN,"{""addr1"": ""UL. TOSZECKA 101"", ""city"": ""GLIWICE"", ""region"": ""ŚLĄSKIE"", ""country"": ""PL""}",50.2945,18.6714,LEASE,957 PLN,per month,Hybrid,Automatic,FWD
VR3USHPY2TJ856161,2008 Gt Exclusive · od 957 PLN/mies.,Peugeot 2008 Gt Exclusive · Rata od 957 PLN netto/mies. · Leasing B2B · Warszawa · Sprawdź ofertę!,https://sklep.peugeot.pl/produkt/2008/vr3ushpy2tj856161/,https://raw.githubusercontent.com/Andy11001/-alfa-inventory/master/data/images/VR3USHPY2TJ856161_clean.webp,Peugeot,2008,2025,0,KM,SUV,Niebieski Obsession,New,133438 PLN,PLN,"{""addr1"": ""AL. KRAKOWSKA 206"", ""city"": ""WARSZAWA"", ""region"": ""MAZOWIECKIE"", ""country"": ""PL""}",52.2084,20.9412,LEASE,957 PLN,per month,Hybrid,Automatic,FWD
VR3USHPY4TJ856159,2008 Gt Exclusive · od 957 PLN/mies.,Peugeot 2008 Gt Exclusive · Rata od 957 PLN netto/mies. · Leasing B2B · Gdańsk · Sprawdź ofertę!,https://sklep.peugeot.pl/produkt/2008/vr3ushpy4tj856159/,https://raw.githubusercontent.com/Andy11001/-alfa-inventory/master/data/images/VR3USHPY4TJ856159_clean.webp,Peugeot,2008,2025,0,KM,SUV,Niebieski Obsession,New,133438 PLN,PLN,"{""addr1"": ""AL. GRUNWALDZKA 256"", ""city"": ""GDAŃSK"", ""region"": ""POMORSKIE"", ""country"": ""PL""}",54.4022,18.5714,LEASE,957 PLN,per month,Hybrid,Automatic,FWD
VR3USHPY0TJ854084,2008 Gt Exclusive · od 957 PLN/mies.,Peugeot 2008 Gt Exclusive · Rata od 957 PLN netto/mies. · Leasing B2B · Wrocław · Sprawdź ofertę!,https://sklep.peugeot.pl/produkt/2008/vr3ushpy0tj854084/,https://raw.githubusercontent.com/Andy11001/-alfa-inventory/master/data/images/VR3USHPY0TJ854084_clean.webp,Peugeot,2008,2025,0,KM,SUV,Niebieski Obsession,New,133438 PLN,PLN,"{""addr1"": ""UL. SZCZECIŃSKA 7"", ""city"": ""WROCŁAW"", ""region"": ""DOLNOŚLĄSKIE"", ""country"": ""PL""}",51.1274,16.9535,LEASE,957 PLN,per month,Hybrid,Automatic,FWD
VR3FPHPY8TY572843,Nowe 308 Gt · od 911 PLN/mies.,Peugeot Nowe 308 Gt · Rata od 911 PLN netto/mies. · Leasing B2B · Warszawa · Sprawdź ofertę!,https://sklep.peugeot.pl/produkt/nowe-308/vr3fphpy8ty572843/,https://raw.githubusercontent.com/Andy11001/-alfa-inventory/master/data/images/VR3FPHPY8TY572843_clean.webp,Peugeot,Nowe 308,2025,0,KM,Hatchback,Niebieski Lagoa,New,126979 PLN,PLN,"{""addr1"": ""AL. KRAKOWSKA 206"", ""city"": ""WARSZAWA"", ""region"": ""MAZOWIECKIE"", ""country"": ""PL""}",52.2084,20.9412,LEASE,911 PLN,per month,Hybrid,Automatic,FWD
VR3FPHPY6TY572842,Nowe 308 Gt · od 911 PLN/mies.,Peugeot Nowe 308 Gt · Rata od 911 PLN netto/mies. · Leasing B2B · Warszawa · Sprawdź ofertę!,https://sklep.peugeot.pl/produkt/nowe-308/vr3fphpy6ty572842/,https://raw.githubusercontent.com/Andy11001/-alfa-inventory/master/data/images/VR3FPHPY6TY572842_clean.webp,Peugeot,Nowe 308,2025,0,KM,Hatchback,Niebieski Lagoa,New,126979 PLN,PLN,"{""addr1"": ""AL. KRAKOWSKA 206"", ""city"": ""WARSZAWA"", ""region"": ""MAZOWIECKIE"", ""country"": ""PL""}",52.2084,20.9412,LEASE,911 PLN,per month,Hybrid,Automatic,FWD
VR3UPHPX9T5132419,208 Business · od 646 PLN/mies.,Peugeot 208 Business · Rata od 646 PLN netto/mies. · Leasing B2B · Rybnik · Sprawdź ofertę!,https://sklep.peugeot.pl/produkt/208/vr3uphpx9t5132419/,https://raw.githubusercontent.com/Andy11001/-alfa-inventory/master/data/images/VR3UPHPX9T5132419_clean.webp,Peugeot,208,2025,0,KM,Hatchback,Szary Artense,New,89640 PLN,PLN,"{""addr1"": ""UL. ŻORSKA 14"", ""city"": ""RYBNIK"", ""region"": ""ŚLĄSKIE"", ""country"": ""PL""}",50.1022,18.5463,LEASE,646 PLN,per month,Hybrid,Automatic,FWD
VR3USHPV4TJ853364,2008 Edition · od 687 PLN/mies.,Peugeot 2008 Edition · Rata od 687 PLN netto/mies. · Leasing B2B · Sosnowiec · Sprawdź ofertę!,https://sklep.peugeot.pl/produkt/2008/vr3ushpv4tj853364/,https://raw.githubusercontent.com/Andy11001/-alfa-inventory/master/data/images/VR3USHPV4TJ853364_clean.webp,Peugeot,2008,2025,0,KM,SUV,Czarny Perla Nera,New,95400 PLN,PLN,"{""addr1"": ""UL. WOJSKA POLSKIEGO 45"", ""city"": ""SOSNOWIEC"", ""region"": ""ŚLĄSKIE"", ""country"": ""PL""}",50.2863,19.1042,LEASE,687 PLN,per month,Gasoline,Manual,FWD
VR3USHPV3TJ853372,2008 Edition · od 687 PLN/mies.,Peugeot 2008 Edition · Rata od 687 PLN netto/mies. · Leasing B2B · Sosnowiec · Sprawdź ofertę!,https://sklep.peugeot.pl/produkt/2008/vr3ushpv3tj853372/,https://raw.githubusercontent.com/Andy11001/-alfa-inventory/master/data/images/VR3USHPV3TJ853372_clean.webp,Peugeot,2008,2025,0,KM,SUV,Szary Selenium,New,95400 PLN,PLN,"{""addr1"": ""UL. WOJSKA POLSKIEGO 45"", ""city"": ""SOSNOWIEC"", ""region"": ""ŚLĄSKIE"", ""country"": ""PL""}",50.2863,19.1042,LEASE,687 PLN,per month,Gasoline,Manual,FWD
VR3USHPV0TJ854172,2008 Edition · od 687 PLN/mies.,Peugeot 2008 Edition · Rata od 687 PLN netto/mies. · Leasing B2B · Sosnowiec · Sprawdź ofertę!,https://sklep.peugeot.pl/produkt/2008/vr3ushpv0tj854172/,https://raw.githubusercontent.com/Andy11001/-alfa-inventory/master/data/images/VR3USHPV0TJ854172_clean.webp,Peugeot,2008,2025,0,KM,SUV,Niebieski Obsession,New,95400 PLN,PLN,"{""addr1"": ""UL. WOJSKA POLSKIEGO 45"", ""city"": ""SOSNOWIEC"", ""region"": ""ŚLĄSKIE"", ""country"": ""PL""}",50.2863,19.1042,LEASE,687 PLN,per month,Gasoline,Manual,FWD
VR3USHPVXTJ856074,2008 Edition · od 648 PLN/mies.,Peugeot 2008 Edition · Rata od 648 PLN netto/mies. · Leasing B2B · Warszawa · Sprawdź ofertę!,https://sklep.peugeot.pl/produkt/2008/vr3ushpvxtj856074/,https://raw.githubusercontent.com/Andy11001/-alfa-inventory/master/data/images/VR3USHPVXTJ856074_clean.jpg,Peugeot,2008,2025,0,KM,SUV,Bialy Okenite,New,89900 PLN,PLN,"{""addr1"": ""AL. KRAKOWSKA 206"", ""city"": ""WARSZAWA"", ""region"": ""MAZOWIECKIE"", ""country"": ""PL""}",52.2084,20.9412,LEASE,648 PLN,per month,Gasoline,Manual,FWD
VR3F3DGN1TY571818,Nowy 408 Gt Exclusive · od 1428 PLN/mies.,Peugeot Nowy 408 Gt Exclusive · Rata od 1428 PLN netto/mies. · Leasing B2B · Łódź · Sprawdź ofertę!,https://sklep.peugeot.pl/produkt/nowy-408/vr3f3dgn1ty571818/,https://raw.githubusercontent.com/Andy11001/-alfa-inventory/master/data/images/VR3F3DGN1TY571818_clean.webp,Peugeot,Nowy 408,2025,0,KM,SUV,Zielony Flare,New,199750 PLN,PLN,"{""addr1"": ""UL. OBYWATELSKA 181"", ""city"": ""ŁÓDŹ"", ""region"": ""ŁÓDZKIE"", ""country"": ""PL""}",51.7371,19.4316,LEASE,1428 PLN,per month,Plug-in Hybrid,Automatic,FWD
VR3FPHPY0TY572688,Nowy 408 Gt Exclusive · od 1171 PLN/mies.,Peugeot Nowy 408 Gt Exclusive · Rata od 1171 PLN netto/mies. · Leasing B2B · Kraków · Sprawdź ofertę!,https://sklep.peugeot.pl/produkt/nowy-408/vr3fphpy0ty572688/,https://raw.githubusercontent.com/Andy11001/-alfa-inventory/master/data/images/VR3FPHPY0TY572688_clean.webp,Peugeot,Nowy 408,2025,0,KM,SUV,Czerwony Elixir,New,163504 PLN,PLN,"{""addr1"": ""UL. OPOLSKA 9"", ""city"": ""KRAKÓW"", ""region"": ""MAŁOPOLSKIE"", ""country"": ""PL""}",50.0931,19.9238,LEASE,1171 PLN,per month,Hybrid,Automatic,FWD
VR3FPHPY8TY572664,Nowy 408 Gt Exclusive · od 1128 PLN/mies.,Peugeot Nowy 408 Gt Exclusive · Rata od 1128 PLN netto/mies. · Leasing B2B · Świdnik · Sprawdź ofertę!,https://sklep.peugeot.pl/produkt/nowy-408/vr3fphpy8ty572664/,https://raw.githubusercontent.com/Andy11001/-alfa-inventory/master/data/images/VR3FPHPY8TY572664_clean.webp,Peugeot,Nowy 408,2025,0,KM,SUV,Czarny Perla Nera,New,157500 PLN,PLN,"{""addr1"": ""ŚWIDNIK"", ""city"": ""ŚWIDNIK"", ""region"": ""MAZOWIECKIE"", ""country"": ""PL""}",,,LEASE,1128 PLN,per month,Hybrid,Automatic,FWD
VR3FPHPYXTY572696,Nowy 408 Gt Exclusive · od 1167 PLN/mies.,Peugeot Nowy 408 Gt Exclusive · Rata od 1167 PLN netto/mies. · Leasing B2B · Kraków · Sprawdź ofertę!,https://sklep.peugeot.pl/produkt/nowy-408/vr3fphpyxty572696/,https://raw.githubusercontent.com/Andy11001/-alfa-inventory/master/data/images/VR3FPHPYXTY572696_clean.webp,Peugeot,Nowy 408,2025,0,KM,SUV,Bialy Okenite,New,162976 PLN,PLN,"{""addr1"": ""UL. OPOLSKA 9"", ""city"": ""KRAKÓW"", ""region"": ""MAŁOPOLSKIE"", ""country"": ""PL""}",50.0931,19.9238,LEASE,1167 PLN,per month,Hybrid,Automatic,FWD
VR3FPHPY9TY572611,Nowy 408 Gt Exclusive · od 1149 PLN/mies.,Peugeot Nowy 408 Gt Exclusive · Rata od 1149 PLN netto/mies. · Leasing B2B · Kraków · Sprawdź ofertę!,https://sklep.peugeot.pl/produkt/nowy-408/vr3fphpy9ty572611/,https://raw.githubusercontent.com/Andy11001/-alfa-inventory/master/data/images/VR3FPHPY9TY572611_clean.webp,Peugeot,Nowy 408,2025,0,KM,SUV,Zielony Flare,New,160424 PLN,PLN,"{""addr1"": ""UL. OPOLSKA 9"", ""city"": ""KRAKÓW"", ""region"": ""MAŁOPOLSKIE"", ""country"": ""PL""}",50.0931,19.9238,LEASE,1149 PLN,per month,Hybrid,Automatic,FWD
VR3FPHPY2TY572613,Nowy 408 Gt Exclusive · od 1103 PLN/mies.,Peugeot Nowy 408 Gt Exclusive · Rata od 1103 PLN netto/mies. · Leasing B2B · Katowice · Sprawdź ofertę!,https://sklep.peugeot.pl/produkt/nowy-408/vr3fphpy2ty572613/,https://raw.githubusercontent.com/Andy11001/-alfa-inventory/master/data/images/VR3FPHPY2TY572613_clean.webp,Peugeot,Nowy 408,2025,0,KM,SUV,Zielony Flare,New,153900 PLN,PLN,"{""addr1"": ""AL. ROŹDZIEŃSKIEGO 170"", ""city"": ""KATOWICE"", ""region"": ""ŚLĄSKIE"", ""country"": ""PL""}",50.2649,19.0238,LEASE,1103 PLN,per month,Hybrid,Automatic,FWD
VR3FPHPY6TY572615,Nowy 408 Gt Exclusive · od 1149 PLN/mies.,Peugeot Nowy 408 Gt Exclusive · Rata od 1149 PLN netto/mies. · Leasing B2B · Słupsk · Sprawdź ofertę!,https://sklep.peugeot.pl/produkt/nowy-408/vr3fphpy6ty572615/,https://raw.githubusercontent.com/Andy11001/-alfa-inventory/master/data/images/VR3FPHPY6TY572615_clean.webp,Peugeot,Nowy 408,2025,0,KM,SUV,Zielony Flare,New,160424 PLN,PLN,"{""addr1"": ""SŁUPSK"", ""city"": ""SŁUPSK"", ""region"": ""MAZOWIECKIE"", ""country"": ""PL""}",,,LEASE,1149 PLN,per month,Hybrid,Automatic,FWD
VR3FPHPY0TY572609,Nowy 408 Gt Exclusive · od 1149 PLN/mies.,Peugeot Nowy 408 Gt Exclusive · Rata od 1149 PLN netto/mies. · Leasing B2B · Piła · Sprawdź ofertę!,https://sklep.peugeot.pl/produkt/nowy-408/vr3fphpy0ty572609/,https://raw.githubusercontent.com/Andy11001/-alfa-inventory/master/data/images/VR3FPHPY0TY572609_clean.webp,Peugeot,Nowy 408,2025,0,KM,SUV,Zielony Flare,New,160424 PLN,PLN,"{""addr1"": ""UL. WARSZTATOWA 6"", ""city"": ""PIŁA"", ""region"": ""WIELKOPOLSKIE"", ""country"": ""PL""}",53.1510,16.7384,LEASE,1149 PLN,per month,Hybrid,Automatic,FWD
VR3FPHPY3TY572670,Nowy 408 Gt Exclusive · od 1133 PLN/mies.,Peugeot Nowy 408 Gt Exclusive · Rata od 1133 PLN netto/mies. · Leasing B2B · Częstochowa · Sprawdź ofertę!,https://sklep.peugeot.pl/produkt/nowy-408/vr3fphpy3ty572670/,https://raw.githubusercontent.com/Andy11001/-alfa-inventory/master/data/images/VR3FPHPY3TY572670_clean.webp,Peugeot,Nowy 408,2025,0,KM,SUV,Szary Selenium,New,158136 PLN,PLN,"{""addr1"": ""CZĘSTOCHOWA"", ""city"": ""CZĘSTOCHOWA"", ""region"": ""MAZOWIECKIE"", ""country"": ""PL""}",,,LEASE,1133 PLN,per month,Hybrid,Automatic,FWD
VR3FPHPY2TY572708,Nowy 408 Gt · od 1128 PLN/mies.,Peugeot Nowy 408 Gt · Rata od 1128 PLN netto/mies. · Leasing B2B · Gdańsk · Sprawdź ofertę!,https://sklep.peugeot.pl/produkt/nowy-408/vr3fphpy2ty572708/,https://raw.githubusercontent.com/Andy11001/-alfa-inventory/master/data/images/VR3FPHPY2TY572708_clean.webp,Peugeot,Nowy 408,2025,0,KM,SUV,Czerwony Elixir,New,157520 PLN,PLN,"{""addr1"": ""AL. GRUNWALDZKA 256"", ""city"": ""GDAŃSK"", ""region"": ""POMORSKIE"", ""country"": ""PL""}",54.4022,18.5714,LEASE,1128 PLN,per month,Hybrid,Automatic,FWD
VR3FPHPY5TY545390,Nowy 408 Gt · od 1124 PLN/mies.,Peugeot Nowy 408 Gt · Rata od 1124 PLN netto/mies. · Leasing B2B · Częstochowa · Sprawdź ofertę!,https://sklep.peugeot.pl/produkt/nowy-408/vr3fphpy5ty545390/,https://raw.githubusercontent.com/Andy11001/-alfa-inventory/master/data/images/VR3FPHPY5TY545390_clean.webp,Peugeot,Nowy 408,2025,0,KM,SUV,Bialy Okenite,New,156992 PLN,PLN,"{""addr1"": ""CZĘSTOCHOWA"", ""city"": ""CZĘSTOCHOWA"", ""region"": ""MAZOWIECKIE"", ""country"": ""PL""}",,,LEASE,1124 PLN,per month,Hybrid,Automatic,FWD
VR3FPHPY4TY572631,Nowy 408 Gt Exclusive · od 1114 PLN/mies.,Peugeot Nowy 408 Gt Exclusive · Rata od 1114 PLN netto/mies. · Leasing B2B · Elbląg · Sprawdź ofertę!,https://sklep.peugeot.pl/produkt/nowy-408/vr3fphpy4ty572631/,https://raw.githubusercontent.com/Andy11001/-alfa-inventory/master/data/images/VR3FPHPY4TY572631_clean.webp,Peugeot,Nowy 408,2025,0,KM,SUV,Zielony Flare,New,155584 PLN,PLN,"{""addr1"": ""UL. KAZIMIERZOWO 4"", ""city"": ""ELBLĄG"", ""region"": ""WARMIŃSKO-MAZURSKIE"", ""country"": ""PL""}",54.1522,19.4040,LEASE,1114 PLN,per month,Hybrid,Automatic,FWD
VR3FPHPY8TY572633,Nowy 408 Gt Exclusive · od 1114 PLN/mies.,Peugeot Nowy 408 Gt Exclusive · Rata od 1114 PLN netto/mies. · Leasing B2B · Radom · Sprawdź ofertę!,https://sklep.peugeot.pl/produkt/nowy-408/vr3fphpy8ty572633/,https://raw.githubusercontent.com/Andy11001/-alfa-inventory/master/data/images/VR3FPHPY8TY572633_clean.webp,Peugeot,Nowy 408,2025,0,KM,SUV,Zielony Flare,New,155584 PLN,PLN,"{""addr1"": ""UL. ŻÓŁKIEWSKIEGO 4"", ""city"": ""RADOM"", ""region"": ""MAZOWIECKIE"", ""country"": ""PL""}",51.4027,21.1471,LEASE,1114 PLN,per month,Hybrid,Automatic,FWD
VR3UPHPY8T4131728,208 · od 790 PLN/mies.,Peugeot 208 · Rata od 790 PLN netto/mies. · Leasing B2B · Katowice · Sprawdź ofertę!,https://sklep.peugeot.pl/produkt/208/vr3uphpy8t4131728/,,Peugeot,208,2025,0,KM,Hatchback,Czarny Perla Nera,New,109900 PLN,PLN,"{""addr1"": ""AL. ROŹDZIEŃSKIEGO 170"", ""city"": ""KATOWICE"", ""region"": ""ŚLĄSKIE"", ""country"": ""PL""}",50.2649,19.0238,LEASE,790 PLN,per month,Hybrid,Automatic,FWD
VR3F3DGN3TY571450,Nowy 408 Gt Exclusive · od 1419 PLN/mies.,Peugeot Nowy 408 Gt Exclusive · Rata od 1419 PLN netto/mies. · Leasing B2B · Świdnik · Sprawdź ofertę!,https://sklep.peugeot.pl/produkt/nowy-408/vr3f3dgn3ty571450/,,Peugeot,Nowy 408,2025,0,KM,SUV,Zielony Flare,New,198500 PLN,PLN,"{""addr1"": ""ŚWIDNIK"", ""city"": ""ŚWIDNIK"", ""region"": ""MAZOWIECKIE"", ""country"": ""PL""}",,,LEASE,1419 PLN,per month,Plug-in Hybrid,Automatic,FWD
VR3KAHPY8TS160067,5008 Gt Exclusive · od 1320 PLN/mies.,Peugeot 5008 Gt Exclusive · Rata od 1320 PLN netto/mies. · Leasing B2B · Grębów · Sprawdź ofertę!,https://sklep.peugeot.pl/produkt/5008/vr3kahpy8ts160067/,https://raw.githubusercontent.com/Andy11001/-alfa-inventory/master/data/images/VR3KAHPY8TS160067_clean.webp,Peugeot,5008,2025,0,KM,SUV,Szary Titane Metaliczny,New,184509 PLN,PLN,"{""addr1"": ""GRĘBÓW"", ""city"": ""GRĘBÓW"", ""region"": ""MAZOWIECKIE"", ""country"": ""PL""}",,,LEASE,1320 PLN,per month,Hybrid,Manual,FWD
VR3KAHPY3TS161224,5008 Business · od 1120 PLN/mies.,Peugeot 5008 Business · Rata od 1120 PLN netto/mies. · Leasing B2B · Sosnowiec · Sprawdź ofertę!,https://sklep.peugeot.pl/produkt/5008/vr3kahpy3ts161224/,https://raw.githubusercontent.com/Andy11001/-alfa-inventory/master/data/images/VR3KAHPY3TS161224_clean.webp,Peugeot,5008,2025,0,KM,SUV,Niebieski Obsession Metaliczny,New,156337 PLN,PLN,"{""addr1"": ""UL. WOJSKA POLSKIEGO 45"", ""city"": ""SOSNOWIEC"", ""region"": ""ŚLĄSKIE"", ""country"": ""PL""}",50.2863,19.1042,LEASE,1120 PLN,per month,Hybrid,Manual,FWD
VR3FPHPY1TY568083,Nowy 408 Gt Exclusive · od 1149 PLN/mies.,Peugeot Nowy 408 Gt Exclusive · Rata od 1149 PLN netto/mies. · Leasing B2B · Warszawa · Sprawdź ofertę!,https://sklep.peugeot.pl/produkt/nowy-408/vr3fphpy1ty568083/,https://raw.githubusercontent.com/Andy11001/-alfa-inventory/master/data/images/VR3FPHPY1TY568083_clean.webp,Peugeot,Nowy 408,2025,0,KM,SUV,Zielony Flare,New,160424 PLN,PLN,"{""addr1"": ""AL. KRAKOWSKA 206"", ""city"": ""WARSZAWA"", ""region"": ""MAZOWIECKIE"", ""country"": ""PL""}",52.2084,20.9412,LEASE,1149 PLN,per month,Hybrid,Automatic,FWD
VR3FPHPY7TY572106,Nowe 308 Gt Exclusive · od 938 PLN/mies.,Peugeot Nowe 308 Gt Exclusive · Rata od 938 PLN netto/mies. · Leasing B2B · Katowice · Sprawdź ofertę!,https://sklep.peugeot.pl/produkt/nowe-308/vr3fphpy7ty572106/,,Peugeot,Nowe 308,2025,0,KM,Hatchback,Niebieski Lagoa,New,130700 PLN,PLN,"{""addr1"": ""AL. ROŹDZIEŃSKIEGO 170"", ""city"": ""KATOWICE"", ""region"": ""ŚLĄSKIE"", ""country"": ""PL""}",50.2649,19.0238,LEASE,938 PLN,per month,Hybrid,Automatic,FWD
VR3USHPY6TJ851223,2008 Business · od 821 PLN/mies.,Peugeot 2008 Business · Rata od 821 PLN netto/mies. · Leasing B2B · Warszawa · Sprawdź ofertę!,https://sklep.peugeot.pl/produkt/2008/vr3ushpy6tj851223/,https://raw.githubusercontent.com/Andy11001/-alfa-inventory/master/data/images/VR3USHPY6TJ851223_clean.webp,Peugeot,2008,2025,0,KM,SUV,Bialy Okenite,New,114188 PLN,PLN,"{""addr1"": ""AL. KRAKOWSKA 206"", ""city"": ""WARSZAWA"", ""region"": ""MAZOWIECKIE"", ""country"": ""PL""}",52.2084,20.9412,LEASE,821 PLN,per month,Hybrid,Automatic,FWD
VR3USHPX4TJ742525,2008 Edition · od 779 PLN/mies.,Peugeot 2008 Edition · Rata od 779 PLN netto/mies. · Leasing B2B · Grębów · Sprawdź ofertę!,https://sklep.peugeot.pl/produkt/2008/vr3ushpx4tj742525/,https://raw.githubusercontent.com/Andy11001/-alfa-inventory/master/data/images/VR3USHPX4TJ742525_clean.webp,Peugeot,2008,2025,0,KM,SUV,Niebieski Obsession,New,108400 PLN,PLN,"{""addr1"": ""GRĘBÓW"", ""city"": ""GRĘBÓW"", ""region"": ""MAZOWIECKIE"", ""country"": ""PL""}",,,LEASE,779 PLN,per month,Hybrid,Automatic,FWD
VF3VNFC14TZ073828,Traveller Business · od 1541 PLN/mies.,Peugeot Traveller Business · Rata od 1541 PLN netto/mies. · Leasing B2B · Gorzów Wielkopolski · Sprawdź ofertę!,https://sklep.peugeot.pl/produkt/traveller/vf3vnfc14tz073828/,https://raw.githubusercontent.com/Andy11001/-alfa-inventory/master/data/images/VF3VNFC14TZ073828_clean.webp,Peugeot,Traveller,2025,0,KM,Hatchback,Szary Titane Metaliczny,New,215645 PLN,PLN,"{""addr1"": ""GORZÓW WIELKOPOLSKI"", ""city"": ""GORZÓW WIELKOPOLSKI"", ""region"": ""MAZOWIECKIE"", ""country"": ""PL""}",,,LEASE,1541 PLN,per month,Diesel,Automatic,FWD
VR3F3DGN5TY571420,Nowy 408 Gt Exclusive · od 1484 PLN/mies.,Peugeot Nowy 408 Gt Exclusive · Rata od 1484 PLN netto/mies. · Leasing B2B · Stare Bielice · Sprawdź ofertę!,https://sklep.peugeot.pl/produkt/nowy-408/vr3f3dgn5ty571420/,https://raw.githubusercontent.com/Andy11001/-alfa-inventory/master/data/images/VR3F3DGN5TY571420_clean.webp,Peugeot,Nowy 408,2025,0,KM,SUV,Czarny Perla Nera,New,207646 PLN,PLN,"{""addr1"": ""STARE BIELICE"", ""city"": ""STARE BIELICE"", ""region"": ""MAZOWIECKIE"", ""country"": ""PL""}",,,LEASE,1484 PLN,per month,Plug-in Hybrid,Automatic,FWD
VR3F3DGN0TY565993,Nowy 408 Gt Exclusive · od 1428 PLN/mies.,Peugeot Nowy 408 Gt Exclusive · Rata od 1428 PLN netto/mies. · Leasing B2B · Wejherowo · Sprawdź ofertę!,https://sklep.peugeot.pl/produkt/nowy-408/vr3f3dgn0ty565993/,https://raw.githubusercontent.com/Andy11001/-alfa-inventory/master/data/images/VR3F3DGN0TY565993_clean.webp,Peugeot,Nowy 408,2025,0,KM,SUV,Zielony Flare,New,199750 PLN,PLN,"{""addr1"": ""WEJHEROWO"", ""city"": ""WEJHEROWO"", ""region"": ""MAZOWIECKIE"", ""country"": ""PL""}",,,LEASE,1428 PLN,per month,Plug-in Hybrid,Automatic,FWD
VR3KAHPY1TS161223,5008 Business · od 1120 PLN/mies.,Peugeot 5008 Business · Rata od 1120 PLN netto/mies. · Leasing B2B · Sosnowiec · Sprawdź ofertę!,https://sklep.peugeot.pl/produkt/5008/vr3kahpy1ts161223/,https://raw.githubusercontent.com/Andy11001/-alfa-inventory/master/data/images/VR3KAHPY1TS161223_clean.webp,Peugeot,5008,2025,0,KM,SUV,Niebieski Obsession Metaliczny,New,156337 PLN,PLN,"{""addr1"": ""UL. WOJSKA POLSKIEGO 45"", ""city"": ""SOSNOWIEC"", ""region"": ""ŚLĄSKIE"", ""country"": ""PL""}",50.2863,19.1042,LEASE,1120 PLN,per month,Hybrid,Manual,FWD
VR3FPHPY5TY570421,Nowy 408 Gt · od 1101 PLN/mies.,Peugeot Nowy 408 Gt · Rata od 1101 PLN netto/mies. · Leasing B2B · Poznań · Sprawdź ofertę!,https://sklep.peugeot.pl/produkt/nowy-408/vr3fphpy5ty570421/,https://raw.githubusercontent.com/Andy11001/-alfa-inventory/master/data/images/VR3FPHPY5TY570421_clean.webp,Peugeot,Nowy 408,2025,0,KM,SUV,Zielony Flare,New,153736 PLN,PLN,"{""addr1"": ""UL. BOLESŁAWA KRZYWOUSTEGO 71"", ""city"": ""POZNAŃ"", ""region"": ""WIELKOPOLSKIE"", ""country"": ""PL""}",52.3787,17.0270,LEASE,1101 PLN,per month,Hybrid,Automatic,FWD
VR3FBYHZ8TY571505,Nowe 308 Gt Exclusive · od 963 PLN/mies.,Peugeot Nowe 308 Gt Exclusive · Rata od 963 PLN netto/mies. · Leasing B2B · Warszawa · Sprawdź ofertę!,https://sklep.peugeot.pl/produkt/nowe-308/vr3fbyhz8ty571505/,https://raw.githubusercontent.com/Andy11001/-alfa-inventory/master/data/images/VR3FBYHZ8TY571505_clean.webp,Peugeot,Nowe 308,2025,0,KM,Hatchback,Niebieski Lagoa,New,134246 PLN,PLN,"{""addr1"": ""AL. KRAKOWSKA 206"", ""city"": ""WARSZAWA"", ""region"": ""MAZOWIECKIE"", ""country"": ""PL""}",52.2084,20.9412,LEASE,963 PLN,per month,Diesel,Automatic,FWD
VR3FBYHZ6TY571504,Nowe 308 Gt Exclusive · od 963 PLN/mies.,Peugeot Nowe 308 Gt Exclusive · Rata od 963 PLN netto/mies. · Leasing B2B · Sosnowiec · Sprawdź ofertę!,https://sklep.peugeot.pl/produkt/nowe-308/vr3fbyhz6ty571504/,https://raw.githubusercontent.com/Andy11001/-alfa-inventory/master/data/images/VR3FBYHZ6TY571504_clean.webp,Peugeot,Nowe 308,2025,0,KM,Hatchback,Niebieski Lagoa,New,134246 PLN,PLN,"{""addr1"": ""UL. WOJSKA POLSKIEGO 45"", ""city"": ""SOSNOWIEC"", ""region"": ""ŚLĄSKIE"", ""country"": ""PL""}",50.2863,19.1042,LEASE,963 PLN,per month,Diesel,Automatic,FWD
VR3FPHPY0TY571699,Nowe 308 Allure · od 854 PLN/mies.,Peugeot Nowe 308 Allure · Rata od 854 PLN netto/mies. · Leasing B2B · Katowice · Sprawdź ofertę!,https://sklep.peugeot.pl/produkt/nowe-308/vr3fphpy0ty571699/,https://raw.githubusercontent.com/Andy11001/-alfa-inventory/master/data/images/VR3FPHPY0TY571699_clean.webp,Peugeot,Nowe 308,2025,0,KM,Hatchback,Niebieski Lagoa,New,118900 PLN,PLN,"{""addr1"": ""AL. ROŹDZIEŃSKIEGO 170"", ""city"": ""KATOWICE"", ""region"": ""ŚLĄSKIE"", ""country"": ""PL""}",50.2649,19.0238,LEASE,854 PLN,per month,Hybrid,Automatic,FWD
VR3UPHPX0T5134172,208 Allure · od 743 PLN/mies.,Peugeot 208 Allure · Rata od 743 PLN netto/mies. · Leasing B2B · Wieliczka · Sprawdź ofertę!,https://sklep.peugeot.pl/produkt/208/vr3uphpx0t5134172/,https://raw.githubusercontent.com/Andy11001/-alfa-inventory/master/data/images/VR3UPHPX0T5134172_clean.webp,Peugeot,208,2025,0,KM,Hatchback,Czerwony Elixir,New,103320 PLN,PLN,"{""addr1"": ""WIELICZKA"", ""city"": ""WIELICZKA"", ""region"": ""MAZOWIECKIE"", ""country"": ""PL""}",,,LEASE,743 PLN,per month,Hybrid,Automatic,FWD
VR3UPHPX3T5134229,208 Allure · od 709 PLN/mies.,Peugeot 208 Allure · Rata od 709 PLN netto/mies. · Leasing B2B · Kraków · Sprawdź ofertę!,https://sklep.peugeot.pl/produkt/208/vr3uphpx3t5134229/,https://raw.githubusercontent.com/Andy11001/-alfa-inventory/master/data/images/VR3UPHPX3T5134229_clean.webp,Peugeot,208,2025,0,KM,Hatchback,Zolty Agueda,New,98460 PLN,PLN,"{""addr1"": ""UL. OPOLSKA 9"", ""city"": ""KRAKÓW"", ""region"": ""MAŁOPOLSKIE"", ""country"": ""PL""}",50.0931,19.9238,LEASE,709 PLN,per month,Hybrid,Automatic,FWD
VR3UPHPX2T5134173,208 Business · od 646 PLN/mies.,Peugeot 208 Business · Rata od 646 PLN netto/mies. · Leasing B2B · Kraków · Sprawdź ofertę!,https://sklep.peugeot.pl/produkt/208/vr3uphpx2t5134173/,https://raw.githubusercontent.com/Andy11001/-alfa-inventory/master/data/images/VR3UPHPX2T5134173_clean.webp,Peugeot,208,2025,0,KM,Hatchback,Czarny Perla Nera,New,89640 PLN,PLN,"{""addr1"": ""UL. OPOLSKA 9"", ""city"": ""KRAKÓW"", ""region"": ""MAŁOPOLSKIE"", ""country"": ""PL""}",50.0931,19.9238,LEASE,646 PLN,per month,Hybrid,Automatic,FWD
VR3UPHPXXT5134146,208 Business · od 631 PLN/mies.,Peugeot 208 Business · Rata od 631 PLN netto/mies. · Leasing B2B · Rybnik · Sprawdź ofertę!,https://sklep.peugeot.pl/produkt/208/vr3uphpxxt5134146/,https://raw.githubusercontent.com/Andy11001/-alfa-inventory/master/data/images/VR3UPHPXXT5134146_clean.webp,Peugeot,208,2025,0,KM,Hatchback,Zolty Agueda,New,87480 PLN,PLN,"{""addr1"": ""UL. ŻORSKA 14"", ""city"": ""RYBNIK"", ""region"": ""ŚLĄSKIE"", ""country"": ""PL""}",50.1022,18.5463,LEASE,631 PLN,per month,Hybrid,Automatic,FWD
VR3UPHPX8T5134145,208 Business · od 631 PLN/mies.,Peugeot 208 Business · Rata od 631 PLN netto/mies. · Leasing B2B · Kraków · Sprawdź ofertę!,https://sklep.peugeot.pl/produkt/208/vr3uphpx8t5134145/,https://raw.githubusercontent.com/Andy11001/-alfa-inventory/master/data/images/VR3UPHPX8T5134145_clean.webp,Peugeot,208,2025,0,KM,Hatchback,Zolty Agueda,New,87480 PLN,PLN,"{""addr1"": ""UL. OPOLSKA 9"", ""city"": ""KRAKÓW"", ""region"": ""MAŁOPOLSKIE"", ""country"": ""PL""}",50.0931,19.9238,LEASE,631 PLN,per month,Hybrid,Automatic,FWD
VR3KAHPY4TS160177,5008 Gt Exclusive · od 1251 PLN/mies.,Peugeot 5008 Gt Exclusive · Rata od 1251 PLN netto/mies. · Leasing B2B · Katowice · Sprawdź ofertę!,https://sklep.peugeot.pl/produkt/5008/vr3kahpy4ts160177/,,Peugeot,5008,2025,0,KM,SUV,Czarny Perla Nera Metaliczny,New,174800 PLN,PLN,"{""addr1"": ""AL. ROŹDZIEŃSKIEGO 170"", ""city"": ""KATOWICE"", ""region"": ""ŚLĄSKIE"", ""country"": ""PL""}",50.2649,19.0238,LEASE,1251 PLN,per month,Hybrid,Manual,FWD
VR3FRHPY1TY568997,Nowe 308 SW Business · od 848 PLN/mies.,Peugeot Nowe 308 SW Business · Rata od 848 PLN netto/mies. · Leasing B2B · Świdnik · Sprawdź ofertę!,https://sklep.peugeot.pl/produkt/nowe-308-sw/vr3frhpy1ty568997/,,Peugeot,Nowe 308 SW,2025,0,KM,Wagon,Niebieski Ingaro,New,118000 PLN,PLN,"{""addr1"": ""ŚWIDNIK"", ""city"": ""ŚWIDNIK"", ""region"": ""MAZOWIECKIE"", ""country"": ""PL""}",,,LEASE,848 PLN,per month,Hybrid,Automatic,FWD
VR3USHPX6TJ761920,2008 Edition · od 779 PLN/mies.,Peugeot 2008 Edition · Rata od 779 PLN netto/mies. · Leasing B2B · Warszawa · Sprawdź ofertę!,https://sklep.peugeot.pl/produkt/2008/vr3ushpx6tj761920/,https://raw.githubusercontent.com/Andy11001/-alfa-inventory/master/data/images/VR3USHPX6TJ761920_clean.webp,Peugeot,2008,2025,0,KM,SUV,Niebieski Obsession,New,108400 PLN,PLN,"{""addr1"": ""AL. KRAKOWSKA 206"", ""city"": ""WARSZAWA"", ""region"": ""MAZOWIECKIE"", ""country"": ""PL""}",52.2084,20.9412,LEASE,779 PLN,per month,Hybrid,Automatic,FWD
VR3USHPX6TJ733213,2008 Edition · od 760 PLN/mies.,Peugeot 2008 Edition · Rata od 760 PLN netto/mies. · Leasing B2B · Grębów · Sprawdź ofertę!,https://sklep.peugeot.pl/produkt/2008/vr3ushpx6tj733213/,https://raw.githubusercontent.com/Andy11001/-alfa-inventory/master/data/images/VR3USHPX6TJ733213_clean.webp,Peugeot,2008,2025,0,KM,SUV,Szary Artense,New,105600 PLN,PLN,"{""addr1"": ""GRĘBÓW"", ""city"": ""GRĘBÓW"", ""region"": ""MAZOWIECKIE"", ""country"": ""PL""}",,,LEASE,760 PLN,per month,Hybrid,Automatic,FWD
VR3UPHPV0T5131450,208 Edition · od 521 PLN/mies.,Peugeot 208 Edition · Rata od 521 PLN netto/mies. · Leasing B2B · Ełk · Sprawdź ofertę!,https://sklep.peugeot.pl/produkt/208/vr3uphpv0t5131450/,https://raw.githubusercontent.com/Andy11001/-alfa-inventory/master/data/images/VR3UPHPV0T5131450_clean.webp,Peugeot,208,2025,0,KM,Hatchback,Zolty Agueda,New,72000 PLN,PLN,"{""addr1"": ""UL. SUWALSKA 2"", ""city"": ""EŁK"", ""region"": ""WARMIŃSKO-MAZURSKIE"", ""country"": ""PL""}",53.8281,22.3647,LEASE,521 PLN,per month,Gasoline,Manual,FWD
VR3UPHPV4T5131449,208 Edition · od 521 PLN/mies.,Peugeot 208 Edition · Rata od 521 PLN netto/mies. · Leasing B2B · Ełk · Sprawdź ofertę!,https://sklep.peugeot.pl/produkt/208/vr3uphpv4t5131449/,https://raw.githubusercontent.com/Andy11001/-alfa-inventory/master/data/images/VR3UPHPV4T5131449_clean.webp,Peugeot,208,2025,0,KM,Hatchback,Zolty Agueda,New,72000 PLN,PLN,"{""addr1"": ""UL. SUWALSKA 2"", ""city"": ""EŁK"", ""region"": ""WARMIŃSKO-MAZURSKIE"", ""country"": ""PL""}",53.8281,22.3647,LEASE,521 PLN,per month,Gasoline,Manual,FWD
VR3UPHPV4T5131452,208 Edition · od 521 PLN/mies.,Peugeot 208 Edition · Rata od 521 PLN netto/mies. · Leasing B2B · Grębów · Sprawdź ofertę!,https://sklep.peugeot.pl/produkt/208/vr3uphpv4t5131452/,https://raw.githubusercontent.com/Andy11001/-alfa-inventory/master/data/images/VR3UPHPV4T5131452_clean.jpg,Peugeot,208,2025,0,KM,Hatchback,Zolty Agueda,New,72000 PLN,PLN,"{""addr1"": ""GRĘBÓW"", ""city"": ""GRĘBÓW"", ""region"": ""MAZOWIECKIE"", ""country"": ""PL""}",,,LEASE,521 PLN,per month,Gasoline,Manual,FWD
VR3FPHPY3TY570918,Nowy 408 Gt Exclusive · od 1186 PLN/mies.,Peugeot Nowy 408 Gt Exclusive · Rata od 1186 PLN netto/mies. · Leasing B2B · Kraków · Sprawdź ofertę!,https://sklep.peugeot.pl/produkt/nowy-408/vr3fphpy3ty570918/,https://raw.githubusercontent.com/Andy11001/-alfa-inventory/master/data/images/VR3FPHPY3TY570918_clean.webp,Peugeot,Nowy 408,2025,0,KM,SUV,Zielony Flare,New,165704 PLN,PLN,"{""addr1"": ""UL. OPOLSKA 9"", ""city"": ""KRAKÓW"", ""region"": ""MAŁOPOLSKIE"", ""country"": ""PL""}",50.0931,19.9238,LEASE,1186 PLN,per month,Hybrid,Automatic,FWD
VR3FPHPYXTY570866,Nowy 408 Gt Exclusive · od 1144 PLN/mies.,Peugeot Nowy 408 Gt Exclusive · Rata od 1144 PLN netto/mies. · Leasing B2B · Katowice · Sprawdź ofertę!,https://sklep.peugeot.pl/produkt/nowy-408/vr3fphpyxty570866/,,Peugeot,Nowy 408,2025,0,KM,SUV,Czarny Perla Nera,New,159700 PLN,PLN,"{""addr1"": ""AL. ROŹDZIEŃSKIEGO 170"", ""city"": ""KATOWICE"", ""region"": ""ŚLĄSKIE"", ""country"": ""PL""}",50.2649,19.0238,LEASE,1144 PLN,per month,Hybrid,Automatic,FWD
VR3FPHPY9TY570941,Nowy 408 Business · od 1039 PLN/mies.,Peugeot Nowy 408 Business · Rata od 1039 PLN netto/mies. · Leasing B2B · Elbląg · Sprawdź ofertę!,https://sklep.peugeot.pl/produkt/nowy-408/vr3fphpy9ty570941/,https://raw.githubusercontent.com/Andy11001/-alfa-inventory/master/data/images/VR3FPHPY9TY570941_clean.webp,Peugeot,Nowy 408,2025,0,KM,SUV,Szary Selenium,New,144936 PLN,PLN,"{""addr1"": ""UL. KAZIMIERZOWO 4"", ""city"": ""ELBLĄG"", ""region"": ""WARMIŃSKO-MAZURSKIE"", ""country"": ""PL""}",54.1522,19.4040,LEASE,1039 PLN,per month,Hybrid,Automatic,FWD
VR3FCYHZ3TY569447,Nowe 308 SW Allure · od 902 PLN/mies.,Peugeot Nowe 308 SW Allure · Rata od 902 PLN netto/mies. · Leasing B2B · Kraków · Sprawdź ofertę!,https://sklep.peugeot.pl/produkt/nowe-308-sw/vr3fcyhz3ty569447/,https://raw.githubusercontent.com/Andy11001/-alfa-inventory/master/data/images/VR3FCYHZ3TY569447_clean.webp,Peugeot,Nowe 308 SW,2025,0,KM,Wagon,Szary Selenium,New,125689 PLN,PLN,"{""addr1"": ""UL. OPOLSKA 9"", ""city"": ""KRAKÓW"", ""region"": ""MAŁOPOLSKIE"", ""country"": ""PL""}",50.0931,19.9238,LEASE,902 PLN,per month,Diesel,Automatic,FWD
VF3VNFC15TZ068928,Traveller Business Vip · od 1688 PLN/mies.,Peugeot Traveller Business Vip · Rata od 1688 PLN netto/mies. · Leasing B2B · Warszawa · Sprawdź ofertę!,https://sklep.peugeot.pl/produkt/traveller/vf3vnfc15tz068928/,https://raw.githubusercontent.com/Andy11001/-alfa-inventory/master/data/images/VF3VNFC15TZ068928_clean.webp,Peugeot,Traveller,2025,0,KM,Hatchback,Szary Titane Metaliczny,New,236385 PLN,PLN,"{""addr1"": ""AL. KRAKOWSKA 206"", ""city"": ""WARSZAWA"", ""region"": ""MAZOWIECKIE"", ""country"": ""PL""}",52.2084,20.9412,LEASE,1688 PLN,per month,Diesel,Automatic,FWD
VF3VNFC13TZ074145,Traveller Business · od 1619 PLN/mies.,Peugeot Traveller Business · Rata od 1619 PLN netto/mies. · Leasing B2B · Gorzów Wielkopolski · Sprawdź ofertę!,https://sklep.peugeot.pl/produkt/traveller/vf3vnfc13tz074145/,https://raw.githubusercontent.com/Andy11001/-alfa-inventory/master/data/images/VF3VNFC13TZ074145_clean.webp,Peugeot,Traveller,2025,0,KM,Hatchback,Szary Titane Metaliczny,New,226695 PLN,PLN,"{""addr1"": ""GORZÓW WIELKOPOLSKI"", ""city"": ""GORZÓW WIELKOPOLSKI"", ""region"": ""MAZOWIECKIE"", ""country"": ""PL""}",,,LEASE,1619 PLN,per month,Diesel,Automatic,FWD
VR3F3DGN1TY570944,Nowy 408 Gt Exclusive · od 1394 PLN/mies.,Peugeot Nowy 408 Gt Exclusive · Rata od 1394 PLN netto/mies. · Leasing B2B · Świdnik · Sprawdź ofertę!,https://sklep.peugeot.pl/produkt/nowy-408/vr3f3dgn1ty570944/,https://raw.githubusercontent.com/Andy11001/-alfa-inventory/master/data/images/VR3F3DGN1TY570944_clean.webp,Peugeot,Nowy 408,2025,0,KM,SUV,Zielony Flare,New,194900 PLN,PLN,"{""addr1"": ""ŚWIDNIK"", ""city"": ""ŚWIDNIK"", ""region"": ""MAZOWIECKIE"", ""country"": ""PL""}",,,LEASE,1394 PLN,per month,Plug-in Hybrid,Automatic,FWD
VR3KAHPY8TS157220,5008 Gt Exclusive · od 1270 PLN/mies.,Peugeot 5008 Gt Exclusive · Rata od 1270 PLN netto/mies. · Leasing B2B · Opole · Sprawdź ofertę!,https://sklep.peugeot.pl/produkt/5008/vr3kahpy8ts157220/,https://raw.githubusercontent.com/Andy11001/-alfa-inventory/master/data/images/VR3KAHPY8TS157220_clean.webp,Peugeot,5008,2025,0,KM,SUV,Bialy Okenite Metaliczny Specjalny,New,177455 PLN,PLN,"{""addr1"": ""UL. WROCŁAWSKA 137"", ""city"": ""OPOLE"", ""region"": ""OPOLSKIE"", ""country"": ""PL""}",50.6751,17.9213,LEASE,1270 PLN,per month,Hybrid,Manual,FWD
VR3KAHPY1TS157463,5008 Allure · od 1107 PLN/mies.,Peugeot 5008 Allure · Rata od 1107 PLN netto/mies. · Leasing B2B · Katowice · Sprawdź ofertę!,https://sklep.peugeot.pl/produkt/5008/vr3kahpy1ts157463/,https://raw.githubusercontent.com/Andy11001/-alfa-inventory/master/data/images/VR3KAHPY1TS157463_clean.webp,Peugeot,5008,2025,0,KM,SUV,Szary Titane Metaliczny,New,154500 PLN,PLN,"{""addr1"": ""AL. ROŹDZIEŃSKIEGO 170"", ""city"": ""KATOWICE"", ""region"": ""ŚLĄSKIE"", ""country"": ""PL""}",50.2649,19.0238,LEASE,1107 PLN,per month,Hybrid,Manual,FWD
VR3FPHPYXTY570415,Nowy 408 Gt · od 1148 PLN/mies.,Peugeot Nowy 408 Gt · Rata od 1148 PLN netto/mies. · Leasing B2B · Wejherowo · Sprawdź ofertę!,https://sklep.peugeot.pl/produkt/nowy-408/vr3fphpyxty570415/,https://raw.githubusercontent.com/Andy11001/-alfa-inventory/master/data/images/VR3FPHPYXTY570415_clean.webp,Peugeot,Nowy 408,2025,0,KM,SUV,Czarny Perla Nera,New,160248 PLN,PLN,"{""addr1"": ""WEJHEROWO"", ""city"": ""WEJHEROWO"", ""region"": ""MAZOWIECKIE"", ""country"": ""PL""}",,,LEASE,1148 PLN,per month,Hybrid,Automatic,FWD
VR3FPHPY0TY570472,Nowy 408 Gt Exclusive · od 1133 PLN/mies.,Peugeot Nowy 408 Gt Exclusive · Rata od 1133 PLN netto/mies. · Leasing B2B · Częstochowa · Sprawdź ofertę!,https://sklep.peugeot.pl/produkt/nowy-408/vr3fphpy0ty570472/,https://raw.githubusercontent.com/Andy11001/-alfa-inventory/master/data/images/VR3FPHPY0TY570472_clean.webp,Peugeot,Nowy 408,2025,0,KM,SUV,Szary Selenium,New,158136 PLN,PLN,"{""addr1"": ""CZĘSTOCHOWA"", ""city"": ""CZĘSTOCHOWA"", ""region"": ""MAZOWIECKIE"", ""country"": ""PL""}",,,LEASE,1133 PLN,per month,Hybrid,Automatic,FWD
VR3FPHPY8TY570459,Nowy 408 Gt · od 1124 PLN/mies.,Peugeot Nowy 408 Gt · Rata od 1124 PLN netto/mies. · Leasing B2B · Gdańsk · Sprawdź ofertę!,https://sklep.peugeot.pl/produkt/nowy-408/vr3fphpy8ty570459/,https://raw.githubusercontent.com/Andy11001/-alfa-inventory/master/data/images/VR3FPHPY8TY570459_clean.webp,Peugeot,Nowy 408,2025,0,KM,SUV,Szary Selenium,New,156992 PLN,PLN,"{""addr1"": ""AL. GRUNWALDZKA 256"", ""city"": ""GDAŃSK"", ""region"": ""POMORSKIE"", ""country"": ""PL""}",54.4022,18.5714,LEASE,1124 PLN,per month,Hybrid,Automatic,FWD
VR3FPHPY8TY569943,Nowy 408 Gt · od 1119 PLN/mies.,Peugeot Nowy 408 Gt · Rata od 1119 PLN netto/mies. · Leasing B2B · Poznań · Sprawdź ofertę!,https://sklep.peugeot.pl/produkt/nowy-408/vr3fphpy8ty569943/,https://raw.githubusercontent.com/Andy11001/-alfa-inventory/master/data/images/VR3FPHPY8TY569943_clean.webp,Peugeot,Nowy 408,2025,0,KM,SUV,Szary Selenium,New,156288 PLN,PLN,"{""addr1"": ""UL. BOLESŁAWA KRZYWOUSTEGO 71"", ""city"": ""POZNAŃ"", ""region"": ""WIELKOPOLSKIE"", ""country"": ""PL""}",52.3787,17.0270,LEASE,1119 PLN,per month,Hybrid,Automatic,FWD
VR3FPHPY3TY570420,Nowy 408 Gt · od 1101 PLN/mies.,Peugeot Nowy 408 Gt · Rata od 1101 PLN netto/mies. · Leasing B2B · Wejherowo · Sprawdź ofertę!,https://sklep.peugeot.pl/produkt/nowy-408/vr3fphpy3ty570420/,https://raw.githubusercontent.com/Andy11001/-alfa-inventory/master/data/images/VR3FPHPY3TY570420_clean.webp,Peugeot,Nowy 408,2025,0,KM,SUV,Zielony Flare,New,153736 PLN,PLN,"{""addr1"": ""WEJHEROWO"", ""city"": ""WEJHEROWO"", ""region"": ""MAZOWIECKIE"", ""country"": ""PL""}",,,LEASE,1101 PLN,per month,Hybrid,Automatic,FWD
VR3UHZKW7T4189385,208 Gt · od 1786 PLN/mies.,Peugeot 208 Gt · Rata od 1786 PLN netto/mies. · Leasing B2B · Katowice · Sprawdź ofertę!,https://sklep.peugeot.pl/produkt/208/vr3uhzkw7t4189385/,https://raw.githubusercontent.com/Andy11001/-alfa-inventory/master/data/images/VR3UHZKW7T4189385_clean.webp,Peugeot,208,2025,0,KM,Hatchback,Zolty Agueda,New,150800 PLN,PLN,"{""addr1"": ""AL. ROŹDZIEŃSKIEGO 170"", ""city"": ""KATOWICE"", ""region"": ""ŚLĄSKIE"", ""country"": ""PL""}",50.2649,19.0238,LEASE,1786 PLN,per month,Electric,Automatic,FWD
VR3FCYHZ2TY570380,Nowe 308 SW Gt Exclusive · od 1025 PLN/mies.,Peugeot Nowe 308 SW Gt Exclusive · Rata od 1025 PLN netto/mies. · Leasing B2B · Sosnowiec · Sprawdź ofertę!,https://sklep.peugeot.pl/produkt/nowe-308-sw/vr3fcyhz2ty570380/,https://raw.githubusercontent.com/Andy11001/-alfa-inventory/master/data/images/VR3FCYHZ2TY570380_clean.webp,Peugeot,Nowe 308 SW,2025,0,KM,Wagon,Szary Selenium,New,143018 PLN,PLN,"{""addr1"": ""UL. WOJSKA POLSKIEGO 45"", ""city"": ""SOSNOWIEC"", ""region"": ""ŚLĄSKIE"", ""country"": ""PL""}",50.2863,19.1042,LEASE,1025 PLN,per month,Diesel,Automatic,FWD
VR3UHZKW2T4189567,208 Gt · od 1758 PLN/mies.,Peugeot 208 Gt · Rata od 1758 PLN netto/mies. · Leasing B2B · Katowice · Sprawdź ofertę!,https://sklep.peugeot.pl/produkt/208/vr3uhzkw2t4189567/,https://raw.githubusercontent.com/Andy11001/-alfa-inventory/master/data/images/VR3UHZKW2T4189567_clean.webp,Peugeot,208,2025,0,KM,Hatchback,Zolty Agueda,New,148418 PLN,PLN,"{""addr1"": ""AL. ROŹDZIEŃSKIEGO 170"", ""city"": ""KATOWICE"", ""region"": ""ŚLĄSKIE"", ""country"": ""PL""}",50.2649,19.0238,LEASE,1758 PLN,per month,Electric,Automatic,FWD
VR3FPHPY3TY570403,Nowy 408 Allure · od 1035 PLN/mies.,Peugeot Nowy 408 Allure · Rata od 1035 PLN netto/mies. · Leasing B2B · Krasne · Sprawdź ofertę!,https://sklep.peugeot.pl/produkt/nowy-408/vr3fphpy3ty570403/,https://raw.githubusercontent.com/Andy11001/-alfa-inventory/master/data/images/VR3FPHPY3TY570403_clean.webp,Peugeot,Nowy 408,2025,0,KM,SUV,Szary Selenium,New,144408 PLN,PLN,"{""addr1"": ""KRASNE"", ""city"": ""KRASNE"", ""region"": ""MAZOWIECKIE"", ""country"": ""PL""}",,,LEASE,1035 PLN,per month,Hybrid,Automatic,FWD
VR3FPHPY2TY570859,Nowy 408 Allure · od 1030 PLN/mies.,Peugeot Nowy 408 Allure · Rata od 1030 PLN netto/mies. · Leasing B2B · Elbląg · Sprawdź ofertę!,https://sklep.peugeot.pl/produkt/nowy-408/vr3fphpy2ty570859/,https://raw.githubusercontent.com/Andy11001/-alfa-inventory/master/data/images/VR3FPHPY2TY570859_clean.webp,Peugeot,Nowy 408,2025,0,KM,SUV,Zielony Flare,New,143616 PLN,PLN,"{""addr1"": ""UL. KAZIMIERZOWO 4"", ""city"": ""ELBLĄG"", ""region"": ""WARMIŃSKO-MAZURSKIE"", ""country"": ""PL""}",54.1522,19.4040,LEASE,1030 PLN,per month,Hybrid,Automatic,FWD
VR3FPHPY9TY570860,Nowy 408 Business · od 1021 PLN/mies.,Peugeot Nowy 408 Business · Rata od 1021 PLN netto/mies. · Leasing B2B · Elbląg · Sprawdź ofertę!,https://sklep.peugeot.pl/produkt/nowy-408/vr3fphpy9ty570860/,https://raw.githubusercontent.com/Andy11001/-alfa-inventory/master/data/images/VR3FPHPY9TY570860_clean.webp,Peugeot,Nowy 408,2025,0,KM,SUV,Zielony Flare,New,142384 PLN,PLN,"{""addr1"": ""UL. KAZIMIERZOWO 4"", ""city"": ""ELBLĄG"", ""region"": ""WARMIŃSKO-MAZURSKIE"", ""country"": ""PL""}",54.1522,19.4040,LEASE,1021 PLN,per month,Hybrid,Automatic,FWD
VR3USHPY5TJ845591,2008 Gt Exclusive · od 979 PLN/mies.,Peugeot 2008 Gt Exclusive · Rata od 979 PLN netto/mies. · Leasing B2B · Gdańsk · Sprawdź ofertę!,https://sklep.peugeot.pl/produkt/2008/vr3ushpy5tj845591/,https://raw.githubusercontent.com/Andy11001/-alfa-inventory/master/data/images/VR3USHPY5TJ845591_clean.webp,Peugeot,2008,2025,0,KM,SUV,Czerwony Elixir,New,136500 PLN,PLN,"{""addr1"": ""AL. GRUNWALDZKA 256"", ""city"": ""GDAŃSK"", ""region"": ""POMORSKIE"", ""country"": ""PL""}",54.4022,18.5714,LEASE,979 PLN,per month,Hybrid,Automatic,FWD
VR3USHPYXTJ845585,2008 Gt Exclusive · od 957 PLN/mies.,Peugeot 2008 Gt Exclusive · Rata od 957 PLN netto/mies. · Leasing B2B · Gdańsk · Sprawdź ofertę!,https://sklep.peugeot.pl/produkt/2008/vr3ushpyxtj845585/,https://raw.githubusercontent.com/Andy11001/-alfa-inventory/master/data/images/VR3USHPYXTJ845585_clean.webp,Peugeot,2008,2025,0,KM,SUV,Niebieski Obsession,New,133438 PLN,PLN,"{""addr1"": ""AL. GRUNWALDZKA 256"", ""city"": ""GDAŃSK"", ""region"": ""POMORSKIE"", ""country"": ""PL""}",54.4022,18.5714,LEASE,957 PLN,per month,Hybrid,Automatic,FWD
VR3FCYHZ0TY569020,Nowe 308 SW Allure · od 903 PLN/mies.,Peugeot Nowe 308 SW Allure · Rata od 903 PLN netto/mies. · Leasing B2B · Poznań · Sprawdź ofertę!,https://sklep.peugeot.pl/produkt/nowe-308-sw/vr3fcyhz0ty569020/,https://raw.githubusercontent.com/Andy11001/-alfa-inventory/master/data/images/VR3FCYHZ0TY569020_clean.webp,Peugeot,Nowe 308 SW,2025,0,KM,Wagon,Bialy Okenite,New,125775 PLN,PLN,"{""addr1"": ""UL. BOLESŁAWA KRZYWOUSTEGO 71"", ""city"": ""POZNAŃ"", ""region"": ""WIELKOPOLSKIE"", ""country"": ""PL""}",52.3787,17.0270,LEASE,903 PLN,per month,Diesel,Automatic,FWD
VR3FCYHZ2TY570038,Nowe 308 SW Allure · od 902 PLN/mies.,Peugeot Nowe 308 SW Allure · Rata od 902 PLN netto/mies. · Leasing B2B · Kraków · Sprawdź ofertę!,https://sklep.peugeot.pl/produkt/nowe-308-sw/vr3fcyhz2ty570038/,https://raw.githubusercontent.com/Andy11001/-alfa-inventory/master/data/images/VR3FCYHZ2TY570038_clean.webp,Peugeot,Nowe 308 SW,2025,0,KM,Wagon,Szary Artense,New,125689 PLN,PLN,"{""addr1"": ""UL. OPOLSKA 9"", ""city"": ""KRAKÓW"", ""region"": ""MAŁOPOLSKIE"", ""country"": ""PL""}",50.0931,19.9238,LEASE,902 PLN,per month,Diesel,Automatic,FWD
VR3FCYHZ0TY570037,Nowe 308 SW Allure · od 902 PLN/mies.,Peugeot Nowe 308 SW Allure · Rata od 902 PLN netto/mies. · Leasing B2B · Kraków · Sprawdź ofertę!,https://sklep.peugeot.pl/produkt/nowe-308-sw/vr3fcyhz0ty570037/,https://raw.githubusercontent.com/Andy11001/-alfa-inventory/master/data/images/VR3FCYHZ0TY570037_clean.webp,Peugeot,Nowe 308 SW,2025,0,KM,Wagon,Szary Artense,New,125689 PLN,PLN,"{""addr1"": ""UL. OPOLSKA 9"", ""city"": ""KRAKÓW"", ""region"": ""MAŁOPOLSKIE"", ""country"": ""PL""}",50.0931,19.9238,LEASE,902 PLN,per month,Diesel,Automatic,FWD
VR3FRHPY4TY570078,Nowe 308 SW Business · od 865 PLN/mies.,Peugeot Nowe 308 SW Business · Rata od 865 PLN netto/mies. · Leasing B2B · Świdnik · Sprawdź ofertę!,https://sklep.peugeot.pl/produkt/nowe-308-sw/vr3frhpy4ty570078/,https://raw.githubusercontent.com/Andy11001/-alfa-inventory/master/data/images/VR3FRHPY4TY570078_clean.webp,Peugeot,Nowe 308 SW,2025,0,KM,Wagon,Bialy Okenite,New,120500 PLN,PLN,"{""addr1"": ""ŚWIDNIK"", ""city"": ""ŚWIDNIK"", ""region"": ""MAZOWIECKIE"", ""country"": ""PL""}",,,LEASE,865 PLN,per month,Hybrid,Automatic,FWD
VR3FCYHZ5TY568901,Nowe 308 SW Business · od 867 PLN/mies.,Peugeot Nowe 308 SW Business · Rata od 867 PLN netto/mies. · Leasing B2B · Zielona Góra · Sprawdź ofertę!,https://sklep.peugeot.pl/produkt/nowe-308-sw/vr3fcyhz5ty568901/,https://raw.githubusercontent.com/Andy11001/-alfa-inventory/master/data/images/VR3FCYHZ5TY568901_clean.webp,Peugeot,Nowe 308 SW,2025,0,KM,Wagon,Niebieski Ingaro,New,120787 PLN,PLN,"{""addr1"": ""ZIELONA GÓRA"", ""city"": ""ZIELONA GÓRA"", ""region"": ""MAZOWIECKIE"", ""country"": ""PL""}",,,LEASE,867 PLN,per month,Diesel,Automatic,FWD
VR3USHPX7TJ845759,2008 Edition · od 760 PLN/mies.,Peugeot 2008 Edition · Rata od 760 PLN netto/mies. · Leasing B2B · Kraków · Sprawdź ofertę!,https://sklep.peugeot.pl/produkt/2008/vr3ushpx7tj845759/,https://raw.githubusercontent.com/Andy11001/-alfa-inventory/master/data/images/VR3USHPX7TJ845759_clean.webp,Peugeot,2008,2025,0,KM,SUV,Bialy Okenite,New,105700 PLN,PLN,"{""addr1"": ""UL. OPOLSKA 9"", ""city"": ""KRAKÓW"", ""region"": ""MAŁOPOLSKIE"", ""country"": ""PL""}",50.0931,19.9238,LEASE,760 PLN,per month,Hybrid,Automatic,FWD
VR3UPHPX6T5124083,208 Edition · od 631 PLN/mies.,Peugeot 208 Edition · Rata od 631 PLN netto/mies. · Leasing B2B · Opole · Sprawdź ofertę!,https://sklep.peugeot.pl/produkt/208/vr3uphpx6t5124083/,https://raw.githubusercontent.com/Andy11001/-alfa-inventory/master/data/images/VR3UPHPX6T5124083_clean.webp,Peugeot,208,2025,0,KM,Hatchback,Szary Artense,New,87500 PLN,PLN,"{""addr1"": ""UL. WROCŁAWSKA 137"", ""city"": ""OPOLE"", ""region"": ""OPOLSKIE"", ""country"": ""PL""}",50.6751,17.9213,LEASE,631 PLN,per month,Hybrid,Automatic,FWD
VF3VNFC11TU475867,Traveller Business · od 1533 PLN/mies.,Peugeot Traveller Business · Rata od 1533 PLN netto/mies. · Leasing B2B · Poznań · Sprawdź ofertę!,https://sklep.peugeot.pl/produkt/traveller/vf3vnfc11tu475867/,https://raw.githubusercontent.com/Andy11001/-alfa-inventory/master/data/images/VF3VNFC11TU475867_clean.webp,Peugeot,Traveller,2025,0,KM,Hatchback,Czarny Perla Nera Metaliczny,New,214540 PLN,PLN,"{""addr1"": ""UL. BOLESŁAWA KRZYWOUSTEGO 71"", ""city"": ""POZNAŃ"", ""region"": ""WIELKOPOLSKIE"", ""country"": ""PL""}",52.3787,17.0270,LEASE,1533 PLN,per month,Diesel,Automatic,FWD
VF3VNFC16TU475735,Traveller Business · od 1533 PLN/mies.,Peugeot Traveller Business · Rata od 1533 PLN netto/mies. · Leasing B2B · Poznań · Sprawdź ofertę!,https://sklep.peugeot.pl/produkt/traveller/vf3vnfc16tu475735/,https://raw.githubusercontent.com/Andy11001/-alfa-inventory/master/data/images/VF3VNFC16TU475735_clean.webp,Peugeot,Traveller,2025,0,KM,Hatchback,Szary Titane Metaliczny,New,214540 PLN,PLN,"{""addr1"": ""UL. BOLESŁAWA KRZYWOUSTEGO 71"", ""city"": ""POZNAŃ"", ""region"": ""WIELKOPOLSKIE"", ""country"": ""PL""}",52.3787,17.0270,LEASE,1533 PLN,per month,Diesel,Automatic,FWD
VR3KBDGK4TS156440,3008 Gt Exclusive · od 1529 PLN/mies.,Peugeot 3008 Gt Exclusive · Rata od 1529 PLN netto/mies. · Leasing B2B · Bielsko-Biała · Sprawdź ofertę!,https://sklep.peugeot.pl/produkt/3008/vr3kbdgk4ts156440/,https://raw.githubusercontent.com/Andy11001/-alfa-inventory/master/data/images/VR3KBDGK4TS156440_clean.webp,Peugeot,3008,2025,0,KM,SUV,Bialy Okenite,New,213986 PLN,PLN,"{""addr1"": ""UL. WARSZAWSKA 15"", ""city"": ""BIELSKO-BIAŁA"", ""region"": ""ŚLĄSKIE"", ""country"": ""PL""}",49.8225,19.0444,LEASE,1529 PLN,per month,Plug-in Hybrid,Manual,FWD
VR3KAHPY2TS156905,5008 Gt Exclusive · od 1361 PLN/mies.,Peugeot 5008 Gt Exclusive · Rata od 1361 PLN netto/mies. · Leasing B2B · Stare Bielice · Sprawdź ofertę!,https://sklep.peugeot.pl/produkt/5008/vr3kahpy2ts156905/,https://raw.githubusercontent.com/Andy11001/-alfa-inventory/master/data/images/VR3KAHPY2TS156905_clean.webp,Peugeot,5008,2025,0,KM,SUV,Bialy Okenite Metaliczny Specjalny,New,190323 PLN,PLN,"{""addr1"": ""STARE BIELICE"", ""city"": ""STARE BIELICE"", ""region"": ""MAZOWIECKIE"", ""country"": ""PL""}",,,LEASE,1361 PLN,per month,Hybrid,Manual,FWD
VR3KAHPY5TS157160,5008 Gt Exclusive · od 1338 PLN/mies.,Peugeot 5008 Gt Exclusive · Rata od 1338 PLN netto/mies. · Leasing B2B · Stare Bielice · Sprawdź ofertę!,https://sklep.peugeot.pl/produkt/5008/vr3kahpy5ts157160/,https://raw.githubusercontent.com/Andy11001/-alfa-inventory/master/data/images/VR3KAHPY5TS157160_clean.webp,Peugeot,5008,2025,0,KM,SUV,Szary Titane Metaliczny,New,187074 PLN,PLN,"{""addr1"": ""STARE BIELICE"", ""city"": ""STARE BIELICE"", ""region"": ""MAZOWIECKIE"", ""country"": ""PL""}",,,LEASE,1338 PLN,per month,Hybrid,Manual,FWD
VR3F3DGN1TY569986,Nowy 408 Gt Exclusive · od 1465 PLN/mies.,Peugeot Nowy 408 Gt Exclusive · Rata od 1465 PLN netto/mies. · Leasing B2B · Piła · Sprawdź ofertę!,https://sklep.peugeot.pl/produkt/nowy-408/vr3f3dgn1ty569986/,https://raw.githubusercontent.com/Andy11001/-alfa-inventory/master/data/images/VR3F3DGN1TY569986_clean.webp,Peugeot,Nowy 408,2025,0,KM,SUV,Zielony Flare,New,204920 PLN,PLN,"{""addr1"": ""UL. WARSZTATOWA 6"", ""city"": ""PIŁA"", ""region"": ""WIELKOPOLSKIE"", ""country"": ""PL""}",53.1510,16.7384,LEASE,1465 PLN,per month,Plug-in Hybrid,Automatic,FWD
VR3FPHPY5TY569589,Nowy 408 Gt · od 1148 PLN/mies.,Peugeot Nowy 408 Gt · Rata od 1148 PLN netto/mies. · Leasing B2B · Wejherowo · Sprawdź ofertę!,https://sklep.peugeot.pl/produkt/nowy-408/vr3fphpy5ty569589/,https://raw.githubusercontent.com/Andy11001/-alfa-inventory/master/data/images/VR3FPHPY5TY569589_clean.webp,Peugeot,Nowy 408,2025,0,KM,SUV,Czarny Perla Nera,New,160248 PLN,PLN,"{""addr1"": ""WEJHEROWO"", ""city"": ""WEJHEROWO"", ""region"": ""MAZOWIECKIE"", ""country"": ""PL""}",,,LEASE,1148 PLN,per month,Hybrid,Automatic,FWD
VR3FPHPY4TY569941,Nowy 408 Gt · od 1119 PLN/mies.,Peugeot Nowy 408 Gt · Rata od 1119 PLN netto/mies. · Leasing B2B · Poznań · Sprawdź ofertę!,https://sklep.peugeot.pl/produkt/nowy-408/vr3fphpy4ty569941/,https://raw.githubusercontent.com/Andy11001/-alfa-inventory/master/data/images/VR3FPHPY4TY569941_clean.webp,Peugeot,Nowy 408,2025,0,KM,SUV,Szary Selenium,New,156288 PLN,PLN,"{""addr1"": ""UL. BOLESŁAWA KRZYWOUSTEGO 71"", ""city"": ""POZNAŃ"", ""region"": ""WIELKOPOLSKIE"", ""country"": ""PL""}",52.3787,17.0270,LEASE,1119 PLN,per month,Hybrid,Automatic,FWD
VR3FPHPY2TY569940,Nowy 408 Gt · od 1119 PLN/mies.,Peugeot Nowy 408 Gt · Rata od 1119 PLN netto/mies. · Leasing B2B · Poznań · Sprawdź ofertę!,https://sklep.peugeot.pl/produkt/nowy-408/vr3fphpy2ty569940/,https://raw.githubusercontent.com/Andy11001/-alfa-inventory/master/data/images/VR3FPHPY2TY569940_clean.webp,Peugeot,Nowy 408,2025,0,KM,SUV,Szary Selenium,New,156288 PLN,PLN,"{""addr1"": ""UL. BOLESŁAWA KRZYWOUSTEGO 71"", ""city"": ""POZNAŃ"", ""region"": ""WIELKOPOLSKIE"", ""country"": ""PL""}",52.3787,17.0270,LEASE,1119 PLN,per month,Hybrid,Automatic,FWD
VR3FPHPY5TY570404,Nowy 408 Gt Exclusive · od 1114 PLN/mies.,Peugeot Nowy 408 Gt Exclusive · Rata od 1114 PLN netto/mies. · Leasing B2B · Gdańsk · Sprawdź ofertę!,https://sklep.peugeot.pl/produkt/nowy-408/vr3fphpy5ty570404/,https://raw.githubusercontent.com/Andy11001/-alfa-inventory/master/data/images/VR3FPHPY5TY570404_clean.webp,Peugeot,Nowy 408,2025,0,KM,SUV,Zielony Flare,New,155584 PLN,PLN,"{""addr1"": ""AL. GRUNWALDZKA 256"", ""city"": ""GDAŃSK"", ""region"": ""POMORSKIE"", ""country"": ""PL""}",54.4022,18.5714,LEASE,1114 PLN,per month,Hybrid,Automatic,FWD
VR3FRHPY7TY570236,Nowe 308 SW Gt Exclusive · od 1083 PLN/mies.,Peugeot Nowe 308 SW Gt Exclusive · Rata od 1083 PLN netto/mies. · Leasing B2B · Płock · Sprawdź ofertę!,https://sklep.peugeot.pl/produkt/nowe-308-sw/vr3frhpy7ty570236/,https://raw.githubusercontent.com/Andy11001/-alfa-inventory/master/data/images/VR3FRHPY7TY570236_clean.webp,Peugeot,Nowe 308 SW,2025,0,KM,Wagon,Czerwony Elixir,New,151188 PLN,PLN,"{""addr1"": ""UL. OTOLIŃSKA 25"", ""city"": ""PŁOCK"", ""region"": ""MAZOWIECKIE"", ""country"": ""PL""}",52.5468,19.7064,LEASE,1083 PLN,per month,Hybrid,Automatic,FWD
VR3EBYHZ8TJ833513,Rifter Gt · od 992 PLN/mies.,Peugeot Rifter Gt · Rata od 992 PLN netto/mies. · Leasing B2B · Wejherowo · Sprawdź ofertę!,https://sklep.peugeot.pl/produkt/rifter/vr3ebyhz8tj833513/,https://raw.githubusercontent.com/Andy11001/-alfa-inventory/master/data/images/VR3EBYHZ8TJ833513_clean.webp,Peugeot,Rifter,2025,0,KM,Hatchback,Niebieski Kiama,New,138361 PLN,PLN,"{""addr1"": ""WEJHEROWO"", ""city"": ""WEJHEROWO"", ""region"": ""MAZOWIECKIE"", ""country"": ""PL""}",,,LEASE,992 PLN,per month,Diesel,Automatic,FWD
VR3FCYHZ9TY570036,Nowe 308 SW Allure · od 902 PLN/mies.,Peugeot Nowe 308 SW Allure · Rata od 902 PLN netto/mies. · Leasing B2B · Kraków · Sprawdź ofertę!,https://sklep.peugeot.pl/produkt/nowe-308-sw/vr3fcyhz9ty570036/,https://raw.githubusercontent.com/Andy11001/-alfa-inventory/master/data/images/VR3FCYHZ9TY570036_clean.webp,Peugeot,Nowe 308 SW,2025,0,KM,Wagon,Szary Artense,New,125689 PLN,PLN,"{""addr1"": ""UL. OPOLSKA 9"", ""city"": ""KRAKÓW"", ""region"": ""MAŁOPOLSKIE"", ""country"": ""PL""}",50.0931,19.9238,LEASE,902 PLN,per month,Diesel,Automatic,FWD
VR3USHPX2TJ762241,2008 Edition · od 760 PLN/mies.,Peugeot 2008 Edition · Rata od 760 PLN netto/mies. · Leasing B2B · Warszawa · Sprawdź ofertę!,https://sklep.peugeot.pl/produkt/2008/vr3ushpx2tj762241/,https://raw.githubusercontent.com/Andy11001/-alfa-inventory/master/data/images/VR3USHPX2TJ762241_clean.webp,Peugeot,2008,2025,0,KM,SUV,Bialy Okenite,New,105700 PLN,PLN,"{""addr1"": ""AL. KRAKOWSKA 206"", ""city"": ""WARSZAWA"", ""region"": ""MAZOWIECKIE"", ""country"": ""PL""}",52.2084,20.9412,LEASE,760 PLN,per month,Hybrid,Automatic,FWD
VR3USHPV1TJ825151,2008 Edition · od 667 PLN/mies.,Peugeot 2008 Edition · Rata od 667 PLN netto/mies. · Leasing B2B · Poznań · Sprawdź ofertę!,https://sklep.peugeot.pl/produkt/2008/vr3ushpv1tj825151/,https://raw.githubusercontent.com/Andy11001/-alfa-inventory/master/data/images/VR3USHPV1TJ825151_clean.webp,Peugeot,2008,2025,0,KM,SUV,Szary Selenium,New,92600 PLN,PLN,"{""addr1"": ""UL. BOLESŁAWA KRZYWOUSTEGO 71"", ""city"": ""POZNAŃ"", ""region"": ""WIELKOPOLSKIE"", ""country"": ""PL""}",52.3787,17.0270,LEASE,667 PLN,per month,Gasoline,Manual,FWD
VR3UPHPV0T5108265,208 Edition · od 538 PLN/mies.,Peugeot 208 Edition · Rata od 538 PLN netto/mies. · Leasing B2B · Bydgoszcz · Sprawdź ofertę!,https://sklep.peugeot.pl/produkt/208/vr3uphpv0t5108265/,https://raw.githubusercontent.com/Andy11001/-alfa-inventory/master/data/images/VR3UPHPV0T5108265_clean.webp,Peugeot,208,2025,0,KM,Hatchback,Czarny Perla Nera,New,74400 PLN,PLN,"{""addr1"": ""UL. FORDOŃSKA 353"", ""city"": ""BYDGOSZCZ"", ""region"": ""KUJAWSKO-POMORSKIE"", ""country"": ""PL""}",53.1235,18.0084,LEASE,538 PLN,per month,Gasoline,Manual,FWD
VR3KAHPY9TS149529,5008 Gt Exclusive · od 1320 PLN/mies.,Peugeot 5008 Gt Exclusive · Rata od 1320 PLN netto/mies. · Leasing B2B · Zielona Góra · Sprawdź ofertę!,https://sklep.peugeot.pl/produkt/5008/vr3kahpy9ts149529/,https://raw.githubusercontent.com/Andy11001/-alfa-inventory/master/data/images/VR3KAHPY9TS149529_clean.webp,Peugeot,5008,2025,0,KM,SUV,Szary Titane Metaliczny,New,184509 PLN,PLN,"{""addr1"": ""ZIELONA GÓRA"", ""city"": ""ZIELONA GÓRA"", ""region"": ""MAZOWIECKIE"", ""country"": ""PL""}",,,LEASE,1320 PLN,per month,Hybrid,Manual,FWD
VR3UPHPX3T5112098,208 Edition · od 631 PLN/mies.,Peugeot 208 Edition · Rata od 631 PLN netto/mies. · Leasing B2B · Łódź · Sprawdź ofertę!,https://sklep.peugeot.pl/produkt/208/vr3uphpx3t5112098/,https://raw.githubusercontent.com/Andy11001/-alfa-inventory/master/data/images/VR3UPHPX3T5112098_clean.webp,Peugeot,208,2025,0,KM,Hatchback,Bialy Okenite,New,87500 PLN,PLN,"{""addr1"": ""UL. OBYWATELSKA 181"", ""city"": ""ŁÓDŹ"", ""region"": ""ŁÓDZKIE"", ""country"": ""PL""}",51.7371,19.4316,LEASE,631 PLN,per month,Hybrid,Automatic,FWD
VR3USHPX0TJ762075,2008 Edition · od 779 PLN/mies.,Peugeot 2008 Edition · Rata od 779 PLN netto/mies. · Leasing B2B · Sosnowiec · Sprawdź ofertę!,https://sklep.peugeot.pl/produkt/2008/vr3ushpx0tj762075/,https://raw.githubusercontent.com/Andy11001/-alfa-inventory/master/data/images/VR3USHPX0TJ762075_clean.webp,Peugeot,2008,2025,0,KM,SUV,Czarny Perla Nera,New,108400 PLN,PLN,"{""addr1"": ""UL. WOJSKA POLSKIEGO 45"", ""city"": ""SOSNOWIEC"", ""region"": ""ŚLĄSKIE"", ""country"": ""PL""}",50.2863,19.1042,LEASE,779 PLN,per month,Hybrid,Automatic,FWD
VF3VNFC16TU476156,Traveller Business · od 1533 PLN/mies.,Peugeot Traveller Business · Rata od 1533 PLN netto/mies. · Leasing B2B · Wejherowo · Sprawdź ofertę!,https://sklep.peugeot.pl/produkt/traveller/vf3vnfc16tu476156/,https://raw.githubusercontent.com/Andy11001/-alfa-inventory/master/data/images/VF3VNFC16TU476156_clean.webp,Peugeot,Traveller,2025,0,KM,Hatchback,Szary Titane Metaliczny,New,214540 PLN,PLN,"{""addr1"": ""WEJHEROWO"", ""city"": ""WEJHEROWO"", ""region"": ""MAZOWIECKIE"", ""country"": ""PL""}",,,LEASE,1533 PLN,per month,Diesel,Automatic,FWD
VR3KBDGK5TS154406,5008 Gt Exclusive · od 1584 PLN/mies.,Peugeot 5008 Gt Exclusive · Rata od 1584 PLN netto/mies. · Leasing B2B · Warszawa · Sprawdź ofertę!,https://sklep.peugeot.pl/produkt/5008/vr3kbdgk5ts154406/,https://raw.githubusercontent.com/Andy11001/-alfa-inventory/master/data/images/VR3KBDGK5TS154406_clean.webp,Peugeot,5008,2025,0,KM,SUV,Bialy Okenite Metaliczny Specjalny,New,221676 PLN,PLN,"{""addr1"": ""AL. KRAKOWSKA 206"", ""city"": ""WARSZAWA"", ""region"": ""MAZOWIECKIE"", ""country"": ""PL""}",52.2084,20.9412,LEASE,1584 PLN,per month,Plug-in Hybrid,Manual,FWD
VR3KBDGK4TS154591,5008 Gt Exclusive · od 1564 PLN/mies.,Peugeot 5008 Gt Exclusive · Rata od 1564 PLN netto/mies. · Leasing B2B · Płock · Sprawdź ofertę!,https://sklep.peugeot.pl/produkt/5008/vr3kbdgk4ts154591/,https://raw.githubusercontent.com/Andy11001/-alfa-inventory/master/data/images/VR3KBDGK4TS154591_clean.webp,Peugeot,5008,2025,0,KM,SUV,Bialy Okenite Metaliczny Specjalny,New,218946 PLN,PLN,"{""addr1"": ""UL. OTOLIŃSKA 25"", ""city"": ""PŁOCK"", ""region"": ""MAZOWIECKIE"", ""country"": ""PL""}",52.5468,19.7064,LEASE,1564 PLN,per month,Plug-in Hybrid,Manual,FWD
VR3F3DGN6TY567506,Nowy 408 Gt Exclusive · od 1484 PLN/mies.,Peugeot Nowy 408 Gt Exclusive · Rata od 1484 PLN netto/mies. · Leasing B2B · Bydgoszcz · Sprawdź ofertę!,https://sklep.peugeot.pl/produkt/nowy-408/vr3f3dgn6ty567506/,https://raw.githubusercontent.com/Andy11001/-alfa-inventory/master/data/images/VR3F3DGN6TY567506_clean.webp,Peugeot,Nowy 408,2025,0,KM,SUV,Szary Selenium,New,207646 PLN,PLN,"{""addr1"": ""UL. FORDOŃSKA 353"", ""city"": ""BYDGOSZCZ"", ""region"": ""KUJAWSKO-POMORSKIE"", ""country"": ""PL""}",53.1235,18.0084,LEASE,1484 PLN,per month,Plug-in Hybrid,Automatic,FWD
VR3KAHPY6TS156910,5008 Business · od 1134 PLN/mies.,Peugeot 5008 Business · Rata od 1134 PLN netto/mies. · Leasing B2B · Warszawa · Sprawdź ofertę!,https://sklep.peugeot.pl/produkt/5008/vr3kahpy6ts156910/,https://raw.githubusercontent.com/Andy11001/-alfa-inventory/master/data/images/VR3KAHPY6TS156910_clean.webp,Peugeot,5008,2025,0,KM,SUV,Niebieski Ingaro Metaliczny,New,158303 PLN,PLN,"{""addr1"": ""AL. KRAKOWSKA 206"", ""city"": ""WARSZAWA"", ""region"": ""MAZOWIECKIE"", ""country"": ""PL""}",52.2084,20.9412,LEASE,1134 PLN,per month,Hybrid,Manual,FWD
VR3FPHPY0TY569578,Nowy 408 Gt Exclusive · od 1110 PLN/mies.,Peugeot Nowy 408 Gt Exclusive · Rata od 1110 PLN netto/mies. · Leasing B2B · Katowice · Sprawdź ofertę!,https://sklep.peugeot.pl/produkt/nowy-408/vr3fphpy0ty569578/,https://raw.githubusercontent.com/Andy11001/-alfa-inventory/master/data/images/VR3FPHPY0TY569578_clean.webp,Peugeot,Nowy 408,2025,0,KM,SUV,Czerwony Elixir,New,154900 PLN,PLN,"{""addr1"": ""AL. ROŹDZIEŃSKIEGO 170"", ""city"": ""KATOWICE"", ""region"": ""ŚLĄSKIE"", ""country"": ""PL""}",50.2649,19.0238,LEASE,1110 PLN,per month,Hybrid,Automatic,FWD
VR3FPHPY9TY569935,Nowy 408 Gt · od 1119 PLN/mies.,Peugeot Nowy 408 Gt · Rata od 1119 PLN netto/mies. · Leasing B2B · Poznań · Sprawdź ofertę!,https://sklep.peugeot.pl/produkt/nowy-408/vr3fphpy9ty569935/,https://raw.githubusercontent.com/Andy11001/-alfa-inventory/master/data/images/VR3FPHPY9TY569935_clean.webp,Peugeot,Nowy 408,2025,0,KM,SUV,Szary Selenium,New,156288 PLN,PLN,"{""addr1"": ""UL. BOLESŁAWA KRZYWOUSTEGO 71"", ""city"": ""POZNAŃ"", ""region"": ""WIELKOPOLSKIE"", ""country"": ""PL""}",52.3787,17.0270,LEASE,1119 PLN,per month,Hybrid,Automatic,FWD
VR3FRHPY4TY568850,Nowe 308 SW Gt Exclusive · od 1062 PLN/mies.,Peugeot Nowe 308 SW Gt Exclusive · Rata od 1062 PLN netto/mies. · Leasing B2B · Poznań · Sprawdź ofertę!,https://sklep.peugeot.pl/produkt/nowe-308-sw/vr3frhpy4ty568850/,https://raw.githubusercontent.com/Andy11001/-alfa-inventory/master/data/images/VR3FRHPY4TY568850_clean.webp,Peugeot,Nowe 308 SW,2025,0,KM,Wagon,Niebieski Ingaro,New,148178 PLN,PLN,"{""addr1"": ""UL. BOLESŁAWA KRZYWOUSTEGO 71"", ""city"": ""POZNAŃ"", ""region"": ""WIELKOPOLSKIE"", ""country"": ""PL""}",52.3787,17.0270,LEASE,1062 PLN,per month,Hybrid,Automatic,FWD
VR3FBYHZ4TY569279,Nowe 308 Gt Exclusive · od 1037 PLN/mies.,Peugeot Nowe 308 Gt Exclusive · Rata od 1037 PLN netto/mies. · Leasing B2B · Grębów · Sprawdź ofertę!,https://sklep.peugeot.pl/produkt/nowe-308/vr3fbyhz4ty569279/,https://raw.githubusercontent.com/Andy11001/-alfa-inventory/master/data/images/VR3FBYHZ4TY569279_clean.webp,Peugeot,Nowe 308,2025,0,KM,Hatchback,Niebieski Lagoa,New,144652 PLN,PLN,"{""addr1"": ""GRĘBÓW"", ""city"": ""GRĘBÓW"", ""region"": ""MAZOWIECKIE"", ""country"": ""PL""}",,,LEASE,1037 PLN,per month,Diesel,Automatic,FWD
VR3FCYHZ3TY568962,Nowe 308 SW Business · od 869 PLN/mies.,Peugeot Nowe 308 SW Business · Rata od 869 PLN netto/mies. · Leasing B2B · Świdnik · Sprawdź ofertę!,https://sklep.peugeot.pl/produkt/nowe-308-sw/vr3fcyhz3ty568962/,https://raw.githubusercontent.com/Andy11001/-alfa-inventory/master/data/images/VR3FCYHZ3TY568962_clean.webp,Peugeot,Nowe 308 SW,2025,0,KM,Wagon,Bialy Okenite,New,121000 PLN,PLN,"{""addr1"": ""ŚWIDNIK"", ""city"": ""ŚWIDNIK"", ""region"": ""MAZOWIECKIE"", ""country"": ""PL""}",,,LEASE,869 PLN,per month,Diesel,Automatic,FWD
VR3USHPX3TJ753788,2008 Edition · od 779 PLN/mies.,Peugeot 2008 Edition · Rata od 779 PLN netto/mies. · Leasing B2B · Gorzów Wielkopolski · Sprawdź ofertę!,https://sklep.peugeot.pl/produkt/2008/vr3ushpx3tj753788/,https://raw.githubusercontent.com/Andy11001/-alfa-inventory/master/data/images/VR3USHPX3TJ753788_clean.webp,Peugeot,2008,2025,0,KM,SUV,Szary Artense,New,108400 PLN,PLN,"{""addr1"": ""GORZÓW WIELKOPOLSKI"", ""city"": ""GORZÓW WIELKOPOLSKI"", ""region"": ""MAZOWIECKIE"", ""country"": ""PL""}",,,LEASE,779 PLN,per month,Hybrid,Automatic,FWD
VR3USHPX1TJ754342,2008 Edition · od 779 PLN/mies.,Peugeot 2008 Edition · Rata od 779 PLN netto/mies. · Leasing B2B · Gorzów Wielkopolski · Sprawdź ofertę!,https://sklep.peugeot.pl/produkt/2008/vr3ushpx1tj754342/,https://raw.githubusercontent.com/Andy11001/-alfa-inventory/master/data/images/VR3USHPX1TJ754342_clean.webp,Peugeot,2008,2025,0,KM,SUV,Czarny Perla Nera,New,108400 PLN,PLN,"{""addr1"": ""GORZÓW WIELKOPOLSKI"", ""city"": ""GORZÓW WIELKOPOLSKI"", ""region"": ""MAZOWIECKIE"", ""country"": ""PL""}",,,LEASE,779 PLN,per month,Hybrid,Automatic,FWD
VR3USHPX4TJ823590,2008 Edition · od 779 PLN/mies.,Peugeot 2008 Edition · Rata od 779 PLN netto/mies. · Leasing B2B · Poznań · Sprawdź ofertę!,https://sklep.peugeot.pl/produkt/2008/vr3ushpx4tj823590/,https://raw.githubusercontent.com/Andy11001/-alfa-inventory/master/data/images/VR3USHPX4TJ823590_clean.webp,Peugeot,2008,2025,0,KM,SUV,Niebieski Obsession,New,108400 PLN,PLN,"{""addr1"": ""UL. BOLESŁAWA KRZYWOUSTEGO 71"", ""city"": ""POZNAŃ"", ""region"": ""WIELKOPOLSKIE"", ""country"": ""PL""}",52.3787,17.0270,LEASE,779 PLN,per month,Hybrid,Automatic,FWD
VR3USHPV6TJ735977,2008 Edition · od 667 PLN/mies.,Peugeot 2008 Edition · Rata od 667 PLN netto/mies. · Leasing B2B · Elbląg · Sprawdź ofertę!,https://sklep.peugeot.pl/produkt/2008/vr3ushpv6tj735977/,https://raw.githubusercontent.com/Andy11001/-alfa-inventory/master/data/images/VR3USHPV6TJ735977_clean.webp,Peugeot,2008,2025,0,KM,SUV,Niebieski Obsession,New,92600 PLN,PLN,"{""addr1"": ""UL. KAZIMIERZOWO 4"", ""city"": ""ELBLĄG"", ""region"": ""WARMIŃSKO-MAZURSKIE"", ""country"": ""PL""}",54.1522,19.4040,LEASE,667 PLN,per month,Gasoline,Manual,FWD
VR3USHPV5TJ802617,2008 Edition · od 647 PLN/mies.,Peugeot 2008 Edition · Rata od 647 PLN netto/mies. · Leasing B2B · Świdnik · Sprawdź ofertę!,https://sklep.peugeot.pl/produkt/2008/vr3ushpv5tj802617/,https://raw.githubusercontent.com/Andy11001/-alfa-inventory/master/data/images/VR3USHPV5TJ802617_clean.webp,Peugeot,2008,2025,0,KM,SUV,Szary Selenium,New,89800 PLN,PLN,"{""addr1"": ""ŚWIDNIK"", ""city"": ""ŚWIDNIK"", ""region"": ""MAZOWIECKIE"", ""country"": ""PL""}",,,LEASE,647 PLN,per month,Gasoline,Manual,FWD
VR3UPHPX4T5124275,208 Edition · od 631 PLN/mies.,Peugeot 208 Edition · Rata od 631 PLN netto/mies. · Leasing B2B · Bydgoszcz · Sprawdź ofertę!,https://sklep.peugeot.pl/produkt/208/vr3uphpx4t5124275/,https://raw.githubusercontent.com/Andy11001/-alfa-inventory/master/data/images/VR3UPHPX4T5124275_clean.webp,Peugeot,208,2025,0,KM,Hatchback,Bialy Okenite,New,87500 PLN,PLN,"{""addr1"": ""UL. FORDOŃSKA 353"", ""city"": ""BYDGOSZCZ"", ""region"": ""KUJAWSKO-POMORSKIE"", ""country"": ""PL""}",53.1235,18.0084,LEASE,631 PLN,per month,Hybrid,Automatic,FWD
VR3UPHPX5T5123913,208 Edition · od 614 PLN/mies.,Peugeot 208 Edition · Rata od 614 PLN netto/mies. · Leasing B2B · Bydgoszcz · Sprawdź ofertę!,https://sklep.peugeot.pl/produkt/208/vr3uphpx5t5123913/,https://raw.githubusercontent.com/Andy11001/-alfa-inventory/master/data/images/VR3UPHPX5T5123913_clean.webp,Peugeot,208,2025,0,KM,Hatchback,Zolty Agueda,New,85100 PLN,PLN,"{""addr1"": ""UL. FORDOŃSKA 353"", ""city"": ""BYDGOSZCZ"", ""region"": ""KUJAWSKO-POMORSKIE"", ""country"": ""PL""}",53.1235,18.0084,LEASE,614 PLN,per month,Hybrid,Automatic,FWD
VR3UPHPV6T5111185,208 Style · od 559 PLN/mies.,Peugeot 208 Style · Rata od 559 PLN netto/mies. · Leasing B2B · Rybnik · Sprawdź ofertę!,https://sklep.peugeot.pl/produkt/208/vr3uphpv6t5111185/,https://raw.githubusercontent.com/Andy11001/-alfa-inventory/master/data/images/VR3UPHPV6T5111185_clean.webp,Peugeot,208,2025,0,KM,Hatchback,Szary Selenium,New,77376 PLN,PLN,"{""addr1"": ""UL. ŻORSKA 14"", ""city"": ""RYBNIK"", ""region"": ""ŚLĄSKIE"", ""country"": ""PL""}",50.1022,18.5463,LEASE,559 PLN,per month,Gasoline,Manual,FWD
VR3KBDGK4TS153215,5008 Gt Exclusive · od 1618 PLN/mies.,Peugeot 5008 Gt Exclusive · Rata od 1618 PLN netto/mies. · Leasing B2B · Słupsk · Sprawdź ofertę!,https://sklep.peugeot.pl/produkt/5008/vr3kbdgk4ts153215/,https://raw.githubusercontent.com/Andy11001/-alfa-inventory/master/data/images/VR3KBDGK4TS153215_clean.webp,Peugeot,5008,2025,0,KM,SUV,Czarny Perla Nera Metaliczny,New,226454 PLN,PLN,"{""addr1"": ""SŁUPSK"", ""city"": ""SŁUPSK"", ""region"": ""MAZOWIECKIE"", ""country"": ""PL""}",,,LEASE,1618 PLN,per month,Plug-in Hybrid,Manual,FWD
VF3VNFC14TU475734,Traveller Business · od 1486 PLN/mies.,Peugeot Traveller Business · Rata od 1486 PLN netto/mies. · Leasing B2B · Wejherowo · Sprawdź ofertę!,https://sklep.peugeot.pl/produkt/traveller/vf3vnfc14tu475734/,https://raw.githubusercontent.com/Andy11001/-alfa-inventory/master/data/images/VF3VNFC14TU475734_clean.webp,Peugeot,Traveller,2025,0,KM,Hatchback,Czarny Perla Nera Metaliczny,New,207910 PLN,PLN,"{""addr1"": ""WEJHEROWO"", ""city"": ""WEJHEROWO"", ""region"": ""MAZOWIECKIE"", ""country"": ""PL""}",,,LEASE,1486 PLN,per month,Diesel,Automatic,FWD
VR3KBDGK7TS152303,3008 Gt Exclusive · od 1447 PLN/mies.,Peugeot 3008 Gt Exclusive · Rata od 1447 PLN netto/mies. · Leasing B2B · Świdnik · Sprawdź ofertę!,https://sklep.peugeot.pl/produkt/3008/vr3kbdgk7ts152303/,https://raw.githubusercontent.com/Andy11001/-alfa-inventory/master/data/images/VR3KBDGK7TS152303_clean.webp,Peugeot,3008,2025,0,KM,SUV,Niebieski Obsession,New,202400 PLN,PLN,"{""addr1"": ""ŚWIDNIK"", ""city"": ""ŚWIDNIK"", ""region"": ""MAZOWIECKIE"", ""country"": ""PL""}",,,LEASE,1447 PLN,per month,Plug-in Hybrid,Manual,FWD
VR3F3DGN4TY567410,Nowy 408 Gt Exclusive · od 1465 PLN/mies.,Peugeot Nowy 408 Gt Exclusive · Rata od 1465 PLN netto/mies. · Leasing B2B · Kalisz · Sprawdź ofertę!,https://sklep.peugeot.pl/produkt/nowy-408/vr3f3dgn4ty567410/,https://raw.githubusercontent.com/Andy11001/-alfa-inventory/master/data/images/VR3F3DGN4TY567410_clean.webp,Peugeot,Nowy 408,2025,0,KM,SUV,Zielony Flare,New,204920 PLN,PLN,"{""addr1"": ""UL. CZĘSTOCHOWSKA 144"", ""city"": ""KALISZ"", ""region"": ""WIELKOPOLSKIE"", ""country"": ""PL""}",51.7612,18.0929,LEASE,1465 PLN,per month,Plug-in Hybrid,Automatic,FWD
VR3F3DGN5TY568100,Nowy 408 Gt Exclusive · od 1394 PLN/mies.,Peugeot Nowy 408 Gt Exclusive · Rata od 1394 PLN netto/mies. · Leasing B2B · Katowice · Sprawdź ofertę!,https://sklep.peugeot.pl/produkt/nowy-408/vr3f3dgn5ty568100/,https://raw.githubusercontent.com/Andy11001/-alfa-inventory/master/data/images/VR3F3DGN5TY568100_clean.webp,Peugeot,Nowy 408,2025,0,KM,SUV,Zielony Flare,New,194900 PLN,PLN,"{""addr1"": ""AL. ROŹDZIEŃSKIEGO 170"", ""city"": ""KATOWICE"", ""region"": ""ŚLĄSKIE"", ""country"": ""PL""}",50.2649,19.0238,LEASE,1394 PLN,per month,Plug-in Hybrid,Automatic,FWD
VR3KAHPY8TS151112,3008 Gt Exclusive · od 1223 PLN/mies.,Peugeot 3008 Gt Exclusive · Rata od 1223 PLN netto/mies. · Leasing B2B · Legnica · Sprawdź ofertę!,https://sklep.peugeot.pl/produkt/3008/vr3kahpy8ts151112/,https://raw.githubusercontent.com/Andy11001/-alfa-inventory/master/data/images/VR3KAHPY8TS151112_clean.webp,Peugeot,3008,2025,0,KM,SUV,Niebieski Ingaro,New,170914 PLN,PLN,"{""addr1"": ""UL. JAWORZYŃSKA 235"", ""city"": ""LEGNICA"", ""region"": ""DOLNOŚLĄSKIE"", ""country"": ""PL""}",51.2070,16.1619,LEASE,1223 PLN,per month,Hybrid,Manual,FWD
VR3FPHPY2TY568108,Nowy 408 Gt · od 1094 PLN/mies.,Peugeot Nowy 408 Gt · Rata od 1094 PLN netto/mies. · Leasing B2B · Wejherowo · Sprawdź ofertę!,https://sklep.peugeot.pl/produkt/nowy-408/vr3fphpy2ty568108/,https://raw.githubusercontent.com/Andy11001/-alfa-inventory/master/data/images/VR3FPHPY2TY568108_clean.webp,Peugeot,Nowy 408,2025,0,KM,SUV,Szary Selenium,New,152768 PLN,PLN,"{""addr1"": ""WEJHEROWO"", ""city"": ""WEJHEROWO"", ""region"": ""MAZOWIECKIE"", ""country"": ""PL""}",,,LEASE,1094 PLN,per month,Hybrid,Automatic,FWD
VR3FPHPY4TY568109,Nowy 408 Gt · od 1094 PLN/mies.,Peugeot Nowy 408 Gt · Rata od 1094 PLN netto/mies. · Leasing B2B · Poznań · Sprawdź ofertę!,https://sklep.peugeot.pl/produkt/nowy-408/vr3fphpy4ty568109/,https://raw.githubusercontent.com/Andy11001/-alfa-inventory/master/data/images/VR3FPHPY4TY568109_clean.webp,Peugeot,Nowy 408,2025,0,KM,SUV,Szary Selenium,New,152768 PLN,PLN,"{""addr1"": ""UL. BOLESŁAWA KRZYWOUSTEGO 71"", ""city"": ""POZNAŃ"", ""region"": ""WIELKOPOLSKIE"", ""country"": ""PL""}",52.3787,17.0270,LEASE,1094 PLN,per month,Hybrid,Automatic,FWD
VR3FPHPY3TY559904,Nowy 408 Allure · od 1030 PLN/mies.,Peugeot Nowy 408 Allure · Rata od 1030 PLN netto/mies. · Leasing B2B · Radom · Sprawdź ofertę!,https://sklep.peugeot.pl/produkt/nowy-408/vr3fphpy3ty559904/,https://raw.githubusercontent.com/Andy11001/-alfa-inventory/master/data/images/VR3FPHPY3TY559904_clean.webp,Peugeot,Nowy 408,2025,0,KM,SUV,Zielony Flare,New,143616 PLN,PLN,"{""addr1"": ""UL. ŻÓŁKIEWSKIEGO 4"", ""city"": ""RADOM"", ""region"": ""MAZOWIECKIE"", ""country"": ""PL""}",51.4027,21.1471,LEASE,1030 PLN,per month,Hybrid,Automatic,FWD
VR3USHPY6TJ837192,2008 Gt Exclusive · od 943 PLN/mies.,Peugeot 2008 Gt Exclusive · Rata od 943 PLN netto/mies. · Leasing B2B · Bielsko-Biała · Sprawdź ofertę!,https://sklep.peugeot.pl/produkt/2008/vr3ushpy6tj837192/,https://raw.githubusercontent.com/Andy11001/-alfa-inventory/master/data/images/VR3USHPY6TJ837192_clean.webp,Peugeot,2008,2025,0,KM,SUV,Niebieski Obsession,New,131425 PLN,PLN,"{""addr1"": ""UL. WARSZAWSKA 15"", ""city"": ""BIELSKO-BIAŁA"", ""region"": ""ŚLĄSKIE"", ""country"": ""PL""}",49.8225,19.0444,LEASE,943 PLN,per month,Hybrid,Automatic,FWD
VR3FCYHZ4TY569084,Nowe 308 SW Allure · od 919 PLN/mies.,Peugeot Nowe 308 SW Allure · Rata od 919 PLN netto/mies. · Leasing B2B · Poznań · Sprawdź ofertę!,https://sklep.peugeot.pl/produkt/nowe-308-sw/vr3fcyhz4ty569084/,https://raw.githubusercontent.com/Andy11001/-alfa-inventory/master/data/images/VR3FCYHZ4TY569084_clean.webp,Peugeot,Nowe 308 SW,2025,0,KM,Wagon,Szary Artense,New,128011 PLN,PLN,"{""addr1"": ""UL. BOLESŁAWA KRZYWOUSTEGO 71"", ""city"": ""POZNAŃ"", ""region"": ""WIELKOPOLSKIE"", ""country"": ""PL""}",52.3787,17.0270,LEASE,919 PLN,per month,Diesel,Automatic,FWD
VR3FCYHZ6TY569085,Nowe 308 SW Allure · od 919 PLN/mies.,Peugeot Nowe 308 SW Allure · Rata od 919 PLN netto/mies. · Leasing B2B · Poznań · Sprawdź ofertę!,https://sklep.peugeot.pl/produkt/nowe-308-sw/vr3fcyhz6ty569085/,https://raw.githubusercontent.com/Andy11001/-alfa-inventory/master/data/images/VR3FCYHZ6TY569085_clean.webp,Peugeot,Nowe 308 SW,2025,0,KM,Wagon,Szary Artense,New,128011 PLN,PLN,"{""addr1"": ""UL. BOLESŁAWA KRZYWOUSTEGO 71"", ""city"": ""POZNAŃ"", ""region"": ""WIELKOPOLSKIE"", ""country"": ""PL""}",52.3787,17.0270,LEASE,919 PLN,per month,Diesel,Automatic,FWD
VR3FCYHZ8TY569055,Nowe 308 SW Allure · od 902 PLN/mies.,Peugeot Nowe 308 SW Allure · Rata od 902 PLN netto/mies. · Leasing B2B · Kraków · Sprawdź ofertę!,https://sklep.peugeot.pl/produkt/nowe-308-sw/vr3fcyhz8ty569055/,https://raw.githubusercontent.com/Andy11001/-alfa-inventory/master/data/images/VR3FCYHZ8TY569055_clean.webp,Peugeot,Nowe 308 SW,2025,0,KM,Wagon,Bialy Okenite,New,125689 PLN,PLN,"{""addr1"": ""UL. OPOLSKA 9"", ""city"": ""KRAKÓW"", ""region"": ""MAŁOPOLSKIE"", ""country"": ""PL""}",50.0931,19.9238,LEASE,902 PLN,per month,Diesel,Automatic,FWD
VR3FCYHZ2TY569052,Nowe 308 SW Allure · od 902 PLN/mies.,Peugeot Nowe 308 SW Allure · Rata od 902 PLN netto/mies. · Leasing B2B · Kraków · Sprawdź ofertę!,https://sklep.peugeot.pl/produkt/nowe-308-sw/vr3fcyhz2ty569052/,https://raw.githubusercontent.com/Andy11001/-alfa-inventory/master/data/images/VR3FCYHZ2TY569052_clean.webp,Peugeot,Nowe 308 SW,2025,0,KM,Wagon,Szary Selenium,New,125689 PLN,PLN,"{""addr1"": ""UL. OPOLSKA 9"", ""city"": ""KRAKÓW"", ""region"": ""MAŁOPOLSKIE"", ""country"": ""PL""}",50.0931,19.9238,LEASE,902 PLN,per month,Diesel,Automatic,FWD
VR3EBYHT6TN569065,Rifter Allure · od 808 PLN/mies.,Peugeot Rifter Allure · Rata od 808 PLN netto/mies. · Leasing B2B · Katowice · Sprawdź ofertę!,https://sklep.peugeot.pl/produkt/rifter/vr3ebyht6tn569065/,https://raw.githubusercontent.com/Andy11001/-alfa-inventory/master/data/images/VR3EBYHT6TN569065_clean.webp,Peugeot,Rifter,2025,0,KM,Hatchback,Czarny Perla Nera,New,112400 PLN,PLN,"{""addr1"": ""AL. ROŹDZIEŃSKIEGO 170"", ""city"": ""KATOWICE"", ""region"": ""ŚLĄSKIE"", ""country"": ""PL""}",50.2649,19.0238,LEASE,808 PLN,per month,Diesel,Manual,FWD
VR3EBYHT3TN569069,Rifter Allure · od 853 PLN/mies.,Peugeot Rifter Allure · Rata od 853 PLN netto/mies. · Leasing B2B · Szczecin · Sprawdź ofertę!,https://sklep.peugeot.pl/produkt/rifter/vr3ebyht3tn569069/,https://raw.githubusercontent.com/Andy11001/-alfa-inventory/master/data/images/VR3EBYHT3TN569069_clean.webp,Peugeot,Rifter,2025,0,KM,Hatchback,Szary Artense,New,118773 PLN,PLN,"{""addr1"": ""UL. STRUGA 1B"", ""city"": ""SZCZECIN"", ""region"": ""ZACHODNIOPOMORSKIE"", ""country"": ""PL""}",53.3891,14.6543,LEASE,853 PLN,per month,Diesel,Manual,FWD
VR3EBYHT1TN569068,Rifter Allure · od 853 PLN/mies.,Peugeot Rifter Allure · Rata od 853 PLN netto/mies. · Leasing B2B · Szczecin · Sprawdź ofertę!,https://sklep.peugeot.pl/produkt/rifter/vr3ebyht1tn569068/,https://raw.githubusercontent.com/Andy11001/-alfa-inventory/master/data/images/VR3EBYHT1TN569068_clean.webp,Peugeot,Rifter,2025,0,KM,Hatchback,Szary Artense,New,118773 PLN,PLN,"{""addr1"": ""UL. STRUGA 1B"", ""city"": ""SZCZECIN"", ""region"": ""ZACHODNIOPOMORSKIE"", ""country"": ""PL""}",53.3891,14.6543,LEASE,853 PLN,per month,Diesel,Manual,FWD
VR3EBYHT1TN569071,Rifter Allure · od 839 PLN/mies.,Peugeot Rifter Allure · Rata od 839 PLN netto/mies. · Leasing B2B · Kraków · Sprawdź ofertę!,https://sklep.peugeot.pl/produkt/rifter/vr3ebyht1tn569071/,https://raw.githubusercontent.com/Andy11001/-alfa-inventory/master/data/images/VR3EBYHT1TN569071_clean.webp,Peugeot,Rifter,2025,0,KM,Hatchback,Szary Artense,New,116781 PLN,PLN,"{""addr1"": ""UL. OPOLSKA 9"", ""city"": ""KRAKÓW"", ""region"": ""MAŁOPOLSKIE"", ""country"": ""PL""}",50.0931,19.9238,LEASE,839 PLN,per month,Diesel,Manual,FWD
VR3EBYHT3TN569072,Rifter Allure · od 839 PLN/mies.,Peugeot Rifter Allure · Rata od 839 PLN netto/mies. · Leasing B2B · Kraków · Sprawdź ofertę!,https://sklep.peugeot.pl/produkt/rifter/vr3ebyht3tn569072/,https://raw.githubusercontent.com/Andy11001/-alfa-inventory/master/data/images/VR3EBYHT3TN569072_clean.webp,Peugeot,Rifter,2025,0,KM,Hatchback,Szary Artense,New,116781 PLN,PLN,"{""addr1"": ""UL. OPOLSKA 9"", ""city"": ""KRAKÓW"", ""region"": ""MAŁOPOLSKIE"", ""country"": ""PL""}",50.0931,19.9238,LEASE,839 PLN,per month,Diesel,Manual,FWD
VR3EBYHT5TN569073,Rifter Allure · od 815 PLN/mies.,Peugeot Rifter Allure · Rata od 815 PLN netto/mies. · Leasing B2B · Kraków · Sprawdź ofertę!,https://sklep.peugeot.pl/produkt/rifter/vr3ebyht5tn569073/,https://raw.githubusercontent.com/Andy11001/-alfa-inventory/master/data/images/VR3EBYHT5TN569073_clean.webp,Peugeot,Rifter,2025,0,KM,Hatchback,Bialy Icy White,New,113378 PLN,PLN,"{""addr1"": ""UL. OPOLSKA 9"", ""city"": ""KRAKÓW"", ""region"": ""MAŁOPOLSKIE"", ""country"": ""PL""}",50.0931,19.9238,LEASE,815 PLN,per month,Diesel,Manual,FWD
VR3EBYHT4TN569310,Rifter Allure · od 811 PLN/mies.,Peugeot Rifter Allure · Rata od 811 PLN netto/mies. · Leasing B2B · Katowice · Sprawdź ofertę!,https://sklep.peugeot.pl/produkt/rifter/vr3ebyht4tn569310/,https://raw.githubusercontent.com/Andy11001/-alfa-inventory/master/data/images/VR3EBYHT4TN569310_clean.webp,Peugeot,Rifter,2025,0,KM,Hatchback,Szary Artense,New,112797 PLN,PLN,"{""addr1"": ""AL. ROŹDZIEŃSKIEGO 170"", ""city"": ""KATOWICE"", ""region"": ""ŚLĄSKIE"", ""country"": ""PL""}",50.2649,19.0238,LEASE,811 PLN,per month,Diesel,Manual,FWD
VR3EGHPJ3TN569042,Rifter Allure · od 797 PLN/mies.,Peugeot Rifter Allure · Rata od 797 PLN netto/mies. · Leasing B2B · Warszawa · Sprawdź ofertę!,https://sklep.peugeot.pl/produkt/rifter/vr3eghpj3tn569042/,https://raw.githubusercontent.com/Andy11001/-alfa-inventory/master/data/images/VR3EGHPJ3TN569042_clean.jpg,Peugeot,Rifter,2025,0,KM,Hatchback,Zielony Sirkka,New,110888 PLN,PLN,"{""addr1"": ""AL. KRAKOWSKA 206"", ""city"": ""WARSZAWA"", ""region"": ""MAZOWIECKIE"", ""country"": ""PL""}",52.2084,20.9412,LEASE,797 PLN,per month,Gasoline,Manual,FWD
VR3KAHPY7TS139436,3008 · od 950 PLN/mies.,Peugeot 3008 · Rata od 950 PLN netto/mies. · Leasing B2B · Katowice · Sprawdź ofertę!,https://sklep.peugeot.pl/produkt/3008/vr3kahpy7ts139436/,https://raw.githubusercontent.com/Andy11001/-alfa-inventory/master/data/images/VR3KAHPY7TS139436_clean.webp,Peugeot,3008,2025,0,KM,Hatchback,Niebieski Obsession,New,132400 PLN,PLN,"{""addr1"": ""AL. ROŹDZIEŃSKIEGO 170"", ""city"": ""KATOWICE"", ""region"": ""ŚLĄSKIE"", ""country"": ""PL""}",50.2649,19.0238,LEASE,950 PLN,per month,Hybrid,Manual,FWD
VR3KCZKZ0TS116130,3008 Gt Exclusive · od 2796 PLN/mies.,Peugeot 3008 Gt Exclusive · Rata od 2796 PLN netto/mies. · Leasing B2B · Poznań · Sprawdź ofertę!,https://sklep.peugeot.pl/produkt/3008/vr3kczkz0ts116130/,https://raw.githubusercontent.com/Andy11001/-alfa-inventory/master/data/images/VR3KCZKZ0TS116130_clean.webp,Peugeot,3008,2025,0,KM,SUV,Bialy Okenite,New,238964 PLN,PLN,"{""addr1"": ""UL. BOLESŁAWA KRZYWOUSTEGO 71"", ""city"": ""POZNAŃ"", ""region"": ""WIELKOPOLSKIE"", ""country"": ""PL""}",52.3787,17.0270,LEASE,2796 PLN,per month,Electric,Automatic,FWD
VR3KBDGK9TS139956,5008 Gt Exclusive · od 1623 PLN/mies.,Peugeot 5008 Gt Exclusive · Rata od 1623 PLN netto/mies. · Leasing B2B · Zielona Góra · Sprawdź ofertę!,https://sklep.peugeot.pl/produkt/5008/vr3kbdgk9ts139956/,https://raw.githubusercontent.com/Andy11001/-alfa-inventory/master/data/images/VR3KBDGK9TS139956_clean.webp,Peugeot,5008,2025,0,KM,SUV,Bialy Okenite Metaliczny Specjalny,New,227182 PLN,PLN,"{""addr1"": ""ZIELONA GÓRA"", ""city"": ""ZIELONA GÓRA"", ""region"": ""MAZOWIECKIE"", ""country"": ""PL""}",,,LEASE,1623 PLN,per month,Plug-in Hybrid,Manual,FWD
VR3KBDGK5TS122555,5008 Gt Exclusive · od 1603 PLN/mies.,Peugeot 5008 Gt Exclusive · Rata od 1603 PLN netto/mies. · Leasing B2B · Białystok · Sprawdź ofertę!,https://sklep.peugeot.pl/produkt/5008/vr3kbdgk5ts122555/,https://raw.githubusercontent.com/Andy11001/-alfa-inventory/master/data/images/VR3KBDGK5TS122555_clean.webp,Peugeot,5008,2025,0,KM,SUV,Bialy Okenite Metaliczny Specjalny,New,224452 PLN,PLN,"{""addr1"": ""UL. ELEWATORSKA 60"", ""city"": ""BIAŁYSTOK"", ""region"": ""PODLASKIE"", ""country"": ""PL""}",53.1325,23.1688,LEASE,1603 PLN,per month,Plug-in Hybrid,Manual,FWD
VR3KBDGK6TS140076,5008 Gt Exclusive · od 1603 PLN/mies.,Peugeot 5008 Gt Exclusive · Rata od 1603 PLN netto/mies. · Leasing B2B · Kalisz · Sprawdź ofertę!,https://sklep.peugeot.pl/produkt/5008/vr3kbdgk6ts140076/,https://raw.githubusercontent.com/Andy11001/-alfa-inventory/master/data/images/VR3KBDGK6TS140076_clean.webp,Peugeot,5008,2025,0,KM,SUV,Bialy Okenite Metaliczny Specjalny,New,224452 PLN,PLN,"{""addr1"": ""UL. CZĘSTOCHOWSKA 144"", ""city"": ""KALISZ"", ""region"": ""WIELKOPOLSKIE"", ""country"": ""PL""}",51.7612,18.0929,LEASE,1603 PLN,per month,Plug-in Hybrid,Manual,FWD
VR3KBDGK8TS147062,5008 Gt Exclusive · od 1598 PLN/mies.,Peugeot 5008 Gt Exclusive · Rata od 1598 PLN netto/mies. · Leasing B2B · Poznań · Sprawdź ofertę!,https://sklep.peugeot.pl/produkt/5008/vr3kbdgk8ts147062/,https://raw.githubusercontent.com/Andy11001/-alfa-inventory/master/data/images/VR3KBDGK8TS147062_clean.webp,Peugeot,5008,2025,0,KM,SUV,Niebieski Ingaro Metaliczny,New,223678 PLN,PLN,"{""addr1"": ""UL. BOLESŁAWA KRZYWOUSTEGO 71"", ""city"": ""POZNAŃ"", ""region"": ""WIELKOPOLSKIE"", ""country"": ""PL""}",52.3787,17.0270,LEASE,1598 PLN,per month,Plug-in Hybrid,Manual,FWD
VR3KCZKZ2TS104433,3008 Gt Exclusive · od 2659 PLN/mies.,Peugeot 3008 Gt Exclusive · Rata od 2659 PLN netto/mies. · Leasing B2B · Wieliczka · Sprawdź ofertę!,https://sklep.peugeot.pl/produkt/3008/vr3kczkz2ts104433/,https://raw.githubusercontent.com/Andy11001/-alfa-inventory/master/data/images/VR3KCZKZ2TS104433_clean.webp,Peugeot,3008,2025,0,KM,SUV,Niebieski Obsession,New,227152 PLN,PLN,"{""addr1"": ""WIELICZKA"", ""city"": ""WIELICZKA"", ""region"": ""MAZOWIECKIE"", ""country"": ""PL""}",,,LEASE,2659 PLN,per month,Electric,Automatic,FWD
VR3KBDGK2TS149549,5008 Gt Exclusive · od 1580 PLN/mies.,Peugeot 5008 Gt Exclusive · Rata od 1580 PLN netto/mies. · Leasing B2B · Poznań · Sprawdź ofertę!,https://sklep.peugeot.pl/produkt/5008/vr3kbdgk2ts149549/,https://raw.githubusercontent.com/Andy11001/-alfa-inventory/master/data/images/VR3KBDGK2TS149549_clean.webp,Peugeot,5008,2025,0,KM,SUV,Niebieski Obsession Metaliczny,New,221084 PLN,PLN,"{""addr1"": ""UL. BOLESŁAWA KRZYWOUSTEGO 71"", ""city"": ""POZNAŃ"", ""region"": ""WIELKOPOLSKIE"", ""country"": ""PL""}",52.3787,17.0270,LEASE,1580 PLN,per month,Plug-in Hybrid,Manual,FWD
VR3KBDGK9TS139892,5008 Gt Exclusive · od 1579 PLN/mies.,Peugeot 5008 Gt Exclusive · Rata od 1579 PLN netto/mies. · Leasing B2B · Warszawa · Sprawdź ofertę!,https://sklep.peugeot.pl/produkt/5008/vr3kbdgk9ts139892/,https://raw.githubusercontent.com/Andy11001/-alfa-inventory/master/data/images/VR3KBDGK9TS139892_clean.webp,Peugeot,5008,2025,0,KM,SUV,Czarny Perla Nera Metaliczny,New,220948 PLN,PLN,"{""addr1"": ""AL. KRAKOWSKA 206"", ""city"": ""WARSZAWA"", ""region"": ""MAZOWIECKIE"", ""country"": ""PL""}",52.2084,20.9412,LEASE,1579 PLN,per month,Plug-in Hybrid,Manual,FWD
VR3KBDGK7TS138725,5008 Gt Exclusive · od 1579 PLN/mies.,Peugeot 5008 Gt Exclusive · Rata od 1579 PLN netto/mies. · Leasing B2B · Bielsko-Biała · Sprawdź ofertę!,https://sklep.peugeot.pl/produkt/5008/vr3kbdgk7ts138725/,https://raw.githubusercontent.com/Andy11001/-alfa-inventory/master/data/images/VR3KBDGK7TS138725_clean.webp,Peugeot,5008,2025,0,KM,SUV,Niebieski Ingaro Metaliczny,New,220948 PLN,PLN,"{""addr1"": ""UL. WARSZAWSKA 15"", ""city"": ""BIELSKO-BIAŁA"", ""region"": ""ŚLĄSKIE"", ""country"": ""PL""}",49.8225,19.0444,LEASE,1579 PLN,per month,Plug-in Hybrid,Manual,FWD
VR3KBDGK6TS120622,5008 Gt Exclusive · od 1579 PLN/mies.,Peugeot 5008 Gt Exclusive · Rata od 1579 PLN netto/mies. · Leasing B2B · Wrocław · Sprawdź ofertę!,https://sklep.peugeot.pl/produkt/5008/vr3kbdgk6ts120622/,https://raw.githubusercontent.com/Andy11001/-alfa-inventory/master/data/images/VR3KBDGK6TS120622_clean.webp,Peugeot,5008,2025,0,KM,SUV,Szary Titane Metaliczny,New,220948 PLN,PLN,"{""addr1"": ""UL. SZCZECIŃSKA 7"", ""city"": ""WROCŁAW"", ""region"": ""DOLNOŚLĄSKIE"", ""country"": ""PL""}",51.1274,16.9535,LEASE,1579 PLN,per month,Plug-in Hybrid,Manual,FWD
VR3KBDGK1TS122634,5008 Gt Exclusive · od 1564 PLN/mies.,Peugeot 5008 Gt Exclusive · Rata od 1564 PLN netto/mies. · Leasing B2B · Białystok · Sprawdź ofertę!,https://sklep.peugeot.pl/produkt/5008/vr3kbdgk1ts122634/,https://raw.githubusercontent.com/Andy11001/-alfa-inventory/master/data/images/VR3KBDGK1TS122634_clean.webp,Peugeot,5008,2025,0,KM,SUV,Bialy Okenite Metaliczny Specjalny,New,218946 PLN,PLN,"{""addr1"": ""UL. ELEWATORSKA 60"", ""city"": ""BIAŁYSTOK"", ""region"": ""PODLASKIE"", ""country"": ""PL""}",53.1325,23.1688,LEASE,1564 PLN,per month,Plug-in Hybrid,Manual,FWD
VR3KBDGK4TS116438,3008 Gt Exclusive · od 1553 PLN/mies.,Peugeot 3008 Gt Exclusive · Rata od 1553 PLN netto/mies. · Leasing B2B · Piła · Sprawdź ofertę!,https://sklep.peugeot.pl/produkt/3008/vr3kbdgk4ts116438/,https://raw.githubusercontent.com/Andy11001/-alfa-inventory/master/data/images/VR3KBDGK4TS116438_clean.webp,Peugeot,3008,2025,0,KM,SUV,Bialy Okenite,New,217308 PLN,PLN,"{""addr1"": ""UL. WARSZTATOWA 6"", ""city"": ""PIŁA"", ""region"": ""WIELKOPOLSKIE"", ""country"": ""PL""}",53.1510,16.7384,LEASE,1553 PLN,per month,Plug-in Hybrid,Manual,FWD
VR3KCZKZ0SS092569,3008 Gt · od 1682 PLN/mies.,Peugeot 3008 Gt · Rata od 1682 PLN netto/mies. · Leasing B2B · Warszawa · Sprawdź ofertę!,https://sklep.peugeot.pl/produkt/3008/vr3kczkz0ss092569/,https://raw.githubusercontent.com/Andy11001/-alfa-inventory/master/data/images/VR3KCZKZ0SS092569_clean.webp,Peugeot,3008,2025,0,KM,SUV,Bialy Okenite,New,208469 PLN,PLN,"{""addr1"": ""AL. KRAKOWSKA 206"", ""city"": ""WARSZAWA"", ""region"": ""MAZOWIECKIE"", ""country"": ""PL""}",52.2084,20.9412,LEASE,1682 PLN,per month,Electric,Automatic,FWD
VR3KCZKZ6TS120392,3008 Gt Exclusive · od 2586 PLN/mies.,Peugeot 3008 Gt Exclusive · Rata od 2586 PLN netto/mies. · Leasing B2B · Wieliczka · Sprawdź ofertę!,https://sklep.peugeot.pl/produkt/3008/vr3kczkz6ts120392/,https://raw.githubusercontent.com/Andy11001/-alfa-inventory/master/data/images/VR3KCZKZ6TS120392_clean.webp,Peugeot,3008,2025,0,KM,SUV,Niebieski Ingaro,New,220875 PLN,PLN,"{""addr1"": ""WIELICZKA"", ""city"": ""WIELICZKA"", ""region"": ""MAZOWIECKIE"", ""country"": ""PL""}",,,LEASE,2586 PLN,per month,Electric,Automatic,FWD
VR3KBDGKXTS090332,3008 Gt Exclusive · od 1542 PLN/mies.,Peugeot 3008 Gt Exclusive · Rata od 1542 PLN netto/mies. · Leasing B2B · Opole · Sprawdź ofertę!,https://sklep.peugeot.pl/produkt/3008/vr3kbdgkxts090332/,https://raw.githubusercontent.com/Andy11001/-alfa-inventory/master/data/images/VR3KBDGKXTS090332_clean.webp,Peugeot,3008,2025,0,KM,SUV,Szary Titane,New,215852 PLN,PLN,"{""addr1"": ""UL. WROCŁAWSKA 137"", ""city"": ""OPOLE"", ""region"": ""OPOLSKIE"", ""country"": ""PL""}",50.6751,17.9213,LEASE,1542 PLN,per month,Plug-in Hybrid,Manual,FWD
VR3KBDGK1TS120608,5008 Gt · od 1539 PLN/mies.,Peugeot 5008 Gt · Rata od 1539 PLN netto/mies. · Leasing B2B · Płock · Sprawdź ofertę!,https://sklep.peugeot.pl/produkt/5008/vr3kbdgk1ts120608/,https://raw.githubusercontent.com/Andy11001/-alfa-inventory/master/data/images/VR3KBDGK1TS120608_clean.webp,Peugeot,5008,2025,0,KM,SUV,Niebieski Ingaro Metaliczny,New,215442 PLN,PLN,"{""addr1"": ""UL. OTOLIŃSKA 25"", ""city"": ""PŁOCK"", ""region"": ""MAZOWIECKIE"", ""country"": ""PL""}",52.5468,19.7064,LEASE,1539 PLN,per month,Plug-in Hybrid,Manual,FWD
VR3KBDGK8TS116202,3008 Gt Exclusive · od 1533 PLN/mies.,Peugeot 3008 Gt Exclusive · Rata od 1533 PLN netto/mies. · Leasing B2B · Płock · Sprawdź ofertę!,https://sklep.peugeot.pl/produkt/3008/vr3kbdgk8ts116202/,https://raw.githubusercontent.com/Andy11001/-alfa-inventory/master/data/images/VR3KBDGK8TS116202_clean.webp,Peugeot,3008,2025,0,KM,SUV,Bialy Okenite,New,214578 PLN,PLN,"{""addr1"": ""UL. OTOLIŃSKA 25"", ""city"": ""PŁOCK"", ""region"": ""MAZOWIECKIE"", ""country"": ""PL""}",52.5468,19.7064,LEASE,1533 PLN,per month,Plug-in Hybrid,Manual,FWD
VR3KBDGKXTS147452,3008 Gt Exclusive · od 1528 PLN/mies.,Peugeot 3008 Gt Exclusive · Rata od 1528 PLN netto/mies. · Leasing B2B · Poznań · Sprawdź ofertę!,https://sklep.peugeot.pl/produkt/3008/vr3kbdgkxts147452/,https://raw.githubusercontent.com/Andy11001/-alfa-inventory/master/data/images/VR3KBDGKXTS147452_clean.webp,Peugeot,3008,2025,0,KM,SUV,Szary Titane,New,213850 PLN,PLN,"{""addr1"": ""UL. BOLESŁAWA KRZYWOUSTEGO 71"", ""city"": ""POZNAŃ"", ""region"": ""WIELKOPOLSKIE"", ""country"": ""PL""}",52.3787,17.0270,LEASE,1528 PLN,per month,Plug-in Hybrid,Manual,FWD
VR3KBDGK4TS093677,5008 Gt · od 1511 PLN/mies.,Peugeot 5008 Gt · Rata od 1511 PLN netto/mies. · Leasing B2B · Warszawa · Sprawdź ofertę!,https://sklep.peugeot.pl/produkt/5008/vr3kbdgk4ts093677/,https://raw.githubusercontent.com/Andy11001/-alfa-inventory/master/data/images/VR3KBDGK4TS093677_clean.webp,Peugeot,5008,2025,0,KM,SUV,Niebieski Ingaro Metaliczny,New,211438 PLN,PLN,"{""addr1"": ""AL. KRAKOWSKA 206"", ""city"": ""WARSZAWA"", ""region"": ""MAZOWIECKIE"", ""country"": ""PL""}",52.2084,20.9412,LEASE,1511 PLN,per month,Plug-in Hybrid,Manual,FWD
VR3KBDGKXTS116105,3008 Gt Exclusive · od 1509 PLN/mies.,Peugeot 3008 Gt Exclusive · Rata od 1509 PLN netto/mies. · Leasing B2B · Częstochowa · Sprawdź ofertę!,https://sklep.peugeot.pl/produkt/3008/vr3kbdgkxts116105/,https://raw.githubusercontent.com/Andy11001/-alfa-inventory/master/data/images/VR3KBDGKXTS116105_clean.webp,Peugeot,3008,2025,0,KM,SUV,Niebieski Obsession,New,211211 PLN,PLN,"{""addr1"": ""CZĘSTOCHOWA"", ""city"": ""CZĘSTOCHOWA"", ""region"": ""MAZOWIECKIE"", ""country"": ""PL""}",,,LEASE,1509 PLN,per month,Plug-in Hybrid,Manual,FWD
VR3KBDGK7SS207122,3008 Gt · od 1435 PLN/mies.,Peugeot 3008 Gt · Rata od 1435 PLN netto/mies. · Leasing B2B · Płock · Sprawdź ofertę!,https://sklep.peugeot.pl/produkt/3008/vr3kbdgk7ss207122/,https://raw.githubusercontent.com/Andy11001/-alfa-inventory/master/data/images/VR3KBDGK7SS207122_clean.webp,Peugeot,3008,2025,0,KM,SUV,Szary Titane,New,200772 PLN,PLN,"{""addr1"": ""UL. OTOLIŃSKA 25"", ""city"": ""PŁOCK"", ""region"": ""MAZOWIECKIE"", ""country"": ""PL""}",52.5468,19.7064,LEASE,1435 PLN,per month,Plug-in Hybrid,Manual,FWD
VR3KBDGK4TS135958,3008 Gt Exclusive · od 1466 PLN/mies.,Peugeot 3008 Gt Exclusive · Rata od 1466 PLN netto/mies. · Leasing B2B · Sosnowiec · Sprawdź ofertę!,https://sklep.peugeot.pl/produkt/3008/vr3kbdgk4ts135958/,https://raw.githubusercontent.com/Andy11001/-alfa-inventory/master/data/images/VR3KBDGK4TS135958_clean.webp,Peugeot,3008,2025,0,KM,SUV,Czarny Perla Nera,New,205068 PLN,PLN,"{""addr1"": ""UL. WOJSKA POLSKIEGO 45"", ""city"": ""SOSNOWIEC"", ""region"": ""ŚLĄSKIE"", ""country"": ""PL""}",50.2863,19.1042,LEASE,1466 PLN,per month,Plug-in Hybrid,Manual,FWD
VR3KBDGK5TS123429,3008 Gt Exclusive · od 1466 PLN/mies.,Peugeot 3008 Gt Exclusive · Rata od 1466 PLN netto/mies. · Leasing B2B · Warszawa · Sprawdź ofertę!,https://sklep.peugeot.pl/produkt/3008/vr3kbdgk5ts123429/,https://raw.githubusercontent.com/Andy11001/-alfa-inventory/master/data/images/VR3KBDGK5TS123429_clean.webp,Peugeot,3008,2025,0,KM,SUV,Niebieski Ingaro,New,205068 PLN,PLN,"{""addr1"": ""AL. KRAKOWSKA 206"", ""city"": ""WARSZAWA"", ""region"": ""MAZOWIECKIE"", ""country"": ""PL""}",52.2084,20.9412,LEASE,1466 PLN,per month,Plug-in Hybrid,Manual,FWD
VR3KBDGK8TS086442,3008 Gt Exclusive · od 1461 PLN/mies.,Peugeot 3008 Gt Exclusive · Rata od 1461 PLN netto/mies. · Leasing B2B · Bielsko-Biała · Sprawdź ofertę!,https://sklep.peugeot.pl/produkt/3008/vr3kbdgk8ts086442/,https://raw.githubusercontent.com/Andy11001/-alfa-inventory/master/data/images/VR3KBDGK8TS086442_clean.webp,Peugeot,3008,2025,0,KM,SUV,Niebieski Obsession,New,204432 PLN,PLN,"{""addr1"": ""UL. WARSZAWSKA 15"", ""city"": ""BIELSKO-BIAŁA"", ""region"": ""ŚLĄSKIE"", ""country"": ""PL""}",49.8225,19.0444,LEASE,1461 PLN,per month,Plug-in Hybrid,Manual,FWD
VR3KBDGK8TS080365,3008 Gt Exclusive · od 1447 PLN/mies.,Peugeot 3008 Gt Exclusive · Rata od 1447 PLN netto/mies. · Leasing B2B · Gorzów Wielkopolski · Sprawdź ofertę!,https://sklep.peugeot.pl/produkt/3008/vr3kbdgk8ts080365/,https://raw.githubusercontent.com/Andy11001/-alfa-inventory/master/data/images/VR3KBDGK8TS080365_clean.webp,Peugeot,3008,2025,0,KM,SUV,Niebieski Obsession,New,202430 PLN,PLN,"{""addr1"": ""GORZÓW WIELKOPOLSKI"", ""city"": ""GORZÓW WIELKOPOLSKI"", ""region"": ""MAZOWIECKIE"", ""country"": ""PL""}",,,LEASE,1447 PLN,per month,Plug-in Hybrid,Manual,FWD
VR3KAHPY3TS146819,5008 Gt Exclusive · od 1338 PLN/mies.,Peugeot 5008 Gt Exclusive · Rata od 1338 PLN netto/mies. · Leasing B2B · Gdańsk · Sprawdź ofertę!,https://sklep.peugeot.pl/produkt/5008/vr3kahpy3ts146819/,https://raw.githubusercontent.com/Andy11001/-alfa-inventory/master/data/images/VR3KAHPY3TS146819_clean.webp,Peugeot,5008,2025,0,KM,SUV,Czarny Perla Nera Metaliczny,New,187074 PLN,PLN,"{""addr1"": ""AL. GRUNWALDZKA 256"", ""city"": ""GDAŃSK"", ""region"": ""POMORSKIE"", ""country"": ""PL""}",54.4022,18.5714,LEASE,1338 PLN,per month,Hybrid,Manual,FWD
VR3KBDGKXTS064944,5008 Allure · od 1408 PLN/mies.,Peugeot 5008 Allure · Rata od 1408 PLN netto/mies. · Leasing B2B · Płock · Sprawdź ofertę!,https://sklep.peugeot.pl/produkt/5008/vr3kbdgkxts064944/,https://raw.githubusercontent.com/Andy11001/-alfa-inventory/master/data/images/VR3KBDGKXTS064944_clean.webp,Peugeot,5008,2025,0,KM,SUV,Szary Titane Metaliczny,New,196878 PLN,PLN,"{""addr1"": ""UL. OTOLIŃSKA 25"", ""city"": ""PŁOCK"", ""region"": ""MAZOWIECKIE"", ""country"": ""PL""}",52.5468,19.7064,LEASE,1408 PLN,per month,Plug-in Hybrid,Manual,FWD
VR3KAHPY1TS142610,5008 Gt Exclusive · od 1320 PLN/mies.,Peugeot 5008 Gt Exclusive · Rata od 1320 PLN netto/mies. · Leasing B2B · Gdańsk · Sprawdź ofertę!,https://sklep.peugeot.pl/produkt/5008/vr3kahpy1ts142610/,https://raw.githubusercontent.com/Andy11001/-alfa-inventory/master/data/images/VR3KAHPY1TS142610_clean.webp,Peugeot,5008,2025,0,KM,SUV,Szary Titane Metaliczny,New,184509 PLN,PLN,"{""addr1"": ""AL. GRUNWALDZKA 256"", ""city"": ""GDAŃSK"", ""region"": ""POMORSKIE"", ""country"": ""PL""}",54.4022,18.5714,LEASE,1320 PLN,per month,Hybrid,Manual,FWD
VR3KAHPY7TS122605,5008 Gt Exclusive · od 1320 PLN/mies.,Peugeot 5008 Gt Exclusive · Rata od 1320 PLN netto/mies. · Leasing B2B · Łódź · Sprawdź ofertę!,https://sklep.peugeot.pl/produkt/5008/vr3kahpy7ts122605/,https://raw.githubusercontent.com/Andy11001/-alfa-inventory/master/data/images/VR3KAHPY7TS122605_clean.webp,Peugeot,5008,2025,0,KM,SUV,Czarny Perla Nera Metaliczny,New,184509 PLN,PLN,"{""addr1"": ""UL. OBYWATELSKA 181"", ""city"": ""ŁÓDŹ"", ""region"": ""ŁÓDZKIE"", ""country"": ""PL""}",51.7371,19.4316,LEASE,1320 PLN,per month,Hybrid,Manual,FWD
VR3F3DGN2TY533336,Nowy 408 Gt Exclusive · od 1447 PLN/mies.,Peugeot Nowy 408 Gt Exclusive · Rata od 1447 PLN netto/mies. · Leasing B2B · Warszawa · Sprawdź ofertę!,https://sklep.peugeot.pl/produkt/nowy-408/vr3f3dgn2ty533336/,https://raw.githubusercontent.com/Andy11001/-alfa-inventory/master/data/images/VR3F3DGN2TY533336_clean.webp,Peugeot,Nowy 408,2025,0,KM,SUV,Czarny Perla Nera,New,202476 PLN,PLN,"{""addr1"": ""AL. KRAKOWSKA 206"", ""city"": ""WARSZAWA"", ""region"": ""MAZOWIECKIE"", ""country"": ""PL""}",52.2084,20.9412,LEASE,1447 PLN,per month,Plug-in Hybrid,Automatic,FWD
VR3F3DGN1TY560737,Nowy 408 Gt Exclusive · od 1447 PLN/mies.,Peugeot Nowy 408 Gt Exclusive · Rata od 1447 PLN netto/mies. · Leasing B2B · Kalisz · Sprawdź ofertę!,https://sklep.peugeot.pl/produkt/nowy-408/vr3f3dgn1ty560737/,https://raw.githubusercontent.com/Andy11001/-alfa-inventory/master/data/images/VR3F3DGN1TY560737_clean.webp,Peugeot,Nowy 408,2025,0,KM,SUV,Zielony Flare,New,202476 PLN,PLN,"{""addr1"": ""UL. CZĘSTOCHOWSKA 144"", ""city"": ""KALISZ"", ""region"": ""WIELKOPOLSKIE"", ""country"": ""PL""}",51.7612,18.0929,LEASE,1447 PLN,per month,Plug-in Hybrid,Automatic,FWD
VR3KAHPY3TS149512,5008 Gt Exclusive · od 1302 PLN/mies.,Peugeot 5008 Gt Exclusive · Rata od 1302 PLN netto/mies. · Leasing B2B · Legnica · Sprawdź ofertę!,https://sklep.peugeot.pl/produkt/5008/vr3kahpy3ts149512/,https://raw.githubusercontent.com/Andy11001/-alfa-inventory/master/data/images/VR3KAHPY3TS149512_clean.webp,Peugeot,5008,2025,0,KM,SUV,Niebieski Ingaro Metaliczny,New,181944 PLN,PLN,"{""addr1"": ""UL. JAWORZYŃSKA 235"", ""city"": ""LEGNICA"", ""region"": ""DOLNOŚLĄSKIE"", ""country"": ""PL""}",51.2070,16.1619,LEASE,1302 PLN,per month,Hybrid,Manual,FWD
VR3KAHPY5TS145462,5008 Gt Exclusive · od 1302 PLN/mies.,Peugeot 5008 Gt Exclusive · Rata od 1302 PLN netto/mies. · Leasing B2B · Zielona Góra · Sprawdź ofertę!,https://sklep.peugeot.pl/produkt/5008/vr3kahpy5ts145462/,https://raw.githubusercontent.com/Andy11001/-alfa-inventory/master/data/images/VR3KAHPY5TS145462_clean.webp,Peugeot,5008,2025,0,KM,SUV,Czarny Perla Nera Metaliczny,New,181944 PLN,PLN,"{""addr1"": ""ZIELONA GÓRA"", ""city"": ""ZIELONA GÓRA"", ""region"": ""MAZOWIECKIE"", ""country"": ""PL""}",,,LEASE,1302 PLN,per month,Hybrid,Manual,FWD
VR3KAHPY1TS122633,5008 Gt Exclusive · od 1301 PLN/mies.,Peugeot 5008 Gt Exclusive · Rata od 1301 PLN netto/mies. · Leasing B2B · Gdańsk · Sprawdź ofertę!,https://sklep.peugeot.pl/produkt/5008/vr3kahpy1ts122633/,https://raw.githubusercontent.com/Andy11001/-alfa-inventory/master/data/images/VR3KAHPY1TS122633_clean.webp,Peugeot,5008,2025,0,KM,SUV,Szary Titane Metaliczny,New,181901 PLN,PLN,"{""addr1"": ""AL. GRUNWALDZKA 256"", ""city"": ""GDAŃSK"", ""region"": ""POMORSKIE"", ""country"": ""PL""}",54.4022,18.5714,LEASE,1301 PLN,per month,Hybrid,Manual,FWD
VR3F3DGN3TY532406,Nowy 408 Gt Exclusive · od 1428 PLN/mies.,Peugeot Nowy 408 Gt Exclusive · Rata od 1428 PLN netto/mies. · Leasing B2B · Sosnowiec · Sprawdź ofertę!,https://sklep.peugeot.pl/produkt/nowy-408/vr3f3dgn3ty532406/,https://raw.githubusercontent.com/Andy11001/-alfa-inventory/master/data/images/VR3F3DGN3TY532406_clean.webp,Peugeot,Nowy 408,2025,0,KM,SUV,Zielony Flare,New,199750 PLN,PLN,"{""addr1"": ""UL. WOJSKA POLSKIEGO 45"", ""city"": ""SOSNOWIEC"", ""region"": ""ŚLĄSKIE"", ""country"": ""PL""}",50.2863,19.1042,LEASE,1428 PLN,per month,Plug-in Hybrid,Automatic,FWD
VR3KBDGK7TS093415,5008 Allure · od 1382 PLN/mies.,Peugeot 5008 Allure · Rata od 1382 PLN netto/mies. · Leasing B2B · Opole · Sprawdź ofertę!,https://sklep.peugeot.pl/produkt/5008/vr3kbdgk7ts093415/,https://raw.githubusercontent.com/Andy11001/-alfa-inventory/master/data/images/VR3KBDGK7TS093415_clean.webp,Peugeot,5008,2025,0,KM,SUV,Szary Artense Metaliczny,New,193238 PLN,PLN,"{""addr1"": ""UL. WROCŁAWSKA 137"", ""city"": ""OPOLE"", ""region"": ""OPOLSKIE"", ""country"": ""PL""}",50.6751,17.9213,LEASE,1382 PLN,per month,Plug-in Hybrid,Manual,FWD
VR3KAHPY8TS147948,5008 Gt · od 1273 PLN/mies.,Peugeot 5008 Gt · Rata od 1273 PLN netto/mies. · Leasing B2B · Warszawa · Sprawdź ofertę!,https://sklep.peugeot.pl/produkt/5008/vr3kahpy8ts147948/,https://raw.githubusercontent.com/Andy11001/-alfa-inventory/master/data/images/VR3KAHPY8TS147948_clean.webp,Peugeot,5008,2025,0,KM,SUV,Niebieski Obsession Metaliczny,New,177900 PLN,PLN,"{""addr1"": ""AL. KRAKOWSKA 206"", ""city"": ""WARSZAWA"", ""region"": ""MAZOWIECKIE"", ""country"": ""PL""}",52.2084,20.9412,LEASE,1273 PLN,per month,Hybrid,Manual,FWD
VR3KAHPY7TS140764,5008 Gt Exclusive · od 1284 PLN/mies.,Peugeot 5008 Gt Exclusive · Rata od 1284 PLN netto/mies. · Leasing B2B · Sosnowiec · Sprawdź ofertę!,https://sklep.peugeot.pl/produkt/5008/vr3kahpy7ts140764/,https://raw.githubusercontent.com/Andy11001/-alfa-inventory/master/data/images/VR3KAHPY7TS140764_clean.webp,Peugeot,5008,2025,0,KM,SUV,Niebieski Obsession Metaliczny,New,179464 PLN,PLN,"{""addr1"": ""UL. WOJSKA POLSKIEGO 45"", ""city"": ""SOSNOWIEC"", ""region"": ""ŚLĄSKIE"", ""country"": ""PL""}",50.2863,19.1042,LEASE,1284 PLN,per month,Hybrid,Manual,FWD
VR3KAHPY7TS084454,5008 Gt · od 1273 PLN/mies.,Peugeot 5008 Gt · Rata od 1273 PLN netto/mies. · Leasing B2B · Legnica · Sprawdź ofertę!,https://sklep.peugeot.pl/produkt/5008/vr3kahpy7ts084454/,https://raw.githubusercontent.com/Andy11001/-alfa-inventory/master/data/images/VR3KAHPY7TS084454_clean.webp,Peugeot,5008,2025,0,KM,SUV,Bialy Okenite Metaliczny Specjalny,New,177968 PLN,PLN,"{""addr1"": ""UL. JAWORZYŃSKA 235"", ""city"": ""LEGNICA"", ""region"": ""DOLNOŚLĄSKIE"", ""country"": ""PL""}",51.2070,16.1619,LEASE,1273 PLN,per month,Hybrid,Manual,FWD
VR3KAHPY1TS146835,5008 Gt Exclusive · od 1270 PLN/mies.,Peugeot 5008 Gt Exclusive · Rata od 1270 PLN netto/mies. · Leasing B2B · Białystok · Sprawdź ofertę!,https://sklep.peugeot.pl/produkt/5008/vr3kahpy1ts146835/,https://raw.githubusercontent.com/Andy11001/-alfa-inventory/master/data/images/VR3KAHPY1TS146835_clean.webp,Peugeot,5008,2025,0,KM,SUV,Bialy Okenite Metaliczny Specjalny,New,177455 PLN,PLN,"{""addr1"": ""UL. ELEWATORSKA 60"", ""city"": ""BIAŁYSTOK"", ""region"": ""PODLASKIE"", ""country"": ""PL""}",53.1325,23.1688,LEASE,1270 PLN,per month,Hybrid,Manual,FWD
VR3KAHPY4TS105311,5008 Gt Exclusive · od 1265 PLN/mies.,Peugeot 5008 Gt Exclusive · Rata od 1265 PLN netto/mies. · Leasing B2B · Gorzów Wielkopolski · Sprawdź ofertę!,https://sklep.peugeot.pl/produkt/5008/vr3kahpy4ts105311/,https://raw.githubusercontent.com/Andy11001/-alfa-inventory/master/data/images/VR3KAHPY4TS105311_clean.webp,Peugeot,5008,2025,0,KM,SUV,Szary Artense Metaliczny,New,176771 PLN,PLN,"{""addr1"": ""GORZÓW WIELKOPOLSKI"", ""city"": ""GORZÓW WIELKOPOLSKI"", ""region"": ""MAZOWIECKIE"", ""country"": ""PL""}",,,LEASE,1265 PLN,per month,Hybrid,Manual,FWD
VR3KAHPY6TS125060,5008 Gt Exclusive · od 1265 PLN/mies.,Peugeot 5008 Gt Exclusive · Rata od 1265 PLN netto/mies. · Leasing B2B · Bydgoszcz · Sprawdź ofertę!,https://sklep.peugeot.pl/produkt/5008/vr3kahpy6ts125060/,https://raw.githubusercontent.com/Andy11001/-alfa-inventory/master/data/images/VR3KAHPY6TS125060_clean.webp,Peugeot,5008,2025,0,KM,SUV,Szary Titane Metaliczny,New,176771 PLN,PLN,"{""addr1"": ""UL. FORDOŃSKA 353"", ""city"": ""BYDGOSZCZ"", ""region"": ""KUJAWSKO-POMORSKIE"", ""country"": ""PL""}",53.1235,18.0084,LEASE,1265 PLN,per month,Hybrid,Manual,FWD
VR3KAHPY9TS142404,5008 Gt Exclusive · od 1265 PLN/mies.,Peugeot 5008 Gt Exclusive · Rata od 1265 PLN netto/mies. · Leasing B2B · Elbląg · Sprawdź ofertę!,https://sklep.peugeot.pl/produkt/5008/vr3kahpy9ts142404/,https://raw.githubusercontent.com/Andy11001/-alfa-inventory/master/data/images/VR3KAHPY9TS142404_clean.webp,Peugeot,5008,2025,0,KM,SUV,Niebieski Ingaro Metaliczny,New,176771 PLN,PLN,"{""addr1"": ""UL. KAZIMIERZOWO 4"", ""city"": ""ELBLĄG"", ""region"": ""WARMIŃSKO-MAZURSKIE"", ""country"": ""PL""}",54.1522,19.4040,LEASE,1265 PLN,per month,Hybrid,Manual,FWD
VR3KBDGK4SS204727,3008 Allure · od 1299 PLN/mies.,Peugeot 3008 Allure · Rata od 1299 PLN netto/mies. · Leasing B2B · Warszawa · Sprawdź ofertę!,https://sklep.peugeot.pl/produkt/3008/vr3kbdgk4ss204727/,https://raw.githubusercontent.com/Andy11001/-alfa-inventory/master/data/images/VR3KBDGK4SS204727_clean.webp,Peugeot,3008,2025,0,KM,SUV,Bialy Okenite,New,181588 PLN,PLN,"{""addr1"": ""AL. KRAKOWSKA 206"", ""city"": ""WARSZAWA"", ""region"": ""MAZOWIECKIE"", ""country"": ""PL""}",52.2084,20.9412,LEASE,1299 PLN,per month,Plug-in Hybrid,Manual,FWD
VR3KBDGK4SS204694,3008 Allure · od 1295 PLN/mies.,Peugeot 3008 Allure · Rata od 1295 PLN netto/mies. · Leasing B2B · Warszawa · Sprawdź ofertę!,https://sklep.peugeot.pl/produkt/3008/vr3kbdgk4ss204694/,https://raw.githubusercontent.com/Andy11001/-alfa-inventory/master/data/images/VR3KBDGK4SS204694_clean.webp,Peugeot,3008,2025,0,KM,SUV,Niebieski Ingaro,New,180972 PLN,PLN,"{""addr1"": ""AL. KRAKOWSKA 206"", ""city"": ""WARSZAWA"", ""region"": ""MAZOWIECKIE"", ""country"": ""PL""}",52.2084,20.9412,LEASE,1295 PLN,per month,Plug-in Hybrid,Manual,FWD
VR3KBDGK7SS204706,3008 Allure · od 1294 PLN/mies.,Peugeot 3008 Allure · Rata od 1294 PLN netto/mies. · Leasing B2B · Warszawa · Sprawdź ofertę!,https://sklep.peugeot.pl/produkt/3008/vr3kbdgk7ss204706/,https://raw.githubusercontent.com/Andy11001/-alfa-inventory/master/data/images/VR3KBDGK7SS204706_clean.webp,Peugeot,3008,2025,0,KM,SUV,Czarny Perla Nera,New,180884 PLN,PLN,"{""addr1"": ""AL. KRAKOWSKA 206"", ""city"": ""WARSZAWA"", ""region"": ""MAZOWIECKIE"", ""country"": ""PL""}",52.2084,20.9412,LEASE,1294 PLN,per month,Plug-in Hybrid,Manual,FWD
VR3KAHPY9TS117888,5008 Gt · od 1248 PLN/mies.,Peugeot 5008 Gt · Rata od 1248 PLN netto/mies. · Leasing B2B · Wałbrzych · Sprawdź ofertę!,https://sklep.peugeot.pl/produkt/5008/vr3kahpy9ts117888/,https://raw.githubusercontent.com/Andy11001/-alfa-inventory/master/data/images/VR3KAHPY9TS117888_clean.webp,Peugeot,5008,2025,0,KM,SUV,Szary Titane Metaliczny,New,174334 PLN,PLN,"{""addr1"": ""WAŁBRZYCH"", ""city"": ""WAŁBRZYCH"", ""region"": ""MAZOWIECKIE"", ""country"": ""PL""}",,,LEASE,1248 PLN,per month,Hybrid,Manual,FWD
VR3KAHPY8TS146881,5008 Gt Exclusive · od 1247 PLN/mies.,Peugeot 5008 Gt Exclusive · Rata od 1247 PLN netto/mies. · Leasing B2B · Białystok · Sprawdź ofertę!,https://sklep.peugeot.pl/produkt/5008/vr3kahpy8ts146881/,https://raw.githubusercontent.com/Andy11001/-alfa-inventory/master/data/images/VR3KAHPY8TS146881_clean.webp,Peugeot,5008,2025,0,KM,SUV,Niebieski Obsession Metaliczny,New,174292 PLN,PLN,"{""addr1"": ""UL. ELEWATORSKA 60"", ""city"": ""BIAŁYSTOK"", ""region"": ""PODLASKIE"", ""country"": ""PL""}",53.1325,23.1688,LEASE,1247 PLN,per month,Hybrid,Manual,FWD
VR3KAHPY4TS143735,5008 Gt · od 1247 PLN/mies.,Peugeot 5008 Gt · Rata od 1247 PLN netto/mies. · Leasing B2B · Legnica · Sprawdź ofertę!,https://sklep.peugeot.pl/produkt/5008/vr3kahpy4ts143735/,https://raw.githubusercontent.com/Andy11001/-alfa-inventory/master/data/images/VR3KAHPY4TS143735_clean.webp,Peugeot,5008,2025,0,KM,SUV,Szary Titane Metaliczny,New,174249 PLN,PLN,"{""addr1"": ""UL. JAWORZYŃSKA 235"", ""city"": ""LEGNICA"", ""region"": ""DOLNOŚLĄSKIE"", ""country"": ""PL""}",51.2070,16.1619,LEASE,1247 PLN,per month,Hybrid,Manual,FWD
VR3KAHPYXTS150270,3008 Gt · od 1242 PLN/mies.,Peugeot 3008 Gt · Rata od 1242 PLN netto/mies. · Leasing B2B · Toruń · Sprawdź ofertę!,https://sklep.peugeot.pl/produkt/3008/vr3kahpyxts150270/,https://raw.githubusercontent.com/Andy11001/-alfa-inventory/master/data/images/VR3KAHPYXTS150270_clean.webp,Peugeot,3008,2025,0,KM,SUV,Niebieski Obsession,New,173565 PLN,PLN,"{""addr1"": ""UL. SZOSA BYDGOSKA 52"", ""city"": ""TORUŃ"", ""region"": ""KUJAWSKO-POMORSKIE"", ""country"": ""PL""}",53.0138,18.5984,LEASE,1242 PLN,per month,Hybrid,Manual,FWD
VR3KBDGK3TS116155,3008 Allure · od 1303 PLN/mies.,Peugeot 3008 Allure · Rata od 1303 PLN netto/mies. · Leasing B2B · Opole · Sprawdź ofertę!,https://sklep.peugeot.pl/produkt/3008/vr3kbdgk3ts116155/,https://raw.githubusercontent.com/Andy11001/-alfa-inventory/master/data/images/VR3KBDGK3TS116155_clean.webp,Peugeot,3008,2025,0,KM,SUV,Niebieski Obsession,New,182136 PLN,PLN,"{""addr1"": ""UL. WROCŁAWSKA 137"", ""city"": ""OPOLE"", ""region"": ""OPOLSKIE"", ""country"": ""PL""}",50.6751,17.9213,LEASE,1303 PLN,per month,Plug-in Hybrid,Manual,FWD
VR3KBDGK3SS184860,3008 Allure · od 1240 PLN/mies.,Peugeot 3008 Allure · Rata od 1240 PLN netto/mies. · Leasing B2B · Płock · Sprawdź ofertę!,https://sklep.peugeot.pl/produkt/3008/vr3kbdgk3ss184860/,https://raw.githubusercontent.com/Andy11001/-alfa-inventory/master/data/images/VR3KBDGK3SS184860_clean.webp,Peugeot,3008,2025,0,KM,SUV,Niebieski Ingaro,New,173228 PLN,PLN,"{""addr1"": ""UL. OTOLIŃSKA 25"", ""city"": ""PŁOCK"", ""region"": ""MAZOWIECKIE"", ""country"": ""PL""}",52.5468,19.7064,LEASE,1240 PLN,per month,Plug-in Hybrid,Manual,FWD
VR3KAHPY8SS132610,5008 Gt · od 1158 PLN/mies.,Peugeot 5008 Gt · Rata od 1158 PLN netto/mies. · Leasing B2B · Białystok · Sprawdź ofertę!,https://sklep.peugeot.pl/produkt/5008/vr3kahpy8ss132610/,https://raw.githubusercontent.com/Andy11001/-alfa-inventory/master/data/images/VR3KAHPY8SS132610_clean.webp,Peugeot,5008,2025,0,KM,SUV,Bialy Okenite Metaliczny Specjalny,New,161781 PLN,PLN,"{""addr1"": ""UL. ELEWATORSKA 60"", ""city"": ""BIAŁYSTOK"", ""region"": ""PODLASKIE"", ""country"": ""PL""}",53.1325,23.1688,LEASE,1158 PLN,per month,Hybrid,Manual,FWD
VR3KAHPY9TS149255,3008 Gt · od 1178 PLN/mies.,Peugeot 3008 Gt · Rata od 1178 PLN netto/mies. · Leasing B2B · Wejherowo · Sprawdź ofertę!,https://sklep.peugeot.pl/produkt/3008/vr3kahpy9ts149255/,https://raw.githubusercontent.com/Andy11001/-alfa-inventory/master/data/images/VR3KAHPY9TS149255_clean.webp,Peugeot,3008,2025,0,KM,SUV,Czarny Perla Nera,New,164502 PLN,PLN,"{""addr1"": ""WEJHEROWO"", ""city"": ""WEJHEROWO"", ""region"": ""MAZOWIECKIE"", ""country"": ""PL""}",,,LEASE,1178 PLN,per month,Hybrid,Manual,FWD
VR3KAHPY7TS149173,3008 Gt Exclusive · od 1170 PLN/mies.,Peugeot 3008 Gt Exclusive · Rata od 1170 PLN netto/mies. · Leasing B2B · Wieliczka · Sprawdź ofertę!,https://sklep.peugeot.pl/produkt/3008/vr3kahpy7ts149173/,https://raw.githubusercontent.com/Andy11001/-alfa-inventory/master/data/images/VR3KAHPY7TS149173_clean.webp,Peugeot,3008,2025,0,KM,SUV,Bialy Okenite,New,163348 PLN,PLN,"{""addr1"": ""WIELICZKA"", ""city"": ""WIELICZKA"", ""region"": ""MAZOWIECKIE"", ""country"": ""PL""}",,,LEASE,1170 PLN,per month,Hybrid,Manual,FWD
VR3KAHPY5TS150340,3008 Gt Exclusive · od 1170 PLN/mies.,Peugeot 3008 Gt Exclusive · Rata od 1170 PLN netto/mies. · Leasing B2B · Płock · Sprawdź ofertę!,https://sklep.peugeot.pl/produkt/3008/vr3kahpy5ts150340/,https://raw.githubusercontent.com/Andy11001/-alfa-inventory/master/data/images/VR3KAHPY5TS150340_clean.webp,Peugeot,3008,2025,0,KM,SUV,Bialy Okenite,New,163348 PLN,PLN,"{""addr1"": ""UL. OTOLIŃSKA 25"", ""city"": ""PŁOCK"", ""region"": ""MAZOWIECKIE"", ""country"": ""PL""}",52.5468,19.7064,LEASE,1170 PLN,per month,Hybrid,Manual,FWD
VR3KAHPYXTS114725,5008 Allure · od 1169 PLN/mies.,Peugeot 5008 Allure · Rata od 1169 PLN netto/mies. · Leasing B2B · Grębów · Sprawdź ofertę!,https://sklep.peugeot.pl/produkt/5008/vr3kahpyxts114725/,https://raw.githubusercontent.com/Andy11001/-alfa-inventory/master/data/images/VR3KAHPYXTS114725_clean.webp,Peugeot,5008,2025,0,KM,SUV,Bialy Okenite Metaliczny Specjalny,New,163220 PLN,PLN,"{""addr1"": ""GRĘBÓW"", ""city"": ""GRĘBÓW"", ""region"": ""MAZOWIECKIE"", ""country"": ""PL""}",,,LEASE,1169 PLN,per month,Hybrid,Manual,FWD
VR3KAHPY4TS150796,3008 Gt Exclusive · od 1165 PLN/mies.,Peugeot 3008 Gt Exclusive · Rata od 1165 PLN netto/mies. · Leasing B2B · Bydgoszcz · Sprawdź ofertę!,https://sklep.peugeot.pl/produkt/3008/vr3kahpy4ts150796/,https://raw.githubusercontent.com/Andy11001/-alfa-inventory/master/data/images/VR3KAHPY4TS150796_clean.webp,Peugeot,3008,2025,0,KM,SUV,Szary Artense,New,162664 PLN,PLN,"{""addr1"": ""UL. FORDOŃSKA 353"", ""city"": ""BYDGOSZCZ"", ""region"": ""KUJAWSKO-POMORSKIE"", ""country"": ""PL""}",53.1235,18.0084,LEASE,1165 PLN,per month,Hybrid,Manual,FWD
VR3KAHPY0TS071609,5008 Allure · od 1163 PLN/mies.,Peugeot 5008 Allure · Rata od 1163 PLN netto/mies. · Leasing B2B · Sosnowiec · Sprawdź ofertę!,https://sklep.peugeot.pl/produkt/5008/vr3kahpy0ts071609/,https://raw.githubusercontent.com/Andy11001/-alfa-inventory/master/data/images/VR3KAHPY0TS071609_clean.webp,Peugeot,5008,2025,0,KM,SUV,Szary Titane Metaliczny,New,162450 PLN,PLN,"{""addr1"": ""UL. WOJSKA POLSKIEGO 45"", ""city"": ""SOSNOWIEC"", ""region"": ""ŚLĄSKIE"", ""country"": ""PL""}",50.2863,19.1042,LEASE,1163 PLN,per month,Hybrid,Manual,FWD
VR3KAHPY2TS119627,5008 Gt · od 1163 PLN/mies.,Peugeot 5008 Gt · Rata od 1163 PLN netto/mies. · Leasing B2B · Gliwice · Sprawdź ofertę!,https://sklep.peugeot.pl/produkt/5008/vr3kahpy2ts119627/,https://raw.githubusercontent.com/Andy11001/-alfa-inventory/master/data/images/VR3KAHPY2TS119627_clean.webp,Peugeot,5008,2025,0,KM,SUV,Niebieski Obsession Metaliczny,New,162450 PLN,PLN,"{""addr1"": ""UL. TOSZECKA 101"", ""city"": ""GLIWICE"", ""region"": ""ŚLĄSKIE"", ""country"": ""PL""}",50.2945,18.6714,LEASE,1163 PLN,per month,Hybrid,Manual,FWD
VR3KAHPY9TS119317,5008 Business · od 1153 PLN/mies.,Peugeot 5008 Business · Rata od 1153 PLN netto/mies. · Leasing B2B · Kalisz · Sprawdź ofertę!,https://sklep.peugeot.pl/produkt/5008/vr3kahpy9ts119317/,https://raw.githubusercontent.com/Andy11001/-alfa-inventory/master/data/images/VR3KAHPY9TS119317_clean.webp,Peugeot,5008,2025,0,KM,SUV,Bialy Okenite Metaliczny Specjalny,New,160954 PLN,PLN,"{""addr1"": ""UL. CZĘSTOCHOWSKA 144"", ""city"": ""KALISZ"", ""region"": ""WIELKOPOLSKIE"", ""country"": ""PL""}",51.7612,18.0929,LEASE,1153 PLN,per month,Hybrid,Manual,FWD
VR3KAHPY0TS114930,5008 Allure · od 1148 PLN/mies.,Peugeot 5008 Allure · Rata od 1148 PLN netto/mies. · Leasing B2B · Grębów · Sprawdź ofertę!,https://sklep.peugeot.pl/produkt/5008/vr3kahpy0ts114930/,https://raw.githubusercontent.com/Andy11001/-alfa-inventory/master/data/images/VR3KAHPY0TS114930_clean.webp,Peugeot,5008,2025,0,KM,SUV,Szary Titane Metaliczny,New,160312 PLN,PLN,"{""addr1"": ""GRĘBÓW"", ""city"": ""GRĘBÓW"", ""region"": ""MAZOWIECKIE"", ""country"": ""PL""}",,,LEASE,1148 PLN,per month,Hybrid,Manual,FWD
VR3KAHPY2TS119594,5008 Allure · od 1147 PLN/mies.,Peugeot 5008 Allure · Rata od 1147 PLN netto/mies. · Leasing B2B · Kalisz · Sprawdź ofertę!,https://sklep.peugeot.pl/produkt/5008/vr3kahpy2ts119594/,https://raw.githubusercontent.com/Andy11001/-alfa-inventory/master/data/images/VR3KAHPY2TS119594_clean.webp,Peugeot,5008,2025,0,KM,SUV,Szary Titane Metaliczny,New,160227 PLN,PLN,"{""addr1"": ""UL. CZĘSTOCHOWSKA 144"", ""city"": ""KALISZ"", ""region"": ""WIELKOPOLSKIE"", ""country"": ""PL""}",51.7612,18.0929,LEASE,1147 PLN,per month,Hybrid,Manual,FWD
VR3KAHPY4TS148286,3008 Gt Exclusive · od 1147 PLN/mies.,Peugeot 3008 Gt Exclusive · Rata od 1147 PLN netto/mies. · Leasing B2B · Kraków · Sprawdź ofertę!,https://sklep.peugeot.pl/produkt/3008/vr3kahpy4ts148286/,https://raw.githubusercontent.com/Andy11001/-alfa-inventory/master/data/images/VR3KAHPY4TS148286_clean.webp,Peugeot,3008,2025,0,KM,SUV,Niebieski Obsession,New,160184 PLN,PLN,"{""addr1"": ""UL. OPOLSKA 9"", ""city"": ""KRAKÓW"", ""region"": ""MAŁOPOLSKIE"", ""country"": ""PL""}",50.0931,19.9238,LEASE,1147 PLN,per month,Hybrid,Manual,FWD
VR3KAHPY8TS146900,5008 Allure · od 1093 PLN/mies.,Peugeot 5008 Allure · Rata od 1093 PLN netto/mies. · Leasing B2B · Katowice · Sprawdź ofertę!,https://sklep.peugeot.pl/produkt/5008/vr3kahpy8ts146900/,https://raw.githubusercontent.com/Andy11001/-alfa-inventory/master/data/images/VR3KAHPY8TS146900_clean.webp,Peugeot,5008,2025,0,KM,SUV,Niebieski Obsession Metaliczny,New,152500 PLN,PLN,"{""addr1"": ""AL. ROŹDZIEŃSKIEGO 170"", ""city"": ""KATOWICE"", ""region"": ""ŚLĄSKIE"", ""country"": ""PL""}",50.2649,19.0238,LEASE,1093 PLN,per month,Hybrid,Manual,FWD
VR3KAHPY2TS126478,5008 Allure · od 1146 PLN/mies.,Peugeot 5008 Allure · Rata od 1146 PLN netto/mies. · Leasing B2B · Elbląg · Sprawdź ofertę!,https://sklep.peugeot.pl/produkt/5008/vr3kahpy2ts126478/,https://raw.githubusercontent.com/Andy11001/-alfa-inventory/master/data/images/VR3KAHPY2TS126478_clean.webp,Peugeot,5008,2025,0,KM,SUV,Niebieski Obsession Metaliczny,New,160056 PLN,PLN,"{""addr1"": ""UL. KAZIMIERZOWO 4"", ""city"": ""ELBLĄG"", ""region"": ""WARMIŃSKO-MAZURSKIE"", ""country"": ""PL""}",54.1522,19.4040,LEASE,1146 PLN,per month,Hybrid,Manual,FWD
VR3KAHPY4TS071595,5008 Allure · od 1146 PLN/mies.,Peugeot 5008 Allure · Rata od 1146 PLN netto/mies. · Leasing B2B · Sosnowiec · Sprawdź ofertę!,https://sklep.peugeot.pl/produkt/5008/vr3kahpy4ts071595/,https://raw.githubusercontent.com/Andy11001/-alfa-inventory/master/data/images/VR3KAHPY4TS071595_clean.webp,Peugeot,5008,2025,0,KM,SUV,Niebieski Obsession Metaliczny,New,159970 PLN,PLN,"{""addr1"": ""UL. WOJSKA POLSKIEGO 45"", ""city"": ""SOSNOWIEC"", ""region"": ""ŚLĄSKIE"", ""country"": ""PL""}",50.2863,19.1042,LEASE,1146 PLN,per month,Hybrid,Manual,FWD
VR3KAHPY4TS071631,5008 Business · od 1138 PLN/mies.,Peugeot 5008 Business · Rata od 1138 PLN netto/mies. · Leasing B2B · Gliwice · Sprawdź ofertę!,https://sklep.peugeot.pl/produkt/5008/vr3kahpy4ts071631/,https://raw.githubusercontent.com/Andy11001/-alfa-inventory/master/data/images/VR3KAHPY4TS071631_clean.webp,Peugeot,5008,2025,0,KM,SUV,Niebieski Obsession Metaliczny,New,158902 PLN,PLN,"{""addr1"": ""UL. TOSZECKA 101"", ""city"": ""GLIWICE"", ""region"": ""ŚLĄSKIE"", ""country"": ""PL""}",50.2945,18.6714,LEASE,1138 PLN,per month,Hybrid,Manual,FWD
VR3KAHPY3TS071667,5008 Business · od 1137 PLN/mies.,Peugeot 5008 Business · Rata od 1137 PLN netto/mies. · Leasing B2B · Gliwice · Sprawdź ofertę!,https://sklep.peugeot.pl/produkt/5008/vr3kahpy3ts071667/,https://raw.githubusercontent.com/Andy11001/-alfa-inventory/master/data/images/VR3KAHPY3TS071667_clean.webp,Peugeot,5008,2025,0,KM,SUV,Szary Titane Metaliczny,New,158816 PLN,PLN,"{""addr1"": ""UL. TOSZECKA 101"", ""city"": ""GLIWICE"", ""region"": ""ŚLĄSKIE"", ""country"": ""PL""}",50.2945,18.6714,LEASE,1137 PLN,per month,Hybrid,Manual,FWD
VR3FPHPY7TY560764,Nowy 408 Gt Exclusive · od 1167 PLN/mies.,Peugeot Nowy 408 Gt Exclusive · Rata od 1167 PLN netto/mies. · Leasing B2B · Kalisz · Sprawdź ofertę!,https://sklep.peugeot.pl/produkt/nowy-408/vr3fphpy7ty560764/,https://raw.githubusercontent.com/Andy11001/-alfa-inventory/master/data/images/VR3FPHPY7TY560764_clean.webp,Peugeot,Nowy 408,2025,0,KM,SUV,Szary Selenium,New,162976 PLN,PLN,"{""addr1"": ""UL. CZĘSTOCHOWSKA 144"", ""city"": ""KALISZ"", ""region"": ""WIELKOPOLSKIE"", ""country"": ""PL""}",51.7612,18.0929,LEASE,1167 PLN,per month,Hybrid,Automatic,FWD
VR3KAHPY6TS145731,3008 Gt · od 1131 PLN/mies.,Peugeot 3008 Gt · Rata od 1131 PLN netto/mies. · Leasing B2B · Zielona Góra · Sprawdź ofertę!,https://sklep.peugeot.pl/produkt/3008/vr3kahpy6ts145731/,https://raw.githubusercontent.com/Andy11001/-alfa-inventory/master/data/images/VR3KAHPY6TS145731_clean.webp,Peugeot,3008,2025,0,KM,SUV,Bialy Okenite,New,157961 PLN,PLN,"{""addr1"": ""ZIELONA GÓRA"", ""city"": ""ZIELONA GÓRA"", ""region"": ""MAZOWIECKIE"", ""country"": ""PL""}",,,LEASE,1131 PLN,per month,Hybrid,Manual,FWD
VR3KAHPY8TS114710,5008 Business · od 1131 PLN/mies.,Peugeot 5008 Business · Rata od 1131 PLN netto/mies. · Leasing B2B · Bydgoszcz · Sprawdź ofertę!,https://sklep.peugeot.pl/produkt/5008/vr3kahpy8ts114710/,https://raw.githubusercontent.com/Andy11001/-alfa-inventory/master/data/images/VR3KAHPY8TS114710_clean.webp,Peugeot,5008,2025,0,KM,SUV,Bialy Okenite Metaliczny Specjalny,New,157876 PLN,PLN,"{""addr1"": ""UL. FORDOŃSKA 353"", ""city"": ""BYDGOSZCZ"", ""region"": ""KUJAWSKO-POMORSKIE"", ""country"": ""PL""}",53.1235,18.0084,LEASE,1131 PLN,per month,Hybrid,Manual,FWD
VR3KAHPY2TS119336,5008 Business · od 1130 PLN/mies.,Peugeot 5008 Business · Rata od 1130 PLN netto/mies. · Leasing B2B · Kalisz · Sprawdź ofertę!,https://sklep.peugeot.pl/produkt/5008/vr3kahpy2ts119336/,https://raw.githubusercontent.com/Andy11001/-alfa-inventory/master/data/images/VR3KAHPY2TS119336_clean.webp,Peugeot,5008,2025,0,KM,SUV,Niebieski Obsession Metaliczny,New,157790 PLN,PLN,"{""addr1"": ""UL. CZĘSTOCHOWSKA 144"", ""city"": ""KALISZ"", ""region"": ""WIELKOPOLSKIE"", ""country"": ""PL""}",51.7612,18.0929,LEASE,1130 PLN,per month,Hybrid,Manual,FWD
VR3KAHPY0TS146891,5008 Business · od 1130 PLN/mies.,Peugeot 5008 Business · Rata od 1130 PLN netto/mies. · Leasing B2B · Wejherowo · Sprawdź ofertę!,https://sklep.peugeot.pl/produkt/5008/vr3kahpy0ts146891/,https://raw.githubusercontent.com/Andy11001/-alfa-inventory/master/data/images/VR3KAHPY0TS146891_clean.webp,Peugeot,5008,2025,0,KM,SUV,Niebieski Ingaro Metaliczny,New,157705 PLN,PLN,"{""addr1"": ""WEJHEROWO"", ""city"": ""WEJHEROWO"", ""region"": ""MAZOWIECKIE"", ""country"": ""PL""}",,,LEASE,1130 PLN,per month,Hybrid,Manual,FWD
VR3FPHPY2TY566875,Nowy 408 Gt · od 1159 PLN/mies.,Peugeot Nowy 408 Gt · Rata od 1159 PLN netto/mies. · Leasing B2B · Piła · Sprawdź ofertę!,https://sklep.peugeot.pl/produkt/nowy-408/vr3fphpy2ty566875/,https://raw.githubusercontent.com/Andy11001/-alfa-inventory/master/data/images/VR3FPHPY2TY566875_clean.webp,Peugeot,Nowy 408,2025,0,KM,SUV,Bialy Okenite,New,161832 PLN,PLN,"{""addr1"": ""UL. WARSZTATOWA 6"", ""city"": ""PIŁA"", ""region"": ""WIELKOPOLSKIE"", ""country"": ""PL""}",53.1510,16.7384,LEASE,1159 PLN,per month,Hybrid,Automatic,FWD
VR3KAHPY8TS114836,5008 Business · od 1126 PLN/mies.,Peugeot 5008 Business · Rata od 1126 PLN netto/mies. · Leasing B2B · Bydgoszcz · Sprawdź ofertę!,https://sklep.peugeot.pl/produkt/5008/vr3kahpy8ts114836/,https://raw.githubusercontent.com/Andy11001/-alfa-inventory/master/data/images/VR3KAHPY8TS114836_clean.webp,Peugeot,5008,2025,0,KM,SUV,Czarny Perla Nera Metaliczny,New,157192 PLN,PLN,"{""addr1"": ""UL. FORDOŃSKA 353"", ""city"": ""BYDGOSZCZ"", ""region"": ""KUJAWSKO-POMORSKIE"", ""country"": ""PL""}",53.1235,18.0084,LEASE,1126 PLN,per month,Hybrid,Manual,FWD
VR3KAHPY7TS119395,5008 Business · od 1095 PLN/mies.,Peugeot 5008 Business · Rata od 1095 PLN netto/mies. · Leasing B2B · Katowice · Sprawdź ofertę!,https://sklep.peugeot.pl/produkt/5008/vr3kahpy7ts119395/,https://raw.githubusercontent.com/Andy11001/-alfa-inventory/master/data/images/VR3KAHPY7TS119395_clean.webp,Peugeot,5008,2025,0,KM,SUV,Czarny Perla Nera Metaliczny,New,152900 PLN,PLN,"{""addr1"": ""AL. ROŹDZIEŃSKIEGO 170"", ""city"": ""KATOWICE"", ""region"": ""ŚLĄSKIE"", ""country"": ""PL""}",50.2649,19.0238,LEASE,1095 PLN,per month,Hybrid,Manual,FWD
VR3KAHPY4TS114929,5008 Business · od 1126 PLN/mies.,Peugeot 5008 Business · Rata od 1126 PLN netto/mies. · Leasing B2B · Bydgoszcz · Sprawdź ofertę!,https://sklep.peugeot.pl/produkt/5008/vr3kahpy4ts114929/,https://raw.githubusercontent.com/Andy11001/-alfa-inventory/master/data/images/VR3KAHPY4TS114929_clean.webp,Peugeot,5008,2025,0,KM,SUV,Niebieski Ingaro Metaliczny,New,157192 PLN,PLN,"{""addr1"": ""UL. FORDOŃSKA 353"", ""city"": ""BYDGOSZCZ"", ""region"": ""KUJAWSKO-POMORSKIE"", ""country"": ""PL""}",53.1235,18.0084,LEASE,1126 PLN,per month,Hybrid,Manual,FWD
VR3KAHPY9TS071821,5008 Allure · od 1057 PLN/mies.,Peugeot 5008 Allure · Rata od 1057 PLN netto/mies. · Leasing B2B · Katowice · Sprawdź ofertę!,https://sklep.peugeot.pl/produkt/5008/vr3kahpy9ts071821/,https://raw.githubusercontent.com/Andy11001/-alfa-inventory/master/data/images/VR3KAHPY9TS071821_clean.webp,Peugeot,5008,2025,0,KM,SUV,Niebieski Ingaro Metaliczny,New,147500 PLN,PLN,"{""addr1"": ""AL. ROŹDZIEŃSKIEGO 170"", ""city"": ""KATOWICE"", ""region"": ""ŚLĄSKIE"", ""country"": ""PL""}",50.2649,19.0238,LEASE,1057 PLN,per month,Hybrid,Manual,FWD
VR3KAHPY0TS071819,5008 Allure · od 1057 PLN/mies.,Peugeot 5008 Allure · Rata od 1057 PLN netto/mies. · Leasing B2B · Katowice · Sprawdź ofertę!,https://sklep.peugeot.pl/produkt/5008/vr3kahpy0ts071819/,https://raw.githubusercontent.com/Andy11001/-alfa-inventory/master/data/images/VR3KAHPY0TS071819_clean.webp,Peugeot,5008,2025,0,KM,SUV,Niebieski Ingaro Metaliczny,New,147500 PLN,PLN,"{""addr1"": ""AL. ROŹDZIEŃSKIEGO 170"", ""city"": ""KATOWICE"", ""region"": ""ŚLĄSKIE"", ""country"": ""PL""}",50.2649,19.0238,LEASE,1057 PLN,per month,Hybrid,Manual,FWD
VR3KAHPY6TS119372,5008 Business · od 1120 PLN/mies.,Peugeot 5008 Business · Rata od 1120 PLN netto/mies. · Leasing B2B · Warszawa · Sprawdź ofertę!,https://sklep.peugeot.pl/produkt/5008/vr3kahpy6ts119372/,https://raw.githubusercontent.com/Andy11001/-alfa-inventory/master/data/images/VR3KAHPY6TS119372_clean.webp,Peugeot,5008,2025,0,KM,SUV,Niebieski Obsession Metaliczny,New,156337 PLN,PLN,"{""addr1"": ""AL. KRAKOWSKA 206"", ""city"": ""WARSZAWA"", ""region"": ""MAZOWIECKIE"", ""country"": ""PL""}",52.2084,20.9412,LEASE,1120 PLN,per month,Hybrid,Manual,FWD
VR3KAHPY1TS041700,5008 Business · od 1113 PLN/mies.,Peugeot 5008 Business · Rata od 1113 PLN netto/mies. · Leasing B2B · Zielona Góra · Sprawdź ofertę!,https://sklep.peugeot.pl/produkt/5008/vr3kahpy1ts041700/,https://raw.githubusercontent.com/Andy11001/-alfa-inventory/master/data/images/VR3KAHPY1TS041700_clean.webp,Peugeot,5008,2025,0,KM,SUV,Szary Titane Metaliczny,New,155439 PLN,PLN,"{""addr1"": ""ZIELONA GÓRA"", ""city"": ""ZIELONA GÓRA"", ""region"": ""MAZOWIECKIE"", ""country"": ""PL""}",,,LEASE,1113 PLN,per month,Hybrid,Manual,FWD
VR3KAHPY6TS081187,3008 Gt · od 1111 PLN/mies.,Peugeot 3008 Gt · Rata od 1111 PLN netto/mies. · Leasing B2B · Częstochowa · Sprawdź ofertę!,https://sklep.peugeot.pl/produkt/3008/vr3kahpy6ts081187/,https://raw.githubusercontent.com/Andy11001/-alfa-inventory/master/data/images/VR3KAHPY6TS081187_clean.webp,Peugeot,3008,2025,0,KM,SUV,Szary Artense,New,155140 PLN,PLN,"{""addr1"": ""CZĘSTOCHOWA"", ""city"": ""CZĘSTOCHOWA"", ""region"": ""MAZOWIECKIE"", ""country"": ""PL""}",,,LEASE,1111 PLN,per month,Hybrid,Manual,FWD
VR3KAHPY9TS081331,3008 Gt · od 1111 PLN/mies.,Peugeot 3008 Gt · Rata od 1111 PLN netto/mies. · Leasing B2B · Częstochowa · Sprawdź ofertę!,https://sklep.peugeot.pl/produkt/3008/vr3kahpy9ts081331/,https://raw.githubusercontent.com/Andy11001/-alfa-inventory/master/data/images/VR3KAHPY9TS081331_clean.webp,Peugeot,3008,2025,0,KM,SUV,Niebieski Ingaro,New,155140 PLN,PLN,"{""addr1"": ""CZĘSTOCHOWA"", ""city"": ""CZĘSTOCHOWA"", ""region"": ""MAZOWIECKIE"", ""country"": ""PL""}",,,LEASE,1111 PLN,per month,Hybrid,Manual,FWD
VR3KAHPY0TS093321,3008 Gt · od 1111 PLN/mies.,Peugeot 3008 Gt · Rata od 1111 PLN netto/mies. · Leasing B2B · Warszawa · Sprawdź ofertę!,https://sklep.peugeot.pl/produkt/3008/vr3kahpy0ts093321/,https://raw.githubusercontent.com/Andy11001/-alfa-inventory/master/data/images/VR3KAHPY0TS093321_clean.webp,Peugeot,3008,2025,0,KM,SUV,Szary Titane,New,155140 PLN,PLN,"{""addr1"": ""AL. KRAKOWSKA 206"", ""city"": ""WARSZAWA"", ""region"": ""MAZOWIECKIE"", ""country"": ""PL""}",52.2084,20.9412,LEASE,1111 PLN,per month,Hybrid,Manual,FWD
VR3KAHPYXTS114790,5008 Business · od 1076 PLN/mies.,Peugeot 5008 Business · Rata od 1076 PLN netto/mies. · Leasing B2B · Bydgoszcz · Sprawdź ofertę!,https://sklep.peugeot.pl/produkt/5008/vr3kahpyxts114790/,https://raw.githubusercontent.com/Andy11001/-alfa-inventory/master/data/images/VR3KAHPYXTS114790_clean.webp,Peugeot,5008,2025,0,KM,SUV,Niebieski Obsession Metaliczny,New,150188 PLN,PLN,"{""addr1"": ""UL. FORDOŃSKA 353"", ""city"": ""BYDGOSZCZ"", ""region"": ""KUJAWSKO-POMORSKIE"", ""country"": ""PL""}",53.1235,18.0084,LEASE,1076 PLN,per month,Hybrid,Manual,FWD
VR3KAHPY5TS119640,5008 Allure · od 1106 PLN/mies.,Peugeot 5008 Allure · Rata od 1106 PLN netto/mies. · Leasing B2B · Bielsko-Biała · Sprawdź ofertę!,https://sklep.peugeot.pl/produkt/5008/vr3kahpy5ts119640/,https://raw.githubusercontent.com/Andy11001/-alfa-inventory/master/data/images/VR3KAHPY5TS119640_clean.webp,Peugeot,5008,2025,0,KM,SUV,Szary Artense Metaliczny,New,154370 PLN,PLN,"{""addr1"": ""UL. WARSZAWSKA 15"", ""city"": ""BIELSKO-BIAŁA"", ""region"": ""ŚLĄSKIE"", ""country"": ""PL""}",49.8225,19.0444,LEASE,1106 PLN,per month,Hybrid,Manual,FWD
VR3FPHPYXTY560788,Nowy 408 Gt Exclusive · od 1133 PLN/mies.,Peugeot Nowy 408 Gt Exclusive · Rata od 1133 PLN netto/mies. · Leasing B2B · Łódź · Sprawdź ofertę!,https://sklep.peugeot.pl/produkt/nowy-408/vr3fphpyxty560788/,https://raw.githubusercontent.com/Andy11001/-alfa-inventory/master/data/images/VR3FPHPYXTY560788_clean.webp,Peugeot,Nowy 408,2025,0,KM,SUV,Czarny Perla Nera,New,158136 PLN,PLN,"{""addr1"": ""UL. OBYWATELSKA 181"", ""city"": ""ŁÓDŹ"", ""region"": ""ŁÓDZKIE"", ""country"": ""PL""}",51.7371,19.4316,LEASE,1133 PLN,per month,Hybrid,Automatic,FWD
VR3FPHPY3TY532198,Nowy 408 Gt · od 1119 PLN/mies.,Peugeot Nowy 408 Gt · Rata od 1119 PLN netto/mies. · Leasing B2B · Warszawa · Sprawdź ofertę!,https://sklep.peugeot.pl/produkt/nowy-408/vr3fphpy3ty532198/,https://raw.githubusercontent.com/Andy11001/-alfa-inventory/master/data/images/VR3FPHPY3TY532198_clean.webp,Peugeot,Nowy 408,2025,0,KM,SUV,Czarny Perla Nera,New,156288 PLN,PLN,"{""addr1"": ""AL. KRAKOWSKA 206"", ""city"": ""WARSZAWA"", ""region"": ""MAZOWIECKIE"", ""country"": ""PL""}",52.2084,20.9412,LEASE,1119 PLN,per month,Hybrid,Automatic,FWD
VR3KAHPY2TS145760,3008 Allure · od 1066 PLN/mies.,Peugeot 3008 Allure · Rata od 1066 PLN netto/mies. · Leasing B2B · Wrocław · Sprawdź ofertę!,https://sklep.peugeot.pl/produkt/3008/vr3kahpy2ts145760/,https://raw.githubusercontent.com/Andy11001/-alfa-inventory/master/data/images/VR3KAHPY2TS145760_clean.webp,Peugeot,3008,2025,0,KM,SUV,Szary Titane,New,148770 PLN,PLN,"{""addr1"": ""UL. SZCZECIŃSKA 7"", ""city"": ""WROCŁAW"", ""region"": ""DOLNOŚLĄSKIE"", ""country"": ""PL""}",51.1274,16.9535,LEASE,1066 PLN,per month,Hybrid,Manual,FWD
VR3KAHPY6TS145759,3008 Allure · od 1066 PLN/mies.,Peugeot 3008 Allure · Rata od 1066 PLN netto/mies. · Leasing B2B · Rybnik · Sprawdź ofertę!,https://sklep.peugeot.pl/produkt/3008/vr3kahpy6ts145759/,https://raw.githubusercontent.com/Andy11001/-alfa-inventory/master/data/images/VR3KAHPY6TS145759_clean.webp,Peugeot,3008,2025,0,KM,SUV,Szary Titane,New,148770 PLN,PLN,"{""addr1"": ""UL. ŻORSKA 14"", ""city"": ""RYBNIK"", ""region"": ""ŚLĄSKIE"", ""country"": ""PL""}",50.1022,18.5463,LEASE,1066 PLN,per month,Hybrid,Manual,FWD
VR3KAHPY4TS145758,3008 Allure · od 1066 PLN/mies.,Peugeot 3008 Allure · Rata od 1066 PLN netto/mies. · Leasing B2B · Gliwice · Sprawdź ofertę!,https://sklep.peugeot.pl/produkt/3008/vr3kahpy4ts145758/,https://raw.githubusercontent.com/Andy11001/-alfa-inventory/master/data/images/VR3KAHPY4TS145758_clean.webp,Peugeot,3008,2025,0,KM,SUV,Szary Titane,New,148770 PLN,PLN,"{""addr1"": ""UL. TOSZECKA 101"", ""city"": ""GLIWICE"", ""region"": ""ŚLĄSKIE"", ""country"": ""PL""}",50.2945,18.6714,LEASE,1066 PLN,per month,Hybrid,Manual,FWD
VR3FPHPYXTY545529,Nowy 408 Gt · od 1094 PLN/mies.,Peugeot Nowy 408 Gt · Rata od 1094 PLN netto/mies. · Leasing B2B · Poznań · Sprawdź ofertę!,https://sklep.peugeot.pl/produkt/nowy-408/vr3fphpyxty545529/,https://raw.githubusercontent.com/Andy11001/-alfa-inventory/master/data/images/VR3FPHPYXTY545529_clean.webp,Peugeot,Nowy 408,2025,0,KM,SUV,Szary Selenium,New,152768 PLN,PLN,"{""addr1"": ""UL. BOLESŁAWA KRZYWOUSTEGO 71"", ""city"": ""POZNAŃ"", ""region"": ""WIELKOPOLSKIE"", ""country"": ""PL""}",52.3787,17.0270,LEASE,1094 PLN,per month,Hybrid,Automatic,FWD
VR3KAHPY0TS146177,3008 Business · od 1058 PLN/mies.,Peugeot 3008 Business · Rata od 1058 PLN netto/mies. · Leasing B2B · Rybnik · Sprawdź ofertę!,https://sklep.peugeot.pl/produkt/3008/vr3kahpy0ts146177/,https://raw.githubusercontent.com/Andy11001/-alfa-inventory/master/data/images/VR3KAHPY0TS146177_clean.webp,Peugeot,3008,2025,0,KM,SUV,Szary Titane,New,147616 PLN,PLN,"{""addr1"": ""UL. ŻORSKA 14"", ""city"": ""RYBNIK"", ""region"": ""ŚLĄSKIE"", ""country"": ""PL""}",50.1022,18.5463,LEASE,1058 PLN,per month,Hybrid,Manual,FWD
VR3KAHPY6TS123129,3008 Allure · od 1050 PLN/mies.,Peugeot 3008 Allure · Rata od 1050 PLN netto/mies. · Leasing B2B · Ełk · Sprawdź ofertę!,https://sklep.peugeot.pl/produkt/3008/vr3kahpy6ts123129/,https://raw.githubusercontent.com/Andy11001/-alfa-inventory/master/data/images/VR3KAHPY6TS123129_clean.webp,Peugeot,3008,2025,0,KM,SUV,Szary Artense,New,146547 PLN,PLN,"{""addr1"": ""UL. SUWALSKA 2"", ""city"": ""EŁK"", ""region"": ""WARMIŃSKO-MAZURSKIE"", ""country"": ""PL""}",53.8281,22.3647,LEASE,1050 PLN,per month,Hybrid,Manual,FWD
VR3KAHPY0TS139567,3008 Allure · od 1050 PLN/mies.,Peugeot 3008 Allure · Rata od 1050 PLN netto/mies. · Leasing B2B · Krasne · Sprawdź ofertę!,https://sklep.peugeot.pl/produkt/3008/vr3kahpy0ts139567/,https://raw.githubusercontent.com/Andy11001/-alfa-inventory/master/data/images/VR3KAHPY0TS139567_clean.webp,Peugeot,3008,2025,0,KM,SUV,Szary Titane,New,146547 PLN,PLN,"{""addr1"": ""KRASNE"", ""city"": ""KRASNE"", ""region"": ""MAZOWIECKIE"", ""country"": ""PL""}",,,LEASE,1050 PLN,per month,Hybrid,Manual,FWD
VR3KAHPY3TS147498,3008 Allure · od 1050 PLN/mies.,Peugeot 3008 Allure · Rata od 1050 PLN netto/mies. · Leasing B2B · Bielsko-Biała · Sprawdź ofertę!,https://sklep.peugeot.pl/produkt/3008/vr3kahpy3ts147498/,https://raw.githubusercontent.com/Andy11001/-alfa-inventory/master/data/images/VR3KAHPY3TS147498_clean.webp,Peugeot,3008,2025,0,KM,SUV,Szary Artense,New,146462 PLN,PLN,"{""addr1"": ""UL. WARSZAWSKA 15"", ""city"": ""BIELSKO-BIAŁA"", ""region"": ""ŚLĄSKIE"", ""country"": ""PL""}",49.8225,19.0444,LEASE,1050 PLN,per month,Hybrid,Manual,FWD
VR3KAHPY7TS146175,3008 Allure · od 1048 PLN/mies.,Peugeot 3008 Allure · Rata od 1048 PLN netto/mies. · Leasing B2B · Elbląg · Sprawdź ofertę!,https://sklep.peugeot.pl/produkt/3008/vr3kahpy7ts146175/,https://raw.githubusercontent.com/Andy11001/-alfa-inventory/master/data/images/VR3KAHPY7TS146175_clean.webp,Peugeot,3008,2025,0,KM,SUV,Niebieski Obsession,New,146290 PLN,PLN,"{""addr1"": ""UL. KAZIMIERZOWO 4"", ""city"": ""ELBLĄG"", ""region"": ""WARMIŃSKO-MAZURSKIE"", ""country"": ""PL""}",54.1522,19.4040,LEASE,1048 PLN,per month,Hybrid,Manual,FWD
VR3KAHPY4TS146084,3008 Business · od 1040 PLN/mies.,Peugeot 3008 Business · Rata od 1040 PLN netto/mies. · Leasing B2B · Rybnik · Sprawdź ofertę!,https://sklep.peugeot.pl/produkt/3008/vr3kahpy4ts146084/,https://raw.githubusercontent.com/Andy11001/-alfa-inventory/master/data/images/VR3KAHPY4TS146084_clean.webp,Peugeot,3008,2025,0,KM,SUV,Niebieski Obsession,New,145136 PLN,PLN,"{""addr1"": ""UL. ŻORSKA 14"", ""city"": ""RYBNIK"", ""region"": ""ŚLĄSKIE"", ""country"": ""PL""}",50.1022,18.5463,LEASE,1040 PLN,per month,Hybrid,Manual,FWD
VR3KAHPY6TS146331,3008 Business · od 1040 PLN/mies.,Peugeot 3008 Business · Rata od 1040 PLN netto/mies. · Leasing B2B · Warszawa · Sprawdź ofertę!,https://sklep.peugeot.pl/produkt/3008/vr3kahpy6ts146331/,https://raw.githubusercontent.com/Andy11001/-alfa-inventory/master/data/images/VR3KAHPY6TS146331_clean.webp,Peugeot,3008,2025,0,KM,SUV,Niebieski Ingaro,New,145051 PLN,PLN,"{""addr1"": ""AL. KRAKOWSKA 206"", ""city"": ""WARSZAWA"", ""region"": ""MAZOWIECKIE"", ""country"": ""PL""}",52.2084,20.9412,LEASE,1040 PLN,per month,Hybrid,Manual,FWD
VR3KAHPY2TS135729,3008 Business · od 1037 PLN/mies.,Peugeot 3008 Business · Rata od 1037 PLN netto/mies. · Leasing B2B · Bydgoszcz · Sprawdź ofertę!,https://sklep.peugeot.pl/produkt/3008/vr3kahpy2ts135729/,https://raw.githubusercontent.com/Andy11001/-alfa-inventory/master/data/images/VR3KAHPY2TS135729_clean.webp,Peugeot,3008,2025,0,KM,SUV,Bialy Okenite,New,144623 PLN,PLN,"{""addr1"": ""UL. FORDOŃSKA 353"", ""city"": ""BYDGOSZCZ"", ""region"": ""KUJAWSKO-POMORSKIE"", ""country"": ""PL""}",53.1235,18.0084,LEASE,1037 PLN,per month,Hybrid,Manual,FWD
VR3KAHPY0TS135728,3008 Business · od 1037 PLN/mies.,Peugeot 3008 Business · Rata od 1037 PLN netto/mies. · Leasing B2B · Bydgoszcz · Sprawdź ofertę!,https://sklep.peugeot.pl/produkt/3008/vr3kahpy0ts135728/,https://raw.githubusercontent.com/Andy11001/-alfa-inventory/master/data/images/VR3KAHPY0TS135728_clean.webp,Peugeot,3008,2025,0,KM,SUV,Bialy Okenite,New,144623 PLN,PLN,"{""addr1"": ""UL. FORDOŃSKA 353"", ""city"": ""BYDGOSZCZ"", ""region"": ""KUJAWSKO-POMORSKIE"", ""country"": ""PL""}",53.1235,18.0084,LEASE,1037 PLN,per month,Hybrid,Manual,FWD
VR3KAHPY7TS122832,3008 Business · od 1032 PLN/mies.,Peugeot 3008 Business · Rata od 1032 PLN netto/mies. · Leasing B2B · Częstochowa · Sprawdź ofertę!,https://sklep.peugeot.pl/produkt/3008/vr3kahpy7ts122832/,https://raw.githubusercontent.com/Andy11001/-alfa-inventory/master/data/images/VR3KAHPY7TS122832_clean.webp,Peugeot,3008,2025,0,KM,SUV,Szary Artense,New,143939 PLN,PLN,"{""addr1"": ""CZĘSTOCHOWA"", ""city"": ""CZĘSTOCHOWA"", ""region"": ""MAZOWIECKIE"", ""country"": ""PL""}",,,LEASE,1032 PLN,per month,Hybrid,Manual,FWD
VR3KAHPY4TS139572,3008 Business · od 1032 PLN/mies.,Peugeot 3008 Business · Rata od 1032 PLN netto/mies. · Leasing B2B · Częstochowa · Sprawdź ofertę!,https://sklep.peugeot.pl/produkt/3008/vr3kahpy4ts139572/,https://raw.githubusercontent.com/Andy11001/-alfa-inventory/master/data/images/VR3KAHPY4TS139572_clean.webp,Peugeot,3008,2025,0,KM,SUV,Szary Artense,New,143939 PLN,PLN,"{""addr1"": ""CZĘSTOCHOWA"", ""city"": ""CZĘSTOCHOWA"", ""region"": ""MAZOWIECKIE"", ""country"": ""PL""}",,,LEASE,1032 PLN,per month,Hybrid,Manual,FWD
VR3KAHPY1TS136015,3008 Business · od 1002 PLN/mies.,Peugeot 3008 Business · Rata od 1002 PLN netto/mies. · Leasing B2B · Bydgoszcz · Sprawdź ofertę!,https://sklep.peugeot.pl/produkt/3008/vr3kahpy1ts136015/,https://raw.githubusercontent.com/Andy11001/-alfa-inventory/master/data/images/VR3KAHPY1TS136015_clean.webp,Peugeot,3008,2025,0,KM,SUV,Czarny Perla Nera,New,139730 PLN,PLN,"{""addr1"": ""UL. FORDOŃSKA 353"", ""city"": ""BYDGOSZCZ"", ""region"": ""KUJAWSKO-POMORSKIE"", ""country"": ""PL""}",53.1235,18.0084,LEASE,1002 PLN,per month,Hybrid,Manual,FWD
VR3KAHPY5TS139435,3008 Business · od 1014 PLN/mies.,Peugeot 3008 Business · Rata od 1014 PLN netto/mies. · Leasing B2B · Sosnowiec · Sprawdź ofertę!,https://sklep.peugeot.pl/produkt/3008/vr3kahpy5ts139435/,https://raw.githubusercontent.com/Andy11001/-alfa-inventory/master/data/images/VR3KAHPY5TS139435_clean.webp,Peugeot,3008,2025,0,KM,SUV,Niebieski Obsession,New,141460 PLN,PLN,"{""addr1"": ""UL. WOJSKA POLSKIEGO 45"", ""city"": ""SOSNOWIEC"", ""region"": ""ŚLĄSKIE"", ""country"": ""PL""}",50.2863,19.1042,LEASE,1014 PLN,per month,Hybrid,Manual,FWD
VR3KAHPY3TS139434,3008 Business · od 1014 PLN/mies.,Peugeot 3008 Business · Rata od 1014 PLN netto/mies. · Leasing B2B · Sosnowiec · Sprawdź ofertę!,https://sklep.peugeot.pl/produkt/3008/vr3kahpy3ts139434/,https://raw.githubusercontent.com/Andy11001/-alfa-inventory/master/data/images/VR3KAHPY3TS139434_clean.webp,Peugeot,3008,2025,0,KM,SUV,Niebieski Obsession,New,141460 PLN,PLN,"{""addr1"": ""UL. WOJSKA POLSKIEGO 45"", ""city"": ""SOSNOWIEC"", ""region"": ""ŚLĄSKIE"", ""country"": ""PL""}",50.2863,19.1042,LEASE,1014 PLN,per month,Hybrid,Manual,FWD
VR3KAHPY4TS123341,3008 Allure · od 1012 PLN/mies.,Peugeot 3008 Allure · Rata od 1012 PLN netto/mies. · Leasing B2B · Bielsko-Biała · Sprawdź ofertę!,https://sklep.peugeot.pl/produkt/3008/vr3kahpy4ts123341/,https://raw.githubusercontent.com/Andy11001/-alfa-inventory/master/data/images/VR3KAHPY4TS123341_clean.webp,Peugeot,3008,2025,0,KM,SUV,Szary Titane,New,141118 PLN,PLN,"{""addr1"": ""UL. WARSZAWSKA 15"", ""city"": ""BIELSKO-BIAŁA"", ""region"": ""ŚLĄSKIE"", ""country"": ""PL""}",49.8225,19.0444,LEASE,1012 PLN,per month,Hybrid,Manual,FWD
VR3KAHPY2TS123340,3008 Allure · od 1012 PLN/mies.,Peugeot 3008 Allure · Rata od 1012 PLN netto/mies. · Leasing B2B · Bielsko-Biała · Sprawdź ofertę!,https://sklep.peugeot.pl/produkt/3008/vr3kahpy2ts123340/,https://raw.githubusercontent.com/Andy11001/-alfa-inventory/master/data/images/VR3KAHPY2TS123340_clean.webp,Peugeot,3008,2025,0,KM,SUV,Szary Titane,New,141118 PLN,PLN,"{""addr1"": ""UL. WARSZAWSKA 15"", ""city"": ""BIELSKO-BIAŁA"", ""region"": ""ŚLĄSKIE"", ""country"": ""PL""}",49.8225,19.0444,LEASE,1012 PLN,per month,Hybrid,Manual,FWD
VR3KAHPY5TS123039,3008 Allure · od 1012 PLN/mies.,Peugeot 3008 Allure · Rata od 1012 PLN netto/mies. · Leasing B2B · Wałbrzych · Sprawdź ofertę!,https://sklep.peugeot.pl/produkt/3008/vr3kahpy5ts123039/,https://raw.githubusercontent.com/Andy11001/-alfa-inventory/master/data/images/VR3KAHPY5TS123039_clean.webp,Peugeot,3008,2025,0,KM,SUV,Niebieski Ingaro,New,141118 PLN,PLN,"{""addr1"": ""WAŁBRZYCH"", ""city"": ""WAŁBRZYCH"", ""region"": ""MAZOWIECKIE"", ""country"": ""PL""}",,,LEASE,1012 PLN,per month,Hybrid,Manual,FWD
VR3FPHPY5TY544594,Nowy 408 Business · od 1039 PLN/mies.,Peugeot Nowy 408 Business · Rata od 1039 PLN netto/mies. · Leasing B2B · Gliwice · Sprawdź ofertę!,https://sklep.peugeot.pl/produkt/nowy-408/vr3fphpy5ty544594/,https://raw.githubusercontent.com/Andy11001/-alfa-inventory/master/data/images/VR3FPHPY5TY544594_clean.webp,Peugeot,Nowy 408,2025,0,KM,SUV,Zielony Flare,New,144936 PLN,PLN,"{""addr1"": ""UL. TOSZECKA 101"", ""city"": ""GLIWICE"", ""region"": ""ŚLĄSKIE"", ""country"": ""PL""}",50.2945,18.6714,LEASE,1039 PLN,per month,Hybrid,Automatic,FWD
VR3FPHPY9TY565903,Nowy 408 Business · od 1021 PLN/mies.,Peugeot Nowy 408 Business · Rata od 1021 PLN netto/mies. · Leasing B2B · Wejherowo · Sprawdź ofertę!,https://sklep.peugeot.pl/produkt/nowy-408/vr3fphpy9ty565903/,https://raw.githubusercontent.com/Andy11001/-alfa-inventory/master/data/images/VR3FPHPY9TY565903_clean.webp,Peugeot,Nowy 408,2025,0,KM,SUV,Zielony Flare,New,142384 PLN,PLN,"{""addr1"": ""WEJHEROWO"", ""city"": ""WEJHEROWO"", ""region"": ""MAZOWIECKIE"", ""country"": ""PL""}",,,LEASE,1021 PLN,per month,Hybrid,Automatic,FWD
VR3FBYHZ5TY567928,Nowe 308 Allure · od 888 PLN/mies.,Peugeot Nowe 308 Allure · Rata od 888 PLN netto/mies. · Leasing B2B · Grębów · Sprawdź ofertę!,https://sklep.peugeot.pl/produkt/nowe-308/vr3fbyhz5ty567928/,https://raw.githubusercontent.com/Andy11001/-alfa-inventory/master/data/images/VR3FBYHZ5TY567928_clean.webp,Peugeot,Nowe 308,2025,0,KM,Hatchback,Bialy Okenite,New,123711 PLN,PLN,"{""addr1"": ""GRĘBÓW"", ""city"": ""GRĘBÓW"", ""region"": ""MAZOWIECKIE"", ""country"": ""PL""}",,,LEASE,888 PLN,per month,Diesel,Automatic,FWD
VR3EBYHT6TN569051,Rifter Allure · od 812 PLN/mies.,Peugeot Rifter Allure · Rata od 812 PLN netto/mies. · Leasing B2B · Poznań · Sprawdź ofertę!,https://sklep.peugeot.pl/produkt/rifter/vr3ebyht6tn569051/,https://raw.githubusercontent.com/Andy11001/-alfa-inventory/master/data/images/VR3EBYHT6TN569051_clean.webp,Peugeot,Rifter,2025,0,KM,Hatchback,Bialy Icy White,New,112963 PLN,PLN,"{""addr1"": ""UL. BOLESŁAWA KRZYWOUSTEGO 71"", ""city"": ""POZNAŃ"", ""region"": ""WIELKOPOLSKIE"", ""country"": ""PL""}",52.3787,17.0270,LEASE,812 PLN,per month,Diesel,Manual,FWD
VR3EBYHT8TN569309,Rifter Allure · od 811 PLN/mies.,Peugeot Rifter Allure · Rata od 811 PLN netto/mies. · Leasing B2B · Katowice · Sprawdź ofertę!,https://sklep.peugeot.pl/produkt/rifter/vr3ebyht8tn569309/,https://raw.githubusercontent.com/Andy11001/-alfa-inventory/master/data/images/VR3EBYHT8TN569309_clean.webp,Peugeot,Rifter,2025,0,KM,Hatchback,Szary Artense,New,112797 PLN,PLN,"{""addr1"": ""AL. ROŹDZIEŃSKIEGO 170"", ""city"": ""KATOWICE"", ""region"": ""ŚLĄSKIE"", ""country"": ""PL""}",50.2649,19.0238,LEASE,811 PLN,per month,Diesel,Manual,FWD
VR3USHPX9TJ732640,2008 Business · od 796 PLN/mies.,Peugeot 2008 Business · Rata od 796 PLN netto/mies. · Leasing B2B · Wejherowo · Sprawdź ofertę!,https://sklep.peugeot.pl/produkt/2008/vr3ushpx9tj732640/,https://raw.githubusercontent.com/Andy11001/-alfa-inventory/master/data/images/VR3USHPX9TJ732640_clean.webp,Peugeot,2008,2025,0,KM,SUV,Bialy Okenite,New,110688 PLN,PLN,"{""addr1"": ""WEJHEROWO"", ""city"": ""WEJHEROWO"", ""region"": ""MAZOWIECKIE"", ""country"": ""PL""}",,,LEASE,796 PLN,per month,Hybrid,Automatic,FWD
VR3UPHPX0T5123821,208 Edition · od 631 PLN/mies.,Peugeot 208 Edition · Rata od 631 PLN netto/mies. · Leasing B2B · Bydgoszcz · Sprawdź ofertę!,https://sklep.peugeot.pl/produkt/208/vr3uphpx0t5123821/,https://raw.githubusercontent.com/Andy11001/-alfa-inventory/master/data/images/VR3UPHPX0T5123821_clean.webp,Peugeot,208,2025,0,KM,Hatchback,Czarny Perla Nera,New,87500 PLN,PLN,"{""addr1"": ""UL. FORDOŃSKA 353"", ""city"": ""BYDGOSZCZ"", ""region"": ""KUJAWSKO-POMORSKIE"", ""country"": ""PL""}",53.1235,18.0084,LEASE,631 PLN,per month,Hybrid,Automatic,FWD
VR3USHPX2TJ761929,2008 Edition · od 779 PLN/mies.,Peugeot 2008 Edition · Rata od 779 PLN netto/mies. · Leasing B2B · Bielsko-Biała · Sprawdź ofertę!,https://sklep.peugeot.pl/produkt/2008/vr3ushpx2tj761929/,https://raw.githubusercontent.com/Andy11001/-alfa-inventory/master/data/images/VR3USHPX2TJ761929_clean.webp,Peugeot,2008,2025,0,KM,SUV,Niebieski Obsession,New,108400 PLN,PLN,"{""addr1"": ""UL. WARSZAWSKA 15"", ""city"": ""BIELSKO-BIAŁA"", ""region"": ""ŚLĄSKIE"", ""country"": ""PL""}",49.8225,19.0444,LEASE,779 PLN,per month,Hybrid,Automatic,FWD
VR3USHPV2TJ753697,2008 Edition · od 687 PLN/mies.,Peugeot 2008 Edition · Rata od 687 PLN netto/mies. · Leasing B2B · Gdańsk · Sprawdź ofertę!,https://sklep.peugeot.pl/produkt/2008/vr3ushpv2tj753697/,https://raw.githubusercontent.com/Andy11001/-alfa-inventory/master/data/images/VR3USHPV2TJ753697_clean.webp,Peugeot,2008,2025,0,KM,SUV,Czarny Perla Nera,New,95400 PLN,PLN,"{""addr1"": ""AL. GRUNWALDZKA 256"", ""city"": ""GDAŃSK"", ""region"": ""POMORSKIE"", ""country"": ""PL""}",54.4022,18.5714,LEASE,687 PLN,per month,Gasoline,Manual,FWD
VR3USHPX5TJ768101,2008 Edition · od 779 PLN/mies.,Peugeot 2008 Edition · Rata od 779 PLN netto/mies. · Leasing B2B · Bydgoszcz · Sprawdź ofertę!,https://sklep.peugeot.pl/produkt/2008/vr3ushpx5tj768101/,https://raw.githubusercontent.com/Andy11001/-alfa-inventory/master/data/images/VR3USHPX5TJ768101_clean.webp,Peugeot,2008,2025,0,KM,SUV,Niebieski Obsession,New,108400 PLN,PLN,"{""addr1"": ""UL. FORDOŃSKA 353"", ""city"": ""BYDGOSZCZ"", ""region"": ""KUJAWSKO-POMORSKIE"", ""country"": ""PL""}",53.1235,18.0084,LEASE,779 PLN,per month,Hybrid,Automatic,FWD
VR3USHPVXTJ735982,2008 Edition · od 667 PLN/mies.,Peugeot 2008 Edition · Rata od 667 PLN netto/mies. · Leasing B2B · Białystok · Sprawdź ofertę!,https://sklep.peugeot.pl/produkt/2008/vr3ushpvxtj735982/,https://raw.githubusercontent.com/Andy11001/-alfa-inventory/master/data/images/VR3USHPVXTJ735982_clean.webp,Peugeot,2008,2025,0,KM,SUV,Niebieski Obsession,New,92600 PLN,PLN,"{""addr1"": ""UL. ELEWATORSKA 60"", ""city"": ""BIAŁYSTOK"", ""region"": ""PODLASKIE"", ""country"": ""PL""}",53.1325,23.1688,LEASE,667 PLN,per month,Gasoline,Manual,FWD
VR3UPHPV3T5094412,208 Edition · od 538 PLN/mies.,Peugeot 208 Edition · Rata od 538 PLN netto/mies. · Leasing B2B · Kalisz · Sprawdź ofertę!,https://sklep.peugeot.pl/produkt/208/vr3uphpv3t5094412/,https://raw.githubusercontent.com/Andy11001/-alfa-inventory/master/data/images/VR3UPHPV3T5094412_clean.webp,Peugeot,208,2025,0,KM,Hatchback,Bialy Okenite,New,74400 PLN,PLN,"{""addr1"": ""UL. CZĘSTOCHOWSKA 144"", ""city"": ""KALISZ"", ""region"": ""WIELKOPOLSKIE"", ""country"": ""PL""}",51.7612,18.0929,LEASE,538 PLN,per month,Gasoline,Manual,FWD
VR3USHPX5TJ823176,2008 Edition · od 760 PLN/mies.,Peugeot 2008 Edition · Rata od 760 PLN netto/mies. · Leasing B2B · Poznań · Sprawdź ofertę!,https://sklep.peugeot.pl/produkt/2008/vr3ushpx5tj823176/,https://raw.githubusercontent.com/Andy11001/-alfa-inventory/master/data/images/VR3USHPX5TJ823176_clean.webp,Peugeot,2008,2025,0,KM,SUV,Bialy Okenite,New,105700 PLN,PLN,"{""addr1"": ""UL. BOLESŁAWA KRZYWOUSTEGO 71"", ""city"": ""POZNAŃ"", ""region"": ""WIELKOPOLSKIE"", ""country"": ""PL""}",52.3787,17.0270,LEASE,760 PLN,per month,Hybrid,Automatic,FWD
VR3UPHPX9T5127088,208 Edition · od 614 PLN/mies.,Peugeot 208 Edition · Rata od 614 PLN netto/mies. · Leasing B2B · Katowice · Sprawdź ofertę!,https://sklep.peugeot.pl/produkt/208/vr3uphpx9t5127088/,https://raw.githubusercontent.com/Andy11001/-alfa-inventory/master/data/images/VR3UPHPX9T5127088_clean.webp,Peugeot,208,2025,0,KM,Hatchback,Zolty Agueda,New,85100 PLN,PLN,"{""addr1"": ""AL. ROŹDZIEŃSKIEGO 170"", ""city"": ""KATOWICE"", ""region"": ""ŚLĄSKIE"", ""country"": ""PL""}",50.2649,19.0238,LEASE,614 PLN,per month,Hybrid,Automatic,FWD
VR3UPHPV3T5117624,208 Edition · od 538 PLN/mies.,Peugeot 208 Edition · Rata od 538 PLN netto/mies. · Leasing B2B · Grębów · Sprawdź ofertę!,https://sklep.peugeot.pl/produkt/208/vr3uphpv3t5117624/,https://raw.githubusercontent.com/Andy11001/-alfa-inventory/master/data/images/VR3UPHPV3T5117624_clean.webp,Peugeot,208,2025,0,KM,Hatchback,Szary Artense,New,74400 PLN,PLN,"{""addr1"": ""GRĘBÓW"", ""city"": ""GRĘBÓW"", ""region"": ""MAZOWIECKIE"", ""country"": ""PL""}",,,LEASE,538 PLN,per month,Gasoline,Manual,FWD
VR3USHPVXTJ825200,2008 Edition · od 687 PLN/mies.,Peugeot 2008 Edition · Rata od 687 PLN netto/mies. · Leasing B2B · Poznań · Sprawdź ofertę!,https://sklep.peugeot.pl/produkt/2008/vr3ushpvxtj825200/,https://raw.githubusercontent.com/Andy11001/-alfa-inventory/master/data/images/VR3USHPVXTJ825200_clean.webp,Peugeot,2008,2025,0,KM,SUV,Czarny Perla Nera,New,95400 PLN,PLN,"{""addr1"": ""UL. BOLESŁAWA KRZYWOUSTEGO 71"", ""city"": ""POZNAŃ"", ""region"": ""WIELKOPOLSKIE"", ""country"": ""PL""}",52.3787,17.0270,LEASE,687 PLN,per month,Gasoline,Manual,FWD
VR3FMZKW0SY617065,Nowe 308 Gt · od 1377 PLN/mies.,Peugeot Nowe 308 Gt · Rata od 1377 PLN netto/mies. · Leasing B2B · Białystok · Sprawdź ofertę!,https://sklep.peugeot.pl/produkt/nowe-308/vr3fmzkw0sy617065/,https://raw.githubusercontent.com/Andy11001/-alfa-inventory/master/data/images/VR3FMZKW0SY617065_clean.webp,Peugeot,Nowe 308,2025,0,KM,Hatchback,Niebieski Lagoa,New,169782 PLN,PLN,"{""addr1"": ""UL. ELEWATORSKA 60"", ""city"": ""BIAŁYSTOK"", ""region"": ""PODLASKIE"", ""country"": ""PL""}",53.1325,23.1688,LEASE,1377 PLN,per month,Electric,Automatic,FWD
VR3F4DGM7SY601911,Nowe 308 SW Gt · od 1239 PLN/mies.,Peugeot Nowe 308 SW Gt · Rata od 1239 PLN netto/mies. · Leasing B2B · Grębów · Sprawdź ofertę!,https://sklep.peugeot.pl/produkt/nowe-308-sw/vr3f4dgm7sy601911/,https://raw.githubusercontent.com/Andy11001/-alfa-inventory/master/data/images/VR3F4DGM7SY601911_clean.webp,Peugeot,Nowe 308 SW,2025,0,KM,Wagon,Niebieski Ingaro,New,173184 PLN,PLN,"{""addr1"": ""GRĘBÓW"", ""city"": ""GRĘBÓW"", ""region"": ""MAZOWIECKIE"", ""country"": ""PL""}",,,LEASE,1239 PLN,per month,Plug-in Hybrid,Automatic,FWD
VR3UPHPX5T5112054,208 Edition · od 631 PLN/mies.,Peugeot 208 Edition · Rata od 631 PLN netto/mies. · Leasing B2B · Poznań · Sprawdź ofertę!,https://sklep.peugeot.pl/produkt/208/vr3uphpx5t5112054/,https://raw.githubusercontent.com/Andy11001/-alfa-inventory/master/data/images/VR3UPHPX5T5112054_clean.webp,Peugeot,208,2025,0,KM,Hatchback,Szary Artense,New,87500 PLN,PLN,"{""addr1"": ""UL. BOLESŁAWA KRZYWOUSTEGO 71"", ""city"": ""POZNAŃ"", ""region"": ""WIELKOPOLSKIE"", ""country"": ""PL""}",52.3787,17.0270,LEASE,631 PLN,per month,Hybrid,Automatic,FWD
VR3UPHPV1T5094411,208 Edition · od 538 PLN/mies.,Peugeot 208 Edition · Rata od 538 PLN netto/mies. · Leasing B2B · Katowice · Sprawdź ofertę!,https://sklep.peugeot.pl/produkt/208/vr3uphpv1t5094411/,https://raw.githubusercontent.com/Andy11001/-alfa-inventory/master/data/images/VR3UPHPV1T5094411_clean.jpg,Peugeot,208,2025,0,KM,Hatchback,Bialy Okenite,New,74400 PLN,PLN,"{""addr1"": ""AL. ROŹDZIEŃSKIEGO 170"", ""city"": ""KATOWICE"", ""region"": ""ŚLĄSKIE"", ""country"": ""PL""}",50.2649,19.0238,LEASE,538 PLN,per month,Gasoline,Manual,FWD
VR3EDYHZ3TN522607,Rifter MPV Allure · od 894 PLN/mies.,Peugeot Rifter MPV Allure · Rata od 894 PLN netto/mies. · Leasing B2B · Wałbrzych · Sprawdź ofertę!,https://sklep.peugeot.pl/produkt/rifter-mpv/vr3edyhz3tn522607/,https://raw.githubusercontent.com/Andy11001/-alfa-inventory/master/data/images/VR3EDYHZ3TN522607_clean.webp,Peugeot,Rifter MPV,2025,0,KM,Hatchback,Czarny Perla Nera,New,124497 PLN,PLN,"{""addr1"": ""WAŁBRZYCH"", ""city"": ""WAŁBRZYCH"", ""region"": ""MAZOWIECKIE"", ""country"": ""PL""}",,,LEASE,894 PLN,per month,Diesel,Automatic,FWD
VR3UPHPV2T5108266,208 Edition · od 538 PLN/mies.,Peugeot 208 Edition · Rata od 538 PLN netto/mies. · Leasing B2B · Poznań · Sprawdź ofertę!,https://sklep.peugeot.pl/produkt/208/vr3uphpv2t5108266/,https://raw.githubusercontent.com/Andy11001/-alfa-inventory/master/data/images/VR3UPHPV2T5108266_clean.webp,Peugeot,208,2025,0,KM,Hatchback,Czarny Perla Nera,New,74400 PLN,PLN,"{""addr1"": ""UL. BOLESŁAWA KRZYWOUSTEGO 71"", ""city"": ""POZNAŃ"", ""region"": ""WIELKOPOLSKIE"", ""country"": ""PL""}",52.3787,17.0270,LEASE,538 PLN,per month,Gasoline,Manual,FWD
VR3USHPX6TJ823591,2008 Edition · od 779 PLN/mies.,Peugeot 2008 Edition · Rata od 779 PLN netto/mies. · Leasing B2B · Poznań · Sprawdź ofertę!,https://sklep.peugeot.pl/produkt/2008/vr3ushpx6tj823591/,https://raw.githubusercontent.com/Andy11001/-alfa-inventory/master/data/images/VR3USHPX6TJ823591_clean.webp,Peugeot,2008,2025,0,KM,SUV,Niebieski Obsession,New,108400 PLN,PLN,"{""addr1"": ""UL. BOLESŁAWA KRZYWOUSTEGO 71"", ""city"": ""POZNAŃ"", ""region"": ""WIELKOPOLSKIE"", ""country"": ""PL""}",52.3787,17.0270,LEASE,779 PLN,per month,Hybrid,Automatic,FWD
VR3UPHPV0T5107343,208 Edition · od 538 PLN/mies.,Peugeot 208 Edition · Rata od 538 PLN netto/mies. · Leasing B2B · Szczecin · Sprawdź ofertę!,https://sklep.peugeot.pl/produkt/208/vr3uphpv0t5107343/,https://raw.githubusercontent.com/Andy11001/-alfa-inventory/master/data/images/VR3UPHPV0T5107343_clean.webp,Peugeot,208,2025,0,KM,Hatchback,Czarny Perla Nera,New,74400 PLN,PLN,"{""addr1"": ""UL. STRUGA 1B"", ""city"": ""SZCZECIN"", ""region"": ""ZACHODNIOPOMORSKIE"", ""country"": ""PL""}",53.3891,14.6543,LEASE,538 PLN,per month,Gasoline,Manual,FWD
VR3USHPV4TJ727179,2008 Edition · od 648 PLN/mies.,Peugeot 2008 Edition · Rata od 648 PLN netto/mies. · Leasing B2B · Katowice · Sprawdź ofertę!,https://sklep.peugeot.pl/produkt/2008/vr3ushpv4tj727179/,https://raw.githubusercontent.com/Andy11001/-alfa-inventory/master/data/images/VR3USHPV4TJ727179_clean.webp,Peugeot,2008,2025,0,KM,SUV,Niebieski Obsession,New,89900 PLN,PLN,"{""addr1"": ""AL. ROŹDZIEŃSKIEGO 170"", ""city"": ""KATOWICE"", ""region"": ""ŚLĄSKIE"", ""country"": ""PL""}",50.2649,19.0238,LEASE,648 PLN,per month,Gasoline,Manual,FWD
VR3USHPV5TJ732407,2008 Edition · od 667 PLN/mies.,Peugeot 2008 Edition · Rata od 667 PLN netto/mies. · Leasing B2B · Bydgoszcz · Sprawdź ofertę!,https://sklep.peugeot.pl/produkt/2008/vr3ushpv5tj732407/,https://raw.githubusercontent.com/Andy11001/-alfa-inventory/master/data/images/VR3USHPV5TJ732407_clean.webp,Peugeot,2008,2025,0,KM,SUV,Niebieski Obsession,New,92600 PLN,PLN,"{""addr1"": ""UL. FORDOŃSKA 353"", ""city"": ""BYDGOSZCZ"", ""region"": ""KUJAWSKO-POMORSKIE"", ""country"": ""PL""}",53.1235,18.0084,LEASE,667 PLN,per month,Gasoline,Manual,FWD
VF3VNFC16TZ058439,Traveller Business · od 1603 PLN/mies.,Peugeot Traveller Business · Rata od 1603 PLN netto/mies. · Leasing B2B · Łódź · Sprawdź ofertę!,https://sklep.peugeot.pl/produkt/traveller/vf3vnfc16tz058439/,https://raw.githubusercontent.com/Andy11001/-alfa-inventory/master/data/images/VF3VNFC16TZ058439_clean.webp,Peugeot,Traveller,2025,0,KM,Hatchback,Szary Titane Metaliczny,New,224400 PLN,PLN,"{""addr1"": ""UL. OBYWATELSKA 181"", ""city"": ""ŁÓDŹ"", ""region"": ""ŁÓDZKIE"", ""country"": ""PL""}",51.7371,19.4316,LEASE,1603 PLN,per month,Diesel,Automatic,FWD
VR3USHPY6TJ743930,2008 Gt Exclusive · od 974 PLN/mies.,Peugeot 2008 Gt Exclusive · Rata od 974 PLN netto/mies. · Leasing B2B · Radom · Sprawdź ofertę!,https://sklep.peugeot.pl/produkt/2008/vr3ushpy6tj743930/,https://raw.githubusercontent.com/Andy11001/-alfa-inventory/master/data/images/VR3USHPY6TJ743930_clean.webp,Peugeot,2008,2025,0,KM,SUV,Szary Artense,New,135800 PLN,PLN,"{""addr1"": ""UL. ŻÓŁKIEWSKIEGO 4"", ""city"": ""RADOM"", ""region"": ""MAZOWIECKIE"", ""country"": ""PL""}",51.4027,21.1471,LEASE,974 PLN,per month,Hybrid,Automatic,FWD
VR3UPHPV8T5094616,208 Business · od 559 PLN/mies.,Peugeot 208 Business · Rata od 559 PLN netto/mies. · Leasing B2B · Toruń · Sprawdź ofertę!,https://sklep.peugeot.pl/produkt/208/vr3uphpv8t5094616/,https://raw.githubusercontent.com/Andy11001/-alfa-inventory/master/data/images/VR3UPHPV8T5094616_clean.webp,Peugeot,208,2025,0,KM,Hatchback,Czarny Perla Nera,New,77400 PLN,PLN,"{""addr1"": ""UL. SZOSA BYDGOSKA 52"", ""city"": ""TORUŃ"", ""region"": ""KUJAWSKO-POMORSKIE"", ""country"": ""PL""}",53.0138,18.5984,LEASE,559 PLN,per month,Gasoline,Manual,FWD
VR3FCYHZXTY566769,Nowe 308 SW Gt Exclusive · od 1099 PLN/mies.,Peugeot Nowe 308 SW Gt Exclusive · Rata od 1099 PLN netto/mies. · Leasing B2B · Słupsk · Sprawdź ofertę!,https://sklep.peugeot.pl/produkt/nowe-308-sw/vr3fcyhzxty566769/,https://raw.githubusercontent.com/Andy11001/-alfa-inventory/master/data/images/VR3FCYHZXTY566769_clean.webp,Peugeot,Nowe 308 SW,2025,0,KM,Wagon,Czarny Perla Nera,New,153424 PLN,PLN,"{""addr1"": ""SŁUPSK"", ""city"": ""SŁUPSK"", ""region"": ""MAZOWIECKIE"", ""country"": ""PL""}",,,LEASE,1099 PLN,per month,Diesel,Automatic,FWD
VR3FPHPY7SY608150,Nowe 308 Gt · od 901 PLN/mies.,Peugeot Nowe 308 Gt · Rata od 901 PLN netto/mies. · Leasing B2B · Płock · Sprawdź ofertę!,https://sklep.peugeot.pl/produkt/nowe-308/vr3fphpy7sy608150/,https://raw.githubusercontent.com/Andy11001/-alfa-inventory/master/data/images/VR3FPHPY7SY608150_clean.webp,Peugeot,Nowe 308,2025,0,KM,Hatchback,Szary Artense,New,125460 PLN,PLN,"{""addr1"": ""UL. OTOLIŃSKA 25"", ""city"": ""PŁOCK"", ""region"": ""MAZOWIECKIE"", ""country"": ""PL""}",52.5468,19.7064,LEASE,901 PLN,per month,Hybrid,Automatic,FWD
VR3USHPX9TJ739958,2008 Edition · od 779 PLN/mies.,Peugeot 2008 Edition · Rata od 779 PLN netto/mies. · Leasing B2B · Łódź · Sprawdź ofertę!,https://sklep.peugeot.pl/produkt/2008/vr3ushpx9tj739958/,https://raw.githubusercontent.com/Andy11001/-alfa-inventory/master/data/images/VR3USHPX9TJ739958_clean.webp,Peugeot,2008,2025,0,KM,SUV,Szary Artense,New,108400 PLN,PLN,"{""addr1"": ""UL. OBYWATELSKA 181"", ""city"": ""ŁÓDŹ"", ""region"": ""ŁÓDZKIE"", ""country"": ""PL""}",51.7371,19.4316,LEASE,779 PLN,per month,Hybrid,Automatic,FWD
VR3USHPV3TJ825152,2008 Edition · od 667 PLN/mies.,Peugeot 2008 Edition · Rata od 667 PLN netto/mies. · Leasing B2B · Poznań · Sprawdź ofertę!,https://sklep.peugeot.pl/produkt/2008/vr3ushpv3tj825152/,https://raw.githubusercontent.com/Andy11001/-alfa-inventory/master/data/images/VR3USHPV3TJ825152_clean.webp,Peugeot,2008,2025,0,KM,SUV,Szary Selenium,New,92600 PLN,PLN,"{""addr1"": ""UL. BOLESŁAWA KRZYWOUSTEGO 71"", ""city"": ""POZNAŃ"", ""region"": ""WIELKOPOLSKIE"", ""country"": ""PL""}",52.3787,17.0270,LEASE,667 PLN,per month,Gasoline,Manual,FWD
VF3VNFC17TZ062886,Traveller Business Vip · od 1787 PLN/mies.,Peugeot Traveller Business Vip · Rata od 1787 PLN netto/mies. · Leasing B2B · Wrocław · Sprawdź ofertę!,https://sklep.peugeot.pl/produkt/traveller/vf3vnfc17tz062886/,https://raw.githubusercontent.com/Andy11001/-alfa-inventory/master/data/images/VF3VNFC17TZ062886_clean.webp,Peugeot,Traveller,2025,0,KM,Hatchback,Zielony Kapari Metaliczny,New,250325 PLN,PLN,"{""addr1"": ""UL. SZCZECIŃSKA 7"", ""city"": ""WROCŁAW"", ""region"": ""DOLNOŚLĄSKIE"", ""country"": ""PL""}",51.1274,16.9535,LEASE,1787 PLN,per month,Diesel,Automatic,FWD
VR3USHPV3TJ825605,2008 Edition · od 687 PLN/mies.,Peugeot 2008 Edition · Rata od 687 PLN netto/mies. · Leasing B2B · Poznań · Sprawdź ofertę!,https://sklep.peugeot.pl/produkt/2008/vr3ushpv3tj825605/,https://raw.githubusercontent.com/Andy11001/-alfa-inventory/master/data/images/VR3USHPV3TJ825605_clean.webp,Peugeot,2008,2025,0,KM,SUV,Szary Selenium,New,95400 PLN,PLN,"{""addr1"": ""UL. BOLESŁAWA KRZYWOUSTEGO 71"", ""city"": ""POZNAŃ"", ""region"": ""WIELKOPOLSKIE"", ""country"": ""PL""}",52.3787,17.0270,LEASE,687 PLN,per month,Gasoline,Manual,FWD
VR3USHPV5TJ735985,2008 Edition · od 667 PLN/mies.,Peugeot 2008 Edition · Rata od 667 PLN netto/mies. · Leasing B2B · Ełk · Sprawdź ofertę!,https://sklep.peugeot.pl/produkt/2008/vr3ushpv5tj735985/,https://raw.githubusercontent.com/Andy11001/-alfa-inventory/master/data/images/VR3USHPV5TJ735985_clean.webp,Peugeot,2008,2025,0,KM,SUV,Niebieski Obsession,New,92600 PLN,PLN,"{""addr1"": ""UL. SUWALSKA 2"", ""city"": ""EŁK"", ""region"": ""WARMIŃSKO-MAZURSKIE"", ""country"": ""PL""}",53.8281,22.3647,LEASE,667 PLN,per month,Gasoline,Manual,FWD
VR3USHPV7TJ809911,2008 Edition · od 648 PLN/mies.,Peugeot 2008 Edition · Rata od 648 PLN netto/mies. · Leasing B2B · Katowice · Sprawdź ofertę!,https://sklep.peugeot.pl/produkt/2008/vr3ushpv7tj809911/,https://raw.githubusercontent.com/Andy11001/-alfa-inventory/master/data/images/VR3USHPV7TJ809911_clean.webp,Peugeot,2008,2025,0,KM,SUV,Bialy Okenite,New,89900 PLN,PLN,"{""addr1"": ""AL. ROŹDZIEŃSKIEGO 170"", ""city"": ""KATOWICE"", ""region"": ""ŚLĄSKIE"", ""country"": ""PL""}",50.2649,19.0238,LEASE,648 PLN,per month,Gasoline,Manual,FWD
VR3USHPX3TJ729846,2008 Edition · od 760 PLN/mies.,Peugeot 2008 Edition · Rata od 760 PLN netto/mies. · Leasing B2B · Bydgoszcz · Sprawdź ofertę!,https://sklep.peugeot.pl/produkt/2008/vr3ushpx3tj729846/,https://raw.githubusercontent.com/Andy11001/-alfa-inventory/master/data/images/VR3USHPX3TJ729846_clean.webp,Peugeot,2008,2025,0,KM,SUV,Niebieski Obsession,New,105600 PLN,PLN,"{""addr1"": ""UL. FORDOŃSKA 353"", ""city"": ""BYDGOSZCZ"", ""region"": ""KUJAWSKO-POMORSKIE"", ""country"": ""PL""}",53.1235,18.0084,LEASE,760 PLN,per month,Hybrid,Automatic,FWD
VR3UPHPX4T5109209,208 Edition · od 631 PLN/mies.,Peugeot 208 Edition · Rata od 631 PLN netto/mies. · Leasing B2B · Słupsk · Sprawdź ofertę!,https://sklep.peugeot.pl/produkt/208/vr3uphpx4t5109209/,https://raw.githubusercontent.com/Andy11001/-alfa-inventory/master/data/images/VR3UPHPX4T5109209_clean.webp,Peugeot,208,2025,0,KM,Hatchback,Czarny Perla Nera,New,87500 PLN,PLN,"{""addr1"": ""SŁUPSK"", ""city"": ""SŁUPSK"", ""region"": ""MAZOWIECKIE"", ""country"": ""PL""}",,,LEASE,631 PLN,per month,Hybrid,Automatic,FWD
VR3USHPV1TJ735983,2008 Edition · od 647 PLN/mies.,Peugeot 2008 Edition · Rata od 647 PLN netto/mies. · Leasing B2B · Świdnik · Sprawdź ofertę!,https://sklep.peugeot.pl/produkt/2008/vr3ushpv1tj735983/,https://raw.githubusercontent.com/Andy11001/-alfa-inventory/master/data/images/VR3USHPV1TJ735983_clean.webp,Peugeot,2008,2025,0,KM,SUV,Niebieski Obsession,New,89800 PLN,PLN,"{""addr1"": ""ŚWIDNIK"", ""city"": ""ŚWIDNIK"", ""region"": ""MAZOWIECKIE"", ""country"": ""PL""}",,,LEASE,647 PLN,per month,Gasoline,Manual,FWD
VR3EGHPJ8TN569327,Rifter Allure · od 770 PLN/mies.,Peugeot Rifter Allure · Rata od 770 PLN netto/mies. · Leasing B2B · Warszawa · Sprawdź ofertę!,https://sklep.peugeot.pl/produkt/rifter/vr3eghpj8tn569327/,https://raw.githubusercontent.com/Andy11001/-alfa-inventory/master/data/images/VR3EGHPJ8TN569327_clean.webp,Peugeot,Rifter,2025,0,KM,Hatchback,Bialy Icy White,New,107070 PLN,PLN,"{""addr1"": ""AL. KRAKOWSKA 206"", ""city"": ""WARSZAWA"", ""region"": ""MAZOWIECKIE"", ""country"": ""PL""}",52.2084,20.9412,LEASE,770 PLN,per month,Gasoline,Manual,FWD
VR3USHPX6TJ761948,2008 Edition · od 779 PLN/mies.,Peugeot 2008 Edition · Rata od 779 PLN netto/mies. · Leasing B2B · Sosnowiec · Sprawdź ofertę!,https://sklep.peugeot.pl/produkt/2008/vr3ushpx6tj761948/,https://raw.githubusercontent.com/Andy11001/-alfa-inventory/master/data/images/VR3USHPX6TJ761948_clean.jpg,Peugeot,2008,2025,0,KM,SUV,Szary Artense,New,108400 PLN,PLN,"{""addr1"": ""UL. WOJSKA POLSKIEGO 45"", ""city"": ""SOSNOWIEC"", ""region"": ""ŚLĄSKIE"", ""country"": ""PL""}",50.2863,19.1042,LEASE,779 PLN,per month,Hybrid,Automatic,FWD
VR3FPHPY6TY563798,Nowe 308 · od 854 PLN/mies.,Peugeot Nowe 308 · Rata od 854 PLN netto/mies. · Leasing B2B · Katowice · Sprawdź ofertę!,https://sklep.peugeot.pl/produkt/nowe-308/vr3fphpy6ty563798/,https://raw.githubusercontent.com/Andy11001/-alfa-inventory/master/data/images/VR3FPHPY6TY563798_clean.webp,Peugeot,Nowe 308,2025,0,KM,Hatchback,Czerwony Elixir,New,118900 PLN,PLN,"{""addr1"": ""AL. ROŹDZIEŃSKIEGO 170"", ""city"": ""KATOWICE"", ""region"": ""ŚLĄSKIE"", ""country"": ""PL""}",50.2649,19.0238,LEASE,854 PLN,per month,Hybrid,Automatic,FWD
VF3VNFC19TZ068513,Traveller Business Vip · od 1709 PLN/mies.,Peugeot Traveller Business Vip · Rata od 1709 PLN netto/mies. · Leasing B2B · Warszawa · Sprawdź ofertę!,https://sklep.peugeot.pl/produkt/traveller/vf3vnfc19tz068513/,https://raw.githubusercontent.com/Andy11001/-alfa-inventory/master/data/images/VF3VNFC19TZ068513_clean.webp,Peugeot,Traveller,2025,0,KM,Hatchback,Zielony Kapari Metaliczny,New,239275 PLN,PLN,"{""addr1"": ""AL. KRAKOWSKA 206"", ""city"": ""WARSZAWA"", ""region"": ""MAZOWIECKIE"", ""country"": ""PL""}",52.2084,20.9412,LEASE,1709 PLN,per month,Diesel,Automatic,FWD
VF3VNFC17TZ068932,Traveller Business · od 1640 PLN/mies.,Peugeot Traveller Business · Rata od 1640 PLN netto/mies. · Leasing B2B · Białystok · Sprawdź ofertę!,https://sklep.peugeot.pl/produkt/traveller/vf3vnfc17tz068932/,https://raw.githubusercontent.com/Andy11001/-alfa-inventory/master/data/images/VF3VNFC17TZ068932_clean.webp,Peugeot,Traveller,2025,0,KM,Hatchback,Zielony Kapari Metaliczny,New,229585 PLN,PLN,"{""addr1"": ""UL. ELEWATORSKA 60"", ""city"": ""BIAŁYSTOK"", ""region"": ""PODLASKIE"", ""country"": ""PL""}",53.1325,23.1688,LEASE,1640 PLN,per month,Diesel,Automatic,FWD
VR3EBYHZXTJ833478,Rifter Gt · od 1019 PLN/mies.,Peugeot Rifter Gt · Rata od 1019 PLN netto/mies. · Leasing B2B · Szczecin · Sprawdź ofertę!,https://sklep.peugeot.pl/produkt/rifter/vr3ebyhzxtj833478/,https://raw.githubusercontent.com/Andy11001/-alfa-inventory/master/data/images/VR3EBYHZXTJ833478_clean.webp,Peugeot,Rifter,2025,0,KM,Hatchback,Niebieski Kiama,New,142179 PLN,PLN,"{""addr1"": ""UL. STRUGA 1B"", ""city"": ""SZCZECIN"", ""region"": ""ZACHODNIOPOMORSKIE"", ""country"": ""PL""}",53.3891,14.6543,LEASE,1019 PLN,per month,Diesel,Automatic,FWD
VR3EBYHZ5TN552777,Rifter Gt · od 985 PLN/mies.,Peugeot Rifter Gt · Rata od 985 PLN netto/mies. · Leasing B2B · Płock · Sprawdź ofertę!,https://sklep.peugeot.pl/produkt/rifter/vr3ebyhz5tn552777/,https://raw.githubusercontent.com/Andy11001/-alfa-inventory/master/data/images/VR3EBYHZ5TN552777_clean.webp,Peugeot,Rifter,2025,0,KM,Hatchback,Szary Artense,New,137282 PLN,PLN,"{""addr1"": ""UL. OTOLIŃSKA 25"", ""city"": ""PŁOCK"", ""region"": ""MAZOWIECKIE"", ""country"": ""PL""}",52.5468,19.7064,LEASE,985 PLN,per month,Diesel,Automatic,FWD
VR3EBYHZ3TN569058,Rifter Gt · od 985 PLN/mies.,Peugeot Rifter Gt · Rata od 985 PLN netto/mies. · Leasing B2B · Bydgoszcz · Sprawdź ofertę!,https://sklep.peugeot.pl/produkt/rifter/vr3ebyhz3tn569058/,https://raw.githubusercontent.com/Andy11001/-alfa-inventory/master/data/images/VR3EBYHZ3TN569058_clean.webp,Peugeot,Rifter,2025,0,KM,Hatchback,Zielony Sirkka,New,137282 PLN,PLN,"{""addr1"": ""UL. FORDOŃSKA 353"", ""city"": ""BYDGOSZCZ"", ""region"": ""KUJAWSKO-POMORSKIE"", ""country"": ""PL""}",53.1235,18.0084,LEASE,985 PLN,per month,Diesel,Automatic,FWD
VR3EBYHZ1TN569060,Rifter Gt · od 985 PLN/mies.,Peugeot Rifter Gt · Rata od 985 PLN netto/mies. · Leasing B2B · Krasne · Sprawdź ofertę!,https://sklep.peugeot.pl/produkt/rifter/vr3ebyhz1tn569060/,https://raw.githubusercontent.com/Andy11001/-alfa-inventory/master/data/images/VR3EBYHZ1TN569060_clean.webp,Peugeot,Rifter,2025,0,KM,Hatchback,Zielony Sirkka,New,137282 PLN,PLN,"{""addr1"": ""KRASNE"", ""city"": ""KRASNE"", ""region"": ""MAZOWIECKIE"", ""country"": ""PL""}",,,LEASE,985 PLN,per month,Diesel,Automatic,FWD
VR3UPHPY0T5129160,208 Allure · od 755 PLN/mies.,Peugeot 208 Allure · Rata od 755 PLN netto/mies. · Leasing B2B · Warszawa · Sprawdź ofertę!,https://sklep.peugeot.pl/produkt/208/vr3uphpy0t5129160/,https://raw.githubusercontent.com/Andy11001/-alfa-inventory/master/data/images/VR3UPHPY0T5129160_clean.webp,Peugeot,208,2025,0,KM,Hatchback,Zolty Agueda,New,104900 PLN,PLN,"{""addr1"": ""AL. KRAKOWSKA 206"", ""city"": ""WARSZAWA"", ""region"": ""MAZOWIECKIE"", ""country"": ""PL""}",52.2084,20.9412,LEASE,755 PLN,per month,Hybrid,Automatic,FWD
VR3UPHPX8T5128863,208 Allure · od 722 PLN/mies.,Peugeot 208 Allure · Rata od 722 PLN netto/mies. · Leasing B2B · Łódź · Sprawdź ofertę!,https://sklep.peugeot.pl/produkt/208/vr3uphpx8t5128863/,https://raw.githubusercontent.com/Andy11001/-alfa-inventory/master/data/images/VR3UPHPX8T5128863_clean.webp,Peugeot,208,2025,0,KM,Hatchback,Czerwony Elixir,New,100260 PLN,PLN,"{""addr1"": ""UL. OBYWATELSKA 181"", ""city"": ""ŁÓDŹ"", ""region"": ""ŁÓDZKIE"", ""country"": ""PL""}",51.7371,19.4316,LEASE,722 PLN,per month,Hybrid,Automatic,FWD
VR3UPHPX7T5128983,208 Allure · od 702 PLN/mies.,Peugeot 208 Allure · Rata od 702 PLN netto/mies. · Leasing B2B · Łódź · Sprawdź ofertę!,https://sklep.peugeot.pl/produkt/208/vr3uphpx7t5128983/,https://raw.githubusercontent.com/Andy11001/-alfa-inventory/master/data/images/VR3UPHPX7T5128983_clean.webp,Peugeot,208,2025,0,KM,Hatchback,Zolty Agueda,New,97470 PLN,PLN,"{""addr1"": ""UL. OBYWATELSKA 181"", ""city"": ""ŁÓDŹ"", ""region"": ""ŁÓDZKIE"", ""country"": ""PL""}",51.7371,19.4316,LEASE,702 PLN,per month,Hybrid,Automatic,FWD
VR3USHPX4TJ742556,2008 Edition · od 760 PLN/mies.,Peugeot 2008 Edition · Rata od 760 PLN netto/mies. · Leasing B2B · Słupsk · Sprawdź ofertę!,https://sklep.peugeot.pl/produkt/2008/vr3ushpx4tj742556/,https://raw.githubusercontent.com/Andy11001/-alfa-inventory/master/data/images/VR3USHPX4TJ742556_clean.webp,Peugeot,2008,2025,0,KM,SUV,Niebieski Obsession,New,105600 PLN,PLN,"{""addr1"": ""SŁUPSK"", ""city"": ""SŁUPSK"", ""region"": ""MAZOWIECKIE"", ""country"": ""PL""}",,,LEASE,760 PLN,per month,Hybrid,Automatic,FWD
VR3UPHPX3T5129175,208 Business · od 631 PLN/mies.,Peugeot 208 Business · Rata od 631 PLN netto/mies. · Leasing B2B · Warszawa · Sprawdź ofertę!,https://sklep.peugeot.pl/produkt/208/vr3uphpx3t5129175/,https://raw.githubusercontent.com/Andy11001/-alfa-inventory/master/data/images/VR3UPHPX3T5129175_clean.webp,Peugeot,208,2025,0,KM,Hatchback,Zolty Agueda,New,87480 PLN,PLN,"{""addr1"": ""AL. KRAKOWSKA 206"", ""city"": ""WARSZAWA"", ""region"": ""MAZOWIECKIE"", ""country"": ""PL""}",52.2084,20.9412,LEASE,631 PLN,per month,Hybrid,Automatic,FWD
VF3VNFC14TZ068922,Traveller Business · od 1640 PLN/mies.,Peugeot Traveller Business · Rata od 1640 PLN netto/mies. · Leasing B2B · Katowice · Sprawdź ofertę!,https://sklep.peugeot.pl/produkt/traveller/vf3vnfc14tz068922/,https://raw.githubusercontent.com/Andy11001/-alfa-inventory/master/data/images/VF3VNFC14TZ068922_clean.webp,Peugeot,Traveller,2025,0,KM,Hatchback,Szary Artense Metaliczny,New,229585 PLN,PLN,"{""addr1"": ""AL. ROŹDZIEŃSKIEGO 170"", ""city"": ""KATOWICE"", ""region"": ""ŚLĄSKIE"", ""country"": ""PL""}",50.2649,19.0238,LEASE,1640 PLN,per month,Diesel,Automatic,FWD
VR3USHPX9TJ729849,2008 Edition · od 760 PLN/mies.,Peugeot 2008 Edition · Rata od 760 PLN netto/mies. · Leasing B2B · Bielsko-Biała · Sprawdź ofertę!,https://sklep.peugeot.pl/produkt/2008/vr3ushpx9tj729849/,https://raw.githubusercontent.com/Andy11001/-alfa-inventory/master/data/images/VR3USHPX9TJ729849_clean.webp,Peugeot,2008,2025,0,KM,SUV,Niebieski Obsession,New,105600 PLN,PLN,"{""addr1"": ""UL. WARSZAWSKA 15"", ""city"": ""BIELSKO-BIAŁA"", ""region"": ""ŚLĄSKIE"", ""country"": ""PL""}",49.8225,19.0444,LEASE,760 PLN,per month,Hybrid,Automatic,FWD
VR3UPHPX8T5124084,208 Edition · od 631 PLN/mies.,Peugeot 208 Edition · Rata od 631 PLN netto/mies. · Leasing B2B · Opole · Sprawdź ofertę!,https://sklep.peugeot.pl/produkt/208/vr3uphpx8t5124084/,https://raw.githubusercontent.com/Andy11001/-alfa-inventory/master/data/images/VR3UPHPX8T5124084_clean.webp,Peugeot,208,2025,0,KM,Hatchback,Szary Artense,New,87500 PLN,PLN,"{""addr1"": ""UL. WROCŁAWSKA 137"", ""city"": ""OPOLE"", ""region"": ""OPOLSKIE"", ""country"": ""PL""}",50.6751,17.9213,LEASE,631 PLN,per month,Hybrid,Automatic,FWD
VR3F4DGM1SY601905,Nowe 308 SW Gt · od 1074 PLN/mies.,Peugeot Nowe 308 SW Gt · Rata od 1074 PLN netto/mies. · Leasing B2B · Warszawa · Sprawdź ofertę!,https://sklep.peugeot.pl/produkt/nowe-308-sw/vr3f4dgm1sy601905/,https://raw.githubusercontent.com/Andy11001/-alfa-inventory/master/data/images/VR3F4DGM1SY601905_clean.webp,Peugeot,Nowe 308 SW,2025,0,KM,Wagon,Niebieski Ingaro,New,149900 PLN,PLN,"{""addr1"": ""AL. KRAKOWSKA 206"", ""city"": ""WARSZAWA"", ""region"": ""MAZOWIECKIE"", ""country"": ""PL""}",52.2084,20.9412,LEASE,1074 PLN,per month,Plug-in Hybrid,Automatic,FWD
VR3FPHPY0TY551694,Nowe 308 Gt Exclusive · od 925 PLN/mies.,Peugeot Nowe 308 Gt Exclusive · Rata od 925 PLN netto/mies. · Leasing B2B · Katowice · Sprawdź ofertę!,https://sklep.peugeot.pl/produkt/nowe-308/vr3fphpy0ty551694/,https://raw.githubusercontent.com/Andy11001/-alfa-inventory/master/data/images/VR3FPHPY0TY551694_clean.webp,Peugeot,Nowe 308,2025,0,KM,Hatchback,Czarny Perla Nera,New,128900 PLN,PLN,"{""addr1"": ""AL. ROŹDZIEŃSKIEGO 170"", ""city"": ""KATOWICE"", ""region"": ""ŚLĄSKIE"", ""country"": ""PL""}",50.2649,19.0238,LEASE,925 PLN,per month,Hybrid,Automatic,FWD
VR3UPHPY6T5120124,208 Gt · od 883 PLN/mies.,Peugeot 208 Gt · Rata od 883 PLN netto/mies. · Leasing B2B · Warszawa · Sprawdź ofertę!,https://sklep.peugeot.pl/produkt/208/vr3uphpy6t5120124/,https://raw.githubusercontent.com/Andy11001/-alfa-inventory/master/data/images/VR3UPHPY6T5120124_clean.webp,Peugeot,208,2025,0,KM,Hatchback,Czerwony Elixir,New,122940 PLN,PLN,"{""addr1"": ""AL. KRAKOWSKA 206"", ""city"": ""WARSZAWA"", ""region"": ""MAZOWIECKIE"", ""country"": ""PL""}",52.2084,20.9412,LEASE,883 PLN,per month,Hybrid,Automatic,FWD
VR3UPHPXXT4138851,208 Allure · od 712 PLN/mies.,Peugeot 208 Allure · Rata od 712 PLN netto/mies. · Leasing B2B · Katowice · Sprawdź ofertę!,https://sklep.peugeot.pl/produkt/208/vr3uphpxxt4138851/,https://raw.githubusercontent.com/Andy11001/-alfa-inventory/master/data/images/VR3UPHPXXT4138851_clean.webp,Peugeot,208,2025,0,KM,Hatchback,Czarny Perla Nera,New,98900 PLN,PLN,"{""addr1"": ""AL. ROŹDZIEŃSKIEGO 170"", ""city"": ""KATOWICE"", ""region"": ""ŚLĄSKIE"", ""country"": ""PL""}",50.2649,19.0238,LEASE,712 PLN,per month,Hybrid,Automatic,FWD
VR3UPHPX0T5124080,208 Edition · od 631 PLN/mies.,Peugeot 208 Edition · Rata od 631 PLN netto/mies. · Leasing B2B · Katowice · Sprawdź ofertę!,https://sklep.peugeot.pl/produkt/208/vr3uphpx0t5124080/,https://raw.githubusercontent.com/Andy11001/-alfa-inventory/master/data/images/VR3UPHPX0T5124080_clean.webp,Peugeot,208,2025,0,KM,Hatchback,Szary Artense,New,87500 PLN,PLN,"{""addr1"": ""AL. ROŹDZIEŃSKIEGO 170"", ""city"": ""KATOWICE"", ""region"": ""ŚLĄSKIE"", ""country"": ""PL""}",50.2649,19.0238,LEASE,631 PLN,per month,Hybrid,Automatic,FWD
VR3UPHPX2T5124081,208 Edition · od 631 PLN/mies.,Peugeot 208 Edition · Rata od 631 PLN netto/mies. · Leasing B2B · Bielsko-Biała · Sprawdź ofertę!,https://sklep.peugeot.pl/produkt/208/vr3uphpx2t5124081/,https://raw.githubusercontent.com/Andy11001/-alfa-inventory/master/data/images/VR3UPHPX2T5124081_clean.webp,Peugeot,208,2025,0,KM,Hatchback,Szary Artense,New,87500 PLN,PLN,"{""addr1"": ""UL. WARSZAWSKA 15"", ""city"": ""BIELSKO-BIAŁA"", ""region"": ""ŚLĄSKIE"", ""country"": ""PL""}",49.8225,19.0444,LEASE,631 PLN,per month,Hybrid,Automatic,FWD
VR3UPHPX9T5123915,208 Edition · od 614 PLN/mies.,Peugeot 208 Edition · Rata od 614 PLN netto/mies. · Leasing B2B · Bielsko-Biała · Sprawdź ofertę!,https://sklep.peugeot.pl/produkt/208/vr3uphpx9t5123915/,https://raw.githubusercontent.com/Andy11001/-alfa-inventory/master/data/images/VR3UPHPX9T5123915_clean.webp,Peugeot,208,2025,0,KM,Hatchback,Zolty Agueda,New,85100 PLN,PLN,"{""addr1"": ""UL. WARSZAWSKA 15"", ""city"": ""BIELSKO-BIAŁA"", ""region"": ""ŚLĄSKIE"", ""country"": ""PL""}",49.8225,19.0444,LEASE,614 PLN,per month,Hybrid,Automatic,FWD
VR3FRHPY0TY556548,Nowe 308 SW Gt Exclusive · od 965 PLN/mies.,Peugeot Nowe 308 SW Gt Exclusive · Rata od 965 PLN netto/mies. · Leasing B2B · Katowice · Sprawdź ofertę!,https://sklep.peugeot.pl/produkt/nowe-308-sw/vr3frhpy0ty556548/,https://raw.githubusercontent.com/Andy11001/-alfa-inventory/master/data/images/VR3FRHPY0TY556548_clean.webp,Peugeot,Nowe 308 SW,2025,0,KM,Wagon,Czarny Perla Nera,New,134500 PLN,PLN,"{""addr1"": ""AL. ROŹDZIEŃSKIEGO 170"", ""city"": ""KATOWICE"", ""region"": ""ŚLĄSKIE"", ""country"": ""PL""}",50.2649,19.0238,LEASE,965 PLN,per month,Hybrid,Automatic,FWD
VR3USHPY0TJ837138,2008 Gt Exclusive · od 988 PLN/mies.,Peugeot 2008 Gt Exclusive · Rata od 988 PLN netto/mies. · Leasing B2B · Sosnowiec · Sprawdź ofertę!,https://sklep.peugeot.pl/produkt/2008/vr3ushpy0tj837138/,https://raw.githubusercontent.com/Andy11001/-alfa-inventory/master/data/images/VR3USHPY0TJ837138_clean.webp,Peugeot,2008,2025,0,KM,SUV,Szary Selenium,New,137725 PLN,PLN,"{""addr1"": ""UL. WOJSKA POLSKIEGO 45"", ""city"": ""SOSNOWIEC"", ""region"": ""ŚLĄSKIE"", ""country"": ""PL""}",50.2863,19.1042,LEASE,988 PLN,per month,Hybrid,Automatic,FWD
VR3USHPY0TJ837141,2008 Gt Exclusive · od 988 PLN/mies.,Peugeot 2008 Gt Exclusive · Rata od 988 PLN netto/mies. · Leasing B2B · Sosnowiec · Sprawdź ofertę!,https://sklep.peugeot.pl/produkt/2008/vr3ushpy0tj837141/,https://raw.githubusercontent.com/Andy11001/-alfa-inventory/master/data/images/VR3USHPY0TJ837141_clean.webp,Peugeot,2008,2025,0,KM,SUV,Szary Selenium,New,137725 PLN,PLN,"{""addr1"": ""UL. WOJSKA POLSKIEGO 45"", ""city"": ""SOSNOWIEC"", ""region"": ""ŚLĄSKIE"", ""country"": ""PL""}",50.2863,19.1042,LEASE,988 PLN,per month,Hybrid,Automatic,FWD
VR3USHPY9TJ837140,2008 Gt Exclusive · od 988 PLN/mies.,Peugeot 2008 Gt Exclusive · Rata od 988 PLN netto/mies. · Leasing B2B · Sosnowiec · Sprawdź ofertę!,https://sklep.peugeot.pl/produkt/2008/vr3ushpy9tj837140/,https://raw.githubusercontent.com/Andy11001/-alfa-inventory/master/data/images/VR3USHPY9TJ837140_clean.webp,Peugeot,2008,2025,0,KM,SUV,Szary Selenium,New,137725 PLN,PLN,"{""addr1"": ""UL. WOJSKA POLSKIEGO 45"", ""city"": ""SOSNOWIEC"", ""region"": ""ŚLĄSKIE"", ""country"": ""PL""}",50.2863,19.1042,LEASE,988 PLN,per month,Hybrid,Automatic,FWD
VR3UPHPX8T5124277,208 Allure · od 740 PLN/mies.,Peugeot 208 Allure · Rata od 740 PLN netto/mies. · Leasing B2B · Katowice · Sprawdź ofertę!,https://sklep.peugeot.pl/produkt/208/vr3uphpx8t5124277/,https://raw.githubusercontent.com/Andy11001/-alfa-inventory/master/data/images/VR3UPHPX8T5124277_clean.webp,Peugeot,208,2025,0,KM,Hatchback,Szary Selenium,New,102900 PLN,PLN,"{""addr1"": ""AL. ROŹDZIEŃSKIEGO 170"", ""city"": ""KATOWICE"", ""region"": ""ŚLĄSKIE"", ""country"": ""PL""}",50.2649,19.0238,LEASE,740 PLN,per month,Hybrid,Automatic,FWD
VR3UPHPX7T5124013,208 Allure · od 726 PLN/mies.,Peugeot 208 Allure · Rata od 726 PLN netto/mies. · Leasing B2B · Katowice · Sprawdź ofertę!,https://sklep.peugeot.pl/produkt/208/vr3uphpx7t5124013/,https://raw.githubusercontent.com/Andy11001/-alfa-inventory/master/data/images/VR3UPHPX7T5124013_clean.webp,Peugeot,208,2025,0,KM,Hatchback,Szary Artense,New,100900 PLN,PLN,"{""addr1"": ""AL. ROŹDZIEŃSKIEGO 170"", ""city"": ""KATOWICE"", ""region"": ""ŚLĄSKIE"", ""country"": ""PL""}",50.2649,19.0238,LEASE,726 PLN,per month,Hybrid,Automatic,FWD
VR3UPHPX2T5123979,208 Allure · od 716 PLN/mies.,Peugeot 208 Allure · Rata od 716 PLN netto/mies. · Leasing B2B · Białystok · Sprawdź ofertę!,https://sklep.peugeot.pl/produkt/208/vr3uphpx2t5123979/,https://raw.githubusercontent.com/Andy11001/-alfa-inventory/master/data/images/VR3UPHPX2T5123979_clean.webp,Peugeot,208,2025,0,KM,Hatchback,Szary Selenium,New,99450 PLN,PLN,"{""addr1"": ""UL. ELEWATORSKA 60"", ""city"": ""BIAŁYSTOK"", ""region"": ""PODLASKIE"", ""country"": ""PL""}",53.1325,23.1688,LEASE,716 PLN,per month,Hybrid,Automatic,FWD
VR3USHPX2TJ733032,2008 Edition · od 760 PLN/mies.,Peugeot 2008 Edition · Rata od 760 PLN netto/mies. · Leasing B2B · Częstochowa · Sprawdź ofertę!,https://sklep.peugeot.pl/produkt/2008/vr3ushpx2tj733032/,https://raw.githubusercontent.com/Andy11001/-alfa-inventory/master/data/images/VR3USHPX2TJ733032_clean.webp,Peugeot,2008,2025,0,KM,SUV,Niebieski Obsession,New,105600 PLN,PLN,"{""addr1"": ""CZĘSTOCHOWA"", ""city"": ""CZĘSTOCHOWA"", ""region"": ""MAZOWIECKIE"", ""country"": ""PL""}",,,LEASE,760 PLN,per month,Hybrid,Automatic,FWD
VR3UPHPX2T5124274,208 Edition · od 631 PLN/mies.,Peugeot 208 Edition · Rata od 631 PLN netto/mies. · Leasing B2B · Katowice · Sprawdź ofertę!,https://sklep.peugeot.pl/produkt/208/vr3uphpx2t5124274/,https://raw.githubusercontent.com/Andy11001/-alfa-inventory/master/data/images/VR3UPHPX2T5124274_clean.webp,Peugeot,208,2025,0,KM,Hatchback,Bialy Okenite,New,87500 PLN,PLN,"{""addr1"": ""AL. ROŹDZIEŃSKIEGO 170"", ""city"": ""KATOWICE"", ""region"": ""ŚLĄSKIE"", ""country"": ""PL""}",50.2649,19.0238,LEASE,631 PLN,per month,Hybrid,Automatic,FWD
VR3UPHPX2T5124078,208 Edition · od 631 PLN/mies.,Peugeot 208 Edition · Rata od 631 PLN netto/mies. · Leasing B2B · Wrocław · Sprawdź ofertę!,https://sklep.peugeot.pl/produkt/208/vr3uphpx2t5124078/,https://raw.githubusercontent.com/Andy11001/-alfa-inventory/master/data/images/VR3UPHPX2T5124078_clean.webp,Peugeot,208,2025,0,KM,Hatchback,Szary Artense,New,87500 PLN,PLN,"{""addr1"": ""UL. SZCZECIŃSKA 7"", ""city"": ""WROCŁAW"", ""region"": ""DOLNOŚLĄSKIE"", ""country"": ""PL""}",51.1274,16.9535,LEASE,631 PLN,per month,Hybrid,Automatic,FWD
VR3USHPX7TJ823177,2008 Edition · od 760 PLN/mies.,Peugeot 2008 Edition · Rata od 760 PLN netto/mies. · Leasing B2B · Poznań · Sprawdź ofertę!,https://sklep.peugeot.pl/produkt/2008/vr3ushpx7tj823177/,https://raw.githubusercontent.com/Andy11001/-alfa-inventory/master/data/images/VR3USHPX7TJ823177_clean.webp,Peugeot,2008,2025,0,KM,SUV,Bialy Okenite,New,105700 PLN,PLN,"{""addr1"": ""UL. BOLESŁAWA KRZYWOUSTEGO 71"", ""city"": ""POZNAŃ"", ""region"": ""WIELKOPOLSKIE"", ""country"": ""PL""}",52.3787,17.0270,LEASE,760 PLN,per month,Hybrid,Automatic,FWD
VR3USHPY9TJ835677,2008 Allure · od 868 PLN/mies.,Peugeot 2008 Allure · Rata od 868 PLN netto/mies. · Leasing B2B · Elbląg · Sprawdź ofertę!,https://sklep.peugeot.pl/produkt/2008/vr3ushpy9tj835677/,https://raw.githubusercontent.com/Andy11001/-alfa-inventory/master/data/images/VR3USHPY9TJ835677_clean.webp,Peugeot,2008,2025,0,KM,SUV,Niebieski Obsession,New,120838 PLN,PLN,"{""addr1"": ""UL. KAZIMIERZOWO 4"", ""city"": ""ELBLĄG"", ""region"": ""WARMIŃSKO-MAZURSKIE"", ""country"": ""PL""}",54.1522,19.4040,LEASE,868 PLN,per month,Hybrid,Automatic,FWD
VR3UPHPXXT5120523,208 Allure · od 738 PLN/mies.,Peugeot 208 Allure · Rata od 738 PLN netto/mies. · Leasing B2B · Wieliczka · Sprawdź ofertę!,https://sklep.peugeot.pl/produkt/208/vr3uphpxxt5120523/,https://raw.githubusercontent.com/Andy11001/-alfa-inventory/master/data/images/VR3UPHPXXT5120523_clean.webp,Peugeot,208,2025,0,KM,Hatchback,Czerwony Elixir,New,102510 PLN,PLN,"{""addr1"": ""WIELICZKA"", ""city"": ""WIELICZKA"", ""region"": ""MAZOWIECKIE"", ""country"": ""PL""}",,,LEASE,738 PLN,per month,Hybrid,Automatic,FWD
VR3UPHPX4T5123692,208 Allure · od 734 PLN/mies.,Peugeot 208 Allure · Rata od 734 PLN netto/mies. · Leasing B2B · Grębów · Sprawdź ofertę!,https://sklep.peugeot.pl/produkt/208/vr3uphpx4t5123692/,https://raw.githubusercontent.com/Andy11001/-alfa-inventory/master/data/images/VR3UPHPX4T5123692_clean.webp,Peugeot,208,2025,0,KM,Hatchback,Szary Selenium,New,101970 PLN,PLN,"{""addr1"": ""GRĘBÓW"", ""city"": ""GRĘBÓW"", ""region"": ""MAZOWIECKIE"", ""country"": ""PL""}",,,LEASE,734 PLN,per month,Hybrid,Automatic,FWD
VR3USHPX1TJ823269,2008 Edition · od 740 PLN/mies.,Peugeot 2008 Edition · Rata od 740 PLN netto/mies. · Leasing B2B · Świdnik · Sprawdź ofertę!,https://sklep.peugeot.pl/produkt/2008/vr3ushpx1tj823269/,https://raw.githubusercontent.com/Andy11001/-alfa-inventory/master/data/images/VR3USHPX1TJ823269_clean.webp,Peugeot,2008,2025,0,KM,SUV,Niebieski Obsession,New,102900 PLN,PLN,"{""addr1"": ""ŚWIDNIK"", ""city"": ""ŚWIDNIK"", ""region"": ""MAZOWIECKIE"", ""country"": ""PL""}",,,LEASE,740 PLN,per month,Hybrid,Automatic,FWD
VF3VNFC1XTU470571,Traveller Business · od 1500 PLN/mies.,Peugeot Traveller Business · Rata od 1500 PLN netto/mies. · Leasing B2B · Gorzów Wielkopolski · Sprawdź ofertę!,https://sklep.peugeot.pl/produkt/traveller/vf3vnfc1xtu470571/,https://raw.githubusercontent.com/Andy11001/-alfa-inventory/master/data/images/VF3VNFC1XTU470571_clean.webp,Peugeot,Traveller,2025,0,KM,Hatchback,Szary Titane Metaliczny,New,209865 PLN,PLN,"{""addr1"": ""GORZÓW WIELKOPOLSKI"", ""city"": ""GORZÓW WIELKOPOLSKI"", ""region"": ""MAZOWIECKIE"", ""country"": ""PL""}",,,LEASE,1500 PLN,per month,Diesel,Automatic,FWD
VF3VNFC11TU470698,Traveller Business · od 1500 PLN/mies.,Peugeot Traveller Business · Rata od 1500 PLN netto/mies. · Leasing B2B · Gorzów Wielkopolski · Sprawdź ofertę!,https://sklep.peugeot.pl/produkt/traveller/vf3vnfc11tu470698/,https://raw.githubusercontent.com/Andy11001/-alfa-inventory/master/data/images/VF3VNFC11TU470698_clean.webp,Peugeot,Traveller,2025,0,KM,Hatchback,Szary Titane Metaliczny,New,209865 PLN,PLN,"{""addr1"": ""GORZÓW WIELKOPOLSKI"", ""city"": ""GORZÓW WIELKOPOLSKI"", ""region"": ""MAZOWIECKIE"", ""country"": ""PL""}",,,LEASE,1500 PLN,per month,Diesel,Automatic,FWD
VR3USHPV2TJ825479,2008 Edition · od 687 PLN/mies.,Peugeot 2008 Edition · Rata od 687 PLN netto/mies. · Leasing B2B · Kalisz · Sprawdź ofertę!,https://sklep.peugeot.pl/produkt/2008/vr3ushpv2tj825479/,https://raw.githubusercontent.com/Andy11001/-alfa-inventory/master/data/images/VR3USHPV2TJ825479_clean.webp,Peugeot,2008,2025,0,KM,SUV,Niebieski Obsession,New,95400 PLN,PLN,"{""addr1"": ""UL. CZĘSTOCHOWSKA 144"", ""city"": ""KALISZ"", ""region"": ""WIELKOPOLSKIE"", ""country"": ""PL""}",51.7612,18.0929,LEASE,687 PLN,per month,Gasoline,Manual,FWD
VR3USHPVXTJ825519,2008 Edition · od 668 PLN/mies.,Peugeot 2008 Edition · Rata od 668 PLN netto/mies. · Leasing B2B · Ełk · Sprawdź ofertę!,https://sklep.peugeot.pl/produkt/2008/vr3ushpvxtj825519/,https://raw.githubusercontent.com/Andy11001/-alfa-inventory/master/data/images/VR3USHPVXTJ825519_clean.webp,Peugeot,2008,2025,0,KM,SUV,Bialy Okenite,New,92700 PLN,PLN,"{""addr1"": ""UL. SUWALSKA 2"", ""city"": ""EŁK"", ""region"": ""WARMIŃSKO-MAZURSKIE"", ""country"": ""PL""}",53.8281,22.3647,LEASE,668 PLN,per month,Gasoline,Manual,FWD
VR3USHPV1TJ802615,2008 Edition · od 667 PLN/mies.,Peugeot 2008 Edition · Rata od 667 PLN netto/mies. · Leasing B2B · Szczecin · Sprawdź ofertę!,https://sklep.peugeot.pl/produkt/2008/vr3ushpv1tj802615/,https://raw.githubusercontent.com/Andy11001/-alfa-inventory/master/data/images/VR3USHPV1TJ802615_clean.webp,Peugeot,2008,2025,0,KM,SUV,Szary Selenium,New,92600 PLN,PLN,"{""addr1"": ""UL. STRUGA 1B"", ""city"": ""SZCZECIN"", ""region"": ""ZACHODNIOPOMORSKIE"", ""country"": ""PL""}",53.3891,14.6543,LEASE,667 PLN,per month,Gasoline,Manual,FWD
VR3USHPVXTJ825486,2008 Edition · od 647 PLN/mies.,Peugeot 2008 Edition · Rata od 647 PLN netto/mies. · Leasing B2B · Świdnik · Sprawdź ofertę!,https://sklep.peugeot.pl/produkt/2008/vr3ushpvxtj825486/,https://raw.githubusercontent.com/Andy11001/-alfa-inventory/master/data/images/VR3USHPVXTJ825486_clean.webp,Peugeot,2008,2025,0,KM,SUV,Czarny Perla Nera,New,89800 PLN,PLN,"{""addr1"": ""ŚWIDNIK"", ""city"": ""ŚWIDNIK"", ""region"": ""MAZOWIECKIE"", ""country"": ""PL""}",,,LEASE,647 PLN,per month,Gasoline,Manual,FWD
VR3USHPV0TJ825500,2008 Edition · od 630 PLN/mies.,Peugeot 2008 Edition · Rata od 630 PLN netto/mies. · Leasing B2B · Świdnik · Sprawdź ofertę!,https://sklep.peugeot.pl/produkt/2008/vr3ushpv0tj825500/,https://raw.githubusercontent.com/Andy11001/-alfa-inventory/master/data/images/VR3USHPV0TJ825500_clean.webp,Peugeot,2008,2025,0,KM,SUV,Bialy Okenite,New,87300 PLN,PLN,"{""addr1"": ""ŚWIDNIK"", ""city"": ""ŚWIDNIK"", ""region"": ""MAZOWIECKIE"", ""country"": ""PL""}",,,LEASE,630 PLN,per month,Gasoline,Manual,FWD
VR3UPHPX4T5118959,208 Edition · od 617 PLN/mies.,Peugeot 208 Edition · Rata od 617 PLN netto/mies. · Leasing B2B · Katowice · Sprawdź ofertę!,https://sklep.peugeot.pl/produkt/208/vr3uphpx4t5118959/,https://raw.githubusercontent.com/Andy11001/-alfa-inventory/master/data/images/VR3UPHPX4T5118959_clean.webp,Peugeot,208,2025,0,KM,Hatchback,Czarny Perla Nera,New,85500 PLN,PLN,"{""addr1"": ""AL. ROŹDZIEŃSKIEGO 170"", ""city"": ""KATOWICE"", ""region"": ""ŚLĄSKIE"", ""country"": ""PL""}",50.2649,19.0238,LEASE,617 PLN,per month,Hybrid,Automatic,FWD
VR3FMZKW8SY615967,Nowe 308 Gt · od 1377 PLN/mies.,Peugeot Nowe 308 Gt · Rata od 1377 PLN netto/mies. · Leasing B2B · Warszawa · Sprawdź ofertę!,https://sklep.peugeot.pl/produkt/nowe-308/vr3fmzkw8sy615967/,https://raw.githubusercontent.com/Andy11001/-alfa-inventory/master/data/images/VR3FMZKW8SY615967_clean.webp,Peugeot,Nowe 308,2025,0,KM,Hatchback,Niebieski Lagoa,New,169782 PLN,PLN,"{""addr1"": ""AL. KRAKOWSKA 206"", ""city"": ""WARSZAWA"", ""region"": ""MAZOWIECKIE"", ""country"": ""PL""}",52.2084,20.9412,LEASE,1377 PLN,per month,Electric,Automatic,FWD
VR3USHPY8TJ695380,2008 Gt Exclusive · od 960 PLN/mies.,Peugeot 2008 Gt Exclusive · Rata od 960 PLN netto/mies. · Leasing B2B · Sosnowiec · Sprawdź ofertę!,https://sklep.peugeot.pl/produkt/2008/vr3ushpy8tj695380/,https://raw.githubusercontent.com/Andy11001/-alfa-inventory/master/data/images/VR3USHPY8TJ695380_clean.webp,Peugeot,2008,2025,0,KM,SUV,Czarny Perla Nera,New,133875 PLN,PLN,"{""addr1"": ""UL. WOJSKA POLSKIEGO 45"", ""city"": ""SOSNOWIEC"", ""region"": ""ŚLĄSKIE"", ""country"": ""PL""}",50.2863,19.1042,LEASE,960 PLN,per month,Hybrid,Automatic,FWD
VR3USHPV8TJ825518,2008 Edition · od 668 PLN/mies.,Peugeot 2008 Edition · Rata od 668 PLN netto/mies. · Leasing B2B · Poznań · Sprawdź ofertę!,https://sklep.peugeot.pl/produkt/2008/vr3ushpv8tj825518/,https://raw.githubusercontent.com/Andy11001/-alfa-inventory/master/data/images/VR3USHPV8TJ825518_clean.webp,Peugeot,2008,2025,0,KM,SUV,Bialy Okenite,New,92700 PLN,PLN,"{""addr1"": ""UL. BOLESŁAWA KRZYWOUSTEGO 71"", ""city"": ""POZNAŃ"", ""region"": ""WIELKOPOLSKIE"", ""country"": ""PL""}",52.3787,17.0270,LEASE,668 PLN,per month,Gasoline,Manual,FWD
VR3USHPXXTJ732758,2008 Edition · od 760 PLN/mies.,Peugeot 2008 Edition · Rata od 760 PLN netto/mies. · Leasing B2B · Krasne · Sprawdź ofertę!,https://sklep.peugeot.pl/produkt/2008/vr3ushpxxtj732758/,https://raw.githubusercontent.com/Andy11001/-alfa-inventory/master/data/images/VR3USHPXXTJ732758_clean.webp,Peugeot,2008,2025,0,KM,SUV,Bialy Okenite,New,105700 PLN,PLN,"{""addr1"": ""KRASNE"", ""city"": ""KRASNE"", ""region"": ""MAZOWIECKIE"", ""country"": ""PL""}",,,LEASE,760 PLN,per month,Hybrid,Automatic,FWD
VR3UHZKW2T4188080,208 Gt · od 1844 PLN/mies.,Peugeot 208 Gt · Rata od 1844 PLN netto/mies. · Leasing B2B · Poznań · Sprawdź ofertę!,https://sklep.peugeot.pl/produkt/208/vr3uhzkw2t4188080/,https://raw.githubusercontent.com/Andy11001/-alfa-inventory/master/data/images/VR3UHZKW2T4188080_clean.webp,Peugeot,208,2025,0,KM,Hatchback,Czerwony Elixir,New,155667 PLN,PLN,"{""addr1"": ""UL. BOLESŁAWA KRZYWOUSTEGO 71"", ""city"": ""POZNAŃ"", ""region"": ""WIELKOPOLSKIE"", ""country"": ""PL""}",52.3787,17.0270,LEASE,1844 PLN,per month,Electric,Automatic,FWD
VR3UPHPX0T5118490,208 Allure · od 742 PLN/mies.,Peugeot 208 Allure · Rata od 742 PLN netto/mies. · Leasing B2B · Radom · Sprawdź ofertę!,https://sklep.peugeot.pl/produkt/208/vr3uphpx0t5118490/,https://raw.githubusercontent.com/Andy11001/-alfa-inventory/master/data/images/VR3UPHPX0T5118490_clean.webp,Peugeot,208,2025,0,KM,Hatchback,Czerwony Elixir,New,103140 PLN,PLN,"{""addr1"": ""UL. ŻÓŁKIEWSKIEGO 4"", ""city"": ""RADOM"", ""region"": ""MAZOWIECKIE"", ""country"": ""PL""}",51.4027,21.1471,LEASE,742 PLN,per month,Hybrid,Automatic,FWD
VR3USHPV7TJ732618,2008 Edition · od 648 PLN/mies.,Peugeot 2008 Edition · Rata od 648 PLN netto/mies. · Leasing B2B · Piła · Sprawdź ofertę!,https://sklep.peugeot.pl/produkt/2008/vr3ushpv7tj732618/,https://raw.githubusercontent.com/Andy11001/-alfa-inventory/master/data/images/VR3USHPV7TJ732618_clean.webp,Peugeot,2008,2025,0,KM,SUV,Bialy Okenite,New,89900 PLN,PLN,"{""addr1"": ""UL. WARSZTATOWA 6"", ""city"": ""PIŁA"", ""region"": ""WIELKOPOLSKIE"", ""country"": ""PL""}",53.1510,16.7384,LEASE,648 PLN,per month,Gasoline,Manual,FWD
VR3UPHPV3T5090845,208 Edition · od 521 PLN/mies.,Peugeot 208 Edition · Rata od 521 PLN netto/mies. · Leasing B2B · Poznań · Sprawdź ofertę!,https://sklep.peugeot.pl/produkt/208/vr3uphpv3t5090845/,https://raw.githubusercontent.com/Andy11001/-alfa-inventory/master/data/images/VR3UPHPV3T5090845_clean.webp,Peugeot,208,2025,0,KM,Hatchback,Zolty Agueda,New,72000 PLN,PLN,"{""addr1"": ""UL. BOLESŁAWA KRZYWOUSTEGO 71"", ""city"": ""POZNAŃ"", ""region"": ""WIELKOPOLSKIE"", ""country"": ""PL""}",52.3787,17.0270,LEASE,521 PLN,per month,Gasoline,Manual,FWD
VR3UKZKW7TJ825208,2008 Allure · od 1484 PLN/mies.,Peugeot 2008 Allure · Rata od 1484 PLN netto/mies. · Leasing B2B · Katowice · Sprawdź ofertę!,https://sklep.peugeot.pl/produkt/2008/vr3ukzkw7tj825208/,https://raw.githubusercontent.com/Andy11001/-alfa-inventory/master/data/images/VR3UKZKW7TJ825208_clean.webp,Peugeot,2008,2025,0,KM,SUV,Szary Selenium,New,151971 PLN,PLN,"{""addr1"": ""AL. ROŹDZIEŃSKIEGO 170"", ""city"": ""KATOWICE"", ""region"": ""ŚLĄSKIE"", ""country"": ""PL""}",50.2649,19.0238,LEASE,1484 PLN,per month,Electric,Automatic,FWD
VR3UPHPX0T5119526,208 Allure · od 718 PLN/mies.,Peugeot 208 Allure · Rata od 718 PLN netto/mies. · Leasing B2B · Wieliczka · Sprawdź ofertę!,https://sklep.peugeot.pl/produkt/208/vr3uphpx0t5119526/,https://raw.githubusercontent.com/Andy11001/-alfa-inventory/master/data/images/VR3UPHPX0T5119526_clean.webp,Peugeot,208,2025,0,KM,Hatchback,Zolty Agueda,New,99720 PLN,PLN,"{""addr1"": ""WIELICZKA"", ""city"": ""WIELICZKA"", ""region"": ""MAZOWIECKIE"", ""country"": ""PL""}",,,LEASE,718 PLN,per month,Hybrid,Automatic,FWD
VR3USHPX6TJ823588,2008 Edition · od 779 PLN/mies.,Peugeot 2008 Edition · Rata od 779 PLN netto/mies. · Leasing B2B · Poznań · Sprawdź ofertę!,https://sklep.peugeot.pl/produkt/2008/vr3ushpx6tj823588/,https://raw.githubusercontent.com/Andy11001/-alfa-inventory/master/data/images/VR3USHPX6TJ823588_clean.webp,Peugeot,2008,2025,0,KM,SUV,Niebieski Obsession,New,108400 PLN,PLN,"{""addr1"": ""UL. BOLESŁAWA KRZYWOUSTEGO 71"", ""city"": ""POZNAŃ"", ""region"": ""WIELKOPOLSKIE"", ""country"": ""PL""}",52.3787,17.0270,LEASE,779 PLN,per month,Hybrid,Automatic,FWD
VR3UPHPX9T5119332,208 Business · od 646 PLN/mies.,Peugeot 208 Business · Rata od 646 PLN netto/mies. · Leasing B2B · Gliwice · Sprawdź ofertę!,https://sklep.peugeot.pl/produkt/208/vr3uphpx9t5119332/,https://raw.githubusercontent.com/Andy11001/-alfa-inventory/master/data/images/VR3UPHPX9T5119332_clean.webp,Peugeot,208,2025,0,KM,Hatchback,Szary Selenium,New,89550 PLN,PLN,"{""addr1"": ""UL. TOSZECKA 101"", ""city"": ""GLIWICE"", ""region"": ""ŚLĄSKIE"", ""country"": ""PL""}",50.2945,18.6714,LEASE,646 PLN,per month,Hybrid,Automatic,FWD
VR3UPHPX9T5119363,208 Edition · od 614 PLN/mies.,Peugeot 208 Edition · Rata od 614 PLN netto/mies. · Leasing B2B · Stare Bielice · Sprawdź ofertę!,https://sklep.peugeot.pl/produkt/208/vr3uphpx9t5119363/,https://raw.githubusercontent.com/Andy11001/-alfa-inventory/master/data/images/VR3UPHPX9T5119363_clean.webp,Peugeot,208,2025,0,KM,Hatchback,Zolty Agueda,New,85100 PLN,PLN,"{""addr1"": ""STARE BIELICE"", ""city"": ""STARE BIELICE"", ""region"": ""MAZOWIECKIE"", ""country"": ""PL""}",,,LEASE,614 PLN,per month,Hybrid,Automatic,FWD
VR3UPHPX7T5119362,208 Edition · od 614 PLN/mies.,Peugeot 208 Edition · Rata od 614 PLN netto/mies. · Leasing B2B · Leszno · Sprawdź ofertę!,https://sklep.peugeot.pl/produkt/208/vr3uphpx7t5119362/,https://raw.githubusercontent.com/Andy11001/-alfa-inventory/master/data/images/VR3UPHPX7T5119362_clean.webp,Peugeot,208,2025,0,KM,Hatchback,Zolty Agueda,New,85100 PLN,PLN,"{""addr1"": ""UL. OKRZEI 12"", ""city"": ""LESZNO"", ""region"": ""WIELKOPOLSKIE"", ""country"": ""PL""}",51.8432,16.5751,LEASE,614 PLN,per month,Hybrid,Automatic,FWD
VR3UPHPX8T5119371,208 Edition · od 600 PLN/mies.,Peugeot 208 Edition · Rata od 600 PLN netto/mies. · Leasing B2B · Katowice · Sprawdź ofertę!,https://sklep.peugeot.pl/produkt/208/vr3uphpx8t5119371/,https://raw.githubusercontent.com/Andy11001/-alfa-inventory/master/data/images/VR3UPHPX8T5119371_clean.webp,Peugeot,208,2025,0,KM,Hatchback,Zolty Agueda,New,83100 PLN,PLN,"{""addr1"": ""AL. ROŹDZIEŃSKIEGO 170"", ""city"": ""KATOWICE"", ""region"": ""ŚLĄSKIE"", ""country"": ""PL""}",50.2649,19.0238,LEASE,600 PLN,per month,Hybrid,Automatic,FWD
VR3UPHPY7T4180547,208 Allure · od 763 PLN/mies.,Peugeot 208 Allure · Rata od 763 PLN netto/mies. · Leasing B2B · Łódź · Sprawdź ofertę!,https://sklep.peugeot.pl/produkt/208/vr3uphpy7t4180547/,https://raw.githubusercontent.com/Andy11001/-alfa-inventory/master/data/images/VR3UPHPY7T4180547_clean.webp,Peugeot,208,2025,0,KM,Hatchback,Szary Selenium,New,106020 PLN,PLN,"{""addr1"": ""UL. OBYWATELSKA 181"", ""city"": ""ŁÓDŹ"", ""region"": ""ŁÓDZKIE"", ""country"": ""PL""}",51.7371,19.4316,LEASE,763 PLN,per month,Hybrid,Automatic,FWD
VR3UPHPX1T5118594,208 Allure · od 729 PLN/mies.,Peugeot 208 Allure · Rata od 729 PLN netto/mies. · Leasing B2B · Wieliczka · Sprawdź ofertę!,https://sklep.peugeot.pl/produkt/208/vr3uphpx1t5118594/,https://raw.githubusercontent.com/Andy11001/-alfa-inventory/master/data/images/VR3UPHPX1T5118594_clean.webp,Peugeot,208,2025,0,KM,Hatchback,Czerwony Elixir,New,101250 PLN,PLN,"{""addr1"": ""WIELICZKA"", ""city"": ""WIELICZKA"", ""region"": ""MAZOWIECKIE"", ""country"": ""PL""}",,,LEASE,729 PLN,per month,Hybrid,Automatic,FWD
VR3USHPX9TJ823181,2008 Edition · od 760 PLN/mies.,Peugeot 2008 Edition · Rata od 760 PLN netto/mies. · Leasing B2B · Poznań · Sprawdź ofertę!,https://sklep.peugeot.pl/produkt/2008/vr3ushpx9tj823181/,https://raw.githubusercontent.com/Andy11001/-alfa-inventory/master/data/images/VR3USHPX9TJ823181_clean.webp,Peugeot,2008,2025,0,KM,SUV,Bialy Okenite,New,105700 PLN,PLN,"{""addr1"": ""UL. BOLESŁAWA KRZYWOUSTEGO 71"", ""city"": ""POZNAŃ"", ""region"": ""WIELKOPOLSKIE"", ""country"": ""PL""}",52.3787,17.0270,LEASE,760 PLN,per month,Hybrid,Automatic,FWD
VR3USHPX0TJ823179,2008 Edition · od 760 PLN/mies.,Peugeot 2008 Edition · Rata od 760 PLN netto/mies. · Leasing B2B · Poznań · Sprawdź ofertę!,https://sklep.peugeot.pl/produkt/2008/vr3ushpx0tj823179/,https://raw.githubusercontent.com/Andy11001/-alfa-inventory/master/data/images/VR3USHPX0TJ823179_clean.jpg,Peugeot,2008,2025,0,KM,SUV,Bialy Okenite,New,105700 PLN,PLN,"{""addr1"": ""UL. BOLESŁAWA KRZYWOUSTEGO 71"", ""city"": ""POZNAŃ"", ""region"": ""WIELKOPOLSKIE"", ""country"": ""PL""}",52.3787,17.0270,LEASE,760 PLN,per month,Hybrid,Automatic,FWD
VR3USHPX3TJ823242,2008 Edition · od 719 PLN/mies.,Peugeot 2008 Edition · Rata od 719 PLN netto/mies. · Leasing B2B · Świdnik · Sprawdź ofertę!,https://sklep.peugeot.pl/produkt/2008/vr3ushpx3tj823242/,https://raw.githubusercontent.com/Andy11001/-alfa-inventory/master/data/images/VR3USHPX3TJ823242_clean.webp,Peugeot,2008,2025,0,KM,SUV,Bialy Okenite,New,99900 PLN,PLN,"{""addr1"": ""ŚWIDNIK"", ""city"": ""ŚWIDNIK"", ""region"": ""MAZOWIECKIE"", ""country"": ""PL""}",,,LEASE,719 PLN,per month,Hybrid,Automatic,FWD
VR3UPHPX9T5115538,208 Business · od 646 PLN/mies.,Peugeot 208 Business · Rata od 646 PLN netto/mies. · Leasing B2B · Gliwice · Sprawdź ofertę!,https://sklep.peugeot.pl/produkt/208/vr3uphpx9t5115538/,https://raw.githubusercontent.com/Andy11001/-alfa-inventory/master/data/images/VR3UPHPX9T5115538_clean.jpg,Peugeot,208,2025,0,KM,Hatchback,Szary Selenium,New,89550 PLN,PLN,"{""addr1"": ""UL. TOSZECKA 101"", ""city"": ""GLIWICE"", ""region"": ""ŚLĄSKIE"", ""country"": ""PL""}",50.2945,18.6714,LEASE,646 PLN,per month,Hybrid,Automatic,FWD
VR3F3DGN8TY566406,Nowy 408 Gt · od 1400 PLN/mies.,Peugeot Nowy 408 Gt · Rata od 1400 PLN netto/mies. · Leasing B2B · Warszawa · Sprawdź ofertę!,https://sklep.peugeot.pl/produkt/nowy-408/vr3f3dgn8ty566406/,https://raw.githubusercontent.com/Andy11001/-alfa-inventory/master/data/images/VR3F3DGN8TY566406_clean.webp,Peugeot,Nowy 408,2025,0,KM,SUV,Zielony Flare,New,195802 PLN,PLN,"{""addr1"": ""AL. KRAKOWSKA 206"", ""city"": ""WARSZAWA"", ""region"": ""MAZOWIECKIE"", ""country"": ""PL""}",52.2084,20.9412,LEASE,1400 PLN,per month,Plug-in Hybrid,Automatic,FWD
VR3FPHPY6TY558679,Nowy 408 Gt Exclusive · od 1064 PLN/mies.,Peugeot Nowy 408 Gt Exclusive · Rata od 1064 PLN netto/mies. · Leasing B2B · Katowice · Sprawdź ofertę!,https://sklep.peugeot.pl/produkt/nowy-408/vr3fphpy6ty558679/,https://raw.githubusercontent.com/Andy11001/-alfa-inventory/master/data/images/VR3FPHPY6TY558679_clean.webp,Peugeot,Nowy 408,2025,0,KM,SUV,Czarny Perla Nera,New,148500 PLN,PLN,"{""addr1"": ""AL. ROŹDZIEŃSKIEGO 170"", ""city"": ""KATOWICE"", ""region"": ""ŚLĄSKIE"", ""country"": ""PL""}",50.2649,19.0238,LEASE,1064 PLN,per month,Hybrid,Automatic,FWD
VR3UPHPY3T5115673,208 Gt · od 883 PLN/mies.,Peugeot 208 Gt · Rata od 883 PLN netto/mies. · Leasing B2B · Kalisz · Sprawdź ofertę!,https://sklep.peugeot.pl/produkt/208/vr3uphpy3t5115673/,https://raw.githubusercontent.com/Andy11001/-alfa-inventory/master/data/images/VR3UPHPY3T5115673_clean.webp,Peugeot,208,2025,0,KM,Hatchback,Czerwony Elixir,New,122940 PLN,PLN,"{""addr1"": ""UL. CZĘSTOCHOWSKA 144"", ""city"": ""KALISZ"", ""region"": ""WIELKOPOLSKIE"", ""country"": ""PL""}",51.7612,18.0929,LEASE,883 PLN,per month,Hybrid,Automatic,FWD
VR3UPHPY0T5115386,208 Gt · od 849 PLN/mies.,Peugeot 208 Gt · Rata od 849 PLN netto/mies. · Leasing B2B · Opole · Sprawdź ofertę!,https://sklep.peugeot.pl/produkt/208/vr3uphpy0t5115386/,https://raw.githubusercontent.com/Andy11001/-alfa-inventory/master/data/images/VR3UPHPY0T5115386_clean.webp,Peugeot,208,2025,0,KM,Hatchback,Zolty Agueda,New,118260 PLN,PLN,"{""addr1"": ""UL. WROCŁAWSKA 137"", ""city"": ""OPOLE"", ""region"": ""OPOLSKIE"", ""country"": ""PL""}",50.6751,17.9213,LEASE,849 PLN,per month,Hybrid,Automatic,FWD
VR3UPHPY0T5115999,208 Gt · od 848 PLN/mies.,Peugeot 208 Gt · Rata od 848 PLN netto/mies. · Leasing B2B · Łódź · Sprawdź ofertę!,https://sklep.peugeot.pl/produkt/208/vr3uphpy0t5115999/,https://raw.githubusercontent.com/Andy11001/-alfa-inventory/master/data/images/VR3UPHPY0T5115999_clean.webp,Peugeot,208,2025,0,KM,Hatchback,Bialy Okenite,New,117990 PLN,PLN,"{""addr1"": ""UL. OBYWATELSKA 181"", ""city"": ""ŁÓDŹ"", ""region"": ""ŁÓDZKIE"", ""country"": ""PL""}",51.7371,19.4316,LEASE,848 PLN,per month,Hybrid,Automatic,FWD
VR3USHPX8TJ823236,2008 Business · od 804 PLN/mies.,Peugeot 2008 Business · Rata od 804 PLN netto/mies. · Leasing B2B · Kraków · Sprawdź ofertę!,https://sklep.peugeot.pl/produkt/2008/vr3ushpx8tj823236/,https://raw.githubusercontent.com/Andy11001/-alfa-inventory/master/data/images/VR3USHPX8TJ823236_clean.webp,Peugeot,2008,2025,0,KM,SUV,Niebieski Obsession,New,111912 PLN,PLN,"{""addr1"": ""UL. OPOLSKA 9"", ""city"": ""KRAKÓW"", ""region"": ""MAŁOPOLSKIE"", ""country"": ""PL""}",50.0931,19.9238,LEASE,804 PLN,per month,Hybrid,Automatic,FWD
VR3USHPX6TJ753669,2008 Edition · od 779 PLN/mies.,Peugeot 2008 Edition · Rata od 779 PLN netto/mies. · Leasing B2B · Kraków · Sprawdź ofertę!,https://sklep.peugeot.pl/produkt/2008/vr3ushpx6tj753669/,https://raw.githubusercontent.com/Andy11001/-alfa-inventory/master/data/images/VR3USHPX6TJ753669_clean.webp,Peugeot,2008,2025,0,KM,SUV,Niebieski Obsession,New,108400 PLN,PLN,"{""addr1"": ""UL. OPOLSKA 9"", ""city"": ""KRAKÓW"", ""region"": ""MAŁOPOLSKIE"", ""country"": ""PL""}",50.0931,19.9238,LEASE,779 PLN,per month,Hybrid,Automatic,FWD
VR3USHPV0TJ727180,2008 Edition · od 648 PLN/mies.,Peugeot 2008 Edition · Rata od 648 PLN netto/mies. · Leasing B2B · Katowice · Sprawdź ofertę!,https://sklep.peugeot.pl/produkt/2008/vr3ushpv0tj727180/,https://raw.githubusercontent.com/Andy11001/-alfa-inventory/master/data/images/VR3USHPV0TJ727180_clean.webp,Peugeot,2008,2025,0,KM,SUV,Niebieski Obsession,New,89900 PLN,PLN,"{""addr1"": ""AL. ROŹDZIEŃSKIEGO 170"", ""city"": ""KATOWICE"", ""region"": ""ŚLĄSKIE"", ""country"": ""PL""}",50.2649,19.0238,LEASE,648 PLN,per month,Gasoline,Manual,FWD
VR3FPHPY2TY544682,Nowy 408 Gt Exclusive · od 1133 PLN/mies.,Peugeot Nowy 408 Gt Exclusive · Rata od 1133 PLN netto/mies. · Leasing B2B · Częstochowa · Sprawdź ofertę!,https://sklep.peugeot.pl/produkt/nowy-408/vr3fphpy2ty544682/,https://raw.githubusercontent.com/Andy11001/-alfa-inventory/master/data/images/VR3FPHPY2TY544682_clean.webp,Peugeot,Nowy 408,2025,0,KM,SUV,Czarny Perla Nera,New,158136 PLN,PLN,"{""addr1"": ""CZĘSTOCHOWA"", ""city"": ""CZĘSTOCHOWA"", ""region"": ""MAZOWIECKIE"", ""country"": ""PL""}",,,LEASE,1133 PLN,per month,Hybrid,Automatic,FWD
VR3UPHPV7T5112099,208 Edition · od 538 PLN/mies.,Peugeot 208 Edition · Rata od 538 PLN netto/mies. · Leasing B2B · Bielsko-Biała · Sprawdź ofertę!,https://sklep.peugeot.pl/produkt/208/vr3uphpv7t5112099/,https://raw.githubusercontent.com/Andy11001/-alfa-inventory/master/data/images/VR3UPHPV7T5112099_clean.webp,Peugeot,208,2025,0,KM,Hatchback,Bialy Okenite,New,74400 PLN,PLN,"{""addr1"": ""UL. WARSZAWSKA 15"", ""city"": ""BIELSKO-BIAŁA"", ""region"": ""ŚLĄSKIE"", ""country"": ""PL""}",49.8225,19.0444,LEASE,538 PLN,per month,Gasoline,Manual,FWD
VR3FRHPY0TY553388,Nowe 308 SW Allure · od 920 PLN/mies.,Peugeot Nowe 308 SW Allure · Rata od 920 PLN netto/mies. · Leasing B2B · Kraków · Sprawdź ofertę!,https://sklep.peugeot.pl/produkt/nowe-308-sw/vr3frhpy0ty553388/,https://raw.githubusercontent.com/Andy11001/-alfa-inventory/master/data/images/VR3FRHPY0TY553388_clean.webp,Peugeot,Nowe 308 SW,2025,0,KM,Wagon,Szary Artense,New,128140 PLN,PLN,"{""addr1"": ""UL. OPOLSKA 9"", ""city"": ""KRAKÓW"", ""region"": ""MAŁOPOLSKIE"", ""country"": ""PL""}",50.0931,19.9238,LEASE,920 PLN,per month,Hybrid,Automatic,FWD
VR3USHPY0TJ814300,2008 Business · od 829 PLN/mies.,Peugeot 2008 Business · Rata od 829 PLN netto/mies. · Leasing B2B · Gliwice · Sprawdź ofertę!,https://sklep.peugeot.pl/produkt/2008/vr3ushpy0tj814300/,https://raw.githubusercontent.com/Andy11001/-alfa-inventory/master/data/images/VR3USHPY0TJ814300_clean.webp,Peugeot,2008,2025,0,KM,SUV,Szary Selenium,New,115412 PLN,PLN,"{""addr1"": ""UL. TOSZECKA 101"", ""city"": ""GLIWICE"", ""region"": ""ŚLĄSKIE"", ""country"": ""PL""}",50.2945,18.6714,LEASE,829 PLN,per month,Hybrid,Automatic,FWD
VR3USHPX5TJ729850,2008 Edition · od 760 PLN/mies.,Peugeot 2008 Edition · Rata od 760 PLN netto/mies. · Leasing B2B · Bielsko-Biała · Sprawdź ofertę!,https://sklep.peugeot.pl/produkt/2008/vr3ushpx5tj729850/,https://raw.githubusercontent.com/Andy11001/-alfa-inventory/master/data/images/VR3USHPX5TJ729850_clean.webp,Peugeot,2008,2025,0,KM,SUV,Niebieski Obsession,New,105600 PLN,PLN,"{""addr1"": ""UL. WARSZAWSKA 15"", ""city"": ""BIELSKO-BIAŁA"", ""region"": ""ŚLĄSKIE"", ""country"": ""PL""}",49.8225,19.0444,LEASE,760 PLN,per month,Hybrid,Automatic,FWD
VR3FPHPYXTY565537,Nowy 408 Allure · od 1048 PLN/mies.,Peugeot Nowy 408 Allure · Rata od 1048 PLN netto/mies. · Leasing B2B · Rybnik · Sprawdź ofertę!,https://sklep.peugeot.pl/produkt/nowy-408/vr3fphpyxty565537/,https://raw.githubusercontent.com/Andy11001/-alfa-inventory/master/data/images/VR3FPHPYXTY565537_clean.webp,Peugeot,Nowy 408,2025,0,KM,SUV,Szary Selenium,New,146168 PLN,PLN,"{""addr1"": ""UL. ŻORSKA 14"", ""city"": ""RYBNIK"", ""region"": ""ŚLĄSKIE"", ""country"": ""PL""}",50.1022,18.5463,LEASE,1048 PLN,per month,Hybrid,Automatic,FWD
VR3F3DGM3SY597911,Nowe 308 Gt · od 1190 PLN/mies.,Peugeot Nowe 308 Gt · Rata od 1190 PLN netto/mies. · Leasing B2B · Warszawa · Sprawdź ofertę!,https://sklep.peugeot.pl/produkt/nowe-308/vr3f3dgm3sy597911/,https://raw.githubusercontent.com/Andy11001/-alfa-inventory/master/data/images/VR3F3DGM3SY597911_clean.jpg,Peugeot,Nowe 308,2025,0,KM,Hatchback,Niebieski Lagoa,New,166272 PLN,PLN,"{""addr1"": ""AL. KRAKOWSKA 206"", ""city"": ""WARSZAWA"", ""region"": ""MAZOWIECKIE"", ""country"": ""PL""}",52.2084,20.9412,LEASE,1190 PLN,per month,Plug-in Hybrid,Automatic,FWD
VR3USHPY9TJ811914,2008 Business · od 829 PLN/mies.,Peugeot 2008 Business · Rata od 829 PLN netto/mies. · Leasing B2B · Gliwice · Sprawdź ofertę!,https://sklep.peugeot.pl/produkt/2008/vr3ushpy9tj811914/,https://raw.githubusercontent.com/Andy11001/-alfa-inventory/master/data/images/VR3USHPY9TJ811914_clean.jpg,Peugeot,2008,2025,0,KM,SUV,Szary Selenium,New,115412 PLN,PLN,"{""addr1"": ""UL. TOSZECKA 101"", ""city"": ""GLIWICE"", ""region"": ""ŚLĄSKIE"", ""country"": ""PL""}",50.2945,18.6714,LEASE,829 PLN,per month,Hybrid,Automatic,FWD
VR3UPHPYXT5113306,208 Gt · od 849 PLN/mies.,Peugeot 208 Gt · Rata od 849 PLN netto/mies. · Leasing B2B · Gdańsk · Sprawdź ofertę!,https://sklep.peugeot.pl/produkt/208/vr3uphpyxt5113306/,https://raw.githubusercontent.com/Andy11001/-alfa-inventory/master/data/images/VR3UPHPYXT5113306_clean.jpg,Peugeot,208,2025,0,KM,Hatchback,Zolty Agueda,New,118260 PLN,PLN,"{""addr1"": ""AL. GRUNWALDZKA 256"", ""city"": ""GDAŃSK"", ""region"": ""POMORSKIE"", ""country"": ""PL""}",54.4022,18.5714,LEASE,849 PLN,per month,Hybrid,Automatic,FWD
VR3USHPX6TJ753672,2008 Edition · od 779 PLN/mies.,Peugeot 2008 Edition · Rata od 779 PLN netto/mies. · Leasing B2B · Gorzów Wielkopolski · Sprawdź ofertę!,https://sklep.peugeot.pl/produkt/2008/vr3ushpx6tj753672/,https://raw.githubusercontent.com/Andy11001/-alfa-inventory/master/data/images/VR3USHPX6TJ753672_clean.jpg,Peugeot,2008,2025,0,KM,SUV,Niebieski Obsession,New,108400 PLN,PLN,"{""addr1"": ""GORZÓW WIELKOPOLSKI"", ""city"": ""GORZÓW WIELKOPOLSKI"", ""region"": ""MAZOWIECKIE"", ""country"": ""PL""}",,,LEASE,779 PLN,per month,Hybrid,Automatic,FWD
VR3UKZKW0TJ803051,2008 Gt Exclusive · od 1611 PLN/mies.,Peugeot 2008 Gt Exclusive · Rata od 1611 PLN netto/mies. · Leasing B2B · Wieliczka · Sprawdź ofertę!,https://sklep.peugeot.pl/produkt/2008/vr3ukzkw0tj803051/,https://raw.githubusercontent.com/Andy11001/-alfa-inventory/master/data/images/VR3UKZKW0TJ803051_clean.webp,Peugeot,2008,2025,0,KM,SUV,Niebieski Obsession,New,165083 PLN,PLN,"{""addr1"": ""WIELICZKA"", ""city"": ""WIELICZKA"", ""region"": ""MAZOWIECKIE"", ""country"": ""PL""}",,,LEASE,1611 PLN,per month,Electric,Automatic,FWD
VR3UKZKW1TJ685561,2008 Gt · od 1591 PLN/mies.,Peugeot 2008 Gt · Rata od 1591 PLN netto/mies. · Leasing B2B · Wieliczka · Sprawdź ofertę!,https://sklep.peugeot.pl/produkt/2008/vr3ukzkw1tj685561/,https://raw.githubusercontent.com/Andy11001/-alfa-inventory/master/data/images/VR3UKZKW1TJ685561_clean.webp,Peugeot,2008,2025,0,KM,SUV,Czerwony Elixir,New,163024 PLN,PLN,"{""addr1"": ""WIELICZKA"", ""city"": ""WIELICZKA"", ""region"": ""MAZOWIECKIE"", ""country"": ""PL""}",,,LEASE,1591 PLN,per month,Electric,Automatic,FWD
VR3FRHPY0TY553407,Nowe 308 SW Allure · od 907 PLN/mies.,Peugeot Nowe 308 SW Allure · Rata od 907 PLN netto/mies. · Leasing B2B · Wieliczka · Sprawdź ofertę!,https://sklep.peugeot.pl/produkt/nowe-308-sw/__trashed-14__trashed/,https://raw.githubusercontent.com/Andy11001/-alfa-inventory/master/data/images/VR3FRHPY0TY553407_clean.webp,Peugeot,Nowe 308 SW,2025,0,KM,Wagon,Niebieski Ingaro,New,126291 PLN,PLN,"{""addr1"": ""WIELICZKA"", ""city"": ""WIELICZKA"", ""region"": ""MAZOWIECKIE"", ""country"": ""PL""}",,,LEASE,907 PLN,per month,Hybrid,Automatic,FWD
VR3UPHPV8T5113472,208 Allure · od 639 PLN/mies.,Peugeot 208 Allure · Rata od 639 PLN netto/mies. · Leasing B2B · Piła · Sprawdź ofertę!,https://sklep.peugeot.pl/produkt/208/vr3uphpv8t5113472/,https://raw.githubusercontent.com/Andy11001/-alfa-inventory/master/data/images/VR3UPHPV8T5113472_clean.webp,Peugeot,208,2025,0,KM,Hatchback,Bialy Okenite,New,88650 PLN,PLN,"{""addr1"": ""UL. WARSZTATOWA 6"", ""city"": ""PIŁA"", ""region"": ""WIELKOPOLSKIE"", ""country"": ""PL""}",53.1510,16.7384,LEASE,639 PLN,per month,Gasoline,Manual,FWD
VR3UPHPV8T5113360,208 Allure · od 639 PLN/mies.,Peugeot 208 Allure · Rata od 639 PLN netto/mies. · Leasing B2B · Wieliczka · Sprawdź ofertę!,https://sklep.peugeot.pl/produkt/208/vr3uphpv8t5113360/,https://raw.githubusercontent.com/Andy11001/-alfa-inventory/master/data/images/VR3UPHPV8T5113360_clean.webp,Peugeot,208,2025,0,KM,Hatchback,Szary Selenium,New,88650 PLN,PLN,"{""addr1"": ""WIELICZKA"", ""city"": ""WIELICZKA"", ""region"": ""MAZOWIECKIE"", ""country"": ""PL""}",,,LEASE,639 PLN,per month,Gasoline,Manual,FWD
VR3UPHPX2T5114067,208 Style · od 648 PLN/mies.,Peugeot 208 Style · Rata od 648 PLN netto/mies. · Leasing B2B · Wrocław · Sprawdź ofertę!,https://sklep.peugeot.pl/produkt/208/vr3uphpx2t5114067/,https://raw.githubusercontent.com/Andy11001/-alfa-inventory/master/data/images/VR3UPHPX2T5114067_clean.webp,Peugeot,208,2025,0,KM,Hatchback,Szary Selenium,New,89931 PLN,PLN,"{""addr1"": ""UL. SZCZECIŃSKA 7"", ""city"": ""WROCŁAW"", ""region"": ""DOLNOŚLĄSKIE"", ""country"": ""PL""}",51.1274,16.9535,LEASE,648 PLN,per month,Hybrid,Automatic,FWD
VR3UPHPXXT5114060,208 Style · od 633 PLN/mies.,Peugeot 208 Style · Rata od 633 PLN netto/mies. · Leasing B2B · Warszawa · Sprawdź ofertę!,https://sklep.peugeot.pl/produkt/208/vr3uphpxxt5114060/,https://raw.githubusercontent.com/Andy11001/-alfa-inventory/master/data/images/VR3UPHPXXT5114060_clean.webp,Peugeot,208,2025,0,KM,Hatchback,Zolty Agueda,New,87699 PLN,PLN,"{""addr1"": ""AL. KRAKOWSKA 206"", ""city"": ""WARSZAWA"", ""region"": ""MAZOWIECKIE"", ""country"": ""PL""}",52.2084,20.9412,LEASE,633 PLN,per month,Hybrid,Automatic,FWD
VR3USHPV2TJ807077,2008 Edition · od 667 PLN/mies.,Peugeot 2008 Edition · Rata od 667 PLN netto/mies. · Leasing B2B · Poznań · Sprawdź ofertę!,https://sklep.peugeot.pl/produkt/2008/vr3ushpv2tj807077/,https://raw.githubusercontent.com/Andy11001/-alfa-inventory/master/data/images/VR3USHPV2TJ807077_clean.webp,Peugeot,2008,2025,0,KM,SUV,Szary Selenium,New,92600 PLN,PLN,"{""addr1"": ""UL. BOLESŁAWA KRZYWOUSTEGO 71"", ""city"": ""POZNAŃ"", ""region"": ""WIELKOPOLSKIE"", ""country"": ""PL""}",52.3787,17.0270,LEASE,667 PLN,per month,Gasoline,Manual,FWD
VR3USHPV4TJ807078,2008 Edition · od 667 PLN/mies.,Peugeot 2008 Edition · Rata od 667 PLN netto/mies. · Leasing B2B · Słupsk · Sprawdź ofertę!,https://sklep.peugeot.pl/produkt/2008/vr3ushpv4tj807078/,https://raw.githubusercontent.com/Andy11001/-alfa-inventory/master/data/images/VR3USHPV4TJ807078_clean.webp,Peugeot,2008,2025,0,KM,SUV,Szary Selenium,New,92600 PLN,PLN,"{""addr1"": ""SŁUPSK"", ""city"": ""SŁUPSK"", ""region"": ""MAZOWIECKIE"", ""country"": ""PL""}",,,LEASE,667 PLN,per month,Gasoline,Manual,FWD
VR3UPHPV1T5113359,208 Business · od 560 PLN/mies.,Peugeot 208 Business · Rata od 560 PLN netto/mies. · Leasing B2B · Kalisz · Sprawdź ofertę!,https://sklep.peugeot.pl/produkt/208/vr3uphpv1t5113359/,https://raw.githubusercontent.com/Andy11001/-alfa-inventory/master/data/images/VR3UPHPV1T5113359_clean.webp,Peugeot,208,2025,0,KM,Hatchback,Szary Selenium,New,77490 PLN,PLN,"{""addr1"": ""UL. CZĘSTOCHOWSKA 144"", ""city"": ""KALISZ"", ""region"": ""WIELKOPOLSKIE"", ""country"": ""PL""}",51.7612,18.0929,LEASE,560 PLN,per month,Gasoline,Manual,FWD
VR3UPHPV4T5113551,208 Business · od 559 PLN/mies.,Peugeot 208 Business · Rata od 559 PLN netto/mies. · Leasing B2B · Katowice · Sprawdź ofertę!,https://sklep.peugeot.pl/produkt/208/vr3uphpv4t5113551/,https://raw.githubusercontent.com/Andy11001/-alfa-inventory/master/data/images/VR3UPHPV4T5113551_clean.webp,Peugeot,208,2025,0,KM,Hatchback,Bialy Okenite,New,77400 PLN,PLN,"{""addr1"": ""AL. ROŹDZIEŃSKIEGO 170"", ""city"": ""KATOWICE"", ""region"": ""ŚLĄSKIE"", ""country"": ""PL""}",50.2649,19.0238,LEASE,559 PLN,per month,Gasoline,Manual,FWD
VR3USHPX5TJ600247,2008 · od 791 PLN/mies.,Peugeot 2008 · Rata od 791 PLN netto/mies. · Leasing B2B · Katowice · Sprawdź ofertę!,https://sklep.peugeot.pl/produkt/2008/vr3ushpx5tj600247/,https://raw.githubusercontent.com/Andy11001/-alfa-inventory/master/data/images/VR3USHPX5TJ600247_clean.webp,Peugeot,2008,2025,0,KM,Hatchback,Niebieski Obsession,New,109990 PLN,PLN,"{""addr1"": ""AL. ROŹDZIEŃSKIEGO 170"", ""city"": ""KATOWICE"", ""region"": ""ŚLĄSKIE"", ""country"": ""PL""}",50.2649,19.0238,LEASE,791 PLN,per month,Hybrid,Automatic,FWD
VR3USHPX2TJ729353,2008 Edition · od 779 PLN/mies.,Peugeot 2008 Edition · Rata od 779 PLN netto/mies. · Leasing B2B · Warszawa · Sprawdź ofertę!,https://sklep.peugeot.pl/produkt/2008/vr3ushpx2tj729353/,https://raw.githubusercontent.com/Andy11001/-alfa-inventory/master/data/images/VR3USHPX2TJ729353_clean.webp,Peugeot,2008,2025,0,KM,SUV,Niebieski Obsession,New,108400 PLN,PLN,"{""addr1"": ""AL. KRAKOWSKA 206"", ""city"": ""WARSZAWA"", ""region"": ""MAZOWIECKIE"", ""country"": ""PL""}",52.2084,20.9412,LEASE,779 PLN,per month,Hybrid,Automatic,FWD
VR3FBYHZ4TY552949,Nowe 308 Gt Exclusive · od 1039 PLN/mies.,Peugeot Nowe 308 Gt Exclusive · Rata od 1039 PLN netto/mies. · Leasing B2B · Gdańsk · Sprawdź ofertę!,https://sklep.peugeot.pl/produkt/nowe-308/vr3fbyhz4ty552949/,https://raw.githubusercontent.com/Andy11001/-alfa-inventory/master/data/images/VR3FBYHZ4TY552949_clean.webp,Peugeot,Nowe 308,2025,0,KM,Hatchback,Czarny Perla Nera,New,144910 PLN,PLN,"{""addr1"": ""AL. GRUNWALDZKA 256"", ""city"": ""GDAŃSK"", ""region"": ""POMORSKIE"", ""country"": ""PL""}",54.4022,18.5714,LEASE,1039 PLN,per month,Diesel,Automatic,FWD
VR3UPHPV6T5113308,208 Allure · od 638 PLN/mies.,Peugeot 208 Allure · Rata od 638 PLN netto/mies. · Leasing B2B · Poznań · Sprawdź ofertę!,https://sklep.peugeot.pl/produkt/208/vr3uphpv6t5113308/,https://raw.githubusercontent.com/Andy11001/-alfa-inventory/master/data/images/VR3UPHPV6T5113308_clean.webp,Peugeot,208,2025,0,KM,Hatchback,Szary Selenium,New,88470 PLN,PLN,"{""addr1"": ""UL. BOLESŁAWA KRZYWOUSTEGO 71"", ""city"": ""POZNAŃ"", ""region"": ""WIELKOPOLSKIE"", ""country"": ""PL""}",52.3787,17.0270,LEASE,638 PLN,per month,Gasoline,Manual,FWD
VR3UPHPV8T5113309,208 Allure · od 638 PLN/mies.,Peugeot 208 Allure · Rata od 638 PLN netto/mies. · Leasing B2B · Sosnowiec · Sprawdź ofertę!,https://sklep.peugeot.pl/produkt/208/vr3uphpv8t5113309/,https://raw.githubusercontent.com/Andy11001/-alfa-inventory/master/data/images/VR3UPHPV8T5113309_clean.webp,Peugeot,208,2025,0,KM,Hatchback,Szary Selenium,New,88470 PLN,PLN,"{""addr1"": ""UL. WOJSKA POLSKIEGO 45"", ""city"": ""SOSNOWIEC"", ""region"": ""ŚLĄSKIE"", ""country"": ""PL""}",50.2863,19.1042,LEASE,638 PLN,per month,Gasoline,Manual,FWD
VR3UPHPV4T5113209,208 Allure · od 631 PLN/mies.,Peugeot 208 Allure · Rata od 631 PLN netto/mies. · Leasing B2B · Łódź · Sprawdź ofertę!,https://sklep.peugeot.pl/produkt/208/vr3uphpv4t5113209/,https://raw.githubusercontent.com/Andy11001/-alfa-inventory/master/data/images/VR3UPHPV4T5113209_clean.webp,Peugeot,208,2025,0,KM,Hatchback,Szary Selenium,New,87480 PLN,PLN,"{""addr1"": ""UL. OBYWATELSKA 181"", ""city"": ""ŁÓDŹ"", ""region"": ""ŁÓDZKIE"", ""country"": ""PL""}",51.7371,19.4316,LEASE,631 PLN,per month,Gasoline,Manual,FWD
VR3UPHPV9T5113254,208 Allure · od 623 PLN/mies.,Peugeot 208 Allure · Rata od 623 PLN netto/mies. · Leasing B2B · Sosnowiec · Sprawdź ofertę!,https://sklep.peugeot.pl/produkt/208/vr3uphpv9t5113254/,https://raw.githubusercontent.com/Andy11001/-alfa-inventory/master/data/images/VR3UPHPV9T5113254_clean.webp,Peugeot,208,2025,0,KM,Hatchback,Zolty Agueda,New,86310 PLN,PLN,"{""addr1"": ""UL. WOJSKA POLSKIEGO 45"", ""city"": ""SOSNOWIEC"", ""region"": ""ŚLĄSKIE"", ""country"": ""PL""}",50.2863,19.1042,LEASE,623 PLN,per month,Gasoline,Manual,FWD
VR3UPHPXXT5112227,208 Edition · od 614 PLN/mies.,Peugeot 208 Edition · Rata od 614 PLN netto/mies. · Leasing B2B · Radom · Sprawdź ofertę!,https://sklep.peugeot.pl/produkt/208/vr3uphpxxt5112227/,https://raw.githubusercontent.com/Andy11001/-alfa-inventory/master/data/images/VR3UPHPXXT5112227_clean.webp,Peugeot,208,2025,0,KM,Hatchback,Zolty Agueda,New,85100 PLN,PLN,"{""addr1"": ""UL. ŻÓŁKIEWSKIEGO 4"", ""city"": ""RADOM"", ""region"": ""MAZOWIECKIE"", ""country"": ""PL""}",51.4027,21.1471,LEASE,614 PLN,per month,Hybrid,Automatic,FWD
VR3FPHPY6TY563378,Nowy 408 Allure · od 1016 PLN/mies.,Peugeot Nowy 408 Allure · Rata od 1016 PLN netto/mies. · Leasing B2B · Rybnik · Sprawdź ofertę!,https://sklep.peugeot.pl/produkt/nowy-408/vr3fphpy6ty563378/,https://raw.githubusercontent.com/Andy11001/-alfa-inventory/master/data/images/VR3FPHPY6TY563378_clean.webp,Peugeot,Nowy 408,2025,0,KM,SUV,Zielony Flare,New,141680 PLN,PLN,"{""addr1"": ""UL. ŻORSKA 14"", ""city"": ""RYBNIK"", ""region"": ""ŚLĄSKIE"", ""country"": ""PL""}",50.1022,18.5463,LEASE,1016 PLN,per month,Hybrid,Automatic,FWD
VR3USHPX1TJ802812,2008 Allure · od 839 PLN/mies.,Peugeot 2008 Allure · Rata od 839 PLN netto/mies. · Leasing B2B · Wrocław · Sprawdź ofertę!,https://sklep.peugeot.pl/produkt/2008/vr3ushpx1tj802812/,https://raw.githubusercontent.com/Andy11001/-alfa-inventory/master/data/images/VR3USHPX1TJ802812_clean.webp,Peugeot,2008,2025,0,KM,SUV,Niebieski Obsession,New,116812 PLN,PLN,"{""addr1"": ""UL. SZCZECIŃSKA 7"", ""city"": ""WROCŁAW"", ""region"": ""DOLNOŚLĄSKIE"", ""country"": ""PL""}",51.1274,16.9535,LEASE,839 PLN,per month,Hybrid,Automatic,FWD
VR3F4DGM8SY602422,Nowe 308 SW Gt · od 1239 PLN/mies.,Peugeot Nowe 308 SW Gt · Rata od 1239 PLN netto/mies. · Leasing B2B · Warszawa · Sprawdź ofertę!,https://sklep.peugeot.pl/produkt/nowe-308-sw/vr3f4dgm8sy602422/,https://raw.githubusercontent.com/Andy11001/-alfa-inventory/master/data/images/VR3F4DGM8SY602422_clean.webp,Peugeot,Nowe 308 SW,2025,0,KM,Wagon,Niebieski Ingaro,New,173184 PLN,PLN,"{""addr1"": ""AL. KRAKOWSKA 206"", ""city"": ""WARSZAWA"", ""region"": ""MAZOWIECKIE"", ""country"": ""PL""}",52.2084,20.9412,LEASE,1239 PLN,per month,Plug-in Hybrid,Automatic,FWD
VR3FPHPY2TY559814,Nowy 408 Gt · od 1044 PLN/mies.,Peugeot Nowy 408 Gt · Rata od 1044 PLN netto/mies. · Leasing B2B · Katowice · Sprawdź ofertę!,https://sklep.peugeot.pl/produkt/nowy-408/vr3fphpy2ty559814/,https://raw.githubusercontent.com/Andy11001/-alfa-inventory/master/data/images/VR3FPHPY2TY559814_clean.webp,Peugeot,Nowy 408,2025,0,KM,SUV,Bialy Okenite,New,145600 PLN,PLN,"{""addr1"": ""AL. ROŹDZIEŃSKIEGO 170"", ""city"": ""KATOWICE"", ""region"": ""ŚLĄSKIE"", ""country"": ""PL""}",50.2649,19.0238,LEASE,1044 PLN,per month,Hybrid,Automatic,FWD
VR3UKZKW6TJ768659,2008 Allure · od 1514 PLN/mies.,Peugeot 2008 Allure · Rata od 1514 PLN netto/mies. · Leasing B2B · Gorzów Wielkopolski · Sprawdź ofertę!,https://sklep.peugeot.pl/produkt/2008/vr3ukzkw6tj768659/,https://raw.githubusercontent.com/Andy11001/-alfa-inventory/master/data/images/VR3UKZKW6TJ768659_clean.webp,Peugeot,2008,2025,0,KM,SUV,Szary Selenium,New,155104 PLN,PLN,"{""addr1"": ""GORZÓW WIELKOPOLSKI"", ""city"": ""GORZÓW WIELKOPOLSKI"", ""region"": ""MAZOWIECKIE"", ""country"": ""PL""}",,,LEASE,1514 PLN,per month,Electric,Automatic,FWD
VR3FPHPY0TY560749,Nowy 408 Gt · od 1085 PLN/mies.,Peugeot Nowy 408 Gt · Rata od 1085 PLN netto/mies. · Leasing B2B · Kalisz · Sprawdź ofertę!,https://sklep.peugeot.pl/produkt/nowy-408/vr3fphpy0ty560749/,https://raw.githubusercontent.com/Andy11001/-alfa-inventory/master/data/images/VR3FPHPY0TY560749_clean.webp,Peugeot,Nowy 408,2025,0,KM,SUV,Zielony Flare,New,151448 PLN,PLN,"{""addr1"": ""UL. CZĘSTOCHOWSKA 144"", ""city"": ""KALISZ"", ""region"": ""WIELKOPOLSKIE"", ""country"": ""PL""}",51.7612,18.0929,LEASE,1085 PLN,per month,Hybrid,Automatic,FWD
VR3FPHPY7TY559811,Nowy 408 Gt · od 1076 PLN/mies.,Peugeot Nowy 408 Gt · Rata od 1076 PLN netto/mies. · Leasing B2B · Łódź · Sprawdź ofertę!,https://sklep.peugeot.pl/produkt/nowy-408/vr3fphpy7ty559811/,https://raw.githubusercontent.com/Andy11001/-alfa-inventory/master/data/images/VR3FPHPY7TY559811_clean.webp,Peugeot,Nowy 408,2025,0,KM,SUV,Zielony Flare,New,150216 PLN,PLN,"{""addr1"": ""UL. OBYWATELSKA 181"", ""city"": ""ŁÓDŹ"", ""region"": ""ŁÓDZKIE"", ""country"": ""PL""}",51.7371,19.4316,LEASE,1076 PLN,per month,Hybrid,Automatic,FWD
VR3FPHPY3TY553438,Nowe 308 Gt Exclusive · od 1036 PLN/mies.,Peugeot Nowe 308 Gt Exclusive · Rata od 1036 PLN netto/mies. · Leasing B2B · Kalisz · Sprawdź ofertę!,https://sklep.peugeot.pl/produkt/nowe-308/vr3fphpy3ty553438/,https://raw.githubusercontent.com/Andy11001/-alfa-inventory/master/data/images/VR3FPHPY3TY553438_clean.webp,Peugeot,Nowe 308,2025,0,KM,Hatchback,Czarny Perla Nera,New,144480 PLN,PLN,"{""addr1"": ""UL. CZĘSTOCHOWSKA 144"", ""city"": ""KALISZ"", ""region"": ""WIELKOPOLSKIE"", ""country"": ""PL""}",51.7612,18.0929,LEASE,1036 PLN,per month,Hybrid,Automatic,FWD
VR3FPHPY2TY552586,Nowe 308 Gt Exclusive · od 1035 PLN/mies.,Peugeot Nowe 308 Gt Exclusive · Rata od 1035 PLN netto/mies. · Leasing B2B · Gdańsk · Sprawdź ofertę!,https://sklep.peugeot.pl/produkt/nowe-308/vr3fphpy2ty552586/,https://raw.githubusercontent.com/Andy11001/-alfa-inventory/master/data/images/VR3FPHPY2TY552586_clean.webp,Peugeot,Nowe 308,2025,0,KM,Hatchback,Szary Artense,New,144394 PLN,PLN,"{""addr1"": ""AL. GRUNWALDZKA 256"", ""city"": ""GDAŃSK"", ""region"": ""POMORSKIE"", ""country"": ""PL""}",54.4022,18.5714,LEASE,1035 PLN,per month,Hybrid,Automatic,FWD
VR3FRHPY9TY552451,Nowe 308 SW Gt Exclusive · od 1034 PLN/mies.,Peugeot Nowe 308 SW Gt Exclusive · Rata od 1034 PLN netto/mies. · Leasing B2B · Łódź · Sprawdź ofertę!,https://sklep.peugeot.pl/produkt/nowe-308-sw/vr3frhpy9ty552451/,https://raw.githubusercontent.com/Andy11001/-alfa-inventory/master/data/images/VR3FRHPY9TY552451_clean.webp,Peugeot,Nowe 308 SW,2025,0,KM,Wagon,Szary Selenium,New,144265 PLN,PLN,"{""addr1"": ""UL. OBYWATELSKA 181"", ""city"": ""ŁÓDŹ"", ""region"": ""ŁÓDZKIE"", ""country"": ""PL""}",51.7371,19.4316,LEASE,1034 PLN,per month,Hybrid,Automatic,FWD
VR3FPHPY6TY549920,Nowe 308 Gt Exclusive · od 990 PLN/mies.,Peugeot Nowe 308 Gt Exclusive · Rata od 990 PLN netto/mies. · Leasing B2B · Świdnik · Sprawdź ofertę!,https://sklep.peugeot.pl/produkt/nowe-308/vr3fphpy6ty549920/,https://raw.githubusercontent.com/Andy11001/-alfa-inventory/master/data/images/VR3FPHPY6TY549920_clean.webp,Peugeot,Nowe 308,2025,0,KM,Hatchback,Czarny Perla Nera,New,137999 PLN,PLN,"{""addr1"": ""ŚWIDNIK"", ""city"": ""ŚWIDNIK"", ""region"": ""MAZOWIECKIE"", ""country"": ""PL""}",,,LEASE,990 PLN,per month,Hybrid,Automatic,FWD
VR3FRHPY5TY556528,Nowe 308 SW Gt Exclusive · od 1022 PLN/mies.,Peugeot Nowe 308 SW Gt Exclusive · Rata od 1022 PLN netto/mies. · Leasing B2B · Konin · Sprawdź ofertę!,https://sklep.peugeot.pl/produkt/nowe-308-sw/vr3frhpy5ty556528/,https://raw.githubusercontent.com/Andy11001/-alfa-inventory/master/data/images/VR3FRHPY5TY556528_clean.jpg,Peugeot,Nowe 308 SW,2025,0,KM,Wagon,Czarny Perla Nera,New,142588 PLN,PLN,"{""addr1"": ""KONIN"", ""city"": ""KONIN"", ""region"": ""MAZOWIECKIE"", ""country"": ""PL""}",,,LEASE,1022 PLN,per month,Hybrid,Automatic,FWD
VR3FRHPY7TY556174,Nowe 308 SW Gt Exclusive · od 1022 PLN/mies.,Peugeot Nowe 308 SW Gt Exclusive · Rata od 1022 PLN netto/mies. · Leasing B2B · Płock · Sprawdź ofertę!,https://sklep.peugeot.pl/produkt/nowe-308-sw/vr3frhpy7ty556174/,https://raw.githubusercontent.com/Andy11001/-alfa-inventory/master/data/images/VR3FRHPY7TY556174_clean.webp,Peugeot,Nowe 308 SW,2025,0,KM,Wagon,Szary Selenium,New,142502 PLN,PLN,"{""addr1"": ""UL. OTOLIŃSKA 25"", ""city"": ""PŁOCK"", ""region"": ""MAZOWIECKIE"", ""country"": ""PL""}",52.5468,19.7064,LEASE,1022 PLN,per month,Hybrid,Automatic,FWD
VR3FRHPY1TY556154,Nowe 308 SW Gt Exclusive · od 993 PLN/mies.,Peugeot Nowe 308 SW Gt Exclusive · Rata od 993 PLN netto/mies. · Leasing B2B · Świdnik · Sprawdź ofertę!,https://sklep.peugeot.pl/produkt/nowe-308-sw/vr3frhpy1ty556154/,https://raw.githubusercontent.com/Andy11001/-alfa-inventory/master/data/images/VR3FRHPY1TY556154_clean.webp,Peugeot,Nowe 308 SW,2025,0,KM,Wagon,Szary Selenium,New,138500 PLN,PLN,"{""addr1"": ""ŚWIDNIK"", ""city"": ""ŚWIDNIK"", ""region"": ""MAZOWIECKIE"", ""country"": ""PL""}",,,LEASE,993 PLN,per month,Hybrid,Automatic,FWD
VR3FPHPY9TY559874,Nowy 408 Business · od 1003 PLN/mies.,Peugeot Nowy 408 Business · Rata od 1003 PLN netto/mies. · Leasing B2B · Katowice · Sprawdź ofertę!,https://sklep.peugeot.pl/produkt/nowy-408/vr3fphpy9ty559874/,https://raw.githubusercontent.com/Andy11001/-alfa-inventory/master/data/images/VR3FPHPY9TY559874_clean.jpg,Peugeot,Nowy 408,2025,0,KM,SUV,Szary Selenium,New,139900 PLN,PLN,"{""addr1"": ""AL. ROŹDZIEŃSKIEGO 170"", ""city"": ""KATOWICE"", ""region"": ""ŚLĄSKIE"", ""country"": ""PL""}",50.2649,19.0238,LEASE,1003 PLN,per month,Hybrid,Automatic,FWD
VR3FPHPYXTY553632,Nowy 408 Business · od 1039 PLN/mies.,Peugeot Nowy 408 Business · Rata od 1039 PLN netto/mies. · Leasing B2B · Gliwice · Sprawdź ofertę!,https://sklep.peugeot.pl/produkt/nowy-408/vr3fphpyxty553632/,https://raw.githubusercontent.com/Andy11001/-alfa-inventory/master/data/images/VR3FPHPYXTY553632_clean.webp,Peugeot,Nowy 408,2025,0,KM,SUV,Zielony Flare,New,144936 PLN,PLN,"{""addr1"": ""UL. TOSZECKA 101"", ""city"": ""GLIWICE"", ""region"": ""ŚLĄSKIE"", ""country"": ""PL""}",50.2945,18.6714,LEASE,1039 PLN,per month,Hybrid,Automatic,FWD
VR3FRHPY2TY553442,Nowe 308 SW Gt Exclusive · od 1005 PLN/mies.,Peugeot Nowe 308 SW Gt Exclusive · Rata od 1005 PLN netto/mies. · Leasing B2B · Łódź · Sprawdź ofertę!,https://sklep.peugeot.pl/produkt/nowe-308-sw/vr3frhpy2ty553442/,https://raw.githubusercontent.com/Andy11001/-alfa-inventory/master/data/images/VR3FRHPY2TY553442_clean.webp,Peugeot,Nowe 308 SW,2025,0,KM,Wagon,Niebieski Ingaro,New,140094 PLN,PLN,"{""addr1"": ""UL. OBYWATELSKA 181"", ""city"": ""ŁÓDŹ"", ""region"": ""ŁÓDZKIE"", ""country"": ""PL""}",51.7371,19.4316,LEASE,1005 PLN,per month,Hybrid,Automatic,FWD
VR3FRHPY9TY552918,Nowe 308 SW Gt Exclusive · od 1004 PLN/mies.,Peugeot Nowe 308 SW Gt Exclusive · Rata od 1004 PLN netto/mies. · Leasing B2B · Płock · Sprawdź ofertę!,https://sklep.peugeot.pl/produkt/nowe-308-sw/vr3frhpy9ty552918/,https://raw.githubusercontent.com/Andy11001/-alfa-inventory/master/data/images/VR3FRHPY9TY552918_clean.jpg,Peugeot,Nowe 308 SW,2025,0,KM,Wagon,Niebieski Ingaro,New,140008 PLN,PLN,"{""addr1"": ""UL. OTOLIŃSKA 25"", ""city"": ""PŁOCK"", ""region"": ""MAZOWIECKIE"", ""country"": ""PL""}",52.5468,19.7064,LEASE,1004 PLN,per month,Hybrid,Automatic,FWD
VR3FPHPY8TY559882,Nowy 408 Allure · od 1021 PLN/mies.,Peugeot Nowy 408 Allure · Rata od 1021 PLN netto/mies. · Leasing B2B · Poznań · Sprawdź ofertę!,https://sklep.peugeot.pl/produkt/nowy-408/vr3fphpy8ty559882/,https://raw.githubusercontent.com/Andy11001/-alfa-inventory/master/data/images/VR3FPHPY8TY559882_clean.jpg,Peugeot,Nowy 408,2025,0,KM,SUV,Szary Selenium,New,142472 PLN,PLN,"{""addr1"": ""UL. BOLESŁAWA KRZYWOUSTEGO 71"", ""city"": ""POZNAŃ"", ""region"": ""WIELKOPOLSKIE"", ""country"": ""PL""}",52.3787,17.0270,LEASE,1021 PLN,per month,Hybrid,Automatic,FWD
VR3FPHPY7TY558495,Nowy 408 Business · od 1021 PLN/mies.,Peugeot Nowy 408 Business · Rata od 1021 PLN netto/mies. · Leasing B2B · Gliwice · Sprawdź ofertę!,https://sklep.peugeot.pl/produkt/nowy-408/vr3fphpy7ty558495/,https://raw.githubusercontent.com/Andy11001/-alfa-inventory/master/data/images/VR3FPHPY7TY558495_clean.jpg,Peugeot,Nowy 408,2025,0,KM,SUV,Zielony Flare,New,142384 PLN,PLN,"{""addr1"": ""UL. TOSZECKA 101"", ""city"": ""GLIWICE"", ""region"": ""ŚLĄSKIE"", ""country"": ""PL""}",50.2945,18.6714,LEASE,1021 PLN,per month,Hybrid,Automatic,FWD
VR3FPHPY6TY548959,Nowe 308 Gt · od 968 PLN/mies.,Peugeot Nowe 308 Gt · Rata od 968 PLN netto/mies. · Leasing B2B · Świdnik · Sprawdź ofertę!,https://sklep.peugeot.pl/produkt/nowe-308/vr3fphpy6ty548959/,https://raw.githubusercontent.com/Andy11001/-alfa-inventory/master/data/images/VR3FPHPY6TY548959_clean.webp,Peugeot,Nowe 308,2025,0,KM,Hatchback,Czerwony Elixir,New,134900 PLN,PLN,"{""addr1"": ""ŚWIDNIK"", ""city"": ""ŚWIDNIK"", ""region"": ""MAZOWIECKIE"", ""country"": ""PL""}",,,LEASE,968 PLN,per month,Hybrid,Automatic,FWD
VR3FPHPY7TY558531,Nowy 408 Business · od 982 PLN/mies.,Peugeot Nowy 408 Business · Rata od 982 PLN netto/mies. · Leasing B2B · Katowice · Sprawdź ofertę!,https://sklep.peugeot.pl/produkt/nowy-408/vr3fphpy7ty558531/,https://raw.githubusercontent.com/Andy11001/-alfa-inventory/master/data/images/VR3FPHPY7TY558531_clean.webp,Peugeot,Nowy 408,2025,0,KM,SUV,Szary Selenium,New,136900 PLN,PLN,"{""addr1"": ""AL. ROŹDZIEŃSKIEGO 170"", ""city"": ""KATOWICE"", ""region"": ""ŚLĄSKIE"", ""country"": ""PL""}",50.2649,19.0238,LEASE,982 PLN,per month,Hybrid,Automatic,FWD
VR3FPHPY2TY550787,Nowe 308 Gt · od 989 PLN/mies.,Peugeot Nowe 308 Gt · Rata od 989 PLN netto/mies. · Leasing B2B · Kalisz · Sprawdź ofertę!,https://sklep.peugeot.pl/produkt/nowe-308/vr3fphpy2ty550787/,https://raw.githubusercontent.com/Andy11001/-alfa-inventory/master/data/images/VR3FPHPY2TY550787_clean.webp,Peugeot,Nowe 308,2025,0,KM,Hatchback,Bialy Okenite,New,137901 PLN,PLN,"{""addr1"": ""UL. CZĘSTOCHOWSKA 144"", ""city"": ""KALISZ"", ""region"": ""WIELKOPOLSKIE"", ""country"": ""PL""}",51.7612,18.0929,LEASE,989 PLN,per month,Hybrid,Automatic,FWD
VR3FPHPY3TY550328,Nowe 308 Gt Exclusive · od 977 PLN/mies.,Peugeot Nowe 308 Gt Exclusive · Rata od 977 PLN netto/mies. · Leasing B2B · Gdańsk · Sprawdź ofertę!,https://sklep.peugeot.pl/produkt/nowe-308/vr3fphpy3ty550328/,https://raw.githubusercontent.com/Andy11001/-alfa-inventory/master/data/images/VR3FPHPY3TY550328_clean.webp,Peugeot,Nowe 308,2025,0,KM,Hatchback,Bialy Okenite,New,136224 PLN,PLN,"{""addr1"": ""AL. GRUNWALDZKA 256"", ""city"": ""GDAŃSK"", ""region"": ""POMORSKIE"", ""country"": ""PL""}",54.4022,18.5714,LEASE,977 PLN,per month,Hybrid,Automatic,FWD
VR3FPHPY6TY550615,Nowe 308 Gt Exclusive · od 975 PLN/mies.,Peugeot Nowe 308 Gt Exclusive · Rata od 975 PLN netto/mies. · Leasing B2B · Gliwice · Sprawdź ofertę!,https://sklep.peugeot.pl/produkt/nowe-308/vr3fphpy6ty550615/,https://raw.githubusercontent.com/Andy11001/-alfa-inventory/master/data/images/VR3FPHPY6TY550615_clean.webp,Peugeot,Nowe 308,2025,0,KM,Hatchback,Niebieski Lagoa,New,135880 PLN,PLN,"{""addr1"": ""UL. TOSZECKA 101"", ""city"": ""GLIWICE"", ""region"": ""ŚLĄSKIE"", ""country"": ""PL""}",50.2945,18.6714,LEASE,975 PLN,per month,Hybrid,Automatic,FWD
VR3USHPY7TJ763068,2008 Gt Exclusive · od 988 PLN/mies.,Peugeot 2008 Gt Exclusive · Rata od 988 PLN netto/mies. · Leasing B2B · Legnica · Sprawdź ofertę!,https://sklep.peugeot.pl/produkt/2008/vr3ushpy7tj763068/,https://raw.githubusercontent.com/Andy11001/-alfa-inventory/master/data/images/VR3USHPY7TJ763068_clean.webp,Peugeot,2008,2025,0,KM,SUV,Szary Selenium,New,137812 PLN,PLN,"{""addr1"": ""UL. JAWORZYŃSKA 235"", ""city"": ""LEGNICA"", ""region"": ""DOLNOŚLĄSKIE"", ""country"": ""PL""}",51.2070,16.1619,LEASE,988 PLN,per month,Hybrid,Automatic,FWD
VR3USHPY7TJ767959,2008 Gt Exclusive · od 988 PLN/mies.,Peugeot 2008 Gt Exclusive · Rata od 988 PLN netto/mies. · Leasing B2B · Sosnowiec · Sprawdź ofertę!,https://sklep.peugeot.pl/produkt/2008/vr3ushpy7tj767959/,https://raw.githubusercontent.com/Andy11001/-alfa-inventory/master/data/images/VR3USHPY7TJ767959_clean.webp,Peugeot,2008,2025,0,KM,SUV,Czarny Perla Nera,New,137725 PLN,PLN,"{""addr1"": ""UL. WOJSKA POLSKIEGO 45"", ""city"": ""SOSNOWIEC"", ""region"": ""ŚLĄSKIE"", ""country"": ""PL""}",50.2863,19.1042,LEASE,988 PLN,per month,Hybrid,Automatic,FWD
VR3USHPY3TJ767960,2008 Gt Exclusive · od 988 PLN/mies.,Peugeot 2008 Gt Exclusive · Rata od 988 PLN netto/mies. · Leasing B2B · Sosnowiec · Sprawdź ofertę!,https://sklep.peugeot.pl/produkt/2008/vr3ushpy3tj767960/,https://raw.githubusercontent.com/Andy11001/-alfa-inventory/master/data/images/VR3USHPY3TJ767960_clean.webp,Peugeot,2008,2025,0,KM,SUV,Czarny Perla Nera,New,137725 PLN,PLN,"{""addr1"": ""UL. WOJSKA POLSKIEGO 45"", ""city"": ""SOSNOWIEC"", ""region"": ""ŚLĄSKIE"", ""country"": ""PL""}",50.2863,19.1042,LEASE,988 PLN,per month,Hybrid,Automatic,FWD
VR3USHPY5TJ767958,2008 Gt Exclusive · od 988 PLN/mies.,Peugeot 2008 Gt Exclusive · Rata od 988 PLN netto/mies. · Leasing B2B · Sosnowiec · Sprawdź ofertę!,https://sklep.peugeot.pl/produkt/2008/vr3ushpy5tj767958/,https://raw.githubusercontent.com/Andy11001/-alfa-inventory/master/data/images/VR3USHPY5TJ767958_clean.webp,Peugeot,2008,2025,0,KM,SUV,Czarny Perla Nera,New,137725 PLN,PLN,"{""addr1"": ""UL. WOJSKA POLSKIEGO 45"", ""city"": ""SOSNOWIEC"", ""region"": ""ŚLĄSKIE"", ""country"": ""PL""}",50.2863,19.1042,LEASE,988 PLN,per month,Hybrid,Automatic,FWD
VR3USHPY6TJ744351,2008 Gt Exclusive · od 979 PLN/mies.,Peugeot 2008 Gt Exclusive · Rata od 979 PLN netto/mies. · Leasing B2B · Radom · Sprawdź ofertę!,https://sklep.peugeot.pl/produkt/2008/vr3ushpy6tj744351/,https://raw.githubusercontent.com/Andy11001/-alfa-inventory/master/data/images/VR3USHPY6TJ744351_clean.webp,Peugeot,2008,2025,0,KM,SUV,Czerwony Elixir,New,136500 PLN,PLN,"{""addr1"": ""UL. ŻÓŁKIEWSKIEGO 4"", ""city"": ""RADOM"", ""region"": ""MAZOWIECKIE"", ""country"": ""PL""}",51.4027,21.1471,LEASE,979 PLN,per month,Hybrid,Automatic,FWD
VR3FCYHZ6TY553534,Nowe 308 SW Allure · od 961 PLN/mies.,Peugeot Nowe 308 SW Allure · Rata od 961 PLN netto/mies. · Leasing B2B · Radom · Sprawdź ofertę!,https://sklep.peugeot.pl/produkt/nowe-308-sw/vr3fcyhz6ty553534/,https://raw.githubusercontent.com/Andy11001/-alfa-inventory/master/data/images/VR3FCYHZ6TY553534_clean.webp,Peugeot,Nowe 308 SW,2025,0,KM,Wagon,Szary Selenium,New,133988 PLN,PLN,"{""addr1"": ""UL. ŻÓŁKIEWSKIEGO 4"", ""city"": ""RADOM"", ""region"": ""MAZOWIECKIE"", ""country"": ""PL""}",51.4027,21.1471,LEASE,961 PLN,per month,Diesel,Automatic,FWD
VR3FCYHZ4TY553533,Nowe 308 SW Allure · od 961 PLN/mies.,Peugeot Nowe 308 SW Allure · Rata od 961 PLN netto/mies. · Leasing B2B · Radom · Sprawdź ofertę!,https://sklep.peugeot.pl/produkt/nowe-308-sw/vr3fcyhz4ty553533/,https://raw.githubusercontent.com/Andy11001/-alfa-inventory/master/data/images/VR3FCYHZ4TY553533_clean.webp,Peugeot,Nowe 308 SW,2025,0,KM,Wagon,Szary Selenium,New,133988 PLN,PLN,"{""addr1"": ""UL. ŻÓŁKIEWSKIEGO 4"", ""city"": ""RADOM"", ""region"": ""MAZOWIECKIE"", ""country"": ""PL""}",51.4027,21.1471,LEASE,961 PLN,per month,Diesel,Automatic,FWD
VR3USHPY8TJ765136,2008 Gt Exclusive · od 974 PLN/mies.,Peugeot 2008 Gt Exclusive · Rata od 974 PLN netto/mies. · Leasing B2B · Białystok · Sprawdź ofertę!,https://sklep.peugeot.pl/produkt/2008/vr3ushpy8tj765136/,https://raw.githubusercontent.com/Andy11001/-alfa-inventory/master/data/images/VR3USHPY8TJ765136_clean.webp,Peugeot,2008,2025,0,KM,SUV,Szary Artense,New,135800 PLN,PLN,"{""addr1"": ""UL. ELEWATORSKA 60"", ""city"": ""BIAŁYSTOK"", ""region"": ""PODLASKIE"", ""country"": ""PL""}",53.1325,23.1688,LEASE,974 PLN,per month,Hybrid,Automatic,FWD
VR3USHPYXTJ743929,2008 Gt Exclusive · od 974 PLN/mies.,Peugeot 2008 Gt Exclusive · Rata od 974 PLN netto/mies. · Leasing B2B · Legnica · Sprawdź ofertę!,https://sklep.peugeot.pl/produkt/2008/vr3ushpyxtj743929/,https://raw.githubusercontent.com/Andy11001/-alfa-inventory/master/data/images/VR3USHPYXTJ743929_clean.webp,Peugeot,2008,2025,0,KM,SUV,Szary Artense,New,135800 PLN,PLN,"{""addr1"": ""UL. JAWORZYŃSKA 235"", ""city"": ""LEGNICA"", ""region"": ""DOLNOŚLĄSKIE"", ""country"": ""PL""}",51.2070,16.1619,LEASE,974 PLN,per month,Hybrid,Automatic,FWD
VR3USHPY1TJ695379,2008 Gt Exclusive · od 960 PLN/mies.,Peugeot 2008 Gt Exclusive · Rata od 960 PLN netto/mies. · Leasing B2B · Sosnowiec · Sprawdź ofertę!,https://sklep.peugeot.pl/produkt/2008/vr3ushpy1tj695379/,https://raw.githubusercontent.com/Andy11001/-alfa-inventory/master/data/images/VR3USHPY1TJ695379_clean.webp,Peugeot,2008,2025,0,KM,SUV,Czarny Perla Nera,New,133875 PLN,PLN,"{""addr1"": ""UL. WOJSKA POLSKIEGO 45"", ""city"": ""SOSNOWIEC"", ""region"": ""ŚLĄSKIE"", ""country"": ""PL""}",50.2863,19.1042,LEASE,960 PLN,per month,Hybrid,Automatic,FWD
VR3USHPY1TJ632783,2008 Gt Exclusive · od 938 PLN/mies.,Peugeot 2008 Gt Exclusive · Rata od 938 PLN netto/mies. · Leasing B2B · Bydgoszcz · Sprawdź ofertę!,https://sklep.peugeot.pl/produkt/2008/vr3ushpy1tj632783/,https://raw.githubusercontent.com/Andy11001/-alfa-inventory/master/data/images/VR3USHPY1TJ632783_clean.webp,Peugeot,2008,2025,0,KM,SUV,Bialy Okenite,New,130736 PLN,PLN,"{""addr1"": ""UL. FORDOŃSKA 353"", ""city"": ""BYDGOSZCZ"", ""region"": ""KUJAWSKO-POMORSKIE"", ""country"": ""PL""}",53.1235,18.0084,LEASE,938 PLN,per month,Hybrid,Automatic,FWD
VR3USHPY2TJ767898,2008 Gt Exclusive · od 960 PLN/mies.,Peugeot 2008 Gt Exclusive · Rata od 960 PLN netto/mies. · Leasing B2B · Radom · Sprawdź ofertę!,https://sklep.peugeot.pl/produkt/2008/vr3ushpy2tj767898/,https://raw.githubusercontent.com/Andy11001/-alfa-inventory/master/data/images/VR3USHPY2TJ767898_clean.webp,Peugeot,2008,2025,0,KM,SUV,Bialy Okenite,New,133788 PLN,PLN,"{""addr1"": ""UL. ŻÓŁKIEWSKIEGO 4"", ""city"": ""RADOM"", ""region"": ""MAZOWIECKIE"", ""country"": ""PL""}",51.4027,21.1471,LEASE,960 PLN,per month,Hybrid,Automatic,FWD
VR3USHPY8TJ753519,2008 Gt Exclusive · od 957 PLN/mies.,Peugeot 2008 Gt Exclusive · Rata od 957 PLN netto/mies. · Leasing B2B · Elbląg · Sprawdź ofertę!,https://sklep.peugeot.pl/produkt/2008/vr3ushpy8tj753519/,https://raw.githubusercontent.com/Andy11001/-alfa-inventory/master/data/images/VR3USHPY8TJ753519_clean.webp,Peugeot,2008,2025,0,KM,SUV,Niebieski Obsession,New,133438 PLN,PLN,"{""addr1"": ""UL. KAZIMIERZOWO 4"", ""city"": ""ELBLĄG"", ""region"": ""WARMIŃSKO-MAZURSKIE"", ""country"": ""PL""}",54.1522,19.4040,LEASE,957 PLN,per month,Hybrid,Automatic,FWD
VR3FRHPYXTY551597,Nowe 308 SW Allure · od 938 PLN/mies.,Peugeot Nowe 308 SW Allure · Rata od 938 PLN netto/mies. · Leasing B2B · Wrocław · Sprawdź ofertę!,https://sklep.peugeot.pl/produkt/nowe-308-sw/vr3frhpyxty551597/,https://raw.githubusercontent.com/Andy11001/-alfa-inventory/master/data/images/VR3FRHPYXTY551597_clean.webp,Peugeot,Nowe 308 SW,2025,0,KM,Wagon,Szary Selenium,New,130677 PLN,PLN,"{""addr1"": ""UL. SZCZECIŃSKA 7"", ""city"": ""WROCŁAW"", ""region"": ""DOLNOŚLĄSKIE"", ""country"": ""PL""}",51.1274,16.9535,LEASE,938 PLN,per month,Hybrid,Automatic,FWD
VR3USHPY1TJ762823,2008 Gt · od 932 PLN/mies.,Peugeot 2008 Gt · Rata od 932 PLN netto/mies. · Leasing B2B · Warszawa · Sprawdź ofertę!,https://sklep.peugeot.pl/produkt/2008/vr3ushpy1tj762823/,https://raw.githubusercontent.com/Andy11001/-alfa-inventory/master/data/images/VR3USHPY1TJ762823_clean.webp,Peugeot,2008,2025,0,KM,SUV,Niebieski Obsession,New,129900 PLN,PLN,"{""addr1"": ""AL. KRAKOWSKA 206"", ""city"": ""WARSZAWA"", ""region"": ""MAZOWIECKIE"", ""country"": ""PL""}",52.2084,20.9412,LEASE,932 PLN,per month,Hybrid,Automatic,FWD
VR3USHPY8TJ768165,2008 Gt Exclusive · od 943 PLN/mies.,Peugeot 2008 Gt Exclusive · Rata od 943 PLN netto/mies. · Leasing B2B · Warszawa · Sprawdź ofertę!,https://sklep.peugeot.pl/produkt/2008/vr3ushpy8tj768165/,https://raw.githubusercontent.com/Andy11001/-alfa-inventory/master/data/images/VR3USHPY8TJ768165_clean.webp,Peugeot,2008,2025,0,KM,SUV,Niebieski Obsession,New,131425 PLN,PLN,"{""addr1"": ""AL. KRAKOWSKA 206"", ""city"": ""WARSZAWA"", ""region"": ""MAZOWIECKIE"", ""country"": ""PL""}",52.2084,20.9412,LEASE,943 PLN,per month,Hybrid,Automatic,FWD
VR3FCYHZ3TY553555,Nowe 308 SW Allure · od 923 PLN/mies.,Peugeot Nowe 308 SW Allure · Rata od 923 PLN netto/mies. · Leasing B2B · Radom · Sprawdź ofertę!,https://sklep.peugeot.pl/produkt/nowe-308-sw/vr3fcyhz3ty553555/,https://raw.githubusercontent.com/Andy11001/-alfa-inventory/master/data/images/VR3FCYHZ3TY553555_clean.webp,Peugeot,Nowe 308 SW,2025,0,KM,Wagon,Niebieski Ingaro,New,128613 PLN,PLN,"{""addr1"": ""UL. ŻÓŁKIEWSKIEGO 4"", ""city"": ""RADOM"", ""region"": ""MAZOWIECKIE"", ""country"": ""PL""}",51.4027,21.1471,LEASE,923 PLN,per month,Diesel,Automatic,FWD
VR3FCYHZ1TY553554,Nowe 308 SW Allure · od 923 PLN/mies.,Peugeot Nowe 308 SW Allure · Rata od 923 PLN netto/mies. · Leasing B2B · Radom · Sprawdź ofertę!,https://sklep.peugeot.pl/produkt/nowe-308-sw/vr3fcyhz1ty553554/,https://raw.githubusercontent.com/Andy11001/-alfa-inventory/master/data/images/VR3FCYHZ1TY553554_clean.webp,Peugeot,Nowe 308 SW,2025,0,KM,Wagon,Niebieski Ingaro,New,128613 PLN,PLN,"{""addr1"": ""UL. ŻÓŁKIEWSKIEGO 4"", ""city"": ""RADOM"", ""region"": ""MAZOWIECKIE"", ""country"": ""PL""}",51.4027,21.1471,LEASE,923 PLN,per month,Diesel,Automatic,FWD
VR3FCYHZ7TY558953,Nowe 308 SW Allure · od 915 PLN/mies.,Peugeot Nowe 308 SW Allure · Rata od 915 PLN netto/mies. · Leasing B2B · Gdańsk · Sprawdź ofertę!,https://sklep.peugeot.pl/produkt/nowe-308-sw/vr3fcyhz7ty558953/,https://raw.githubusercontent.com/Andy11001/-alfa-inventory/master/data/images/VR3FCYHZ7TY558953_clean.webp,Peugeot,Nowe 308 SW,2025,0,KM,Wagon,Niebieski Ingaro,New,127538 PLN,PLN,"{""addr1"": ""AL. GRUNWALDZKA 256"", ""city"": ""GDAŃSK"", ""region"": ""POMORSKIE"", ""country"": ""PL""}",54.4022,18.5714,LEASE,915 PLN,per month,Diesel,Automatic,FWD
VR3FBYHZ0TY556982,Nowe 308 Allure · od 913 PLN/mies.,Peugeot Nowe 308 Allure · Rata od 913 PLN netto/mies. · Leasing B2B · Radom · Sprawdź ofertę!,https://sklep.peugeot.pl/produkt/nowe-308/vr3fbyhz0ty556982/,https://raw.githubusercontent.com/Andy11001/-alfa-inventory/master/data/images/VR3FBYHZ0TY556982_clean.webp,Peugeot,Nowe 308,2025,0,KM,Hatchback,Czerwony Elixir,New,127237 PLN,PLN,"{""addr1"": ""UL. ŻÓŁKIEWSKIEGO 4"", ""city"": ""RADOM"", ""region"": ""MAZOWIECKIE"", ""country"": ""PL""}",51.4027,21.1471,LEASE,913 PLN,per month,Diesel,Automatic,FWD
VR3USHPY8TJ742052,2008 Allure · od 924 PLN/mies.,Peugeot 2008 Allure · Rata od 924 PLN netto/mies. · Leasing B2B · Elbląg · Sprawdź ofertę!,https://sklep.peugeot.pl/produkt/2008/vr3ushpy8tj742052/,https://raw.githubusercontent.com/Andy11001/-alfa-inventory/master/data/images/VR3USHPY8TJ742052_clean.webp,Peugeot,2008,2025,0,KM,SUV,Bialy Okenite,New,128712 PLN,PLN,"{""addr1"": ""UL. KAZIMIERZOWO 4"", ""city"": ""ELBLĄG"", ""region"": ""WARMIŃSKO-MAZURSKIE"", ""country"": ""PL""}",54.1522,19.4040,LEASE,924 PLN,per month,Hybrid,Automatic,FWD
VR3FRHPY4TY556469,Nowe 308 SW Allure · od 906 PLN/mies.,Peugeot Nowe 308 SW Allure · Rata od 906 PLN netto/mies. · Leasing B2B · Sosnowiec · Sprawdź ofertę!,https://sklep.peugeot.pl/produkt/nowe-308-sw/vr3frhpy4ty556469/,https://raw.githubusercontent.com/Andy11001/-alfa-inventory/master/data/images/VR3FRHPY4TY556469_clean.webp,Peugeot,Nowe 308 SW,2025,0,KM,Wagon,Niebieski Ingaro,New,126205 PLN,PLN,"{""addr1"": ""UL. WOJSKA POLSKIEGO 45"", ""city"": ""SOSNOWIEC"", ""region"": ""ŚLĄSKIE"", ""country"": ""PL""}",50.2863,19.1042,LEASE,906 PLN,per month,Hybrid,Automatic,FWD
VR3FRHPYXTY552944,Nowe 308 SW Allure · od 900 PLN/mies.,Peugeot Nowe 308 SW Allure · Rata od 900 PLN netto/mies. · Leasing B2B · Gliwice · Sprawdź ofertę!,https://sklep.peugeot.pl/produkt/nowe-308-sw/vr3frhpyxty552944/,https://raw.githubusercontent.com/Andy11001/-alfa-inventory/master/data/images/VR3FRHPYXTY552944_clean.webp,Peugeot,Nowe 308 SW,2025,0,KM,Wagon,Szary Selenium,New,125388 PLN,PLN,"{""addr1"": ""UL. TOSZECKA 101"", ""city"": ""GLIWICE"", ""region"": ""ŚLĄSKIE"", ""country"": ""PL""}",50.2945,18.6714,LEASE,900 PLN,per month,Hybrid,Automatic,FWD
VR3FPHPY7TY556018,Nowe 308 Allure · od 893 PLN/mies.,Peugeot Nowe 308 Allure · Rata od 893 PLN netto/mies. · Leasing B2B · Gdańsk · Sprawdź ofertę!,https://sklep.peugeot.pl/produkt/nowe-308/vr3fphpy7ty556018/,https://raw.githubusercontent.com/Andy11001/-alfa-inventory/master/data/images/VR3FPHPY7TY556018_clean.webp,Peugeot,Nowe 308,2025,0,KM,Hatchback,Szary Selenium,New,124399 PLN,PLN,"{""addr1"": ""AL. GRUNWALDZKA 256"", ""city"": ""GDAŃSK"", ""region"": ""POMORSKIE"", ""country"": ""PL""}",54.4022,18.5714,LEASE,893 PLN,per month,Hybrid,Automatic,FWD
VR3FRHPY0TY553035,Nowe 308 SW Allure · od 882 PLN/mies.,Peugeot Nowe 308 SW Allure · Rata od 882 PLN netto/mies. · Leasing B2B · Gliwice · Sprawdź ofertę!,https://sklep.peugeot.pl/produkt/nowe-308-sw/vr3frhpy0ty553035/,https://raw.githubusercontent.com/Andy11001/-alfa-inventory/master/data/images/VR3FRHPY0TY553035_clean.webp,Peugeot,Nowe 308 SW,2025,0,KM,Wagon,Niebieski Ingaro,New,122894 PLN,PLN,"{""addr1"": ""UL. TOSZECKA 101"", ""city"": ""GLIWICE"", ""region"": ""ŚLĄSKIE"", ""country"": ""PL""}",50.2945,18.6714,LEASE,882 PLN,per month,Hybrid,Automatic,FWD
VR3FCYHZ3TY548145,Nowe 308 SW Business · od 879 PLN/mies.,Peugeot Nowe 308 SW Business · Rata od 879 PLN netto/mies. · Leasing B2B · Białystok · Sprawdź ofertę!,https://sklep.peugeot.pl/produkt/nowe-308-sw/vr3fcyhz3ty548145/,https://raw.githubusercontent.com/Andy11001/-alfa-inventory/master/data/images/VR3FCYHZ3TY548145_clean.webp,Peugeot,Nowe 308 SW,2025,0,KM,Wagon,Czarny Perla Nera,New,122421 PLN,PLN,"{""addr1"": ""UL. ELEWATORSKA 60"", ""city"": ""BIAŁYSTOK"", ""region"": ""PODLASKIE"", ""country"": ""PL""}",53.1325,23.1688,LEASE,879 PLN,per month,Diesel,Automatic,FWD
VR3USHPY9TJ705446,2008 Allure · od 893 PLN/mies.,Peugeot 2008 Allure · Rata od 893 PLN netto/mies. · Leasing B2B · Warszawa · Sprawdź ofertę!,https://sklep.peugeot.pl/produkt/2008/vr3ushpy9tj705446/,https://raw.githubusercontent.com/Andy11001/-alfa-inventory/master/data/images/VR3USHPY9TJ705446_clean.webp,Peugeot,2008,2025,0,KM,SUV,Szary Selenium,New,124338 PLN,PLN,"{""addr1"": ""AL. KRAKOWSKA 206"", ""city"": ""WARSZAWA"", ""region"": ""MAZOWIECKIE"", ""country"": ""PL""}",52.2084,20.9412,LEASE,893 PLN,per month,Hybrid,Automatic,FWD
VR3USHPY7TJ732788,2008 Allure · od 893 PLN/mies.,Peugeot 2008 Allure · Rata od 893 PLN netto/mies. · Leasing B2B · Radom · Sprawdź ofertę!,https://sklep.peugeot.pl/produkt/2008/vr3ushpy7tj732788/,https://raw.githubusercontent.com/Andy11001/-alfa-inventory/master/data/images/VR3USHPY7TJ732788_clean.webp,Peugeot,2008,2025,0,KM,SUV,Szary Artense,New,124338 PLN,PLN,"{""addr1"": ""UL. ŻÓŁKIEWSKIEGO 4"", ""city"": ""RADOM"", ""region"": ""MAZOWIECKIE"", ""country"": ""PL""}",51.4027,21.1471,LEASE,893 PLN,per month,Hybrid,Automatic,FWD
VR3FPHPY3TY551642,Nowe 308 Allure · od 830 PLN/mies.,Peugeot Nowe 308 Allure · Rata od 830 PLN netto/mies. · Leasing B2B · Katowice · Sprawdź ofertę!,https://sklep.peugeot.pl/produkt/nowe-308/vr3fphpy3ty551642/,https://raw.githubusercontent.com/Andy11001/-alfa-inventory/master/data/images/VR3FPHPY3TY551642_clean.webp,Peugeot,Nowe 308,2025,0,KM,Hatchback,Niebieski Lagoa,New,115500 PLN,PLN,"{""addr1"": ""AL. ROŹDZIEŃSKIEGO 170"", ""city"": ""KATOWICE"", ""region"": ""ŚLĄSKIE"", ""country"": ""PL""}",50.2649,19.0238,LEASE,830 PLN,per month,Hybrid,Automatic,FWD
VR3FCYHZ1TY550198,Nowe 308 SW Allure · od 847 PLN/mies.,Peugeot Nowe 308 SW Allure · Rata od 847 PLN netto/mies. · Leasing B2B · Warszawa · Sprawdź ofertę!,https://sklep.peugeot.pl/produkt/nowe-308-sw/vr3fcyhz1ty550198/,https://raw.githubusercontent.com/Andy11001/-alfa-inventory/master/data/images/VR3FCYHZ1TY550198_clean.webp,Peugeot,Nowe 308 SW,2025,0,KM,Wagon,Szary Artense,New,117900 PLN,PLN,"{""addr1"": ""AL. KRAKOWSKA 206"", ""city"": ""WARSZAWA"", ""region"": ""MAZOWIECKIE"", ""country"": ""PL""}",52.2084,20.9412,LEASE,847 PLN,per month,Diesel,Automatic,FWD
VR3FCYHZ3TY550199,Nowe 308 SW Allure · od 847 PLN/mies.,Peugeot Nowe 308 SW Allure · Rata od 847 PLN netto/mies. · Leasing B2B · Warszawa · Sprawdź ofertę!,https://sklep.peugeot.pl/produkt/nowe-308-sw/vr3fcyhz3ty550199/,https://raw.githubusercontent.com/Andy11001/-alfa-inventory/master/data/images/VR3FCYHZ3TY550199_clean.webp,Peugeot,Nowe 308 SW,2025,0,KM,Wagon,Szary Artense,New,117900 PLN,PLN,"{""addr1"": ""AL. KRAKOWSKA 206"", ""city"": ""WARSZAWA"", ""region"": ""MAZOWIECKIE"", ""country"": ""PL""}",52.2084,20.9412,LEASE,847 PLN,per month,Diesel,Automatic,FWD
VR3USHPY8TJ755691,2008 Allure · od 888 PLN/mies.,Peugeot 2008 Allure · Rata od 888 PLN netto/mies. · Leasing B2B · Zielona Góra · Sprawdź ofertę!,https://sklep.peugeot.pl/produkt/2008/vr3ushpy8tj755691/,https://raw.githubusercontent.com/Andy11001/-alfa-inventory/master/data/images/VR3USHPY8TJ755691_clean.webp,Peugeot,2008,2025,0,KM,SUV,Czarny Perla Nera,New,123638 PLN,PLN,"{""addr1"": ""ZIELONA GÓRA"", ""city"": ""ZIELONA GÓRA"", ""region"": ""MAZOWIECKIE"", ""country"": ""PL""}",,,LEASE,888 PLN,per month,Hybrid,Automatic,FWD
VR3FCYHZ0TY550273,Nowe 308 SW Allure · od 840 PLN/mies.,Peugeot Nowe 308 SW Allure · Rata od 840 PLN netto/mies. · Leasing B2B · Warszawa · Sprawdź ofertę!,https://sklep.peugeot.pl/produkt/nowe-308-sw/vr3fcyhz0ty550273/,https://raw.githubusercontent.com/Andy11001/-alfa-inventory/master/data/images/VR3FCYHZ0TY550273_clean.webp,Peugeot,Nowe 308 SW,2025,0,KM,Wagon,Niebieski Ingaro,New,116900 PLN,PLN,"{""addr1"": ""AL. KRAKOWSKA 206"", ""city"": ""WARSZAWA"", ""region"": ""MAZOWIECKIE"", ""country"": ""PL""}",52.2084,20.9412,LEASE,840 PLN,per month,Diesel,Automatic,FWD
VR3UPHPY7T4160508,208 Gt · od 896 PLN/mies.,Peugeot 208 Gt · Rata od 896 PLN netto/mies. · Leasing B2B · Kraków · Sprawdź ofertę!,https://sklep.peugeot.pl/produkt/208/vr3uphpy7t4160508/,https://raw.githubusercontent.com/Andy11001/-alfa-inventory/master/data/images/VR3UPHPY7T4160508_clean.webp,Peugeot,208,2025,0,KM,Hatchback,Czarny Perla Nera,New,124740 PLN,PLN,"{""addr1"": ""UL. OPOLSKA 9"", ""city"": ""KRAKÓW"", ""region"": ""MAŁOPOLSKIE"", ""country"": ""PL""}",50.0931,19.9238,LEASE,896 PLN,per month,Hybrid,Automatic,FWD
VR3USHPXXTJ742156,2008 Allure · od 854 PLN/mies.,Peugeot 2008 Allure · Rata od 854 PLN netto/mies. · Leasing B2B · Warszawa · Sprawdź ofertę!,https://sklep.peugeot.pl/produkt/2008/vr3ushpxxtj742156/,https://raw.githubusercontent.com/Andy11001/-alfa-inventory/master/data/images/VR3USHPXXTJ742156_clean.webp,Peugeot,2008,2025,0,KM,SUV,Szary Selenium,New,118900 PLN,PLN,"{""addr1"": ""AL. KRAKOWSKA 206"", ""city"": ""WARSZAWA"", ""region"": ""MAZOWIECKIE"", ""country"": ""PL""}",52.2084,20.9412,LEASE,854 PLN,per month,Hybrid,Automatic,FWD
VR3USHPX4TJ674954,2008 Allure · od 863 PLN/mies.,Peugeot 2008 Allure · Rata od 863 PLN netto/mies. · Leasing B2B · Sosnowiec · Sprawdź ofertę!,https://sklep.peugeot.pl/produkt/2008/vr3ushpx4tj674954/,https://raw.githubusercontent.com/Andy11001/-alfa-inventory/master/data/images/VR3USHPX4TJ674954_clean.webp,Peugeot,2008,2025,0,KM,SUV,Czarny Perla Nera,New,120138 PLN,PLN,"{""addr1"": ""UL. WOJSKA POLSKIEGO 45"", ""city"": ""SOSNOWIEC"", ""region"": ""ŚLĄSKIE"", ""country"": ""PL""}",50.2863,19.1042,LEASE,863 PLN,per month,Hybrid,Automatic,FWD
VR3FPHPY0TY549489,Nowe 308 Allure · od 846 PLN/mies.,Peugeot Nowe 308 Allure · Rata od 846 PLN netto/mies. · Leasing B2B · Sosnowiec · Sprawdź ofertę!,https://sklep.peugeot.pl/produkt/nowe-308/vr3fphpy0ty549489/,https://raw.githubusercontent.com/Andy11001/-alfa-inventory/master/data/images/VR3FPHPY0TY549489_clean.webp,Peugeot,Nowe 308,2025,0,KM,Hatchback,Niebieski Lagoa,New,117777 PLN,PLN,"{""addr1"": ""UL. WOJSKA POLSKIEGO 45"", ""city"": ""SOSNOWIEC"", ""region"": ""ŚLĄSKIE"", ""country"": ""PL""}",50.2863,19.1042,LEASE,846 PLN,per month,Hybrid,Automatic,FWD
VR3USHPX8TJ733343,2008 Allure · od 854 PLN/mies.,Peugeot 2008 Allure · Rata od 854 PLN netto/mies. · Leasing B2B · Kalisz · Sprawdź ofertę!,https://sklep.peugeot.pl/produkt/2008/vr3ushpx8tj733343/,https://raw.githubusercontent.com/Andy11001/-alfa-inventory/master/data/images/VR3USHPX8TJ733343_clean.webp,Peugeot,2008,2025,0,KM,SUV,Bialy Okenite,New,118825 PLN,PLN,"{""addr1"": ""UL. CZĘSTOCHOWSKA 144"", ""city"": ""KALISZ"", ""region"": ""WIELKOPOLSKIE"", ""country"": ""PL""}",51.7612,18.0929,LEASE,854 PLN,per month,Hybrid,Automatic,FWD
VR3USHPY8TJ705969,2008 Allure · od 852 PLN/mies.,Peugeot 2008 Allure · Rata od 852 PLN netto/mies. · Leasing B2B · Słupsk · Sprawdź ofertę!,https://sklep.peugeot.pl/produkt/2008/vr3ushpy8tj705969/,https://raw.githubusercontent.com/Andy11001/-alfa-inventory/master/data/images/VR3USHPY8TJ705969_clean.webp,Peugeot,2008,2025,0,KM,SUV,Niebieski Obsession,New,118562 PLN,PLN,"{""addr1"": ""SŁUPSK"", ""city"": ""SŁUPSK"", ""region"": ""MAZOWIECKIE"", ""country"": ""PL""}",,,LEASE,852 PLN,per month,Hybrid,Automatic,FWD
VR3USHPX8TJ705350,2008 Allure · od 837 PLN/mies.,Peugeot 2008 Allure · Rata od 837 PLN netto/mies. · Leasing B2B · Warszawa · Sprawdź ofertę!,https://sklep.peugeot.pl/produkt/2008/vr3ushpx8tj705350/,https://raw.githubusercontent.com/Andy11001/-alfa-inventory/master/data/images/VR3USHPX8TJ705350_clean.webp,Peugeot,2008,2025,0,KM,SUV,Niebieski Obsession,New,116500 PLN,PLN,"{""addr1"": ""AL. KRAKOWSKA 206"", ""city"": ""WARSZAWA"", ""region"": ""MAZOWIECKIE"", ""country"": ""PL""}",52.2084,20.9412,LEASE,837 PLN,per month,Hybrid,Automatic,FWD
VR3UPHPY3T4160666,208 Gt · od 869 PLN/mies.,Peugeot 208 Gt · Rata od 869 PLN netto/mies. · Leasing B2B · Wrocław · Sprawdź ofertę!,https://sklep.peugeot.pl/produkt/208/vr3uphpy3t4160666/,https://raw.githubusercontent.com/Andy11001/-alfa-inventory/master/data/images/VR3UPHPY3T4160666_clean.webp,Peugeot,208,2025,0,KM,Hatchback,Czerwony Elixir,New,121050 PLN,PLN,"{""addr1"": ""UL. SZCZECIŃSKA 7"", ""city"": ""WROCŁAW"", ""region"": ""DOLNOŚLĄSKIE"", ""country"": ""PL""}",51.1274,16.9535,LEASE,869 PLN,per month,Hybrid,Automatic,FWD
VR3FPHPY5TY550637,Nowe 308 Business · od 827 PLN/mies.,Peugeot Nowe 308 Business · Rata od 827 PLN netto/mies. · Leasing B2B · Opole · Sprawdź ofertę!,https://sklep.peugeot.pl/produkt/nowe-308/vr3fphpy5ty550637/,https://raw.githubusercontent.com/Andy11001/-alfa-inventory/master/data/images/VR3FPHPY5TY550637_clean.webp,Peugeot,Nowe 308,2025,0,KM,Hatchback,Niebieski Lagoa,New,115111 PLN,PLN,"{""addr1"": ""UL. WROCŁAWSKA 137"", ""city"": ""OPOLE"", ""region"": ""OPOLSKIE"", ""country"": ""PL""}",50.6751,17.9213,LEASE,827 PLN,per month,Hybrid,Automatic,FWD
VR3UPHPY9T5109263,208 Gt · od 865 PLN/mies.,Peugeot 208 Gt · Rata od 865 PLN netto/mies. · Leasing B2B · Gliwice · Sprawdź ofertę!,https://sklep.peugeot.pl/produkt/208/vr3uphpy9t5109263/,https://raw.githubusercontent.com/Andy11001/-alfa-inventory/master/data/images/VR3UPHPY9T5109263_clean.webp,Peugeot,208,2025,0,KM,Hatchback,Czarny Perla Nera,New,120420 PLN,PLN,"{""addr1"": ""UL. TOSZECKA 101"", ""city"": ""GLIWICE"", ""region"": ""ŚLĄSKIE"", ""country"": ""PL""}",50.2945,18.6714,LEASE,865 PLN,per month,Hybrid,Automatic,FWD
VR3USHPX3TJ761681,2008 Allure · od 832 PLN/mies.,Peugeot 2008 Allure · Rata od 832 PLN netto/mies. · Leasing B2B · Kalisz · Sprawdź ofertę!,https://sklep.peugeot.pl/produkt/2008/vr3ushpx3tj761681/,https://raw.githubusercontent.com/Andy11001/-alfa-inventory/master/data/images/VR3USHPX3TJ761681_clean.webp,Peugeot,2008,2025,0,KM,SUV,Niebieski Obsession,New,115762 PLN,PLN,"{""addr1"": ""UL. CZĘSTOCHOWSKA 144"", ""city"": ""KALISZ"", ""region"": ""WIELKOPOLSKIE"", ""country"": ""PL""}",51.7612,18.0929,LEASE,832 PLN,per month,Hybrid,Automatic,FWD
VR3UPHPY8T4139036,208 Gt · od 839 PLN/mies.,Peugeot 208 Gt · Rata od 839 PLN netto/mies. · Leasing B2B · Sosnowiec · Sprawdź ofertę!,https://sklep.peugeot.pl/produkt/208/vr3uphpy8t4139036/,https://raw.githubusercontent.com/Andy11001/-alfa-inventory/master/data/images/VR3UPHPY8T4139036_clean.webp,Peugeot,208,2025,0,KM,Hatchback,Czarny Perla Nera,New,116820 PLN,PLN,"{""addr1"": ""UL. WOJSKA POLSKIEGO 45"", ""city"": ""SOSNOWIEC"", ""region"": ""ŚLĄSKIE"", ""country"": ""PL""}",50.2863,19.1042,LEASE,839 PLN,per month,Hybrid,Automatic,FWD
VR3USHPX0TJ732641,2008 Business · od 796 PLN/mies.,Peugeot 2008 Business · Rata od 796 PLN netto/mies. · Leasing B2B · Gdańsk · Sprawdź ofertę!,https://sklep.peugeot.pl/produkt/2008/vr3ushpx0tj732641/,https://raw.githubusercontent.com/Andy11001/-alfa-inventory/master/data/images/VR3USHPX0TJ732641_clean.webp,Peugeot,2008,2025,0,KM,SUV,Bialy Okenite,New,110688 PLN,PLN,"{""addr1"": ""AL. GRUNWALDZKA 256"", ""city"": ""GDAŃSK"", ""region"": ""POMORSKIE"", ""country"": ""PL""}",54.4022,18.5714,LEASE,796 PLN,per month,Hybrid,Automatic,FWD
VR3UPHPX2T4138889,208 Allure · od 719 PLN/mies.,Peugeot 208 Allure · Rata od 719 PLN netto/mies. · Leasing B2B · Katowice · Sprawdź ofertę!,https://sklep.peugeot.pl/produkt/208/vr3uphpx2t4138889/,https://raw.githubusercontent.com/Andy11001/-alfa-inventory/master/data/images/VR3UPHPX2T4138889_clean.webp,Peugeot,208,2025,0,KM,Hatchback,Czerwony Elixir,New,99900 PLN,PLN,"{""addr1"": ""AL. ROŹDZIEŃSKIEGO 170"", ""city"": ""KATOWICE"", ""region"": ""ŚLĄSKIE"", ""country"": ""PL""}",50.2649,19.0238,LEASE,719 PLN,per month,Hybrid,Automatic,FWD
VR3UPHPX5T4142788,208 Allure · od 733 PLN/mies.,Peugeot 208 Allure · Rata od 733 PLN netto/mies. · Leasing B2B · Gdańsk · Sprawdź ofertę!,https://sklep.peugeot.pl/produkt/208/vr3uphpx5t4142788/,https://raw.githubusercontent.com/Andy11001/-alfa-inventory/master/data/images/VR3UPHPX5T4142788_clean.webp,Peugeot,208,2025,0,KM,Hatchback,Szary Artense,New,101880 PLN,PLN,"{""addr1"": ""AL. GRUNWALDZKA 256"", ""city"": ""GDAŃSK"", ""region"": ""POMORSKIE"", ""country"": ""PL""}",54.4022,18.5714,LEASE,733 PLN,per month,Hybrid,Automatic,FWD
VR3UPHPX8T5042887,208 Allure · od 731 PLN/mies.,Peugeot 208 Allure · Rata od 731 PLN netto/mies. · Leasing B2B · Warszawa · Sprawdź ofertę!,https://sklep.peugeot.pl/produkt/208/vr3uphpx8t5042887/,https://raw.githubusercontent.com/Andy11001/-alfa-inventory/master/data/images/VR3UPHPX8T5042887_clean.webp,Peugeot,208,2025,0,KM,Hatchback,Niebieski Vertigo,New,101556 PLN,PLN,"{""addr1"": ""AL. KRAKOWSKA 206"", ""city"": ""WARSZAWA"", ""region"": ""MAZOWIECKIE"", ""country"": ""PL""}",52.2084,20.9412,LEASE,731 PLN,per month,Hybrid,Automatic,FWD
VR3UPHPX1T4138950,208 Allure · od 714 PLN/mies.,Peugeot 208 Allure · Rata od 714 PLN netto/mies. · Leasing B2B · Bydgoszcz · Sprawdź ofertę!,https://sklep.peugeot.pl/produkt/208/vr3uphpx1t4138950/,https://raw.githubusercontent.com/Andy11001/-alfa-inventory/master/data/images/VR3UPHPX1T4138950_clean.webp,Peugeot,208,2025,0,KM,Hatchback,Czerwony Elixir,New,99181 PLN,PLN,"{""addr1"": ""UL. FORDOŃSKA 353"", ""city"": ""BYDGOSZCZ"", ""region"": ""KUJAWSKO-POMORSKIE"", ""country"": ""PL""}",53.1235,18.0084,LEASE,714 PLN,per month,Hybrid,Automatic,FWD
VR3UPHPX6T4131783,208 Allure · od 729 PLN/mies.,Peugeot 208 Allure · Rata od 729 PLN netto/mies. · Leasing B2B · Warszawa · Sprawdź ofertę!,https://sklep.peugeot.pl/produkt/208/vr3uphpx6t4131783/,https://raw.githubusercontent.com/Andy11001/-alfa-inventory/master/data/images/VR3UPHPX6T4131783_clean.webp,Peugeot,208,2025,0,KM,Hatchback,Niebieski Vertigo,New,101250 PLN,PLN,"{""addr1"": ""AL. KRAKOWSKA 206"", ""city"": ""WARSZAWA"", ""region"": ""MAZOWIECKIE"", ""country"": ""PL""}",52.2084,20.9412,LEASE,729 PLN,per month,Hybrid,Automatic,FWD
VR3UPHPX9T4164017,208 Allure · od 724 PLN/mies.,Peugeot 208 Allure · Rata od 724 PLN netto/mies. · Leasing B2B · Płock · Sprawdź ofertę!,https://sklep.peugeot.pl/produkt/208/vr3uphpx9t4164017/,https://raw.githubusercontent.com/Andy11001/-alfa-inventory/master/data/images/VR3UPHPX9T4164017_clean.webp,Peugeot,208,2025,0,KM,Hatchback,Zolty Agueda,New,100530 PLN,PLN,"{""addr1"": ""UL. OTOLIŃSKA 25"", ""city"": ""PŁOCK"", ""region"": ""MAZOWIECKIE"", ""country"": ""PL""}",52.5468,19.7064,LEASE,724 PLN,per month,Hybrid,Automatic,FWD
VR3USHPX0TJ761931,2008 Edition · od 779 PLN/mies.,Peugeot 2008 Edition · Rata od 779 PLN netto/mies. · Leasing B2B · Sosnowiec · Sprawdź ofertę!,https://sklep.peugeot.pl/produkt/2008/vr3ushpx0tj761931/,https://raw.githubusercontent.com/Andy11001/-alfa-inventory/master/data/images/VR3USHPX0TJ761931_clean.webp,Peugeot,2008,2025,0,KM,SUV,Niebieski Obsession,New,108400 PLN,PLN,"{""addr1"": ""UL. WOJSKA POLSKIEGO 45"", ""city"": ""SOSNOWIEC"", ""region"": ""ŚLĄSKIE"", ""country"": ""PL""}",50.2863,19.1042,LEASE,779 PLN,per month,Hybrid,Automatic,FWD
VR3USHPX9TJ762074,2008 Edition · od 779 PLN/mies.,Peugeot 2008 Edition · Rata od 779 PLN netto/mies. · Leasing B2B · Sosnowiec · Sprawdź ofertę!,https://sklep.peugeot.pl/produkt/2008/vr3ushpx9tj762074/,https://raw.githubusercontent.com/Andy11001/-alfa-inventory/master/data/images/VR3USHPX9TJ762074_clean.webp,Peugeot,2008,2025,0,KM,SUV,Czarny Perla Nera,New,108400 PLN,PLN,"{""addr1"": ""UL. WOJSKA POLSKIEGO 45"", ""city"": ""SOSNOWIEC"", ""region"": ""ŚLĄSKIE"", ""country"": ""PL""}",50.2863,19.1042,LEASE,779 PLN,per month,Hybrid,Automatic,FWD
VR3USHPX3TJ754102,2008 Edition · od 760 PLN/mies.,Peugeot 2008 Edition · Rata od 760 PLN netto/mies. · Leasing B2B · Leszno · Sprawdź ofertę!,https://sklep.peugeot.pl/produkt/2008/vr3ushpx3tj754102/,https://raw.githubusercontent.com/Andy11001/-alfa-inventory/master/data/images/VR3USHPX3TJ754102_clean.webp,Peugeot,2008,2025,0,KM,SUV,Bialy Okenite,New,105700 PLN,PLN,"{""addr1"": ""UL. OKRZEI 12"", ""city"": ""LESZNO"", ""region"": ""WIELKOPOLSKIE"", ""country"": ""PL""}",51.8432,16.5751,LEASE,760 PLN,per month,Hybrid,Automatic,FWD
VR3USHPX8TJ733214,2008 Edition · od 760 PLN/mies.,Peugeot 2008 Edition · Rata od 760 PLN netto/mies. · Leasing B2B · Piła · Sprawdź ofertę!,https://sklep.peugeot.pl/produkt/2008/vr3ushpx8tj733214/,https://raw.githubusercontent.com/Andy11001/-alfa-inventory/master/data/images/VR3USHPX8TJ733214_clean.webp,Peugeot,2008,2025,0,KM,SUV,Szary Artense,New,105600 PLN,PLN,"{""addr1"": ""UL. WARSZTATOWA 6"", ""city"": ""PIŁA"", ""region"": ""WIELKOPOLSKIE"", ""country"": ""PL""}",53.1510,16.7384,LEASE,760 PLN,per month,Hybrid,Automatic,FWD
VR3USHPX9TJ727146,2008 Edition · od 740 PLN/mies.,Peugeot 2008 Edition · Rata od 740 PLN netto/mies. · Leasing B2B · Gliwice · Sprawdź ofertę!,https://sklep.peugeot.pl/produkt/2008/vr3ushpx9tj727146/,https://raw.githubusercontent.com/Andy11001/-alfa-inventory/master/data/images/VR3USHPX9TJ727146_clean.webp,Peugeot,2008,2025,0,KM,SUV,Bialy Okenite,New,102900 PLN,PLN,"{""addr1"": ""UL. TOSZECKA 101"", ""city"": ""GLIWICE"", ""region"": ""ŚLĄSKIE"", ""country"": ""PL""}",50.2945,18.6714,LEASE,740 PLN,per month,Hybrid,Automatic,FWD
VR3USHPX5TJ742162,2008 Edition · od 740 PLN/mies.,Peugeot 2008 Edition · Rata od 740 PLN netto/mies. · Leasing B2B · Grębów · Sprawdź ofertę!,https://sklep.peugeot.pl/produkt/2008/vr3ushpx5tj742162/,https://raw.githubusercontent.com/Andy11001/-alfa-inventory/master/data/images/VR3USHPX5TJ742162_clean.webp,Peugeot,2008,2025,0,KM,SUV,Bialy Okenite,New,102900 PLN,PLN,"{""addr1"": ""GRĘBÓW"", ""city"": ""GRĘBÓW"", ""region"": ""MAZOWIECKIE"", ""country"": ""PL""}",,,LEASE,740 PLN,per month,Hybrid,Automatic,FWD
VR3USHPXXTJ730220,2008 Edition · od 740 PLN/mies.,Peugeot 2008 Edition · Rata od 740 PLN netto/mies. · Leasing B2B · Kalisz · Sprawdź ofertę!,https://sklep.peugeot.pl/produkt/2008/vr3ushpxxtj730220/,https://raw.githubusercontent.com/Andy11001/-alfa-inventory/master/data/images/VR3USHPXXTJ730220_clean.webp,Peugeot,2008,2025,0,KM,SUV,Bialy Okenite,New,102900 PLN,PLN,"{""addr1"": ""UL. CZĘSTOCHOWSKA 144"", ""city"": ""KALISZ"", ""region"": ""WIELKOPOLSKIE"", ""country"": ""PL""}",51.7612,18.0929,LEASE,740 PLN,per month,Hybrid,Automatic,FWD
VR3UPHPV9T5107695,208 Allure · od 642 PLN/mies.,Peugeot 208 Allure · Rata od 642 PLN netto/mies. · Leasing B2B · Warszawa · Sprawdź ofertę!,https://sklep.peugeot.pl/produkt/208/vr3uphpv9t5107695/,https://raw.githubusercontent.com/Andy11001/-alfa-inventory/master/data/images/VR3UPHPV9T5107695_clean.webp,Peugeot,208,2025,0,KM,Hatchback,Czerwony Elixir,New,89100 PLN,PLN,"{""addr1"": ""AL. KRAKOWSKA 206"", ""city"": ""WARSZAWA"", ""region"": ""MAZOWIECKIE"", ""country"": ""PL""}",52.2084,20.9412,LEASE,642 PLN,per month,Gasoline,Manual,FWD
VR3UPHPV3T5106767,208 Allure · od 642 PLN/mies.,Peugeot 208 Allure · Rata od 642 PLN netto/mies. · Leasing B2B · Słupsk · Sprawdź ofertę!,https://sklep.peugeot.pl/produkt/208/vr3uphpv3t5106767/,https://raw.githubusercontent.com/Andy11001/-alfa-inventory/master/data/images/VR3UPHPV3T5106767_clean.jpg,Peugeot,208,2025,0,KM,Hatchback,Niebieski Vertigo,New,89100 PLN,PLN,"{""addr1"": ""SŁUPSK"", ""city"": ""SŁUPSK"", ""region"": ""MAZOWIECKIE"", ""country"": ""PL""}",,,LEASE,642 PLN,per month,Gasoline,Manual,FWD
VR3UPHPV5T5108505,208 Allure · od 639 PLN/mies.,Peugeot 208 Allure · Rata od 639 PLN netto/mies. · Leasing B2B · Konin · Sprawdź ofertę!,https://sklep.peugeot.pl/produkt/208/vr3uphpv5t5108505/,https://raw.githubusercontent.com/Andy11001/-alfa-inventory/master/data/images/VR3UPHPV5T5108505_clean.webp,Peugeot,208,2025,0,KM,Hatchback,Szary Selenium,New,88650 PLN,PLN,"{""addr1"": ""KONIN"", ""city"": ""KONIN"", ""region"": ""MAZOWIECKIE"", ""country"": ""PL""}",,,LEASE,639 PLN,per month,Gasoline,Manual,FWD
VR3UPHPV4T5107913,208 Allure · od 630 PLN/mies.,Peugeot 208 Allure · Rata od 630 PLN netto/mies. · Leasing B2B · Białystok · Sprawdź ofertę!,https://sklep.peugeot.pl/produkt/208/vr3uphpv4t5107913/,https://raw.githubusercontent.com/Andy11001/-alfa-inventory/master/data/images/VR3UPHPV4T5107913_clean.webp,Peugeot,208,2025,0,KM,Hatchback,Szary Artense,New,87300 PLN,PLN,"{""addr1"": ""UL. ELEWATORSKA 60"", ""city"": ""BIAŁYSTOK"", ""region"": ""PODLASKIE"", ""country"": ""PL""}",53.1325,23.1688,LEASE,630 PLN,per month,Gasoline,Manual,FWD
VR3UPHPV0T5107939,208 Allure · od 623 PLN/mies.,Peugeot 208 Allure · Rata od 623 PLN netto/mies. · Leasing B2B · Warszawa · Sprawdź ofertę!,https://sklep.peugeot.pl/produkt/208/vr3uphpv0t5107939/,https://raw.githubusercontent.com/Andy11001/-alfa-inventory/master/data/images/VR3UPHPV0T5107939_clean.webp,Peugeot,208,2025,0,KM,Hatchback,Zolty Agueda,New,86310 PLN,PLN,"{""addr1"": ""AL. KRAKOWSKA 206"", ""city"": ""WARSZAWA"", ""region"": ""MAZOWIECKIE"", ""country"": ""PL""}",52.2084,20.9412,LEASE,623 PLN,per month,Gasoline,Manual,FWD
VR3USHPV4TJ729451,2008 Edition · od 687 PLN/mies.,Peugeot 2008 Edition · Rata od 687 PLN netto/mies. · Leasing B2B · Krasne · Sprawdź ofertę!,https://sklep.peugeot.pl/produkt/2008/vr3ushpv4tj729451/,https://raw.githubusercontent.com/Andy11001/-alfa-inventory/master/data/images/VR3USHPV4TJ729451_clean.webp,Peugeot,2008,2025,0,KM,SUV,Niebieski Obsession,New,95400 PLN,PLN,"{""addr1"": ""KRASNE"", ""city"": ""KRASNE"", ""region"": ""MAZOWIECKIE"", ""country"": ""PL""}",,,LEASE,687 PLN,per month,Gasoline,Manual,FWD
VR3USHPV4TJ735993,2008 Edition · od 687 PLN/mies.,Peugeot 2008 Edition · Rata od 687 PLN netto/mies. · Leasing B2B · Katowice · Sprawdź ofertę!,https://sklep.peugeot.pl/produkt/2008/vr3ushpv4tj735993/,https://raw.githubusercontent.com/Andy11001/-alfa-inventory/master/data/images/VR3USHPV4TJ735993_clean.webp,Peugeot,2008,2025,0,KM,SUV,Czarny Perla Nera,New,95400 PLN,PLN,"{""addr1"": ""AL. ROŹDZIEŃSKIEGO 170"", ""city"": ""KATOWICE"", ""region"": ""ŚLĄSKIE"", ""country"": ""PL""}",50.2649,19.0238,LEASE,687 PLN,per month,Gasoline,Manual,FWD
VR3UPHPV8T5095457,208 Allure · od 618 PLN/mies.,Peugeot 208 Allure · Rata od 618 PLN netto/mies. · Leasing B2B · Bielsko-Biała · Sprawdź ofertę!,https://sklep.peugeot.pl/produkt/208/vr3uphpv8t5095457/,https://raw.githubusercontent.com/Andy11001/-alfa-inventory/master/data/images/VR3UPHPV8T5095457_clean.webp,Peugeot,208,2025,0,KM,Hatchback,Szary Selenium,New,85680 PLN,PLN,"{""addr1"": ""UL. WARSZAWSKA 15"", ""city"": ""BIELSKO-BIAŁA"", ""region"": ""ŚLĄSKIE"", ""country"": ""PL""}",49.8225,19.0444,LEASE,618 PLN,per month,Gasoline,Manual,FWD
VR3USHPV3TJ802616,2008 Edition · od 667 PLN/mies.,Peugeot 2008 Edition · Rata od 667 PLN netto/mies. · Leasing B2B · Opole · Sprawdź ofertę!,https://sklep.peugeot.pl/produkt/2008/vr3ushpv3tj802616/,https://raw.githubusercontent.com/Andy11001/-alfa-inventory/master/data/images/VR3USHPV3TJ802616_clean.webp,Peugeot,2008,2025,0,KM,SUV,Szary Selenium,New,92600 PLN,PLN,"{""addr1"": ""UL. WROCŁAWSKA 137"", ""city"": ""OPOLE"", ""region"": ""OPOLSKIE"", ""country"": ""PL""}",50.6751,17.9213,LEASE,667 PLN,per month,Gasoline,Manual,FWD
VR3USHPV8TJ735981,2008 Edition · od 667 PLN/mies.,Peugeot 2008 Edition · Rata od 667 PLN netto/mies. · Leasing B2B · Bielsko-Biała · Sprawdź ofertę!,https://sklep.peugeot.pl/produkt/2008/vr3ushpv8tj735981/,https://raw.githubusercontent.com/Andy11001/-alfa-inventory/master/data/images/VR3USHPV8TJ735981_clean.webp,Peugeot,2008,2025,0,KM,SUV,Niebieski Obsession,New,92600 PLN,PLN,"{""addr1"": ""UL. WARSZAWSKA 15"", ""city"": ""BIELSKO-BIAŁA"", ""region"": ""ŚLĄSKIE"", ""country"": ""PL""}",49.8225,19.0444,LEASE,667 PLN,per month,Gasoline,Manual,FWD
VR3USHPVXTJ735979,2008 Edition · od 667 PLN/mies.,Peugeot 2008 Edition · Rata od 667 PLN netto/mies. · Leasing B2B · Słupsk · Sprawdź ofertę!,https://sklep.peugeot.pl/produkt/2008/vr3ushpvxtj735979/,https://raw.githubusercontent.com/Andy11001/-alfa-inventory/master/data/images/VR3USHPVXTJ735979_clean.webp,Peugeot,2008,2025,0,KM,SUV,Niebieski Obsession,New,92600 PLN,PLN,"{""addr1"": ""SŁUPSK"", ""city"": ""SŁUPSK"", ""region"": ""MAZOWIECKIE"", ""country"": ""PL""}",,,LEASE,667 PLN,per month,Gasoline,Manual,FWD
VR3USHPVXTJ736310,2008 Edition · od 648 PLN/mies.,Peugeot 2008 Edition · Rata od 648 PLN netto/mies. · Leasing B2B · Bydgoszcz · Sprawdź ofertę!,https://sklep.peugeot.pl/produkt/2008/vr3ushpvxtj736310/,https://raw.githubusercontent.com/Andy11001/-alfa-inventory/master/data/images/VR3USHPVXTJ736310_clean.webp,Peugeot,2008,2025,0,KM,SUV,Bialy Okenite,New,89900 PLN,PLN,"{""addr1"": ""UL. FORDOŃSKA 353"", ""city"": ""BYDGOSZCZ"", ""region"": ""KUJAWSKO-POMORSKIE"", ""country"": ""PL""}",53.1235,18.0084,LEASE,648 PLN,per month,Gasoline,Manual,FWD
VR3USHPV6TJ736305,2008 Edition · od 648 PLN/mies.,Peugeot 2008 Edition · Rata od 648 PLN netto/mies. · Leasing B2B · Kalisz · Sprawdź ofertę!,https://sklep.peugeot.pl/produkt/2008/vr3ushpv6tj736305/,https://raw.githubusercontent.com/Andy11001/-alfa-inventory/master/data/images/VR3USHPV6TJ736305_clean.webp,Peugeot,2008,2025,0,KM,SUV,Bialy Okenite,New,89900 PLN,PLN,"{""addr1"": ""UL. CZĘSTOCHOWSKA 144"", ""city"": ""KALISZ"", ""region"": ""WIELKOPOLSKIE"", ""country"": ""PL""}",51.7612,18.0929,LEASE,648 PLN,per month,Gasoline,Manual,FWD
VR3UPHPV1T5096871,208 Style · od 549 PLN/mies.,Peugeot 208 Style · Rata od 549 PLN netto/mies. · Leasing B2B · Katowice · Sprawdź ofertę!,https://sklep.peugeot.pl/produkt/208/vr3uphpv1t5096871/,https://raw.githubusercontent.com/Andy11001/-alfa-inventory/master/data/images/VR3UPHPV1T5096871_clean.webp,Peugeot,208,2025,0,KM,Hatchback,Szary Artense,New,75900 PLN,PLN,"{""addr1"": ""AL. ROŹDZIEŃSKIEGO 170"", ""city"": ""KATOWICE"", ""region"": ""ŚLĄSKIE"", ""country"": ""PL""}",50.2649,19.0238,LEASE,549 PLN,per month,Gasoline,Manual,FWD
VR3UPHPV3T5111158,208 Style · od 558 PLN/mies.,Peugeot 208 Style · Rata od 558 PLN netto/mies. · Leasing B2B · Słupsk · Sprawdź ofertę!,https://sklep.peugeot.pl/produkt/208/vr3uphpv3t5111158/,https://raw.githubusercontent.com/Andy11001/-alfa-inventory/master/data/images/VR3UPHPV3T5111158_clean.webp,Peugeot,208,2025,0,KM,Hatchback,Szary Selenium,New,77190 PLN,PLN,"{""addr1"": ""SŁUPSK"", ""city"": ""SŁUPSK"", ""region"": ""MAZOWIECKIE"", ""country"": ""PL""}",,,LEASE,558 PLN,per month,Gasoline,Manual,FWD
VR3UPHPV0T5094903,208 Style · od 543 PLN/mies.,Peugeot 208 Style · Rata od 543 PLN netto/mies. · Leasing B2B · Rybnik · Sprawdź ofertę!,https://sklep.peugeot.pl/produkt/208/vr3uphpv0t5094903/,https://raw.githubusercontent.com/Andy11001/-alfa-inventory/master/data/images/VR3UPHPV0T5094903_clean.webp,Peugeot,208,2025,0,KM,Hatchback,Zolty Agueda,New,75144 PLN,PLN,"{""addr1"": ""UL. ŻORSKA 14"", ""city"": ""RYBNIK"", ""region"": ""ŚLĄSKIE"", ""country"": ""PL""}",50.1022,18.5463,LEASE,543 PLN,per month,Gasoline,Manual,FWD
VR3UPHPV8T5110796,208 Edition · od 538 PLN/mies.,Peugeot 208 Edition · Rata od 538 PLN netto/mies. · Leasing B2B · Bielsko-Biała · Sprawdź ofertę!,https://sklep.peugeot.pl/produkt/208/vr3uphpv8t5110796/,https://raw.githubusercontent.com/Andy11001/-alfa-inventory/master/data/images/VR3UPHPV8T5110796_clean.webp,Peugeot,208,2025,0,KM,Hatchback,Bialy Okenite,New,74400 PLN,PLN,"{""addr1"": ""UL. WARSZAWSKA 15"", ""city"": ""BIELSKO-BIAŁA"", ""region"": ""ŚLĄSKIE"", ""country"": ""PL""}",49.8225,19.0444,LEASE,538 PLN,per month,Gasoline,Manual,FWD
VF3VNFC13TU459654,Traveller Business · od 1521 PLN/mies.,Peugeot Traveller Business · Rata od 1521 PLN netto/mies. · Leasing B2B · Katowice · Sprawdź ofertę!,https://sklep.peugeot.pl/produkt/traveller/vf3vnfc13tu459654/,https://raw.githubusercontent.com/Andy11001/-alfa-inventory/master/data/images/VF3VNFC13TU459654_clean.webp,Peugeot,Traveller,2025,0,KM,Hatchback,Czarny Perla Nera Metaliczny,New,212900 PLN,PLN,"{""addr1"": ""AL. ROŹDZIEŃSKIEGO 170"", ""city"": ""KATOWICE"", ""region"": ""ŚLĄSKIE"", ""country"": ""PL""}",50.2649,19.0238,LEASE,1521 PLN,per month,Diesel,Automatic,FWD
VF3VNFC14TU457718,Traveller Business · od 1479 PLN/mies.,Peugeot Traveller Business · Rata od 1479 PLN netto/mies. · Leasing B2B · Katowice · Sprawdź ofertę!,https://sklep.peugeot.pl/produkt/traveller/vf3vnfc14tu457718/,https://raw.githubusercontent.com/Andy11001/-alfa-inventory/master/data/images/VF3VNFC14TU457718_clean.webp,Peugeot,Traveller,2025,0,KM,Hatchback,Szary Titane Metaliczny,New,206900 PLN,PLN,"{""addr1"": ""AL. ROŹDZIEŃSKIEGO 170"", ""city"": ""KATOWICE"", ""region"": ""ŚLĄSKIE"", ""country"": ""PL""}",50.2649,19.0238,LEASE,1479 PLN,per month,Diesel,Automatic,FWD
VR3F3DGN1TY533294,Nowy 408 Gt Exclusive · od 1317 PLN/mies.,Peugeot Nowy 408 Gt Exclusive · Rata od 1317 PLN netto/mies. · Leasing B2B · Świdnik · Sprawdź ofertę!,https://sklep.peugeot.pl/produkt/nowy-408/vr3f3dgn1ty533294/,,Peugeot,Nowy 408,2025,0,KM,SUV,Zielony Flare,New,184100 PLN,PLN,"{""addr1"": ""ŚWIDNIK"", ""city"": ""ŚWIDNIK"", ""region"": ""MAZOWIECKIE"", ""country"": ""PL""}",,,LEASE,1317 PLN,per month,Plug-in Hybrid,Automatic,FWD
VR3FRHPY9TY556029,Nowe 308 SW Allure · od 893 PLN/mies.,Peugeot Nowe 308 SW Allure · Rata od 893 PLN netto/mies. · Leasing B2B · Sosnowiec · Sprawdź ofertę!,https://sklep.peugeot.pl/produkt/nowe-308-sw/vr3frhpy9ty556029/,https://raw.githubusercontent.com/Andy11001/-alfa-inventory/master/data/images/VR3FRHPY9TY556029_clean.webp,Peugeot,Nowe 308 SW,2025,0,KM,Wagon,Niebieski Ingaro,New,124442 PLN,PLN,"{""addr1"": ""UL. WOJSKA POLSKIEGO 45"", ""city"": ""SOSNOWIEC"", ""region"": ""ŚLĄSKIE"", ""country"": ""PL""}",50.2863,19.1042,LEASE,893 PLN,per month,Hybrid,Automatic,FWD
VR3USHPYXTJ768166,2008 Gt Exclusive · od 932 PLN/mies.,Peugeot 2008 Gt Exclusive · Rata od 932 PLN netto/mies. · Leasing B2B · Warszawa · Sprawdź ofertę!,https://sklep.peugeot.pl/produkt/2008/vr3ushpyxtj768166/,https://raw.githubusercontent.com/Andy11001/-alfa-inventory/master/data/images/VR3USHPYXTJ768166_clean.webp,Peugeot,2008,2025,0,KM,SUV,Niebieski Obsession,New,129885 PLN,PLN,"{""addr1"": ""AL. KRAKOWSKA 206"", ""city"": ""WARSZAWA"", ""region"": ""MAZOWIECKIE"", ""country"": ""PL""}",52.2084,20.9412,LEASE,932 PLN,per month,Hybrid,Automatic,FWD
VR3USHPY3TJ768168,2008 Gt Exclusive · od 932 PLN/mies.,Peugeot 2008 Gt Exclusive · Rata od 932 PLN netto/mies. · Leasing B2B · Warszawa · Sprawdź ofertę!,https://sklep.peugeot.pl/produkt/2008/vr3ushpy3tj768168/,https://raw.githubusercontent.com/Andy11001/-alfa-inventory/master/data/images/VR3USHPY3TJ768168_clean.webp,Peugeot,2008,2025,0,KM,SUV,Niebieski Obsession,New,129885 PLN,PLN,"{""addr1"": ""AL. KRAKOWSKA 206"", ""city"": ""WARSZAWA"", ""region"": ""MAZOWIECKIE"", ""country"": ""PL""}",52.2084,20.9412,LEASE,932 PLN,per month,Hybrid,Automatic,FWD
VR3UPHPY3T4138926,208 Gt · od 840 PLN/mies.,Peugeot 208 Gt · Rata od 840 PLN netto/mies. · Leasing B2B · Sosnowiec · Sprawdź ofertę!,https://sklep.peugeot.pl/produkt/208/vr3uphpy3t4138926/,https://raw.githubusercontent.com/Andy11001/-alfa-inventory/master/data/images/VR3UPHPY3T4138926_clean.webp,Peugeot,208,2025,0,KM,Hatchback,Szary Selenium,New,116856 PLN,PLN,"{""addr1"": ""UL. WOJSKA POLSKIEGO 45"", ""city"": ""SOSNOWIEC"", ""region"": ""ŚLĄSKIE"", ""country"": ""PL""}",50.2863,19.1042,LEASE,840 PLN,per month,Hybrid,Automatic,FWD
VR3FCYHZ5TY550317,Nowe 308 SW Business · od 873 PLN/mies.,Peugeot Nowe 308 SW Business · Rata od 873 PLN netto/mies. · Leasing B2B · Częstochowa · Sprawdź ofertę!,https://sklep.peugeot.pl/produkt/nowe-308-sw/vr3fcyhz5ty550317/,https://raw.githubusercontent.com/Andy11001/-alfa-inventory/master/data/images/VR3FCYHZ5TY550317_clean.webp,Peugeot,Nowe 308 SW,2025,0,KM,Wagon,Szary Artense,New,121518 PLN,PLN,"{""addr1"": ""CZĘSTOCHOWA"", ""city"": ""CZĘSTOCHOWA"", ""region"": ""MAZOWIECKIE"", ""country"": ""PL""}",,,LEASE,873 PLN,per month,Diesel,Automatic,FWD
VR3FCYHZ8TY550201,Nowe 308 SW Business · od 873 PLN/mies.,Peugeot Nowe 308 SW Business · Rata od 873 PLN netto/mies. · Leasing B2B · Płock · Sprawdź ofertę!,https://sklep.peugeot.pl/produkt/nowe-308-sw/vr3fcyhz8ty550201/,https://raw.githubusercontent.com/Andy11001/-alfa-inventory/master/data/images/VR3FCYHZ8TY550201_clean.webp,Peugeot,Nowe 308 SW,2025,0,KM,Wagon,Bialy Okenite,New,121518 PLN,PLN,"{""addr1"": ""UL. OTOLIŃSKA 25"", ""city"": ""PŁOCK"", ""region"": ""MAZOWIECKIE"", ""country"": ""PL""}",52.5468,19.7064,LEASE,873 PLN,per month,Diesel,Automatic,FWD
VR3FCYHZ6TY550360,Nowe 308 SW Business · od 867 PLN/mies.,Peugeot Nowe 308 SW Business · Rata od 867 PLN netto/mies. · Leasing B2B · Częstochowa · Sprawdź ofertę!,https://sklep.peugeot.pl/produkt/nowe-308-sw/vr3fcyhz6ty550360/,https://raw.githubusercontent.com/Andy11001/-alfa-inventory/master/data/images/VR3FCYHZ6TY550360_clean.webp,Peugeot,Nowe 308 SW,2025,0,KM,Wagon,Szary Artense,New,120744 PLN,PLN,"{""addr1"": ""CZĘSTOCHOWA"", ""city"": ""CZĘSTOCHOWA"", ""region"": ""MAZOWIECKIE"", ""country"": ""PL""}",,,LEASE,867 PLN,per month,Diesel,Automatic,FWD
VR3FRHPY9TY553440,Nowe 308 SW Gt Exclusive · od 992 PLN/mies.,Peugeot Nowe 308 SW Gt Exclusive · Rata od 992 PLN netto/mies. · Leasing B2B · Łódź · Sprawdź ofertę!,https://sklep.peugeot.pl/produkt/nowe-308-sw/vr3frhpy9ty553440/,https://raw.githubusercontent.com/Andy11001/-alfa-inventory/master/data/images/VR3FRHPY9TY553440_clean.webp,Peugeot,Nowe 308 SW,2025,0,KM,Wagon,Niebieski Ingaro,New,138331 PLN,PLN,"{""addr1"": ""UL. OBYWATELSKA 181"", ""city"": ""ŁÓDŹ"", ""region"": ""ŁÓDZKIE"", ""country"": ""PL""}",51.7371,19.4316,LEASE,992 PLN,per month,Hybrid,Automatic,FWD
VR3FPHPYXTY552609,Nowe 308 Gt · od 974 PLN/mies.,Peugeot Nowe 308 Gt · Rata od 974 PLN netto/mies. · Leasing B2B · Łódź · Sprawdź ofertę!,https://sklep.peugeot.pl/produkt/nowe-308/vr3fphpyxty552609/,https://raw.githubusercontent.com/Andy11001/-alfa-inventory/master/data/images/VR3FPHPYXTY552609_clean.webp,Peugeot,Nowe 308,2025,0,KM,Hatchback,Czarny Perla Nera,New,135751 PLN,PLN,"{""addr1"": ""UL. OBYWATELSKA 181"", ""city"": ""ŁÓDŹ"", ""region"": ""ŁÓDZKIE"", ""country"": ""PL""}",51.7371,19.4316,LEASE,974 PLN,per month,Hybrid,Automatic,FWD
VR3USHPYXTJ756065,2008 Allure · od 862 PLN/mies.,Peugeot 2008 Allure · Rata od 862 PLN netto/mies. · Leasing B2B · Białystok · Sprawdź ofertę!,https://sklep.peugeot.pl/produkt/2008/vr3ushpyxtj756065/,https://raw.githubusercontent.com/Andy11001/-alfa-inventory/master/data/images/VR3USHPYXTJ756065_clean.webp,Peugeot,2008,2025,0,KM,SUV,Szary Selenium,New,120085 PLN,PLN,"{""addr1"": ""UL. ELEWATORSKA 60"", ""city"": ""BIAŁYSTOK"", ""region"": ""PODLASKIE"", ""country"": ""PL""}",53.1325,23.1688,LEASE,862 PLN,per month,Hybrid,Automatic,FWD
VR3USHPX0TJ754316,2008 Business · od 785 PLN/mies.,Peugeot 2008 Business · Rata od 785 PLN netto/mies. · Leasing B2B · Elbląg · Sprawdź ofertę!,https://sklep.peugeot.pl/produkt/2008/vr3ushpx0tj754316/,https://raw.githubusercontent.com/Andy11001/-alfa-inventory/master/data/images/VR3USHPX0TJ754316_clean.webp,Peugeot,2008,2025,0,KM,SUV,Bialy Okenite,New,109148 PLN,PLN,"{""addr1"": ""UL. KAZIMIERZOWO 4"", ""city"": ""ELBLĄG"", ""region"": ""WARMIŃSKO-MAZURSKIE"", ""country"": ""PL""}",54.1522,19.4040,LEASE,785 PLN,per month,Hybrid,Automatic,FWD
VR3FCYHZ3TY551644,Nowe 308 SW Allure · od 833 PLN/mies.,Peugeot Nowe 308 SW Allure · Rata od 833 PLN netto/mies. · Leasing B2B · Warszawa · Sprawdź ofertę!,https://sklep.peugeot.pl/produkt/nowe-308-sw/vr3fcyhz3ty551644/,https://raw.githubusercontent.com/Andy11001/-alfa-inventory/master/data/images/VR3FCYHZ3TY551644_clean.webp,Peugeot,Nowe 308 SW,2025,0,KM,Wagon,Niebieski Ingaro,New,115900 PLN,PLN,"{""addr1"": ""AL. KRAKOWSKA 206"", ""city"": ""WARSZAWA"", ""region"": ""MAZOWIECKIE"", ""country"": ""PL""}",52.2084,20.9412,LEASE,833 PLN,per month,Diesel,Automatic,FWD
VR3UPHPY8T4138954,208 Gt · od 816 PLN/mies.,Peugeot 208 Gt · Rata od 816 PLN netto/mies. · Leasing B2B · Sosnowiec · Sprawdź ofertę!,https://sklep.peugeot.pl/produkt/208/vr3uphpy8t4138954/,https://raw.githubusercontent.com/Andy11001/-alfa-inventory/master/data/images/VR3UPHPY8T4138954_clean.webp,Peugeot,208,2025,0,KM,Hatchback,Zolty Agueda,New,113526 PLN,PLN,"{""addr1"": ""UL. WOJSKA POLSKIEGO 45"", ""city"": ""SOSNOWIEC"", ""region"": ""ŚLĄSKIE"", ""country"": ""PL""}",50.2863,19.1042,LEASE,816 PLN,per month,Hybrid,Automatic,FWD
VR3FPHPY1TY551333,Nowe 308 Allure · od 894 PLN/mies.,Peugeot Nowe 308 Allure · Rata od 894 PLN netto/mies. · Leasing B2B · Radom · Sprawdź ofertę!,https://sklep.peugeot.pl/produkt/nowe-308/vr3fphpy1ty551333/,https://raw.githubusercontent.com/Andy11001/-alfa-inventory/master/data/images/VR3FPHPY1TY551333_clean.webp,Peugeot,Nowe 308,2025,0,KM,Hatchback,Szary Selenium,New,124528 PLN,PLN,"{""addr1"": ""UL. ŻÓŁKIEWSKIEGO 4"", ""city"": ""RADOM"", ""region"": ""MAZOWIECKIE"", ""country"": ""PL""}",51.4027,21.1471,LEASE,894 PLN,per month,Hybrid,Automatic,FWD
VR3FBYHZ2TY550763,Nowe 308 Allure · od 880 PLN/mies.,Peugeot Nowe 308 Allure · Rata od 880 PLN netto/mies. · Leasing B2B · Radom · Sprawdź ofertę!,https://sklep.peugeot.pl/produkt/nowe-308/vr3fbyhz2ty550763/,https://raw.githubusercontent.com/Andy11001/-alfa-inventory/master/data/images/VR3FBYHZ2TY550763_clean.webp,Peugeot,Nowe 308,2025,0,KM,Hatchback,Niebieski Lagoa,New,122550 PLN,PLN,"{""addr1"": ""UL. ŻÓŁKIEWSKIEGO 4"", ""city"": ""RADOM"", ""region"": ""MAZOWIECKIE"", ""country"": ""PL""}",51.4027,21.1471,LEASE,880 PLN,per month,Diesel,Automatic,FWD
VR3USHPY7TJ742043,2008 Allure · od 875 PLN/mies.,Peugeot 2008 Allure · Rata od 875 PLN netto/mies. · Leasing B2B · Warszawa · Sprawdź ofertę!,https://sklep.peugeot.pl/produkt/2008/vr3ushpy7tj742043/,https://raw.githubusercontent.com/Andy11001/-alfa-inventory/master/data/images/VR3USHPY7TJ742043_clean.webp,Peugeot,2008,2025,0,KM,SUV,Czarny Perla Nera,New,121900 PLN,PLN,"{""addr1"": ""AL. KRAKOWSKA 206"", ""city"": ""WARSZAWA"", ""region"": ""MAZOWIECKIE"", ""country"": ""PL""}",52.2084,20.9412,LEASE,875 PLN,per month,Hybrid,Automatic,FWD
VR3F3DGN6TY550477,Nowy 408 Gt Exclusive · od 1508 PLN/mies.,Peugeot Nowy 408 Gt Exclusive · Rata od 1508 PLN netto/mies. · Leasing B2B · Częstochowa · Sprawdź ofertę!,https://sklep.peugeot.pl/produkt/nowy-408/vr3f3dgn6ty550477/,https://raw.githubusercontent.com/Andy11001/-alfa-inventory/master/data/images/VR3F3DGN6TY550477_clean.webp,Peugeot,Nowy 408,2025,0,KM,SUV,Czerwony Elixir,New,211030 PLN,PLN,"{""addr1"": ""CZĘSTOCHOWA"", ""city"": ""CZĘSTOCHOWA"", ""region"": ""MAZOWIECKIE"", ""country"": ""PL""}",,,LEASE,1508 PLN,per month,Plug-in Hybrid,Automatic,FWD
VR3FPHPYXTY550438,Nowy 408 Gt Exclusive · od 1173 PLN/mies.,Peugeot Nowy 408 Gt Exclusive · Rata od 1173 PLN netto/mies. · Leasing B2B · Kalisz · Sprawdź ofertę!,https://sklep.peugeot.pl/produkt/nowy-408/vr3fphpyxty550438/,https://raw.githubusercontent.com/Andy11001/-alfa-inventory/master/data/images/VR3FPHPYXTY550438_clean.webp,Peugeot,Nowy 408,2025,0,KM,SUV,Czerwony Elixir,New,163856 PLN,PLN,"{""addr1"": ""UL. CZĘSTOCHOWSKA 144"", ""city"": ""KALISZ"", ""region"": ""WIELKOPOLSKIE"", ""country"": ""PL""}",51.7612,18.0929,LEASE,1173 PLN,per month,Hybrid,Automatic,FWD
VR3UPHPV1T5094506,208 Business · od 551 PLN/mies.,Peugeot 208 Business · Rata od 551 PLN netto/mies. · Leasing B2B · Toruń · Sprawdź ofertę!,https://sklep.peugeot.pl/produkt/208/vr3uphpv1t5094506/,https://raw.githubusercontent.com/Andy11001/-alfa-inventory/master/data/images/VR3UPHPV1T5094506_clean.webp,Peugeot,208,2025,0,KM,Hatchback,Bialy Okenite,New,76257 PLN,PLN,"{""addr1"": ""UL. SZOSA BYDGOSKA 52"", ""city"": ""TORUŃ"", ""region"": ""KUJAWSKO-POMORSKIE"", ""country"": ""PL""}",53.0138,18.5984,LEASE,551 PLN,per month,Gasoline,Manual,FWD
VR3USHPX1TJ732759,2008 Edition · od 760 PLN/mies.,Peugeot 2008 Edition · Rata od 760 PLN netto/mies. · Leasing B2B · Radom · Sprawdź ofertę!,https://sklep.peugeot.pl/produkt/2008/vr3ushpx1tj732759/,https://raw.githubusercontent.com/Andy11001/-alfa-inventory/master/data/images/VR3USHPX1TJ732759_clean.webp,Peugeot,2008,2025,0,KM,SUV,Bialy Okenite,New,105700 PLN,PLN,"{""addr1"": ""UL. ŻÓŁKIEWSKIEGO 4"", ""city"": ""RADOM"", ""region"": ""MAZOWIECKIE"", ""country"": ""PL""}",51.4027,21.1471,LEASE,760 PLN,per month,Hybrid,Automatic,FWD
VR3USHPY3TJ610025,2008 Gt · od 861 PLN/mies.,Peugeot 2008 Gt · Rata od 861 PLN netto/mies. · Leasing B2B · Katowice · Sprawdź ofertę!,https://sklep.peugeot.pl/produkt/2008/vr3ushpy3tj610025/,https://raw.githubusercontent.com/Andy11001/-alfa-inventory/master/data/images/VR3USHPY3TJ610025_clean.jpg,Peugeot,2008,2025,0,KM,SUV,Bialy Okenite,New,119900 PLN,PLN,"{""addr1"": ""AL. ROŹDZIEŃSKIEGO 170"", ""city"": ""KATOWICE"", ""region"": ""ŚLĄSKIE"", ""country"": ""PL""}",50.2649,19.0238,LEASE,861 PLN,per month,Hybrid,Automatic,FWD
VR3FCYHZXTY549101,Nowe 308 SW Allure · od 847 PLN/mies.,Peugeot Nowe 308 SW Allure · Rata od 847 PLN netto/mies. · Leasing B2B · Warszawa · Sprawdź ofertę!,https://sklep.peugeot.pl/produkt/nowe-308-sw/vr3fcyhzxty549101/,https://raw.githubusercontent.com/Andy11001/-alfa-inventory/master/data/images/VR3FCYHZXTY549101_clean.webp,Peugeot,Nowe 308 SW,2025,0,KM,Wagon,Szary Artense,New,117900 PLN,PLN,"{""addr1"": ""AL. KRAKOWSKA 206"", ""city"": ""WARSZAWA"", ""region"": ""MAZOWIECKIE"", ""country"": ""PL""}",52.2084,20.9412,LEASE,847 PLN,per month,Diesel,Automatic,FWD
VF3VNFC18TU446284,Traveller Business · od 1581 PLN/mies.,Peugeot Traveller Business · Rata od 1581 PLN netto/mies. · Leasing B2B · Piła · Sprawdź ofertę!,https://sklep.peugeot.pl/produkt/traveller/vf3vnfc18tu446284/,https://raw.githubusercontent.com/Andy11001/-alfa-inventory/master/data/images/VF3VNFC18TU446284_clean.webp,Peugeot,Traveller,2025,0,KM,Hatchback,Szary Artense Metaliczny,New,221255 PLN,PLN,"{""addr1"": ""UL. WARSZTATOWA 6"", ""city"": ""PIŁA"", ""region"": ""WIELKOPOLSKIE"", ""country"": ""PL""}",53.1510,16.7384,LEASE,1581 PLN,per month,Diesel,Automatic,FWD
VR3FPHPY0TY545507,Nowy 408 Allure · od 1032 PLN/mies.,Peugeot Nowy 408 Allure · Rata od 1032 PLN netto/mies. · Leasing B2B · Płock · Sprawdź ofertę!,https://sklep.peugeot.pl/produkt/nowy-408/vr3fphpy0ty545507/,https://raw.githubusercontent.com/Andy11001/-alfa-inventory/master/data/images/VR3FPHPY0TY545507_clean.webp,Peugeot,Nowy 408,2025,0,KM,SUV,Szary Selenium,New,143968 PLN,PLN,"{""addr1"": ""UL. OTOLIŃSKA 25"", ""city"": ""PŁOCK"", ""region"": ""MAZOWIECKIE"", ""country"": ""PL""}",52.5468,19.7064,LEASE,1032 PLN,per month,Hybrid,Automatic,FWD
VR3F3DGN7TY533333,Nowy 408 Gt Exclusive · od 1427 PLN/mies.,Peugeot Nowy 408 Gt Exclusive · Rata od 1427 PLN netto/mies. · Leasing B2B · Warszawa · Sprawdź ofertę!,https://sklep.peugeot.pl/produkt/nowy-408/vr3f3dgn7ty533333/,https://raw.githubusercontent.com/Andy11001/-alfa-inventory/master/data/images/VR3F3DGN7TY533333_clean.webp,Peugeot,Nowy 408,2025,0,KM,SUV,Szary Selenium,New,199656 PLN,PLN,"{""addr1"": ""AL. KRAKOWSKA 206"", ""city"": ""WARSZAWA"", ""region"": ""MAZOWIECKIE"", ""country"": ""PL""}",52.2084,20.9412,LEASE,1427 PLN,per month,Plug-in Hybrid,Automatic,FWD
VR3F3DGN9TY533334,Nowy 408 Gt Exclusive · od 1427 PLN/mies.,Peugeot Nowy 408 Gt Exclusive · Rata od 1427 PLN netto/mies. · Leasing B2B · Warszawa · Sprawdź ofertę!,https://sklep.peugeot.pl/produkt/nowy-408/vr3f3dgn9ty533334/,https://raw.githubusercontent.com/Andy11001/-alfa-inventory/master/data/images/VR3F3DGN9TY533334_clean.webp,Peugeot,Nowy 408,2025,0,KM,SUV,Szary Selenium,New,199656 PLN,PLN,"{""addr1"": ""AL. KRAKOWSKA 206"", ""city"": ""WARSZAWA"", ""region"": ""MAZOWIECKIE"", ""country"": ""PL""}",52.2084,20.9412,LEASE,1427 PLN,per month,Plug-in Hybrid,Automatic,FWD
VR3FPHPY0TY546334,Nowy 408 Gt Exclusive · od 1057 PLN/mies.,Peugeot Nowy 408 Gt Exclusive · Rata od 1057 PLN netto/mies. · Leasing B2B · Katowice · Sprawdź ofertę!,https://sklep.peugeot.pl/produkt/nowy-408/vr3fphpy0ty546334/,https://raw.githubusercontent.com/Andy11001/-alfa-inventory/master/data/images/VR3FPHPY0TY546334_clean.webp,Peugeot,Nowy 408,2025,0,KM,SUV,Czerwony Elixir,New,147500 PLN,PLN,"{""addr1"": ""AL. ROŹDZIEŃSKIEGO 170"", ""city"": ""KATOWICE"", ""region"": ""ŚLĄSKIE"", ""country"": ""PL""}",50.2649,19.0238,LEASE,1057 PLN,per month,Hybrid,Automatic,FWD
VR3FPHPY1TY545502,Nowy 408 Gt · od 1113 PLN/mies.,Peugeot Nowy 408 Gt · Rata od 1113 PLN netto/mies. · Leasing B2B · Piła · Sprawdź ofertę!,https://sklep.peugeot.pl/produkt/nowy-408/vr3fphpy1ty545502/,https://raw.githubusercontent.com/Andy11001/-alfa-inventory/master/data/images/VR3FPHPY1TY545502_clean.webp,Peugeot,Nowy 408,2025,0,KM,SUV,Bialy Okenite,New,155408 PLN,PLN,"{""addr1"": ""UL. WARSZTATOWA 6"", ""city"": ""PIŁA"", ""region"": ""WIELKOPOLSKIE"", ""country"": ""PL""}",53.1510,16.7384,LEASE,1113 PLN,per month,Hybrid,Automatic,FWD
VR3FPHPYXTY545501,Nowy 408 Allure · od 1014 PLN/mies.,Peugeot Nowy 408 Allure · Rata od 1014 PLN netto/mies. · Leasing B2B · Płock · Sprawdź ofertę!,https://sklep.peugeot.pl/produkt/nowy-408/vr3fphpyxty545501/,https://raw.githubusercontent.com/Andy11001/-alfa-inventory/master/data/images/VR3FPHPYXTY545501_clean.webp,Peugeot,Nowy 408,2025,0,KM,SUV,Zielony Flare,New,141416 PLN,PLN,"{""addr1"": ""UL. OTOLIŃSKA 25"", ""city"": ""PŁOCK"", ""region"": ""MAZOWIECKIE"", ""country"": ""PL""}",52.5468,19.7064,LEASE,1014 PLN,per month,Hybrid,Automatic,FWD
VR3F3DGN2TY542389,Nowy 408 Allure · od 1314 PLN/mies.,Peugeot Nowy 408 Allure · Rata od 1314 PLN netto/mies. · Leasing B2B · Opole · Sprawdź ofertę!,https://sklep.peugeot.pl/produkt/nowy-408/vr3f3dgn2ty542389/,https://raw.githubusercontent.com/Andy11001/-alfa-inventory/master/data/images/VR3F3DGN2TY542389_clean.webp,Peugeot,Nowy 408,2025,0,KM,SUV,Szary Selenium,New,183723 PLN,PLN,"{""addr1"": ""UL. WROCŁAWSKA 137"", ""city"": ""OPOLE"", ""region"": ""OPOLSKIE"", ""country"": ""PL""}",50.6751,17.9213,LEASE,1314 PLN,per month,Plug-in Hybrid,Automatic,FWD
VR3FPHPY4TY545414,Nowy 408 Gt · od 1061 PLN/mies.,Peugeot Nowy 408 Gt · Rata od 1061 PLN netto/mies. · Leasing B2B · Warszawa · Sprawdź ofertę!,https://sklep.peugeot.pl/produkt/nowy-408/vr3fphpy4ty545414/,https://raw.githubusercontent.com/Andy11001/-alfa-inventory/master/data/images/VR3FPHPY4TY545414_clean.webp,Peugeot,Nowy 408,2025,0,KM,SUV,Zielony Flare,New,148016 PLN,PLN,"{""addr1"": ""AL. KRAKOWSKA 206"", ""city"": ""WARSZAWA"", ""region"": ""MAZOWIECKIE"", ""country"": ""PL""}",52.2084,20.9412,LEASE,1061 PLN,per month,Hybrid,Automatic,FWD
VR3FPHPY1TY545368,Nowy 408 Business · od 1011 PLN/mies.,Peugeot Nowy 408 Business · Rata od 1011 PLN netto/mies. · Leasing B2B · Gdańsk · Sprawdź ofertę!,https://sklep.peugeot.pl/produkt/nowy-408/vr3fphpy1ty545368/,https://raw.githubusercontent.com/Andy11001/-alfa-inventory/master/data/images/VR3FPHPY1TY545368_clean.webp,Peugeot,Nowy 408,2025,0,KM,SUV,Czarny Perla Nera,New,140976 PLN,PLN,"{""addr1"": ""AL. GRUNWALDZKA 256"", ""city"": ""GDAŃSK"", ""region"": ""POMORSKIE"", ""country"": ""PL""}",54.4022,18.5714,LEASE,1011 PLN,per month,Hybrid,Automatic,FWD
VR3FPHPY6TY544667,Nowy 408 Business · od 993 PLN/mies.,Peugeot Nowy 408 Business · Rata od 993 PLN netto/mies. · Leasing B2B · Gliwice · Sprawdź ofertę!,https://sklep.peugeot.pl/produkt/nowy-408/vr3fphpy6ty544667/,https://raw.githubusercontent.com/Andy11001/-alfa-inventory/master/data/images/VR3FPHPY6TY544667_clean.webp,Peugeot,Nowy 408,2025,0,KM,SUV,Zielony Flare,New,138424 PLN,PLN,"{""addr1"": ""UL. TOSZECKA 101"", ""city"": ""GLIWICE"", ""region"": ""ŚLĄSKIE"", ""country"": ""PL""}",50.2945,18.6714,LEASE,993 PLN,per month,Hybrid,Automatic,FWD
VR3FBYHZ6TY545260,Nowe 308 Business · od 842 PLN/mies.,Peugeot Nowe 308 Business · Rata od 842 PLN netto/mies. · Leasing B2B · Gliwice · Sprawdź ofertę!,https://sklep.peugeot.pl/produkt/nowe-308/vr3fbyhz6ty545260/,https://raw.githubusercontent.com/Andy11001/-alfa-inventory/master/data/images/VR3FBYHZ6TY545260_clean.webp,Peugeot,Nowe 308,2025,0,KM,Hatchback,Szary Artense,New,117218 PLN,PLN,"{""addr1"": ""UL. TOSZECKA 101"", ""city"": ""GLIWICE"", ""region"": ""ŚLĄSKIE"", ""country"": ""PL""}",50.2945,18.6714,LEASE,842 PLN,per month,Diesel,Automatic,FWD
VR3USHPX2TJ674662,2008 Edition · od 740 PLN/mies.,Peugeot 2008 Edition · Rata od 740 PLN netto/mies. · Leasing B2B · Poznań · Sprawdź ofertę!,https://sklep.peugeot.pl/produkt/2008/vr3ushpx2tj674662/,https://raw.githubusercontent.com/Andy11001/-alfa-inventory/master/data/images/VR3USHPX2TJ674662_clean.webp,Peugeot,2008,2025,0,KM,SUV,Bialy Okenite,New,102900 PLN,PLN,"{""addr1"": ""UL. BOLESŁAWA KRZYWOUSTEGO 71"", ""city"": ""POZNAŃ"", ""region"": ""WIELKOPOLSKIE"", ""country"": ""PL""}",52.3787,17.0270,LEASE,740 PLN,per month,Hybrid,Automatic,FWD
VR3F3DGN6TY533209,Nowy 408 Gt Exclusive · od 1408 PLN/mies.,Peugeot Nowy 408 Gt Exclusive · Rata od 1408 PLN netto/mies. · Leasing B2B · Elbląg · Sprawdź ofertę!,https://sklep.peugeot.pl/produkt/nowy-408/vr3f3dgn6ty533209/,https://raw.githubusercontent.com/Andy11001/-alfa-inventory/master/data/images/VR3F3DGN6TY533209_clean.webp,Peugeot,Nowy 408,2025,0,KM,SUV,Zielony Flare,New,196930 PLN,PLN,"{""addr1"": ""UL. KAZIMIERZOWO 4"", ""city"": ""ELBLĄG"", ""region"": ""WARMIŃSKO-MAZURSKIE"", ""country"": ""PL""}",54.1522,19.4040,LEASE,1408 PLN,per month,Plug-in Hybrid,Automatic,FWD
VR3USHPY1TJ705389,2008 Allure · od 869 PLN/mies.,Peugeot 2008 Allure · Rata od 869 PLN netto/mies. · Leasing B2B · Warszawa · Sprawdź ofertę!,https://sklep.peugeot.pl/produkt/2008/vr3ushpy1tj705389/,https://raw.githubusercontent.com/Andy11001/-alfa-inventory/master/data/images/VR3USHPY1TJ705389_clean.webp,Peugeot,2008,2025,0,KM,SUV,Bialy Okenite,New,120960 PLN,PLN,"{""addr1"": ""AL. KRAKOWSKA 206"", ""city"": ""WARSZAWA"", ""region"": ""MAZOWIECKIE"", ""country"": ""PL""}",52.2084,20.9412,LEASE,869 PLN,per month,Hybrid,Automatic,FWD
VR3USHPYXTJ705388,2008 Allure · od 869 PLN/mies.,Peugeot 2008 Allure · Rata od 869 PLN netto/mies. · Leasing B2B · Radom · Sprawdź ofertę!,https://sklep.peugeot.pl/produkt/2008/vr3ushpyxtj705388/,https://raw.githubusercontent.com/Andy11001/-alfa-inventory/master/data/images/VR3USHPYXTJ705388_clean.webp,Peugeot,2008,2025,0,KM,SUV,Bialy Okenite,New,120960 PLN,PLN,"{""addr1"": ""UL. ŻÓŁKIEWSKIEGO 4"", ""city"": ""RADOM"", ""region"": ""MAZOWIECKIE"", ""country"": ""PL""}",51.4027,21.1471,LEASE,869 PLN,per month,Hybrid,Automatic,FWD
VR3USHPX3TJ705384,2008 Allure · od 843 PLN/mies.,Peugeot 2008 Allure · Rata od 843 PLN netto/mies. · Leasing B2B · Częstochowa · Sprawdź ofertę!,https://sklep.peugeot.pl/produkt/2008/vr3ushpx3tj705384/,https://raw.githubusercontent.com/Andy11001/-alfa-inventory/master/data/images/VR3USHPX3TJ705384_clean.webp,Peugeot,2008,2025,0,KM,SUV,Szary Artense,New,117372 PLN,PLN,"{""addr1"": ""CZĘSTOCHOWA"", ""city"": ""CZĘSTOCHOWA"", ""region"": ""MAZOWIECKIE"", ""country"": ""PL""}",,,LEASE,843 PLN,per month,Hybrid,Automatic,FWD
VR3USHPY8TJ705356,2008 Allure · od 888 PLN/mies.,Peugeot 2008 Allure · Rata od 888 PLN netto/mies. · Leasing B2B · Radom · Sprawdź ofertę!,https://sklep.peugeot.pl/produkt/2008/vr3ushpy8tj705356/,https://raw.githubusercontent.com/Andy11001/-alfa-inventory/master/data/images/VR3USHPY8TJ705356_clean.webp,Peugeot,2008,2025,0,KM,SUV,Czerwony Elixir,New,123672 PLN,PLN,"{""addr1"": ""UL. ŻÓŁKIEWSKIEGO 4"", ""city"": ""RADOM"", ""region"": ""MAZOWIECKIE"", ""country"": ""PL""}",51.4027,21.1471,LEASE,888 PLN,per month,Hybrid,Automatic,FWD
VR3FPHPY6TY542577,Nowy 408 Business · od 997 PLN/mies.,Peugeot Nowy 408 Business · Rata od 997 PLN netto/mies. · Leasing B2B · Opole · Sprawdź ofertę!,https://sklep.peugeot.pl/produkt/nowy-408/vr3fphpy6ty542577/,https://raw.githubusercontent.com/Andy11001/-alfa-inventory/master/data/images/VR3FPHPY6TY542577_clean.webp,Peugeot,Nowy 408,2025,0,KM,SUV,Czarny Perla Nera,New,139040 PLN,PLN,"{""addr1"": ""UL. WROCŁAWSKA 137"", ""city"": ""OPOLE"", ""region"": ""OPOLSKIE"", ""country"": ""PL""}",50.6751,17.9213,LEASE,997 PLN,per month,Hybrid,Automatic,FWD
VR3USHPY9TJ695551,2008 Gt Exclusive · od 954 PLN/mies.,Peugeot 2008 Gt Exclusive · Rata od 954 PLN netto/mies. · Leasing B2B · Kalisz · Sprawdź ofertę!,https://sklep.peugeot.pl/produkt/2008/vr3ushpy9tj695551/,https://raw.githubusercontent.com/Andy11001/-alfa-inventory/master/data/images/VR3USHPY9TJ695551_clean.webp,Peugeot,2008,2025,0,KM,SUV,Czerwony Elixir,New,133035 PLN,PLN,"{""addr1"": ""UL. CZĘSTOCHOWSKA 144"", ""city"": ""KALISZ"", ""region"": ""WIELKOPOLSKIE"", ""country"": ""PL""}",51.7612,18.0929,LEASE,954 PLN,per month,Hybrid,Automatic,FWD
VR3FCYHZ8TY542180,Nowe 308 SW Gt Exclusive · od 1075 PLN/mies.,Peugeot Nowe 308 SW Gt Exclusive · Rata od 1075 PLN netto/mies. · Leasing B2B · Białystok · Sprawdź ofertę!,https://sklep.peugeot.pl/produkt/nowe-308-sw/vr3fcyhz8ty542180/,https://raw.githubusercontent.com/Andy11001/-alfa-inventory/master/data/images/VR3FCYHZ8TY542180_clean.webp,Peugeot,Nowe 308 SW,2025,0,KM,Wagon,Czerwony Elixir,New,150027 PLN,PLN,"{""addr1"": ""UL. ELEWATORSKA 60"", ""city"": ""BIAŁYSTOK"", ""region"": ""PODLASKIE"", ""country"": ""PL""}",53.1325,23.1688,LEASE,1075 PLN,per month,Diesel,Automatic,FWD
VF3VNFC13TU435421,Traveller Business · od 1508 PLN/mies.,Peugeot Traveller Business · Rata od 1508 PLN netto/mies. · Leasing B2B · Częstochowa · Sprawdź ofertę!,https://sklep.peugeot.pl/produkt/traveller/vf3vnfc13tu435421/,https://raw.githubusercontent.com/Andy11001/-alfa-inventory/master/data/images/VF3VNFC13TU435421_clean.webp,Peugeot,Traveller,2025,0,KM,Hatchback,Szary Titane Metaliczny,New,211055 PLN,PLN,"{""addr1"": ""CZĘSTOCHOWA"", ""city"": ""CZĘSTOCHOWA"", ""region"": ""MAZOWIECKIE"", ""country"": ""PL""}",,,LEASE,1508 PLN,per month,Diesel,Automatic,FWD
VR3F3DGN3TY533328,Nowy 408 Gt · od 1378 PLN/mies.,Peugeot Nowy 408 Gt · Rata od 1378 PLN netto/mies. · Leasing B2B · Warszawa · Sprawdź ofertę!,https://sklep.peugeot.pl/produkt/nowy-408/vr3f3dgn3ty533328/,https://raw.githubusercontent.com/Andy11001/-alfa-inventory/master/data/images/VR3F3DGN3TY533328_clean.webp,Peugeot,Nowy 408,2025,0,KM,SUV,Czerwony Elixir,New,192700 PLN,PLN,"{""addr1"": ""AL. KRAKOWSKA 206"", ""city"": ""WARSZAWA"", ""region"": ""MAZOWIECKIE"", ""country"": ""PL""}",52.2084,20.9412,LEASE,1378 PLN,per month,Plug-in Hybrid,Automatic,FWD
VR3FPHPY0TY542087,Nowe 308 Allure · od 852 PLN/mies.,Peugeot Nowe 308 Allure · Rata od 852 PLN netto/mies. · Leasing B2B · Gliwice · Sprawdź ofertę!,https://sklep.peugeot.pl/produkt/nowe-308/vr3fphpy0ty542087/,https://raw.githubusercontent.com/Andy11001/-alfa-inventory/master/data/images/VR3FPHPY0TY542087_clean.webp,Peugeot,Nowe 308,2025,0,KM,Hatchback,Szary Selenium,New,118594 PLN,PLN,"{""addr1"": ""UL. TOSZECKA 101"", ""city"": ""GLIWICE"", ""region"": ""ŚLĄSKIE"", ""country"": ""PL""}",50.2945,18.6714,LEASE,852 PLN,per month,Hybrid,Automatic,FWD
VR3FPHPYXTY542100,Nowe 308 Allure · od 851 PLN/mies.,Peugeot Nowe 308 Allure · Rata od 851 PLN netto/mies. · Leasing B2B · Sosnowiec · Sprawdź ofertę!,https://sklep.peugeot.pl/produkt/nowe-308/vr3fphpyxty542100/,https://raw.githubusercontent.com/Andy11001/-alfa-inventory/master/data/images/VR3FPHPYXTY542100_clean.webp,Peugeot,Nowe 308,2025,0,KM,Hatchback,Czarny Perla Nera,New,118508 PLN,PLN,"{""addr1"": ""UL. WOJSKA POLSKIEGO 45"", ""city"": ""SOSNOWIEC"", ""region"": ""ŚLĄSKIE"", ""country"": ""PL""}",50.2863,19.1042,LEASE,851 PLN,per month,Hybrid,Automatic,FWD
VR3FPHPY1TY542194,Nowe 308 Allure · od 834 PLN/mies.,Peugeot Nowe 308 Allure · Rata od 834 PLN netto/mies. · Leasing B2B · Sosnowiec · Sprawdź ofertę!,https://sklep.peugeot.pl/produkt/nowe-308/vr3fphpy1ty542194/,https://raw.githubusercontent.com/Andy11001/-alfa-inventory/master/data/images/VR3FPHPY1TY542194_clean.webp,Peugeot,Nowe 308,2025,0,KM,Hatchback,Niebieski Lagoa,New,116014 PLN,PLN,"{""addr1"": ""UL. WOJSKA POLSKIEGO 45"", ""city"": ""SOSNOWIEC"", ""region"": ""ŚLĄSKIE"", ""country"": ""PL""}",50.2863,19.1042,LEASE,834 PLN,per month,Hybrid,Automatic,FWD
VR3FBYHZ6TY542097,Nowe 308 Business · od 818 PLN/mies.,Peugeot Nowe 308 Business · Rata od 818 PLN netto/mies. · Leasing B2B · Białystok · Sprawdź ofertę!,https://sklep.peugeot.pl/produkt/nowe-308/vr3fbyhz6ty542097/,https://raw.githubusercontent.com/Andy11001/-alfa-inventory/master/data/images/VR3FBYHZ6TY542097_clean.webp,Peugeot,Nowe 308,2025,0,KM,Hatchback,Niebieski Lagoa,New,113864 PLN,PLN,"{""addr1"": ""UL. ELEWATORSKA 60"", ""city"": ""BIAŁYSTOK"", ""region"": ""PODLASKIE"", ""country"": ""PL""}",53.1325,23.1688,LEASE,818 PLN,per month,Diesel,Automatic,FWD
VF3VNFC12TZ041833,Traveller Business · od 1554 PLN/mies.,Peugeot Traveller Business · Rata od 1554 PLN netto/mies. · Leasing B2B · Katowice · Sprawdź ofertę!,https://sklep.peugeot.pl/produkt/traveller/vf3vnfc12tz041833/,https://raw.githubusercontent.com/Andy11001/-alfa-inventory/master/data/images/VF3VNFC12TZ041833_clean.webp,Peugeot,Traveller,2025,0,KM,Hatchback,Szary Titane Metaliczny,New,217500 PLN,PLN,"{""addr1"": ""AL. ROŹDZIEŃSKIEGO 170"", ""city"": ""KATOWICE"", ""region"": ""ŚLĄSKIE"", ""country"": ""PL""}",50.2649,19.0238,LEASE,1554 PLN,per month,Diesel,Automatic,FWD
VF3VNFC15TU432679,Traveller Business · od 1508 PLN/mies.,Peugeot Traveller Business · Rata od 1508 PLN netto/mies. · Leasing B2B · Częstochowa · Sprawdź ofertę!,https://sklep.peugeot.pl/produkt/traveller/vf3vnfc15tu432679/,https://raw.githubusercontent.com/Andy11001/-alfa-inventory/master/data/images/VF3VNFC15TU432679_clean.webp,Peugeot,Traveller,2025,0,KM,Hatchback,Szary Artense Metaliczny,New,211055 PLN,PLN,"{""addr1"": ""CZĘSTOCHOWA"", ""city"": ""CZĘSTOCHOWA"", ""region"": ""MAZOWIECKIE"", ""country"": ""PL""}",,,LEASE,1508 PLN,per month,Diesel,Automatic,FWD
VR3F3DGM4SY599313,Nowe 308 Gt · od 1190 PLN/mies.,Peugeot Nowe 308 Gt · Rata od 1190 PLN netto/mies. · Leasing B2B · Wrocław · Sprawdź ofertę!,https://sklep.peugeot.pl/produkt/nowe-308/vr3f3dgm4sy599313/,https://raw.githubusercontent.com/Andy11001/-alfa-inventory/master/data/images/VR3F3DGM4SY599313_clean.webp,Peugeot,Nowe 308,2025,0,KM,Hatchback,Niebieski Lagoa,New,166272 PLN,PLN,"{""addr1"": ""UL. SZCZECIŃSKA 7"", ""city"": ""WROCŁAW"", ""region"": ""DOLNOŚLĄSKIE"", ""country"": ""PL""}",51.1274,16.9535,LEASE,1190 PLN,per month,Plug-in Hybrid,Automatic,FWD
VR3FRHPY4TY540613,Nowe 308 SW Allure · od 861 PLN/mies.,Peugeot Nowe 308 SW Allure · Rata od 861 PLN netto/mies. · Leasing B2B · Katowice · Sprawdź ofertę!,https://sklep.peugeot.pl/produkt/nowe-308-sw/vr3frhpy4ty540613/,https://raw.githubusercontent.com/Andy11001/-alfa-inventory/master/data/images/VR3FRHPY4TY540613_clean.webp,Peugeot,Nowe 308 SW,2025,0,KM,Wagon,Czarny Perla Nera,New,119900 PLN,PLN,"{""addr1"": ""AL. ROŹDZIEŃSKIEGO 170"", ""city"": ""KATOWICE"", ""region"": ""ŚLĄSKIE"", ""country"": ""PL""}",50.2649,19.0238,LEASE,861 PLN,per month,Hybrid,Automatic,FWD
VR3FCYHZ1TY540710,Nowe 308 SW Allure · od 907 PLN/mies.,Peugeot Nowe 308 SW Allure · Rata od 907 PLN netto/mies. · Leasing B2B · Gorzów Wielkopolski · Sprawdź ofertę!,https://sklep.peugeot.pl/produkt/nowe-308-sw/vr3fcyhz1ty540710/,https://raw.githubusercontent.com/Andy11001/-alfa-inventory/master/data/images/VR3FCYHZ1TY540710_clean.webp,Peugeot,Nowe 308 SW,2025,0,KM,Wagon,Szary Selenium,New,126334 PLN,PLN,"{""addr1"": ""GORZÓW WIELKOPOLSKI"", ""city"": ""GORZÓW WIELKOPOLSKI"", ""region"": ""MAZOWIECKIE"", ""country"": ""PL""}",,,LEASE,907 PLN,per month,Diesel,Automatic,FWD
VR3FCYHZ5TY540709,Nowe 308 SW Allure · od 907 PLN/mies.,Peugeot Nowe 308 SW Allure · Rata od 907 PLN netto/mies. · Leasing B2B · Gorzów Wielkopolski · Sprawdź ofertę!,https://sklep.peugeot.pl/produkt/nowe-308-sw/vr3fcyhz5ty540709/,https://raw.githubusercontent.com/Andy11001/-alfa-inventory/master/data/images/VR3FCYHZ5TY540709_clean.webp,Peugeot,Nowe 308 SW,2025,0,KM,Wagon,Szary Selenium,New,126334 PLN,PLN,"{""addr1"": ""GORZÓW WIELKOPOLSKI"", ""city"": ""GORZÓW WIELKOPOLSKI"", ""region"": ""MAZOWIECKIE"", ""country"": ""PL""}",,,LEASE,907 PLN,per month,Diesel,Automatic,FWD
VR3FBYHZ8TY540707,Nowe 308 Business · od 836 PLN/mies.,Peugeot Nowe 308 Business · Rata od 836 PLN netto/mies. · Leasing B2B · Białystok · Sprawdź ofertę!,https://sklep.peugeot.pl/produkt/nowe-308/vr3fbyhz8ty540707/,https://raw.githubusercontent.com/Andy11001/-alfa-inventory/master/data/images/VR3FBYHZ8TY540707_clean.webp,Peugeot,Nowe 308,2025,0,KM,Hatchback,Czarny Perla Nera,New,116358 PLN,PLN,"{""addr1"": ""UL. ELEWATORSKA 60"", ""city"": ""BIAŁYSTOK"", ""region"": ""PODLASKIE"", ""country"": ""PL""}",53.1325,23.1688,LEASE,836 PLN,per month,Diesel,Automatic,FWD
VR3USHPY4SJ987767,2008 Allure · od 881 PLN/mies.,Peugeot 2008 Allure · Rata od 881 PLN netto/mies. · Leasing B2B · Łódź · Sprawdź ofertę!,https://sklep.peugeot.pl/produkt/2008/vr3ushpy4sj987767/,https://raw.githubusercontent.com/Andy11001/-alfa-inventory/master/data/images/VR3USHPY4SJ987767_clean.webp,Peugeot,2008,2025,0,KM,SUV,Niebieski Obsession,New,122710 PLN,PLN,"{""addr1"": ""UL. OBYWATELSKA 181"", ""city"": ""ŁÓDŹ"", ""region"": ""ŁÓDZKIE"", ""country"": ""PL""}",51.7371,19.4316,LEASE,881 PLN,per month,Hybrid,Automatic,FWD
VR3F3DGN8TY533292,Nowy 408 Gt Exclusive · od 1408 PLN/mies.,Peugeot Nowy 408 Gt Exclusive · Rata od 1408 PLN netto/mies. · Leasing B2B · Białystok · Sprawdź ofertę!,https://sklep.peugeot.pl/produkt/nowy-408/vr3f3dgn8ty533292/,https://raw.githubusercontent.com/Andy11001/-alfa-inventory/master/data/images/VR3F3DGN8TY533292_clean.webp,Peugeot,Nowy 408,2025,0,KM,SUV,Zielony Flare,New,196930 PLN,PLN,"{""addr1"": ""UL. ELEWATORSKA 60"", ""city"": ""BIAŁYSTOK"", ""region"": ""PODLASKIE"", ""country"": ""PL""}",53.1325,23.1688,LEASE,1408 PLN,per month,Plug-in Hybrid,Automatic,FWD
VR3USHPX6TJ600290,2008 Allure · od 872 PLN/mies.,Peugeot 2008 Allure · Rata od 872 PLN netto/mies. · Leasing B2B · Sosnowiec · Sprawdź ofertę!,https://sklep.peugeot.pl/produkt/2008/vr3ushpx6tj600290/,https://raw.githubusercontent.com/Andy11001/-alfa-inventory/master/data/images/VR3USHPX6TJ600290_clean.webp,Peugeot,2008,2025,0,KM,SUV,Szary Selenium,New,121485 PLN,PLN,"{""addr1"": ""UL. WOJSKA POLSKIEGO 45"", ""city"": ""SOSNOWIEC"", ""region"": ""ŚLĄSKIE"", ""country"": ""PL""}",50.2863,19.1042,LEASE,872 PLN,per month,Hybrid,Automatic,FWD
VR3USHPX6TJ674955,2008 Allure · od 852 PLN/mies.,Peugeot 2008 Allure · Rata od 852 PLN netto/mies. · Leasing B2B · Sosnowiec · Sprawdź ofertę!,https://sklep.peugeot.pl/produkt/2008/vr3ushpx6tj674955/,https://raw.githubusercontent.com/Andy11001/-alfa-inventory/master/data/images/VR3USHPX6TJ674955_clean.webp,Peugeot,2008,2025,0,KM,SUV,Czarny Perla Nera,New,118598 PLN,PLN,"{""addr1"": ""UL. WOJSKA POLSKIEGO 45"", ""city"": ""SOSNOWIEC"", ""region"": ""ŚLĄSKIE"", ""country"": ""PL""}",50.2863,19.1042,LEASE,852 PLN,per month,Hybrid,Automatic,FWD
VR3F4DGM9SY601909,Nowe 308 SW Gt · od 1239 PLN/mies.,Peugeot Nowe 308 SW Gt · Rata od 1239 PLN netto/mies. · Leasing B2B · Białystok · Sprawdź ofertę!,https://sklep.peugeot.pl/produkt/nowe-308-sw/vr3f4dgm9sy601909/,https://raw.githubusercontent.com/Andy11001/-alfa-inventory/master/data/images/VR3F4DGM9SY601909_clean.webp,Peugeot,Nowe 308 SW,2025,0,KM,Wagon,Niebieski Ingaro,New,173184 PLN,PLN,"{""addr1"": ""UL. ELEWATORSKA 60"", ""city"": ""BIAŁYSTOK"", ""region"": ""PODLASKIE"", ""country"": ""PL""}",53.1325,23.1688,LEASE,1239 PLN,per month,Plug-in Hybrid,Automatic,FWD
VR3USHPY1TJ674323,2008 Allure · od 830 PLN/mies.,Peugeot 2008 Allure · Rata od 830 PLN netto/mies. · Leasing B2B · Katowice · Sprawdź ofertę!,https://sklep.peugeot.pl/produkt/2008/vr3ushpy1tj674323/,https://raw.githubusercontent.com/Andy11001/-alfa-inventory/master/data/images/VR3USHPY1TJ674323_clean.webp,Peugeot,2008,2025,0,KM,SUV,Szary Artense,New,115500 PLN,PLN,"{""addr1"": ""AL. ROŹDZIEŃSKIEGO 170"", ""city"": ""KATOWICE"", ""region"": ""ŚLĄSKIE"", ""country"": ""PL""}",50.2649,19.0238,LEASE,830 PLN,per month,Hybrid,Automatic,FWD
VR3USHPX0TJ674661,2008 Edition · od 740 PLN/mies.,Peugeot 2008 Edition · Rata od 740 PLN netto/mies. · Leasing B2B · Poznań · Sprawdź ofertę!,https://sklep.peugeot.pl/produkt/2008/vr3ushpx0tj674661/,https://raw.githubusercontent.com/Andy11001/-alfa-inventory/master/data/images/VR3USHPX0TJ674661_clean.webp,Peugeot,2008,2025,0,KM,SUV,Bialy Okenite,New,102900 PLN,PLN,"{""addr1"": ""UL. BOLESŁAWA KRZYWOUSTEGO 71"", ""city"": ""POZNAŃ"", ""region"": ""WIELKOPOLSKIE"", ""country"": ""PL""}",52.3787,17.0270,LEASE,740 PLN,per month,Hybrid,Automatic,FWD
VR3F3DGZ8SY574815,709 Allure · od 1017 PLN/mies.,Peugeot 709 Allure · Rata od 1017 PLN netto/mies. · Leasing B2B · Katowice · Sprawdź ofertę!,https://sklep.peugeot.pl/produkt/508/vr3f3dgz8sy574815/,https://raw.githubusercontent.com/Andy11001/-alfa-inventory/master/data/images/VR3F3DGZ8SY574815_clean.webp,Peugeot,709,2025,0,KM,Sedan,Niebieski Eclipse,New,141900 PLN,PLN,"{""addr1"": ""AL. ROŹDZIEŃSKIEGO 170"", ""city"": ""KATOWICE"", ""region"": ""ŚLĄSKIE"", ""country"": ""PL""}",50.2649,19.0238,LEASE,1017 PLN,per month,Plug-in Hybrid,Automatic,FWD
VR3F4DGMXSY601899,Nowe 308 SW Gt · od 1239 PLN/mies.,Peugeot Nowe 308 SW Gt · Rata od 1239 PLN netto/mies. · Leasing B2B · Warszawa · Sprawdź ofertę!,https://sklep.peugeot.pl/produkt/nowe-308-sw/vr3f4dgmxsy601899/,https://raw.githubusercontent.com/Andy11001/-alfa-inventory/master/data/images/VR3F4DGMXSY601899_clean.webp,Peugeot,Nowe 308 SW,2025,0,KM,Wagon,Niebieski Ingaro,New,173184 PLN,PLN,"{""addr1"": ""AL. KRAKOWSKA 206"", ""city"": ""WARSZAWA"", ""region"": ""MAZOWIECKIE"", ""country"": ""PL""}",52.2084,20.9412,LEASE,1239 PLN,per month,Plug-in Hybrid,Automatic,FWD
VR3F3DGN4TY533340,Nowy 408 Gt Exclusive · od 1427 PLN/mies.,Peugeot Nowy 408 Gt Exclusive · Rata od 1427 PLN netto/mies. · Leasing B2B · Poznań · Sprawdź ofertę!,https://sklep.peugeot.pl/produkt/nowy-408/vr3f3dgn4ty533340/,https://raw.githubusercontent.com/Andy11001/-alfa-inventory/master/data/images/VR3F3DGN4TY533340_clean.webp,Peugeot,Nowy 408,2025,0,KM,SUV,Czarny Perla Nera,New,199656 PLN,PLN,"{""addr1"": ""UL. BOLESŁAWA KRZYWOUSTEGO 71"", ""city"": ""POZNAŃ"", ""region"": ""WIELKOPOLSKIE"", ""country"": ""PL""}",52.3787,17.0270,LEASE,1427 PLN,per month,Plug-in Hybrid,Automatic,FWD
VR3UPHPV3T5054749,208 Allure · od 631 PLN/mies.,Peugeot 208 Allure · Rata od 631 PLN netto/mies. · Leasing B2B · Bydgoszcz · Sprawdź ofertę!,https://sklep.peugeot.pl/produkt/208/vr3uphpv3t5054749/,https://raw.githubusercontent.com/Andy11001/-alfa-inventory/master/data/images/VR3UPHPV3T5054749_clean.webp,Peugeot,208,2025,0,KM,Hatchback,Bialy Okenite,New,87507 PLN,PLN,"{""addr1"": ""UL. FORDOŃSKA 353"", ""city"": ""BYDGOSZCZ"", ""region"": ""KUJAWSKO-POMORSKIE"", ""country"": ""PL""}",53.1235,18.0084,LEASE,631 PLN,per month,Gasoline,Manual,FWD
VR3FRHPY9TY532930,Nowe 308 SW Gt · od 972 PLN/mies.,Peugeot Nowe 308 SW Gt · Rata od 972 PLN netto/mies. · Leasing B2B · Sosnowiec · Sprawdź ofertę!,https://sklep.peugeot.pl/produkt/nowe-308-sw/vr3frhpy9ty532930/,https://raw.githubusercontent.com/Andy11001/-alfa-inventory/master/data/images/VR3FRHPY9TY532930_clean.webp,Peugeot,Nowe 308 SW,2025,0,KM,Wagon,Niebieski Ingaro,New,135579 PLN,PLN,"{""addr1"": ""UL. WOJSKA POLSKIEGO 45"", ""city"": ""SOSNOWIEC"", ""region"": ""ŚLĄSKIE"", ""country"": ""PL""}",50.2863,19.1042,LEASE,972 PLN,per month,Hybrid,Automatic,FWD
VR3UPHPY9T5048643,208 Allure · od 786 PLN/mies.,Peugeot 208 Allure · Rata od 786 PLN netto/mies. · Leasing B2B · Poznań · Sprawdź ofertę!,https://sklep.peugeot.pl/produkt/208/vr3uphpy9t5048643/,https://raw.githubusercontent.com/Andy11001/-alfa-inventory/master/data/images/VR3UPHPY9T5048643_clean.webp,Peugeot,208,2025,0,KM,Hatchback,Szary Selenium,New,109296 PLN,PLN,"{""addr1"": ""UL. BOLESŁAWA KRZYWOUSTEGO 71"", ""city"": ""POZNAŃ"", ""region"": ""WIELKOPOLSKIE"", ""country"": ""PL""}",52.3787,17.0270,LEASE,786 PLN,per month,Hybrid,Automatic,FWD
VR3FPHPY5TY531831,Nowe 308 Gt · od 875 PLN/mies.,Peugeot Nowe 308 Gt · Rata od 875 PLN netto/mies. · Leasing B2B · Katowice · Sprawdź ofertę!,https://sklep.peugeot.pl/produkt/nowe-308/vr3fphpy5ty531831/,https://raw.githubusercontent.com/Andy11001/-alfa-inventory/master/data/images/VR3FPHPY5TY531831_clean.webp,Peugeot,Nowe 308,2025,0,KM,Hatchback,Bialy Okenite,New,121900 PLN,PLN,"{""addr1"": ""AL. ROŹDZIEŃSKIEGO 170"", ""city"": ""KATOWICE"", ""region"": ""ŚLĄSKIE"", ""country"": ""PL""}",50.2649,19.0238,LEASE,875 PLN,per month,Hybrid,Automatic,FWD
VR3EDYHZ2TN522629,Rifter MPV Allure · od 894 PLN/mies.,Peugeot Rifter MPV Allure · Rata od 894 PLN netto/mies. · Leasing B2B · Bydgoszcz · Sprawdź ofertę!,https://sklep.peugeot.pl/produkt/rifter-mpv/vr3edyhz2tn522629/,https://raw.githubusercontent.com/Andy11001/-alfa-inventory/master/data/images/VR3EDYHZ2TN522629_clean.webp,Peugeot,Rifter MPV,2025,0,KM,Hatchback,Szary Artense,New,124497 PLN,PLN,"{""addr1"": ""UL. FORDOŃSKA 353"", ""city"": ""BYDGOSZCZ"", ""region"": ""KUJAWSKO-POMORSKIE"", ""country"": ""PL""}",53.1235,18.0084,LEASE,894 PLN,per month,Diesel,Automatic,FWD
VR3USHPX4TJ632753,2008 Style · od 810 PLN/mies.,Peugeot 2008 Style · Rata od 810 PLN netto/mies. · Leasing B2B · Zielona Góra · Sprawdź ofertę!,https://sklep.peugeot.pl/produkt/2008/vr3ushpx4tj632753/,https://raw.githubusercontent.com/Andy11001/-alfa-inventory/master/data/images/VR3USHPX4TJ632753_clean.webp,Peugeot,2008,2025,0,KM,SUV,Czarny Perla Nera,New,112716 PLN,PLN,"{""addr1"": ""ZIELONA GÓRA"", ""city"": ""ZIELONA GÓRA"", ""region"": ""MAZOWIECKIE"", ""country"": ""PL""}",,,LEASE,810 PLN,per month,Hybrid,Automatic,FWD
VR3UPHPV4T5054744,208 Allure · od 629 PLN/mies.,Peugeot 208 Allure · Rata od 629 PLN netto/mies. · Leasing B2B · Bydgoszcz · Sprawdź ofertę!,https://sklep.peugeot.pl/produkt/208/vr3uphpv4t5054744/,https://raw.githubusercontent.com/Andy11001/-alfa-inventory/master/data/images/VR3UPHPV4T5054744_clean.webp,Peugeot,208,2025,0,KM,Hatchback,Czerwony Elixir,New,87157 PLN,PLN,"{""addr1"": ""UL. FORDOŃSKA 353"", ""city"": ""BYDGOSZCZ"", ""region"": ""KUJAWSKO-POMORSKIE"", ""country"": ""PL""}",53.1235,18.0084,LEASE,629 PLN,per month,Gasoline,Manual,FWD
VR3UPHPVXT5054991,208 Allure · od 624 PLN/mies.,Peugeot 208 Allure · Rata od 624 PLN netto/mies. · Leasing B2B · Bydgoszcz · Sprawdź ofertę!,https://sklep.peugeot.pl/produkt/208/vr3uphpvxt5054991/,https://raw.githubusercontent.com/Andy11001/-alfa-inventory/master/data/images/VR3UPHPVXT5054991_clean.webp,Peugeot,208,2025,0,KM,Hatchback,Szary Artense,New,86534 PLN,PLN,"{""addr1"": ""UL. FORDOŃSKA 353"", ""city"": ""BYDGOSZCZ"", ""region"": ""KUJAWSKO-POMORSKIE"", ""country"": ""PL""}",53.1235,18.0084,LEASE,624 PLN,per month,Gasoline,Manual,FWD
VR3UPHPV4T5054971,208 Allure · od 624 PLN/mies.,Peugeot 208 Allure · Rata od 624 PLN netto/mies. · Leasing B2B · Bydgoszcz · Sprawdź ofertę!,https://sklep.peugeot.pl/produkt/208/vr3uphpv4t5054971/,https://raw.githubusercontent.com/Andy11001/-alfa-inventory/master/data/images/VR3UPHPV4T5054971_clean.webp,Peugeot,208,2025,0,KM,Hatchback,Czarny Perla Nera,New,86534 PLN,PLN,"{""addr1"": ""UL. FORDOŃSKA 353"", ""city"": ""BYDGOSZCZ"", ""region"": ""KUJAWSKO-POMORSKIE"", ""country"": ""PL""}",53.1235,18.0084,LEASE,624 PLN,per month,Gasoline,Manual,FWD
VR3UPHPV2T5054550,208 Allure · od 609 PLN/mies.,Peugeot 208 Allure · Rata od 609 PLN netto/mies. · Leasing B2B · Bydgoszcz · Sprawdź ofertę!,https://sklep.peugeot.pl/produkt/208/vr3uphpv2t5054550/,https://raw.githubusercontent.com/Andy11001/-alfa-inventory/master/data/images/VR3UPHPV2T5054550_clean.webp,Peugeot,208,2025,0,KM,Hatchback,Zolty Agueda,New,84398 PLN,PLN,"{""addr1"": ""UL. FORDOŃSKA 353"", ""city"": ""BYDGOSZCZ"", ""region"": ""KUJAWSKO-POMORSKIE"", ""country"": ""PL""}",53.1235,18.0084,LEASE,609 PLN,per month,Gasoline,Manual,FWD
VR3UPHPV9T5054996,208 Allure · od 603 PLN/mies.,Peugeot 208 Allure · Rata od 603 PLN netto/mies. · Leasing B2B · Katowice · Sprawdź ofertę!,https://sklep.peugeot.pl/produkt/208/vr3uphpv9t5054996/,https://raw.githubusercontent.com/Andy11001/-alfa-inventory/master/data/images/VR3UPHPV9T5054996_clean.webp,Peugeot,208,2025,0,KM,Hatchback,Zolty Agueda,New,83500 PLN,PLN,"{""addr1"": ""AL. ROŹDZIEŃSKIEGO 170"", ""city"": ""KATOWICE"", ""region"": ""ŚLĄSKIE"", ""country"": ""PL""}",50.2649,19.0238,LEASE,603 PLN,per month,Gasoline,Manual,FWD
VR3UPHPV4T5054551,208 Allure · od 606 PLN/mies.,Peugeot 208 Allure · Rata od 606 PLN netto/mies. · Leasing B2B · Słupsk · Sprawdź ofertę!,https://sklep.peugeot.pl/produkt/208/vr3uphpv4t5054551/,https://raw.githubusercontent.com/Andy11001/-alfa-inventory/master/data/images/VR3UPHPV4T5054551_clean.webp,Peugeot,208,2025,0,KM,Hatchback,Zolty Agueda,New,83997 PLN,PLN,"{""addr1"": ""SŁUPSK"", ""city"": ""SŁUPSK"", ""region"": ""MAZOWIECKIE"", ""country"": ""PL""}",,,LEASE,606 PLN,per month,Gasoline,Manual,FWD
VR3UPHPV1T5054510,208 Allure · od 630 PLN/mies.,Peugeot 208 Allure · Rata od 630 PLN netto/mies. · Leasing B2B · Płock · Sprawdź ofertę!,https://sklep.peugeot.pl/produkt/208/vr3uphpv1t5054510/,https://raw.githubusercontent.com/Andy11001/-alfa-inventory/master/data/images/VR3UPHPV1T5054510_clean.webp,Peugeot,208,2025,0,KM,Hatchback,Szary Selenium,New,87327 PLN,PLN,"{""addr1"": ""UL. OTOLIŃSKA 25"", ""city"": ""PŁOCK"", ""region"": ""MAZOWIECKIE"", ""country"": ""PL""}",52.5468,19.7064,LEASE,630 PLN,per month,Gasoline,Manual,FWD
VR3UPHPV3T5054511,208 Allure · od 630 PLN/mies.,Peugeot 208 Allure · Rata od 630 PLN netto/mies. · Leasing B2B · Płock · Sprawdź ofertę!,https://sklep.peugeot.pl/produkt/208/vr3uphpv3t5054511/,https://raw.githubusercontent.com/Andy11001/-alfa-inventory/master/data/images/VR3UPHPV3T5054511_clean.webp,Peugeot,208,2025,0,KM,Hatchback,Szary Selenium,New,87327 PLN,PLN,"{""addr1"": ""UL. OTOLIŃSKA 25"", ""city"": ""PŁOCK"", ""region"": ""MAZOWIECKIE"", ""country"": ""PL""}",52.5468,19.7064,LEASE,630 PLN,per month,Gasoline,Manual,FWD
VR3UKZKW5TJ632894,2008 Allure · od 1506 PLN/mies.,Peugeot 2008 Allure · Rata od 1506 PLN netto/mies. · Leasing B2B · Warszawa · Sprawdź ofertę!,https://sklep.peugeot.pl/produkt/2008/vr3ukzkw5tj632894/,https://raw.githubusercontent.com/Andy11001/-alfa-inventory/master/data/images/VR3UKZKW5TJ632894_clean.webp,Peugeot,2008,2025,0,KM,SUV,Niebieski Obsession,New,154280 PLN,PLN,"{""addr1"": ""AL. KRAKOWSKA 206"", ""city"": ""WARSZAWA"", ""region"": ""MAZOWIECKIE"", ""country"": ""PL""}",52.2084,20.9412,LEASE,1506 PLN,per month,Electric,Automatic,FWD
VR3F4DGM8SY601903,Nowe 308 SW Gt · od 1239 PLN/mies.,Peugeot Nowe 308 SW Gt · Rata od 1239 PLN netto/mies. · Leasing B2B · Płock · Sprawdź ofertę!,https://sklep.peugeot.pl/produkt/nowe-308-sw/vr3f4dgm8sy601903/,https://raw.githubusercontent.com/Andy11001/-alfa-inventory/master/data/images/VR3F4DGM8SY601903_clean.webp,Peugeot,Nowe 308 SW,2025,0,KM,Wagon,Niebieski Ingaro,New,173184 PLN,PLN,"{""addr1"": ""UL. OTOLIŃSKA 25"", ""city"": ""PŁOCK"", ""region"": ""MAZOWIECKIE"", ""country"": ""PL""}",52.5468,19.7064,LEASE,1239 PLN,per month,Plug-in Hybrid,Automatic,FWD
VR3FPHPY9TY525188,Nowe 308 Gt · od 1016 PLN/mies.,Peugeot Nowe 308 Gt · Rata od 1016 PLN netto/mies. · Leasing B2B · Krasne · Sprawdź ofertę!,https://sklep.peugeot.pl/produkt/nowe-308/vr3fphpy9ty525188/,https://raw.githubusercontent.com/Andy11001/-alfa-inventory/master/data/images/VR3FPHPY9TY525188_clean.webp,Peugeot,Nowe 308,2025,0,KM,Hatchback,Niebieski Lagoa,New,141728 PLN,PLN,"{""addr1"": ""KRASNE"", ""city"": ""KRASNE"", ""region"": ""MAZOWIECKIE"", ""country"": ""PL""}",,,LEASE,1016 PLN,per month,Hybrid,Automatic,FWD
VR3USHPX4TJ632655,2008 Allure · od 846 PLN/mies.,Peugeot 2008 Allure · Rata od 846 PLN netto/mies. · Leasing B2B · Toruń · Sprawdź ofertę!,https://sklep.peugeot.pl/produkt/2008/vr3ushpx4tj632655/,https://raw.githubusercontent.com/Andy11001/-alfa-inventory/master/data/images/VR3USHPX4TJ632655_clean.webp,Peugeot,2008,2025,0,KM,SUV,Szary Selenium,New,117722 PLN,PLN,"{""addr1"": ""UL. SZOSA BYDGOSKA 52"", ""city"": ""TORUŃ"", ""region"": ""KUJAWSKO-POMORSKIE"", ""country"": ""PL""}",53.0138,18.5984,LEASE,846 PLN,per month,Hybrid,Automatic,FWD
VR3USHPX1TJ632662,2008 Business · od 777 PLN/mies.,Peugeot 2008 Business · Rata od 777 PLN netto/mies. · Leasing B2B · Płock · Sprawdź ofertę!,https://sklep.peugeot.pl/produkt/2008/vr3ushpx1tj632662/,https://raw.githubusercontent.com/Andy11001/-alfa-inventory/master/data/images/VR3USHPX1TJ632662_clean.webp,Peugeot,2008,2025,0,KM,SUV,Bialy Okenite,New,108010 PLN,PLN,"{""addr1"": ""UL. OTOLIŃSKA 25"", ""city"": ""PŁOCK"", ""region"": ""MAZOWIECKIE"", ""country"": ""PL""}",52.5468,19.7064,LEASE,777 PLN,per month,Hybrid,Automatic,FWD
VR3FCYHZXTY515644,Nowe 308 SW Business · od 854 PLN/mies.,Peugeot Nowe 308 SW Business · Rata od 854 PLN netto/mies. · Leasing B2B · Białystok · Sprawdź ofertę!,https://sklep.peugeot.pl/produkt/nowe-308-sw/vr3fcyhzxty515644/,https://raw.githubusercontent.com/Andy11001/-alfa-inventory/master/data/images/VR3FCYHZXTY515644_clean.webp,Peugeot,Nowe 308 SW,2025,0,KM,Wagon,Bialy Okenite,New,118938 PLN,PLN,"{""addr1"": ""UL. ELEWATORSKA 60"", ""city"": ""BIAŁYSTOK"", ""region"": ""PODLASKIE"", ""country"": ""PL""}",53.1325,23.1688,LEASE,854 PLN,per month,Diesel,Automatic,FWD
VR3FMZKW1SY615969,Nowe 308 Gt · od 1377 PLN/mies.,Peugeot Nowe 308 Gt · Rata od 1377 PLN netto/mies. · Leasing B2B · Elbląg · Sprawdź ofertę!,https://sklep.peugeot.pl/produkt/nowe-308/vr3fmzkw1sy615969/,https://raw.githubusercontent.com/Andy11001/-alfa-inventory/master/data/images/VR3FMZKW1SY615969_clean.webp,Peugeot,Nowe 308,2025,0,KM,Hatchback,Niebieski Lagoa,New,169782 PLN,PLN,"{""addr1"": ""UL. KAZIMIERZOWO 4"", ""city"": ""ELBLĄG"", ""region"": ""WARMIŃSKO-MAZURSKIE"", ""country"": ""PL""}",54.1522,19.4040,LEASE,1377 PLN,per month,Electric,Automatic,FWD
VR3USHPY8SJ987738,2008 Allure · od 884 PLN/mies.,Peugeot 2008 Allure · Rata od 884 PLN netto/mies. · Leasing B2B · Krasne · Sprawdź ofertę!,https://sklep.peugeot.pl/produkt/2008/vr3ushpy8sj987738/,https://raw.githubusercontent.com/Andy11001/-alfa-inventory/master/data/images/VR3USHPY8SJ987738_clean.webp,Peugeot,2008,2025,0,KM,SUV,Szary Selenium,New,123148 PLN,PLN,"{""addr1"": ""KRASNE"", ""city"": ""KRASNE"", ""region"": ""MAZOWIECKIE"", ""country"": ""PL""}",,,LEASE,884 PLN,per month,Hybrid,Automatic,FWD
VR3USHPX6TJ600757,2008 Allure · od 874 PLN/mies.,Peugeot 2008 Allure · Rata od 874 PLN netto/mies. · Leasing B2B · Częstochowa · Sprawdź ofertę!,https://sklep.peugeot.pl/produkt/2008/vr3ushpx6tj600757/,https://raw.githubusercontent.com/Andy11001/-alfa-inventory/master/data/images/VR3USHPX6TJ600757_clean.webp,Peugeot,2008,2025,0,KM,SUV,Czerwony Elixir,New,121660 PLN,PLN,"{""addr1"": ""CZĘSTOCHOWA"", ""city"": ""CZĘSTOCHOWA"", ""region"": ""MAZOWIECKIE"", ""country"": ""PL""}",,,LEASE,874 PLN,per month,Hybrid,Automatic,FWD
VR3EDYHZ8TN522599,Rifter MPV Allure · od 901 PLN/mies.,Peugeot Rifter MPV Allure · Rata od 901 PLN netto/mies. · Leasing B2B · Szczecin · Sprawdź ofertę!,https://sklep.peugeot.pl/produkt/rifter-mpv/vr3edyhz8tn522599/,https://raw.githubusercontent.com/Andy11001/-alfa-inventory/master/data/images/VR3EDYHZ8TN522599_clean.webp,Peugeot,Rifter MPV,2025,0,KM,Hatchback,Szary Artense,New,125550 PLN,PLN,"{""addr1"": ""UL. STRUGA 1B"", ""city"": ""SZCZECIN"", ""region"": ""ZACHODNIOPOMORSKIE"", ""country"": ""PL""}",53.3891,14.6543,LEASE,901 PLN,per month,Diesel,Automatic,FWD
VR3EDYHZ1TN522606,Rifter MPV Allure · od 894 PLN/mies.,Peugeot Rifter MPV Allure · Rata od 894 PLN netto/mies. · Leasing B2B · Zielona Góra · Sprawdź ofertę!,https://sklep.peugeot.pl/produkt/rifter-mpv/vr3edyhz1tn522606/,https://raw.githubusercontent.com/Andy11001/-alfa-inventory/master/data/images/VR3EDYHZ1TN522606_clean.webp,Peugeot,Rifter MPV,2025,0,KM,Hatchback,Czarny Perla Nera,New,124497 PLN,PLN,"{""addr1"": ""ZIELONA GÓRA"", ""city"": ""ZIELONA GÓRA"", ""region"": ""MAZOWIECKIE"", ""country"": ""PL""}",,,LEASE,894 PLN,per month,Diesel,Automatic,FWD
VR3EDYHT7TN520001,Rifter MPV Allure · od 764 PLN/mies.,Peugeot Rifter MPV Allure · Rata od 764 PLN netto/mies. · Leasing B2B · Kalisz · Sprawdź ofertę!,https://sklep.peugeot.pl/produkt/rifter-mpv/vr3edyht7tn520001/,https://raw.githubusercontent.com/Andy11001/-alfa-inventory/master/data/images/VR3EDYHT7TN520001_clean.webp,Peugeot,Rifter MPV,2025,0,KM,Hatchback,Bialy Icy White,New,106191 PLN,PLN,"{""addr1"": ""UL. CZĘSTOCHOWSKA 144"", ""city"": ""KALISZ"", ""region"": ""WIELKOPOLSKIE"", ""country"": ""PL""}",51.7612,18.0929,LEASE,764 PLN,per month,Diesel,Manual,FWD
VR3EDYHT9TN520002,Rifter MPV Allure · od 764 PLN/mies.,Peugeot Rifter MPV Allure · Rata od 764 PLN netto/mies. · Leasing B2B · Kalisz · Sprawdź ofertę!,https://sklep.peugeot.pl/produkt/rifter-mpv/vr3edyht9tn520002/,https://raw.githubusercontent.com/Andy11001/-alfa-inventory/master/data/images/VR3EDYHT9TN520002_clean.webp,Peugeot,Rifter MPV,2025,0,KM,Hatchback,Bialy Icy White,New,106191 PLN,PLN,"{""addr1"": ""UL. CZĘSTOCHOWSKA 144"", ""city"": ""KALISZ"", ""region"": ""WIELKOPOLSKIE"", ""country"": ""PL""}",51.7612,18.0929,LEASE,764 PLN,per month,Diesel,Manual,FWD
VR3FPHPY3SY593257,408 Allure · od 972 PLN/mies.,Peugeot 408 Allure · Rata od 972 PLN netto/mies. · Leasing B2B · Radom · Sprawdź ofertę!,https://sklep.peugeot.pl/produkt/408/vr3fphpy3sy593257/,https://raw.githubusercontent.com/Andy11001/-alfa-inventory/master/data/images/VR3FPHPY3SY593257_clean.webp,Peugeot,408,2025,0,KM,SUV,Niebieski Obsession,New,135456 PLN,PLN,"{""addr1"": ""UL. ŻÓŁKIEWSKIEGO 4"", ""city"": ""RADOM"", ""region"": ""MAZOWIECKIE"", ""country"": ""PL""}",51.4027,21.1471,LEASE,972 PLN,per month,Hybrid,Automatic,FWD
VR3FCYHZ8TY515643,Nowe 308 SW Business · od 854 PLN/mies.,Peugeot Nowe 308 SW Business · Rata od 854 PLN netto/mies. · Leasing B2B · Białystok · Sprawdź ofertę!,https://sklep.peugeot.pl/produkt/nowe-308-sw/vr3fcyhz8ty515643/,https://raw.githubusercontent.com/Andy11001/-alfa-inventory/master/data/images/VR3FCYHZ8TY515643_clean.webp,Peugeot,Nowe 308 SW,2025,0,KM,Wagon,Bialy Okenite,New,118938 PLN,PLN,"{""addr1"": ""UL. ELEWATORSKA 60"", ""city"": ""BIAŁYSTOK"", ""region"": ""PODLASKIE"", ""country"": ""PL""}",53.1325,23.1688,LEASE,854 PLN,per month,Diesel,Automatic,FWD
VR3USHPY1TJ583245,2008 Gt · od 861 PLN/mies.,Peugeot 2008 Gt · Rata od 861 PLN netto/mies. · Leasing B2B · Katowice · Sprawdź ofertę!,https://sklep.peugeot.pl/produkt/2008/vr3ushpy1tj583245/,https://raw.githubusercontent.com/Andy11001/-alfa-inventory/master/data/images/VR3USHPY1TJ583245_clean.webp,Peugeot,2008,2025,0,KM,SUV,Szary Selenium,New,119900 PLN,PLN,"{""addr1"": ""AL. ROŹDZIEŃSKIEGO 170"", ""city"": ""KATOWICE"", ""region"": ""ŚLĄSKIE"", ""country"": ""PL""}",50.2649,19.0238,LEASE,861 PLN,per month,Hybrid,Automatic,FWD
VR3USHPY9TJ582943,2008 Gt · od 920 PLN/mies.,Peugeot 2008 Gt · Rata od 920 PLN netto/mies. · Leasing B2B · Częstochowa · Sprawdź ofertę!,https://sklep.peugeot.pl/produkt/2008/vr3ushpy9tj582943/,https://raw.githubusercontent.com/Andy11001/-alfa-inventory/master/data/images/VR3USHPY9TJ582943_clean.webp,Peugeot,2008,2025,0,KM,SUV,Szary Selenium,New,128179 PLN,PLN,"{""addr1"": ""CZĘSTOCHOWA"", ""city"": ""CZĘSTOCHOWA"", ""region"": ""MAZOWIECKIE"", ""country"": ""PL""}",,,LEASE,920 PLN,per month,Hybrid,Automatic,FWD
VR3FRHPY0SY599995,Nowe 308 SW Gt · od 956 PLN/mies.,Peugeot Nowe 308 SW Gt · Rata od 956 PLN netto/mies. · Leasing B2B · Częstochowa · Sprawdź ofertę!,https://sklep.peugeot.pl/produkt/nowe-308-sw/vr3frhpy0sy599995/,https://raw.githubusercontent.com/Andy11001/-alfa-inventory/master/data/images/VR3FRHPY0SY599995_clean.webp,Peugeot,Nowe 308 SW,2025,0,KM,Wagon,Niebieski Ingaro,New,133250 PLN,PLN,"{""addr1"": ""CZĘSTOCHOWA"", ""city"": ""CZĘSTOCHOWA"", ""region"": ""MAZOWIECKIE"", ""country"": ""PL""}",,,LEASE,956 PLN,per month,Hybrid,Automatic,FWD
VR3USHPY7SJ894290,2008 Gt · od 924 PLN/mies.,Peugeot 2008 Gt · Rata od 924 PLN netto/mies. · Leasing B2B · Częstochowa · Sprawdź ofertę!,https://sklep.peugeot.pl/produkt/2008/vr3ushpy7sj894290/,https://raw.githubusercontent.com/Andy11001/-alfa-inventory/master/data/images/VR3USHPY7SJ894290_clean.webp,Peugeot,2008,2025,0,KM,SUV,Bialy Okenite,New,128712 PLN,PLN,"{""addr1"": ""CZĘSTOCHOWA"", ""city"": ""CZĘSTOCHOWA"", ""region"": ""MAZOWIECKIE"", ""country"": ""PL""}",,,LEASE,924 PLN,per month,Hybrid,Automatic,FWD
VR3USHPY0SJ985045,2008 Gt · od 935 PLN/mies.,Peugeot 2008 Gt · Rata od 935 PLN netto/mies. · Leasing B2B · Krasne · Sprawdź ofertę!,https://sklep.peugeot.pl/produkt/2008/vr3ushpy0sj985045/,https://raw.githubusercontent.com/Andy11001/-alfa-inventory/master/data/images/VR3USHPY0SJ985045_clean.webp,Peugeot,2008,2025,0,KM,SUV,Bialy Okenite,New,130279 PLN,PLN,"{""addr1"": ""KRASNE"", ""city"": ""KRASNE"", ""region"": ""MAZOWIECKIE"", ""country"": ""PL""}",,,LEASE,935 PLN,per month,Hybrid,Automatic,FWD
VR3USHPY1TJ582578,2008 Gt · od 925 PLN/mies.,Peugeot 2008 Gt · Rata od 925 PLN netto/mies. · Leasing B2B · Częstochowa · Sprawdź ofertę!,https://sklep.peugeot.pl/produkt/2008/vr3ushpy1tj582578/,https://raw.githubusercontent.com/Andy11001/-alfa-inventory/master/data/images/VR3USHPY1TJ582578_clean.webp,Peugeot,2008,2025,0,KM,SUV,Czerwony Elixir,New,128879 PLN,PLN,"{""addr1"": ""CZĘSTOCHOWA"", ""city"": ""CZĘSTOCHOWA"", ""region"": ""MAZOWIECKIE"", ""country"": ""PL""}",,,LEASE,925 PLN,per month,Hybrid,Automatic,FWD
VR3FMZKW0SY615963,Nowe 308 Gt · od 1102 PLN/mies.,Peugeot Nowe 308 Gt · Rata od 1102 PLN netto/mies. · Leasing B2B · Katowice · Sprawdź ofertę!,https://sklep.peugeot.pl/produkt/nowe-308/vr3fmzkw0sy615963/,https://raw.githubusercontent.com/Andy11001/-alfa-inventory/master/data/images/VR3FMZKW0SY615963_clean.webp,Peugeot,Nowe 308,2025,0,KM,Hatchback,Niebieski Lagoa,New,148900 PLN,PLN,"{""addr1"": ""AL. ROŹDZIEŃSKIEGO 170"", ""city"": ""KATOWICE"", ""region"": ""ŚLĄSKIE"", ""country"": ""PL""}",50.2649,19.0238,LEASE,1102 PLN,per month,Electric,Automatic,FWD
VR3UPHPYXT5026845,208 Gt · od 787 PLN/mies.,Peugeot 208 Gt · Rata od 787 PLN netto/mies. · Leasing B2B · Białystok · Sprawdź ofertę!,https://sklep.peugeot.pl/produkt/208/vr3uphpyxt5026845/,https://raw.githubusercontent.com/Andy11001/-alfa-inventory/master/data/images/VR3UPHPYXT5026845_clean.webp,Peugeot,208,2025,0,KM,Hatchback,Zolty Agueda,New,109521 PLN,PLN,"{""addr1"": ""UL. ELEWATORSKA 60"", ""city"": ""BIAŁYSTOK"", ""region"": ""PODLASKIE"", ""country"": ""PL""}",53.1325,23.1688,LEASE,787 PLN,per month,Hybrid,Automatic,FWD
VR3USHPX3TJ557589,2008 Allure · od 840 PLN/mies.,Peugeot 2008 Allure · Rata od 840 PLN netto/mies. · Leasing B2B · Częstochowa · Sprawdź ofertę!,https://sklep.peugeot.pl/produkt/2008/vr3ushpx3tj557589/,https://raw.githubusercontent.com/Andy11001/-alfa-inventory/master/data/images/VR3USHPX3TJ557589_clean.webp,Peugeot,2008,2025,0,KM,SUV,Szary Artense,New,116935 PLN,PLN,"{""addr1"": ""CZĘSTOCHOWA"", ""city"": ""CZĘSTOCHOWA"", ""region"": ""MAZOWIECKIE"", ""country"": ""PL""}",,,LEASE,840 PLN,per month,Hybrid,Automatic,FWD
VR3FBYHZ2SY616372,308 Gt · od 988 PLN/mies.,Peugeot 308 Gt · Rata od 988 PLN netto/mies. · Leasing B2B · Wałbrzych · Sprawdź ofertę!,https://sklep.peugeot.pl/produkt/308/vr3fbyhz2sy616372/,https://raw.githubusercontent.com/Andy11001/-alfa-inventory/master/data/images/VR3FBYHZ2SY616372_clean.webp,Peugeot,308,2025,0,KM,Hatchback,Szary Selenium,New,137815 PLN,PLN,"{""addr1"": ""WAŁBRZYCH"", ""city"": ""WAŁBRZYCH"", ""region"": ""MAZOWIECKIE"", ""country"": ""PL""}",,,LEASE,988 PLN,per month,Diesel,Automatic,FWD
VR3FRHPY2SY599271,Nowe 308 SW Gt · od 1002 PLN/mies.,Peugeot Nowe 308 SW Gt · Rata od 1002 PLN netto/mies. · Leasing B2B · Wałbrzych · Sprawdź ofertę!,https://sklep.peugeot.pl/produkt/nowe-308-sw/vr3frhpy2sy599271/,https://raw.githubusercontent.com/Andy11001/-alfa-inventory/master/data/images/VR3FRHPY2SY599271_clean.webp,Peugeot,Nowe 308 SW,2025,0,KM,Wagon,Niebieski Ingaro,New,139750 PLN,PLN,"{""addr1"": ""WAŁBRZYCH"", ""city"": ""WAŁBRZYCH"", ""region"": ""MAZOWIECKIE"", ""country"": ""PL""}",,,LEASE,1002 PLN,per month,Hybrid,Automatic,FWD
VR3FBYHZ3SY618387,308 Gt · od 826 PLN/mies.,Peugeot 308 Gt · Rata od 826 PLN netto/mies. · Leasing B2B · Katowice · Sprawdź ofertę!,https://sklep.peugeot.pl/produkt/308/vr3fbyhz3sy618387/,https://raw.githubusercontent.com/Andy11001/-alfa-inventory/master/data/images/VR3FBYHZ3SY618387_clean.webp,Peugeot,308,2025,0,KM,Hatchback,Czerwony Elixir,New,114900 PLN,PLN,"{""addr1"": ""AL. ROŹDZIEŃSKIEGO 170"", ""city"": ""KATOWICE"", ""region"": ""ŚLĄSKIE"", ""country"": ""PL""}",50.2649,19.0238,LEASE,826 PLN,per month,Diesel,Automatic,FWD
VR3FPHPY7SY617012,Nowe 308 Allure · od 807 PLN/mies.,Peugeot Nowe 308 Allure · Rata od 807 PLN netto/mies. · Leasing B2B · Płock · Sprawdź ofertę!,https://sklep.peugeot.pl/produkt/nowe-308/vr3fphpy7sy617012/,https://raw.githubusercontent.com/Andy11001/-alfa-inventory/master/data/images/VR3FPHPY7SY617012_clean.webp,Peugeot,Nowe 308,2025,0,KM,Hatchback,Niebieski Lagoa,New,112299 PLN,PLN,"{""addr1"": ""UL. OTOLIŃSKA 25"", ""city"": ""PŁOCK"", ""region"": ""MAZOWIECKIE"", ""country"": ""PL""}",52.5468,19.7064,LEASE,807 PLN,per month,Hybrid,Automatic,FWD
VR3FPHPY9SY617013,Nowe 308 Allure · od 807 PLN/mies.,Peugeot Nowe 308 Allure · Rata od 807 PLN netto/mies. · Leasing B2B · Płock · Sprawdź ofertę!,https://sklep.peugeot.pl/produkt/nowe-308/vr3fphpy9sy617013/,https://raw.githubusercontent.com/Andy11001/-alfa-inventory/master/data/images/VR3FPHPY9SY617013_clean.webp,Peugeot,Nowe 308,2025,0,KM,Hatchback,Niebieski Lagoa,New,112299 PLN,PLN,"{""addr1"": ""UL. OTOLIŃSKA 25"", ""city"": ""PŁOCK"", ""region"": ""MAZOWIECKIE"", ""country"": ""PL""}",52.5468,19.7064,LEASE,807 PLN,per month,Hybrid,Automatic,FWD
VR3F4DGM9SY600579,Nowe 308 SW Gt · od 1275 PLN/mies.,Peugeot Nowe 308 SW Gt · Rata od 1275 PLN netto/mies. · Leasing B2B · Warszawa · Sprawdź ofertę!,https://sklep.peugeot.pl/produkt/nowe-308-sw/vr3f4dgm9sy600579/,https://raw.githubusercontent.com/Andy11001/-alfa-inventory/master/data/images/VR3F4DGM9SY600579_clean.webp,Peugeot,Nowe 308 SW,2025,0,KM,Wagon,Niebieski Ingaro,New,178176 PLN,PLN,"{""addr1"": ""AL. KRAKOWSKA 206"", ""city"": ""WARSZAWA"", ""region"": ""MAZOWIECKIE"", ""country"": ""PL""}",52.2084,20.9412,LEASE,1275 PLN,per month,Plug-in Hybrid,Automatic,FWD
VR3F3DGM7SY599306,Nowe 308 Gt · od 1114 PLN/mies.,Peugeot Nowe 308 Gt · Rata od 1114 PLN netto/mies. · Leasing B2B · Katowice · Sprawdź ofertę!,https://sklep.peugeot.pl/produkt/nowe-308/vr3f3dgm7sy599306/,https://raw.githubusercontent.com/Andy11001/-alfa-inventory/master/data/images/VR3F3DGM7SY599306_clean.webp,Peugeot,Nowe 308,2025,0,KM,Hatchback,Niebieski Lagoa,New,155500 PLN,PLN,"{""addr1"": ""AL. ROŹDZIEŃSKIEGO 170"", ""city"": ""KATOWICE"", ""region"": ""ŚLĄSKIE"", ""country"": ""PL""}",50.2649,19.0238,LEASE,1114 PLN,per month,Plug-in Hybrid,Automatic,FWD
VR3F3DGM3SY597908,Nowe 308 Gt · od 1190 PLN/mies.,Peugeot Nowe 308 Gt · Rata od 1190 PLN netto/mies. · Leasing B2B · Konin · Sprawdź ofertę!,https://sklep.peugeot.pl/produkt/nowe-308/vr3f3dgm3sy597908/,https://raw.githubusercontent.com/Andy11001/-alfa-inventory/master/data/images/VR3F3DGM3SY597908_clean.webp,Peugeot,Nowe 308,2025,0,KM,Hatchback,Niebieski Lagoa,New,166272 PLN,PLN,"{""addr1"": ""KONIN"", ""city"": ""KONIN"", ""region"": ""MAZOWIECKIE"", ""country"": ""PL""}",,,LEASE,1190 PLN,per month,Plug-in Hybrid,Automatic,FWD
VR3FBYHZ8SY592837,308 Gt · od 946 PLN/mies.,Peugeot 308 Gt · Rata od 946 PLN netto/mies. · Leasing B2B · Płock · Sprawdź ofertę!,https://sklep.peugeot.pl/produkt/308/vr3fbyhz8sy592837/,https://raw.githubusercontent.com/Andy11001/-alfa-inventory/master/data/images/VR3FBYHZ8SY592837_clean.webp,Peugeot,308,2025,0,KM,Hatchback,Czerwony Elixir,New,131856 PLN,PLN,"{""addr1"": ""UL. OTOLIŃSKA 25"", ""city"": ""PŁOCK"", ""region"": ""MAZOWIECKIE"", ""country"": ""PL""}",52.5468,19.7064,LEASE,946 PLN,per month,Diesel,Automatic,FWD
VR3FPHPY4SY588536,308 Allure · od 839 PLN/mies.,Peugeot 308 Allure · Rata od 839 PLN netto/mies. · Leasing B2B · Płock · Sprawdź ofertę!,https://sklep.peugeot.pl/produkt/308/vr3fphpy4sy588536/,https://raw.githubusercontent.com/Andy11001/-alfa-inventory/master/data/images/VR3FPHPY4SY588536_clean.webp,Peugeot,308,2025,0,KM,Hatchback,Niebieski Obsession,New,116850 PLN,PLN,"{""addr1"": ""UL. OTOLIŃSKA 25"", ""city"": ""PŁOCK"", ""region"": ""MAZOWIECKIE"", ""country"": ""PL""}",52.5468,19.7064,LEASE,839 PLN,per month,Hybrid,Automatic,FWD
VR3USHPY3SJ883724,2008 Allure · od 879 PLN/mies.,Peugeot 2008 Allure · Rata od 879 PLN netto/mies. · Leasing B2B · Legnica · Sprawdź ofertę!,https://sklep.peugeot.pl/produkt/2008/vr3ushpy3sj883724/,https://raw.githubusercontent.com/Andy11001/-alfa-inventory/master/data/images/VR3USHPY3SJ883724_clean.webp,Peugeot,2008,2025,0,KM,SUV,Bialy Okenite,New,122427 PLN,PLN,"{""addr1"": ""UL. JAWORZYŃSKA 235"", ""city"": ""LEGNICA"", ""region"": ""DOLNOŚLĄSKIE"", ""country"": ""PL""}",51.2070,16.1619,LEASE,879 PLN,per month,Hybrid,Automatic,FWD
