vehicle_id,title,description,link,image_link,make,model,year,mileage.value,mileage.unit,body_style,exterior_color,state_of_vehicle,price,currency,address,latitude,longitude,offer_type,amount_price,amount_qualifier,fuel_type,transmission,drivetrain
VF3VPFC39TU479841,Expert Active · od 2068 PLN/mies.,Peugeot Expert Active · Rata od 2068 PLN netto/mies. · Leasing B2B · Piła · Sprawdź ofertę!,https://sklep.peugeot.pl/produkt/expert/vf3vpfc39tu479841/,https://raw.githubusercontent.com/Andy11001/-alfa-inventory/master/data/images/VF3VPFC39TU479841_clean.webp,Peugeot,Expert,2025,0,KM,Hatchback,Bialy Icy Lakier Bazowy,New,149930 PLN,PLN,"{""addr1"": ""UL. WARSZTATOWA 6"", ""city"": ""PIŁA"", ""region"": ""WIELKOPOLSKIE"", ""country"": ""PL""}",53.1510,16.7384,LEASE,2068 PLN,per month,Diesel,Manual,FWD
VF3VPFC35TU481554,Expert Active · od 2073 PLN/mies.,Peugeot Expert Active · Rata od 2073 PLN netto/mies. · Leasing B2B · Gdańsk · Sprawdź ofertę!,https://sklep.peugeot.pl/produkt/expert/vf3vpfc35tu481554/,https://raw.githubusercontent.com/Andy11001/-alfa-inventory/master/data/images/VF3VPFC35TU481554_clean.jpg,Peugeot,Expert,2025,0,KM,Hatchback,Bialy Icy Lakier Bazowy,New,150308 PLN,PLN,"{""addr1"": ""AL. GRUNWALDZKA 256"", ""city"": ""GDAŃSK"", ""region"": ""POMORSKIE"", ""country"": ""PL""}",54.4022,18.5714,LEASE,2073 PLN,per month,Diesel,Automatic,FWD
VF3YCF6F4VG000287,Boxer Base · od 2020 PLN/mies.,Peugeot Boxer Base · Rata od 2020 PLN netto/mies. · Leasing B2B · Gliwice · Sprawdź ofertę!,https://sklep.peugeot.pl/produkt/boxer/vf3ycf6f4vg000287/,https://raw.githubusercontent.com/Andy11001/-alfa-inventory/master/data/images/VF3YCF6F4VG000287_clean.webp,Peugeot,Boxer,2025,0,KM,Hatchback,Bialy Icy,New,146467 PLN,PLN,"{""addr1"": ""UL. TOSZECKA 101"", ""city"": ""GLIWICE"", ""region"": ""ŚLĄSKIE"", ""country"": ""PL""}",50.2945,18.6714,LEASE,2020 PLN,per month,Diesel,Manual,FWD
VF3YDG6H8TMD58417,Boxer Podwozie Base · od 2143 PLN/mies.,Peugeot Boxer Podwozie Base · Rata od 2143 PLN netto/mies. · Leasing B2B · Poznań · Sprawdź ofertę!,https://sklep.peugeot.pl/produkt/boxer-podwozie-do-zabudowy-2/vf3ydg6h8tmd58417/,https://raw.githubusercontent.com/Andy11001/-alfa-inventory/master/data/images/VF3YDG6H8TMD58417_clean.jpg,Peugeot,Boxer Podwozie,2025,0,KM,Hatchback,B0Me0B B0Nhsb,New,155414 PLN,PLN,"{""addr1"": ""UL. BOLESŁAWA KRZYWOUSTEGO 71"", ""city"": ""POZNAŃ"", ""region"": ""WIELKOPOLSKIE"", ""country"": ""PL""}",52.3787,17.0270,LEASE,2143 PLN,per month,Diesel,Manual,FWD
VF3YDG6H0TMD58248,Boxer Podwozie Base · od 2143 PLN/mies.,Peugeot Boxer Podwozie Base · Rata od 2143 PLN netto/mies. · Leasing B2B · Poznań · Sprawdź ofertę!,https://sklep.peugeot.pl/produkt/boxer-podwozie-do-zabudowy-2/vf3ydg6h0tmd58248/,https://raw.githubusercontent.com/Andy11001/-alfa-inventory/master/data/images/VF3YDG6H0TMD58248_clean.webp,Peugeot,Boxer Podwozie,2025,0,KM,Hatchback,B0Me0B B0Nhsb,New,155414 PLN,PLN,"{""addr1"": ""UL. BOLESŁAWA KRZYWOUSTEGO 71"", ""city"": ""POZNAŃ"", ""region"": ""WIELKOPOLSKIE"", ""country"": ""PL""}",52.3787,17.0270,LEASE,2143 PLN,per month,Diesel,Manual,FWD
VF3YAE6F7VMD62280,Boxer Base · od 1813 PLN/mies.,Peugeot Boxer Base · Rata od 1813 PLN netto/mies. · Leasing B2B · Elbląg · Sprawdź ofertę!,https://sklep.peugeot.pl/produkt/boxer/vf3yae6f7vmd62280/,https://raw.githubusercontent.com/Andy11001/-alfa-inventory/master/data/images/VF3YAE6F7VMD62280_clean.webp,Peugeot,Boxer,2025,0,KM,Hatchback,Bialy Icy,New,131367 PLN,PLN,"{""addr1"": ""UL. KAZIMIERZOWO 4"", ""city"": ""ELBLĄG"", ""region"": ""WARMIŃSKO-MAZURSKIE"", ""country"": ""PL""}",54.1522,19.4040,LEASE,1813 PLN,per month,Diesel,Manual,FWD
VF3YDG8F6VG000193,Boxer Base · od 2634 PLN/mies.,Peugeot Boxer Base · Rata od 2634 PLN netto/mies. · Leasing B2B · Sosnowiec · Sprawdź ofertę!,https://sklep.peugeot.pl/produkt/boxer/vf3ydg8f6vg000193/,https://raw.githubusercontent.com/Andy11001/-alfa-inventory/master/data/images/VF3YDG8F6VG000193_clean.webp,Peugeot,Boxer,2025,0,KM,Hatchback,Szary Lanzarote Thunder,New,191189 PLN,PLN,"{""addr1"": ""UL. WOJSKA POLSKIEGO 45"", ""city"": ""SOSNOWIEC"", ""region"": ""ŚLĄSKIE"", ""country"": ""PL""}",50.2863,19.1042,LEASE,2634 PLN,per month,Diesel,Automatic,FWD
VF3YDG8F5VG000198,Boxer Base · od 2598 PLN/mies.,Peugeot Boxer Base · Rata od 2598 PLN netto/mies. · Leasing B2B · Sosnowiec · Sprawdź ofertę!,https://sklep.peugeot.pl/produkt/boxer/vf3ydg8f5vg000198/,https://raw.githubusercontent.com/Andy11001/-alfa-inventory/master/data/images/VF3YDG8F5VG000198_clean.webp,Peugeot,Boxer,2025,0,KM,Hatchback,Szary Lanzarote Thunder,New,188588 PLN,PLN,"{""addr1"": ""UL. WOJSKA POLSKIEGO 45"", ""city"": ""SOSNOWIEC"", ""region"": ""ŚLĄSKIE"", ""country"": ""PL""}",50.2863,19.1042,LEASE,2598 PLN,per month,Diesel,Automatic,FWD
VF3VPFC35TU468609,Expert Furgon Xl · od 1855 PLN/mies.,Peugeot Expert Furgon Xl · Rata od 1855 PLN netto/mies. · Leasing B2B · Krasne · Sprawdź ofertę!,https://sklep.peugeot.pl/produkt/expert/vf3vpfc35tu468609/,https://raw.githubusercontent.com/Andy11001/-alfa-inventory/master/data/images/VF3VPFC35TU468609_clean.webp,Peugeot,Expert,2025,0,KM,Van,Bialy Icy Lakier Bazowy,New,134408 PLN,PLN,"{""addr1"": ""KRASNE"", ""city"": ""KRASNE"", ""region"": ""MAZOWIECKIE"", ""country"": ""PL""}",,,LEASE,1855 PLN,per month,Diesel,Manual,FWD
VF3YDF6F9TG058082,Boxer Base · od 2171 PLN/mies.,Peugeot Boxer Base · Rata od 2171 PLN netto/mies. · Leasing B2B · Gorzów Wielkopolski · Sprawdź ofertę!,https://sklep.peugeot.pl/produkt/boxer/vf3ydf6f9tg058082/,https://raw.githubusercontent.com/Andy11001/-alfa-inventory/master/data/images/VF3YDF6F9TG058082_clean.webp,Peugeot,Boxer,2025,0,KM,Hatchback,Bialy Icy,New,157443 PLN,PLN,"{""addr1"": ""GORZÓW WIELKOPOLSKI"", ""city"": ""GORZÓW WIELKOPOLSKI"", ""region"": ""MAZOWIECKIE"", ""country"": ""PL""}",,,LEASE,2171 PLN,per month,Diesel,Manual,FWD
VF3YDG8F3TG057089,Boxer Base · od 2298 PLN/mies.,Peugeot Boxer Base · Rata od 2298 PLN netto/mies. · Leasing B2B · Warszawa · Sprawdź ofertę!,https://sklep.peugeot.pl/produkt/boxer/vf3ydg8f3tg057089/,https://raw.githubusercontent.com/Andy11001/-alfa-inventory/master/data/images/VF3YDG8F3TG057089_clean.webp,Peugeot,Boxer,2025,0,KM,Hatchback,Bialy Icy,New,166675 PLN,PLN,"{""addr1"": ""AL. KRAKOWSKA 206"", ""city"": ""WARSZAWA"", ""region"": ""MAZOWIECKIE"", ""country"": ""PL""}",52.2084,20.9412,LEASE,2298 PLN,per month,Diesel,Automatic,FWD
VF3YDG6F8TG054756,Boxer Base · od 2191 PLN/mies.,Peugeot Boxer Base · Rata od 2191 PLN netto/mies. · Leasing B2B · Warszawa · Sprawdź ofertę!,https://sklep.peugeot.pl/produkt/boxer/vf3ydg6f8tg054756/,https://raw.githubusercontent.com/Andy11001/-alfa-inventory/master/data/images/VF3YDG6F8TG054756_clean.webp,Peugeot,Boxer,2025,0,KM,Hatchback,Bialy Icy,New,158917 PLN,PLN,"{""addr1"": ""AL. KRAKOWSKA 206"", ""city"": ""WARSZAWA"", ""region"": ""MAZOWIECKIE"", ""country"": ""PL""}",52.2084,20.9412,LEASE,2191 PLN,per month,Diesel,Manual,FWD
VF3VPFC36TU456260,Expert Furgon Xl · od 2021 PLN/mies.,Peugeot Expert Furgon Xl · Rata od 2021 PLN netto/mies. · Leasing B2B · Warszawa · Sprawdź ofertę!,https://sklep.peugeot.pl/produkt/expert/vf3vpfc36tu456260/,https://raw.githubusercontent.com/Andy11001/-alfa-inventory/master/data/images/VF3VPFC36TU456260_clean.webp,Peugeot,Expert,2025,0,KM,Van,Bialy Icy Lakier Bazowy,New,146537 PLN,PLN,"{""addr1"": ""AL. KRAKOWSKA 206"", ""city"": ""WARSZAWA"", ""region"": ""MAZOWIECKIE"", ""country"": ""PL""}",52.2084,20.9412,LEASE,2021 PLN,per month,Diesel,Automatic,FWD
VF3YCF6F4TG057067,Boxer Base · od 2043 PLN/mies.,Peugeot Boxer Base · Rata od 2043 PLN netto/mies. · Leasing B2B · Bielsko-Biała · Sprawdź ofertę!,https://sklep.peugeot.pl/produkt/boxer/vf3ycf6f4tg057067/,https://raw.githubusercontent.com/Andy11001/-alfa-inventory/master/data/images/VF3YCF6F4TG057067_clean.webp,Peugeot,Boxer,2025,0,KM,Hatchback,Bialy Icy,New,148157 PLN,PLN,"{""addr1"": ""UL. WARSZAWSKA 15"", ""city"": ""BIELSKO-BIAŁA"", ""region"": ""ŚLĄSKIE"", ""country"": ""PL""}",49.8225,19.0444,LEASE,2043 PLN,per month,Diesel,Manual,FWD
VF3YDG8F1TG056460,Boxer Base · od 2563 PLN/mies.,Peugeot Boxer Base · Rata od 2563 PLN netto/mies. · Leasing B2B · Sosnowiec · Sprawdź ofertę!,https://sklep.peugeot.pl/produkt/boxer/vf3ydg8f1tg056460/,https://raw.githubusercontent.com/Andy11001/-alfa-inventory/master/data/images/VF3YDG8F1TG056460_clean.webp,Peugeot,Boxer,2025,0,KM,Hatchback,Szary Lanzarote Thunder,New,185986 PLN,PLN,"{""addr1"": ""UL. WOJSKA POLSKIEGO 45"", ""city"": ""SOSNOWIEC"", ""region"": ""ŚLĄSKIE"", ""country"": ""PL""}",50.2863,19.1042,LEASE,2563 PLN,per month,Diesel,Automatic,FWD
VF3YDG8F5TG056462,Boxer Base · od 2563 PLN/mies.,Peugeot Boxer Base · Rata od 2563 PLN netto/mies. · Leasing B2B · Sosnowiec · Sprawdź ofertę!,https://sklep.peugeot.pl/produkt/boxer/vf3ydg8f5tg056462/,https://raw.githubusercontent.com/Andy11001/-alfa-inventory/master/data/images/VF3YDG8F5TG056462_clean.webp,Peugeot,Boxer,2025,0,KM,Hatchback,Szary Lanzarote Thunder,New,185986 PLN,PLN,"{""addr1"": ""UL. WOJSKA POLSKIEGO 45"", ""city"": ""SOSNOWIEC"", ""region"": ""ŚLĄSKIE"", ""country"": ""PL""}",50.2863,19.1042,LEASE,2563 PLN,per month,Diesel,Automatic,FWD
VF3YDG8F3TG056461,Boxer Base · od 2563 PLN/mies.,Peugeot Boxer Base · Rata od 2563 PLN netto/mies. · Leasing B2B · Sosnowiec · Sprawdź ofertę!,https://sklep.peugeot.pl/produkt/boxer/vf3ydg8f3tg056461/,https://raw.githubusercontent.com/Andy11001/-alfa-inventory/master/data/images/VF3YDG8F3TG056461_clean.webp,Peugeot,Boxer,2025,0,KM,Hatchback,Szary Lanzarote Thunder,New,185986 PLN,PLN,"{""addr1"": ""UL. WOJSKA POLSKIEGO 45"", ""city"": ""SOSNOWIEC"", ""region"": ""ŚLĄSKIE"", ""country"": ""PL""}",50.2863,19.1042,LEASE,2563 PLN,per month,Diesel,Automatic,FWD
VF3YDG8F1TG056457,Boxer Base · od 2310 PLN/mies.,Peugeot Boxer Base · Rata od 2310 PLN netto/mies. · Leasing B2B · Warszawa · Sprawdź ofertę!,https://sklep.peugeot.pl/produkt/boxer/vf3ydg8f1tg056457/,https://raw.githubusercontent.com/Andy11001/-alfa-inventory/master/data/images/VF3YDG8F1TG056457_clean.webp,Peugeot,Boxer,2025,0,KM,Hatchback,Bialy Icy,New,167611 PLN,PLN,"{""addr1"": ""AL. KRAKOWSKA 206"", ""city"": ""WARSZAWA"", ""region"": ""MAZOWIECKIE"", ""country"": ""PL""}",52.2084,20.9412,LEASE,2310 PLN,per month,Diesel,Automatic,FWD
VF3YDG8F3TG056458,Boxer Base · od 2310 PLN/mies.,Peugeot Boxer Base · Rata od 2310 PLN netto/mies. · Leasing B2B · Warszawa · Sprawdź ofertę!,https://sklep.peugeot.pl/produkt/boxer/vf3ydg8f3tg056458/,https://raw.githubusercontent.com/Andy11001/-alfa-inventory/master/data/images/VF3YDG8F3TG056458_clean.webp,Peugeot,Boxer,2025,0,KM,Hatchback,Bialy Icy,New,167611 PLN,PLN,"{""addr1"": ""AL. KRAKOWSKA 206"", ""city"": ""WARSZAWA"", ""region"": ""MAZOWIECKIE"", ""country"": ""PL""}",52.2084,20.9412,LEASE,2310 PLN,per month,Diesel,Automatic,FWD
VF3YDG6F1TG056476,Boxer Base · od 2305 PLN/mies.,Peugeot Boxer Base · Rata od 2305 PLN netto/mies. · Leasing B2B · Płock · Sprawdź ofertę!,https://sklep.peugeot.pl/produkt/boxer/vf3ydg6f1tg056476/,https://raw.githubusercontent.com/Andy11001/-alfa-inventory/master/data/images/VF3YDG6F1TG056476_clean.webp,Peugeot,Boxer,2025,0,KM,Hatchback,Szary Lanzarote Thunder,New,167210 PLN,PLN,"{""addr1"": ""UL. OTOLIŃSKA 25"", ""city"": ""PŁOCK"", ""region"": ""MAZOWIECKIE"", ""country"": ""PL""}",52.5468,19.7064,LEASE,2305 PLN,per month,Diesel,Manual,FWD
VF3YDG8F8TG056469,Boxer Base · od 2268 PLN/mies.,Peugeot Boxer Base · Rata od 2268 PLN netto/mies. · Leasing B2B · Warszawa · Sprawdź ofertę!,https://sklep.peugeot.pl/produkt/boxer/vf3ydg8f8tg056469/,https://raw.githubusercontent.com/Andy11001/-alfa-inventory/master/data/images/VF3YDG8F8TG056469_clean.webp,Peugeot,Boxer,2025,0,KM,Hatchback,Bialy Icy,New,164498 PLN,PLN,"{""addr1"": ""AL. KRAKOWSKA 206"", ""city"": ""WARSZAWA"", ""region"": ""MAZOWIECKIE"", ""country"": ""PL""}",52.2084,20.9412,LEASE,2268 PLN,per month,Diesel,Automatic,FWD
VF3YDG6F5TG056478,Boxer Base · od 2169 PLN/mies.,Peugeot Boxer Base · Rata od 2169 PLN netto/mies. · Leasing B2B · Warszawa · Sprawdź ofertę!,https://sklep.peugeot.pl/produkt/boxer/vf3ydg6f5tg056478/,https://raw.githubusercontent.com/Andy11001/-alfa-inventory/master/data/images/VF3YDG6F5TG056478_clean.webp,Peugeot,Boxer,2025,0,KM,Hatchback,Bialy Icy,New,157334 PLN,PLN,"{""addr1"": ""AL. KRAKOWSKA 206"", ""city"": ""WARSZAWA"", ""region"": ""MAZOWIECKIE"", ""country"": ""PL""}",52.2084,20.9412,LEASE,2169 PLN,per month,Diesel,Manual,FWD
VF3YDG6F3TG056477,Boxer Base · od 2169 PLN/mies.,Peugeot Boxer Base · Rata od 2169 PLN netto/mies. · Leasing B2B · Warszawa · Sprawdź ofertę!,https://sklep.peugeot.pl/produkt/boxer/vf3ydg6f3tg056477/,https://raw.githubusercontent.com/Andy11001/-alfa-inventory/master/data/images/VF3YDG6F3TG056477_clean.webp,Peugeot,Boxer,2025,0,KM,Hatchback,Bialy Icy,New,157334 PLN,PLN,"{""addr1"": ""AL. KRAKOWSKA 206"", ""city"": ""WARSZAWA"", ""region"": ""MAZOWIECKIE"", ""country"": ""PL""}",52.2084,20.9412,LEASE,2169 PLN,per month,Diesel,Manual,FWD
VF3YDG6F3TG056463,Boxer Base · od 2155 PLN/mies.,Peugeot Boxer Base · Rata od 2155 PLN netto/mies. · Leasing B2B · Warszawa · Sprawdź ofertę!,https://sklep.peugeot.pl/produkt/boxer/vf3ydg6f3tg056463/,https://raw.githubusercontent.com/Andy11001/-alfa-inventory/master/data/images/VF3YDG6F3TG056463_clean.webp,Peugeot,Boxer,2025,0,KM,Hatchback,Bialy Icy,New,156278 PLN,PLN,"{""addr1"": ""AL. KRAKOWSKA 206"", ""city"": ""WARSZAWA"", ""region"": ""MAZOWIECKIE"", ""country"": ""PL""}",52.2084,20.9412,LEASE,2155 PLN,per month,Diesel,Manual,FWD
VF3YCF6F7TG056950,Boxer Base · od 2157 PLN/mies.,Peugeot Boxer Base · Rata od 2157 PLN netto/mies. · Leasing B2B · Świdnik · Sprawdź ofertę!,https://sklep.peugeot.pl/produkt/boxer/vf3ycf6f7tg056950/,https://raw.githubusercontent.com/Andy11001/-alfa-inventory/master/data/images/VF3YCF6F7TG056950_clean.webp,Peugeot,Boxer,2025,0,KM,Hatchback,Bialy Icy,New,156440 PLN,PLN,"{""addr1"": ""ŚWIDNIK"", ""city"": ""ŚWIDNIK"", ""region"": ""MAZOWIECKIE"", ""country"": ""PL""}",,,LEASE,2157 PLN,per month,Diesel,Manual,FWD
VF3YCF6F4TG056467,Boxer Base · od 2125 PLN/mies.,Peugeot Boxer Base · Rata od 2125 PLN netto/mies. · Leasing B2B · Świdnik · Sprawdź ofertę!,https://sklep.peugeot.pl/produkt/boxer/vf3ycf6f4tg056467/,https://raw.githubusercontent.com/Andy11001/-alfa-inventory/master/data/images/VF3YCF6F4TG056467_clean.webp,Peugeot,Boxer,2025,0,KM,Hatchback,Bialy Icy,New,154119 PLN,PLN,"{""addr1"": ""ŚWIDNIK"", ""city"": ""ŚWIDNIK"", ""region"": ""MAZOWIECKIE"", ""country"": ""PL""}",,,LEASE,2125 PLN,per month,Diesel,Manual,FWD
VF3YCF6FXTG056974,Boxer Base · od 2087 PLN/mies.,Peugeot Boxer Base · Rata od 2087 PLN netto/mies. · Leasing B2B · Świdnik · Sprawdź ofertę!,https://sklep.peugeot.pl/produkt/boxer/vf3ycf6fxtg056974/,https://raw.githubusercontent.com/Andy11001/-alfa-inventory/master/data/images/VF3YCF6FXTG056974_clean.webp,Peugeot,Boxer,2025,0,KM,Hatchback,Bialy Icy,New,151333 PLN,PLN,"{""addr1"": ""ŚWIDNIK"", ""city"": ""ŚWIDNIK"", ""region"": ""MAZOWIECKIE"", ""country"": ""PL""}",,,LEASE,2087 PLN,per month,Diesel,Manual,FWD
VF3YAE6F8TG056472,Boxer Base · od 1878 PLN/mies.,Peugeot Boxer Base · Rata od 1878 PLN netto/mies. · Leasing B2B · Kalisz · Sprawdź ofertę!,https://sklep.peugeot.pl/produkt/boxer/vf3yae6f8tg056472/,https://raw.githubusercontent.com/Andy11001/-alfa-inventory/master/data/images/VF3YAE6F8TG056472_clean.webp,Peugeot,Boxer,2025,0,KM,Hatchback,Bialy Icy,New,136084 PLN,PLN,"{""addr1"": ""UL. CZĘSTOCHOWSKA 144"", ""city"": ""KALISZ"", ""region"": ""WIELKOPOLSKIE"", ""country"": ""PL""}",51.7612,18.0929,LEASE,1878 PLN,per month,Diesel,Manual,FWD
VF3YDG6F9TG054703,Boxer Base · od 2255 PLN/mies.,Peugeot Boxer Base · Rata od 2255 PLN netto/mies. · Leasing B2B · Wejherowo · Sprawdź ofertę!,https://sklep.peugeot.pl/produkt/boxer/vf3ydg6f9tg054703/,https://raw.githubusercontent.com/Andy11001/-alfa-inventory/master/data/images/VF3YDG6F9TG054703_clean.webp,Peugeot,Boxer,2025,0,KM,Hatchback,Bialy Icy,New,163560 PLN,PLN,"{""addr1"": ""WEJHEROWO"", ""city"": ""WEJHEROWO"", ""region"": ""MAZOWIECKIE"", ""country"": ""PL""}",,,LEASE,2255 PLN,per month,Diesel,Manual,FWD
VF3YDF6F9TG055697,Boxer Base · od 2252 PLN/mies.,Peugeot Boxer Base · Rata od 2252 PLN netto/mies. · Leasing B2B · Sosnowiec · Sprawdź ofertę!,https://sklep.peugeot.pl/produkt/boxer/vf3ydf6f9tg055697/,https://raw.githubusercontent.com/Andy11001/-alfa-inventory/master/data/images/VF3YDF6F9TG055697_clean.webp,Peugeot,Boxer,2025,0,KM,Hatchback,Bialy Icy,New,163377 PLN,PLN,"{""addr1"": ""UL. WOJSKA POLSKIEGO 45"", ""city"": ""SOSNOWIEC"", ""region"": ""ŚLĄSKIE"", ""country"": ""PL""}",50.2863,19.1042,LEASE,2252 PLN,per month,Diesel,Manual,FWD
VF3YDF6FXTG052971,Boxer Base · od 2171 PLN/mies.,Peugeot Boxer Base · Rata od 2171 PLN netto/mies. · Leasing B2B · Wejherowo · Sprawdź ofertę!,https://sklep.peugeot.pl/produkt/boxer/vf3ydf6fxtg052971/,https://raw.githubusercontent.com/Andy11001/-alfa-inventory/master/data/images/VF3YDF6FXTG052971_clean.webp,Peugeot,Boxer,2025,0,KM,Hatchback,Bialy Icy,New,157443 PLN,PLN,"{""addr1"": ""WEJHEROWO"", ""city"": ""WEJHEROWO"", ""region"": ""MAZOWIECKIE"", ""country"": ""PL""}",,,LEASE,2171 PLN,per month,Diesel,Manual,FWD
VF3YDF6F4TG056479,Boxer Base · od 2165 PLN/mies.,Peugeot Boxer Base · Rata od 2165 PLN netto/mies. · Leasing B2B · Bydgoszcz · Sprawdź ofertę!,https://sklep.peugeot.pl/produkt/boxer/vf3ydf6f4tg056479/,https://raw.githubusercontent.com/Andy11001/-alfa-inventory/master/data/images/VF3YDF6F4TG056479_clean.webp,Peugeot,Boxer,2025,0,KM,Hatchback,Bialy Icy,New,157016 PLN,PLN,"{""addr1"": ""UL. FORDOŃSKA 353"", ""city"": ""BYDGOSZCZ"", ""region"": ""KUJAWSKO-POMORSKIE"", ""country"": ""PL""}",53.1235,18.0084,LEASE,2165 PLN,per month,Diesel,Manual,FWD
VF3VPFC32TZ033887,Expert Furgon Xl · od 1932 PLN/mies.,Peugeot Expert Furgon Xl · Rata od 1932 PLN netto/mies. · Leasing B2B · Katowice · Sprawdź ofertę!,https://sklep.peugeot.pl/produkt/expert/vf3vpfc32tz033887/,https://raw.githubusercontent.com/Andy11001/-alfa-inventory/master/data/images/VF3VPFC32TZ033887_clean.webp,Peugeot,Expert,2025,0,KM,Van,Szary Artense Metaliczny,New,140045 PLN,PLN,"{""addr1"": ""AL. ROŹDZIEŃSKIEGO 170"", ""city"": ""KATOWICE"", ""region"": ""ŚLĄSKIE"", ""country"": ""PL""}",50.2649,19.0238,LEASE,1932 PLN,per month,Diesel,Manual,FWD
VF3YCF6F7TG056480,Boxer Base · od 2058 PLN/mies.,Peugeot Boxer Base · Rata od 2058 PLN netto/mies. · Leasing B2B · Bydgoszcz · Sprawdź ofertę!,https://sklep.peugeot.pl/produkt/boxer/vf3ycf6f7tg056480/,https://raw.githubusercontent.com/Andy11001/-alfa-inventory/master/data/images/VF3YCF6F7TG056480_clean.webp,Peugeot,Boxer,2025,0,KM,Hatchback,Bialy Icy,New,149188 PLN,PLN,"{""addr1"": ""UL. FORDOŃSKA 353"", ""city"": ""BYDGOSZCZ"", ""region"": ""KUJAWSKO-POMORSKIE"", ""country"": ""PL""}",53.1235,18.0084,LEASE,2058 PLN,per month,Diesel,Manual,FWD
VF3VPFC35TU457528,Expert Furgon M · od 1976 PLN/mies.,Peugeot Expert Furgon M · Rata od 1976 PLN netto/mies. · Leasing B2B · Wejherowo · Sprawdź ofertę!,https://sklep.peugeot.pl/produkt/expert/vf3vpfc35tu457528/,https://raw.githubusercontent.com/Andy11001/-alfa-inventory/master/data/images/VF3VPFC35TU457528_clean.webp,Peugeot,Expert,2025,0,KM,Hatchback,Szary Artense Metaliczny,New,143215 PLN,PLN,"{""addr1"": ""WEJHEROWO"", ""city"": ""WEJHEROWO"", ""region"": ""MAZOWIECKIE"", ""country"": ""PL""}",,,LEASE,1976 PLN,per month,Diesel,Manual,FWD
VF3YBF6F3TG047973,Boxer Base · od 2001 PLN/mies.,Peugeot Boxer Base · Rata od 2001 PLN netto/mies. · Leasing B2B · Poznań · Sprawdź ofertę!,https://sklep.peugeot.pl/produkt/boxer/vf3ybf6f3tg047973/,https://raw.githubusercontent.com/Andy11001/-alfa-inventory/master/data/images/VF3YBF6F3TG047973_clean.webp,Peugeot,Boxer,2025,0,KM,Hatchback,Bialy Icy,New,145092 PLN,PLN,"{""addr1"": ""UL. BOLESŁAWA KRZYWOUSTEGO 71"", ""city"": ""POZNAŃ"", ""region"": ""WIELKOPOLSKIE"", ""country"": ""PL""}",52.3787,17.0270,LEASE,2001 PLN,per month,Diesel,Manual,FWD
VF3YBE6F5TG056474,Boxer Base · od 1918 PLN/mies.,Peugeot Boxer Base · Rata od 1918 PLN netto/mies. · Leasing B2B · Bydgoszcz · Sprawdź ofertę!,https://sklep.peugeot.pl/produkt/boxer/vf3ybe6f5tg056474/,https://raw.githubusercontent.com/Andy11001/-alfa-inventory/master/data/images/VF3YBE6F5TG056474_clean.webp,Peugeot,Boxer,2025,0,KM,Hatchback,Bialy Icy,New,139019 PLN,PLN,"{""addr1"": ""UL. FORDOŃSKA 353"", ""city"": ""BYDGOSZCZ"", ""region"": ""KUJAWSKO-POMORSKIE"", ""country"": ""PL""}",53.1235,18.0084,LEASE,1918 PLN,per month,Diesel,Manual,FWD
VF3VPFC33TU472223,Expert Furgon Brygadowy Skladany Xl · od 1989 PLN/mies.,Peugeot Expert Furgon Brygadowy Skladany Xl · Rata od 1989 PLN netto/mies. · Leasing B2B · Warszawa · Sprawdź ofertę!,https://sklep.peugeot.pl/produkt/expert/vf3vpfc33tu472223/,https://raw.githubusercontent.com/Andy11001/-alfa-inventory/master/data/images/VF3VPFC33TU472223_clean.webp,Peugeot,Expert,2025,0,KM,Van,B0Mm0B B0Ngris Titaneb,New,144218 PLN,PLN,"{""addr1"": ""AL. KRAKOWSKA 206"", ""city"": ""WARSZAWA"", ""region"": ""MAZOWIECKIE"", ""country"": ""PL""}",52.2084,20.9412,LEASE,1989 PLN,per month,Diesel,Manual,FWD
VF3VPFC35TU472224,Expert Furgon Brygadowy Skladany Xl · od 1958 PLN/mies.,Peugeot Expert Furgon Brygadowy Skladany Xl · Rata od 1958 PLN netto/mies. · Leasing B2B · Warszawa · Sprawdź ofertę!,https://sklep.peugeot.pl/produkt/expert/vf3vpfc35tu472224/,https://raw.githubusercontent.com/Andy11001/-alfa-inventory/master/data/images/VF3VPFC35TU472224_clean.webp,Peugeot,Expert,2025,0,KM,Van,Bialy Icy Lakier Bazowy,New,141910 PLN,PLN,"{""addr1"": ""AL. KRAKOWSKA 206"", ""city"": ""WARSZAWA"", ""region"": ""MAZOWIECKIE"", ""country"": ""PL""}",52.2084,20.9412,LEASE,1958 PLN,per month,Diesel,Manual,FWD
VF3VPFC36TU472927,Expert Furgon Brygadowy Skladany Xl · od 1933 PLN/mies.,Peugeot Expert Furgon Brygadowy Skladany Xl · Rata od 1933 PLN netto/mies. · Leasing B2B · Bielsko-Biała · Sprawdź ofertę!,https://sklep.peugeot.pl/produkt/expert/vf3vpfc36tu472927/,https://raw.githubusercontent.com/Andy11001/-alfa-inventory/master/data/images/VF3VPFC36TU472927_clean.webp,Peugeot,Expert,2025,0,KM,Van,Bialy Icy Lakier Bazowy,New,140097 PLN,PLN,"{""addr1"": ""UL. WARSZAWSKA 15"", ""city"": ""BIELSKO-BIAŁA"", ""region"": ""ŚLĄSKIE"", ""country"": ""PL""}",49.8225,19.0444,LEASE,1933 PLN,per month,Diesel,Manual,FWD
VF3VPFC39TU472999,Expert Furgon Brygadowy Skladany Xl · od 1923 PLN/mies.,Peugeot Expert Furgon Brygadowy Skladany Xl · Rata od 1923 PLN netto/mies. · Leasing B2B · Piła · Sprawdź ofertę!,https://sklep.peugeot.pl/produkt/expert/vf3vpfc39tu472999/,https://raw.githubusercontent.com/Andy11001/-alfa-inventory/master/data/images/VF3VPFC39TU472999_clean.webp,Peugeot,Expert,2025,0,KM,Van,Bialy Icy Lakier Bazowy,New,139355 PLN,PLN,"{""addr1"": ""UL. WARSZTATOWA 6"", ""city"": ""PIŁA"", ""region"": ""WIELKOPOLSKIE"", ""country"": ""PL""}",53.1510,16.7384,LEASE,1923 PLN,per month,Diesel,Manual,FWD
VF3VPFC3XTU473000,Expert Furgon Brygadowy Skladany Xl · od 1900 PLN/mies.,Peugeot Expert Furgon Brygadowy Skladany Xl · Rata od 1900 PLN netto/mies. · Leasing B2B · Piła · Sprawdź ofertę!,https://sklep.peugeot.pl/produkt/expert/vf3vpfc3xtu473000/,https://raw.githubusercontent.com/Andy11001/-alfa-inventory/master/data/images/VF3VPFC3XTU473000_clean.webp,Peugeot,Expert,2025,0,KM,Van,Bialy Icy Lakier Bazowy,New,137707 PLN,PLN,"{""addr1"": ""UL. WARSZTATOWA 6"", ""city"": ""PIŁA"", ""region"": ""WIELKOPOLSKIE"", ""country"": ""PL""}",53.1510,16.7384,LEASE,1900 PLN,per month,Diesel,Manual,FWD
VF3VPFC31TU471927,Expert Furgon Brygadowy Skladany M · od 1892 PLN/mies.,Peugeot Expert Furgon Brygadowy Skladany M · Rata od 1892 PLN netto/mies. · Leasing B2B · Częstochowa · Sprawdź ofertę!,https://sklep.peugeot.pl/produkt/expert/vf3vpfc31tu471927/,https://raw.githubusercontent.com/Andy11001/-alfa-inventory/master/data/images/VF3VPFC31TU471927_clean.webp,Peugeot,Expert,2025,0,KM,Hatchback,Bialy Icy Lakier Bazowy,New,137130 PLN,PLN,"{""addr1"": ""CZĘSTOCHOWA"", ""city"": ""CZĘSTOCHOWA"", ""region"": ""MAZOWIECKIE"", ""country"": ""PL""}",,,LEASE,1892 PLN,per month,Diesel,Manual,FWD
VF3VPFC37TU472435,Expert Furgon Brygadowy Skladany M · od 1867 PLN/mies.,Peugeot Expert Furgon Brygadowy Skladany M · Rata od 1867 PLN netto/mies. · Leasing B2B · Poznań · Sprawdź ofertę!,https://sklep.peugeot.pl/produkt/expert/vf3vpfc37tu472435/,https://raw.githubusercontent.com/Andy11001/-alfa-inventory/master/data/images/VF3VPFC37TU472435_clean.webp,Peugeot,Expert,2025,0,KM,Hatchback,Bialy Icy Lakier Bazowy,New,135317 PLN,PLN,"{""addr1"": ""UL. BOLESŁAWA KRZYWOUSTEGO 71"", ""city"": ""POZNAŃ"", ""region"": ""WIELKOPOLSKIE"", ""country"": ""PL""}",52.3787,17.0270,LEASE,1867 PLN,per month,Diesel,Manual,FWD
VF3YDG8H2SMC11909,Boxer Podwozie Base · od 2179 PLN/mies.,Peugeot Boxer Podwozie Base · Rata od 2179 PLN netto/mies. · Leasing B2B · Warszawa · Sprawdź ofertę!,https://sklep.peugeot.pl/produkt/boxer-podwozie-do-zabudowy-2/vf3ydg8h2smc11909/,https://raw.githubusercontent.com/Andy11001/-alfa-inventory/master/data/images/VF3YDG8H2SMC11909_clean.webp,Peugeot,Boxer Podwozie,2025,0,KM,Hatchback,B0Me0B B0N1Xb,New,158053 PLN,PLN,"{""addr1"": ""AL. KRAKOWSKA 206"", ""city"": ""WARSZAWA"", ""region"": ""MAZOWIECKIE"", ""country"": ""PL""}",52.2084,20.9412,LEASE,2179 PLN,per month,Diesel,Automatic,FWD
VF3YDG8HXSMC12581,Boxer Podwozie Base · od 2179 PLN/mies.,Peugeot Boxer Podwozie Base · Rata od 2179 PLN netto/mies. · Leasing B2B · Warszawa · Sprawdź ofertę!,https://sklep.peugeot.pl/produkt/boxer-podwozie-do-zabudowy-2/vf3ydg8hxsmc12581/,https://raw.githubusercontent.com/Andy11001/-alfa-inventory/master/data/images/VF3YDG8HXSMC12581_clean.webp,Peugeot,Boxer Podwozie,2025,0,KM,Hatchback,B0Me0B B0N1Xb,New,158053 PLN,PLN,"{""addr1"": ""AL. KRAKOWSKA 206"", ""city"": ""WARSZAWA"", ""region"": ""MAZOWIECKIE"", ""country"": ""PL""}",52.2084,20.9412,LEASE,2179 PLN,per month,Diesel,Automatic,FWD
VF3YDG8H7SMC12571,Boxer Podwozie Base · od 2179 PLN/mies.,Peugeot Boxer Podwozie Base · Rata od 2179 PLN netto/mies. · Leasing B2B · Warszawa · Sprawdź ofertę!,https://sklep.peugeot.pl/produkt/boxer-podwozie-do-zabudowy-2/vf3ydg8h7smc12571/,https://raw.githubusercontent.com/Andy11001/-alfa-inventory/master/data/images/VF3YDG8H7SMC12571_clean.webp,Peugeot,Boxer Podwozie,2025,0,KM,Hatchback,B0Me0B B0N1Xb,New,158053 PLN,PLN,"{""addr1"": ""AL. KRAKOWSKA 206"", ""city"": ""WARSZAWA"", ""region"": ""MAZOWIECKIE"", ""country"": ""PL""}",52.2084,20.9412,LEASE,2179 PLN,per month,Diesel,Automatic,FWD
VF3YDG8H6SMC12805,Boxer Podwozie Base · od 2179 PLN/mies.,Peugeot Boxer Podwozie Base · Rata od 2179 PLN netto/mies. · Leasing B2B · Warszawa · Sprawdź ofertę!,https://sklep.peugeot.pl/produkt/boxer-podwozie-do-zabudowy-2/vf3ydg8h6smc12805/,https://raw.githubusercontent.com/Andy11001/-alfa-inventory/master/data/images/VF3YDG8H6SMC12805_clean.webp,Peugeot,Boxer Podwozie,2025,0,KM,Hatchback,B0Me0B B0N1Xb,New,158053 PLN,PLN,"{""addr1"": ""AL. KRAKOWSKA 206"", ""city"": ""WARSZAWA"", ""region"": ""MAZOWIECKIE"", ""country"": ""PL""}",52.2084,20.9412,LEASE,2179 PLN,per month,Diesel,Automatic,FWD
VF3YDG8H8SMC12661,Boxer Podwozie Base · od 2179 PLN/mies.,Peugeot Boxer Podwozie Base · Rata od 2179 PLN netto/mies. · Leasing B2B · Warszawa · Sprawdź ofertę!,https://sklep.peugeot.pl/produkt/boxer-podwozie-do-zabudowy-2/vf3ydg8h8smc12661/,https://raw.githubusercontent.com/Andy11001/-alfa-inventory/master/data/images/VF3YDG8H8SMC12661_clean.webp,Peugeot,Boxer Podwozie,2025,0,KM,Hatchback,B0Me0B B0N1Xb,New,158053 PLN,PLN,"{""addr1"": ""AL. KRAKOWSKA 206"", ""city"": ""WARSZAWA"", ""region"": ""MAZOWIECKIE"", ""country"": ""PL""}",52.2084,20.9412,LEASE,2179 PLN,per month,Diesel,Automatic,FWD
VF3YDG8H9SMC12412,Boxer Podwozie Base · od 2179 PLN/mies.,Peugeot Boxer Podwozie Base · Rata od 2179 PLN netto/mies. · Leasing B2B · Warszawa · Sprawdź ofertę!,https://sklep.peugeot.pl/produkt/boxer-podwozie-do-zabudowy-2/vf3ydg8h9smc12412/,https://raw.githubusercontent.com/Andy11001/-alfa-inventory/master/data/images/VF3YDG8H9SMC12412_clean.webp,Peugeot,Boxer Podwozie,2025,0,KM,Hatchback,B0Me0B B0N1Xb,New,158053 PLN,PLN,"{""addr1"": ""AL. KRAKOWSKA 206"", ""city"": ""WARSZAWA"", ""region"": ""MAZOWIECKIE"", ""country"": ""PL""}",52.2084,20.9412,LEASE,2179 PLN,per month,Diesel,Automatic,FWD
VF3YDG8H2SMC12414,Boxer Podwozie Base · od 2179 PLN/mies.,Peugeot Boxer Podwozie Base · Rata od 2179 PLN netto/mies. · Leasing B2B · Warszawa · Sprawdź ofertę!,https://sklep.peugeot.pl/produkt/boxer-podwozie-do-zabudowy-2/vf3ydg8h2smc12414/,https://raw.githubusercontent.com/Andy11001/-alfa-inventory/master/data/images/VF3YDG8H2SMC12414_clean.webp,Peugeot,Boxer Podwozie,2025,0,KM,Hatchback,B0Me0B B0N1Xb,New,158053 PLN,PLN,"{""addr1"": ""AL. KRAKOWSKA 206"", ""city"": ""WARSZAWA"", ""region"": ""MAZOWIECKIE"", ""country"": ""PL""}",52.2084,20.9412,LEASE,2179 PLN,per month,Diesel,Automatic,FWD
VF3YDG8H4SMC10874,Boxer Podwozie Base · od 2179 PLN/mies.,Peugeot Boxer Podwozie Base · Rata od 2179 PLN netto/mies. · Leasing B2B · Warszawa · Sprawdź ofertę!,https://sklep.peugeot.pl/produkt/boxer-podwozie-do-zabudowy-2/vf3ydg8h4smc10874/,https://raw.githubusercontent.com/Andy11001/-alfa-inventory/master/data/images/VF3YDG8H4SMC10874_clean.webp,Peugeot,Boxer Podwozie,2025,0,KM,Hatchback,B0Me0B B0N1Xb,New,158053 PLN,PLN,"{""addr1"": ""AL. KRAKOWSKA 206"", ""city"": ""WARSZAWA"", ""region"": ""MAZOWIECKIE"", ""country"": ""PL""}",52.2084,20.9412,LEASE,2179 PLN,per month,Diesel,Automatic,FWD
VF3VPFC3XTU474180,Expert Furgon Xl · od 1891 PLN/mies.,Peugeot Expert Furgon Xl · Rata od 1891 PLN netto/mies. · Leasing B2B · Grębów · Sprawdź ofertę!,https://sklep.peugeot.pl/produkt/expert/vf3vpfc3xtu474180/,https://raw.githubusercontent.com/Andy11001/-alfa-inventory/master/data/images/VF3VPFC3XTU474180_clean.webp,Peugeot,Expert,2025,0,KM,Van,Bialy Icy Lakier Bazowy,New,137048 PLN,PLN,"{""addr1"": ""GRĘBÓW"", ""city"": ""GRĘBÓW"", ""region"": ""MAZOWIECKIE"", ""country"": ""PL""}",,,LEASE,1891 PLN,per month,Diesel,Automatic,FWD
VF3VPFC31TU474231,Expert Furgon M · od 1857 PLN/mies.,Peugeot Expert Furgon M · Rata od 1857 PLN netto/mies. · Leasing B2B · Warszawa · Sprawdź ofertę!,https://sklep.peugeot.pl/produkt/expert/vf3vpfc31tu474231/,https://raw.githubusercontent.com/Andy11001/-alfa-inventory/master/data/images/VF3VPFC31TU474231_clean.webp,Peugeot,Expert,2025,0,KM,Hatchback,Szary Artense Metaliczny,New,134576 PLN,PLN,"{""addr1"": ""AL. KRAKOWSKA 206"", ""city"": ""WARSZAWA"", ""region"": ""MAZOWIECKIE"", ""country"": ""PL""}",52.2084,20.9412,LEASE,1857 PLN,per month,Diesel,Automatic,FWD
VF3VPFC3XTU473658,Expert Furgon Xl · od 1886 PLN/mies.,Peugeot Expert Furgon Xl · Rata od 1886 PLN netto/mies. · Leasing B2B · Ełk · Sprawdź ofertę!,https://sklep.peugeot.pl/produkt/expert/vf3vpfc3xtu473658/,https://raw.githubusercontent.com/Andy11001/-alfa-inventory/master/data/images/VF3VPFC3XTU473658_clean.webp,Peugeot,Expert,2025,0,KM,Van,Bialy Icy Lakier Bazowy,New,136718 PLN,PLN,"{""addr1"": ""UL. SUWALSKA 2"", ""city"": ""EŁK"", ""region"": ""WARMIŃSKO-MAZURSKIE"", ""country"": ""PL""}",53.8281,22.3647,LEASE,1886 PLN,per month,Diesel,Automatic,FWD
VF3VPFC33TU473257,Expert Furgon M · od 1857 PLN/mies.,Peugeot Expert Furgon M · Rata od 1857 PLN netto/mies. · Leasing B2B · Warszawa · Sprawdź ofertę!,https://sklep.peugeot.pl/produkt/expert/vf3vpfc33tu473257/,https://raw.githubusercontent.com/Andy11001/-alfa-inventory/master/data/images/VF3VPFC33TU473257_clean.webp,Peugeot,Expert,2025,0,KM,Hatchback,Szary Artense Metaliczny,New,134576 PLN,PLN,"{""addr1"": ""AL. KRAKOWSKA 206"", ""city"": ""WARSZAWA"", ""region"": ""MAZOWIECKIE"", ""country"": ""PL""}",52.2084,20.9412,LEASE,1857 PLN,per month,Diesel,Automatic,FWD
VF3VPFC38TU473013,Expert Furgon M · od 1820 PLN/mies.,Peugeot Expert Furgon M · Rata od 1820 PLN netto/mies. · Leasing B2B · Krasne · Sprawdź ofertę!,https://sklep.peugeot.pl/produkt/expert/vf3vpfc38tu473013/,https://raw.githubusercontent.com/Andy11001/-alfa-inventory/master/data/images/VF3VPFC38TU473013_clean.webp,Peugeot,Expert,2025,0,KM,Hatchback,Szary Artense Metaliczny,New,131856 PLN,PLN,"{""addr1"": ""KRASNE"", ""city"": ""KRASNE"", ""region"": ""MAZOWIECKIE"", ""country"": ""PL""}",,,LEASE,1820 PLN,per month,Diesel,Automatic,FWD
VF3VPFC34TU472828,Expert Furgon Brygadowy Xl · od 2005 PLN/mies.,Peugeot Expert Furgon Brygadowy Xl · Rata od 2005 PLN netto/mies. · Leasing B2B · Białystok · Sprawdź ofertę!,https://sklep.peugeot.pl/produkt/expert/vf3vpfc34tu472828/,https://raw.githubusercontent.com/Andy11001/-alfa-inventory/master/data/images/VF3VPFC34TU472828_clean.webp,Peugeot,Expert,2025,0,KM,Van,Bialy Icy Lakier Bazowy,New,145371 PLN,PLN,"{""addr1"": ""UL. ELEWATORSKA 60"", ""city"": ""BIAŁYSTOK"", ""region"": ""PODLASKIE"", ""country"": ""PL""}",53.1325,23.1688,LEASE,2005 PLN,per month,Diesel,Automatic,FWD
VF3VPFC3XTU471599,Expert Furgon Xl · od 1807 PLN/mies.,Peugeot Expert Furgon Xl · Rata od 1807 PLN netto/mies. · Leasing B2B · Kraków · Sprawdź ofertę!,https://sklep.peugeot.pl/produkt/expert/vf3vpfc3xtu471599/,https://raw.githubusercontent.com/Andy11001/-alfa-inventory/master/data/images/VF3VPFC3XTU471599_clean.webp,Peugeot,Expert,2025,0,KM,Van,Bialy Icy Lakier Bazowy,New,130949 PLN,PLN,"{""addr1"": ""UL. OPOLSKA 9"", ""city"": ""KRAKÓW"", ""region"": ""MAŁOPOLSKIE"", ""country"": ""PL""}",50.0931,19.9238,LEASE,1807 PLN,per month,Diesel,Manual,FWD
VF3VPFC33TU471590,Expert Furgon Xl · od 1970 PLN/mies.,Peugeot Expert Furgon Xl · Rata od 1970 PLN netto/mies. · Leasing B2B · Zielona Góra · Sprawdź ofertę!,https://sklep.peugeot.pl/produkt/expert/vf3vpfc33tu471590/,https://raw.githubusercontent.com/Andy11001/-alfa-inventory/master/data/images/VF3VPFC33TU471590_clean.webp,Peugeot,Expert,2025,0,KM,Van,B0Mm0B B0Ngris Titaneb,New,142817 PLN,PLN,"{""addr1"": ""ZIELONA GÓRA"", ""city"": ""ZIELONA GÓRA"", ""region"": ""MAZOWIECKIE"", ""country"": ""PL""}",,,LEASE,1970 PLN,per month,Diesel,Automatic,FWD
VF3VPFC38TU470404,Expert Furgon Xl · od 1925 PLN/mies.,Peugeot Expert Furgon Xl · Rata od 1925 PLN netto/mies. · Leasing B2B · Słupsk · Sprawdź ofertę!,https://sklep.peugeot.pl/produkt/expert/vf3vpfc38tu470404/,https://raw.githubusercontent.com/Andy11001/-alfa-inventory/master/data/images/VF3VPFC38TU470404_clean.webp,Peugeot,Expert,2025,0,KM,Van,Bialy Icy Lakier Bazowy,New,139520 PLN,PLN,"{""addr1"": ""SŁUPSK"", ""city"": ""SŁUPSK"", ""region"": ""MAZOWIECKIE"", ""country"": ""PL""}",,,LEASE,1925 PLN,per month,Diesel,Automatic,FWD
VF3VPFC30TU472180,Expert Furgon Xl · od 1794 PLN/mies.,Peugeot Expert Furgon Xl · Rata od 1794 PLN netto/mies. · Leasing B2B · Sosnowiec · Sprawdź ofertę!,https://sklep.peugeot.pl/produkt/expert/vf3vpfc30tu472180/,https://raw.githubusercontent.com/Andy11001/-alfa-inventory/master/data/images/VF3VPFC30TU472180_clean.webp,Peugeot,Expert,2025,0,KM,Van,Bialy Icy Lakier Bazowy,New,129961 PLN,PLN,"{""addr1"": ""UL. WOJSKA POLSKIEGO 45"", ""city"": ""SOSNOWIEC"", ""region"": ""ŚLĄSKIE"", ""country"": ""PL""}",50.2863,19.1042,LEASE,1794 PLN,per month,Diesel,Manual,FWD
VF3VPFC34TU471811,Expert Furgon Xl · od 1873 PLN/mies.,Peugeot Expert Furgon Xl · Rata od 1873 PLN netto/mies. · Leasing B2B · Bielsko-Biała · Sprawdź ofertę!,https://sklep.peugeot.pl/produkt/expert/vf3vpfc34tu471811/,https://raw.githubusercontent.com/Andy11001/-alfa-inventory/master/data/images/VF3VPFC34TU471811_clean.webp,Peugeot,Expert,2025,0,KM,Van,B0Mm0B B0Ngris Titaneb,New,135742 PLN,PLN,"{""addr1"": ""UL. WARSZAWSKA 15"", ""city"": ""BIELSKO-BIAŁA"", ""region"": ""ŚLĄSKIE"", ""country"": ""PL""}",49.8225,19.0444,LEASE,1873 PLN,per month,Diesel,Manual,FWD
VF3YDF6F0TG054955,Boxer Base · od 1999 PLN/mies.,Peugeot Boxer Base · Rata od 1999 PLN netto/mies. · Leasing B2B · Gorzów Wielkopolski · Sprawdź ofertę!,https://sklep.peugeot.pl/produkt/boxer/vf3ydf6f0tg054955/,https://raw.githubusercontent.com/Andy11001/-alfa-inventory/master/data/images/VF3YDF6F0TG054955_clean.webp,Peugeot,Boxer,2025,0,KM,Hatchback,Bialy Icy,New,144931 PLN,PLN,"{""addr1"": ""GORZÓW WIELKOPOLSKI"", ""city"": ""GORZÓW WIELKOPOLSKI"", ""region"": ""MAZOWIECKIE"", ""country"": ""PL""}",,,LEASE,1999 PLN,per month,Diesel,Manual,FWD
VF3YDF6F7TG054953,Boxer Base · od 1928 PLN/mies.,Peugeot Boxer Base · Rata od 1928 PLN netto/mies. · Leasing B2B · Katowice · Sprawdź ofertę!,https://sklep.peugeot.pl/produkt/boxer/vf3ydf6f7tg054953/,https://raw.githubusercontent.com/Andy11001/-alfa-inventory/master/data/images/VF3YDF6F7TG054953_clean.webp,Peugeot,Boxer,2025,0,KM,Hatchback,Bialy Icy,New,139751 PLN,PLN,"{""addr1"": ""AL. ROŹDZIEŃSKIEGO 170"", ""city"": ""KATOWICE"", ""region"": ""ŚLĄSKIE"", ""country"": ""PL""}",50.2649,19.0238,LEASE,1928 PLN,per month,Diesel,Manual,FWD
VF3YDG6F6TG054755,Boxer Base · od 1998 PLN/mies.,Peugeot Boxer Base · Rata od 1998 PLN netto/mies. · Leasing B2B · Warszawa · Sprawdź ofertę!,https://sklep.peugeot.pl/produkt/boxer/vf3ydg6f6tg054755/,https://raw.githubusercontent.com/Andy11001/-alfa-inventory/master/data/images/VF3YDG6F6TG054755_clean.webp,Peugeot,Boxer,2025,0,KM,Hatchback,Bialy Icy,New,144820 PLN,PLN,"{""addr1"": ""AL. KRAKOWSKA 206"", ""city"": ""WARSZAWA"", ""region"": ""MAZOWIECKIE"", ""country"": ""PL""}",52.2084,20.9412,LEASE,1998 PLN,per month,Diesel,Manual,FWD
VF3YDF6F9TG054761,Boxer Base · od 1999 PLN/mies.,Peugeot Boxer Base · Rata od 1999 PLN netto/mies. · Leasing B2B · Gorzów Wielkopolski · Sprawdź ofertę!,https://sklep.peugeot.pl/produkt/boxer/vf3ydf6f9tg054761/,https://raw.githubusercontent.com/Andy11001/-alfa-inventory/master/data/images/VF3YDF6F9TG054761_clean.webp,Peugeot,Boxer,2025,0,KM,Hatchback,Bialy Icy,New,144931 PLN,PLN,"{""addr1"": ""GORZÓW WIELKOPOLSKI"", ""city"": ""GORZÓW WIELKOPOLSKI"", ""region"": ""MAZOWIECKIE"", ""country"": ""PL""}",,,LEASE,1999 PLN,per month,Diesel,Manual,FWD
VF3VPFC31TU470793,Expert Furgon Xl · od 1920 PLN/mies.,Peugeot Expert Furgon Xl · Rata od 1920 PLN netto/mies. · Leasing B2B · Kraków · Sprawdź ofertę!,https://sklep.peugeot.pl/produkt/expert/vf3vpfc31tu470793/,https://raw.githubusercontent.com/Andy11001/-alfa-inventory/master/data/images/VF3VPFC31TU470793_clean.webp,Peugeot,Expert,2025,0,KM,Van,Szary Artense Metaliczny,New,139190 PLN,PLN,"{""addr1"": ""UL. OPOLSKA 9"", ""city"": ""KRAKÓW"", ""region"": ""MAŁOPOLSKIE"", ""country"": ""PL""}",50.0931,19.9238,LEASE,1920 PLN,per month,Diesel,Automatic,FWD
VF3VPFC38TZ038527,Expert Furgon Xl · od 1763 PLN/mies.,Peugeot Expert Furgon Xl · Rata od 1763 PLN netto/mies. · Leasing B2B · Opole · Sprawdź ofertę!,https://sklep.peugeot.pl/produkt/expert/vf3vpfc38tz038527/,https://raw.githubusercontent.com/Andy11001/-alfa-inventory/master/data/images/VF3VPFC38TZ038527_clean.webp,Peugeot,Expert,2025,0,KM,Van,Bialy Icy Lakier Bazowy,New,127736 PLN,PLN,"{""addr1"": ""UL. WROCŁAWSKA 137"", ""city"": ""OPOLE"", ""region"": ""OPOLSKIE"", ""country"": ""PL""}",50.6751,17.9213,LEASE,1763 PLN,per month,Diesel,Manual,FWD
VF3YDF6A9TMD45673,Boxer Podwozie Base · od 1795 PLN/mies.,Peugeot Boxer Podwozie Base · Rata od 1795 PLN netto/mies. · Leasing B2B · Katowice · Sprawdź ofertę!,https://sklep.peugeot.pl/produkt/boxer-podwozie-do-zabudowy-2/vf3ydf6a9tmd45673/,https://raw.githubusercontent.com/Andy11001/-alfa-inventory/master/data/images/VF3YDF6A9TMD45673_clean.webp,Peugeot,Boxer Podwozie,2025,0,KM,Hatchback,Bialy Icy,New,130065 PLN,PLN,"{""addr1"": ""AL. ROŹDZIEŃSKIEGO 170"", ""city"": ""KATOWICE"", ""region"": ""ŚLĄSKIE"", ""country"": ""PL""}",50.2649,19.0238,LEASE,1795 PLN,per month,Diesel,Manual,FWD
VF3VPFC32TU470513,Expert Furgon Xl · od 1860 PLN/mies.,Peugeot Expert Furgon Xl · Rata od 1860 PLN netto/mies. · Leasing B2B · Warszawa · Sprawdź ofertę!,https://sklep.peugeot.pl/produkt/expert/vf3vpfc32tu470513/,https://raw.githubusercontent.com/Andy11001/-alfa-inventory/master/data/images/VF3VPFC32TU470513_clean.webp,Peugeot,Expert,2025,0,KM,Van,Bialy Icy Lakier Bazowy,New,134823 PLN,PLN,"{""addr1"": ""AL. KRAKOWSKA 206"", ""city"": ""WARSZAWA"", ""region"": ""MAZOWIECKIE"", ""country"": ""PL""}",52.2084,20.9412,LEASE,1860 PLN,per month,Diesel,Automatic,FWD
VF3VPFC15TU468303,Expert Furgon Xl · od 2049 PLN/mies.,Peugeot Expert Furgon Xl · Rata od 2049 PLN netto/mies. · Leasing B2B · Słupsk · Sprawdź ofertę!,https://sklep.peugeot.pl/produkt/expert/vf3vpfc15tu468303/,https://raw.githubusercontent.com/Andy11001/-alfa-inventory/master/data/images/VF3VPFC15TU468303_clean.webp,Peugeot,Expert,2025,0,KM,Van,Szary Artense Metaliczny,New,148585 PLN,PLN,"{""addr1"": ""SŁUPSK"", ""city"": ""SŁUPSK"", ""region"": ""MAZOWIECKIE"", ""country"": ""PL""}",,,LEASE,2049 PLN,per month,Diesel,Automatic,FWD
VF3YDF6F8TG054024,Boxer Base · od 1957 PLN/mies.,Peugeot Boxer Base · Rata od 1957 PLN netto/mies. · Leasing B2B · Płock · Sprawdź ofertę!,https://sklep.peugeot.pl/produkt/boxer/vf3ydf6f8tg054024/,https://raw.githubusercontent.com/Andy11001/-alfa-inventory/master/data/images/VF3YDF6F8TG054024_clean.webp,Peugeot,Boxer,2025,0,KM,Hatchback,Bialy Icy,New,141845 PLN,PLN,"{""addr1"": ""UL. OTOLIŃSKA 25"", ""city"": ""PŁOCK"", ""region"": ""MAZOWIECKIE"", ""country"": ""PL""}",52.5468,19.7064,LEASE,1957 PLN,per month,Diesel,Manual,FWD
VF3VPFC35TU469839,Expert Furgon Xl · od 1860 PLN/mies.,Peugeot Expert Furgon Xl · Rata od 1860 PLN netto/mies. · Leasing B2B · Warszawa · Sprawdź ofertę!,https://sklep.peugeot.pl/produkt/expert/vf3vpfc35tu469839/,https://raw.githubusercontent.com/Andy11001/-alfa-inventory/master/data/images/VF3VPFC35TU469839_clean.webp,Peugeot,Expert,2025,0,KM,Van,Bialy Icy Lakier Bazowy,New,134823 PLN,PLN,"{""addr1"": ""AL. KRAKOWSKA 206"", ""city"": ""WARSZAWA"", ""region"": ""MAZOWIECKIE"", ""country"": ""PL""}",52.2084,20.9412,LEASE,1860 PLN,per month,Diesel,Automatic,FWD
VF3YDG8F0TG053775,Boxer Base · od 2383 PLN/mies.,Peugeot Boxer Base · Rata od 2383 PLN netto/mies. · Leasing B2B · Płock · Sprawdź ofertę!,https://sklep.peugeot.pl/produkt/boxer/vf3ydg8f0tg053775/,https://raw.githubusercontent.com/Andy11001/-alfa-inventory/master/data/images/VF3YDG8F0TG053775_clean.webp,Peugeot,Boxer,2025,0,KM,Hatchback,Bialy Icy,New,172876 PLN,PLN,"{""addr1"": ""UL. OTOLIŃSKA 25"", ""city"": ""PŁOCK"", ""region"": ""MAZOWIECKIE"", ""country"": ""PL""}",52.5468,19.7064,LEASE,2383 PLN,per month,Diesel,Automatic,FWD
VF3VPFC31TU468865,Expert Furgon Xl · od 2080 PLN/mies.,Peugeot Expert Furgon Xl · Rata od 2080 PLN netto/mies. · Leasing B2B · Sosnowiec · Sprawdź ofertę!,https://sklep.peugeot.pl/produkt/expert/vf3vpfc31tu468865/,https://raw.githubusercontent.com/Andy11001/-alfa-inventory/master/data/images/VF3VPFC31TU468865_clean.webp,Peugeot,Expert,2025,0,KM,Van,Bialy Icy Lakier Bazowy,New,150810 PLN,PLN,"{""addr1"": ""UL. WOJSKA POLSKIEGO 45"", ""city"": ""SOSNOWIEC"", ""region"": ""ŚLĄSKIE"", ""country"": ""PL""}",50.2863,19.1042,LEASE,2080 PLN,per month,Diesel,Automatic,FWD
VF3VPFC30TU469392,Expert Furgon Brygadowy Skladany Xl · od 1985 PLN/mies.,Peugeot Expert Furgon Brygadowy Skladany Xl · Rata od 1985 PLN netto/mies. · Leasing B2B · Warszawa · Sprawdź ofertę!,https://sklep.peugeot.pl/produkt/expert/vf3vpfc30tu469392/,https://raw.githubusercontent.com/Andy11001/-alfa-inventory/master/data/images/VF3VPFC30TU469392_clean.jpg,Peugeot,Expert,2025,0,KM,Van,B0Mm0B B0Ngris Titaneb,New,143888 PLN,PLN,"{""addr1"": ""AL. KRAKOWSKA 206"", ""city"": ""WARSZAWA"", ""region"": ""MAZOWIECKIE"", ""country"": ""PL""}",52.2084,20.9412,LEASE,1985 PLN,per month,Diesel,Manual,FWD
VF3YDF6F9TG053402,Boxer Base · od 1978 PLN/mies.,Peugeot Boxer Base · Rata od 1978 PLN netto/mies. · Leasing B2B · Grębów · Sprawdź ofertę!,https://sklep.peugeot.pl/produkt/boxer/vf3ydf6f9tg053402/,https://raw.githubusercontent.com/Andy11001/-alfa-inventory/master/data/images/VF3YDF6F9TG053402_clean.webp,Peugeot,Boxer,2025,0,KM,Hatchback,Bialy Icy,New,143427 PLN,PLN,"{""addr1"": ""GRĘBÓW"", ""city"": ""GRĘBÓW"", ""region"": ""MAZOWIECKIE"", ""country"": ""PL""}",,,LEASE,1978 PLN,per month,Diesel,Manual,FWD
VF3YDF6F6TG053776,Boxer Base · od 1970 PLN/mies.,Peugeot Boxer Base · Rata od 1970 PLN netto/mies. · Leasing B2B · Płock · Sprawdź ofertę!,https://sklep.peugeot.pl/produkt/boxer/vf3ydf6f6tg053776/,https://raw.githubusercontent.com/Andy11001/-alfa-inventory/master/data/images/VF3YDF6F6TG053776_clean.webp,Peugeot,Boxer,2025,0,KM,Hatchback,Bialy Icy,New,142786 PLN,PLN,"{""addr1"": ""UL. OTOLIŃSKA 25"", ""city"": ""PŁOCK"", ""region"": ""MAZOWIECKIE"", ""country"": ""PL""}",52.5468,19.7064,LEASE,1970 PLN,per month,Diesel,Manual,FWD
VF3YDF6F8TG052967,Boxer Base · od 1957 PLN/mies.,Peugeot Boxer Base · Rata od 1957 PLN netto/mies. · Leasing B2B · Płock · Sprawdź ofertę!,https://sklep.peugeot.pl/produkt/boxer/vf3ydf6f8tg052967/,https://raw.githubusercontent.com/Andy11001/-alfa-inventory/master/data/images/VF3YDF6F8TG052967_clean.webp,Peugeot,Boxer,2025,0,KM,Hatchback,Bialy Icy,New,141845 PLN,PLN,"{""addr1"": ""UL. OTOLIŃSKA 25"", ""city"": ""PŁOCK"", ""region"": ""MAZOWIECKIE"", ""country"": ""PL""}",52.5468,19.7064,LEASE,1957 PLN,per month,Diesel,Manual,FWD
VF3VPFC32TU426088,Expert Furgon Xl · od 1809 PLN/mies.,Peugeot Expert Furgon Xl · Rata od 1809 PLN netto/mies. · Leasing B2B · Bydgoszcz · Sprawdź ofertę!,https://sklep.peugeot.pl/produkt/expert/vf3vpfc32tu426088/,https://raw.githubusercontent.com/Andy11001/-alfa-inventory/master/data/images/VF3VPFC32TU426088_clean.webp,Peugeot,Expert,2025,0,KM,Van,Bialy Icy Lakier Bazowy,New,131114 PLN,PLN,"{""addr1"": ""UL. FORDOŃSKA 353"", ""city"": ""BYDGOSZCZ"", ""region"": ""KUJAWSKO-POMORSKIE"", ""country"": ""PL""}",53.1235,18.0084,LEASE,1809 PLN,per month,Diesel,Manual,FWD
VF3YDF6F1TG052616,Boxer Base · od 1999 PLN/mies.,Peugeot Boxer Base · Rata od 1999 PLN netto/mies. · Leasing B2B · Gorzów Wielkopolski · Sprawdź ofertę!,https://sklep.peugeot.pl/produkt/boxer/vf3ydf6f1tg052616/,https://raw.githubusercontent.com/Andy11001/-alfa-inventory/master/data/images/VF3YDF6F1TG052616_clean.webp,Peugeot,Boxer,2025,0,KM,Hatchback,Bialy Icy,New,144931 PLN,PLN,"{""addr1"": ""GORZÓW WIELKOPOLSKI"", ""city"": ""GORZÓW WIELKOPOLSKI"", ""region"": ""MAZOWIECKIE"", ""country"": ""PL""}",,,LEASE,1999 PLN,per month,Diesel,Manual,FWD
VF3VPFC3XTU468766,Expert Furgon Xl · od 1845 PLN/mies.,Peugeot Expert Furgon Xl · Rata od 1845 PLN netto/mies. · Leasing B2B · Krasne · Sprawdź ofertę!,https://sklep.peugeot.pl/produkt/expert/vf3vpfc3xtu468766/,https://raw.githubusercontent.com/Andy11001/-alfa-inventory/master/data/images/VF3VPFC3XTU468766_clean.webp,Peugeot,Expert,2025,0,KM,Van,Bialy Icy Lakier Bazowy,New,133669 PLN,PLN,"{""addr1"": ""KRASNE"", ""city"": ""KRASNE"", ""region"": ""MAZOWIECKIE"", ""country"": ""PL""}",,,LEASE,1845 PLN,per month,Diesel,Automatic,FWD
VF3YCF6FXTG050432,Boxer Base · od 1913 PLN/mies.,Peugeot Boxer Base · Rata od 1913 PLN netto/mies. · Leasing B2B · Ełk · Sprawdź ofertę!,https://sklep.peugeot.pl/produkt/boxer/vf3ycf6fxtg050432/,https://raw.githubusercontent.com/Andy11001/-alfa-inventory/master/data/images/VF3YCF6FXTG050432_clean.webp,Peugeot,Boxer,2025,0,KM,Hatchback,Bialy Icy,New,138640 PLN,PLN,"{""addr1"": ""UL. SUWALSKA 2"", ""city"": ""EŁK"", ""region"": ""WARMIŃSKO-MAZURSKIE"", ""country"": ""PL""}",53.8281,22.3647,LEASE,1913 PLN,per month,Diesel,Manual,FWD
VF3VPFC38TU468684,Expert Furgon Xl · od 1763 PLN/mies.,Peugeot Expert Furgon Xl · Rata od 1763 PLN netto/mies. · Leasing B2B · Poznań · Sprawdź ofertę!,https://sklep.peugeot.pl/produkt/expert/vf3vpfc38tu468684/,https://raw.githubusercontent.com/Andy11001/-alfa-inventory/master/data/images/VF3VPFC38TU468684_clean.webp,Peugeot,Expert,2025,0,KM,Van,Bialy Icy Lakier Bazowy,New,127736 PLN,PLN,"{""addr1"": ""UL. BOLESŁAWA KRZYWOUSTEGO 71"", ""city"": ""POZNAŃ"", ""region"": ""WIELKOPOLSKIE"", ""country"": ""PL""}",52.3787,17.0270,LEASE,1763 PLN,per month,Diesel,Manual,FWD
VF3YDG6F8TG043854,Boxer Base · od 2140 PLN/mies.,Peugeot Boxer Base · Rata od 2140 PLN netto/mies. · Leasing B2B · Poznań · Sprawdź ofertę!,https://sklep.peugeot.pl/produkt/boxer/vf3ydg6f8tg043854/,https://raw.githubusercontent.com/Andy11001/-alfa-inventory/master/data/images/VF3YDG6F8TG043854_clean.webp,Peugeot,Boxer,2025,0,KM,Hatchback,B0Me0B B0Nhsb,New,155224 PLN,PLN,"{""addr1"": ""UL. BOLESŁAWA KRZYWOUSTEGO 71"", ""city"": ""POZNAŃ"", ""region"": ""WIELKOPOLSKIE"", ""country"": ""PL""}",52.3787,17.0270,LEASE,2140 PLN,per month,Diesel,Manual,FWD
VF3VPFC38TU467986,Expert Furgon Brygadowy M · od 1981 PLN/mies.,Peugeot Expert Furgon Brygadowy M · Rata od 1981 PLN netto/mies. · Leasing B2B · Sosnowiec · Sprawdź ofertę!,https://sklep.peugeot.pl/produkt/expert/vf3vpfc38tu467986/,https://raw.githubusercontent.com/Andy11001/-alfa-inventory/master/data/images/VF3VPFC38TU467986_clean.webp,Peugeot,Expert,2025,0,KM,Hatchback,Szary Artense Metaliczny,New,143641 PLN,PLN,"{""addr1"": ""UL. WOJSKA POLSKIEGO 45"", ""city"": ""SOSNOWIEC"", ""region"": ""ŚLĄSKIE"", ""country"": ""PL""}",50.2863,19.1042,LEASE,1981 PLN,per month,Diesel,Manual,FWD
VF3YDG6F6TG043853,Boxer Base · od 2140 PLN/mies.,Peugeot Boxer Base · Rata od 2140 PLN netto/mies. · Leasing B2B · Poznań · Sprawdź ofertę!,https://sklep.peugeot.pl/produkt/boxer/vf3ydg6f6tg043853/,https://raw.githubusercontent.com/Andy11001/-alfa-inventory/master/data/images/VF3YDG6F6TG043853_clean.webp,Peugeot,Boxer,2025,0,KM,Hatchback,B0Me0B B0Nhsb,New,155224 PLN,PLN,"{""addr1"": ""UL. BOLESŁAWA KRZYWOUSTEGO 71"", ""city"": ""POZNAŃ"", ""region"": ""WIELKOPOLSKIE"", ""country"": ""PL""}",52.3787,17.0270,LEASE,2140 PLN,per month,Diesel,Manual,FWD
VF3YDG6F1TG050175,Boxer Base · od 2082 PLN/mies.,Peugeot Boxer Base · Rata od 2082 PLN netto/mies. · Leasing B2B · Płock · Sprawdź ofertę!,https://sklep.peugeot.pl/produkt/boxer/vf3ydg6f1tg050175/,https://raw.githubusercontent.com/Andy11001/-alfa-inventory/master/data/images/VF3YDG6F1TG050175_clean.webp,Peugeot,Boxer,2025,0,KM,Hatchback,Bialy Icy,New,150992 PLN,PLN,"{""addr1"": ""UL. OTOLIŃSKA 25"", ""city"": ""PŁOCK"", ""region"": ""MAZOWIECKIE"", ""country"": ""PL""}",52.5468,19.7064,LEASE,2082 PLN,per month,Diesel,Manual,FWD
VF3YDG6F6TG041889,Boxer Base · od 2069 PLN/mies.,Peugeot Boxer Base · Rata od 2069 PLN netto/mies. · Leasing B2B · Wieliczka · Sprawdź ofertę!,https://sklep.peugeot.pl/produkt/boxer/vf3ydg6f6tg041889/,https://raw.githubusercontent.com/Andy11001/-alfa-inventory/master/data/images/VF3YDG6F6TG041889_clean.webp,Peugeot,Boxer,2025,0,KM,Hatchback,Bialy Icy,New,150052 PLN,PLN,"{""addr1"": ""WIELICZKA"", ""city"": ""WIELICZKA"", ""region"": ""MAZOWIECKIE"", ""country"": ""PL""}",,,LEASE,2069 PLN,per month,Diesel,Manual,FWD
VF3YDF6F1TG050073,Boxer Base · od 2036 PLN/mies.,Peugeot Boxer Base · Rata od 2036 PLN netto/mies. · Leasing B2B · Wieliczka · Sprawdź ofertę!,https://sklep.peugeot.pl/produkt/boxer/vf3ydf6f1tg050073/,https://raw.githubusercontent.com/Andy11001/-alfa-inventory/master/data/images/VF3YDF6F1TG050073_clean.webp,Peugeot,Boxer,2025,0,KM,Hatchback,Szary Expedition,New,147633 PLN,PLN,"{""addr1"": ""WIELICZKA"", ""city"": ""WIELICZKA"", ""region"": ""MAZOWIECKIE"", ""country"": ""PL""}",,,LEASE,2036 PLN,per month,Diesel,Manual,FWD
VF3YBF6FXTMD34943,Boxer Base · od 2004 PLN/mies.,Peugeot Boxer Base · Rata od 2004 PLN netto/mies. · Leasing B2B · Sosnowiec · Sprawdź ofertę!,https://sklep.peugeot.pl/produkt/boxer/vf3ybf6fxtmd34943/,https://raw.githubusercontent.com/Andy11001/-alfa-inventory/master/data/images/VF3YBF6FXTMD34943_clean.webp,Peugeot,Boxer,2025,0,KM,Hatchback,Szary Lanzarote Thunder,New,145273 PLN,PLN,"{""addr1"": ""UL. WOJSKA POLSKIEGO 45"", ""city"": ""SOSNOWIEC"", ""region"": ""ŚLĄSKIE"", ""country"": ""PL""}",50.2863,19.1042,LEASE,2004 PLN,per month,Diesel,Manual,FWD
VF3YDF6F5TG040114,Boxer Base · od 1998 PLN/mies.,Peugeot Boxer Base · Rata od 1998 PLN netto/mies. · Leasing B2B · Wieliczka · Sprawdź ofertę!,https://sklep.peugeot.pl/produkt/boxer/vf3ydf6f5tg040114/,https://raw.githubusercontent.com/Andy11001/-alfa-inventory/master/data/images/VF3YDF6F5TG040114_clean.webp,Peugeot,Boxer,2025,0,KM,Hatchback,Szary Expedition,New,144880 PLN,PLN,"{""addr1"": ""WIELICZKA"", ""city"": ""WIELICZKA"", ""region"": ""MAZOWIECKIE"", ""country"": ""PL""}",,,LEASE,1998 PLN,per month,Diesel,Manual,FWD
VF3YDG6H2TMD34856,Boxer Podwozie Base · od 1995 PLN/mies.,Peugeot Boxer Podwozie Base · Rata od 1995 PLN netto/mies. · Leasing B2B · Krasne · Sprawdź ofertę!,https://sklep.peugeot.pl/produkt/boxer-podwozie-do-zabudowy-2/vf3ydg6h2tmd34856/,https://raw.githubusercontent.com/Andy11001/-alfa-inventory/master/data/images/VF3YDG6H2TMD34856_clean.webp,Peugeot,Boxer Podwozie,2025,0,KM,Hatchback,Bialy Icy,New,144598 PLN,PLN,"{""addr1"": ""KRASNE"", ""city"": ""KRASNE"", ""region"": ""MAZOWIECKIE"", ""country"": ""PL""}",,,LEASE,1995 PLN,per month,Diesel,Manual,FWD
VF3YCF6F8TG044435,Boxer Base · od 1993 PLN/mies.,Peugeot Boxer Base · Rata od 1993 PLN netto/mies. · Leasing B2B · Poznań · Sprawdź ofertę!,https://sklep.peugeot.pl/produkt/boxer/vf3ycf6f8tg044435/,https://raw.githubusercontent.com/Andy11001/-alfa-inventory/master/data/images/VF3YCF6F8TG044435_clean.webp,Peugeot,Boxer,2025,0,KM,Hatchback,B0Me0B B0Nhsb,New,144453 PLN,PLN,"{""addr1"": ""UL. BOLESŁAWA KRZYWOUSTEGO 71"", ""city"": ""POZNAŃ"", ""region"": ""WIELKOPOLSKIE"", ""country"": ""PL""}",52.3787,17.0270,LEASE,1993 PLN,per month,Diesel,Manual,FWD
VF3YCF6FXTG050186,Boxer Base · od 1920 PLN/mies.,Peugeot Boxer Base · Rata od 1920 PLN netto/mies. · Leasing B2B · Opole · Sprawdź ofertę!,https://sklep.peugeot.pl/produkt/boxer/vf3ycf6fxtg050186/,https://raw.githubusercontent.com/Andy11001/-alfa-inventory/master/data/images/VF3YCF6FXTG050186_clean.webp,Peugeot,Boxer,2025,0,KM,Hatchback,Bialy Icy,New,139195 PLN,PLN,"{""addr1"": ""UL. WROCŁAWSKA 137"", ""city"": ""OPOLE"", ""region"": ""OPOLSKIE"", ""country"": ""PL""}",50.6751,17.9213,LEASE,1920 PLN,per month,Diesel,Manual,FWD
VF3YDF6H7TMD34748,Boxer Podwozie Base · od 1912 PLN/mies.,Peugeot Boxer Podwozie Base · Rata od 1912 PLN netto/mies. · Leasing B2B · Elbląg · Sprawdź ofertę!,https://sklep.peugeot.pl/produkt/boxer-podwozie-do-zabudowy-2/vf3ydf6h7tmd34748/,https://raw.githubusercontent.com/Andy11001/-alfa-inventory/master/data/images/VF3YDF6H7TMD34748_clean.webp,Peugeot,Boxer Podwozie,2025,0,KM,Hatchback,Bialy Icy,New,138614 PLN,PLN,"{""addr1"": ""UL. KAZIMIERZOWO 4"", ""city"": ""ELBLĄG"", ""region"": ""WARMIŃSKO-MAZURSKIE"", ""country"": ""PL""}",54.1522,19.4040,LEASE,1912 PLN,per month,Diesel,Manual,FWD
VF3VPFC39TU463719,Expert Furgon M · od 1782 PLN/mies.,Peugeot Expert Furgon M · Rata od 1782 PLN netto/mies. · Leasing B2B · Gdańsk · Sprawdź ofertę!,https://sklep.peugeot.pl/produkt/expert/vf3vpfc39tu463719/,https://raw.githubusercontent.com/Andy11001/-alfa-inventory/master/data/images/VF3VPFC39TU463719_clean.webp,Peugeot,Expert,2025,0,KM,Hatchback,Bialy Icy Lakier Bazowy,New,129136 PLN,PLN,"{""addr1"": ""AL. GRUNWALDZKA 256"", ""city"": ""GDAŃSK"", ""region"": ""POMORSKIE"", ""country"": ""PL""}",54.4022,18.5714,LEASE,1782 PLN,per month,Diesel,Manual,FWD
VF3VPFC39TU465812,Expert Furgon M · od 1728 PLN/mies.,Peugeot Expert Furgon M · Rata od 1728 PLN netto/mies. · Leasing B2B · Stare Bielice · Sprawdź ofertę!,https://sklep.peugeot.pl/produkt/expert/vf3vpfc39tu465812/,https://raw.githubusercontent.com/Andy11001/-alfa-inventory/master/data/images/VF3VPFC39TU465812_clean.webp,Peugeot,Expert,2025,0,KM,Hatchback,Bialy Icy Lakier Bazowy,New,125181 PLN,PLN,"{""addr1"": ""STARE BIELICE"", ""city"": ""STARE BIELICE"", ""region"": ""MAZOWIECKIE"", ""country"": ""PL""}",,,LEASE,1728 PLN,per month,Diesel,Manual,FWD
VR3EDYHZ1TJ628464,Partner Furgon Xl · od 1573 PLN/mies.,Peugeot Partner Furgon Xl · Rata od 1573 PLN netto/mies. · Leasing B2B · Krasne · Sprawdź ofertę!,https://sklep.peugeot.pl/produkt/partner/vr3edyhz1tj628464/,https://raw.githubusercontent.com/Andy11001/-alfa-inventory/master/data/images/VR3EDYHZ1TJ628464_clean.webp,Peugeot,Partner,2025,0,KM,Van,Niebieski Kiama,New,113852 PLN,PLN,"{""addr1"": ""KRASNE"", ""city"": ""KRASNE"", ""region"": ""MAZOWIECKIE"", ""country"": ""PL""}",,,LEASE,1573 PLN,per month,Diesel,Automatic,FWD
VF3YDG6F4TG043852,Boxer Base · od 2140 PLN/mies.,Peugeot Boxer Base · Rata od 2140 PLN netto/mies. · Leasing B2B · Poznań · Sprawdź ofertę!,https://sklep.peugeot.pl/produkt/boxer/vf3ydg6f4tg043852/,https://raw.githubusercontent.com/Andy11001/-alfa-inventory/master/data/images/VF3YDG6F4TG043852_clean.webp,Peugeot,Boxer,2025,0,KM,Hatchback,B0Me0B B0Nhsb,New,155224 PLN,PLN,"{""addr1"": ""UL. BOLESŁAWA KRZYWOUSTEGO 71"", ""city"": ""POZNAŃ"", ""region"": ""WIELKOPOLSKIE"", ""country"": ""PL""}",52.3787,17.0270,LEASE,2140 PLN,per month,Diesel,Manual,FWD
VF3YDG6F9TG043300,Boxer Base · od 2140 PLN/mies.,Peugeot Boxer Base · Rata od 2140 PLN netto/mies. · Leasing B2B · Poznań · Sprawdź ofertę!,https://sklep.peugeot.pl/produkt/boxer/vf3ydg6f9tg043300/,https://raw.githubusercontent.com/Andy11001/-alfa-inventory/master/data/images/VF3YDG6F9TG043300_clean.webp,Peugeot,Boxer,2025,0,KM,Hatchback,B0Me0B B0Nhsb,New,155224 PLN,PLN,"{""addr1"": ""UL. BOLESŁAWA KRZYWOUSTEGO 71"", ""city"": ""POZNAŃ"", ""region"": ""WIELKOPOLSKIE"", ""country"": ""PL""}",52.3787,17.0270,LEASE,2140 PLN,per month,Diesel,Manual,FWD
VF3YDG8F3TG050398,Boxer Base · od 2383 PLN/mies.,Peugeot Boxer Base · Rata od 2383 PLN netto/mies. · Leasing B2B · Płock · Sprawdź ofertę!,https://sklep.peugeot.pl/produkt/boxer/vf3ydg8f3tg050398/,https://raw.githubusercontent.com/Andy11001/-alfa-inventory/master/data/images/VF3YDG8F3TG050398_clean.webp,Peugeot,Boxer,2025,0,KM,Hatchback,Bialy Icy,New,172876 PLN,PLN,"{""addr1"": ""UL. OTOLIŃSKA 25"", ""city"": ""PŁOCK"", ""region"": ""MAZOWIECKIE"", ""country"": ""PL""}",52.5468,19.7064,LEASE,2383 PLN,per month,Diesel,Automatic,FWD
VF3YDG6F8TG043627,Boxer Base · od 2140 PLN/mies.,Peugeot Boxer Base · Rata od 2140 PLN netto/mies. · Leasing B2B · Poznań · Sprawdź ofertę!,https://sklep.peugeot.pl/produkt/boxer/vf3ydg6f8tg043627/,https://raw.githubusercontent.com/Andy11001/-alfa-inventory/master/data/images/VF3YDG6F8TG043627_clean.webp,Peugeot,Boxer,2025,0,KM,Hatchback,B0Me0B B0Nhsb,New,155224 PLN,PLN,"{""addr1"": ""UL. BOLESŁAWA KRZYWOUSTEGO 71"", ""city"": ""POZNAŃ"", ""region"": ""WIELKOPOLSKIE"", ""country"": ""PL""}",52.3787,17.0270,LEASE,2140 PLN,per month,Diesel,Manual,FWD
VF3YDF6F9TG050418,Boxer Base · od 1944 PLN/mies.,Peugeot Boxer Base · Rata od 1944 PLN netto/mies. · Leasing B2B · Kalisz · Sprawdź ofertę!,https://sklep.peugeot.pl/produkt/boxer/vf3ydf6f9tg050418/,https://raw.githubusercontent.com/Andy11001/-alfa-inventory/master/data/images/VF3YDF6F9TG050418_clean.webp,Peugeot,Boxer,2025,0,KM,Hatchback,Bialy Icy,New,140913 PLN,PLN,"{""addr1"": ""UL. CZĘSTOCHOWSKA 144"", ""city"": ""KALISZ"", ""region"": ""WIELKOPOLSKIE"", ""country"": ""PL""}",51.7612,18.0929,LEASE,1944 PLN,per month,Diesel,Manual,FWD
VF3VJYHV6TU467086,Expert Furgon Xl · od 1641 PLN/mies.,Peugeot Expert Furgon Xl · Rata od 1641 PLN netto/mies. · Leasing B2B · Szczecin · Sprawdź ofertę!,https://sklep.peugeot.pl/produkt/expert/vf3vjyhv6tu467086/,https://raw.githubusercontent.com/Andy11001/-alfa-inventory/master/data/images/VF3VJYHV6TU467086_clean.webp,Peugeot,Expert,2025,0,KM,Van,Bialy Icy Lakier Bazowy,New,118835 PLN,PLN,"{""addr1"": ""UL. STRUGA 1B"", ""city"": ""SZCZECIN"", ""region"": ""ZACHODNIOPOMORSKIE"", ""country"": ""PL""}",53.3891,14.6543,LEASE,1641 PLN,per month,Diesel,Manual,FWD
VF3VPFC39TU456799,Expert Furgon M · od 1814 PLN/mies.,Peugeot Expert Furgon M · Rata od 1814 PLN netto/mies. · Leasing B2B · Katowice · Sprawdź ofertę!,https://sklep.peugeot.pl/produkt/expert/vf3vpfc39tu456799/,https://raw.githubusercontent.com/Andy11001/-alfa-inventory/master/data/images/VF3VPFC39TU456799_clean.jpg,Peugeot,Expert,2025,0,KM,Hatchback,Szary Artense Metaliczny,New,131444 PLN,PLN,"{""addr1"": ""AL. ROŹDZIEŃSKIEGO 170"", ""city"": ""KATOWICE"", ""region"": ""ŚLĄSKIE"", ""country"": ""PL""}",50.2649,19.0238,LEASE,1814 PLN,per month,Diesel,Manual,FWD
VF3VPFC38TU444076,Expert Furgon Xl · od 1780 PLN/mies.,Peugeot Expert Furgon Xl · Rata od 1780 PLN netto/mies. · Leasing B2B · Poznań · Sprawdź ofertę!,https://sklep.peugeot.pl/produkt/expert/vf3vpfc38tu444076/,https://raw.githubusercontent.com/Andy11001/-alfa-inventory/master/data/images/VF3VPFC38TU444076_clean.webp,Peugeot,Expert,2025,0,KM,Van,Bialy Icy Lakier Bazowy,New,128972 PLN,PLN,"{""addr1"": ""UL. BOLESŁAWA KRZYWOUSTEGO 71"", ""city"": ""POZNAŃ"", ""region"": ""WIELKOPOLSKIE"", ""country"": ""PL""}",52.3787,17.0270,LEASE,1780 PLN,per month,Diesel,Manual,FWD
VF3YBF6F5TG040085,Boxer Base · od 1843 PLN/mies.,Peugeot Boxer Base · Rata od 1843 PLN netto/mies. · Leasing B2B · Kalisz · Sprawdź ofertę!,https://sklep.peugeot.pl/produkt/boxer/vf3ybf6f5tg040085/,https://raw.githubusercontent.com/Andy11001/-alfa-inventory/master/data/images/VF3YBF6F5TG040085_clean.webp,Peugeot,Boxer,2025,0,KM,Hatchback,Bialy Icy,New,133562 PLN,PLN,"{""addr1"": ""UL. CZĘSTOCHOWSKA 144"", ""city"": ""KALISZ"", ""region"": ""WIELKOPOLSKIE"", ""country"": ""PL""}",51.7612,18.0929,LEASE,1843 PLN,per month,Diesel,Manual,FWD
VF3YDF6H8TMD02181,Boxer Podwozie Base · od 1842 PLN/mies.,Peugeot Boxer Podwozie Base · Rata od 1842 PLN netto/mies. · Leasing B2B · Katowice · Sprawdź ofertę!,https://sklep.peugeot.pl/produkt/boxer-podwozie-do-zabudowy-2/vf3ydf6h8tmd02181/,https://raw.githubusercontent.com/Andy11001/-alfa-inventory/master/data/images/VF3YDF6H8TMD02181_clean.webp,Peugeot,Boxer Podwozie,2025,0,KM,Hatchback,Bialy Icy,New,133485 PLN,PLN,"{""addr1"": ""AL. ROŹDZIEŃSKIEGO 170"", ""city"": ""KATOWICE"", ""region"": ""ŚLĄSKIE"", ""country"": ""PL""}",50.2649,19.0238,LEASE,1842 PLN,per month,Diesel,Manual,FWD
VF3VPFC34TZ050917,Expert Furgon Xl · od 1763 PLN/mies.,Peugeot Expert Furgon Xl · Rata od 1763 PLN netto/mies. · Leasing B2B · Krasne · Sprawdź ofertę!,https://sklep.peugeot.pl/produkt/expert/vf3vpfc34tz050917/,https://raw.githubusercontent.com/Andy11001/-alfa-inventory/master/data/images/VF3VPFC34TZ050917_clean.webp,Peugeot,Expert,2025,0,KM,Van,Bialy Icy Lakier Bazowy,New,127736 PLN,PLN,"{""addr1"": ""KRASNE"", ""city"": ""KRASNE"", ""region"": ""MAZOWIECKIE"", ""country"": ""PL""}",,,LEASE,1763 PLN,per month,Diesel,Manual,FWD
VF3VPFC33TZ055879,Expert Furgon Xl · od 1763 PLN/mies.,Peugeot Expert Furgon Xl · Rata od 1763 PLN netto/mies. · Leasing B2B · Krasne · Sprawdź ofertę!,https://sklep.peugeot.pl/produkt/expert/vf3vpfc33tz055879/,https://raw.githubusercontent.com/Andy11001/-alfa-inventory/master/data/images/VF3VPFC33TZ055879_clean.webp,Peugeot,Expert,2025,0,KM,Van,Bialy Icy Lakier Bazowy,New,127736 PLN,PLN,"{""addr1"": ""KRASNE"", ""city"": ""KRASNE"", ""region"": ""MAZOWIECKIE"", ""country"": ""PL""}",,,LEASE,1763 PLN,per month,Diesel,Manual,FWD
VF3YBF6F6TG027538,Boxer Base · od 1810 PLN/mies.,Peugeot Boxer Base · Rata od 1810 PLN netto/mies. · Leasing B2B · Toruń · Sprawdź ofertę!,https://sklep.peugeot.pl/produkt/boxer/vf3ybf6f6tg027538/,https://raw.githubusercontent.com/Andy11001/-alfa-inventory/master/data/images/VF3YBF6F6TG027538_clean.webp,Peugeot,Boxer,2025,0,KM,Hatchback,Bialy Icy,New,131134 PLN,PLN,"{""addr1"": ""UL. SZOSA BYDGOSKA 52"", ""city"": ""TORUŃ"", ""region"": ""KUJAWSKO-POMORSKIE"", ""country"": ""PL""}",53.0138,18.5984,LEASE,1810 PLN,per month,Diesel,Manual,FWD
VF3VPFC38TU456292,Expert Furgon Xl · od 1740 PLN/mies.,Peugeot Expert Furgon Xl · Rata od 1740 PLN netto/mies. · Leasing B2B · Białystok · Sprawdź ofertę!,https://sklep.peugeot.pl/produkt/expert/vf3vpfc38tu456292/,https://raw.githubusercontent.com/Andy11001/-alfa-inventory/master/data/images/VF3VPFC38TU456292_clean.jpg,Peugeot,Expert,2025,0,KM,Van,Bialy Icy Lakier Bazowy,New,126087 PLN,PLN,"{""addr1"": ""UL. ELEWATORSKA 60"", ""city"": ""BIAŁYSTOK"", ""region"": ""PODLASKIE"", ""country"": ""PL""}",53.1325,23.1688,LEASE,1740 PLN,per month,Diesel,Manual,FWD
VF3VJYHV5TU464762,Expert Furgon M · od 1575 PLN/mies.,Peugeot Expert Furgon M · Rata od 1575 PLN netto/mies. · Leasing B2B · Poznań · Sprawdź ofertę!,https://sklep.peugeot.pl/produkt/expert/vf3vjyhv5tu464762/,https://raw.githubusercontent.com/Andy11001/-alfa-inventory/master/data/images/VF3VJYHV5TU464762_clean.jpg,Peugeot,Expert,2025,0,KM,Hatchback,Bialy Icy Lakier Bazowy,New,114055 PLN,PLN,"{""addr1"": ""UL. BOLESŁAWA KRZYWOUSTEGO 71"", ""city"": ""POZNAŃ"", ""region"": ""WIELKOPOLSKIE"", ""country"": ""PL""}",52.3787,17.0270,LEASE,1575 PLN,per month,Diesel,Manual,FWD
VF3YDG8F1TG048469,Boxer Base · od 2332 PLN/mies.,Peugeot Boxer Base · Rata od 2332 PLN netto/mies. · Leasing B2B · Słupsk · Sprawdź ofertę!,https://sklep.peugeot.pl/produkt/boxer/vf3ydg8f1tg048469/,https://raw.githubusercontent.com/Andy11001/-alfa-inventory/master/data/images/VF3YDG8F1TG048469_clean.webp,Peugeot,Boxer,2025,0,KM,Hatchback,Szary Artense Steel,New,169174 PLN,PLN,"{""addr1"": ""SŁUPSK"", ""city"": ""SŁUPSK"", ""region"": ""MAZOWIECKIE"", ""country"": ""PL""}",,,LEASE,2332 PLN,per month,Diesel,Automatic,FWD
VF3YDG8F8TG048470,Boxer Base · od 2264 PLN/mies.,Peugeot Boxer Base · Rata od 2264 PLN netto/mies. · Leasing B2B · Białystok · Sprawdź ofertę!,https://sklep.peugeot.pl/produkt/boxer/vf3ydg8f8tg048470/,https://raw.githubusercontent.com/Andy11001/-alfa-inventory/master/data/images/VF3YDG8F8TG048470_clean.webp,Peugeot,Boxer,2025,0,KM,Hatchback,Szary Expedition,New,164223 PLN,PLN,"{""addr1"": ""UL. ELEWATORSKA 60"", ""city"": ""BIAŁYSTOK"", ""region"": ""PODLASKIE"", ""country"": ""PL""}",53.1325,23.1688,LEASE,2264 PLN,per month,Diesel,Automatic,FWD
VF3VPFC15TU455468,Expert Furgon M · od 2222 PLN/mies.,Peugeot Expert Furgon M · Rata od 2222 PLN netto/mies. · Leasing B2B · Stare Bielice · Sprawdź ofertę!,https://sklep.peugeot.pl/produkt/expert/vf3vpfc15tu455468/,https://raw.githubusercontent.com/Andy11001/-alfa-inventory/master/data/images/VF3VPFC15TU455468_clean.webp,Peugeot,Expert,2025,0,KM,Hatchback,Szary Artense Metaliczny,New,161194 PLN,PLN,"{""addr1"": ""STARE BIELICE"", ""city"": ""STARE BIELICE"", ""region"": ""MAZOWIECKIE"", ""country"": ""PL""}",,,LEASE,2222 PLN,per month,Diesel,Automatic,FWD
VF3YDG8F4TG047963,Boxer Base · od 2281 PLN/mies.,Peugeot Boxer Base · Rata od 2281 PLN netto/mies. · Leasing B2B · Kraków · Sprawdź ofertę!,https://sklep.peugeot.pl/produkt/boxer/vf3ydg8f4tg047963/,https://raw.githubusercontent.com/Andy11001/-alfa-inventory/master/data/images/VF3YDG8F4TG047963_clean.webp,Peugeot,Boxer,2025,0,KM,Hatchback,Bialy Icy,New,165448 PLN,PLN,"{""addr1"": ""UL. OPOLSKA 9"", ""city"": ""KRAKÓW"", ""region"": ""MAŁOPOLSKIE"", ""country"": ""PL""}",50.0931,19.9238,LEASE,2281 PLN,per month,Diesel,Automatic,FWD
VF3VPFC35TU458730,Expert Furgon Brygadowy Xl · od 2143 PLN/mies.,Peugeot Expert Furgon Brygadowy Xl · Rata od 2143 PLN netto/mies. · Leasing B2B · Warszawa · Sprawdź ofertę!,https://sklep.peugeot.pl/produkt/expert/vf3vpfc35tu458730/,https://raw.githubusercontent.com/Andy11001/-alfa-inventory/master/data/images/VF3VPFC35TU458730_clean.jpg,Peugeot,Expert,2025,0,KM,Van,Szary Artense Metaliczny,New,155425 PLN,PLN,"{""addr1"": ""AL. KRAKOWSKA 206"", ""city"": ""WARSZAWA"", ""region"": ""MAZOWIECKIE"", ""country"": ""PL""}",52.2084,20.9412,LEASE,2143 PLN,per month,Diesel,Automatic,FWD
VF3VPFC36TU458784,Expert Furgon Brygadowy Xl · od 2143 PLN/mies.,Peugeot Expert Furgon Brygadowy Xl · Rata od 2143 PLN netto/mies. · Leasing B2B · Warszawa · Sprawdź ofertę!,https://sklep.peugeot.pl/produkt/expert/vf3vpfc36tu458784/,https://raw.githubusercontent.com/Andy11001/-alfa-inventory/master/data/images/VF3VPFC36TU458784_clean.webp,Peugeot,Expert,2025,0,KM,Van,Szary Artense Metaliczny,New,155425 PLN,PLN,"{""addr1"": ""AL. KRAKOWSKA 206"", ""city"": ""WARSZAWA"", ""region"": ""MAZOWIECKIE"", ""country"": ""PL""}",52.2084,20.9412,LEASE,2143 PLN,per month,Diesel,Automatic,FWD
VF3YDG6F9TG048464,Boxer Base · od 2163 PLN/mies.,Peugeot Boxer Base · Rata od 2163 PLN netto/mies. · Leasing B2B · Częstochowa · Sprawdź ofertę!,https://sklep.peugeot.pl/produkt/boxer/vf3ydg6f9tg048464/,https://raw.githubusercontent.com/Andy11001/-alfa-inventory/master/data/images/VF3YDG6F9TG048464_clean.jpg,Peugeot,Boxer,2025,0,KM,Hatchback,Bialy Icy,New,156865 PLN,PLN,"{""addr1"": ""CZĘSTOCHOWA"", ""city"": ""CZĘSTOCHOWA"", ""region"": ""MAZOWIECKIE"", ""country"": ""PL""}",,,LEASE,2163 PLN,per month,Diesel,Manual,FWD
VF3YDG6F2TG048466,Boxer Base · od 2161 PLN/mies.,Peugeot Boxer Base · Rata od 2161 PLN netto/mies. · Leasing B2B · Konin · Sprawdź ofertę!,https://sklep.peugeot.pl/produkt/boxer/vf3ydg6f2tg048466/,https://raw.githubusercontent.com/Andy11001/-alfa-inventory/master/data/images/VF3YDG6F2TG048466_clean.webp,Peugeot,Boxer,2025,0,KM,Hatchback,Bialy Icy,New,156762 PLN,PLN,"{""addr1"": ""KONIN"", ""city"": ""KONIN"", ""region"": ""MAZOWIECKIE"", ""country"": ""PL""}",,,LEASE,2161 PLN,per month,Diesel,Manual,FWD
VF3YDG8F4TG048496,Boxer Base · od 2157 PLN/mies.,Peugeot Boxer Base · Rata od 2157 PLN netto/mies. · Leasing B2B · Katowice · Sprawdź ofertę!,https://sklep.peugeot.pl/produkt/boxer/vf3ydg8f4tg048496/,https://raw.githubusercontent.com/Andy11001/-alfa-inventory/master/data/images/VF3YDG8F4TG048496_clean.webp,Peugeot,Boxer,2025,0,KM,Hatchback,Bialy Icy,New,156420 PLN,PLN,"{""addr1"": ""AL. ROŹDZIEŃSKIEGO 170"", ""city"": ""KATOWICE"", ""region"": ""ŚLĄSKIE"", ""country"": ""PL""}",50.2649,19.0238,LEASE,2157 PLN,per month,Diesel,Automatic,FWD
VF3YDG8F2TG048495,Boxer Base · od 2157 PLN/mies.,Peugeot Boxer Base · Rata od 2157 PLN netto/mies. · Leasing B2B · Katowice · Sprawdź ofertę!,https://sklep.peugeot.pl/produkt/boxer/vf3ydg8f2tg048495/,https://raw.githubusercontent.com/Andy11001/-alfa-inventory/master/data/images/VF3YDG8F2TG048495_clean.webp,Peugeot,Boxer,2025,0,KM,Hatchback,Bialy Icy,New,156420 PLN,PLN,"{""addr1"": ""AL. ROŹDZIEŃSKIEGO 170"", ""city"": ""KATOWICE"", ""region"": ""ŚLĄSKIE"", ""country"": ""PL""}",50.2649,19.0238,LEASE,2157 PLN,per month,Diesel,Automatic,FWD
VF3YDG8F6TG048497,Boxer Base · od 2157 PLN/mies.,Peugeot Boxer Base · Rata od 2157 PLN netto/mies. · Leasing B2B · Katowice · Sprawdź ofertę!,https://sklep.peugeot.pl/produkt/boxer/vf3ydg8f6tg048497/,https://raw.githubusercontent.com/Andy11001/-alfa-inventory/master/data/images/VF3YDG8F6TG048497_clean.webp,Peugeot,Boxer,2025,0,KM,Hatchback,Bialy Icy,New,156420 PLN,PLN,"{""addr1"": ""AL. ROŹDZIEŃSKIEGO 170"", ""city"": ""KATOWICE"", ""region"": ""ŚLĄSKIE"", ""country"": ""PL""}",50.2649,19.0238,LEASE,2157 PLN,per month,Diesel,Automatic,FWD
VF3YDG6F9TG048416,Boxer Base · od 2143 PLN/mies.,Peugeot Boxer Base · Rata od 2143 PLN netto/mies. · Leasing B2B · Toruń · Sprawdź ofertę!,https://sklep.peugeot.pl/produkt/boxer/vf3ydg6f9tg048416/,https://raw.githubusercontent.com/Andy11001/-alfa-inventory/master/data/images/VF3YDG6F9TG048416_clean.webp,Peugeot,Boxer,2025,0,KM,Hatchback,Bialy Icy,New,155395 PLN,PLN,"{""addr1"": ""UL. SZOSA BYDGOSKA 52"", ""city"": ""TORUŃ"", ""region"": ""KUJAWSKO-POMORSKIE"", ""country"": ""PL""}",53.0138,18.5984,LEASE,2143 PLN,per month,Diesel,Manual,FWD
VF3YDF6F6TG048478,Boxer Base · od 2013 PLN/mies.,Peugeot Boxer Base · Rata od 2013 PLN netto/mies. · Leasing B2B · Konin · Sprawdź ofertę!,https://sklep.peugeot.pl/produkt/boxer/vf3ydf6f6tg048478/,https://raw.githubusercontent.com/Andy11001/-alfa-inventory/master/data/images/VF3YDF6F6TG048478_clean.webp,Peugeot,Boxer,2025,0,KM,Hatchback,Bialy Icy,New,145949 PLN,PLN,"{""addr1"": ""KONIN"", ""city"": ""KONIN"", ""region"": ""MAZOWIECKIE"", ""country"": ""PL""}",,,LEASE,2013 PLN,per month,Diesel,Manual,FWD
VF3YDF6GXTMD25386,Boxer Podwozie Base · od 2007 PLN/mies.,Peugeot Boxer Podwozie Base · Rata od 2007 PLN netto/mies. · Leasing B2B · Opole · Sprawdź ofertę!,https://sklep.peugeot.pl/produkt/boxer-podwozie-do-zabudowy-2/vf3ydf6gxtmd25386/,https://raw.githubusercontent.com/Andy11001/-alfa-inventory/master/data/images/VF3YDF6GXTMD25386_clean.webp,Peugeot,Boxer Podwozie,2025,0,KM,Hatchback,Bialy Icy,New,145478 PLN,PLN,"{""addr1"": ""UL. WROCŁAWSKA 137"", ""city"": ""OPOLE"", ""region"": ""OPOLSKIE"", ""country"": ""PL""}",50.6751,17.9213,LEASE,2007 PLN,per month,Diesel,Manual,FWD
VF3YDF6F1TG048453,Boxer Base · od 2003 PLN/mies.,Peugeot Boxer Base · Rata od 2003 PLN netto/mies. · Leasing B2B · Konin · Sprawdź ofertę!,https://sklep.peugeot.pl/produkt/boxer/vf3ydf6f1tg048453/,https://raw.githubusercontent.com/Andy11001/-alfa-inventory/master/data/images/VF3YDF6F1TG048453_clean.jpg,Peugeot,Boxer,2025,0,KM,Hatchback,Bialy Icy,New,145222 PLN,PLN,"{""addr1"": ""KONIN"", ""city"": ""KONIN"", ""region"": ""MAZOWIECKIE"", ""country"": ""PL""}",,,LEASE,2003 PLN,per month,Diesel,Manual,FWD
VF3YDF6F7TG048490,Boxer Base · od 1986 PLN/mies.,Peugeot Boxer Base · Rata od 1986 PLN netto/mies. · Leasing B2B · Częstochowa · Sprawdź ofertę!,https://sklep.peugeot.pl/produkt/boxer/vf3ydf6f7tg048490/,https://raw.githubusercontent.com/Andy11001/-alfa-inventory/master/data/images/VF3YDF6F7TG048490_clean.webp,Peugeot,Boxer,2025,0,KM,Hatchback,Bialy Icy,New,143982 PLN,PLN,"{""addr1"": ""CZĘSTOCHOWA"", ""city"": ""CZĘSTOCHOWA"", ""region"": ""MAZOWIECKIE"", ""country"": ""PL""}",,,LEASE,1986 PLN,per month,Diesel,Manual,FWD
VF3YDF6F5TG048455,Boxer Base · od 1984 PLN/mies.,Peugeot Boxer Base · Rata od 1984 PLN netto/mies. · Leasing B2B · Kalisz · Sprawdź ofertę!,https://sklep.peugeot.pl/produkt/boxer/vf3ydf6f5tg048455/,https://raw.githubusercontent.com/Andy11001/-alfa-inventory/master/data/images/VF3YDF6F5TG048455_clean.webp,Peugeot,Boxer,2025,0,KM,Hatchback,Bialy Icy,New,143820 PLN,PLN,"{""addr1"": ""UL. CZĘSTOCHOWSKA 144"", ""city"": ""KALISZ"", ""region"": ""WIELKOPOLSKIE"", ""country"": ""PL""}",51.7612,18.0929,LEASE,1984 PLN,per month,Diesel,Manual,FWD
VF3YCF6FXTG050060,Boxer Base · od 1959 PLN/mies.,Peugeot Boxer Base · Rata od 1959 PLN netto/mies. · Leasing B2B · Słupsk · Sprawdź ofertę!,https://sklep.peugeot.pl/produkt/boxer/vf3ycf6fxtg050060/,https://raw.githubusercontent.com/Andy11001/-alfa-inventory/master/data/images/VF3YCF6FXTG050060_clean.jpg,Peugeot,Boxer,2025,0,KM,Hatchback,Bialy Icy,New,142016 PLN,PLN,"{""addr1"": ""SŁUPSK"", ""city"": ""SŁUPSK"", ""region"": ""MAZOWIECKIE"", ""country"": ""PL""}",,,LEASE,1959 PLN,per month,Diesel,Manual,FWD
VF3YDF6F7TG048425,Boxer Base · od 1955 PLN/mies.,Peugeot Boxer Base · Rata od 1955 PLN netto/mies. · Leasing B2B · Toruń · Sprawdź ofertę!,https://sklep.peugeot.pl/produkt/boxer/vf3ydf6f7tg048425/,https://raw.githubusercontent.com/Andy11001/-alfa-inventory/master/data/images/VF3YDF6F7TG048425_clean.webp,Peugeot,Boxer,2025,0,KM,Hatchback,Szary Expedition,New,141717 PLN,PLN,"{""addr1"": ""UL. SZOSA BYDGOSKA 52"", ""city"": ""TORUŃ"", ""region"": ""KUJAWSKO-POMORSKIE"", ""country"": ""PL""}",53.0138,18.5984,LEASE,1955 PLN,per month,Diesel,Manual,FWD
VF3YDF6F5TG048472,Boxer Base · od 1948 PLN/mies.,Peugeot Boxer Base · Rata od 1948 PLN netto/mies. · Leasing B2B · Grębów · Sprawdź ofertę!,https://sklep.peugeot.pl/produkt/boxer/vf3ydf6f5tg048472/,https://raw.githubusercontent.com/Andy11001/-alfa-inventory/master/data/images/VF3YDF6F5TG048472_clean.webp,Peugeot,Boxer,2025,0,KM,Hatchback,Bialy Icy,New,141204 PLN,PLN,"{""addr1"": ""GRĘBÓW"", ""city"": ""GRĘBÓW"", ""region"": ""MAZOWIECKIE"", ""country"": ""PL""}",,,LEASE,1948 PLN,per month,Diesel,Manual,FWD
VF3YDF6F3TG048504,Boxer Base · od 1944 PLN/mies.,Peugeot Boxer Base · Rata od 1944 PLN netto/mies. · Leasing B2B · Katowice · Sprawdź ofertę!,https://sklep.peugeot.pl/produkt/boxer/vf3ydf6f3tg048504/,https://raw.githubusercontent.com/Andy11001/-alfa-inventory/master/data/images/VF3YDF6F3TG048504_clean.webp,Peugeot,Boxer,2025,0,KM,Hatchback,Bialy Icy,New,140948 PLN,PLN,"{""addr1"": ""AL. ROŹDZIEŃSKIEGO 170"", ""city"": ""KATOWICE"", ""region"": ""ŚLĄSKIE"", ""country"": ""PL""}",50.2649,19.0238,LEASE,1944 PLN,per month,Diesel,Manual,FWD
VF3YDF6F5TG048505,Boxer Base · od 1944 PLN/mies.,Peugeot Boxer Base · Rata od 1944 PLN netto/mies. · Leasing B2B · Katowice · Sprawdź ofertę!,https://sklep.peugeot.pl/produkt/boxer/vf3ydf6f5tg048505/,https://raw.githubusercontent.com/Andy11001/-alfa-inventory/master/data/images/VF3YDF6F5TG048505_clean.webp,Peugeot,Boxer,2025,0,KM,Hatchback,Bialy Icy,New,140948 PLN,PLN,"{""addr1"": ""AL. ROŹDZIEŃSKIEGO 170"", ""city"": ""KATOWICE"", ""region"": ""ŚLĄSKIE"", ""country"": ""PL""}",50.2649,19.0238,LEASE,1944 PLN,per month,Diesel,Manual,FWD
VF3YDF6D1TMD28957,Boxer Podwozie Base · od 1914 PLN/mies.,Peugeot Boxer Podwozie Base · Rata od 1914 PLN netto/mies. · Leasing B2B · Opole · Sprawdź ofertę!,https://sklep.peugeot.pl/produkt/boxer-podwozie-do-zabudowy-2/vf3ydf6d1tmd28957/,https://raw.githubusercontent.com/Andy11001/-alfa-inventory/master/data/images/VF3YDF6D1TMD28957_clean.jpg,Peugeot,Boxer Podwozie,2025,0,KM,Hatchback,Bialy Icy,New,138717 PLN,PLN,"{""addr1"": ""UL. WROCŁAWSKA 137"", ""city"": ""OPOLE"", ""region"": ""OPOLSKIE"", ""country"": ""PL""}",50.6751,17.9213,LEASE,1914 PLN,per month,Diesel,Manual,FWD
VF3YDF6F7TG049011,Boxer Base · od 1913 PLN/mies.,Peugeot Boxer Base · Rata od 1913 PLN netto/mies. · Leasing B2B · Kalisz · Sprawdź ofertę!,https://sklep.peugeot.pl/produkt/boxer/vf3ydf6f7tg049011/,https://raw.githubusercontent.com/Andy11001/-alfa-inventory/master/data/images/VF3YDF6F7TG049011_clean.webp,Peugeot,Boxer,2025,0,KM,Hatchback,Bialy Icy,New,138691 PLN,PLN,"{""addr1"": ""UL. CZĘSTOCHOWSKA 144"", ""city"": ""KALISZ"", ""region"": ""WIELKOPOLSKIE"", ""country"": ""PL""}",51.7612,18.0929,LEASE,1913 PLN,per month,Diesel,Manual,FWD
VF3YCF6F1TG050075,Boxer Base · od 1882 PLN/mies.,Peugeot Boxer Base · Rata od 1882 PLN netto/mies. · Leasing B2B · Krasne · Sprawdź ofertę!,https://sklep.peugeot.pl/produkt/boxer/vf3ycf6f1tg050075/,https://raw.githubusercontent.com/Andy11001/-alfa-inventory/master/data/images/VF3YCF6F1TG050075_clean.jpg,Peugeot,Boxer,2025,0,KM,Hatchback,Bialy Icy,New,136417 PLN,PLN,"{""addr1"": ""KRASNE"", ""city"": ""KRASNE"", ""region"": ""MAZOWIECKIE"", ""country"": ""PL""}",,,LEASE,1882 PLN,per month,Diesel,Manual,FWD
VF3YDG6A9TMD25896,Boxer Podwozie Base · od 1872 PLN/mies.,Peugeot Boxer Podwozie Base · Rata od 1872 PLN netto/mies. · Leasing B2B · Krasne · Sprawdź ofertę!,https://sklep.peugeot.pl/produkt/boxer-podwozie-do-zabudowy-2/vf3ydg6a9tmd25896/,https://raw.githubusercontent.com/Andy11001/-alfa-inventory/master/data/images/VF3YDG6A9TMD25896_clean.jpg,Peugeot,Boxer Podwozie,2025,0,KM,Hatchback,Bialy Icy,New,135699 PLN,PLN,"{""addr1"": ""KRASNE"", ""city"": ""KRASNE"", ""region"": ""MAZOWIECKIE"", ""country"": ""PL""}",,,LEASE,1872 PLN,per month,Diesel,Manual,FWD
VF3YCF6F6TG050072,Boxer Base · od 1854 PLN/mies.,Peugeot Boxer Base · Rata od 1854 PLN netto/mies. · Leasing B2B · Opole · Sprawdź ofertę!,https://sklep.peugeot.pl/produkt/boxer/vf3ycf6f6tg050072/,https://raw.githubusercontent.com/Andy11001/-alfa-inventory/master/data/images/VF3YCF6F6TG050072_clean.webp,Peugeot,Boxer,2025,0,KM,Hatchback,Bialy Icy,New,134374 PLN,PLN,"{""addr1"": ""UL. WROCŁAWSKA 137"", ""city"": ""OPOLE"", ""region"": ""OPOLSKIE"", ""country"": ""PL""}",50.6751,17.9213,LEASE,1854 PLN,per month,Diesel,Manual,FWD
VF3YCF6F7TG050176,Boxer Base · od 1854 PLN/mies.,Peugeot Boxer Base · Rata od 1854 PLN netto/mies. · Leasing B2B · Opole · Sprawdź ofertę!,https://sklep.peugeot.pl/produkt/boxer/vf3ycf6f7tg050176/,https://raw.githubusercontent.com/Andy11001/-alfa-inventory/master/data/images/VF3YCF6F7TG050176_clean.jpg,Peugeot,Boxer,2025,0,KM,Hatchback,Bialy Icy,New,134374 PLN,PLN,"{""addr1"": ""UL. WROCŁAWSKA 137"", ""city"": ""OPOLE"", ""region"": ""OPOLSKIE"", ""country"": ""PL""}",50.6751,17.9213,LEASE,1854 PLN,per month,Diesel,Manual,FWD
VF3YCF6F1TG050187,Boxer Base · od 1841 PLN/mies.,Peugeot Boxer Base · Rata od 1841 PLN netto/mies. · Leasing B2B · Bydgoszcz · Sprawdź ofertę!,https://sklep.peugeot.pl/produkt/boxer/vf3ycf6f1tg050187/,https://raw.githubusercontent.com/Andy11001/-alfa-inventory/master/data/images/VF3YCF6F1TG050187_clean.jpg,Peugeot,Boxer,2025,0,KM,Hatchback,Bialy Icy,New,133434 PLN,PLN,"{""addr1"": ""UL. FORDOŃSKA 353"", ""city"": ""BYDGOSZCZ"", ""region"": ""KUJAWSKO-POMORSKIE"", ""country"": ""PL""}",53.1235,18.0084,LEASE,1841 PLN,per month,Diesel,Manual,FWD
VF3YDF6H4TMD27448,Boxer Podwozie Base · od 1826 PLN/mies.,Peugeot Boxer Podwozie Base · Rata od 1826 PLN netto/mies. · Leasing B2B · Słupsk · Sprawdź ofertę!,https://sklep.peugeot.pl/produkt/boxer-podwozie-do-zabudowy-2/vf3ydf6h4tmd27448/,https://raw.githubusercontent.com/Andy11001/-alfa-inventory/master/data/images/VF3YDF6H4TMD27448_clean.webp,Peugeot,Boxer Podwozie,2025,0,KM,Hatchback,Bialy Icy,New,132314 PLN,PLN,"{""addr1"": ""SŁUPSK"", ""city"": ""SŁUPSK"", ""region"": ""MAZOWIECKIE"", ""country"": ""PL""}",,,LEASE,1826 PLN,per month,Diesel,Manual,FWD
VF3YBF6F9TG047623,Boxer Base · od 1815 PLN/mies.,Peugeot Boxer Base · Rata od 1815 PLN netto/mies. · Leasing B2B · Sosnowiec · Sprawdź ofertę!,https://sklep.peugeot.pl/produkt/boxer/vf3ybf6f9tg047623/,https://raw.githubusercontent.com/Andy11001/-alfa-inventory/master/data/images/VF3YBF6F9TG047623_clean.webp,Peugeot,Boxer,2025,0,KM,Hatchback,Bialy Icy,New,131544 PLN,PLN,"{""addr1"": ""UL. WOJSKA POLSKIEGO 45"", ""city"": ""SOSNOWIEC"", ""region"": ""ŚLĄSKIE"", ""country"": ""PL""}",50.2863,19.1042,LEASE,1815 PLN,per month,Diesel,Manual,FWD
VF3YBF6F7TG047622,Boxer Base · od 1815 PLN/mies.,Peugeot Boxer Base · Rata od 1815 PLN netto/mies. · Leasing B2B · Sosnowiec · Sprawdź ofertę!,https://sklep.peugeot.pl/produkt/boxer/vf3ybf6f7tg047622/,https://raw.githubusercontent.com/Andy11001/-alfa-inventory/master/data/images/VF3YBF6F7TG047622_clean.jpg,Peugeot,Boxer,2025,0,KM,Hatchback,Bialy Icy,New,131544 PLN,PLN,"{""addr1"": ""UL. WOJSKA POLSKIEGO 45"", ""city"": ""SOSNOWIEC"", ""region"": ""ŚLĄSKIE"", ""country"": ""PL""}",50.2863,19.1042,LEASE,1815 PLN,per month,Diesel,Manual,FWD
VF3YDG6D1TMD20248,Boxer Podwozie Base · od 2558 PLN/mies.,Peugeot Boxer Podwozie Base · Rata od 2558 PLN netto/mies. · Leasing B2B · Stare Bielice · Sprawdź ofertę!,https://sklep.peugeot.pl/produkt/boxer-podwozie-do-zabudowy-2/vf3ydg6d1tmd20248/,https://raw.githubusercontent.com/Andy11001/-alfa-inventory/master/data/images/VF3YDG6D1TMD20248_clean.webp,Peugeot,Boxer Podwozie,2025,0,KM,Hatchback,Bialy Icy,New,185622 PLN,PLN,"{""addr1"": ""STARE BIELICE"", ""city"": ""STARE BIELICE"", ""region"": ""MAZOWIECKIE"", ""country"": ""PL""}",,,LEASE,2558 PLN,per month,Diesel,Manual,FWD
VF3YDG8F0TG045921,Boxer Base · od 2350 PLN/mies.,Peugeot Boxer Base · Rata od 2350 PLN netto/mies. · Leasing B2B · Sosnowiec · Sprawdź ofertę!,https://sklep.peugeot.pl/produkt/boxer/vf3ydg8f0tg045921/,https://raw.githubusercontent.com/Andy11001/-alfa-inventory/master/data/images/VF3YDG8F0TG045921_clean.webp,Peugeot,Boxer,2025,0,KM,Hatchback,Szary Lanzarote Thunder,New,170475 PLN,PLN,"{""addr1"": ""UL. WOJSKA POLSKIEGO 45"", ""city"": ""SOSNOWIEC"", ""region"": ""ŚLĄSKIE"", ""country"": ""PL""}",50.2863,19.1042,LEASE,2350 PLN,per month,Diesel,Automatic,FWD
VF3YDG8F6TG045888,Boxer Base · od 2297 PLN/mies.,Peugeot Boxer Base · Rata od 2297 PLN netto/mies. · Leasing B2B · Białystok · Sprawdź ofertę!,https://sklep.peugeot.pl/produkt/boxer/vf3ydg8f6tg045888/,https://raw.githubusercontent.com/Andy11001/-alfa-inventory/master/data/images/VF3YDG8F6TG045888_clean.webp,Peugeot,Boxer,2025,0,KM,Hatchback,Szary Iron,New,166636 PLN,PLN,"{""addr1"": ""UL. ELEWATORSKA 60"", ""city"": ""BIAŁYSTOK"", ""region"": ""PODLASKIE"", ""country"": ""PL""}",53.1325,23.1688,LEASE,2297 PLN,per month,Diesel,Automatic,FWD
VF3VPFC35TZ056385,Expert Furgon Brygadowy Xl · od 1932 PLN/mies.,Peugeot Expert Furgon Brygadowy Xl · Rata od 1932 PLN netto/mies. · Leasing B2B · Krasne · Sprawdź ofertę!,https://sklep.peugeot.pl/produkt/expert/vf3vpfc35tz056385/,https://raw.githubusercontent.com/Andy11001/-alfa-inventory/master/data/images/VF3VPFC35TZ056385_clean.webp,Peugeot,Expert,2025,0,KM,Van,Szary Artense Metaliczny,New,140015 PLN,PLN,"{""addr1"": ""KRASNE"", ""city"": ""KRASNE"", ""region"": ""MAZOWIECKIE"", ""country"": ""PL""}",,,LEASE,1932 PLN,per month,Diesel,Manual,FWD
VF3VPFC39TU452638,Expert Furgon Brygadowy Xl · od 2219 PLN/mies.,Peugeot Expert Furgon Brygadowy Xl · Rata od 2219 PLN netto/mies. · Leasing B2B · Słupsk · Sprawdź ofertę!,https://sklep.peugeot.pl/produkt/expert/vf3vpfc39tu452638/,https://raw.githubusercontent.com/Andy11001/-alfa-inventory/master/data/images/VF3VPFC39TU452638_clean.webp,Peugeot,Expert,2025,0,KM,Van,B0Mm0B B0Ngris Titaneb,New,160947 PLN,PLN,"{""addr1"": ""SŁUPSK"", ""city"": ""SŁUPSK"", ""region"": ""MAZOWIECKIE"", ""country"": ""PL""}",,,LEASE,2219 PLN,per month,Diesel,Automatic,FWD
VF3VPFC3XTU457492,Expert Furgon Brygadowy Skladany Xl · od 1979 PLN/mies.,Peugeot Expert Furgon Brygadowy Skladany Xl · Rata od 1979 PLN netto/mies. · Leasing B2B · Grębów · Sprawdź ofertę!,https://sklep.peugeot.pl/produkt/expert/vf3vpfc3xtu457492/,https://raw.githubusercontent.com/Andy11001/-alfa-inventory/master/data/images/VF3VPFC3XTU457492_clean.webp,Peugeot,Expert,2025,0,KM,Van,Bialy Icy Lakier Bazowy,New,143476 PLN,PLN,"{""addr1"": ""GRĘBÓW"", ""city"": ""GRĘBÓW"", ""region"": ""MAZOWIECKIE"", ""country"": ""PL""}",,,LEASE,1979 PLN,per month,Diesel,Manual,FWD
VF3YDG6F5TG043987,Boxer Base · od 2051 PLN/mies.,Peugeot Boxer Base · Rata od 2051 PLN netto/mies. · Leasing B2B · Białystok · Sprawdź ofertę!,https://sklep.peugeot.pl/produkt/boxer/vf3ydg6f5tg043987/,https://raw.githubusercontent.com/Andy11001/-alfa-inventory/master/data/images/VF3YDG6F5TG043987_clean.webp,Peugeot,Boxer,2025,0,KM,Hatchback,Bialy Icy,New,148684 PLN,PLN,"{""addr1"": ""UL. ELEWATORSKA 60"", ""city"": ""BIAŁYSTOK"", ""region"": ""PODLASKIE"", ""country"": ""PL""}",53.1325,23.1688,LEASE,2051 PLN,per month,Diesel,Manual,FWD
VF3YDF6F0TG043910,Boxer Base · od 2023 PLN/mies.,Peugeot Boxer Base · Rata od 2023 PLN netto/mies. · Leasing B2B · Świdnik · Sprawdź ofertę!,https://sklep.peugeot.pl/produkt/boxer/vf3ydf6f0tg043910/,https://raw.githubusercontent.com/Andy11001/-alfa-inventory/master/data/images/VF3YDF6F0TG043910_clean.webp,Peugeot,Boxer,2025,0,KM,Hatchback,Bialy Icy,New,146675 PLN,PLN,"{""addr1"": ""ŚWIDNIK"", ""city"": ""ŚWIDNIK"", ""region"": ""MAZOWIECKIE"", ""country"": ""PL""}",,,LEASE,2023 PLN,per month,Diesel,Manual,FWD
VF3VPFC39TU447696,Expert Furgon Xl · od 1949 PLN/mies.,Peugeot Expert Furgon Xl · Rata od 1949 PLN netto/mies. · Leasing B2B · Gorzów Wielkopolski · Sprawdź ofertę!,https://sklep.peugeot.pl/produkt/expert/vf3vpfc39tu447696/,https://raw.githubusercontent.com/Andy11001/-alfa-inventory/master/data/images/VF3VPFC39TU447696_clean.jpg,Peugeot,Expert,2025,0,KM,Van,B0Mm0B B0Ngris Titaneb,New,141251 PLN,PLN,"{""addr1"": ""GORZÓW WIELKOPOLSKI"", ""city"": ""GORZÓW WIELKOPOLSKI"", ""region"": ""MAZOWIECKIE"", ""country"": ""PL""}",,,LEASE,1949 PLN,per month,Diesel,Manual,FWD
VF3VPFC17TU456198,Expert Furgon Xl · od 1938 PLN/mies.,Peugeot Expert Furgon Xl · Rata od 1938 PLN netto/mies. · Leasing B2B · Warszawa · Sprawdź ofertę!,https://sklep.peugeot.pl/produkt/expert/vf3vpfc17tu456198/,https://raw.githubusercontent.com/Andy11001/-alfa-inventory/master/data/images/VF3VPFC17TU456198_clean.webp,Peugeot,Expert,2025,0,KM,Van,Bialy Icy Lakier Bazowy,New,140509 PLN,PLN,"{""addr1"": ""AL. KRAKOWSKA 206"", ""city"": ""WARSZAWA"", ""region"": ""MAZOWIECKIE"", ""country"": ""PL""}",52.2084,20.9412,LEASE,1938 PLN,per month,Diesel,Automatic,FWD
VF3VPFC35TU455987,Expert Furgon Xl · od 1893 PLN/mies.,Peugeot Expert Furgon Xl · Rata od 1893 PLN netto/mies. · Leasing B2B · Sosnowiec · Sprawdź ofertę!,https://sklep.peugeot.pl/produkt/expert/vf3vpfc35tu455987/,https://raw.githubusercontent.com/Andy11001/-alfa-inventory/master/data/images/VF3VPFC35TU455987_clean.webp,Peugeot,Expert,2025,0,KM,Van,Bialy Icy Lakier Bazowy,New,137213 PLN,PLN,"{""addr1"": ""UL. WOJSKA POLSKIEGO 45"", ""city"": ""SOSNOWIEC"", ""region"": ""ŚLĄSKIE"", ""country"": ""PL""}",50.2863,19.1042,LEASE,1893 PLN,per month,Diesel,Manual,FWD
VF3YCF6F4TG043959,Boxer Base · od 1945 PLN/mies.,Peugeot Boxer Base · Rata od 1945 PLN netto/mies. · Leasing B2B · Płock · Sprawdź ofertę!,https://sklep.peugeot.pl/produkt/boxer/vf3ycf6f4tg043959/,https://raw.githubusercontent.com/Andy11001/-alfa-inventory/master/data/images/VF3YCF6F4TG043959_clean.webp,Peugeot,Boxer,2025,0,KM,Hatchback,Bialy Icy,New,140990 PLN,PLN,"{""addr1"": ""UL. OTOLIŃSKA 25"", ""city"": ""PŁOCK"", ""region"": ""MAZOWIECKIE"", ""country"": ""PL""}",52.5468,19.7064,LEASE,1945 PLN,per month,Diesel,Manual,FWD
VF3YCF6F6TG041954,Boxer Base · od 1887 PLN/mies.,Peugeot Boxer Base · Rata od 1887 PLN netto/mies. · Leasing B2B · Białystok · Sprawdź ofertę!,https://sklep.peugeot.pl/produkt/boxer/vf3ycf6f6tg041954/,https://raw.githubusercontent.com/Andy11001/-alfa-inventory/master/data/images/VF3YCF6F6TG041954_clean.webp,Peugeot,Boxer,2025,0,KM,Hatchback,Szary Artense Steel,New,136793 PLN,PLN,"{""addr1"": ""UL. ELEWATORSKA 60"", ""city"": ""BIAŁYSTOK"", ""region"": ""PODLASKIE"", ""country"": ""PL""}",53.1325,23.1688,LEASE,1887 PLN,per month,Diesel,Manual,FWD
VF3YDF6HXTMD11027,Boxer Podwozie Base · od 1872 PLN/mies.,Peugeot Boxer Podwozie Base · Rata od 1872 PLN netto/mies. · Leasing B2B · Łódź · Sprawdź ofertę!,https://sklep.peugeot.pl/produkt/boxer-podwozie-do-zabudowy-2/vf3ydf6hxtmd11027/,https://raw.githubusercontent.com/Andy11001/-alfa-inventory/master/data/images/VF3YDF6HXTMD11027_clean.webp,Peugeot,Boxer Podwozie,2025,0,KM,Hatchback,Szary Lanzarote Thunder,New,135639 PLN,PLN,"{""addr1"": ""UL. OBYWATELSKA 181"", ""city"": ""ŁÓDŹ"", ""region"": ""ŁÓDZKIE"", ""country"": ""PL""}",51.7371,19.4316,LEASE,1872 PLN,per month,Diesel,Manual,FWD
VF3VPFC37TU456798,Expert Furgon M · od 1787 PLN/mies.,Peugeot Expert Furgon M · Rata od 1787 PLN netto/mies. · Leasing B2B · Katowice · Sprawdź ofertę!,https://sklep.peugeot.pl/produkt/expert/vf3vpfc37tu456798/,https://raw.githubusercontent.com/Andy11001/-alfa-inventory/master/data/images/VF3VPFC37TU456798_clean.webp,Peugeot,Expert,2025,0,KM,Hatchback,B0Mm0B B0Ngris Titaneb,New,129466 PLN,PLN,"{""addr1"": ""AL. ROŹDZIEŃSKIEGO 170"", ""city"": ""KATOWICE"", ""region"": ""ŚLĄSKIE"", ""country"": ""PL""}",50.2649,19.0238,LEASE,1787 PLN,per month,Diesel,Manual,FWD
VF3YCG6F4TG045927,Boxer Base · od 1984 PLN/mies.,Peugeot Boxer Base · Rata od 1984 PLN netto/mies. · Leasing B2B · Białystok · Sprawdź ofertę!,https://sklep.peugeot.pl/produkt/boxer/vf3ycg6f4tg045927/,https://raw.githubusercontent.com/Andy11001/-alfa-inventory/master/data/images/VF3YCG6F4TG045927_clean.webp,Peugeot,Boxer,2025,0,KM,Hatchback,Bialy Icy,New,143863 PLN,PLN,"{""addr1"": ""UL. ELEWATORSKA 60"", ""city"": ""BIAŁYSTOK"", ""region"": ""PODLASKIE"", ""country"": ""PL""}",53.1325,23.1688,LEASE,1984 PLN,per month,Diesel,Manual,FWD
VF3YDG8F0TG041481,Boxer Base · od 2332 PLN/mies.,Peugeot Boxer Base · Rata od 2332 PLN netto/mies. · Leasing B2B · Słupsk · Sprawdź ofertę!,https://sklep.peugeot.pl/produkt/boxer/vf3ydg8f0tg041481/,https://raw.githubusercontent.com/Andy11001/-alfa-inventory/master/data/images/VF3YDG8F0TG041481_clean.webp,Peugeot,Boxer,2025,0,KM,Hatchback,Szary Artense Steel,New,169174 PLN,PLN,"{""addr1"": ""SŁUPSK"", ""city"": ""SŁUPSK"", ""region"": ""MAZOWIECKIE"", ""country"": ""PL""}",,,LEASE,2332 PLN,per month,Diesel,Automatic,FWD
VF3YBF6F7TG043960,Boxer Base · od 1842 PLN/mies.,Peugeot Boxer Base · Rata od 1842 PLN netto/mies. · Leasing B2B · Płock · Sprawdź ofertę!,https://sklep.peugeot.pl/produkt/boxer/vf3ybf6f7tg043960/,https://raw.githubusercontent.com/Andy11001/-alfa-inventory/master/data/images/VF3YBF6F7TG043960_clean.webp,Peugeot,Boxer,2025,0,KM,Hatchback,Bialy Icy,New,133510 PLN,PLN,"{""addr1"": ""UL. OTOLIŃSKA 25"", ""city"": ""PŁOCK"", ""region"": ""MAZOWIECKIE"", ""country"": ""PL""}",52.5468,19.7064,LEASE,1842 PLN,per month,Diesel,Manual,FWD
VF3YBF6F9TG043961,Boxer Base · od 1842 PLN/mies.,Peugeot Boxer Base · Rata od 1842 PLN netto/mies. · Leasing B2B · Płock · Sprawdź ofertę!,https://sklep.peugeot.pl/produkt/boxer/vf3ybf6f9tg043961/,https://raw.githubusercontent.com/Andy11001/-alfa-inventory/master/data/images/VF3YBF6F9TG043961_clean.webp,Peugeot,Boxer,2025,0,KM,Hatchback,Bialy Icy,New,133510 PLN,PLN,"{""addr1"": ""UL. OTOLIŃSKA 25"", ""city"": ""PŁOCK"", ""region"": ""MAZOWIECKIE"", ""country"": ""PL""}",52.5468,19.7064,LEASE,1842 PLN,per month,Diesel,Manual,FWD
VF3YBF6F8TG043837,Boxer Base · od 1825 PLN/mies.,Peugeot Boxer Base · Rata od 1825 PLN netto/mies. · Leasing B2B · Płock · Sprawdź ofertę!,https://sklep.peugeot.pl/produkt/boxer/vf3ybf6f8tg043837/,https://raw.githubusercontent.com/Andy11001/-alfa-inventory/master/data/images/VF3YBF6F8TG043837_clean.webp,Peugeot,Boxer,2025,0,KM,Hatchback,Bialy Icy,New,132271 PLN,PLN,"{""addr1"": ""UL. OTOLIŃSKA 25"", ""city"": ""PŁOCK"", ""region"": ""MAZOWIECKIE"", ""country"": ""PL""}",52.5468,19.7064,LEASE,1825 PLN,per month,Diesel,Manual,FWD
VF3VPFC37TU450029,Expert Furgon Brygadowy Skladany Xl · od 1995 PLN/mies.,Peugeot Expert Furgon Brygadowy Skladany Xl · Rata od 1995 PLN netto/mies. · Leasing B2B · Sosnowiec · Sprawdź ofertę!,https://sklep.peugeot.pl/produkt/expert/vf3vpfc37tu450029/,https://raw.githubusercontent.com/Andy11001/-alfa-inventory/master/data/images/VF3VPFC37TU450029_clean.webp,Peugeot,Expert,2025,0,KM,Van,Bialy Icy Lakier Bazowy,New,144630 PLN,PLN,"{""addr1"": ""UL. WOJSKA POLSKIEGO 45"", ""city"": ""SOSNOWIEC"", ""region"": ""ŚLĄSKIE"", ""country"": ""PL""}",50.2863,19.1042,LEASE,1995 PLN,per month,Diesel,Manual,FWD
VF3YDG6AXTMD14793,Boxer Podwozie Base · od 1886 PLN/mies.,Peugeot Boxer Podwozie Base · Rata od 1886 PLN netto/mies. · Leasing B2B · Łódź · Sprawdź ofertę!,https://sklep.peugeot.pl/produkt/boxer-podwozie-do-zabudowy-2/vf3ydg6axtmd14793/,https://raw.githubusercontent.com/Andy11001/-alfa-inventory/master/data/images/VF3YDG6AXTMD14793_clean.webp,Peugeot,Boxer Podwozie,2025,0,KM,Hatchback,Bialy Icy,New,136656 PLN,PLN,"{""addr1"": ""UL. OBYWATELSKA 181"", ""city"": ""ŁÓDŹ"", ""region"": ""ŁÓDZKIE"", ""country"": ""PL""}",51.7371,19.4316,LEASE,1886 PLN,per month,Diesel,Manual,FWD
VF3YDF6H2TMD14939,Boxer Podwozie Base · od 1823 PLN/mies.,Peugeot Boxer Podwozie Base · Rata od 1823 PLN netto/mies. · Leasing B2B · Zielona Góra · Sprawdź ofertę!,https://sklep.peugeot.pl/produkt/boxer-podwozie-do-zabudowy-2/vf3ydf6h2tmd14939/,https://raw.githubusercontent.com/Andy11001/-alfa-inventory/master/data/images/VF3YDF6H2TMD14939_clean.webp,Peugeot,Boxer Podwozie,2025,0,KM,Hatchback,Bialy Icy,New,132117 PLN,PLN,"{""addr1"": ""ZIELONA GÓRA"", ""city"": ""ZIELONA GÓRA"", ""region"": ""MAZOWIECKIE"", ""country"": ""PL""}",,,LEASE,1823 PLN,per month,Diesel,Manual,FWD
VF3VPFC33TU439609,Expert Furgon Xl · od 1754 PLN/mies.,Peugeot Expert Furgon Xl · Rata od 1754 PLN netto/mies. · Leasing B2B · Kalisz · Sprawdź ofertę!,https://sklep.peugeot.pl/produkt/expert/vf3vpfc33tu439609/,https://raw.githubusercontent.com/Andy11001/-alfa-inventory/master/data/images/VF3VPFC33TU439609_clean.webp,Peugeot,Expert,2025,0,KM,Van,Bialy Icy Lakier Bazowy,New,127076 PLN,PLN,"{""addr1"": ""UL. CZĘSTOCHOWSKA 144"", ""city"": ""KALISZ"", ""region"": ""WIELKOPOLSKIE"", ""country"": ""PL""}",51.7612,18.0929,LEASE,1754 PLN,per month,Diesel,Manual,FWD
VF3VPFC38TU450508,Expert Furgon Brygadowy Xl · od 2067 PLN/mies.,Peugeot Expert Furgon Brygadowy Xl · Rata od 2067 PLN netto/mies. · Leasing B2B · Warszawa · Sprawdź ofertę!,https://sklep.peugeot.pl/produkt/expert/vf3vpfc38tu450508/,https://raw.githubusercontent.com/Andy11001/-alfa-inventory/master/data/images/VF3VPFC38TU450508_clean.webp,Peugeot,Expert,2025,0,KM,Van,Bialy Icy Lakier Bazowy,New,149904 PLN,PLN,"{""addr1"": ""AL. KRAKOWSKA 206"", ""city"": ""WARSZAWA"", ""region"": ""MAZOWIECKIE"", ""country"": ""PL""}",52.2084,20.9412,LEASE,2067 PLN,per month,Diesel,Manual,FWD
VF3YCF6FXTG041942,Boxer Base · od 2004 PLN/mies.,Peugeot Boxer Base · Rata od 2004 PLN netto/mies. · Leasing B2B · Stare Bielice · Sprawdź ofertę!,https://sklep.peugeot.pl/produkt/boxer/vf3ycf6fxtg041942/,https://raw.githubusercontent.com/Andy11001/-alfa-inventory/master/data/images/VF3YCF6FXTG041942_clean.webp,Peugeot,Boxer,2025,0,KM,Hatchback,Bialy Icy,New,145265 PLN,PLN,"{""addr1"": ""STARE BIELICE"", ""city"": ""STARE BIELICE"", ""region"": ""MAZOWIECKIE"", ""country"": ""PL""}",,,LEASE,2004 PLN,per month,Diesel,Manual,FWD
VF3YDG8F9TG040829,Boxer Base · od 2300 PLN/mies.,Peugeot Boxer Base · Rata od 2300 PLN netto/mies. · Leasing B2B · Słupsk · Sprawdź ofertę!,https://sklep.peugeot.pl/produkt/boxer/vf3ydg8f9tg040829/,https://raw.githubusercontent.com/Andy11001/-alfa-inventory/master/data/images/VF3YDG8F9TG040829_clean.webp,Peugeot,Boxer,2025,0,KM,Hatchback,Bialy Icy,New,166873 PLN,PLN,"{""addr1"": ""SŁUPSK"", ""city"": ""SŁUPSK"", ""region"": ""MAZOWIECKIE"", ""country"": ""PL""}",,,LEASE,2300 PLN,per month,Diesel,Automatic,FWD
VF3VPFC3XTU447898,Expert Furgon Xl · od 1949 PLN/mies.,Peugeot Expert Furgon Xl · Rata od 1949 PLN netto/mies. · Leasing B2B · Gorzów Wielkopolski · Sprawdź ofertę!,https://sklep.peugeot.pl/produkt/expert/vf3vpfc3xtu447898/,https://raw.githubusercontent.com/Andy11001/-alfa-inventory/master/data/images/VF3VPFC3XTU447898_clean.webp,Peugeot,Expert,2025,0,KM,Van,B0Mm0B B0Ngris Titaneb,New,141251 PLN,PLN,"{""addr1"": ""GORZÓW WIELKOPOLSKI"", ""city"": ""GORZÓW WIELKOPOLSKI"", ""region"": ""MAZOWIECKIE"", ""country"": ""PL""}",,,LEASE,1949 PLN,per month,Diesel,Manual,FWD
VF3YDG6H2TMD08760,Boxer Podwozie Base · od 2009 PLN/mies.,Peugeot Boxer Podwozie Base · Rata od 2009 PLN netto/mies. · Leasing B2B · Płock · Sprawdź ofertę!,https://sklep.peugeot.pl/produkt/boxer-podwozie-do-zabudowy-2/vf3ydg6h2tmd08760/,https://raw.githubusercontent.com/Andy11001/-alfa-inventory/master/data/images/VF3YDG6H2TMD08760_clean.webp,Peugeot,Boxer Podwozie,2025,0,KM,Hatchback,Bialy Icy,New,145624 PLN,PLN,"{""addr1"": ""UL. OTOLIŃSKA 25"", ""city"": ""PŁOCK"", ""region"": ""MAZOWIECKIE"", ""country"": ""PL""}",52.5468,19.7064,LEASE,2009 PLN,per month,Diesel,Manual,FWD
VF3YDG6A1TMD06419,Boxer Podwozie Base · od 1963 PLN/mies.,Peugeot Boxer Podwozie Base · Rata od 1963 PLN netto/mies. · Leasing B2B · Łódź · Sprawdź ofertę!,https://sklep.peugeot.pl/produkt/boxer-podwozie-do-zabudowy-2/vf3ydg6a1tmd06419/,https://raw.githubusercontent.com/Andy11001/-alfa-inventory/master/data/images/VF3YDG6A1TMD06419_clean.webp,Peugeot,Boxer Podwozie,2025,0,KM,Hatchback,Szary Lanzarote Thunder,New,142307 PLN,PLN,"{""addr1"": ""UL. OBYWATELSKA 181"", ""city"": ""ŁÓDŹ"", ""region"": ""ŁÓDZKIE"", ""country"": ""PL""}",51.7371,19.4316,LEASE,1963 PLN,per month,Diesel,Manual,FWD
VF3YDG8FXTG038409,Boxer Base · od 2378 PLN/mies.,Peugeot Boxer Base · Rata od 2378 PLN netto/mies. · Leasing B2B · Częstochowa · Sprawdź ofertę!,https://sklep.peugeot.pl/produkt/boxer/vf3ydg8fxtg038409/,https://raw.githubusercontent.com/Andy11001/-alfa-inventory/master/data/images/VF3YDG8FXTG038409_clean.webp,Peugeot,Boxer,2025,0,KM,Hatchback,Szary Artense Steel,New,172534 PLN,PLN,"{""addr1"": ""CZĘSTOCHOWA"", ""city"": ""CZĘSTOCHOWA"", ""region"": ""MAZOWIECKIE"", ""country"": ""PL""}",,,LEASE,2378 PLN,per month,Diesel,Automatic,FWD
VF3YDG8H7TMD02286,Boxer Podwozie Base · od 2054 PLN/mies.,Peugeot Boxer Podwozie Base · Rata od 2054 PLN netto/mies. · Leasing B2B · Katowice · Sprawdź ofertę!,https://sklep.peugeot.pl/produkt/boxer-podwozie-do-zabudowy-2/vf3ydg8h7tmd02286/,https://raw.githubusercontent.com/Andy11001/-alfa-inventory/master/data/images/VF3YDG8H7TMD02286_clean.webp,Peugeot,Boxer Podwozie,2025,0,KM,Hatchback,Bialy Icy,New,148958 PLN,PLN,"{""addr1"": ""AL. ROŹDZIEŃSKIEGO 170"", ""city"": ""KATOWICE"", ""region"": ""ŚLĄSKIE"", ""country"": ""PL""}",50.2649,19.0238,LEASE,2054 PLN,per month,Diesel,Automatic,FWD
VF3YBF6F7TG037897,Boxer Base · od 1964 PLN/mies.,Peugeot Boxer Base · Rata od 1964 PLN netto/mies. · Leasing B2B · Stare Bielice · Sprawdź ofertę!,https://sklep.peugeot.pl/produkt/boxer/vf3ybf6f7tg037897/,https://raw.githubusercontent.com/Andy11001/-alfa-inventory/master/data/images/VF3YBF6F7TG037897_clean.webp,Peugeot,Boxer,2025,0,KM,Hatchback,Bialy Icy,New,142401 PLN,PLN,"{""addr1"": ""STARE BIELICE"", ""city"": ""STARE BIELICE"", ""region"": ""MAZOWIECKIE"", ""country"": ""PL""}",,,LEASE,1964 PLN,per month,Diesel,Manual,FWD
VF3YDG6A9TMD06409,Boxer Podwozie Base · od 1963 PLN/mies.,Peugeot Boxer Podwozie Base · Rata od 1963 PLN netto/mies. · Leasing B2B · Łódź · Sprawdź ofertę!,https://sklep.peugeot.pl/produkt/boxer-podwozie-do-zabudowy-2/vf3ydg6a9tmd06409/,https://raw.githubusercontent.com/Andy11001/-alfa-inventory/master/data/images/VF3YDG6A9TMD06409_clean.webp,Peugeot,Boxer Podwozie,2025,0,KM,Hatchback,Szary Lanzarote Thunder,New,142307 PLN,PLN,"{""addr1"": ""UL. OBYWATELSKA 181"", ""city"": ""ŁÓDŹ"", ""region"": ""ŁÓDZKIE"", ""country"": ""PL""}",51.7371,19.4316,LEASE,1963 PLN,per month,Diesel,Manual,FWD
VF3VPFC35TU443824,Expert Furgon Brygadowy Skladany M · od 1871 PLN/mies.,Peugeot Expert Furgon Brygadowy Skladany M · Rata od 1871 PLN netto/mies. · Leasing B2B · Radom · Sprawdź ofertę!,https://sklep.peugeot.pl/produkt/expert/vf3vpfc35tu443824/,https://raw.githubusercontent.com/Andy11001/-alfa-inventory/master/data/images/VF3VPFC35TU443824_clean.webp,Peugeot,Expert,2025,0,KM,Hatchback,Bialy Icy Lakier Bazowy,New,135564 PLN,PLN,"{""addr1"": ""UL. ŻÓŁKIEWSKIEGO 4"", ""city"": ""RADOM"", ""region"": ""MAZOWIECKIE"", ""country"": ""PL""}",51.4027,21.1471,LEASE,1871 PLN,per month,Diesel,Manual,FWD
VF3YCF6F8TG038389,Boxer Base · od 1882 PLN/mies.,Peugeot Boxer Base · Rata od 1882 PLN netto/mies. · Leasing B2B · Krasne · Sprawdź ofertę!,https://sklep.peugeot.pl/produkt/boxer/vf3ycf6f8tg038389/,https://raw.githubusercontent.com/Andy11001/-alfa-inventory/master/data/images/VF3YCF6F8TG038389_clean.webp,Peugeot,Boxer,2025,0,KM,Hatchback,Bialy Icy,New,136417 PLN,PLN,"{""addr1"": ""KRASNE"", ""city"": ""KRASNE"", ""region"": ""MAZOWIECKIE"", ""country"": ""PL""}",,,LEASE,1882 PLN,per month,Diesel,Manual,FWD
VF3YCF6F3TG037800,Boxer Base · od 1882 PLN/mies.,Peugeot Boxer Base · Rata od 1882 PLN netto/mies. · Leasing B2B · Krasne · Sprawdź ofertę!,https://sklep.peugeot.pl/produkt/boxer/vf3ycf6f3tg037800/,https://raw.githubusercontent.com/Andy11001/-alfa-inventory/master/data/images/VF3YCF6F3TG037800_clean.webp,Peugeot,Boxer,2025,0,KM,Hatchback,Bialy Icy,New,136417 PLN,PLN,"{""addr1"": ""KRASNE"", ""city"": ""KRASNE"", ""region"": ""MAZOWIECKIE"", ""country"": ""PL""}",,,LEASE,1882 PLN,per month,Diesel,Manual,FWD
VF3YDF6H8TMC84510,Boxer Podwozie Base · od 1817 PLN/mies.,Peugeot Boxer Podwozie Base · Rata od 1817 PLN netto/mies. · Leasing B2B · Szczecin · Sprawdź ofertę!,https://sklep.peugeot.pl/produkt/boxer-podwozie-do-zabudowy-2/vf3ydf6h8tmc84510/,https://raw.githubusercontent.com/Andy11001/-alfa-inventory/master/data/images/VF3YDF6H8TMC84510_clean.webp,Peugeot,Boxer Podwozie,2025,0,KM,Hatchback,Szary Lanzarote Thunder,New,131630 PLN,PLN,"{""addr1"": ""UL. STRUGA 1B"", ""city"": ""SZCZECIN"", ""region"": ""ZACHODNIOPOMORSKIE"", ""country"": ""PL""}",53.3891,14.6543,LEASE,1817 PLN,per month,Diesel,Manual,FWD
VF3YBF6F1TMD03080,Boxer Base · od 1901 PLN/mies.,Peugeot Boxer Base · Rata od 1901 PLN netto/mies. · Leasing B2B · Poznań · Sprawdź ofertę!,https://sklep.peugeot.pl/produkt/boxer/vf3ybf6f1tmd03080/,https://raw.githubusercontent.com/Andy11001/-alfa-inventory/master/data/images/VF3YBF6F1TMD03080_clean.webp,Peugeot,Boxer,2025,0,KM,Hatchback,Szary Lanzarote Thunder,New,137810 PLN,PLN,"{""addr1"": ""UL. BOLESŁAWA KRZYWOUSTEGO 71"", ""city"": ""POZNAŃ"", ""region"": ""WIELKOPOLSKIE"", ""country"": ""PL""}",52.3787,17.0270,LEASE,1901 PLN,per month,Diesel,Manual,FWD
VF3VPFC38TU441548,Expert Furgon Brygadowy Xl · od 2044 PLN/mies.,Peugeot Expert Furgon Brygadowy Xl · Rata od 2044 PLN netto/mies. · Leasing B2B · Gorzów Wielkopolski · Sprawdź ofertę!,https://sklep.peugeot.pl/produkt/expert/vf3vpfc38tu441548/,https://raw.githubusercontent.com/Andy11001/-alfa-inventory/master/data/images/VF3VPFC38TU441548_clean.webp,Peugeot,Expert,2025,0,KM,Van,B0Mm0B B0Ngris Titaneb,New,148173 PLN,PLN,"{""addr1"": ""GORZÓW WIELKOPOLSKI"", ""city"": ""GORZÓW WIELKOPOLSKI"", ""region"": ""MAZOWIECKIE"", ""country"": ""PL""}",,,LEASE,2044 PLN,per month,Diesel,Manual,FWD
VF3VPFC3XTU441356,Expert Furgon Brygadowy Xl · od 2044 PLN/mies.,Peugeot Expert Furgon Brygadowy Xl · Rata od 2044 PLN netto/mies. · Leasing B2B · Gorzów Wielkopolski · Sprawdź ofertę!,https://sklep.peugeot.pl/produkt/expert/vf3vpfc3xtu441356/,https://raw.githubusercontent.com/Andy11001/-alfa-inventory/master/data/images/VF3VPFC3XTU441356_clean.webp,Peugeot,Expert,2025,0,KM,Van,B0Mm0B B0Ngris Titaneb,New,148173 PLN,PLN,"{""addr1"": ""GORZÓW WIELKOPOLSKI"", ""city"": ""GORZÓW WIELKOPOLSKI"", ""region"": ""MAZOWIECKIE"", ""country"": ""PL""}",,,LEASE,2044 PLN,per month,Diesel,Manual,FWD
VF3VPFC34TU441921,Expert Furgon Xl · od 1754 PLN/mies.,Peugeot Expert Furgon Xl · Rata od 1754 PLN netto/mies. · Leasing B2B · Kalisz · Sprawdź ofertę!,https://sklep.peugeot.pl/produkt/expert/vf3vpfc34tu441921/,https://raw.githubusercontent.com/Andy11001/-alfa-inventory/master/data/images/VF3VPFC34TU441921_clean.webp,Peugeot,Expert,2025,0,KM,Van,Bialy Icy Lakier Bazowy,New,127076 PLN,PLN,"{""addr1"": ""UL. CZĘSTOCHOWSKA 144"", ""city"": ""KALISZ"", ""region"": ""WIELKOPOLSKIE"", ""country"": ""PL""}",51.7612,18.0929,LEASE,1754 PLN,per month,Diesel,Manual,FWD
VF3YBF6F5TG037896,Boxer Base · od 1813 PLN/mies.,Peugeot Boxer Base · Rata od 1813 PLN netto/mies. · Leasing B2B · Kalisz · Sprawdź ofertę!,https://sklep.peugeot.pl/produkt/boxer/vf3ybf6f5tg037896/,https://raw.githubusercontent.com/Andy11001/-alfa-inventory/master/data/images/VF3YBF6F5TG037896_clean.webp,Peugeot,Boxer,2025,0,KM,Hatchback,Bialy Icy,New,131339 PLN,PLN,"{""addr1"": ""UL. CZĘSTOCHOWSKA 144"", ""city"": ""KALISZ"", ""region"": ""WIELKOPOLSKIE"", ""country"": ""PL""}",51.7612,18.0929,LEASE,1813 PLN,per month,Diesel,Manual,FWD
VF3YCF6F2TG036816,Boxer Base · od 2003 PLN/mies.,Peugeot Boxer Base · Rata od 2003 PLN netto/mies. · Leasing B2B · Stare Bielice · Sprawdź ofertę!,https://sklep.peugeot.pl/produkt/boxer/vf3ycf6f2tg036816/,https://raw.githubusercontent.com/Andy11001/-alfa-inventory/master/data/images/VF3YCF6F2TG036816_clean.webp,Peugeot,Boxer,2025,0,KM,Hatchback,Bialy Icy,New,145222 PLN,PLN,"{""addr1"": ""STARE BIELICE"", ""city"": ""STARE BIELICE"", ""region"": ""MAZOWIECKIE"", ""country"": ""PL""}",,,LEASE,2003 PLN,per month,Diesel,Manual,FWD
VF3YCF6F8TG036819,Boxer Base · od 1964 PLN/mies.,Peugeot Boxer Base · Rata od 1964 PLN netto/mies. · Leasing B2B · Sosnowiec · Sprawdź ofertę!,https://sklep.peugeot.pl/produkt/boxer/vf3ycf6f8tg036819/,https://raw.githubusercontent.com/Andy11001/-alfa-inventory/master/data/images/VF3YCF6F8TG036819_clean.webp,Peugeot,Boxer,2025,0,KM,Hatchback,Bialy Icy,New,142358 PLN,PLN,"{""addr1"": ""UL. WOJSKA POLSKIEGO 45"", ""city"": ""SOSNOWIEC"", ""region"": ""ŚLĄSKIE"", ""country"": ""PL""}",50.2863,19.1042,LEASE,1964 PLN,per month,Diesel,Manual,FWD
VF3YDG6F6TG036708,Boxer Base · od 2024 PLN/mies.,Peugeot Boxer Base · Rata od 2024 PLN netto/mies. · Leasing B2B · Poznań · Sprawdź ofertę!,https://sklep.peugeot.pl/produkt/boxer/vf3ydg6f6tg036708/,https://raw.githubusercontent.com/Andy11001/-alfa-inventory/master/data/images/VF3YDG6F6TG036708_clean.webp,Peugeot,Boxer,2025,0,KM,Hatchback,Bialy Icy,New,146769 PLN,PLN,"{""addr1"": ""UL. BOLESŁAWA KRZYWOUSTEGO 71"", ""city"": ""POZNAŃ"", ""region"": ""WIELKOPOLSKIE"", ""country"": ""PL""}",52.3787,17.0270,LEASE,2024 PLN,per month,Diesel,Manual,FWD
VF3YDG6F4TG036707,Boxer Base · od 2024 PLN/mies.,Peugeot Boxer Base · Rata od 2024 PLN netto/mies. · Leasing B2B · Poznań · Sprawdź ofertę!,https://sklep.peugeot.pl/produkt/boxer/vf3ydg6f4tg036707/,https://raw.githubusercontent.com/Andy11001/-alfa-inventory/master/data/images/VF3YDG6F4TG036707_clean.webp,Peugeot,Boxer,2025,0,KM,Hatchback,Bialy Icy,New,146769 PLN,PLN,"{""addr1"": ""UL. BOLESŁAWA KRZYWOUSTEGO 71"", ""city"": ""POZNAŃ"", ""region"": ""WIELKOPOLSKIE"", ""country"": ""PL""}",52.3787,17.0270,LEASE,2024 PLN,per month,Diesel,Manual,FWD
VF3YDF6F3TG036725,Boxer Base · od 1939 PLN/mies.,Peugeot Boxer Base · Rata od 1939 PLN netto/mies. · Leasing B2B · Poznań · Sprawdź ofertę!,https://sklep.peugeot.pl/produkt/boxer/vf3ydf6f3tg036725/,https://raw.githubusercontent.com/Andy11001/-alfa-inventory/master/data/images/VF3YDF6F3TG036725_clean.webp,Peugeot,Boxer,2025,0,KM,Hatchback,Bialy Icy,New,140529 PLN,PLN,"{""addr1"": ""UL. BOLESŁAWA KRZYWOUSTEGO 71"", ""city"": ""POZNAŃ"", ""region"": ""WIELKOPOLSKIE"", ""country"": ""PL""}",52.3787,17.0270,LEASE,1939 PLN,per month,Diesel,Manual,FWD
VF3VPFC31TU439611,Expert Furgon Xl · od 1754 PLN/mies.,Peugeot Expert Furgon Xl · Rata od 1754 PLN netto/mies. · Leasing B2B · Kalisz · Sprawdź ofertę!,https://sklep.peugeot.pl/produkt/expert/vf3vpfc31tu439611/,https://raw.githubusercontent.com/Andy11001/-alfa-inventory/master/data/images/VF3VPFC31TU439611_clean.webp,Peugeot,Expert,2025,0,KM,Van,Bialy Icy Lakier Bazowy,New,127076 PLN,PLN,"{""addr1"": ""UL. CZĘSTOCHOWSKA 144"", ""city"": ""KALISZ"", ""region"": ""WIELKOPOLSKIE"", ""country"": ""PL""}",51.7612,18.0929,LEASE,1754 PLN,per month,Diesel,Manual,FWD
VF3VPFC34TU439604,Expert Furgon Xl · od 1754 PLN/mies.,Peugeot Expert Furgon Xl · Rata od 1754 PLN netto/mies. · Leasing B2B · Kalisz · Sprawdź ofertę!,https://sklep.peugeot.pl/produkt/expert/vf3vpfc34tu439604/,https://raw.githubusercontent.com/Andy11001/-alfa-inventory/master/data/images/VF3VPFC34TU439604_clean.webp,Peugeot,Expert,2025,0,KM,Van,Bialy Icy Lakier Bazowy,New,127076 PLN,PLN,"{""addr1"": ""UL. CZĘSTOCHOWSKA 144"", ""city"": ""KALISZ"", ""region"": ""WIELKOPOLSKIE"", ""country"": ""PL""}",51.7612,18.0929,LEASE,1754 PLN,per month,Diesel,Manual,FWD
VF3YDG6F3TG036097,Boxer Base · od 2131 PLN/mies.,Peugeot Boxer Base · Rata od 2131 PLN netto/mies. · Leasing B2B · Gliwice · Sprawdź ofertę!,https://sklep.peugeot.pl/produkt/boxer/vf3ydg6f3tg036097/,https://raw.githubusercontent.com/Andy11001/-alfa-inventory/master/data/images/VF3YDG6F3TG036097_clean.webp,Peugeot,Boxer,2025,0,KM,Hatchback,Bialy Icy,New,154557 PLN,PLN,"{""addr1"": ""UL. TOSZECKA 101"", ""city"": ""GLIWICE"", ""region"": ""ŚLĄSKIE"", ""country"": ""PL""}",50.2945,18.6714,LEASE,2131 PLN,per month,Diesel,Manual,FWD
VF3YAE6F7TMC99792,Boxer Base · od 1667 PLN/mies.,Peugeot Boxer Base · Rata od 1667 PLN netto/mies. · Leasing B2B · Warszawa · Sprawdź ofertę!,https://sklep.peugeot.pl/produkt/boxer/vf3yae6f7tmc99792/,https://raw.githubusercontent.com/Andy11001/-alfa-inventory/master/data/images/VF3YAE6F7TMC99792_clean.webp,Peugeot,Boxer,2025,0,KM,Hatchback,Szary Lanzarote Thunder,New,120756 PLN,PLN,"{""addr1"": ""AL. KRAKOWSKA 206"", ""city"": ""WARSZAWA"", ""region"": ""MAZOWIECKIE"", ""country"": ""PL""}",52.2084,20.9412,LEASE,1667 PLN,per month,Diesel,Manual,FWD
VF3YDG8F5TG034994,Boxer Base · od 2370 PLN/mies.,Peugeot Boxer Base · Rata od 2370 PLN netto/mies. · Leasing B2B · Gorzów Wielkopolski · Sprawdź ofertę!,https://sklep.peugeot.pl/produkt/boxer/vf3ydg8f5tg034994/,https://raw.githubusercontent.com/Andy11001/-alfa-inventory/master/data/images/VF3YDG8F5TG034994_clean.webp,Peugeot,Boxer,2025,0,KM,Hatchback,Szary Artense Steel,New,171936 PLN,PLN,"{""addr1"": ""GORZÓW WIELKOPOLSKI"", ""city"": ""GORZÓW WIELKOPOLSKI"", ""region"": ""MAZOWIECKIE"", ""country"": ""PL""}",,,LEASE,2370 PLN,per month,Diesel,Automatic,FWD
VF3YDG6F3TG034785,Boxer Base · od 2235 PLN/mies.,Peugeot Boxer Base · Rata od 2235 PLN netto/mies. · Leasing B2B · Łódź · Sprawdź ofertę!,https://sklep.peugeot.pl/produkt/boxer/vf3ydg6f3tg034785/,https://raw.githubusercontent.com/Andy11001/-alfa-inventory/master/data/images/VF3YDG6F3TG034785_clean.webp,Peugeot,Boxer,2025,0,KM,Hatchback,Szary Lanzarote Thunder,New,162148 PLN,PLN,"{""addr1"": ""UL. OBYWATELSKA 181"", ""city"": ""ŁÓDŹ"", ""region"": ""ŁÓDZKIE"", ""country"": ""PL""}",51.7371,19.4316,LEASE,2235 PLN,per month,Diesel,Manual,FWD
VF3YDG6F3TG034768,Boxer Base · od 2193 PLN/mies.,Peugeot Boxer Base · Rata od 2193 PLN netto/mies. · Leasing B2B · Opole · Sprawdź ofertę!,https://sklep.peugeot.pl/produkt/boxer/vf3ydg6f3tg034768/,https://raw.githubusercontent.com/Andy11001/-alfa-inventory/master/data/images/VF3YDG6F3TG034768_clean.webp,Peugeot,Boxer,2025,0,KM,Hatchback,Szary Lanzarote Thunder,New,159053 PLN,PLN,"{""addr1"": ""UL. WROCŁAWSKA 137"", ""city"": ""OPOLE"", ""region"": ""OPOLSKIE"", ""country"": ""PL""}",50.6751,17.9213,LEASE,2193 PLN,per month,Diesel,Manual,FWD
VF3YDF6F5TG034815,Boxer Base · od 2051 PLN/mies.,Peugeot Boxer Base · Rata od 2051 PLN netto/mies. · Leasing B2B · Białystok · Sprawdź ofertę!,https://sklep.peugeot.pl/produkt/boxer/vf3ydf6f5tg034815/,https://raw.githubusercontent.com/Andy11001/-alfa-inventory/master/data/images/VF3YDF6F5TG034815_clean.webp,Peugeot,Boxer,2025,0,KM,Hatchback,Szary Lanzarote Thunder,New,148727 PLN,PLN,"{""addr1"": ""UL. ELEWATORSKA 60"", ""city"": ""BIAŁYSTOK"", ""region"": ""PODLASKIE"", ""country"": ""PL""}",53.1325,23.1688,LEASE,2051 PLN,per month,Diesel,Manual,FWD
VF3YCF6F1TG034992,Boxer Base · od 1882 PLN/mies.,Peugeot Boxer Base · Rata od 1882 PLN netto/mies. · Leasing B2B · Krasne · Sprawdź ofertę!,https://sklep.peugeot.pl/produkt/boxer/vf3ycf6f1tg034992/,https://raw.githubusercontent.com/Andy11001/-alfa-inventory/master/data/images/VF3YCF6F1TG034992_clean.webp,Peugeot,Boxer,2025,0,KM,Hatchback,Bialy Icy,New,136417 PLN,PLN,"{""addr1"": ""KRASNE"", ""city"": ""KRASNE"", ""region"": ""MAZOWIECKIE"", ""country"": ""PL""}",,,LEASE,1882 PLN,per month,Diesel,Manual,FWD
VF3YDG8F3TG034993,Boxer Base · od 2370 PLN/mies.,Peugeot Boxer Base · Rata od 2370 PLN netto/mies. · Leasing B2B · Gorzów Wielkopolski · Sprawdź ofertę!,https://sklep.peugeot.pl/produkt/boxer/vf3ydg8f3tg034993/,https://raw.githubusercontent.com/Andy11001/-alfa-inventory/master/data/images/VF3YDG8F3TG034993_clean.webp,Peugeot,Boxer,2025,0,KM,Hatchback,Szary Artense Steel,New,171936 PLN,PLN,"{""addr1"": ""GORZÓW WIELKOPOLSKI"", ""city"": ""GORZÓW WIELKOPOLSKI"", ""region"": ""MAZOWIECKIE"", ""country"": ""PL""}",,,LEASE,2370 PLN,per month,Diesel,Automatic,FWD
VF3YDG6F8TG034779,Boxer Base · od 2114 PLN/mies.,Peugeot Boxer Base · Rata od 2114 PLN netto/mies. · Leasing B2B · Szczecin · Sprawdź ofertę!,https://sklep.peugeot.pl/produkt/boxer/vf3ydg6f8tg034779/,https://raw.githubusercontent.com/Andy11001/-alfa-inventory/master/data/images/VF3YDG6F8TG034779_clean.webp,Peugeot,Boxer,2025,0,KM,Hatchback,Bialy Icy,New,153309 PLN,PLN,"{""addr1"": ""UL. STRUGA 1B"", ""city"": ""SZCZECIN"", ""region"": ""ZACHODNIOPOMORSKIE"", ""country"": ""PL""}",53.3891,14.6543,LEASE,2114 PLN,per month,Diesel,Manual,FWD
VF3YDG6F6TG034778,Boxer Base · od 2114 PLN/mies.,Peugeot Boxer Base · Rata od 2114 PLN netto/mies. · Leasing B2B · Szczecin · Sprawdź ofertę!,https://sklep.peugeot.pl/produkt/boxer/vf3ydg6f6tg034778/,https://raw.githubusercontent.com/Andy11001/-alfa-inventory/master/data/images/VF3YDG6F6TG034778_clean.webp,Peugeot,Boxer,2025,0,KM,Hatchback,Bialy Icy,New,153309 PLN,PLN,"{""addr1"": ""UL. STRUGA 1B"", ""city"": ""SZCZECIN"", ""region"": ""ZACHODNIOPOMORSKIE"", ""country"": ""PL""}",53.3891,14.6543,LEASE,2114 PLN,per month,Diesel,Manual,FWD
VF3YDF6F7TG034766,Boxer Base · od 2071 PLN/mies.,Peugeot Boxer Base · Rata od 2071 PLN netto/mies. · Leasing B2B · Gorzów Wielkopolski · Sprawdź ofertę!,https://sklep.peugeot.pl/produkt/boxer/vf3ydf6f7tg034766/,https://raw.githubusercontent.com/Andy11001/-alfa-inventory/master/data/images/VF3YDF6F7TG034766_clean.webp,Peugeot,Boxer,2025,0,KM,Hatchback,Szary Artense Steel,New,150180 PLN,PLN,"{""addr1"": ""GORZÓW WIELKOPOLSKI"", ""city"": ""GORZÓW WIELKOPOLSKI"", ""region"": ""MAZOWIECKIE"", ""country"": ""PL""}",,,LEASE,2071 PLN,per month,Diesel,Manual,FWD
VF3VPFC12TU436098,Expert Furgon Xl · od 1978 PLN/mies.,Peugeot Expert Furgon Xl · Rata od 1978 PLN netto/mies. · Leasing B2B · Gorzów Wielkopolski · Sprawdź ofertę!,https://sklep.peugeot.pl/produkt/expert/vf3vpfc12tu436098/,https://raw.githubusercontent.com/Andy11001/-alfa-inventory/master/data/images/VF3VPFC12TU436098_clean.webp,Peugeot,Expert,2025,0,KM,Van,Szary Artense Metaliczny,New,143393 PLN,PLN,"{""addr1"": ""GORZÓW WIELKOPOLSKI"", ""city"": ""GORZÓW WIELKOPOLSKI"", ""region"": ""MAZOWIECKIE"", ""country"": ""PL""}",,,LEASE,1978 PLN,per month,Diesel,Automatic,FWD
VF3YDF6F2TG034786,Boxer Base · od 2039 PLN/mies.,Peugeot Boxer Base · Rata od 2039 PLN netto/mies. · Leasing B2B · Radom · Sprawdź ofertę!,https://sklep.peugeot.pl/produkt/boxer/vf3ydf6f2tg034786/,https://raw.githubusercontent.com/Andy11001/-alfa-inventory/master/data/images/VF3YDF6F2TG034786_clean.webp,Peugeot,Boxer,2025,0,KM,Hatchback,Bialy Icy,New,147821 PLN,PLN,"{""addr1"": ""UL. ŻÓŁKIEWSKIEGO 4"", ""city"": ""RADOM"", ""region"": ""MAZOWIECKIE"", ""country"": ""PL""}",51.4027,21.1471,LEASE,2039 PLN,per month,Diesel,Manual,FWD
VF3YDF6F0TG034821,Boxer Base · od 2031 PLN/mies.,Peugeot Boxer Base · Rata od 2031 PLN netto/mies. · Leasing B2B · Elbląg · Sprawdź ofertę!,https://sklep.peugeot.pl/produkt/boxer/vf3ydf6f0tg034821/,https://raw.githubusercontent.com/Andy11001/-alfa-inventory/master/data/images/VF3YDF6F0TG034821_clean.webp,Peugeot,Boxer,2025,0,KM,Hatchback,Bialy Icy,New,147274 PLN,PLN,"{""addr1"": ""UL. KAZIMIERZOWO 4"", ""city"": ""ELBLĄG"", ""region"": ""WARMIŃSKO-MAZURSKIE"", ""country"": ""PL""}",54.1522,19.4040,LEASE,2031 PLN,per month,Diesel,Manual,FWD
VF3YDF6F2TG034822,Boxer Base · od 2031 PLN/mies.,Peugeot Boxer Base · Rata od 2031 PLN netto/mies. · Leasing B2B · Elbląg · Sprawdź ofertę!,https://sklep.peugeot.pl/produkt/boxer/vf3ydf6f2tg034822/,https://raw.githubusercontent.com/Andy11001/-alfa-inventory/master/data/images/VF3YDF6F2TG034822_clean.webp,Peugeot,Boxer,2025,0,KM,Hatchback,Bialy Icy,New,147274 PLN,PLN,"{""addr1"": ""UL. KAZIMIERZOWO 4"", ""city"": ""ELBLĄG"", ""region"": ""WARMIŃSKO-MAZURSKIE"", ""country"": ""PL""}",54.1522,19.4040,LEASE,2031 PLN,per month,Diesel,Manual,FWD
VF3YDF6F2TG033878,Boxer Base · od 2008 PLN/mies.,Peugeot Boxer Base · Rata od 2008 PLN netto/mies. · Leasing B2B · Elbląg · Sprawdź ofertę!,https://sklep.peugeot.pl/produkt/boxer/vf3ydf6f2tg033878/,https://raw.githubusercontent.com/Andy11001/-alfa-inventory/master/data/images/VF3YDF6F2TG033878_clean.webp,Peugeot,Boxer,2025,0,KM,Hatchback,Szary Artense Steel,New,145564 PLN,PLN,"{""addr1"": ""UL. KAZIMIERZOWO 4"", ""city"": ""ELBLĄG"", ""region"": ""WARMIŃSKO-MAZURSKIE"", ""country"": ""PL""}",54.1522,19.4040,LEASE,2008 PLN,per month,Diesel,Manual,FWD
VF3VPFC3XTU433922,Expert Furgon Xl · od 1909 PLN/mies.,Peugeot Expert Furgon Xl · Rata od 1909 PLN netto/mies. · Leasing B2B · Warszawa · Sprawdź ofertę!,https://sklep.peugeot.pl/produkt/expert/vf3vpfc3xtu433922/,https://raw.githubusercontent.com/Andy11001/-alfa-inventory/master/data/images/VF3VPFC3XTU433922_clean.webp,Peugeot,Expert,2025,0,KM,Van,Szary Artense Metaliczny,New,138366 PLN,PLN,"{""addr1"": ""AL. KRAKOWSKA 206"", ""city"": ""WARSZAWA"", ""region"": ""MAZOWIECKIE"", ""country"": ""PL""}",52.2084,20.9412,LEASE,1909 PLN,per month,Diesel,Automatic,FWD
VF3YDF6F6TG034774,Boxer Base · od 1944 PLN/mies.,Peugeot Boxer Base · Rata od 1944 PLN netto/mies. · Leasing B2B · Poznań · Sprawdź ofertę!,https://sklep.peugeot.pl/produkt/boxer/vf3ydf6f6tg034774/,https://raw.githubusercontent.com/Andy11001/-alfa-inventory/master/data/images/VF3YDF6F6TG034774_clean.webp,Peugeot,Boxer,2025,0,KM,Hatchback,Bialy Icy,New,140948 PLN,PLN,"{""addr1"": ""UL. BOLESŁAWA KRZYWOUSTEGO 71"", ""city"": ""POZNAŃ"", ""region"": ""WIELKOPOLSKIE"", ""country"": ""PL""}",52.3787,17.0270,LEASE,1944 PLN,per month,Diesel,Manual,FWD
VF3YDF6F8TG034775,Boxer Base · od 1944 PLN/mies.,Peugeot Boxer Base · Rata od 1944 PLN netto/mies. · Leasing B2B · Poznań · Sprawdź ofertę!,https://sklep.peugeot.pl/produkt/boxer/vf3ydf6f8tg034775/,https://raw.githubusercontent.com/Andy11001/-alfa-inventory/master/data/images/VF3YDF6F8TG034775_clean.webp,Peugeot,Boxer,2025,0,KM,Hatchback,Bialy Icy,New,140948 PLN,PLN,"{""addr1"": ""UL. BOLESŁAWA KRZYWOUSTEGO 71"", ""city"": ""POZNAŃ"", ""region"": ""WIELKOPOLSKIE"", ""country"": ""PL""}",52.3787,17.0270,LEASE,1944 PLN,per month,Diesel,Manual,FWD
VF3YCF6F5TG034820,Boxer Base · od 2003 PLN/mies.,Peugeot Boxer Base · Rata od 2003 PLN netto/mies. · Leasing B2B · Stare Bielice · Sprawdź ofertę!,https://sklep.peugeot.pl/produkt/boxer/vf3ycf6f5tg034820/,https://raw.githubusercontent.com/Andy11001/-alfa-inventory/master/data/images/VF3YCF6F5TG034820_clean.webp,Peugeot,Boxer,2025,0,KM,Hatchback,Bialy Icy,New,145222 PLN,PLN,"{""addr1"": ""STARE BIELICE"", ""city"": ""STARE BIELICE"", ""region"": ""MAZOWIECKIE"", ""country"": ""PL""}",,,LEASE,2003 PLN,per month,Diesel,Manual,FWD
VF3YDF6F4TG034787,Boxer Base · od 1968 PLN/mies.,Peugeot Boxer Base · Rata od 1968 PLN netto/mies. · Leasing B2B · Warszawa · Sprawdź ofertę!,https://sklep.peugeot.pl/produkt/boxer/vf3ydf6f4tg034787/,https://raw.githubusercontent.com/Andy11001/-alfa-inventory/master/data/images/VF3YDF6F4TG034787_clean.webp,Peugeot,Boxer,2025,0,KM,Hatchback,Bialy Icy,New,142683 PLN,PLN,"{""addr1"": ""AL. KRAKOWSKA 206"", ""city"": ""WARSZAWA"", ""region"": ""MAZOWIECKIE"", ""country"": ""PL""}",52.2084,20.9412,LEASE,1968 PLN,per month,Diesel,Manual,FWD
VF3YDG6F7TG034031,Boxer Base · od 2113 PLN/mies.,Peugeot Boxer Base · Rata od 2113 PLN netto/mies. · Leasing B2B · Radom · Sprawdź ofertę!,https://sklep.peugeot.pl/produkt/boxer/vf3ydg6f7tg034031/,https://raw.githubusercontent.com/Andy11001/-alfa-inventory/master/data/images/VF3YDG6F7TG034031_clean.webp,Peugeot,Boxer,2025,0,KM,Hatchback,Bialy Icy,New,153258 PLN,PLN,"{""addr1"": ""UL. ŻÓŁKIEWSKIEGO 4"", ""city"": ""RADOM"", ""region"": ""MAZOWIECKIE"", ""country"": ""PL""}",51.4027,21.1471,LEASE,2113 PLN,per month,Diesel,Manual,FWD
VF3YBF6F9TG034029,Boxer Base · od 1825 PLN/mies.,Peugeot Boxer Base · Rata od 1825 PLN netto/mies. · Leasing B2B · Leszno · Sprawdź ofertę!,https://sklep.peugeot.pl/produkt/boxer/vf3ybf6f9tg034029/,https://raw.githubusercontent.com/Andy11001/-alfa-inventory/master/data/images/VF3YBF6F9TG034029_clean.webp,Peugeot,Boxer,2025,0,KM,Hatchback,Bialy Icy,New,132245 PLN,PLN,"{""addr1"": ""UL. OKRZEI 12"", ""city"": ""LESZNO"", ""region"": ""WIELKOPOLSKIE"", ""country"": ""PL""}",51.8432,16.5751,LEASE,1825 PLN,per month,Diesel,Manual,FWD
VF3VPFC31TU434442,Expert Furgon Brygadowy Xl · od 2260 PLN/mies.,Peugeot Expert Furgon Brygadowy Xl · Rata od 2260 PLN netto/mies. · Leasing B2B · Sosnowiec · Sprawdź ofertę!,https://sklep.peugeot.pl/produkt/expert/vf3vpfc31tu434442/,https://raw.githubusercontent.com/Andy11001/-alfa-inventory/master/data/images/VF3VPFC31TU434442_clean.webp,Peugeot,Expert,2025,0,KM,Van,B0Mm0B B0Ngris Titaneb,New,163913 PLN,PLN,"{""addr1"": ""UL. WOJSKA POLSKIEGO 45"", ""city"": ""SOSNOWIEC"", ""region"": ""ŚLĄSKIE"", ""country"": ""PL""}",50.2863,19.1042,LEASE,2260 PLN,per month,Diesel,Automatic,FWD
VF3YDG6F9TG033902,Boxer Base · od 2066 PLN/mies.,Peugeot Boxer Base · Rata od 2066 PLN netto/mies. · Leasing B2B · Radom · Sprawdź ofertę!,https://sklep.peugeot.pl/produkt/boxer/vf3ydg6f9tg033902/,https://raw.githubusercontent.com/Andy11001/-alfa-inventory/master/data/images/VF3YDG6F9TG033902_clean.webp,Peugeot,Boxer,2025,0,KM,Hatchback,Bialy Icy,New,149838 PLN,PLN,"{""addr1"": ""UL. ŻÓŁKIEWSKIEGO 4"", ""city"": ""RADOM"", ""region"": ""MAZOWIECKIE"", ""country"": ""PL""}",51.4027,21.1471,LEASE,2066 PLN,per month,Diesel,Manual,FWD
VF3YDF6F0TG033815,Boxer Base · od 1968 PLN/mies.,Peugeot Boxer Base · Rata od 1968 PLN netto/mies. · Leasing B2B · Warszawa · Sprawdź ofertę!,https://sklep.peugeot.pl/produkt/boxer/vf3ydf6f0tg033815/,https://raw.githubusercontent.com/Andy11001/-alfa-inventory/master/data/images/VF3YDF6F0TG033815_clean.webp,Peugeot,Boxer,2025,0,KM,Hatchback,Bialy Icy,New,142683 PLN,PLN,"{""addr1"": ""AL. KRAKOWSKA 206"", ""city"": ""WARSZAWA"", ""region"": ""MAZOWIECKIE"", ""country"": ""PL""}",52.2084,20.9412,LEASE,1968 PLN,per month,Diesel,Manual,FWD
VF3VPFC3XTU434536,Expert Furgon Xl · od 1883 PLN/mies.,Peugeot Expert Furgon Xl · Rata od 1883 PLN netto/mies. · Leasing B2B · Legnica · Sprawdź ofertę!,https://sklep.peugeot.pl/produkt/expert/vf3vpfc3xtu434536/,https://raw.githubusercontent.com/Andy11001/-alfa-inventory/master/data/images/VF3VPFC3XTU434536_clean.webp,Peugeot,Expert,2025,0,KM,Van,Bialy Icy Lakier Bazowy,New,136471 PLN,PLN,"{""addr1"": ""UL. JAWORZYŃSKA 235"", ""city"": ""LEGNICA"", ""region"": ""DOLNOŚLĄSKIE"", ""country"": ""PL""}",51.2070,16.1619,LEASE,1883 PLN,per month,Diesel,Automatic,FWD
VF3VPFC3XTU434519,Expert Furgon Xl · od 1783 PLN/mies.,Peugeot Expert Furgon Xl · Rata od 1783 PLN netto/mies. · Leasing B2B · Gliwice · Sprawdź ofertę!,https://sklep.peugeot.pl/produkt/expert/vf3vpfc3xtu434519/,https://raw.githubusercontent.com/Andy11001/-alfa-inventory/master/data/images/VF3VPFC3XTU434519_clean.webp,Peugeot,Expert,2025,0,KM,Van,Bialy Icy Lakier Bazowy,New,129219 PLN,PLN,"{""addr1"": ""UL. TOSZECKA 101"", ""city"": ""GLIWICE"", ""region"": ""ŚLĄSKIE"", ""country"": ""PL""}",50.2945,18.6714,LEASE,1783 PLN,per month,Diesel,Manual,FWD
VF3YDF6H8TMC84300,Boxer Podwozie Base · od 1817 PLN/mies.,Peugeot Boxer Podwozie Base · Rata od 1817 PLN netto/mies. · Leasing B2B · Szczecin · Sprawdź ofertę!,https://sklep.peugeot.pl/produkt/boxer-podwozie-do-zabudowy-2/vf3ydf6h8tmc84300/,https://raw.githubusercontent.com/Andy11001/-alfa-inventory/master/data/images/VF3YDF6H8TMC84300_clean.webp,Peugeot,Boxer Podwozie,2025,0,KM,Hatchback,Bialy Icy,New,131630 PLN,PLN,"{""addr1"": ""UL. STRUGA 1B"", ""city"": ""SZCZECIN"", ""region"": ""ZACHODNIOPOMORSKIE"", ""country"": ""PL""}",53.3891,14.6543,LEASE,1817 PLN,per month,Diesel,Manual,FWD
VF3YDF6H3TMC84690,Boxer Podwozie Base · od 1817 PLN/mies.,Peugeot Boxer Podwozie Base · Rata od 1817 PLN netto/mies. · Leasing B2B · Szczecin · Sprawdź ofertę!,https://sklep.peugeot.pl/produkt/boxer-podwozie-do-zabudowy-2/vf3ydf6h3tmc84690/,https://raw.githubusercontent.com/Andy11001/-alfa-inventory/master/data/images/VF3YDF6H3TMC84690_clean.webp,Peugeot,Boxer Podwozie,2025,0,KM,Hatchback,Bialy Icy,New,131630 PLN,PLN,"{""addr1"": ""UL. STRUGA 1B"", ""city"": ""SZCZECIN"", ""region"": ""ZACHODNIOPOMORSKIE"", ""country"": ""PL""}",53.3891,14.6543,LEASE,1817 PLN,per month,Diesel,Manual,FWD
VF3YDF6H8TMC78805,Boxer Podwozie Base · od 1807 PLN/mies.,Peugeot Boxer Podwozie Base · Rata od 1807 PLN netto/mies. · Leasing B2B · Szczecin · Sprawdź ofertę!,https://sklep.peugeot.pl/produkt/boxer-podwozie-do-zabudowy-2/vf3ydf6h8tmc78805/,https://raw.githubusercontent.com/Andy11001/-alfa-inventory/master/data/images/VF3YDF6H8TMC78805_clean.webp,Peugeot,Boxer Podwozie,2025,0,KM,Hatchback,Bialy Icy,New,130946 PLN,PLN,"{""addr1"": ""UL. STRUGA 1B"", ""city"": ""SZCZECIN"", ""region"": ""ZACHODNIOPOMORSKIE"", ""country"": ""PL""}",53.3891,14.6543,LEASE,1807 PLN,per month,Diesel,Manual,FWD
VF3YDF6H0TMC79723,Boxer Podwozie Base · od 1807 PLN/mies.,Peugeot Boxer Podwozie Base · Rata od 1807 PLN netto/mies. · Leasing B2B · Szczecin · Sprawdź ofertę!,https://sklep.peugeot.pl/produkt/boxer-podwozie-do-zabudowy-2/vf3ydf6h0tmc79723/,https://raw.githubusercontent.com/Andy11001/-alfa-inventory/master/data/images/VF3YDF6H0TMC79723_clean.webp,Peugeot,Boxer Podwozie,2025,0,KM,Hatchback,Bialy Icy,New,130946 PLN,PLN,"{""addr1"": ""UL. STRUGA 1B"", ""city"": ""SZCZECIN"", ""region"": ""ZACHODNIOPOMORSKIE"", ""country"": ""PL""}",53.3891,14.6543,LEASE,1807 PLN,per month,Diesel,Manual,FWD
VF3VPFC32TU433431,Expert Furgon Brygadowy Xl · od 2026 PLN/mies.,Peugeot Expert Furgon Brygadowy Xl · Rata od 2026 PLN netto/mies. · Leasing B2B · Elbląg · Sprawdź ofertę!,https://sklep.peugeot.pl/produkt/expert/vf3vpfc32tu433431/,https://raw.githubusercontent.com/Andy11001/-alfa-inventory/master/data/images/VF3VPFC32TU433431_clean.webp,Peugeot,Expert,2025,0,KM,Van,B0Mm0B B0Ngris Titaneb,New,146855 PLN,PLN,"{""addr1"": ""UL. KAZIMIERZOWO 4"", ""city"": ""ELBLĄG"", ""region"": ""WARMIŃSKO-MAZURSKIE"", ""country"": ""PL""}",54.1522,19.4040,LEASE,2026 PLN,per month,Diesel,Automatic,FWD
VF3VPFC31TU432514,Expert Furgon M · od 1753 PLN/mies.,Peugeot Expert Furgon M · Rata od 1753 PLN netto/mies. · Leasing B2B · Płock · Sprawdź ofertę!,https://sklep.peugeot.pl/produkt/expert/vf3vpfc31tu432514/,https://raw.githubusercontent.com/Andy11001/-alfa-inventory/master/data/images/VF3VPFC31TU432514_clean.webp,Peugeot,Expert,2025,0,KM,Hatchback,Bialy Icy Lakier Bazowy,New,126994 PLN,PLN,"{""addr1"": ""UL. OTOLIŃSKA 25"", ""city"": ""PŁOCK"", ""region"": ""MAZOWIECKIE"", ""country"": ""PL""}",52.5468,19.7064,LEASE,1753 PLN,per month,Diesel,Manual,FWD
VF3VPFC31TU432156,Expert Furgon Xl · od 1747 PLN/mies.,Peugeot Expert Furgon Xl · Rata od 1747 PLN netto/mies. · Leasing B2B · Opole · Sprawdź ofertę!,https://sklep.peugeot.pl/produkt/expert/vf3vpfc31tu432156/,https://raw.githubusercontent.com/Andy11001/-alfa-inventory/master/data/images/VF3VPFC31TU432156_clean.webp,Peugeot,Expert,2025,0,KM,Van,Bialy Icy Lakier Bazowy,New,126582 PLN,PLN,"{""addr1"": ""UL. WROCŁAWSKA 137"", ""city"": ""OPOLE"", ""region"": ""OPOLSKIE"", ""country"": ""PL""}",50.6751,17.9213,LEASE,1747 PLN,per month,Diesel,Manual,FWD
VF3VPFC39TU432258,Expert Furgon M · od 1701 PLN/mies.,Peugeot Expert Furgon M · Rata od 1701 PLN netto/mies. · Leasing B2B · Opole · Sprawdź ofertę!,https://sklep.peugeot.pl/produkt/expert/vf3vpfc39tu432258/,https://raw.githubusercontent.com/Andy11001/-alfa-inventory/master/data/images/VF3VPFC39TU432258_clean.webp,Peugeot,Expert,2025,0,KM,Hatchback,Bialy Icy Lakier Bazowy,New,123203 PLN,PLN,"{""addr1"": ""UL. WROCŁAWSKA 137"", ""city"": ""OPOLE"", ""region"": ""OPOLSKIE"", ""country"": ""PL""}",50.6751,17.9213,LEASE,1701 PLN,per month,Diesel,Manual,FWD
VF3VPFC39TU432261,Expert Furgon M · od 1701 PLN/mies.,Peugeot Expert Furgon M · Rata od 1701 PLN netto/mies. · Leasing B2B · Opole · Sprawdź ofertę!,https://sklep.peugeot.pl/produkt/expert/vf3vpfc39tu432261/,https://raw.githubusercontent.com/Andy11001/-alfa-inventory/master/data/images/VF3VPFC39TU432261_clean.webp,Peugeot,Expert,2025,0,KM,Hatchback,Bialy Icy Lakier Bazowy,New,123203 PLN,PLN,"{""addr1"": ""UL. WROCŁAWSKA 137"", ""city"": ""OPOLE"", ""region"": ""OPOLSKIE"", ""country"": ""PL""}",50.6751,17.9213,LEASE,1701 PLN,per month,Diesel,Manual,FWD
VF3VJYHV9TU427553,Expert Furgon M · od 1543 PLN/mies.,Peugeot Expert Furgon M · Rata od 1543 PLN netto/mies. · Leasing B2B · Katowice · Sprawdź ofertę!,https://sklep.peugeot.pl/produkt/expert/vf3vjyhv9tu427553/,https://raw.githubusercontent.com/Andy11001/-alfa-inventory/master/data/images/VF3VJYHV9TU427553_clean.webp,Peugeot,Expert,2025,0,KM,Hatchback,Bialy Icy Lakier Bazowy,New,111666 PLN,PLN,"{""addr1"": ""AL. ROŹDZIEŃSKIEGO 170"", ""city"": ""KATOWICE"", ""region"": ""ŚLĄSKIE"", ""country"": ""PL""}",50.2649,19.0238,LEASE,1543 PLN,per month,Diesel,Manual,FWD
VF3VPFC30TU432682,Expert Furgon Brygadowy Xl · od 2026 PLN/mies.,Peugeot Expert Furgon Brygadowy Xl · Rata od 2026 PLN netto/mies. · Leasing B2B · Elbląg · Sprawdź ofertę!,https://sklep.peugeot.pl/produkt/expert/vf3vpfc30tu432682/,https://raw.githubusercontent.com/Andy11001/-alfa-inventory/master/data/images/VF3VPFC30TU432682_clean.webp,Peugeot,Expert,2025,0,KM,Van,B0Mm0B B0Ngris Titaneb,New,146855 PLN,PLN,"{""addr1"": ""UL. KAZIMIERZOWO 4"", ""city"": ""ELBLĄG"", ""region"": ""WARMIŃSKO-MAZURSKIE"", ""country"": ""PL""}",54.1522,19.4040,LEASE,2026 PLN,per month,Diesel,Automatic,FWD
VF3YDF6G9TMC88766,Boxer Podwozie Base · od 2480 PLN/mies.,Peugeot Boxer Podwozie Base · Rata od 2480 PLN netto/mies. · Leasing B2B · Gdańsk · Sprawdź ofertę!,https://sklep.peugeot.pl/produkt/boxer-podwozie-do-zabudowy-2/vf3ydf6g9tmc88766/,https://raw.githubusercontent.com/Andy11001/-alfa-inventory/master/data/images/VF3YDF6G9TMC88766_clean.webp,Peugeot,Boxer Podwozie,2025,0,KM,Hatchback,Bialy Icy,New,179946 PLN,PLN,"{""addr1"": ""AL. GRUNWALDZKA 256"", ""city"": ""GDAŃSK"", ""region"": ""POMORSKIE"", ""country"": ""PL""}",54.4022,18.5714,LEASE,2480 PLN,per month,Diesel,Manual,FWD
VF3VPFC34TU428232,Expert Furgon Xl · od 1733 PLN/mies.,Peugeot Expert Furgon Xl · Rata od 1733 PLN netto/mies. · Leasing B2B · Kalisz · Sprawdź ofertę!,https://sklep.peugeot.pl/produkt/expert/vf3vpfc34tu428232/,https://raw.githubusercontent.com/Andy11001/-alfa-inventory/master/data/images/VF3VPFC34TU428232_clean.webp,Peugeot,Expert,2025,0,KM,Van,Bialy Icy Lakier Bazowy,New,125510 PLN,PLN,"{""addr1"": ""UL. CZĘSTOCHOWSKA 144"", ""city"": ""KALISZ"", ""region"": ""WIELKOPOLSKIE"", ""country"": ""PL""}",51.7612,18.0929,LEASE,1733 PLN,per month,Diesel,Manual,FWD
VF3VPFC30TU428230,Expert Furgon Xl · od 1733 PLN/mies.,Peugeot Expert Furgon Xl · Rata od 1733 PLN netto/mies. · Leasing B2B · Kalisz · Sprawdź ofertę!,https://sklep.peugeot.pl/produkt/expert/vf3vpfc30tu428230/,https://raw.githubusercontent.com/Andy11001/-alfa-inventory/master/data/images/VF3VPFC30TU428230_clean.webp,Peugeot,Expert,2025,0,KM,Van,Bialy Icy Lakier Bazowy,New,125510 PLN,PLN,"{""addr1"": ""UL. CZĘSTOCHOWSKA 144"", ""city"": ""KALISZ"", ""region"": ""WIELKOPOLSKIE"", ""country"": ""PL""}",51.7612,18.0929,LEASE,1733 PLN,per month,Diesel,Manual,FWD
VF3VPFC15TU423426,Expert Furgon Xl · od 2001 PLN/mies.,Peugeot Expert Furgon Xl · Rata od 2001 PLN netto/mies. · Leasing B2B · Płock · Sprawdź ofertę!,https://sklep.peugeot.pl/produkt/expert/vf3vpfc15tu423426/,https://raw.githubusercontent.com/Andy11001/-alfa-inventory/master/data/images/VF3VPFC15TU423426_clean.webp,Peugeot,Expert,2025,0,KM,Van,Bialy Icy Lakier Bazowy,New,145042 PLN,PLN,"{""addr1"": ""UL. OTOLIŃSKA 25"", ""city"": ""PŁOCK"", ""region"": ""MAZOWIECKIE"", ""country"": ""PL""}",52.5468,19.7064,LEASE,2001 PLN,per month,Diesel,Automatic,FWD
VF3YDF6F0TG029473,Boxer Base · od 1888 PLN/mies.,Peugeot Boxer Base · Rata od 1888 PLN netto/mies. · Leasing B2B · Zielona Góra · Sprawdź ofertę!,https://sklep.peugeot.pl/produkt/boxer/vf3ydf6f0tg029473/,https://raw.githubusercontent.com/Andy11001/-alfa-inventory/master/data/images/VF3YDF6F0TG029473_clean.webp,Peugeot,Boxer,2025,0,KM,Hatchback,Bialy Icy,New,136836 PLN,PLN,"{""addr1"": ""ZIELONA GÓRA"", ""city"": ""ZIELONA GÓRA"", ""region"": ""MAZOWIECKIE"", ""country"": ""PL""}",,,LEASE,1888 PLN,per month,Diesel,Manual,FWD
VF3VJYHV0TU424234,Expert Furgon Xl · od 1638 PLN/mies.,Peugeot Expert Furgon Xl · Rata od 1638 PLN netto/mies. · Leasing B2B · Toruń · Sprawdź ofertę!,https://sklep.peugeot.pl/produkt/expert/vf3vjyhv0tu424234/,https://raw.githubusercontent.com/Andy11001/-alfa-inventory/master/data/images/VF3VJYHV0TU424234_clean.webp,Peugeot,Expert,2025,0,KM,Van,Bialy Icy Lakier Bazowy,New,118588 PLN,PLN,"{""addr1"": ""UL. SZOSA BYDGOSKA 52"", ""city"": ""TORUŃ"", ""region"": ""KUJAWSKO-POMORSKIE"", ""country"": ""PL""}",53.0138,18.5984,LEASE,1638 PLN,per month,Diesel,Manual,FWD
VF3YDG6F8TG028805,Boxer Base · od 2145 PLN/mies.,Peugeot Boxer Base · Rata od 2145 PLN netto/mies. · Leasing B2B · Radom · Sprawdź ofertę!,https://sklep.peugeot.pl/produkt/boxer/vf3ydg6f8tg028805/,https://raw.githubusercontent.com/Andy11001/-alfa-inventory/master/data/images/VF3YDG6F8TG028805_clean.webp,Peugeot,Boxer,2025,0,KM,Hatchback,Bialy Icy,New,155591 PLN,PLN,"{""addr1"": ""UL. ŻÓŁKIEWSKIEGO 4"", ""city"": ""RADOM"", ""region"": ""MAZOWIECKIE"", ""country"": ""PL""}",51.4027,21.1471,LEASE,2145 PLN,per month,Diesel,Manual,FWD
VF3YDG6FXTG029471,Boxer Base · od 2533 PLN/mies.,Peugeot Boxer Base · Rata od 2533 PLN netto/mies. · Leasing B2B · Katowice · Sprawdź ofertę!,https://sklep.peugeot.pl/produkt/boxer/vf3ydg6fxtg029471/,https://raw.githubusercontent.com/Andy11001/-alfa-inventory/master/data/images/VF3YDG6FXTG029471_clean.webp,Peugeot,Boxer,2025,0,KM,Hatchback,Szary Artense Steel,New,183800 PLN,PLN,"{""addr1"": ""AL. ROŹDZIEŃSKIEGO 170"", ""city"": ""KATOWICE"", ""region"": ""ŚLĄSKIE"", ""country"": ""PL""}",50.2649,19.0238,LEASE,2533 PLN,per month,Diesel,Manual,FWD
VF3YDF8F2TG028676,Boxer Base · od 2166 PLN/mies.,Peugeot Boxer Base · Rata od 2166 PLN netto/mies. · Leasing B2B · Warszawa · Sprawdź ofertę!,https://sklep.peugeot.pl/produkt/boxer/vf3ydf8f2tg028676/,https://raw.githubusercontent.com/Andy11001/-alfa-inventory/master/data/images/VF3YDF8F2TG028676_clean.webp,Peugeot,Boxer,2025,0,KM,Hatchback,Bialy Icy,New,157096 PLN,PLN,"{""addr1"": ""AL. KRAKOWSKA 206"", ""city"": ""WARSZAWA"", ""region"": ""MAZOWIECKIE"", ""country"": ""PL""}",52.2084,20.9412,LEASE,2166 PLN,per month,Diesel,Automatic,FWD
VF3VPFC32TU422638,Expert Furgon Xl · od 1865 PLN/mies.,Peugeot Expert Furgon Xl · Rata od 1865 PLN netto/mies. · Leasing B2B · Łódź · Sprawdź ofertę!,https://sklep.peugeot.pl/produkt/expert/vf3vpfc32tu422638/,https://raw.githubusercontent.com/Andy11001/-alfa-inventory/master/data/images/VF3VPFC32TU422638_clean.webp,Peugeot,Expert,2025,0,KM,Van,B0Mm0B B0Ngris Titaneb,New,135152 PLN,PLN,"{""addr1"": ""UL. OBYWATELSKA 181"", ""city"": ""ŁÓDŹ"", ""region"": ""ŁÓDZKIE"", ""country"": ""PL""}",51.7371,19.4316,LEASE,1865 PLN,per month,Diesel,Automatic,FWD
VF3YDG8F3TG028692,Boxer Base · od 2194 PLN/mies.,Peugeot Boxer Base · Rata od 2194 PLN netto/mies. · Leasing B2B · Warszawa · Sprawdź ofertę!,https://sklep.peugeot.pl/produkt/boxer/vf3ydg8f3tg028692/,https://raw.githubusercontent.com/Andy11001/-alfa-inventory/master/data/images/VF3YDG8F3TG028692_clean.webp,Peugeot,Boxer,2025,0,KM,Hatchback,Bialy Icy,New,159147 PLN,PLN,"{""addr1"": ""AL. KRAKOWSKA 206"", ""city"": ""WARSZAWA"", ""region"": ""MAZOWIECKIE"", ""country"": ""PL""}",52.2084,20.9412,LEASE,2194 PLN,per month,Diesel,Automatic,FWD
VF3YDG6F0TG027311,Boxer Base · od 2119 PLN/mies.,Peugeot Boxer Base · Rata od 2119 PLN netto/mies. · Leasing B2B · Gliwice · Sprawdź ofertę!,https://sklep.peugeot.pl/produkt/boxer/vf3ydg6f0tg027311/,https://raw.githubusercontent.com/Andy11001/-alfa-inventory/master/data/images/VF3YDG6F0TG027311_clean.webp,Peugeot,Boxer,2025,0,KM,Hatchback,Bialy Icy,New,153702 PLN,PLN,"{""addr1"": ""UL. TOSZECKA 101"", ""city"": ""GLIWICE"", ""region"": ""ŚLĄSKIE"", ""country"": ""PL""}",50.2945,18.6714,LEASE,2119 PLN,per month,Diesel,Manual,FWD
VF3YDF6F4TG027323,Boxer Base · od 1882 PLN/mies.,Peugeot Boxer Base · Rata od 1882 PLN netto/mies. · Leasing B2B · Łódź · Sprawdź ofertę!,https://sklep.peugeot.pl/produkt/boxer/vf3ydf6f4tg027323/,https://raw.githubusercontent.com/Andy11001/-alfa-inventory/master/data/images/VF3YDF6F4TG027323_clean.webp,Peugeot,Boxer,2025,0,KM,Hatchback,Bialy Icy,New,136417 PLN,PLN,"{""addr1"": ""UL. OBYWATELSKA 181"", ""city"": ""ŁÓDŹ"", ""region"": ""ŁÓDZKIE"", ""country"": ""PL""}",51.7371,19.4316,LEASE,1882 PLN,per month,Diesel,Manual,FWD
VF3VPFC36TZ038526,Expert Furgon Xl · od 1736 PLN/mies.,Peugeot Expert Furgon Xl · Rata od 1736 PLN netto/mies. · Leasing B2B · Opole · Sprawdź ofertę!,https://sklep.peugeot.pl/produkt/expert/vf3vpfc36tz038526/,https://raw.githubusercontent.com/Andy11001/-alfa-inventory/master/data/images/VF3VPFC36TZ038526_clean.webp,Peugeot,Expert,2025,0,KM,Van,Bialy Icy Lakier Bazowy,New,125758 PLN,PLN,"{""addr1"": ""UL. WROCŁAWSKA 137"", ""city"": ""OPOLE"", ""region"": ""OPOLSKIE"", ""country"": ""PL""}",50.6751,17.9213,LEASE,1736 PLN,per month,Diesel,Manual,FWD
VF3YDG6F1TG027933,Boxer Base · od 2502 PLN/mies.,Peugeot Boxer Base · Rata od 2502 PLN netto/mies. · Leasing B2B · Katowice · Sprawdź ofertę!,https://sklep.peugeot.pl/produkt/boxer/vf3ydg6f1tg027933/,https://raw.githubusercontent.com/Andy11001/-alfa-inventory/master/data/images/VF3YDG6F1TG027933_clean.webp,Peugeot,Boxer,2025,0,KM,Hatchback,Bialy Icy,New,181600 PLN,PLN,"{""addr1"": ""AL. ROŹDZIEŃSKIEGO 170"", ""city"": ""KATOWICE"", ""region"": ""ŚLĄSKIE"", ""country"": ""PL""}",50.2649,19.0238,LEASE,2502 PLN,per month,Diesel,Manual,FWD
VF3VJYHV8TU421940,Expert Furgon Xl · od 1638 PLN/mies.,Peugeot Expert Furgon Xl · Rata od 1638 PLN netto/mies. · Leasing B2B · Toruń · Sprawdź ofertę!,https://sklep.peugeot.pl/produkt/expert/vf3vjyhv8tu421940/,https://raw.githubusercontent.com/Andy11001/-alfa-inventory/master/data/images/VF3VJYHV8TU421940_clean.webp,Peugeot,Expert,2025,0,KM,Van,Bialy Icy Lakier Bazowy,New,118588 PLN,PLN,"{""addr1"": ""UL. SZOSA BYDGOSKA 52"", ""city"": ""TORUŃ"", ""region"": ""KUJAWSKO-POMORSKIE"", ""country"": ""PL""}",53.0138,18.5984,LEASE,1638 PLN,per month,Diesel,Manual,FWD
VF3YCG6F0TG027344,Boxer Base · od 1996 PLN/mies.,Peugeot Boxer Base · Rata od 1996 PLN netto/mies. · Leasing B2B · Katowice · Sprawdź ofertę!,https://sklep.peugeot.pl/produkt/boxer/vf3ycg6f0tg027344/,https://raw.githubusercontent.com/Andy11001/-alfa-inventory/master/data/images/VF3YCG6F0TG027344_clean.webp,Peugeot,Boxer,2025,0,KM,Hatchback,Szary Lanzarote Thunder,New,144692 PLN,PLN,"{""addr1"": ""AL. ROŹDZIEŃSKIEGO 170"", ""city"": ""KATOWICE"", ""region"": ""ŚLĄSKIE"", ""country"": ""PL""}",50.2649,19.0238,LEASE,1996 PLN,per month,Diesel,Manual,FWD
VF3YDF6F7TG027316,Boxer Base · od 1916 PLN/mies.,Peugeot Boxer Base · Rata od 1916 PLN netto/mies. · Leasing B2B · Toruń · Sprawdź ofertę!,https://sklep.peugeot.pl/produkt/boxer/vf3ydf6f7tg027316/,https://raw.githubusercontent.com/Andy11001/-alfa-inventory/master/data/images/VF3YDF6F7TG027316_clean.webp,Peugeot,Boxer,2025,0,KM,Hatchback,Bialy Icy,New,138853 PLN,PLN,"{""addr1"": ""UL. SZOSA BYDGOSKA 52"", ""city"": ""TORUŃ"", ""region"": ""KUJAWSKO-POMORSKIE"", ""country"": ""PL""}",53.0138,18.5984,LEASE,1916 PLN,per month,Diesel,Manual,FWD
VF3VPFC31TU414157,Expert Furgon Xl · od 1817 PLN/mies.,Peugeot Expert Furgon Xl · Rata od 1817 PLN netto/mies. · Leasing B2B · Krasne · Sprawdź ofertę!,https://sklep.peugeot.pl/produkt/expert/vf3vpfc31tu414157/,https://raw.githubusercontent.com/Andy11001/-alfa-inventory/master/data/images/VF3VPFC31TU414157_clean.webp,Peugeot,Expert,2025,0,KM,Van,Bialy Icy Lakier Bazowy,New,131691 PLN,PLN,"{""addr1"": ""KRASNE"", ""city"": ""KRASNE"", ""region"": ""MAZOWIECKIE"", ""country"": ""PL""}",,,LEASE,1817 PLN,per month,Diesel,Automatic,FWD
VF3YDF6F9TG027544,Boxer Base · od 1944 PLN/mies.,Peugeot Boxer Base · Rata od 1944 PLN netto/mies. · Leasing B2B · Bydgoszcz · Sprawdź ofertę!,https://sklep.peugeot.pl/produkt/boxer/vf3ydf6f9tg027544/,https://raw.githubusercontent.com/Andy11001/-alfa-inventory/master/data/images/VF3YDF6F9TG027544_clean.webp,Peugeot,Boxer,2025,0,KM,Hatchback,Bialy Icy,New,140913 PLN,PLN,"{""addr1"": ""UL. FORDOŃSKA 353"", ""city"": ""BYDGOSZCZ"", ""region"": ""KUJAWSKO-POMORSKIE"", ""country"": ""PL""}",53.1235,18.0084,LEASE,1944 PLN,per month,Diesel,Manual,FWD
VF3YDF6F9TG027527,Boxer Base · od 1944 PLN/mies.,Peugeot Boxer Base · Rata od 1944 PLN netto/mies. · Leasing B2B · Bydgoszcz · Sprawdź ofertę!,https://sklep.peugeot.pl/produkt/boxer/vf3ydf6f9tg027527/,https://raw.githubusercontent.com/Andy11001/-alfa-inventory/master/data/images/VF3YDF6F9TG027527_clean.webp,Peugeot,Boxer,2025,0,KM,Hatchback,Szary Lanzarote Thunder,New,140913 PLN,PLN,"{""addr1"": ""UL. FORDOŃSKA 353"", ""city"": ""BYDGOSZCZ"", ""region"": ""KUJAWSKO-POMORSKIE"", ""country"": ""PL""}",53.1235,18.0084,LEASE,1944 PLN,per month,Diesel,Manual,FWD
VF3VPFC38TU419811,Expert Furgon M · od 1695 PLN/mies.,Peugeot Expert Furgon M · Rata od 1695 PLN netto/mies. · Leasing B2B · Poznań · Sprawdź ofertę!,https://sklep.peugeot.pl/produkt/expert/vf3vpfc38tu419811/,https://raw.githubusercontent.com/Andy11001/-alfa-inventory/master/data/images/VF3VPFC38TU419811_clean.webp,Peugeot,Expert,2025,0,KM,Hatchback,Bialy Icy Lakier Bazowy,New,122791 PLN,PLN,"{""addr1"": ""UL. BOLESŁAWA KRZYWOUSTEGO 71"", ""city"": ""POZNAŃ"", ""region"": ""WIELKOPOLSKIE"", ""country"": ""PL""}",52.3787,17.0270,LEASE,1695 PLN,per month,Diesel,Manual,FWD
VF3YDG6F8TG027170,Boxer Base · od 2014 PLN/mies.,Peugeot Boxer Base · Rata od 2014 PLN netto/mies. · Leasing B2B · Opole · Sprawdź ofertę!,https://sklep.peugeot.pl/produkt/boxer/vf3ydg6f8tg027170/,https://raw.githubusercontent.com/Andy11001/-alfa-inventory/master/data/images/VF3YDG6F8TG027170_clean.webp,Peugeot,Boxer,2025,0,KM,Hatchback,Bialy Icy,New,146017 PLN,PLN,"{""addr1"": ""UL. WROCŁAWSKA 137"", ""city"": ""OPOLE"", ""region"": ""OPOLSKIE"", ""country"": ""PL""}",50.6751,17.9213,LEASE,2014 PLN,per month,Diesel,Manual,FWD
VF3YDG8A2SMC19883,Boxer Podwozie Base · od 2065 PLN/mies.,Peugeot Boxer Podwozie Base · Rata od 2065 PLN netto/mies. · Leasing B2B · Gdańsk · Sprawdź ofertę!,https://sklep.peugeot.pl/produkt/boxer-podwozie-do-zabudowy-2/vf3ydg8a2smc19883/,https://raw.githubusercontent.com/Andy11001/-alfa-inventory/master/data/images/VF3YDG8A2SMC19883_clean.webp,Peugeot,Boxer Podwozie,2025,0,KM,Hatchback,Bialy Icy,New,149761 PLN,PLN,"{""addr1"": ""AL. GRUNWALDZKA 256"", ""city"": ""GDAŃSK"", ""region"": ""POMORSKIE"", ""country"": ""PL""}",54.4022,18.5714,LEASE,2065 PLN,per month,Diesel,Automatic,FWD
VF3YDG6A4TMC45809,Boxer Podwozie Base · od 1995 PLN/mies.,Peugeot Boxer Podwozie Base · Rata od 1995 PLN netto/mies. · Leasing B2B · Gdańsk · Sprawdź ofertę!,https://sklep.peugeot.pl/produkt/boxer-podwozie-do-zabudowy-2/vf3ydg6a4tmc45809/,https://raw.githubusercontent.com/Andy11001/-alfa-inventory/master/data/images/VF3YDG6A4TMC45809_clean.webp,Peugeot,Boxer Podwozie,2025,0,KM,Hatchback,Bialy Icy,New,144632 PLN,PLN,"{""addr1"": ""AL. GRUNWALDZKA 256"", ""city"": ""GDAŃSK"", ""region"": ""POMORSKIE"", ""country"": ""PL""}",54.4022,18.5714,LEASE,1995 PLN,per month,Diesel,Manual,FWD
VF3YDG6A7TMC45027,Boxer Podwozie Base · od 1995 PLN/mies.,Peugeot Boxer Podwozie Base · Rata od 1995 PLN netto/mies. · Leasing B2B · Gdańsk · Sprawdź ofertę!,https://sklep.peugeot.pl/produkt/boxer-podwozie-do-zabudowy-2/vf3ydg6a7tmc45027/,https://raw.githubusercontent.com/Andy11001/-alfa-inventory/master/data/images/VF3YDG6A7TMC45027_clean.webp,Peugeot,Boxer Podwozie,2025,0,KM,Hatchback,Bialy Icy,New,144632 PLN,PLN,"{""addr1"": ""AL. GRUNWALDZKA 256"", ""city"": ""GDAŃSK"", ""region"": ""POMORSKIE"", ""country"": ""PL""}",54.4022,18.5714,LEASE,1995 PLN,per month,Diesel,Manual,FWD
VF3YDG6H7SMB72480,Boxer Podwozie Base · od 1938 PLN/mies.,Peugeot Boxer Podwozie Base · Rata od 1938 PLN netto/mies. · Leasing B2B · Elbląg · Sprawdź ofertę!,https://sklep.peugeot.pl/produkt/boxer-podwozie-do-zabudowy-2/vf3ydg6h7smb72480/,https://raw.githubusercontent.com/Andy11001/-alfa-inventory/master/data/images/VF3YDG6H7SMB72480_clean.webp,Peugeot,Boxer Podwozie,2025,0,KM,Hatchback,Bialy Icy,New,140495 PLN,PLN,"{""addr1"": ""UL. KAZIMIERZOWO 4"", ""city"": ""ELBLĄG"", ""region"": ""WARMIŃSKO-MAZURSKIE"", ""country"": ""PL""}",54.1522,19.4040,LEASE,1938 PLN,per month,Diesel,Manual,FWD
VF3YDG6AXSMB88918,Boxer Podwozie Base · od 1840 PLN/mies.,Peugeot Boxer Podwozie Base · Rata od 1840 PLN netto/mies. · Leasing B2B · Płock · Sprawdź ofertę!,https://sklep.peugeot.pl/produkt/boxer-podwozie-do-zabudowy-2/vf3ydg6axsmb88918/,https://raw.githubusercontent.com/Andy11001/-alfa-inventory/master/data/images/VF3YDG6AXSMB88918_clean.webp,Peugeot,Boxer Podwozie,2025,0,KM,Hatchback,Bialy Icy,New,133305 PLN,PLN,"{""addr1"": ""UL. OTOLIŃSKA 25"", ""city"": ""PŁOCK"", ""region"": ""MAZOWIECKIE"", ""country"": ""PL""}",52.5468,19.7064,LEASE,1840 PLN,per month,Diesel,Manual,FWD
VF3YDF6A2SMC14213,Boxer Podwozie Base · od 1730 PLN/mies.,Peugeot Boxer Podwozie Base · Rata od 1730 PLN netto/mies. · Leasing B2B · Gdańsk · Sprawdź ofertę!,https://sklep.peugeot.pl/produkt/boxer-podwozie-do-zabudowy-2/vf3ydf6a2smc14213/,https://raw.githubusercontent.com/Andy11001/-alfa-inventory/master/data/images/VF3YDF6A2SMC14213_clean.webp,Peugeot,Boxer Podwozie,2025,0,KM,Hatchback,Bialy Icy,New,125347 PLN,PLN,"{""addr1"": ""AL. GRUNWALDZKA 256"", ""city"": ""GDAŃSK"", ""region"": ""POMORSKIE"", ""country"": ""PL""}",54.4022,18.5714,LEASE,1730 PLN,per month,Diesel,Manual,FWD
VF3YDF6A0SMC14419,Boxer Podwozie Base · od 1730 PLN/mies.,Peugeot Boxer Podwozie Base · Rata od 1730 PLN netto/mies. · Leasing B2B · Gdańsk · Sprawdź ofertę!,https://sklep.peugeot.pl/produkt/boxer-podwozie-do-zabudowy-2/vf3ydf6a0smc14419/,https://raw.githubusercontent.com/Andy11001/-alfa-inventory/master/data/images/VF3YDF6A0SMC14419_clean.webp,Peugeot,Boxer Podwozie,2025,0,KM,Hatchback,Bialy Icy,New,125347 PLN,PLN,"{""addr1"": ""AL. GRUNWALDZKA 256"", ""city"": ""GDAŃSK"", ""region"": ""POMORSKIE"", ""country"": ""PL""}",54.4022,18.5714,LEASE,1730 PLN,per month,Diesel,Manual,FWD
VF3VPFC37TU418049,Expert Furgon Brygadowy Xl · od 2004 PLN/mies.,Peugeot Expert Furgon Brygadowy Xl · Rata od 2004 PLN netto/mies. · Leasing B2B · Katowice · Sprawdź ofertę!,https://sklep.peugeot.pl/produkt/expert/vf3vpfc37tu418049/,https://raw.githubusercontent.com/Andy11001/-alfa-inventory/master/data/images/VF3VPFC37TU418049_clean.webp,Peugeot,Expert,2025,0,KM,Van,Szary Artense Metaliczny,New,145289 PLN,PLN,"{""addr1"": ""AL. ROŹDZIEŃSKIEGO 170"", ""city"": ""KATOWICE"", ""region"": ""ŚLĄSKIE"", ""country"": ""PL""}",50.2649,19.0238,LEASE,2004 PLN,per month,Diesel,Automatic,FWD
VF3VPFC32TU415415,Expert Furgon Xl · od 1962 PLN/mies.,Peugeot Expert Furgon Xl · Rata od 1962 PLN netto/mies. · Leasing B2B · Toruń · Sprawdź ofertę!,https://sklep.peugeot.pl/produkt/expert/vf3vpfc32tu415415/,https://raw.githubusercontent.com/Andy11001/-alfa-inventory/master/data/images/VF3VPFC32TU415415_clean.webp,Peugeot,Expert,2025,0,KM,Van,Szary Artense Metaliczny,New,142240 PLN,PLN,"{""addr1"": ""UL. SZOSA BYDGOSKA 52"", ""city"": ""TORUŃ"", ""region"": ""KUJAWSKO-POMORSKIE"", ""country"": ""PL""}",53.0138,18.5984,LEASE,1962 PLN,per month,Diesel,Automatic,FWD
VF3YDF6F9TG025938,Boxer Base · od 2014 PLN/mies.,Peugeot Boxer Base · Rata od 2014 PLN netto/mies. · Leasing B2B · Gliwice · Sprawdź ofertę!,https://sklep.peugeot.pl/produkt/boxer/vf3ydf6f9tg025938/,https://raw.githubusercontent.com/Andy11001/-alfa-inventory/master/data/images/VF3YDF6F9TG025938_clean.webp,Peugeot,Boxer,2025,0,KM,Hatchback,Bialy Icy,New,146008 PLN,PLN,"{""addr1"": ""UL. TOSZECKA 101"", ""city"": ""GLIWICE"", ""region"": ""ŚLĄSKIE"", ""country"": ""PL""}",50.2945,18.6714,LEASE,2014 PLN,per month,Diesel,Manual,FWD
VF3VPFC39TU416254,Expert Furgon Xl · od 1725 PLN/mies.,Peugeot Expert Furgon Xl · Rata od 1725 PLN netto/mies. · Leasing B2B · Częstochowa · Sprawdź ofertę!,https://sklep.peugeot.pl/produkt/expert/vf3vpfc39tu416254/,https://raw.githubusercontent.com/Andy11001/-alfa-inventory/master/data/images/VF3VPFC39TU416254_clean.webp,Peugeot,Expert,2025,0,KM,Van,Bialy Icy Lakier Bazowy,New,124934 PLN,PLN,"{""addr1"": ""CZĘSTOCHOWA"", ""city"": ""CZĘSTOCHOWA"", ""region"": ""MAZOWIECKIE"", ""country"": ""PL""}",,,LEASE,1725 PLN,per month,Diesel,Manual,FWD
VF3VPFC31TU413400,Expert Furgon Brygadowy Xl · od 2004 PLN/mies.,Peugeot Expert Furgon Brygadowy Xl · Rata od 2004 PLN netto/mies. · Leasing B2B · Katowice · Sprawdź ofertę!,https://sklep.peugeot.pl/produkt/expert/vf3vpfc31tu413400/,https://raw.githubusercontent.com/Andy11001/-alfa-inventory/master/data/images/VF3VPFC31TU413400_clean.webp,Peugeot,Expert,2025,0,KM,Van,Szary Artense Metaliczny,New,145289 PLN,PLN,"{""addr1"": ""AL. ROŹDZIEŃSKIEGO 170"", ""city"": ""KATOWICE"", ""region"": ""ŚLĄSKIE"", ""country"": ""PL""}",50.2649,19.0238,LEASE,2004 PLN,per month,Diesel,Automatic,FWD
VR3EDYHZ9TJ628499,Partner Furgon Xl · od 1631 PLN/mies.,Peugeot Partner Furgon Xl · Rata od 1631 PLN netto/mies. · Leasing B2B · Łódź · Sprawdź ofertę!,https://sklep.peugeot.pl/produkt/partner/vr3edyhz9tj628499/,https://raw.githubusercontent.com/Andy11001/-alfa-inventory/master/data/images/VR3EDYHZ9TJ628499_clean.webp,Peugeot,Partner,2025,0,KM,Van,Szary Artense,New,118131 PLN,PLN,"{""addr1"": ""UL. OBYWATELSKA 181"", ""city"": ""ŁÓDŹ"", ""region"": ""ŁÓDZKIE"", ""country"": ""PL""}",51.7371,19.4316,LEASE,1631 PLN,per month,Diesel,Automatic,FWD
VR3EDYHZ7TJ628498,Partner Furgon Xl · od 1631 PLN/mies.,Peugeot Partner Furgon Xl · Rata od 1631 PLN netto/mies. · Leasing B2B · Łódź · Sprawdź ofertę!,https://sklep.peugeot.pl/produkt/partner/vr3edyhz7tj628498/,https://raw.githubusercontent.com/Andy11001/-alfa-inventory/master/data/images/VR3EDYHZ7TJ628498_clean.webp,Peugeot,Partner,2025,0,KM,Van,Szary Artense,New,118131 PLN,PLN,"{""addr1"": ""UL. OBYWATELSKA 181"", ""city"": ""ŁÓDŹ"", ""region"": ""ŁÓDZKIE"", ""country"": ""PL""}",51.7371,19.4316,LEASE,1631 PLN,per month,Diesel,Automatic,FWD
VF3YDG8F1TG018114,Boxer Base · od 2344 PLN/mies.,Peugeot Boxer Base · Rata od 2344 PLN netto/mies. · Leasing B2B · Gdańsk · Sprawdź ofertę!,https://sklep.peugeot.pl/produkt/boxer/vf3ydg8f1tg018114/,https://raw.githubusercontent.com/Andy11001/-alfa-inventory/master/data/images/VF3YDG8F1TG018114_clean.webp,Peugeot,Boxer,2025,0,KM,Hatchback,Czarny Graphito,New,170047 PLN,PLN,"{""addr1"": ""AL. GRUNWALDZKA 256"", ""city"": ""GDAŃSK"", ""region"": ""POMORSKIE"", ""country"": ""PL""}",54.4022,18.5714,LEASE,2344 PLN,per month,Diesel,Automatic,FWD
VR3EDYHZ2TJ628389,Partner Furgon Xl · od 1694 PLN/mies.,Peugeot Partner Furgon Xl · Rata od 1694 PLN netto/mies. · Leasing B2B · Płock · Sprawdź ofertę!,https://sklep.peugeot.pl/produkt/partner/vr3edyhz2tj628389/,https://raw.githubusercontent.com/Andy11001/-alfa-inventory/master/data/images/VR3EDYHZ2TJ628389_clean.webp,Peugeot,Partner,2025,0,KM,Van,Niebieski Kiama,New,122716 PLN,PLN,"{""addr1"": ""UL. OTOLIŃSKA 25"", ""city"": ""PŁOCK"", ""region"": ""MAZOWIECKIE"", ""country"": ""PL""}",52.5468,19.7064,LEASE,1694 PLN,per month,Diesel,Automatic,FWD
VR3EDYHT9TJ605624,Partner Furgon Xl · od 1417 PLN/mies.,Peugeot Partner Furgon Xl · Rata od 1417 PLN netto/mies. · Leasing B2B · Katowice · Sprawdź ofertę!,https://sklep.peugeot.pl/produkt/partner/vr3edyht9tj605624/,https://raw.githubusercontent.com/Andy11001/-alfa-inventory/master/data/images/VR3EDYHT9TJ605624_clean.webp,Peugeot,Partner,2025,0,KM,Van,Bialy Icy White,New,102525 PLN,PLN,"{""addr1"": ""AL. ROŹDZIEŃSKIEGO 170"", ""city"": ""KATOWICE"", ""region"": ""ŚLĄSKIE"", ""country"": ""PL""}",50.2649,19.0238,LEASE,1417 PLN,per month,Diesel,Manual,FWD
VF3YDF6F8TG016051,Boxer Base · od 1978 PLN/mies.,Peugeot Boxer Base · Rata od 1978 PLN netto/mies. · Leasing B2B · Radom · Sprawdź ofertę!,https://sklep.peugeot.pl/produkt/boxer/vf3ydf6f8tg016051/,https://raw.githubusercontent.com/Andy11001/-alfa-inventory/master/data/images/VF3YDF6F8TG016051_clean.webp,Peugeot,Boxer,2025,0,KM,Hatchback,Szary Expedition,New,143358 PLN,PLN,"{""addr1"": ""UL. ŻÓŁKIEWSKIEGO 4"", ""city"": ""RADOM"", ""region"": ""MAZOWIECKIE"", ""country"": ""PL""}",51.4027,21.1471,LEASE,1978 PLN,per month,Diesel,Manual,FWD
VR3EDYHT7TN525134,Partner Furgon M Podwyzszona Ladownosc · od 1349 PLN/mies.,Peugeot Partner Furgon M Podwyzszona Ladownosc · Rata od 1349 PLN netto/mies. · Leasing B2B · Katowice · Sprawdź ofertę!,https://sklep.peugeot.pl/produkt/partner/vr3edyht7tn525134/,https://raw.githubusercontent.com/Andy11001/-alfa-inventory/master/data/images/VR3EDYHT7TN525134_clean.webp,Peugeot,Partner,2025,0,KM,Hatchback,Bialy Icy White,New,97548 PLN,PLN,"{""addr1"": ""AL. ROŹDZIEŃSKIEGO 170"", ""city"": ""KATOWICE"", ""region"": ""ŚLĄSKIE"", ""country"": ""PL""}",50.2649,19.0238,LEASE,1349 PLN,per month,Diesel,Manual,FWD
VR3EDYHT9TN525135,Partner Furgon M Podwyzszona Ladownosc · od 1349 PLN/mies.,Peugeot Partner Furgon M Podwyzszona Ladownosc · Rata od 1349 PLN netto/mies. · Leasing B2B · Katowice · Sprawdź ofertę!,https://sklep.peugeot.pl/produkt/partner/vr3edyht9tn525135/,https://raw.githubusercontent.com/Andy11001/-alfa-inventory/master/data/images/VR3EDYHT9TN525135_clean.webp,Peugeot,Partner,2025,0,KM,Hatchback,Bialy Icy White,New,97548 PLN,PLN,"{""addr1"": ""AL. ROŹDZIEŃSKIEGO 170"", ""city"": ""KATOWICE"", ""region"": ""ŚLĄSKIE"", ""country"": ""PL""}",50.2649,19.0238,LEASE,1349 PLN,per month,Diesel,Manual,FWD
VF3YDF6FXTG016052,Boxer Base · od 1978 PLN/mies.,Peugeot Boxer Base · Rata od 1978 PLN netto/mies. · Leasing B2B · Radom · Sprawdź ofertę!,https://sklep.peugeot.pl/produkt/boxer/vf3ydf6fxtg016052/,https://raw.githubusercontent.com/Andy11001/-alfa-inventory/master/data/images/VF3YDF6FXTG016052_clean.webp,Peugeot,Boxer,2025,0,KM,Hatchback,Szary Expedition,New,143358 PLN,PLN,"{""addr1"": ""UL. ŻÓŁKIEWSKIEGO 4"", ""city"": ""RADOM"", ""region"": ""MAZOWIECKIE"", ""country"": ""PL""}",51.4027,21.1471,LEASE,1978 PLN,per month,Diesel,Manual,FWD
VF3VPFC33TZ019528,Expert Furgon Xl · od 1817 PLN/mies.,Peugeot Expert Furgon Xl · Rata od 1817 PLN netto/mies. · Leasing B2B · Warszawa · Sprawdź ofertę!,https://sklep.peugeot.pl/produkt/expert/vf3vpfc33tz019528/,https://raw.githubusercontent.com/Andy11001/-alfa-inventory/master/data/images/VF3VPFC33TZ019528_clean.webp,Peugeot,Expert,2025,0,KM,Van,Bialy Icy Lakier Bazowy,New,131678 PLN,PLN,"{""addr1"": ""AL. KRAKOWSKA 206"", ""city"": ""WARSZAWA"", ""region"": ""MAZOWIECKIE"", ""country"": ""PL""}",52.2084,20.9412,LEASE,1817 PLN,per month,Diesel,Manual,FWD
VF3VPFC3XTZ019526,Expert Furgon Xl · od 1817 PLN/mies.,Peugeot Expert Furgon Xl · Rata od 1817 PLN netto/mies. · Leasing B2B · Warszawa · Sprawdź ofertę!,https://sklep.peugeot.pl/produkt/expert/vf3vpfc3xtz019526/,https://raw.githubusercontent.com/Andy11001/-alfa-inventory/master/data/images/VF3VPFC3XTZ019526_clean.webp,Peugeot,Expert,2025,0,KM,Van,Bialy Icy Lakier Bazowy,New,131678 PLN,PLN,"{""addr1"": ""AL. KRAKOWSKA 206"", ""city"": ""WARSZAWA"", ""region"": ""MAZOWIECKIE"", ""country"": ""PL""}",52.2084,20.9412,LEASE,1817 PLN,per month,Diesel,Manual,FWD
VF3VPFC35TZ019529,Expert Furgon Xl · od 1817 PLN/mies.,Peugeot Expert Furgon Xl · Rata od 1817 PLN netto/mies. · Leasing B2B · Warszawa · Sprawdź ofertę!,https://sklep.peugeot.pl/produkt/expert/vf3vpfc35tz019529/,https://raw.githubusercontent.com/Andy11001/-alfa-inventory/master/data/images/VF3VPFC35TZ019529_clean.webp,Peugeot,Expert,2025,0,KM,Van,Bialy Icy Lakier Bazowy,New,131678 PLN,PLN,"{""addr1"": ""AL. KRAKOWSKA 206"", ""city"": ""WARSZAWA"", ""region"": ""MAZOWIECKIE"", ""country"": ""PL""}",52.2084,20.9412,LEASE,1817 PLN,per month,Diesel,Manual,FWD
VF3YCF6F0TG015799,Boxer Base · od 1838 PLN/mies.,Peugeot Boxer Base · Rata od 1838 PLN netto/mies. · Leasing B2B · Ełk · Sprawdź ofertę!,https://sklep.peugeot.pl/produkt/boxer/vf3ycf6f0tg015799/,https://raw.githubusercontent.com/Andy11001/-alfa-inventory/master/data/images/VF3YCF6F0TG015799_clean.webp,Peugeot,Boxer,2025,0,KM,Hatchback,Bialy Icy,New,133172 PLN,PLN,"{""addr1"": ""UL. SUWALSKA 2"", ""city"": ""EŁK"", ""region"": ""WARMIŃSKO-MAZURSKIE"", ""country"": ""PL""}",53.8281,22.3647,LEASE,1838 PLN,per month,Diesel,Manual,FWD
VF3YDG6F3TG014682,Boxer Base · od 2097 PLN/mies.,Peugeot Boxer Base · Rata od 2097 PLN netto/mies. · Leasing B2B · Konin · Sprawdź ofertę!,https://sklep.peugeot.pl/produkt/boxer/vf3ydg6f3tg014682/,https://raw.githubusercontent.com/Andy11001/-alfa-inventory/master/data/images/VF3YDG6F3TG014682_clean.webp,Peugeot,Boxer,2025,0,KM,Hatchback,Bialy Icy,New,152060 PLN,PLN,"{""addr1"": ""KONIN"", ""city"": ""KONIN"", ""region"": ""MAZOWIECKIE"", ""country"": ""PL""}",,,LEASE,2097 PLN,per month,Diesel,Manual,FWD
VF3YAE6F3TMC52159,Boxer Base · od 1623 PLN/mies.,Peugeot Boxer Base · Rata od 1623 PLN netto/mies. · Leasing B2B · Warszawa · Sprawdź ofertę!,https://sklep.peugeot.pl/produkt/boxer/vf3yae6f3tmc52159/,https://raw.githubusercontent.com/Andy11001/-alfa-inventory/master/data/images/VF3YAE6F3TMC52159_clean.webp,Peugeot,Boxer,2025,0,KM,Hatchback,Bialy Icy,New,117530 PLN,PLN,"{""addr1"": ""AL. KRAKOWSKA 206"", ""city"": ""WARSZAWA"", ""region"": ""MAZOWIECKIE"", ""country"": ""PL""}",52.2084,20.9412,LEASE,1623 PLN,per month,Diesel,Manual,FWD
VF3VPFC38SU395430,Expert Furgon Brygadowy Xl · od 2033 PLN/mies.,Peugeot Expert Furgon Brygadowy Xl · Rata od 2033 PLN netto/mies. · Leasing B2B · Katowice · Sprawdź ofertę!,https://sklep.peugeot.pl/produkt/expert/vf3vpfc38su395430/,https://raw.githubusercontent.com/Andy11001/-alfa-inventory/master/data/images/VF3VPFC38SU395430_clean.webp,Peugeot,Expert,2025,0,KM,Van,B0Mm0B B0Ngris Titaneb,New,147431 PLN,PLN,"{""addr1"": ""AL. ROŹDZIEŃSKIEGO 170"", ""city"": ""KATOWICE"", ""region"": ""ŚLĄSKIE"", ""country"": ""PL""}",50.2649,19.0238,LEASE,2033 PLN,per month,Diesel,Manual,FWD
VR3EDYHT1SN566888,Partner Furgon M Podwyzszona Ladownosc · od 1340 PLN/mies.,Peugeot Partner Furgon M Podwyzszona Ladownosc · Rata od 1340 PLN netto/mies. · Leasing B2B · Częstochowa · Sprawdź ofertę!,https://sklep.peugeot.pl/produkt/partner/vr3edyht1sn566888/,https://raw.githubusercontent.com/Andy11001/-alfa-inventory/master/data/images/VR3EDYHT1SN566888_clean.jpg,Peugeot,Partner,2025,0,KM,Hatchback,Bialy Icy White,New,96922 PLN,PLN,"{""addr1"": ""CZĘSTOCHOWA"", ""city"": ""CZĘSTOCHOWA"", ""region"": ""MAZOWIECKIE"", ""country"": ""PL""}",,,LEASE,1340 PLN,per month,Diesel,Manual,FWD
VF3YDG6F5TG010651,Boxer Base · od 2026 PLN/mies.,Peugeot Boxer Base · Rata od 2026 PLN netto/mies. · Leasing B2B · Katowice · Sprawdź ofertę!,https://sklep.peugeot.pl/produkt/boxer/vf3ydg6f5tg010651/,https://raw.githubusercontent.com/Andy11001/-alfa-inventory/master/data/images/VF3YDG6F5TG010651_clean.webp,Peugeot,Boxer,2025,0,KM,Hatchback,Bialy Icy,New,146900 PLN,PLN,"{""addr1"": ""AL. ROŹDZIEŃSKIEGO 170"", ""city"": ""KATOWICE"", ""region"": ""ŚLĄSKIE"", ""country"": ""PL""}",50.2649,19.0238,LEASE,2026 PLN,per month,Diesel,Manual,FWD
VF3YDG8F6TG005049,Boxer Base · od 2266 PLN/mies.,Peugeot Boxer Base · Rata od 2266 PLN netto/mies. · Leasing B2B · Częstochowa · Sprawdź ofertę!,https://sklep.peugeot.pl/produkt/boxer/vf3ydg8f6tg005049/,https://raw.githubusercontent.com/Andy11001/-alfa-inventory/master/data/images/VF3YDG8F6TG005049_clean.webp,Peugeot,Boxer,2025,0,KM,Hatchback,Szary Lanzarote Thunder,New,164381 PLN,PLN,"{""addr1"": ""CZĘSTOCHOWA"", ""city"": ""CZĘSTOCHOWA"", ""region"": ""MAZOWIECKIE"", ""country"": ""PL""}",,,LEASE,2266 PLN,per month,Diesel,Automatic,FWD
VF3YCG6F9TG004001,Boxer Base · od 1915 PLN/mies.,Peugeot Boxer Base · Rata od 1915 PLN netto/mies. · Leasing B2B · Elbląg · Sprawdź ofertę!,https://sklep.peugeot.pl/produkt/boxer/vf3ycg6f9tg004001/,https://raw.githubusercontent.com/Andy11001/-alfa-inventory/master/data/images/VF3YCG6F9TG004001_clean.webp,Peugeot,Boxer,2025,0,KM,Hatchback,Bialy Icy,New,138776 PLN,PLN,"{""addr1"": ""UL. KAZIMIERZOWO 4"", ""city"": ""ELBLĄG"", ""region"": ""WARMIŃSKO-MAZURSKIE"", ""country"": ""PL""}",54.1522,19.4040,LEASE,1915 PLN,per month,Diesel,Manual,FWD
VF3VPFC31SU369395,Expert Furgon Brygadowy Skladany Xl · od 1868 PLN/mies.,Peugeot Expert Furgon Brygadowy Skladany Xl · Rata od 1868 PLN netto/mies. · Leasing B2B · Świdnik · Sprawdź ofertę!,https://sklep.peugeot.pl/produkt/expert/vf3vpfc31su369395/,https://raw.githubusercontent.com/Andy11001/-alfa-inventory/master/data/images/VF3VPFC31SU369395_clean.webp,Peugeot,Expert,2025,0,KM,Van,Bialy Icy Lakier Bazowy,New,135355 PLN,PLN,"{""addr1"": ""ŚWIDNIK"", ""city"": ""ŚWIDNIK"", ""region"": ""MAZOWIECKIE"", ""country"": ""PL""}",,,LEASE,1868 PLN,per month,Diesel,Manual,FWD
VR3EDYHT4SJ932236,Partner Furgon Xl · od 1471 PLN/mies.,Peugeot Partner Furgon Xl · Rata od 1471 PLN netto/mies. · Leasing B2B · Warszawa · Sprawdź ofertę!,https://sklep.peugeot.pl/produkt/partner/vr3edyht4sj932236/,https://raw.githubusercontent.com/Andy11001/-alfa-inventory/master/data/images/VR3EDYHT4SJ932236_clean.webp,Peugeot,Partner,2025,0,KM,Van,Szary Artense,New,106486 PLN,PLN,"{""addr1"": ""AL. KRAKOWSKA 206"", ""city"": ""WARSZAWA"", ""region"": ""MAZOWIECKIE"", ""country"": ""PL""}",52.2084,20.9412,LEASE,1471 PLN,per month,Diesel,Manual,FWD
VF3YDG8F7SMB28359,Boxer Base · od 2108 PLN/mies.,Peugeot Boxer Base · Rata od 2108 PLN netto/mies. · Leasing B2B · Katowice · Sprawdź ofertę!,https://sklep.peugeot.pl/produkt/boxer/vf3ydg8f7smb28359/,https://raw.githubusercontent.com/Andy11001/-alfa-inventory/master/data/images/VF3YDG8F7SMB28359_clean.webp,Peugeot,Boxer,2025,0,KM,Hatchback,Bialy Icy,New,152900 PLN,PLN,"{""addr1"": ""AL. ROŹDZIEŃSKIEGO 170"", ""city"": ""KATOWICE"", ""region"": ""ŚLĄSKIE"", ""country"": ""PL""}",50.2649,19.0238,LEASE,2108 PLN,per month,Diesel,Automatic,FWD
