vehicle_id,title,description,link,image_link,additional_image_link,make,model,year,mileage.value,mileage.unit,exterior_color,state_of_vehicle,price,currency,offer_type,amount_price,amount_qualifier,fuel_type,transmission,dealer_name,dealer_address,warranty
SPOT-68598,DS 7 Crossback · 99900 PLN,DS 7 Crossback · Cena: 99900 PLN · Gwarancja Spoticar Premium12 miesięcy · SPOTICAR STELLANTIS & YOU WARSZAWA RADZYMIŃSKA · Sprawdź ofertę!,https://www.spoticar.pl/znajdz-uzywany-samochod/ds-ds-7-crossback-16-puretech-rivoli-aut-warszawa-1200220391,https://s3.eu-central-1.amazonaws.com/uvpictures-eu-central-1/368/SP/PL/DS-DS-7-CROSSBACK-220391_1.JPG,https://s3.eu-central-1.amazonaws.com/uvpictures-eu-central-1/368/SP/PL/DS-DS-7-CROSSBACK-220391_2.JPG|https://s3.eu-central-1.amazonaws.com/uvpictures-eu-central-1/368/SP/PL/DS-DS-7-CROSSBACK-220391_3.JPG|https://s3.eu-central-1.amazonaws.com/uvpictures-eu-central-1/368/SP/PL/DS-DS-7-CROSSBACK-220391_4.JPG,DS,7 Crossback,2022,57532,KM,,Used,99900 PLN,PLN,CASH,99900 PLN,Total,Gasoline,Automatic,SPOTICAR STELLANTIS & YOU WARSZAWA RADZYMIŃSKA,SPOTICAR STELLANTIS & YOU WARSZAWA RADZYMIŃSKASPOTICAR STELLANTIS & YOU WARSZAWA RADZYMIŃSKA,Gwarancja Spoticar Premium12 miesięcy
SPOT-70945,Peugeot 3008 · 89900 PLN,Peugeot 3008 · Cena: 89900 PLN · Gwarancja Spoticar Premium12 miesięcy · Spoticar Stellantis &You Warszawa Al.Jerozolimskie · Sprawdź ofertę!,https://www.spoticar.pl/znajdz-uzywany-samochod/peugeot-3008-15-bluehdi-allure-pack-ss-warszawa-1200222688,https://s3.eu-central-1.amazonaws.com/uvpictures-eu-central-1/368/SP/PL/PEUGEOT-3008-222688_1.JPG,https://s3.eu-central-1.amazonaws.com/uvpictures-eu-central-1/368/SP/PL/PEUGEOT-3008-222688_2.JPG|https://s3.eu-central-1.amazonaws.com/uvpictures-eu-central-1/368/SP/PL/PEUGEOT-3008-222688_3.JPG|https://s3.eu-central-1.amazonaws.com/uvpictures-eu-central-1/368/SP/PL/PEUGEOT-3008-222688_4.JPG,Peugeot,3008,2023,16502,KM,,Used,89900 PLN,PLN,CASH,89900 PLN,Total,Diesel,Manual,Spoticar Stellantis &You Warszawa Al.Jerozolimskie,Spoticar Stellantis &You Warszawa Al.JerozolimskieSpoticar Stellantis &You Warszawa Al.Jerozolimskie,Gwarancja Spoticar Premium12 miesięcy
SPOT-71281,DS 4 · 91900 PLN,DS 4 · Cena: 91900 PLN · Gwarancja Spoticar Premium12 miesięcy · SPOTICAR RIA STALOWA WOLAStalowa Wola / Grebów · Sprawdź ofertę!,https://www.spoticar.pl/znajdz-uzywany-samochod/ds-ds-4-12-puretech-performance-line-aut-stalowa-wola-grebow-1200221884,https://s3.eu-central-1.amazonaws.com/uvpictures-eu-central-1/368/SP/PL/DS-DS-4-221884_1.JPG,https://s3.eu-central-1.amazonaws.com/uvpictures-eu-central-1/368/SP/PL/DS-DS-4-221884_2.JPG|https://s3.eu-central-1.amazonaws.com/uvpictures-eu-central-1/368/SP/PL/DS-DS-4-221884_3.JPG|https://s3.eu-central-1.amazonaws.com/uvpictures-eu-central-1/368/SP/PL/DS-DS-4-221884_4.JPG,DS,4,2023,31907,KM,,Used,91900 PLN,PLN,CASH,91900 PLN,Total,Gasoline,Automatic,SPOTICAR RIA STALOWA WOLAStalowa Wola / Grebów,SPOTICAR RIA STALOWA WOLA,Gwarancja Spoticar Premium12 miesięcy
SPOT-71136,Peugeot 2008 · 86900 PLN,Peugeot 2008 · Cena: 86900 PLN · Gwarancja Spoticar Premium12 miesięcy · SPOTICAR STELLANTIS & YOU WARSZAWA AL. KRAKOWSKA · Sprawdź ofertę!,https://www.spoticar.pl/znajdz-uzywany-samochod/peugeot-2008-puretech-130-gt-ss-eat8-warszawa-1200222876,https://s3.eu-central-1.amazonaws.com/uvpictures-eu-central-1/368/SP/PL/PEUGEOT-2008-222876_1.JPG,https://s3.eu-central-1.amazonaws.com/uvpictures-eu-central-1/368/SP/PL/PEUGEOT-2008-222876_2.JPG|https://s3.eu-central-1.amazonaws.com/uvpictures-eu-central-1/368/SP/PL/PEUGEOT-2008-222876_3.JPG|https://s3.eu-central-1.amazonaws.com/uvpictures-eu-central-1/368/SP/PL/PEUGEOT-2008-222876_4.JPG,Peugeot,2008,2024,45718,KM,,Used,86900 PLN,PLN,CASH,86900 PLN,Total,Gasoline,Automatic,SPOTICAR STELLANTIS & YOU WARSZAWA AL. KRAKOWSKA,SPOTICAR STELLANTIS & YOU WARSZAWA AL. KRAKOWSKASPOTICAR STELLANTIS & YOU WARSZAWA AL. KRAKOWSKA,Gwarancja Spoticar Premium12 miesięcy
SPOT-68880,Opel Astra · 89900 PLN,Opel Astra · Cena: 89900 PLN · Gwarancja Spoticar Premium12 miesięcy · SPOTICAR STELLANTIS & YOU WARSZAWA PUŁAWSKA · Sprawdź ofertę!,https://www.spoticar.pl/znajdz-uzywany-samochod/opel-astra-vi-12-t-gs-ss-aut-warszawa-1200220659,https://s3.eu-central-1.amazonaws.com/uvpictures-eu-central-1/368/SP/PL/OPEL-ASTRA-220659_1.JPG,https://s3.eu-central-1.amazonaws.com/uvpictures-eu-central-1/368/SP/PL/OPEL-ASTRA-220659_2.JPG|https://s3.eu-central-1.amazonaws.com/uvpictures-eu-central-1/368/SP/PL/OPEL-ASTRA-220659_3.JPG|https://s3.eu-central-1.amazonaws.com/uvpictures-eu-central-1/368/SP/PL/OPEL-ASTRA-220659_4.JPG,Opel,Astra,2024,25260,KM,,Used,89900 PLN,PLN,CASH,89900 PLN,Total,Gasoline,Automatic,SPOTICAR STELLANTIS & YOU WARSZAWA PUŁAWSKA,SPOTICAR STELLANTIS & YOU WARSZAWA PUŁAWSKASPOTICAR STELLANTIS & YOU WARSZAWA PUŁAWSKA,Gwarancja Spoticar Premium12 miesięcy
SPOT-67706,Peugeot 408 · 92900 PLN,Peugeot 408 · Cena: 92900 PLN · Gwarancja Spoticar Premium6 miesięcy · SPOTICAR RIA WARSZAWAWARSZAWA · Sprawdź ofertę!,https://www.spoticar.pl/znajdz-uzywany-samochod/peugeot-408-16-plug-hybrid-225-gt-eat8-warszawa-1200219521,https://s3.eu-central-1.amazonaws.com/uvpictures-eu-central-1/368/SP/PL/PEUGEOT-408-219521_1.JPG,https://s3.eu-central-1.amazonaws.com/uvpictures-eu-central-1/368/SP/PL/PEUGEOT-408-219521_2.JPG|https://s3.eu-central-1.amazonaws.com/uvpictures-eu-central-1/368/SP/PL/PEUGEOT-408-219521_3.JPG|https://s3.eu-central-1.amazonaws.com/uvpictures-eu-central-1/368/SP/PL/PEUGEOT-408-219521_4.JPG,Peugeot,408,2023,133255,KM,,Used,92900 PLN,PLN,CASH,92900 PLN,Total,Gasoline,Automatic,SPOTICAR RIA WARSZAWAWARSZAWA,SPOTICAR RIA WARSZAWA,Gwarancja Spoticar Premium6 miesięcy
SPOT-62775,Opel Vivaro · 172188 PLN,Opel Vivaro · Cena: 172188 PLN · Gwarancja Spoticar Premium12 miesięcy · Spoticar GEZET SzczecinSzczecin · Sprawdź ofertę!,https://www.spoticar.pl/znajdz-uzywany-samochod/opel-vivaro-e-kombi-extra-long-3t-enjoy-szczecin-400214742,https://s3.eu-central-1.amazonaws.com/uvpictures-eu-central-1/368/SP/PL/OPEL-VIVARO-214742_1.JPG,https://s3.eu-central-1.amazonaws.com/uvpictures-eu-central-1/368/SP/PL/OPEL-VIVARO-214742_2.JPG|https://s3.eu-central-1.amazonaws.com/uvpictures-eu-central-1/368/SP/PL/OPEL-VIVARO-214742_3.JPG|https://s3.eu-central-1.amazonaws.com/uvpictures-eu-central-1/368/SP/PL/OPEL-VIVARO-214742_4.JPG,Opel,Vivaro,2023,6,KM,,Used,172188 PLN,PLN,CASH,172188 PLN,Total,Electric,Automatic,Spoticar GEZET SzczecinSzczecin,Spoticar GEZET Szczecin,Gwarancja Spoticar Premium12 miesięcy
SPOT-71282,DS 4 · 87900 PLN,DS 4 · Cena: 87900 PLN · Gwarancja Spoticar Premium12 miesięcy · Spoticar  Budmat Auto PłockPłock · Sprawdź ofertę!,https://www.spoticar.pl/znajdz-uzywany-samochod/ds-ds-4-12-puretech-trocadero-aut-plock-1200223027,https://s3.eu-central-1.amazonaws.com/uvpictures-eu-central-1/368/SP/PL/DS-DS-4-223027_1.JPG,https://s3.eu-central-1.amazonaws.com/uvpictures-eu-central-1/368/SP/PL/DS-DS-4-223027_2.JPG|https://s3.eu-central-1.amazonaws.com/uvpictures-eu-central-1/368/SP/PL/DS-DS-4-223027_3.JPG|https://s3.eu-central-1.amazonaws.com/uvpictures-eu-central-1/368/SP/PL/DS-DS-4-223027_4.JPG,DS,4,2023,11800,KM,,Used,87900 PLN,PLN,CASH,87900 PLN,Total,Gasoline,Automatic,Spoticar  Budmat Auto PłockPłock,Spoticar  Budmat Auto Płock,Gwarancja Spoticar Premium12 miesięcy
SPOT-70998,Jeep Compass · 99900 PLN,Jeep Compass · Cena: 99900 PLN · Gwarancja Spoticar Premium12 miesięcy · SPOTICAR WOJCIULA BIAŁYSTOKBialystok · Sprawdź ofertę!,https://www.spoticar.pl/znajdz-uzywany-samochod/jeep-compass-500x-15-t4-hybrid-yacht-club-capri-dct-bialystok-1200222741,https://s3.eu-central-1.amazonaws.com/uvpictures-eu-central-1/368/SP/PL/JEEP-COMPASS-222741_1.JPG,https://s3.eu-central-1.amazonaws.com/uvpictures-eu-central-1/368/SP/PL/JEEP-COMPASS-222741_2.JPG|https://s3.eu-central-1.amazonaws.com/uvpictures-eu-central-1/368/SP/PL/JEEP-COMPASS-222741_3.JPG|https://s3.eu-central-1.amazonaws.com/uvpictures-eu-central-1/368/SP/PL/JEEP-COMPASS-222741_4.JPG,Jeep,Compass,2024,27000,KM,,Used,99900 PLN,PLN,CASH,99900 PLN,Total,Hybrid,Automatic,SPOTICAR WOJCIULA BIAŁYSTOKBialystok,SPOTICAR WOJCIULA BIAŁYSTOK,Gwarancja Spoticar Premium12 miesięcy
SPOT-71483,Opel Mokka · 44900 PLN,Opel Mokka · Cena: 44900 PLN · Gwarancja Spoticar Premium6 miesięcy · Spoticar Fix Forum RzeszówKRASNE · Sprawdź ofertę!,https://www.spoticar.pl/znajdz-uzywany-samochod/opel-mokka-16-active-ss-krasne-1200223204,https://s3.eu-central-1.amazonaws.com/uvpictures-eu-central-1/368/SP/PL/OPEL-MOKKA-223204_1.JPG,https://s3.eu-central-1.amazonaws.com/uvpictures-eu-central-1/368/SP/PL/OPEL-MOKKA-223204_2.JPG|https://s3.eu-central-1.amazonaws.com/uvpictures-eu-central-1/368/SP/PL/OPEL-MOKKA-223204_3.JPG|https://s3.eu-central-1.amazonaws.com/uvpictures-eu-central-1/368/SP/PL/OPEL-MOKKA-223204_4.JPG,Opel,Mokka,2017,113054,KM,,Used,44900 PLN,PLN,CASH,44900 PLN,Total,Gasoline,Manual,Spoticar Fix Forum RzeszówKRASNE,Spoticar Fix Forum Rzeszów,Gwarancja Spoticar Premium6 miesięcy
SPOT-71498,Peugeot 3008 · 111900 PLN,Peugeot 3008 · Cena: 111900 PLN · Gwarancja Spoticar Premium12 miesięcy · SPOTICAR SZTUKOWSKI OSTRÓW WLKP.Ostrów Wielkopolski · Sprawdź ofertę!,https://www.spoticar.pl/znajdz-uzywany-samochod/peugeot-3008-12-puretech-mhev-allure-e-dcs6-ostrow-wielkopolski-1200223185,https://s3.eu-central-1.amazonaws.com/uvpictures-eu-central-1/368/SP/PL/PEUGEOT-3008-223185_1.JPG,https://s3.eu-central-1.amazonaws.com/uvpictures-eu-central-1/368/SP/PL/PEUGEOT-3008-223185_2.JPG|https://s3.eu-central-1.amazonaws.com/uvpictures-eu-central-1/368/SP/PL/PEUGEOT-3008-223185_3.JPG|https://s3.eu-central-1.amazonaws.com/uvpictures-eu-central-1/368/SP/PL/PEUGEOT-3008-223185_4.JPG,Peugeot,3008,2025,17710,KM,,Used,111900 PLN,PLN,CASH,111900 PLN,Total,Hybrid,Automatic,SPOTICAR SZTUKOWSKI OSTRÓW WLKP.Ostrów Wielkopolski,SPOTICAR SZTUKOWSKI OSTRÓW WLKP.,Gwarancja Spoticar Premium12 miesięcy
SPOT-71493,Peugeot 2008 · 83800 PLN,Peugeot 2008 · Cena: 83800 PLN · Gwarancja Spoticar Premium12 miesięcy · SPOTICAR MOJSIUK STARE BABICEBiesiekierz · Sprawdź ofertę!,https://www.spoticar.pl/znajdz-uzywany-samochod/peugeot-2008-12-puretech-allure-pack-ss-eat8-biesiekierz-1200223194,https://s3.eu-central-1.amazonaws.com/uvpictures-eu-central-1/368/SP/PL/PEUGEOT-2008-223194_1.JPG,https://s3.eu-central-1.amazonaws.com/uvpictures-eu-central-1/368/SP/PL/PEUGEOT-2008-223194_2.JPG|https://s3.eu-central-1.amazonaws.com/uvpictures-eu-central-1/368/SP/PL/PEUGEOT-2008-223194_3.JPG|https://s3.eu-central-1.amazonaws.com/uvpictures-eu-central-1/368/SP/PL/PEUGEOT-2008-223194_4.JPG,Peugeot,2008,2024,16904,KM,,Used,83800 PLN,PLN,CASH,83800 PLN,Total,Gasoline,Automatic,SPOTICAR MOJSIUK STARE BABICEBiesiekierz,SPOTICAR MOJSIUK STARE BABICE,Gwarancja Spoticar Premium12 miesięcy
SPOT-70755,Peugeot 3008 · 85900 PLN,Peugeot 3008 · Cena: 85900 PLN · Gwarancja Spoticar Premium12 miesięcy · SPOTICAR STELLANTIS & YOU WARSZAWA RADZYMIŃSKA · Sprawdź ofertę!,https://www.spoticar.pl/znajdz-uzywany-samochod/peugeot-3008-12-puretech-allure-pack-ss-warszawa-1200222490,https://s3.eu-central-1.amazonaws.com/uvpictures-eu-central-1/368/SP/PL/PEUGEOT-3008-222490_1.JPG,https://s3.eu-central-1.amazonaws.com/uvpictures-eu-central-1/368/SP/PL/PEUGEOT-3008-222490_2.JPG|https://s3.eu-central-1.amazonaws.com/uvpictures-eu-central-1/368/SP/PL/PEUGEOT-3008-222490_3.JPG|https://s3.eu-central-1.amazonaws.com/uvpictures-eu-central-1/368/SP/PL/PEUGEOT-3008-222490_4.JPG,Peugeot,3008,2023,25095,KM,,Used,85900 PLN,PLN,CASH,85900 PLN,Total,Gasoline,Manual,SPOTICAR STELLANTIS & YOU WARSZAWA RADZYMIŃSKA,SPOTICAR STELLANTIS & YOU WARSZAWA RADZYMIŃSKASPOTICAR STELLANTIS & YOU WARSZAWA RADZYMIŃSKA,Gwarancja Spoticar Premium12 miesięcy
SPOT-70945,Peugeot 3008 · 89900 PLN,Peugeot 3008 · Cena: 89900 PLN · Gwarancja Spoticar Premium12 miesięcy · Spoticar Stellantis &You Warszawa Al.Jerozolimskie · Sprawdź ofertę!,https://www.spoticar.pl/znajdz-uzywany-samochod/peugeot-3008-15-bluehdi-allure-pack-ss-warszawa-1200222688,https://s3.eu-central-1.amazonaws.com/uvpictures-eu-central-1/368/SP/PL/PEUGEOT-3008-222688_1.JPG,https://s3.eu-central-1.amazonaws.com/uvpictures-eu-central-1/368/SP/PL/PEUGEOT-3008-222688_2.JPG|https://s3.eu-central-1.amazonaws.com/uvpictures-eu-central-1/368/SP/PL/PEUGEOT-3008-222688_3.JPG|https://s3.eu-central-1.amazonaws.com/uvpictures-eu-central-1/368/SP/PL/PEUGEOT-3008-222688_4.JPG,Peugeot,3008,2023,16502,KM,,Used,89900 PLN,PLN,CASH,89900 PLN,Total,Diesel,Manual,Spoticar Stellantis &You Warszawa Al.Jerozolimskie,Spoticar Stellantis &You Warszawa Al.JerozolimskieSpoticar Stellantis &You Warszawa Al.Jerozolimskie,Gwarancja Spoticar Premium12 miesięcy
SPOT-71281,DS 4 · 91900 PLN,DS 4 · Cena: 91900 PLN · Gwarancja Spoticar Premium12 miesięcy · SPOTICAR RIA STALOWA WOLAStalowa Wola / Grebów · Sprawdź ofertę!,https://www.spoticar.pl/znajdz-uzywany-samochod/ds-ds-4-12-puretech-performance-line-aut-stalowa-wola-grebow-1200221884,https://s3.eu-central-1.amazonaws.com/uvpictures-eu-central-1/368/SP/PL/DS-DS-4-221884_1.JPG,https://s3.eu-central-1.amazonaws.com/uvpictures-eu-central-1/368/SP/PL/DS-DS-4-221884_2.JPG|https://s3.eu-central-1.amazonaws.com/uvpictures-eu-central-1/368/SP/PL/DS-DS-4-221884_3.JPG|https://s3.eu-central-1.amazonaws.com/uvpictures-eu-central-1/368/SP/PL/DS-DS-4-221884_4.JPG,DS,4,2023,31907,KM,,Used,91900 PLN,PLN,CASH,91900 PLN,Total,Gasoline,Automatic,SPOTICAR RIA STALOWA WOLAStalowa Wola / Grebów,SPOTICAR RIA STALOWA WOLA,Gwarancja Spoticar Premium12 miesięcy
SPOT-71136,Peugeot 2008 · 86900 PLN,Peugeot 2008 · Cena: 86900 PLN · Gwarancja Spoticar Premium12 miesięcy · SPOTICAR STELLANTIS & YOU WARSZAWA AL. KRAKOWSKA · Sprawdź ofertę!,https://www.spoticar.pl/znajdz-uzywany-samochod/peugeot-2008-puretech-130-gt-ss-eat8-warszawa-1200222876,https://s3.eu-central-1.amazonaws.com/uvpictures-eu-central-1/368/SP/PL/PEUGEOT-2008-222876_1.JPG,https://s3.eu-central-1.amazonaws.com/uvpictures-eu-central-1/368/SP/PL/PEUGEOT-2008-222876_2.JPG|https://s3.eu-central-1.amazonaws.com/uvpictures-eu-central-1/368/SP/PL/PEUGEOT-2008-222876_3.JPG|https://s3.eu-central-1.amazonaws.com/uvpictures-eu-central-1/368/SP/PL/PEUGEOT-2008-222876_4.JPG,Peugeot,2008,2024,45718,KM,,Used,86900 PLN,PLN,CASH,86900 PLN,Total,Gasoline,Automatic,SPOTICAR STELLANTIS & YOU WARSZAWA AL. KRAKOWSKA,SPOTICAR STELLANTIS & YOU WARSZAWA AL. KRAKOWSKASPOTICAR STELLANTIS & YOU WARSZAWA AL. KRAKOWSKA,Gwarancja Spoticar Premium12 miesięcy
SPOT-70658,DS 9 · 114900 PLN,DS 9 · Cena: 114900 PLN · Gwarancja Spoticar Premium12 miesięcy · SPOTICAR RIA STALOWA WOLAStalowa Wola / Grebów · Sprawdź ofertę!,https://www.spoticar.pl/znajdz-uzywany-samochod/ds-9-16-puretech-rivoli-aut-stalowa-wola-grebow-1200222382,https://s3.eu-central-1.amazonaws.com/uvpictures-eu-central-1/368/SP/PL/DS-9-222382_1.JPG,https://s3.eu-central-1.amazonaws.com/uvpictures-eu-central-1/368/SP/PL/DS-9-222382_2.JPG|https://s3.eu-central-1.amazonaws.com/uvpictures-eu-central-1/368/SP/PL/DS-9-222382_3.JPG|https://s3.eu-central-1.amazonaws.com/uvpictures-eu-central-1/368/SP/PL/DS-9-222382_4.JPG,DS,9,2022,89691,KM,,Used,114900 PLN,PLN,CASH,114900 PLN,Total,Gasoline,Automatic,SPOTICAR RIA STALOWA WOLAStalowa Wola / Grebów,SPOTICAR RIA STALOWA WOLA,Gwarancja Spoticar Premium12 miesięcy
SPOT-69353,Peugeot 2008 · 89900 PLN,Peugeot 2008 · Cena: 89900 PLN · Gwarancja Spoticar Premium12 miesięcy · SPOTICAR STELLANTIS & YOU WARSZAWA AL. KRAKOWSKA · Sprawdź ofertę!,https://www.spoticar.pl/znajdz-uzywany-samochod/peugeot-2008-puretech-130-gt-ss-eat8-warszawa-1200221130,https://s3.eu-central-1.amazonaws.com/uvpictures-eu-central-1/368/SP/PL/PEUGEOT-2008-221130_1.JPG,https://s3.eu-central-1.amazonaws.com/uvpictures-eu-central-1/368/SP/PL/PEUGEOT-2008-221130_2.JPG|https://s3.eu-central-1.amazonaws.com/uvpictures-eu-central-1/368/SP/PL/PEUGEOT-2008-221130_3.JPG|https://s3.eu-central-1.amazonaws.com/uvpictures-eu-central-1/368/SP/PL/PEUGEOT-2008-221130_4.JPG,Peugeot,2008,2024,33155,KM,,Used,89900 PLN,PLN,CASH,89900 PLN,Total,Gasoline,Automatic,SPOTICAR STELLANTIS & YOU WARSZAWA AL. KRAKOWSKA,SPOTICAR STELLANTIS & YOU WARSZAWA AL. KRAKOWSKASPOTICAR STELLANTIS & YOU WARSZAWA AL. KRAKOWSKA,Gwarancja Spoticar Premium12 miesięcy
SPOT-70056,Citroën C5 Aircross · 59900 PLN,Citroën C5 Aircross · Cena: 59900 PLN · Gwarancja Spoticar Premium6 miesięcy · SPOTICAR STELLANTIS & YOU WARSZAWA AL. KRAKOWSKA · Sprawdź ofertę!,https://www.spoticar.pl/znajdz-uzywany-samochod/citroen-c5-aircross-12-puretech-c-series-warszawa-1200221803,https://s3.eu-central-1.amazonaws.com/uvpictures-eu-central-1/368/SP/PL/CITROEN-C5-AIRCROSS-221803_1.JPG,https://s3.eu-central-1.amazonaws.com/uvpictures-eu-central-1/368/SP/PL/CITROEN-C5-AIRCROSS-221803_2.JPG|https://s3.eu-central-1.amazonaws.com/uvpictures-eu-central-1/368/SP/PL/CITROEN-C5-AIRCROSS-221803_3.JPG|https://s3.eu-central-1.amazonaws.com/uvpictures-eu-central-1/368/SP/PL/CITROEN-C5-AIRCROSS-221803_4.JPG,Citroën,C5 Aircross,2021,72140,KM,,Used,59900 PLN,PLN,CASH,59900 PLN,Total,Gasoline,Manual,SPOTICAR STELLANTIS & YOU WARSZAWA AL. KRAKOWSKA,SPOTICAR STELLANTIS & YOU WARSZAWA AL. KRAKOWSKASPOTICAR STELLANTIS & YOU WARSZAWA AL. KRAKOWSKA,Gwarancja Spoticar Premium6 miesięcy
SPOT-63118,Citroën C4 · 98999 PLN,Citroën C4 · Cena: 98999 PLN · Gwarancja Spoticar Premium12 miesięcy · SPOTICAR STELLANTIS & YOU WARSZAWA AL. KRAKOWSKA · Sprawdź ofertę!,https://www.spoticar.pl/znajdz-uzywany-samochod/citroen-c4-12-puretech-max-ss-eat8-warszawa-100215077,https://s3.eu-central-1.amazonaws.com/uvpictures-eu-central-1/368/SP/PL/CITROEN-C4-215077_1.JPG,https://s3.eu-central-1.amazonaws.com/uvpictures-eu-central-1/368/SP/PL/CITROEN-C4-215077_2.JPG|https://s3.eu-central-1.amazonaws.com/uvpictures-eu-central-1/368/SP/PL/CITROEN-C4-215077_3.JPG|https://s3.eu-central-1.amazonaws.com/uvpictures-eu-central-1/368/SP/PL/CITROEN-C4-215077_4.JPG,Citroën,C4,2024,5100,KM,,Used,98999 PLN,PLN,CASH,98999 PLN,Total,Gasoline,Automatic,SPOTICAR STELLANTIS & YOU WARSZAWA AL. KRAKOWSKA,SPOTICAR STELLANTIS & YOU WARSZAWA AL. KRAKOWSKASPOTICAR STELLANTIS & YOU WARSZAWA AL. KRAKOWSKA,Gwarancja Spoticar Premium12 miesięcy
SPOT-68880,Opel Astra · 89900 PLN,Opel Astra · Cena: 89900 PLN · Gwarancja Spoticar Premium12 miesięcy · SPOTICAR STELLANTIS & YOU WARSZAWA PUŁAWSKA · Sprawdź ofertę!,https://www.spoticar.pl/znajdz-uzywany-samochod/opel-astra-vi-12-t-gs-ss-aut-warszawa-1200220659,https://s3.eu-central-1.amazonaws.com/uvpictures-eu-central-1/368/SP/PL/OPEL-ASTRA-220659_1.JPG,https://s3.eu-central-1.amazonaws.com/uvpictures-eu-central-1/368/SP/PL/OPEL-ASTRA-220659_2.JPG|https://s3.eu-central-1.amazonaws.com/uvpictures-eu-central-1/368/SP/PL/OPEL-ASTRA-220659_3.JPG|https://s3.eu-central-1.amazonaws.com/uvpictures-eu-central-1/368/SP/PL/OPEL-ASTRA-220659_4.JPG,Opel,Astra,2024,25260,KM,,Used,89900 PLN,PLN,CASH,89900 PLN,Total,Gasoline,Automatic,SPOTICAR STELLANTIS & YOU WARSZAWA PUŁAWSKA,SPOTICAR STELLANTIS & YOU WARSZAWA PUŁAWSKASPOTICAR STELLANTIS & YOU WARSZAWA PUŁAWSKA,Gwarancja Spoticar Premium12 miesięcy
SPOT-69470,DS 7 Crossback · 99900 PLN,DS 7 Crossback · Cena: 99900 PLN · Gwarancja Spoticar Premium6 miesięcy · Spoticar Stellantis &You Warszawa Al.Jerozolimskie · Sprawdź ofertę!,https://www.spoticar.pl/znajdz-uzywany-samochod/ds-ds-7-crossback-16-puretech-rivoli-aut-warszawa-1200221231,https://s3.eu-central-1.amazonaws.com/uvpictures-eu-central-1/368/SP/PL/DS-DS-7-CROSSBACK-221231_1.JPG,https://s3.eu-central-1.amazonaws.com/uvpictures-eu-central-1/368/SP/PL/DS-DS-7-CROSSBACK-221231_2.JPG|https://s3.eu-central-1.amazonaws.com/uvpictures-eu-central-1/368/SP/PL/DS-DS-7-CROSSBACK-221231_3.JPG|https://s3.eu-central-1.amazonaws.com/uvpictures-eu-central-1/368/SP/PL/DS-DS-7-CROSSBACK-221231_4.JPG,DS,7 Crossback,2020,92500,KM,,Used,99900 PLN,PLN,CASH,99900 PLN,Total,Gasoline,Automatic,Spoticar Stellantis &You Warszawa Al.Jerozolimskie,Spoticar Stellantis &You Warszawa Al.JerozolimskieSpoticar Stellantis &You Warszawa Al.Jerozolimskie,Gwarancja Spoticar Premium6 miesięcy
SPOT-69667,Opel Astra · 72900 PLN,Opel Astra · Cena: 72900 PLN · Gwarancja Spoticar Premium12 miesięcy · SPOTICAR STELLANTIS & YOU WARSZAWA AL. KRAKOWSKA · Sprawdź ofertę!,https://www.spoticar.pl/znajdz-uzywany-samochod/opel-astra-vi-12-t-business-edition-ss-warszawa-1200221435,https://s3.eu-central-1.amazonaws.com/uvpictures-eu-central-1/368/SP/PL/OPEL-ASTRA-221435_1.JPG,https://s3.eu-central-1.amazonaws.com/uvpictures-eu-central-1/368/SP/PL/OPEL-ASTRA-221435_2.JPG|https://s3.eu-central-1.amazonaws.com/uvpictures-eu-central-1/368/SP/PL/OPEL-ASTRA-221435_3.JPG|https://s3.eu-central-1.amazonaws.com/uvpictures-eu-central-1/368/SP/PL/OPEL-ASTRA-221435_4.JPG,Opel,Astra,2023,23000,KM,,Used,72900 PLN,PLN,CASH,72900 PLN,Total,Gasoline,Manual,SPOTICAR STELLANTIS & YOU WARSZAWA AL. KRAKOWSKA,SPOTICAR STELLANTIS & YOU WARSZAWA AL. KRAKOWSKASPOTICAR STELLANTIS & YOU WARSZAWA AL. KRAKOWSKA,Gwarancja Spoticar Premium12 miesięcy
SPOT-70114,DS 4 · 115900 PLN,DS 4 · Cena: 115900 PLN · Gwarancja Spoticar Premium12 miesięcy · SPOTICAR STELLANTIS & YOU WARSZAWA AL. KRAKOWSKA · Sprawdź ofertę!,https://www.spoticar.pl/znajdz-uzywany-samochod/ds-ds-4-15-bluehdi-performance-line-aut-warszawa-1200221867,https://s3.eu-central-1.amazonaws.com/uvpictures-eu-central-1/368/SP/PL/DS-DS-4-221867_1.JPG,https://s3.eu-central-1.amazonaws.com/uvpictures-eu-central-1/368/SP/PL/DS-DS-4-221867_2.JPG|https://s3.eu-central-1.amazonaws.com/uvpictures-eu-central-1/368/SP/PL/DS-DS-4-221867_3.JPG|https://s3.eu-central-1.amazonaws.com/uvpictures-eu-central-1/368/SP/PL/DS-DS-4-221867_4.JPG,DS,4,2024,26518,KM,,Used,115900 PLN,PLN,CASH,115900 PLN,Total,Diesel,Automatic,SPOTICAR STELLANTIS & YOU WARSZAWA AL. KRAKOWSKA,SPOTICAR STELLANTIS & YOU WARSZAWA AL. KRAKOWSKASPOTICAR STELLANTIS & YOU WARSZAWA AL. KRAKOWSKA,Gwarancja Spoticar Premium12 miesięcy
SPOT-69371,Opel Mokka · 76900 PLN,Opel Mokka · Cena: 76900 PLN · Gwarancja Spoticar Premium12 miesięcy · SPOTICAR STELLANTIS & YOU WARSZAWA AL. KRAKOWSKA · Sprawdź ofertę!,https://www.spoticar.pl/znajdz-uzywany-samochod/opel-mokka-12-t-gs-ss-aut-warszawa-1200221155,https://s3.eu-central-1.amazonaws.com/uvpictures-eu-central-1/368/SP/PL/OPEL-MOKKA-221155_1.JPG,https://s3.eu-central-1.amazonaws.com/uvpictures-eu-central-1/368/SP/PL/OPEL-MOKKA-221155_2.JPG|https://s3.eu-central-1.amazonaws.com/uvpictures-eu-central-1/368/SP/PL/OPEL-MOKKA-221155_3.JPG|https://s3.eu-central-1.amazonaws.com/uvpictures-eu-central-1/368/SP/PL/OPEL-MOKKA-221155_4.JPG,Opel,Mokka,2024,40578,KM,,Used,76900 PLN,PLN,CASH,76900 PLN,Total,Gasoline,Automatic,SPOTICAR STELLANTIS & YOU WARSZAWA AL. KRAKOWSKA,SPOTICAR STELLANTIS & YOU WARSZAWA AL. KRAKOWSKASPOTICAR STELLANTIS & YOU WARSZAWA AL. KRAKOWSKA,Gwarancja Spoticar Premium12 miesięcy
SPOT-69509,Peugeot 5008 · 106900 PLN,Peugeot 5008 · Cena: 106900 PLN · Gwarancja Spoticar Premium12 miesięcy · Spoticar Stellantis &You Warszawa Al.Jerozolimskie · Sprawdź ofertę!,https://www.spoticar.pl/znajdz-uzywany-samochod/peugeot-5008-15-bluehdi-gt-ss-eat8-warszawa-1200221267,https://s3.eu-central-1.amazonaws.com/uvpictures-eu-central-1/368/SP/PL/PEUGEOT-5008-221267_1.JPG,https://s3.eu-central-1.amazonaws.com/uvpictures-eu-central-1/368/SP/PL/PEUGEOT-5008-221267_2.JPG|https://s3.eu-central-1.amazonaws.com/uvpictures-eu-central-1/368/SP/PL/PEUGEOT-5008-221267_3.JPG|https://s3.eu-central-1.amazonaws.com/uvpictures-eu-central-1/368/SP/PL/PEUGEOT-5008-221267_4.JPG,Peugeot,5008,2024,45517,KM,,Used,106900 PLN,PLN,CASH,106900 PLN,Total,Diesel,Automatic,Spoticar Stellantis &You Warszawa Al.Jerozolimskie,Spoticar Stellantis &You Warszawa Al.JerozolimskieSpoticar Stellantis &You Warszawa Al.Jerozolimskie,Gwarancja Spoticar Premium12 miesięcy
SPOT-69276,Peugeot 308 · 81900 PLN,Peugeot 308 · Cena: 81900 PLN · Gwarancja Spoticar Premium12 miesięcy · Spoticar Stellantis &You Warszawa Al.Jerozolimskie · Sprawdź ofertę!,https://www.spoticar.pl/znajdz-uzywany-samochod/peugeot-308-15-bluehdi-allure-ss-eat8-warszawa-1200221064,https://s3.eu-central-1.amazonaws.com/uvpictures-eu-central-1/368/SP/PL/PEUGEOT-308-221064_1.JPG,https://s3.eu-central-1.amazonaws.com/uvpictures-eu-central-1/368/SP/PL/PEUGEOT-308-221064_2.JPG|https://s3.eu-central-1.amazonaws.com/uvpictures-eu-central-1/368/SP/PL/PEUGEOT-308-221064_3.JPG|https://s3.eu-central-1.amazonaws.com/uvpictures-eu-central-1/368/SP/PL/PEUGEOT-308-221064_4.JPG,Peugeot,308,2023,87500,KM,,Used,81900 PLN,PLN,CASH,81900 PLN,Total,Diesel,Automatic,Spoticar Stellantis &You Warszawa Al.Jerozolimskie,Spoticar Stellantis &You Warszawa Al.JerozolimskieSpoticar Stellantis &You Warszawa Al.Jerozolimskie,Gwarancja Spoticar Premium12 miesięcy
SPOT-68071,Peugeot 2008 · 79900 PLN,Peugeot 2008 · Cena: 79900 PLN · Gwarancja Spoticar Premium12 miesięcy · Spoticar Stellantis &You Warszawa Al.Jerozolimskie · Sprawdź ofertę!,https://www.spoticar.pl/znajdz-uzywany-samochod/peugeot-2008-puretech-130-gt-ss-eat8-warszawa-1200219879,https://s3.eu-central-1.amazonaws.com/uvpictures-eu-central-1/368/SP/PL/PEUGEOT-2008-219879_1.JPG,https://s3.eu-central-1.amazonaws.com/uvpictures-eu-central-1/368/SP/PL/PEUGEOT-2008-219879_2.JPG|https://s3.eu-central-1.amazonaws.com/uvpictures-eu-central-1/368/SP/PL/PEUGEOT-2008-219879_3.JPG|https://s3.eu-central-1.amazonaws.com/uvpictures-eu-central-1/368/SP/PL/PEUGEOT-2008-219879_4.JPG,Peugeot,2008,2023,64699,KM,,Used,79900 PLN,PLN,CASH,79900 PLN,Total,Gasoline,Automatic,Spoticar Stellantis &You Warszawa Al.Jerozolimskie,Spoticar Stellantis &You Warszawa Al.JerozolimskieSpoticar Stellantis &You Warszawa Al.Jerozolimskie,Gwarancja Spoticar Premium12 miesięcy
SPOT-69678,Peugeot 5008 · 121900 PLN,Peugeot 5008 · Cena: 121900 PLN · Gwarancja Spoticar Premium12 miesięcy · Spoticar Stellantis &You Warszawa Al.Jerozolimskie · Sprawdź ofertę!,https://www.spoticar.pl/znajdz-uzywany-samochod/peugeot-5008-15-bluehdi-gt-ss-eat8-warszawa-1200221463,https://s3.eu-central-1.amazonaws.com/uvpictures-eu-central-1/368/SP/PL/PEUGEOT-5008-221463_1.JPG,https://s3.eu-central-1.amazonaws.com/uvpictures-eu-central-1/368/SP/PL/PEUGEOT-5008-221463_2.JPG|https://s3.eu-central-1.amazonaws.com/uvpictures-eu-central-1/368/SP/PL/PEUGEOT-5008-221463_3.JPG|https://s3.eu-central-1.amazonaws.com/uvpictures-eu-central-1/368/SP/PL/PEUGEOT-5008-221463_4.JPG,Peugeot,5008,2024,50537,KM,,Used,121900 PLN,PLN,CASH,121900 PLN,Total,Diesel,Automatic,Spoticar Stellantis &You Warszawa Al.Jerozolimskie,Spoticar Stellantis &You Warszawa Al.JerozolimskieSpoticar Stellantis &You Warszawa Al.Jerozolimskie,Gwarancja Spoticar Premium12 miesięcy
SPOT-69727,Peugeot 2008 · 82900 PLN,Peugeot 2008 · Cena: 82900 PLN · Gwarancja Spoticar Premium12 miesięcy · Spoticar Stellantis &You Warszawa Al.Jerozolimskie · Sprawdź ofertę!,https://www.spoticar.pl/znajdz-uzywany-samochod/peugeot-2008-puretech-130-gt-ss-eat8-warszawa-1200221478,https://s3.eu-central-1.amazonaws.com/uvpictures-eu-central-1/368/SP/PL/PEUGEOT-2008-221478_1.JPG,https://s3.eu-central-1.amazonaws.com/uvpictures-eu-central-1/368/SP/PL/PEUGEOT-2008-221478_2.JPG|https://s3.eu-central-1.amazonaws.com/uvpictures-eu-central-1/368/SP/PL/PEUGEOT-2008-221478_3.JPG|https://s3.eu-central-1.amazonaws.com/uvpictures-eu-central-1/368/SP/PL/PEUGEOT-2008-221478_4.JPG,Peugeot,2008,2024,52200,KM,,Used,82900 PLN,PLN,CASH,82900 PLN,Total,Gasoline,Automatic,Spoticar Stellantis &You Warszawa Al.Jerozolimskie,Spoticar Stellantis &You Warszawa Al.JerozolimskieSpoticar Stellantis &You Warszawa Al.Jerozolimskie,Gwarancja Spoticar Premium12 miesięcy
SPOT-69393,Opel Mokka · 79900 PLN,Opel Mokka · Cena: 79900 PLN · Gwarancja Spoticar Premium12 miesięcy · Spoticar Stellantis &You Warszawa Al.Jerozolimskie · Sprawdź ofertę!,https://www.spoticar.pl/znajdz-uzywany-samochod/opel-mokka-12-t-gs-ss-aut-warszawa-1200221161,https://s3.eu-central-1.amazonaws.com/uvpictures-eu-central-1/368/SP/PL/OPEL-MOKKA-221161_1.JPG,https://s3.eu-central-1.amazonaws.com/uvpictures-eu-central-1/368/SP/PL/OPEL-MOKKA-221161_2.JPG|https://s3.eu-central-1.amazonaws.com/uvpictures-eu-central-1/368/SP/PL/OPEL-MOKKA-221161_3.JPG|https://s3.eu-central-1.amazonaws.com/uvpictures-eu-central-1/368/SP/PL/OPEL-MOKKA-221161_4.JPG,Opel,Mokka,2024,46246,KM,,Used,79900 PLN,PLN,CASH,79900 PLN,Total,Gasoline,Automatic,Spoticar Stellantis &You Warszawa Al.Jerozolimskie,Spoticar Stellantis &You Warszawa Al.JerozolimskieSpoticar Stellantis &You Warszawa Al.Jerozolimskie,Gwarancja Spoticar Premium12 miesięcy
SPOT-69360,Citroën Jumper · 119900 PLN,Citroën Jumper · Cena: 119900 PLN · Gwarancja Spoticar Premium12 miesięcy · Spoticar Stellantis &You Warszawa Al.Jerozolimskie · Sprawdź ofertę!,https://www.spoticar.pl/znajdz-uzywany-samochod/citroen-jumper-33-h3-power-l3h2-warszawa-1200221122,https://s3.eu-central-1.amazonaws.com/uvpictures-eu-central-1/368/SP/PL/CITROEN-JUMPER-221122_1.JPG,https://s3.eu-central-1.amazonaws.com/uvpictures-eu-central-1/368/SP/PL/CITROEN-JUMPER-221122_2.JPG|https://s3.eu-central-1.amazonaws.com/uvpictures-eu-central-1/368/SP/PL/CITROEN-JUMPER-221122_3.JPG|https://s3.eu-central-1.amazonaws.com/uvpictures-eu-central-1/368/SP/PL/CITROEN-JUMPER-221122_4.JPG,Citroën,Jumper,2025,1238,KM,,Used,119900 PLN,PLN,CASH,119900 PLN,Total,Diesel,Manual,Spoticar Stellantis &You Warszawa Al.Jerozolimskie,Spoticar Stellantis &You Warszawa Al.JerozolimskieSpoticar Stellantis &You Warszawa Al.Jerozolimskie,Gwarancja Spoticar Premium12 miesięcy
SPOT-67749,Peugeot 2008 · 79900 PLN,Peugeot 2008 · Cena: 79900 PLN · Gwarancja Spoticar Premium12 miesięcy · Spoticar Stellantis &You Warszawa Al.Jerozolimskie · Sprawdź ofertę!,https://www.spoticar.pl/znajdz-uzywany-samochod/peugeot-2008-puretech-130-allure-ss-eat8-warszawa-1200219550,https://s3.eu-central-1.amazonaws.com/uvpictures-eu-central-1/368/SP/PL/PEUGEOT-2008-219550_1.JPG,https://s3.eu-central-1.amazonaws.com/uvpictures-eu-central-1/368/SP/PL/PEUGEOT-2008-219550_2.JPG|https://s3.eu-central-1.amazonaws.com/uvpictures-eu-central-1/368/SP/PL/PEUGEOT-2008-219550_3.JPG|https://s3.eu-central-1.amazonaws.com/uvpictures-eu-central-1/368/SP/PL/PEUGEOT-2008-219550_4.JPG,Peugeot,2008,2024,34828,KM,,Used,79900 PLN,PLN,CASH,79900 PLN,Total,Gasoline,Automatic,Spoticar Stellantis &You Warszawa Al.Jerozolimskie,Spoticar Stellantis &You Warszawa Al.JerozolimskieSpoticar Stellantis &You Warszawa Al.Jerozolimskie,Gwarancja Spoticar Premium12 miesięcy
SPOT-69762,Peugeot 308 · 92900 PLN,Peugeot 308 · Cena: 92900 PLN · Gwarancja Spoticar Premium12 miesięcy · Spoticar Stellantis &You Warszawa Al.Jerozolimskie · Sprawdź ofertę!,https://www.spoticar.pl/znajdz-uzywany-samochod/peugeot-308-15-bluehdi-gt-ss-eat8-warszawa-1200221510,https://s3.eu-central-1.amazonaws.com/uvpictures-eu-central-1/368/SP/PL/PEUGEOT-308-221510_1.JPG,https://s3.eu-central-1.amazonaws.com/uvpictures-eu-central-1/368/SP/PL/PEUGEOT-308-221510_2.JPG|https://s3.eu-central-1.amazonaws.com/uvpictures-eu-central-1/368/SP/PL/PEUGEOT-308-221510_3.JPG|https://s3.eu-central-1.amazonaws.com/uvpictures-eu-central-1/368/SP/PL/PEUGEOT-308-221510_4.JPG,Peugeot,308,2024,58977,KM,,Used,92900 PLN,PLN,CASH,92900 PLN,Total,Diesel,Automatic,Spoticar Stellantis &You Warszawa Al.Jerozolimskie,Spoticar Stellantis &You Warszawa Al.JerozolimskieSpoticar Stellantis &You Warszawa Al.Jerozolimskie,Gwarancja Spoticar Premium12 miesięcy
SPOT-69583,Opel Astra · 87900 PLN,Opel Astra · Cena: 87900 PLN · Gwarancja Spoticar Premium12 miesięcy · Spoticar Stellantis &You Warszawa Al.Jerozolimskie · Sprawdź ofertę!,https://www.spoticar.pl/znajdz-uzywany-samochod/opel-astra-vi-12-t-gs-ss-aut-warszawa-1200221362,https://s3.eu-central-1.amazonaws.com/uvpictures-eu-central-1/368/SP/PL/OPEL-ASTRA-221362_1.JPG,https://s3.eu-central-1.amazonaws.com/uvpictures-eu-central-1/368/SP/PL/OPEL-ASTRA-221362_2.JPG|https://s3.eu-central-1.amazonaws.com/uvpictures-eu-central-1/368/SP/PL/OPEL-ASTRA-221362_3.JPG|https://s3.eu-central-1.amazonaws.com/uvpictures-eu-central-1/368/SP/PL/OPEL-ASTRA-221362_4.JPG,Opel,Astra,2024,16627,KM,,Used,87900 PLN,PLN,CASH,87900 PLN,Total,Gasoline,Automatic,Spoticar Stellantis &You Warszawa Al.Jerozolimskie,Spoticar Stellantis &You Warszawa Al.JerozolimskieSpoticar Stellantis &You Warszawa Al.Jerozolimskie,Gwarancja Spoticar Premium12 miesięcy
SPOT-69805,Citroën C3 · 48900 PLN,Citroën C3 · Cena: 48900 PLN · Gwarancja Spoticar Premium12 miesięcy · Spoticar Stellantis &You Warszawa Al.Jerozolimskie · Sprawdź ofertę!,https://www.spoticar.pl/znajdz-uzywany-samochod/citroen-c3-12-puretech-max-warszawa-1200221554,https://s3.eu-central-1.amazonaws.com/uvpictures-eu-central-1/368/SP/PL/CITROEN-C3-221554_1.JPG,https://s3.eu-central-1.amazonaws.com/uvpictures-eu-central-1/368/SP/PL/CITROEN-C3-221554_2.JPG|https://s3.eu-central-1.amazonaws.com/uvpictures-eu-central-1/368/SP/PL/CITROEN-C3-221554_3.JPG|https://s3.eu-central-1.amazonaws.com/uvpictures-eu-central-1/368/SP/PL/CITROEN-C3-221554_4.JPG,Citroën,C3,2024,49671,KM,,Used,48900 PLN,PLN,CASH,48900 PLN,Total,Gasoline,Manual,Spoticar Stellantis &You Warszawa Al.Jerozolimskie,Spoticar Stellantis &You Warszawa Al.JerozolimskieSpoticar Stellantis &You Warszawa Al.Jerozolimskie,Gwarancja Spoticar Premium12 miesięcy
SPOT-70577,Peugeot 2008 · 79900 PLN,Peugeot 2008 · Cena: 79900 PLN · Gwarancja Spoticar Premium12 miesięcy · Spoticar Stellantis &You Warszawa Al.Jerozolimskie · Sprawdź ofertę!,https://www.spoticar.pl/znajdz-uzywany-samochod/peugeot-2008-puretech-130-gt-ss-eat8-warszawa-1200222285,https://s3.eu-central-1.amazonaws.com/uvpictures-eu-central-1/368/SP/PL/PEUGEOT-2008-222285_1.JPG,https://s3.eu-central-1.amazonaws.com/uvpictures-eu-central-1/368/SP/PL/PEUGEOT-2008-222285_2.JPG|https://s3.eu-central-1.amazonaws.com/uvpictures-eu-central-1/368/SP/PL/PEUGEOT-2008-222285_3.JPG|https://s3.eu-central-1.amazonaws.com/uvpictures-eu-central-1/368/SP/PL/PEUGEOT-2008-222285_4.JPG,Peugeot,2008,2024,42003,KM,,Used,79900 PLN,PLN,CASH,79900 PLN,Total,Gasoline,Automatic,Spoticar Stellantis &You Warszawa Al.Jerozolimskie,Spoticar Stellantis &You Warszawa Al.JerozolimskieSpoticar Stellantis &You Warszawa Al.Jerozolimskie,Gwarancja Spoticar Premium12 miesięcy
SPOT-68065,DS 4 · 112000 PLN,DS 4 · Cena: 112000 PLN · Gwarancja Spoticar Premium12 miesięcy · Spoticar Stellantis &You Warszawa Al.Jerozolimskie · Sprawdź ofertę!,https://www.spoticar.pl/znajdz-uzywany-samochod/ds-ds-4-12-puretech-pallas-aut-warszawa-1200219867,https://s3.eu-central-1.amazonaws.com/uvpictures-eu-central-1/368/SP/PL/DS-DS-4-219867_1.JPG,https://s3.eu-central-1.amazonaws.com/uvpictures-eu-central-1/368/SP/PL/DS-DS-4-219867_2.JPG|https://s3.eu-central-1.amazonaws.com/uvpictures-eu-central-1/368/SP/PL/DS-DS-4-219867_3.JPG|https://s3.eu-central-1.amazonaws.com/uvpictures-eu-central-1/368/SP/PL/DS-DS-4-219867_4.JPG,DS,4,2024,13151,KM,,Used,112000 PLN,PLN,CASH,112000 PLN,Total,Gasoline,Automatic,Spoticar Stellantis &You Warszawa Al.Jerozolimskie,Spoticar Stellantis &You Warszawa Al.JerozolimskieSpoticar Stellantis &You Warszawa Al.Jerozolimskie,Gwarancja Spoticar Premium12 miesięcy
SPOT-67854,Peugeot 3008 · 85900 PLN,Peugeot 3008 · Cena: 85900 PLN · Gwarancja Spoticar Premium12 miesięcy · Spoticar Stellantis &You Warszawa Al.Jerozolimskie · Sprawdź ofertę!,https://www.spoticar.pl/znajdz-uzywany-samochod/peugeot-3008-12-puretech-allure-pack-ss-eat8-warszawa-1200219652,https://s3.eu-central-1.amazonaws.com/uvpictures-eu-central-1/368/SP/PL/PEUGEOT-3008-219652_1.JPG,https://s3.eu-central-1.amazonaws.com/uvpictures-eu-central-1/368/SP/PL/PEUGEOT-3008-219652_2.JPG|https://s3.eu-central-1.amazonaws.com/uvpictures-eu-central-1/368/SP/PL/PEUGEOT-3008-219652_3.JPG|https://s3.eu-central-1.amazonaws.com/uvpictures-eu-central-1/368/SP/PL/PEUGEOT-3008-219652_4.JPG,Peugeot,3008,2024,46164,KM,,Used,85900 PLN,PLN,CASH,85900 PLN,Total,Gasoline,Automatic,Spoticar Stellantis &You Warszawa Al.Jerozolimskie,Spoticar Stellantis &You Warszawa Al.JerozolimskieSpoticar Stellantis &You Warszawa Al.Jerozolimskie,Gwarancja Spoticar Premium12 miesięcy
SPOT-67706,Peugeot 408 · 92900 PLN,Peugeot 408 · Cena: 92900 PLN · Gwarancja Spoticar Premium6 miesięcy · SPOTICAR RIA WARSZAWAWARSZAWA · Sprawdź ofertę!,https://www.spoticar.pl/znajdz-uzywany-samochod/peugeot-408-16-plug-hybrid-225-gt-eat8-warszawa-1200219521,https://s3.eu-central-1.amazonaws.com/uvpictures-eu-central-1/368/SP/PL/PEUGEOT-408-219521_1.JPG,https://s3.eu-central-1.amazonaws.com/uvpictures-eu-central-1/368/SP/PL/PEUGEOT-408-219521_2.JPG|https://s3.eu-central-1.amazonaws.com/uvpictures-eu-central-1/368/SP/PL/PEUGEOT-408-219521_3.JPG|https://s3.eu-central-1.amazonaws.com/uvpictures-eu-central-1/368/SP/PL/PEUGEOT-408-219521_4.JPG,Peugeot,408,2023,133255,KM,,Used,92900 PLN,PLN,CASH,92900 PLN,Total,Gasoline,Automatic,SPOTICAR RIA WARSZAWAWARSZAWA,SPOTICAR RIA WARSZAWA,Gwarancja Spoticar Premium6 miesięcy
SPOT-69751,Peugeot 2008 · 89900 PLN,Peugeot 2008 · Cena: 89900 PLN · Gwarancja Spoticar Premium12 miesięcy · Spoticar Stellantis &You Warszawa Al.Jerozolimskie · Sprawdź ofertę!,https://www.spoticar.pl/znajdz-uzywany-samochod/peugeot-2008-puretech-130-gt-ss-eat8-warszawa-1200221512,https://s3.eu-central-1.amazonaws.com/uvpictures-eu-central-1/368/SP/PL/PEUGEOT-2008-221512_1.JPG,https://s3.eu-central-1.amazonaws.com/uvpictures-eu-central-1/368/SP/PL/PEUGEOT-2008-221512_2.JPG|https://s3.eu-central-1.amazonaws.com/uvpictures-eu-central-1/368/SP/PL/PEUGEOT-2008-221512_3.JPG|https://s3.eu-central-1.amazonaws.com/uvpictures-eu-central-1/368/SP/PL/PEUGEOT-2008-221512_4.JPG,Peugeot,2008,2024,39958,KM,,Used,89900 PLN,PLN,CASH,89900 PLN,Total,Gasoline,Automatic,Spoticar Stellantis &You Warszawa Al.Jerozolimskie,Spoticar Stellantis &You Warszawa Al.JerozolimskieSpoticar Stellantis &You Warszawa Al.Jerozolimskie,Gwarancja Spoticar Premium12 miesięcy
SPOT-68683,Peugeot 2008 · 72900 PLN,Peugeot 2008 · Cena: 72900 PLN · Gwarancja Spoticar Premium12 miesięcy · Spoticar Stellantis &You Warszawa Al.Jerozolimskie · Sprawdź ofertę!,https://www.spoticar.pl/znajdz-uzywany-samochod/peugeot-2008-puretech-130-allure-ss-eat8-warszawa-1200220450,https://s3.eu-central-1.amazonaws.com/uvpictures-eu-central-1/368/SP/PL/PEUGEOT-2008-220450_1.JPG,https://s3.eu-central-1.amazonaws.com/uvpictures-eu-central-1/368/SP/PL/PEUGEOT-2008-220450_2.JPG|https://s3.eu-central-1.amazonaws.com/uvpictures-eu-central-1/368/SP/PL/PEUGEOT-2008-220450_3.JPG|https://s3.eu-central-1.amazonaws.com/uvpictures-eu-central-1/368/SP/PL/PEUGEOT-2008-220450_4.JPG,Peugeot,2008,2024,42100,KM,,Used,72900 PLN,PLN,CASH,72900 PLN,Total,Gasoline,Automatic,Spoticar Stellantis &You Warszawa Al.Jerozolimskie,Spoticar Stellantis &You Warszawa Al.JerozolimskieSpoticar Stellantis &You Warszawa Al.Jerozolimskie,Gwarancja Spoticar Premium12 miesięcy
SPOT-68381,Peugeot 5008 · 121900 PLN,Peugeot 5008 · Cena: 121900 PLN · Gwarancja Spoticar Premium12 miesięcy · Spoticar Stellantis &You Warszawa Al.Jerozolimskie · Sprawdź ofertę!,https://www.spoticar.pl/znajdz-uzywany-samochod/peugeot-5008-15-bluehdi-gt-ss-eat8-warszawa-1200220159,https://s3.eu-central-1.amazonaws.com/uvpictures-eu-central-1/368/SP/PL/PEUGEOT-5008-220159_1.JPG,https://s3.eu-central-1.amazonaws.com/uvpictures-eu-central-1/368/SP/PL/PEUGEOT-5008-220159_2.JPG|https://s3.eu-central-1.amazonaws.com/uvpictures-eu-central-1/368/SP/PL/PEUGEOT-5008-220159_3.JPG|https://s3.eu-central-1.amazonaws.com/uvpictures-eu-central-1/368/SP/PL/PEUGEOT-5008-220159_4.JPG,Peugeot,5008,2024,34778,KM,,Used,121900 PLN,PLN,CASH,121900 PLN,Total,Diesel,Automatic,Spoticar Stellantis &You Warszawa Al.Jerozolimskie,Spoticar Stellantis &You Warszawa Al.JerozolimskieSpoticar Stellantis &You Warszawa Al.Jerozolimskie,Gwarancja Spoticar Premium12 miesięcy
SPOT-71766,Citroën C4 · 98999 PLN,Citroën C4 · Cena: 98999 PLN · Gwarancja Spoticar Premium12 miesięcy · SPOTICAR STELLANTIS & YOU WARSZAWA AL. KRAKOWSKA · Sprawdź ofertę!,https://www.spoticar.pl/znajdz-uzywany-samochod/citroen-c4-12-puretech-max-ss-eat8-warszawa-1200223365,https://s3.eu-central-1.amazonaws.com/uvpictures-eu-central-1/368/SP/PL/CITROEN-C4-223365_1.JPG,https://s3.eu-central-1.amazonaws.com/uvpictures-eu-central-1/368/SP/PL/CITROEN-C4-223365_2.JPG|https://s3.eu-central-1.amazonaws.com/uvpictures-eu-central-1/368/SP/PL/CITROEN-C4-223365_3.JPG|https://s3.eu-central-1.amazonaws.com/uvpictures-eu-central-1/368/SP/PL/CITROEN-C4-223365_4.JPG,Citroën,C4,2024,5100,KM,,Used,98999 PLN,PLN,CASH,98999 PLN,Total,Gasoline,Automatic,SPOTICAR STELLANTIS & YOU WARSZAWA AL. KRAKOWSKA,SPOTICAR STELLANTIS & YOU WARSZAWA AL. KRAKOWSKASPOTICAR STELLANTIS & YOU WARSZAWA AL. KRAKOWSKA,Gwarancja Spoticar Premium12 miesięcy
SPOT-69189,Peugeot 3008 · 69900 PLN,Peugeot 3008 · Cena: 69900 PLN · Gwarancja Spoticar Premium12 miesięcy · Spoticar Stellantis &You Warszawa Al.Jerozolimskie · Sprawdź ofertę!,https://www.spoticar.pl/znajdz-uzywany-samochod/peugeot-3008-12-puretech-allure-pack-ss-eat8-warszawa-1200220966,https://s3.eu-central-1.amazonaws.com/uvpictures-eu-central-1/368/SP/PL/PEUGEOT-3008-220966_1.JPG,https://s3.eu-central-1.amazonaws.com/uvpictures-eu-central-1/368/SP/PL/PEUGEOT-3008-220966_2.JPG|https://s3.eu-central-1.amazonaws.com/uvpictures-eu-central-1/368/SP/PL/PEUGEOT-3008-220966_3.JPG|https://s3.eu-central-1.amazonaws.com/uvpictures-eu-central-1/368/SP/PL/PEUGEOT-3008-220966_4.JPG,Peugeot,3008,2022,28953,KM,,Used,69900 PLN,PLN,CASH,69900 PLN,Total,Gasoline,Automatic,Spoticar Stellantis &You Warszawa Al.Jerozolimskie,Spoticar Stellantis &You Warszawa Al.JerozolimskieSpoticar Stellantis &You Warszawa Al.Jerozolimskie,Gwarancja Spoticar Premium12 miesięcy
SPOT-62775,Opel Vivaro · 172188 PLN,Opel Vivaro · Cena: 172188 PLN · Gwarancja Spoticar Premium12 miesięcy · Spoticar GEZET SzczecinSzczecin · Sprawdź ofertę!,https://www.spoticar.pl/znajdz-uzywany-samochod/opel-vivaro-e-kombi-extra-long-3t-enjoy-szczecin-400214742,https://s3.eu-central-1.amazonaws.com/uvpictures-eu-central-1/368/SP/PL/OPEL-VIVARO-214742_1.JPG,https://s3.eu-central-1.amazonaws.com/uvpictures-eu-central-1/368/SP/PL/OPEL-VIVARO-214742_2.JPG|https://s3.eu-central-1.amazonaws.com/uvpictures-eu-central-1/368/SP/PL/OPEL-VIVARO-214742_3.JPG|https://s3.eu-central-1.amazonaws.com/uvpictures-eu-central-1/368/SP/PL/OPEL-VIVARO-214742_4.JPG,Opel,Vivaro,2023,6,KM,,Used,172188 PLN,PLN,CASH,172188 PLN,Total,Electric,Automatic,Spoticar GEZET SzczecinSzczecin,Spoticar GEZET Szczecin,Gwarancja Spoticar Premium12 miesięcy
SPOT-65910,Fiat Ducato · 150048 PLN,Fiat Ducato · Cena: 150048 PLN · Gwarancja Spoticar Premium12 miesięcy · Spoticar GEZET SzczecinSzczecin · Sprawdź ofertę!,https://www.spoticar.pl/znajdz-uzywany-samochod/fiat-ducato-maxi-mj-l3h2-szczecin-400217749,https://s3.eu-central-1.amazonaws.com/uvpictures-eu-central-1/368/SP/PL/FIAT-DUCATO-217749_1.JPG,https://s3.eu-central-1.amazonaws.com/uvpictures-eu-central-1/368/SP/PL/FIAT-DUCATO-217749_2.JPG|https://s3.eu-central-1.amazonaws.com/uvpictures-eu-central-1/368/SP/PL/FIAT-DUCATO-217749_3.JPG|https://s3.eu-central-1.amazonaws.com/uvpictures-eu-central-1/368/SP/PL/FIAT-DUCATO-217749_4.JPG,Fiat,Ducato,2025,6,KM,,Used,150048 PLN,PLN,CASH,150048 PLN,Total,Diesel,Manual,Spoticar GEZET SzczecinSzczecin,Spoticar GEZET Szczecin,Gwarancja Spoticar Premium12 miesięcy
SPOT-63199,Peugeot 508 · 109990 PLN,Peugeot 508 · Cena: 109990 PLN · Gwarancja Spoticar Premium12 miesięcy · Spoticar GEZET SzczecinSzczecin · Sprawdź ofertę!,https://www.spoticar.pl/znajdz-uzywany-samochod/peugeot-508-15-bluehdi-active-pack-ss-eat8-szczecin-400215155,https://s3.eu-central-1.amazonaws.com/uvpictures-eu-central-1/368/SP/PL/PEUGEOT-508-215155_1.JPG,https://s3.eu-central-1.amazonaws.com/uvpictures-eu-central-1/368/SP/PL/PEUGEOT-508-215155_2.JPG|https://s3.eu-central-1.amazonaws.com/uvpictures-eu-central-1/368/SP/PL/PEUGEOT-508-215155_3.JPG|https://s3.eu-central-1.amazonaws.com/uvpictures-eu-central-1/368/SP/PL/PEUGEOT-508-215155_4.JPG,Peugeot,508,2022,30413,KM,,Used,109990 PLN,PLN,CASH,109990 PLN,Total,Diesel,Automatic,Spoticar GEZET SzczecinSzczecin,Spoticar GEZET Szczecin,Gwarancja Spoticar Premium12 miesięcy
SPOT-71282,DS 4 · 87900 PLN,DS 4 · Cena: 87900 PLN · Gwarancja Spoticar Premium12 miesięcy · Spoticar  Budmat Auto PłockPłock · Sprawdź ofertę!,https://www.spoticar.pl/znajdz-uzywany-samochod/ds-ds-4-12-puretech-trocadero-aut-plock-1200223027,https://s3.eu-central-1.amazonaws.com/uvpictures-eu-central-1/368/SP/PL/DS-DS-4-223027_1.JPG,https://s3.eu-central-1.amazonaws.com/uvpictures-eu-central-1/368/SP/PL/DS-DS-4-223027_2.JPG|https://s3.eu-central-1.amazonaws.com/uvpictures-eu-central-1/368/SP/PL/DS-DS-4-223027_3.JPG|https://s3.eu-central-1.amazonaws.com/uvpictures-eu-central-1/368/SP/PL/DS-DS-4-223027_4.JPG,DS,4,2023,11800,KM,,Used,87900 PLN,PLN,CASH,87900 PLN,Total,Gasoline,Automatic,Spoticar  Budmat Auto PłockPłock,Spoticar  Budmat Auto Płock,Gwarancja Spoticar Premium12 miesięcy
SPOT-71372,Citroën C3 · 52900 PLN,Citroën C3 · Cena: 52900 PLN · Gwarancja Spoticar Premium12 miesięcy · Spoticar  Budmat Auto PłockPłock · Sprawdź ofertę!,https://www.spoticar.pl/znajdz-uzywany-samochod/citroen-c3-12-puretech-max-plock-1200223117,https://s3.eu-central-1.amazonaws.com/uvpictures-eu-central-1/368/SP/PL/CITROEN-C3-223117_1.JPG,https://s3.eu-central-1.amazonaws.com/uvpictures-eu-central-1/368/SP/PL/CITROEN-C3-223117_2.JPG|https://s3.eu-central-1.amazonaws.com/uvpictures-eu-central-1/368/SP/PL/CITROEN-C3-223117_3.JPG|https://s3.eu-central-1.amazonaws.com/uvpictures-eu-central-1/368/SP/PL/CITROEN-C3-223117_4.JPG,Citroën,C3,2023,18000,KM,,Used,52900 PLN,PLN,CASH,52900 PLN,Total,Gasoline,Manual,Spoticar  Budmat Auto PłockPłock,Spoticar  Budmat Auto Płock,Gwarancja Spoticar Premium12 miesięcy
SPOT-70998,Jeep Compass · 99900 PLN,Jeep Compass · Cena: 99900 PLN · Gwarancja Spoticar Premium12 miesięcy · SPOTICAR WOJCIULA BIAŁYSTOKBialystok · Sprawdź ofertę!,https://www.spoticar.pl/znajdz-uzywany-samochod/jeep-compass-500x-15-t4-hybrid-yacht-club-capri-dct-bialystok-1200222741,https://s3.eu-central-1.amazonaws.com/uvpictures-eu-central-1/368/SP/PL/JEEP-COMPASS-222741_1.JPG,https://s3.eu-central-1.amazonaws.com/uvpictures-eu-central-1/368/SP/PL/JEEP-COMPASS-222741_2.JPG|https://s3.eu-central-1.amazonaws.com/uvpictures-eu-central-1/368/SP/PL/JEEP-COMPASS-222741_3.JPG|https://s3.eu-central-1.amazonaws.com/uvpictures-eu-central-1/368/SP/PL/JEEP-COMPASS-222741_4.JPG,Jeep,Compass,2024,27000,KM,,Used,99900 PLN,PLN,CASH,99900 PLN,Total,Hybrid,Automatic,SPOTICAR WOJCIULA BIAŁYSTOKBialystok,SPOTICAR WOJCIULA BIAŁYSTOK,Gwarancja Spoticar Premium12 miesięcy
SPOT-64321,Opel Mokka · 91990 PLN,Opel Mokka · Cena: 91990 PLN · Gwarancja Spoticar Premium12 miesięcy · Spoticar GEZET SzczecinSzczecin · Sprawdź ofertę!,https://www.spoticar.pl/znajdz-uzywany-samochod/opel-mokka-12-t-gs-ss-szczecin-400216252,https://s3.eu-central-1.amazonaws.com/uvpictures-eu-central-1/368/SP/PL/OPEL-MOKKA-216252_1.JPG,https://s3.eu-central-1.amazonaws.com/uvpictures-eu-central-1/368/SP/PL/OPEL-MOKKA-216252_2.JPG|https://s3.eu-central-1.amazonaws.com/uvpictures-eu-central-1/368/SP/PL/OPEL-MOKKA-216252_3.JPG|https://s3.eu-central-1.amazonaws.com/uvpictures-eu-central-1/368/SP/PL/OPEL-MOKKA-216252_4.JPG,Opel,Mokka,2022,27132,KM,,Used,91990 PLN,PLN,CASH,91990 PLN,Total,Gasoline,Manual,Spoticar GEZET SzczecinSzczecin,Spoticar GEZET Szczecin,Gwarancja Spoticar Premium12 miesięcy
SPOT-70459,Opel Corsa · 74900 PLN,Opel Corsa · Cena: 74900 PLN · Gwarancja Spoticar Premium12 miesięcy · SPOTICAR WOJCIULA BIAŁYSTOKBialystok · Sprawdź ofertę!,https://www.spoticar.pl/znajdz-uzywany-samochod/opel-corsa-12-t-edition-ss-aut-bialystok-1200222195,https://s3.eu-central-1.amazonaws.com/uvpictures-eu-central-1/368/SP/PL/OPEL-CORSA-222195_1.JPG,https://s3.eu-central-1.amazonaws.com/uvpictures-eu-central-1/368/SP/PL/OPEL-CORSA-222195_2.JPG|https://s3.eu-central-1.amazonaws.com/uvpictures-eu-central-1/368/SP/PL/OPEL-CORSA-222195_3.JPG|https://s3.eu-central-1.amazonaws.com/uvpictures-eu-central-1/368/SP/PL/OPEL-CORSA-222195_4.JPG,Opel,Corsa,2025,10,KM,,Used,74900 PLN,PLN,CASH,74900 PLN,Total,Gasoline,Automatic,SPOTICAR WOJCIULA BIAŁYSTOKBialystok,SPOTICAR WOJCIULA BIAŁYSTOK,Gwarancja Spoticar Premium12 miesięcy
SPOT-62349,Fiat Ducato · 151278 PLN,Fiat Ducato · Cena: 151278 PLN · Gwarancja Spoticar Premium12 miesięcy · Spoticar GEZET SzczecinSzczecin · Sprawdź ofertę!,https://www.spoticar.pl/znajdz-uzywany-samochod/fiat-ducato-maxi-mj-l2h2-szczecin-400214328,https://s3.eu-central-1.amazonaws.com/uvpictures-eu-central-1/368/SP/PL/FIAT-DUCATO-214328_1.JPG,https://s3.eu-central-1.amazonaws.com/uvpictures-eu-central-1/368/SP/PL/FIAT-DUCATO-214328_2.JPG|https://s3.eu-central-1.amazonaws.com/uvpictures-eu-central-1/368/SP/PL/FIAT-DUCATO-214328_3.JPG|https://s3.eu-central-1.amazonaws.com/uvpictures-eu-central-1/368/SP/PL/FIAT-DUCATO-214328_4.JPG,Fiat,Ducato,2024,6,KM,,Used,151278 PLN,PLN,CASH,151278 PLN,Total,Diesel,Manual,Spoticar GEZET SzczecinSzczecin,Spoticar GEZET Szczecin,Gwarancja Spoticar Premium12 miesięcy
SPOT-71483,Opel Mokka · 44900 PLN,Opel Mokka · Cena: 44900 PLN · Gwarancja Spoticar Premium6 miesięcy · Spoticar Fix Forum RzeszówKRASNE · Sprawdź ofertę!,https://www.spoticar.pl/znajdz-uzywany-samochod/opel-mokka-16-active-ss-krasne-1200223204,https://s3.eu-central-1.amazonaws.com/uvpictures-eu-central-1/368/SP/PL/OPEL-MOKKA-223204_1.JPG,https://s3.eu-central-1.amazonaws.com/uvpictures-eu-central-1/368/SP/PL/OPEL-MOKKA-223204_2.JPG|https://s3.eu-central-1.amazonaws.com/uvpictures-eu-central-1/368/SP/PL/OPEL-MOKKA-223204_3.JPG|https://s3.eu-central-1.amazonaws.com/uvpictures-eu-central-1/368/SP/PL/OPEL-MOKKA-223204_4.JPG,Opel,Mokka,2017,113054,KM,,Used,44900 PLN,PLN,CASH,44900 PLN,Total,Gasoline,Manual,Spoticar Fix Forum RzeszówKRASNE,Spoticar Fix Forum Rzeszów,Gwarancja Spoticar Premium6 miesięcy
SPOT-71498,Peugeot 3008 · 111900 PLN,Peugeot 3008 · Cena: 111900 PLN · Gwarancja Spoticar Premium12 miesięcy · SPOTICAR SZTUKOWSKI OSTRÓW WLKP.Ostrów Wielkopolski · Sprawdź ofertę!,https://www.spoticar.pl/znajdz-uzywany-samochod/peugeot-3008-12-puretech-mhev-allure-e-dcs6-ostrow-wielkopolski-1200223185,https://s3.eu-central-1.amazonaws.com/uvpictures-eu-central-1/368/SP/PL/PEUGEOT-3008-223185_1.JPG,https://s3.eu-central-1.amazonaws.com/uvpictures-eu-central-1/368/SP/PL/PEUGEOT-3008-223185_2.JPG|https://s3.eu-central-1.amazonaws.com/uvpictures-eu-central-1/368/SP/PL/PEUGEOT-3008-223185_3.JPG|https://s3.eu-central-1.amazonaws.com/uvpictures-eu-central-1/368/SP/PL/PEUGEOT-3008-223185_4.JPG,Peugeot,3008,2025,17710,KM,,Used,111900 PLN,PLN,CASH,111900 PLN,Total,Hybrid,Automatic,SPOTICAR SZTUKOWSKI OSTRÓW WLKP.Ostrów Wielkopolski,SPOTICAR SZTUKOWSKI OSTRÓW WLKP.,Gwarancja Spoticar Premium12 miesięcy
SPOT-71493,Peugeot 2008 · 83800 PLN,Peugeot 2008 · Cena: 83800 PLN · Gwarancja Spoticar Premium12 miesięcy · SPOTICAR MOJSIUK STARE BABICEBiesiekierz · Sprawdź ofertę!,https://www.spoticar.pl/znajdz-uzywany-samochod/peugeot-2008-12-puretech-allure-pack-ss-eat8-biesiekierz-1200223194,https://s3.eu-central-1.amazonaws.com/uvpictures-eu-central-1/368/SP/PL/PEUGEOT-2008-223194_1.JPG,https://s3.eu-central-1.amazonaws.com/uvpictures-eu-central-1/368/SP/PL/PEUGEOT-2008-223194_2.JPG|https://s3.eu-central-1.amazonaws.com/uvpictures-eu-central-1/368/SP/PL/PEUGEOT-2008-223194_3.JPG|https://s3.eu-central-1.amazonaws.com/uvpictures-eu-central-1/368/SP/PL/PEUGEOT-2008-223194_4.JPG,Peugeot,2008,2024,16904,KM,,Used,83800 PLN,PLN,CASH,83800 PLN,Total,Gasoline,Automatic,SPOTICAR MOJSIUK STARE BABICEBiesiekierz,SPOTICAR MOJSIUK STARE BABICE,Gwarancja Spoticar Premium12 miesięcy
SPOT-71463,Peugeot 3008 · 94900 PLN,Peugeot 3008 · Cena: 94900 PLN · Gwarancja Spoticar Premium12 miesięcy · SPOTICAR STELLANTIS & YOU WARSZAWA RADZYMIŃSKA · Sprawdź ofertę!,https://www.spoticar.pl/znajdz-uzywany-samochod/peugeot-3008-12-puretech-gt-ss-eat8-warszawa-1200223224,https://s3.eu-central-1.amazonaws.com/uvpictures-eu-central-1/368/SP/PL/PEUGEOT-3008-223224_1.JPG,https://s3.eu-central-1.amazonaws.com/uvpictures-eu-central-1/368/SP/PL/PEUGEOT-3008-223224_2.JPG|https://s3.eu-central-1.amazonaws.com/uvpictures-eu-central-1/368/SP/PL/PEUGEOT-3008-223224_3.JPG|https://s3.eu-central-1.amazonaws.com/uvpictures-eu-central-1/368/SP/PL/PEUGEOT-3008-223224_4.JPG,Peugeot,3008,2024,26600,KM,,Used,94900 PLN,PLN,CASH,94900 PLN,Total,Gasoline,Automatic,SPOTICAR STELLANTIS & YOU WARSZAWA RADZYMIŃSKA,SPOTICAR STELLANTIS & YOU WARSZAWA RADZYMIŃSKASPOTICAR STELLANTIS & YOU WARSZAWA RADZYMIŃSKA,Gwarancja Spoticar Premium12 miesięcy
SPOT-71406,Opel Mokka · 72900 PLN,Opel Mokka · Cena: 72900 PLN · Gwarancja Spoticar Premium12 miesięcy · SPOTICAR STELLANTIS & YOU WARSZAWA PUŁAWSKA · Sprawdź ofertę!,https://www.spoticar.pl/znajdz-uzywany-samochod/opel-mokka-12-t-elegance-ss-aut-warszawa-1200223135,https://s3.eu-central-1.amazonaws.com/uvpictures-eu-central-1/368/SP/PL/OPEL-MOKKA-223135_1.JPG,https://s3.eu-central-1.amazonaws.com/uvpictures-eu-central-1/368/SP/PL/OPEL-MOKKA-223135_2.JPG|https://s3.eu-central-1.amazonaws.com/uvpictures-eu-central-1/368/SP/PL/OPEL-MOKKA-223135_3.JPG|https://s3.eu-central-1.amazonaws.com/uvpictures-eu-central-1/368/SP/PL/OPEL-MOKKA-223135_4.JPG,Opel,Mokka,2024,30758,KM,,Used,72900 PLN,PLN,CASH,72900 PLN,Total,Gasoline,Automatic,SPOTICAR STELLANTIS & YOU WARSZAWA PUŁAWSKA,SPOTICAR STELLANTIS & YOU WARSZAWA PUŁAWSKASPOTICAR STELLANTIS & YOU WARSZAWA PUŁAWSKA,Gwarancja Spoticar Premium12 miesięcy
SPOT-71400,Hyundai I40 · 49900 PLN,Hyundai I40 · Cena: 49900 PLN · Gwarancja Spoticar Premium6 miesięcy · Spoticar Auto Centrum Golemo Kraków · Sprawdź ofertę!,https://www.spoticar.pl/znajdz-uzywany-samochod/hyundai-i40-20-gdi-comfort-aut-krakow-1200223141,https://s3.eu-central-1.amazonaws.com/uvpictures-eu-central-1/368/SP/PL/HYUNDAI-I40-223141_1.JPG,https://s3.eu-central-1.amazonaws.com/uvpictures-eu-central-1/368/SP/PL/HYUNDAI-I40-223141_2.JPG|https://s3.eu-central-1.amazonaws.com/uvpictures-eu-central-1/368/SP/PL/HYUNDAI-I40-223141_3.JPG|https://s3.eu-central-1.amazonaws.com/uvpictures-eu-central-1/368/SP/PL/HYUNDAI-I40-223141_4.JPG,Hyundai,I40,2018,116559,KM,,Used,49900 PLN,PLN,CASH,49900 PLN,Total,Gasoline,Automatic,Spoticar Auto Centrum Golemo Kraków,Spoticar Auto Centrum Golemo KrakówSpoticar Auto Centrum Golemo Kraków,Gwarancja Spoticar Premium6 miesięcy
SPOT-71400,Hyundai I40 · 49900 PLN,Hyundai I40 · Cena: 49900 PLN · Gwarancja Spoticar Premium6 miesięcy · Spoticar Auto Centrum Golemo Kraków · Sprawdź ofertę!,https://www.spoticar.pl/znajdz-uzywany-samochod/hyundai-i40-20-gdi-comfort-aut-krakow-1200223141,https://s3.eu-central-1.amazonaws.com/uvpictures-eu-central-1/368/SP/PL/HYUNDAI-I40-223141_1.JPG,https://s3.eu-central-1.amazonaws.com/uvpictures-eu-central-1/368/SP/PL/HYUNDAI-I40-223141_2.JPG|https://s3.eu-central-1.amazonaws.com/uvpictures-eu-central-1/368/SP/PL/HYUNDAI-I40-223141_3.JPG|https://s3.eu-central-1.amazonaws.com/uvpictures-eu-central-1/368/SP/PL/HYUNDAI-I40-223141_4.JPG,Hyundai,I40,2018,116559,KM,,Used,49900 PLN,PLN,CASH,49900 PLN,Total,Gasoline,Automatic,Spoticar Auto Centrum Golemo Kraków,Spoticar Auto Centrum Golemo KrakówSpoticar Auto Centrum Golemo Kraków,Gwarancja Spoticar Premium6 miesięcy
SPOT-71425,Jeep Compass · 85900 PLN,Jeep Compass · Cena: 85900 PLN · Gwarancja Spoticar Premium12 miesięcy · Spoticar  Budmat Auto PłockPłock · Sprawdź ofertę!,https://www.spoticar.pl/znajdz-uzywany-samochod/jeep-compass-15-t4-mhev-longitude-fwd-ss-dct-plock-1200223154,https://s3.eu-central-1.amazonaws.com/uvpictures-eu-central-1/368/SP/PL/JEEP-COMPASS-223154_1.JPG,https://s3.eu-central-1.amazonaws.com/uvpictures-eu-central-1/368/SP/PL/JEEP-COMPASS-223154_2.JPG|https://s3.eu-central-1.amazonaws.com/uvpictures-eu-central-1/368/SP/PL/JEEP-COMPASS-223154_3.JPG|https://s3.eu-central-1.amazonaws.com/uvpictures-eu-central-1/368/SP/PL/JEEP-COMPASS-223154_4.JPG,Jeep,Compass,2024,31247,KM,,Used,85900 PLN,PLN,CASH,85900 PLN,Total,Hybrid,Automatic,Spoticar  Budmat Auto PłockPłock,Spoticar  Budmat Auto Płock,Gwarancja Spoticar Premium12 miesięcy
SPOT-71164,Peugeot 5008 · 57900 PLN,Peugeot 5008 · Cena: 57900 PLN · Gwarancja Spoticar Premium6 miesięcy · Spoticar Auto Centrum Golemo Kraków · Sprawdź ofertę!,https://www.spoticar.pl/znajdz-uzywany-samochod/peugeot-5008-15-bluehdi-active-ss-eat8-krakow-1200222909,https://s3.eu-central-1.amazonaws.com/uvpictures-eu-central-1/368/SP/PL/PEUGEOT-5008-222909_1.JPG,https://s3.eu-central-1.amazonaws.com/uvpictures-eu-central-1/368/SP/PL/PEUGEOT-5008-222909_2.JPG|https://s3.eu-central-1.amazonaws.com/uvpictures-eu-central-1/368/SP/PL/PEUGEOT-5008-222909_3.JPG|https://s3.eu-central-1.amazonaws.com/uvpictures-eu-central-1/368/SP/PL/PEUGEOT-5008-222909_4.JPG,Peugeot,5008,2019,182983,KM,,Used,57900 PLN,PLN,CASH,57900 PLN,Total,Diesel,Automatic,Spoticar Auto Centrum Golemo Kraków,Spoticar Auto Centrum Golemo KrakówSpoticar Auto Centrum Golemo Kraków,Gwarancja Spoticar Premium6 miesięcy
SPOT-71138,Honda Civic · 51900 PLN,Honda Civic · Cena: 51900 PLN · Gwarancja Spoticar Premium6 miesięcy · SPOTICAR RIA STALOWA WOLAStalowa Wola / Grebów · Sprawdź ofertę!,https://www.spoticar.pl/znajdz-uzywany-samochod/honda-civic-10-t-s-stalowa-wola-grebow-1200222900,https://s3.eu-central-1.amazonaws.com/uvpictures-eu-central-1/368/SP/PL/HONDA-CIVIC-222900_1.JPG,https://s3.eu-central-1.amazonaws.com/uvpictures-eu-central-1/368/SP/PL/HONDA-CIVIC-222900_2.JPG|https://s3.eu-central-1.amazonaws.com/uvpictures-eu-central-1/368/SP/PL/HONDA-CIVIC-222900_3.JPG|https://s3.eu-central-1.amazonaws.com/uvpictures-eu-central-1/368/SP/PL/HONDA-CIVIC-222900_4.JPG,Honda,Civic,2017,109618,KM,,Used,51900 PLN,PLN,CASH,51900 PLN,Total,Gasoline,Manual,SPOTICAR RIA STALOWA WOLAStalowa Wola / Grebów,SPOTICAR RIA STALOWA WOLA,Gwarancja Spoticar Premium6 miesięcy
SPOT-71157,Jeep Avenger · 84900 PLN,Jeep Avenger · Cena: 84900 PLN · Gwarancja Spoticar Premium6 miesięcy · SPOTICAR SZTUKOWSKI OSTRÓW WLKP.Ostrów Wielkopolski · Sprawdź ofertę!,https://www.spoticar.pl/znajdz-uzywany-samochod/jeep-avenger-12-gse-t3-summit-fwd-ostrow-wielkopolski-1200222881,https://s3.eu-central-1.amazonaws.com/uvpictures-eu-central-1/368/SP/PL/JEEP-AVENGER-222881_1.JPG,https://s3.eu-central-1.amazonaws.com/uvpictures-eu-central-1/368/SP/PL/JEEP-AVENGER-222881_2.JPG|https://s3.eu-central-1.amazonaws.com/uvpictures-eu-central-1/368/SP/PL/JEEP-AVENGER-222881_3.JPG|https://s3.eu-central-1.amazonaws.com/uvpictures-eu-central-1/368/SP/PL/JEEP-AVENGER-222881_4.JPG,Jeep,Avenger,2024,15180,KM,,Used,84900 PLN,PLN,CASH,84900 PLN,Total,Gasoline,Manual,SPOTICAR SZTUKOWSKI OSTRÓW WLKP.Ostrów Wielkopolski,SPOTICAR SZTUKOWSKI OSTRÓW WLKP.,Gwarancja Spoticar Premium6 miesięcy
SPOT-71237,Citroën C4 · 73800 PLN,Citroën C4 · Cena: 73800 PLN · Gwarancja Spoticar Premium12 miesięcy · Spoticar Marimex Kraków-LibertówKraków-Libertów · Sprawdź ofertę!,https://www.spoticar.pl/znajdz-uzywany-samochod/citroen-c4-12-puretech-plus-ss-eat8-krakow-libertow-1200222980,https://s3.eu-central-1.amazonaws.com/uvpictures-eu-central-1/368/SP/PL/CITROEN-C4-222980_1.JPG,https://s3.eu-central-1.amazonaws.com/uvpictures-eu-central-1/368/SP/PL/CITROEN-C4-222980_2.JPG|https://s3.eu-central-1.amazonaws.com/uvpictures-eu-central-1/368/SP/PL/CITROEN-C4-222980_3.JPG|https://s3.eu-central-1.amazonaws.com/uvpictures-eu-central-1/368/SP/PL/CITROEN-C4-222980_4.JPG,Citroën,C4,2024,22436,KM,,Used,73800 PLN,PLN,CASH,73800 PLN,Total,Gasoline,Automatic,Spoticar Marimex Kraków-LibertówKraków-Libertów,Spoticar Marimex Kraków-Libertów,Gwarancja Spoticar Premium12 miesięcy
SPOT-71300,Peugeot 5008 · 124900 PLN,Peugeot 5008 · Cena: 124900 PLN · Gwarancja Spoticar Premium12 miesięcy · SPOTICAR STELLANTIS & YOU WARSZAWA RADZYMIŃSKA · Sprawdź ofertę!,https://www.spoticar.pl/znajdz-uzywany-samochod/peugeot-5008-15-bluehdi-gt-ss-eat8-warszawa-1200223046,https://s3.eu-central-1.amazonaws.com/uvpictures-eu-central-1/368/SP/PL/PEUGEOT-5008-223046_1.JPG,https://s3.eu-central-1.amazonaws.com/uvpictures-eu-central-1/368/SP/PL/PEUGEOT-5008-223046_2.JPG|https://s3.eu-central-1.amazonaws.com/uvpictures-eu-central-1/368/SP/PL/PEUGEOT-5008-223046_3.JPG|https://s3.eu-central-1.amazonaws.com/uvpictures-eu-central-1/368/SP/PL/PEUGEOT-5008-223046_4.JPG,Peugeot,5008,2024,33468,KM,,Used,124900 PLN,PLN,CASH,124900 PLN,Total,Diesel,Automatic,SPOTICAR STELLANTIS & YOU WARSZAWA RADZYMIŃSKA,SPOTICAR STELLANTIS & YOU WARSZAWA RADZYMIŃSKASPOTICAR STELLANTIS & YOU WARSZAWA RADZYMIŃSKA,Gwarancja Spoticar Premium12 miesięcy
SPOT-70874,Peugeot 308 · 93900 PLN,Peugeot 308 · Cena: 93900 PLN · Gwarancja Spoticar Premium12 miesięcy · SPOTICAR STELLANTIS & YOU WARSZAWA RADZYMIŃSKA · Sprawdź ofertę!,https://www.spoticar.pl/znajdz-uzywany-samochod/peugeot-308-12-puretech-gt-ss-eat8-warszawa-1200222607,https://s3.eu-central-1.amazonaws.com/uvpictures-eu-central-1/368/SP/PL/PEUGEOT-308-222607_1.JPG,https://s3.eu-central-1.amazonaws.com/uvpictures-eu-central-1/368/SP/PL/PEUGEOT-308-222607_2.JPG|https://s3.eu-central-1.amazonaws.com/uvpictures-eu-central-1/368/SP/PL/PEUGEOT-308-222607_3.JPG|https://s3.eu-central-1.amazonaws.com/uvpictures-eu-central-1/368/SP/PL/PEUGEOT-308-222607_4.JPG,Peugeot,308,2024,29595,KM,,Used,93900 PLN,PLN,CASH,93900 PLN,Total,Gasoline,Automatic,SPOTICAR STELLANTIS & YOU WARSZAWA RADZYMIŃSKA,SPOTICAR STELLANTIS & YOU WARSZAWA RADZYMIŃSKASPOTICAR STELLANTIS & YOU WARSZAWA RADZYMIŃSKA,Gwarancja Spoticar Premium12 miesięcy
SPOT-70879,Peugeot 308 · 94900 PLN,Peugeot 308 · Cena: 94900 PLN · Gwarancja Spoticar Premium12 miesięcy · SPOTICAR STELLANTIS & YOU WARSZAWA RADZYMIŃSKA · Sprawdź ofertę!,https://www.spoticar.pl/znajdz-uzywany-samochod/peugeot-308-12-mhev-gt-ss-e-dcs6-warszawa-1200222604,https://s3.eu-central-1.amazonaws.com/uvpictures-eu-central-1/368/SP/PL/PEUGEOT-308-222604_1.JPG,https://s3.eu-central-1.amazonaws.com/uvpictures-eu-central-1/368/SP/PL/PEUGEOT-308-222604_2.JPG|https://s3.eu-central-1.amazonaws.com/uvpictures-eu-central-1/368/SP/PL/PEUGEOT-308-222604_3.JPG|https://s3.eu-central-1.amazonaws.com/uvpictures-eu-central-1/368/SP/PL/PEUGEOT-308-222604_4.JPG,Peugeot,308,2025,15869,KM,,Used,94900 PLN,PLN,CASH,94900 PLN,Total,Gasoline,Automatic,SPOTICAR STELLANTIS & YOU WARSZAWA RADZYMIŃSKA,SPOTICAR STELLANTIS & YOU WARSZAWA RADZYMIŃSKASPOTICAR STELLANTIS & YOU WARSZAWA RADZYMIŃSKA,Gwarancja Spoticar Premium12 miesięcy
SPOT-70878,Citroën C4 X · 96900 PLN,Citroën C4 X · Cena: 96900 PLN · Gwarancja Spoticar Premium12 miesięcy · SPOTICAR STELLANTIS & YOU WARSZAWA RADZYMIŃSKA · Sprawdź ofertę!,https://www.spoticar.pl/znajdz-uzywany-samochod/citroen-c4-x-c4-x-12-mhev-max-edct6-warszawa-1200222605,https://s3.eu-central-1.amazonaws.com/uvpictures-eu-central-1/368/SP/PL/CITROEN-C4-X-222605_1.JPG,https://s3.eu-central-1.amazonaws.com/uvpictures-eu-central-1/368/SP/PL/CITROEN-C4-X-222605_2.JPG|https://s3.eu-central-1.amazonaws.com/uvpictures-eu-central-1/368/SP/PL/CITROEN-C4-X-222605_3.JPG|https://s3.eu-central-1.amazonaws.com/uvpictures-eu-central-1/368/SP/PL/CITROEN-C4-X-222605_4.JPG,Citroën,C4 X,2025,19528,KM,,Used,96900 PLN,PLN,CASH,96900 PLN,Total,Gasoline,Automatic,SPOTICAR STELLANTIS & YOU WARSZAWA RADZYMIŃSKA,SPOTICAR STELLANTIS & YOU WARSZAWA RADZYMIŃSKASPOTICAR STELLANTIS & YOU WARSZAWA RADZYMIŃSKA,Gwarancja Spoticar Premium12 miesięcy
SPOT-70816,Peugeot 308 · 94900 PLN,Peugeot 308 · Cena: 94900 PLN · Gwarancja Spoticar Premium12 miesięcy · Spoticar  Budmat Auto PłockPłock · Sprawdź ofertę!,https://www.spoticar.pl/znajdz-uzywany-samochod/peugeot-308-12-mhev-gt-ss-e-dcs6-plock-1200222560,https://s3.eu-central-1.amazonaws.com/uvpictures-eu-central-1/368/SP/PL/PEUGEOT-308-222560_1.JPG,https://s3.eu-central-1.amazonaws.com/uvpictures-eu-central-1/368/SP/PL/PEUGEOT-308-222560_2.JPG|https://s3.eu-central-1.amazonaws.com/uvpictures-eu-central-1/368/SP/PL/PEUGEOT-308-222560_3.JPG|https://s3.eu-central-1.amazonaws.com/uvpictures-eu-central-1/368/SP/PL/PEUGEOT-308-222560_4.JPG,Peugeot,308,2025,22000,KM,,Used,94900 PLN,PLN,CASH,94900 PLN,Total,Gasoline,Automatic,Spoticar  Budmat Auto PłockPłock,Spoticar  Budmat Auto Płock,Gwarancja Spoticar Premium12 miesięcy
SPOT-70702,Peugeot 308 · 81900 PLN,Peugeot 308 · Cena: 81900 PLN · Gwarancja Spoticar Premium12 miesięcy · SPOTICAR STELLANTIS & YOU WARSZAWA PUŁAWSKA · Sprawdź ofertę!,https://www.spoticar.pl/znajdz-uzywany-samochod/peugeot-308-12-puretech-allure-ss-eat8-warszawa-1200222436,https://s3.eu-central-1.amazonaws.com/uvpictures-eu-central-1/368/SP/PL/PEUGEOT-308-222436_1.JPG,https://s3.eu-central-1.amazonaws.com/uvpictures-eu-central-1/368/SP/PL/PEUGEOT-308-222436_2.JPG|https://s3.eu-central-1.amazonaws.com/uvpictures-eu-central-1/368/SP/PL/PEUGEOT-308-222436_3.JPG|https://s3.eu-central-1.amazonaws.com/uvpictures-eu-central-1/368/SP/PL/PEUGEOT-308-222436_4.JPG,Peugeot,308,2024,29829,KM,,Used,81900 PLN,PLN,CASH,81900 PLN,Total,Gasoline,Automatic,SPOTICAR STELLANTIS & YOU WARSZAWA PUŁAWSKA,SPOTICAR STELLANTIS & YOU WARSZAWA PUŁAWSKASPOTICAR STELLANTIS & YOU WARSZAWA PUŁAWSKA,Gwarancja Spoticar Premium12 miesięcy
SPOT-70743,Citroën C3 Aircross · 59900 PLN,Citroën C3 Aircross · Cena: 59900 PLN · Gwarancja Spoticar Premium12 miesięcy · Spoticar Fix Forum RzeszówKRASNE · Sprawdź ofertę!,https://www.spoticar.pl/znajdz-uzywany-samochod/citroen-c3-aircross-12-puretech-shine-pack-ss-eat6-krasne-1200222499,https://s3.eu-central-1.amazonaws.com/uvpictures-eu-central-1/368/SP/PL/CITROEN-C3-AIRCROSS-222499_1.JPG,https://s3.eu-central-1.amazonaws.com/uvpictures-eu-central-1/368/SP/PL/CITROEN-C3-AIRCROSS-222499_2.JPG|https://s3.eu-central-1.amazonaws.com/uvpictures-eu-central-1/368/SP/PL/CITROEN-C3-AIRCROSS-222499_3.JPG|https://s3.eu-central-1.amazonaws.com/uvpictures-eu-central-1/368/SP/PL/CITROEN-C3-AIRCROSS-222499_4.JPG,Citroën,C3 Aircross,2023,30816,KM,,Used,59900 PLN,PLN,CASH,59900 PLN,Total,Gasoline,Automatic,Spoticar Fix Forum RzeszówKRASNE,Spoticar Fix Forum Rzeszów,Gwarancja Spoticar Premium12 miesięcy
SPOT-70604,Opel Astra · 82900 PLN,Opel Astra · Cena: 82900 PLN · Gwarancja Spoticar Premium12 miesięcy · SPOTICAR STELLANTIS & YOU WARSZAWA RADZYMIŃSKA · Sprawdź ofertę!,https://www.spoticar.pl/znajdz-uzywany-samochod/opel-astra-vi-15-cdti-business-edition-ss-aut-warszawa-1200222347,https://s3.eu-central-1.amazonaws.com/uvpictures-eu-central-1/368/SP/PL/OPEL-ASTRA-222347_1.JPG,https://s3.eu-central-1.amazonaws.com/uvpictures-eu-central-1/368/SP/PL/OPEL-ASTRA-222347_2.JPG|https://s3.eu-central-1.amazonaws.com/uvpictures-eu-central-1/368/SP/PL/OPEL-ASTRA-222347_3.JPG|https://s3.eu-central-1.amazonaws.com/uvpictures-eu-central-1/368/SP/PL/OPEL-ASTRA-222347_4.JPG,Opel,Astra,2023,46242,KM,,Used,82900 PLN,PLN,CASH,82900 PLN,Total,Diesel,Automatic,SPOTICAR STELLANTIS & YOU WARSZAWA RADZYMIŃSKA,SPOTICAR STELLANTIS & YOU WARSZAWA RADZYMIŃSKASPOTICAR STELLANTIS & YOU WARSZAWA RADZYMIŃSKA,Gwarancja Spoticar Premium12 miesięcy
SPOT-69546,Citroën Berlingo · 74900 PLN,Citroën Berlingo · Cena: 74900 PLN · Gwarancja Spoticar Premium12 miesięcy · SPOTICAR RIA GRUDZIĄDZGRUDZIADZ · Sprawdź ofertę!,https://www.spoticar.pl/znajdz-uzywany-samochod/citroen-berlingo-m-12-puretech-feel-ss-n1-grudziadz-1200221297,https://s3.eu-central-1.amazonaws.com/uvpictures-eu-central-1/368/SP/PL/CITROEN-BERLINGO-221297_1.JPG,https://s3.eu-central-1.amazonaws.com/uvpictures-eu-central-1/368/SP/PL/CITROEN-BERLINGO-221297_2.JPG|https://s3.eu-central-1.amazonaws.com/uvpictures-eu-central-1/368/SP/PL/CITROEN-BERLINGO-221297_3.JPG|https://s3.eu-central-1.amazonaws.com/uvpictures-eu-central-1/368/SP/PL/CITROEN-BERLINGO-221297_4.JPG,Citroën,Berlingo,2023,26980,KM,,Used,74900 PLN,PLN,CASH,74900 PLN,Total,Gasoline,Manual,SPOTICAR RIA GRUDZIĄDZGRUDZIADZ,SPOTICAR RIA GRUDZIĄDZ,Gwarancja Spoticar Premium12 miesięcy
SPOT-70477,Citroën Berlingo · 56900 PLN,Citroën Berlingo · Cena: 56900 PLN · Gwarancja Spoticar Premium6 miesięcy · Spoticar Auto Centrum Golemo Kraków · Sprawdź ofertę!,https://www.spoticar.pl/znajdz-uzywany-samochod/citroen-berlingo-xl-15-bluehdi-feel-krakow-1200222253,https://s3.eu-central-1.amazonaws.com/uvpictures-eu-central-1/368/SP/PL/CITROEN-BERLINGO-222253_1.JPG,https://s3.eu-central-1.amazonaws.com/uvpictures-eu-central-1/368/SP/PL/CITROEN-BERLINGO-222253_2.JPG|https://s3.eu-central-1.amazonaws.com/uvpictures-eu-central-1/368/SP/PL/CITROEN-BERLINGO-222253_3.JPG|https://s3.eu-central-1.amazonaws.com/uvpictures-eu-central-1/368/SP/PL/CITROEN-BERLINGO-222253_4.JPG,Citroën,Berlingo,2020,54601,KM,,Used,56900 PLN,PLN,CASH,56900 PLN,Total,Diesel,Manual,Spoticar Auto Centrum Golemo Kraków,Spoticar Auto Centrum Golemo KrakówSpoticar Auto Centrum Golemo Kraków,Gwarancja Spoticar Premium6 miesięcy
SPOT-70465,Peugeot 408 · 99900 PLN,Peugeot 408 · Cena: 99900 PLN · Gwarancja Spoticar Premium12 miesięcy · Spoticar Auto Centrum Golemo Kraków · Sprawdź ofertę!,https://www.spoticar.pl/znajdz-uzywany-samochod/peugeot-408-12-puretech-gt-ss-eat8-krakow-1200222188,https://s3.eu-central-1.amazonaws.com/uvpictures-eu-central-1/368/SP/PL/PEUGEOT-408-222188_1.JPG,https://s3.eu-central-1.amazonaws.com/uvpictures-eu-central-1/368/SP/PL/PEUGEOT-408-222188_2.JPG|https://s3.eu-central-1.amazonaws.com/uvpictures-eu-central-1/368/SP/PL/PEUGEOT-408-222188_3.JPG|https://s3.eu-central-1.amazonaws.com/uvpictures-eu-central-1/368/SP/PL/PEUGEOT-408-222188_4.JPG,Peugeot,408,2023,46271,KM,,Used,99900 PLN,PLN,CASH,99900 PLN,Total,Gasoline,Automatic,Spoticar Auto Centrum Golemo Kraków,Spoticar Auto Centrum Golemo KrakówSpoticar Auto Centrum Golemo Kraków,Gwarancja Spoticar Premium12 miesięcy
SPOT-68350,Peugeot 308 · 35790 PLN,Peugeot 308 · Cena: 35790 PLN · Gwarancja Spoticar Premium6 miesięcy · Spoticar TANDEM SosnowiecSosnowiec · Sprawdź ofertę!,https://www.spoticar.pl/znajdz-uzywany-samochod/peugeot-308-12-puretech-gpf-active-pack-business-ss-sosnowiec-1200220152,https://s3.eu-central-1.amazonaws.com/uvpictures-eu-central-1/368/SP/PL/PEUGEOT-308-220152_1.JPG,https://s3.eu-central-1.amazonaws.com/uvpictures-eu-central-1/368/SP/PL/PEUGEOT-308-220152_2.JPG|https://s3.eu-central-1.amazonaws.com/uvpictures-eu-central-1/368/SP/PL/PEUGEOT-308-220152_3.JPG|https://s3.eu-central-1.amazonaws.com/uvpictures-eu-central-1/368/SP/PL/PEUGEOT-308-220152_4.JPG,Peugeot,308,2018,121173,KM,,Used,35790 PLN,PLN,CASH,35790 PLN,Total,Gasoline,Manual,Spoticar TANDEM SosnowiecSosnowiec,Spoticar TANDEM Sosnowiec,Gwarancja Spoticar Premium6 miesięcy
SPOT-67524,Peugeot Partner · 40467 PLN,Peugeot Partner · Cena: 40467 PLN · Gwarancja Spoticar Premium6 miesięcy · SPOTICAR RIA STALOWA WOLAStalowa Wola / Grebów · Sprawdź ofertę!,https://www.spoticar.pl/znajdz-uzywany-samochod/peugeot-partner-12-puretech-l1-ss-premium-stalowa-wola-grebow-1200219313,https://s3.eu-central-1.amazonaws.com/uvpictures-eu-central-1/368/SP/PL/PEUGEOT-PARTNER-219313_1.JPG,https://s3.eu-central-1.amazonaws.com/uvpictures-eu-central-1/368/SP/PL/PEUGEOT-PARTNER-219313_2.JPG|https://s3.eu-central-1.amazonaws.com/uvpictures-eu-central-1/368/SP/PL/PEUGEOT-PARTNER-219313_3.JPG|https://s3.eu-central-1.amazonaws.com/uvpictures-eu-central-1/368/SP/PL/PEUGEOT-PARTNER-219313_4.JPG,Peugeot,Partner,2020,125533,KM,,Used,40467 PLN,PLN,CASH,40467 PLN,Total,Gasoline,Manual,SPOTICAR RIA STALOWA WOLAStalowa Wola / Grebów,SPOTICAR RIA STALOWA WOLA,Gwarancja Spoticar Premium6 miesięcy
SPOT-67549,Peugeot 508 · 77900 PLN,Peugeot 508 · Cena: 77900 PLN · Gwarancja Spoticar Premium12 miesięcy · SPOTICAR PRASEK RADOMRadom · Sprawdź ofertę!,https://www.spoticar.pl/znajdz-uzywany-samochod/peugeot-508-12-puretech-allure-pack-ss-eat8-radom-1200219378,https://s3.eu-central-1.amazonaws.com/uvpictures-eu-central-1/368/SP/PL/PEUGEOT-508-219378_1.JPG,https://s3.eu-central-1.amazonaws.com/uvpictures-eu-central-1/368/SP/PL/PEUGEOT-508-219378_2.JPG|https://s3.eu-central-1.amazonaws.com/uvpictures-eu-central-1/368/SP/PL/PEUGEOT-508-219378_3.JPG|https://s3.eu-central-1.amazonaws.com/uvpictures-eu-central-1/368/SP/PL/PEUGEOT-508-219378_4.JPG,Peugeot,508,2022,92446,KM,,Used,77900 PLN,PLN,CASH,77900 PLN,Total,Gasoline,Automatic,SPOTICAR PRASEK RADOMRadom,SPOTICAR PRASEK RADOM,Gwarancja Spoticar Premium12 miesięcy
SPOT-67401,Peugeot 2008 · 77900 PLN,Peugeot 2008 · Cena: 77900 PLN · Gwarancja Spoticar Premium12 miesięcy · Spoticar Fix Forum RzeszówKRASNE · Sprawdź ofertę!,https://www.spoticar.pl/znajdz-uzywany-samochod/peugeot-2008-puretech-130-gt-ss-eat8-krasne-1200219219,https://s3.eu-central-1.amazonaws.com/uvpictures-eu-central-1/368/SP/PL/PEUGEOT-2008-219219_1.JPG,https://s3.eu-central-1.amazonaws.com/uvpictures-eu-central-1/368/SP/PL/PEUGEOT-2008-219219_2.JPG|https://s3.eu-central-1.amazonaws.com/uvpictures-eu-central-1/368/SP/PL/PEUGEOT-2008-219219_3.JPG|https://s3.eu-central-1.amazonaws.com/uvpictures-eu-central-1/368/SP/PL/PEUGEOT-2008-219219_4.JPG,Peugeot,2008,2023,48192,KM,,Used,77900 PLN,PLN,CASH,77900 PLN,Total,Gasoline,Automatic,Spoticar Fix Forum RzeszówKRASNE,Spoticar Fix Forum Rzeszów,Gwarancja Spoticar Premium12 miesięcy
SPOT-66705,Hyundai I20 · 37900 PLN,Hyundai I20 · Cena: 37900 PLN · Gwarancja Spoticar Premium6 miesięcy · SPOTICAR PRASEK RADOMRadom · Sprawdź ofertę!,https://www.spoticar.pl/znajdz-uzywany-samochod/hyundai-i20-12-classic-plus-radom-1200218564,https://s3.eu-central-1.amazonaws.com/uvpictures-eu-central-1/368/SP/PL/HYUNDAI-I20-218564_1.JPG,https://s3.eu-central-1.amazonaws.com/uvpictures-eu-central-1/368/SP/PL/HYUNDAI-I20-218564_2.JPG|https://s3.eu-central-1.amazonaws.com/uvpictures-eu-central-1/368/SP/PL/HYUNDAI-I20-218564_3.JPG|https://s3.eu-central-1.amazonaws.com/uvpictures-eu-central-1/368/SP/PL/HYUNDAI-I20-218564_4.JPG,Hyundai,I20,2018,43000,KM,,Used,37900 PLN,PLN,CASH,37900 PLN,Total,Gasoline,Manual,SPOTICAR PRASEK RADOMRadom,SPOTICAR PRASEK RADOM,Gwarancja Spoticar Premium6 miesięcy
SPOT-67896,Citroën C5 Aircross · 55900 PLN,Citroën C5 Aircross · Cena: 55900 PLN · Gwarancja Spoticar Premium6 miesięcy · Spoticar Auto Centrum Golemo Kraków · Sprawdź ofertę!,https://www.spoticar.pl/znajdz-uzywany-samochod/citroen-c5-aircross-15-bluehdi-feel-krakow-1200219704,https://s3.eu-central-1.amazonaws.com/uvpictures-eu-central-1/368/SP/PL/CITROEN-C5-AIRCROSS-219704_1.JPG,https://s3.eu-central-1.amazonaws.com/uvpictures-eu-central-1/368/SP/PL/CITROEN-C5-AIRCROSS-219704_2.JPG|https://s3.eu-central-1.amazonaws.com/uvpictures-eu-central-1/368/SP/PL/CITROEN-C5-AIRCROSS-219704_3.JPG|https://s3.eu-central-1.amazonaws.com/uvpictures-eu-central-1/368/SP/PL/CITROEN-C5-AIRCROSS-219704_4.JPG,Citroën,C5 Aircross,2019,143400,KM,,Used,55900 PLN,PLN,CASH,55900 PLN,Total,Diesel,Manual,Spoticar Auto Centrum Golemo Kraków,Spoticar Auto Centrum Golemo KrakówSpoticar Auto Centrum Golemo Kraków,Gwarancja Spoticar Premium6 miesięcy
SPOT-67739,Peugeot Traveller · 210000 PLN,Peugeot Traveller · Cena: 210000 PLN · Gwarancja Spoticar Premium12 miesięcy · SPOTICAR WOJCIULA BIAŁYSTOKBialystok · Sprawdź ofertę!,https://www.spoticar.pl/znajdz-uzywany-samochod/peugeot-traveller-20-bluehdi-long-business-vip-eat8-bialystok-1200219568,https://s3.eu-central-1.amazonaws.com/uvpictures-eu-central-1/368/SP/PL/PEUGEOT-TRAVELLER-219568_1.JPG,https://s3.eu-central-1.amazonaws.com/uvpictures-eu-central-1/368/SP/PL/PEUGEOT-TRAVELLER-219568_2.JPG|https://s3.eu-central-1.amazonaws.com/uvpictures-eu-central-1/368/SP/PL/PEUGEOT-TRAVELLER-219568_3.JPG|https://s3.eu-central-1.amazonaws.com/uvpictures-eu-central-1/368/SP/PL/PEUGEOT-TRAVELLER-219568_4.JPG,Peugeot,Traveller,2025,7872,KM,,Used,210000 PLN,PLN,CASH,210000 PLN,Total,Diesel,Automatic,SPOTICAR WOJCIULA BIAŁYSTOKBialystok,SPOTICAR WOJCIULA BIAŁYSTOK,Gwarancja Spoticar Premium12 miesięcy
SPOT-63472,Peugeot 3008 · 39900 PLN,Peugeot 3008 · Cena: 39900 PLN · Gwarancja Spoticar Premium6 miesięcy · Spoticar Auto Centrum Golemo Kraków · Sprawdź ofertę!,https://www.spoticar.pl/znajdz-uzywany-samochod/peugeot-3008-12-puretech-allure-ss-krakow-1200215422,https://s3.eu-central-1.amazonaws.com/uvpictures-eu-central-1/368/SP/PL/PEUGEOT-3008-215422_1.JPG,https://s3.eu-central-1.amazonaws.com/uvpictures-eu-central-1/368/SP/PL/PEUGEOT-3008-215422_2.JPG|https://s3.eu-central-1.amazonaws.com/uvpictures-eu-central-1/368/SP/PL/PEUGEOT-3008-215422_3.JPG|https://s3.eu-central-1.amazonaws.com/uvpictures-eu-central-1/368/SP/PL/PEUGEOT-3008-215422_4.JPG,Peugeot,3008,2016,133632,KM,,Used,39900 PLN,PLN,CASH,39900 PLN,Total,Gasoline,Manual,Spoticar Auto Centrum Golemo Kraków,Spoticar Auto Centrum Golemo KrakówSpoticar Auto Centrum Golemo Kraków,Gwarancja Spoticar Premium6 miesięcy
SPOT-70950,Citroën C4 · 94200 PLN,Citroën C4 · Cena: 94200 PLN · Gwarancja Spoticar Premium12 miesięcy · SPOTICAR STELLANTIS & YOU WARSZAWA RADZYMIŃSKA · Sprawdź ofertę!,https://www.spoticar.pl/znajdz-uzywany-samochod/citroen-c4-12-puretech-max-ss-eat8-warszawa-1200222683,https://s3.eu-central-1.amazonaws.com/uvpictures-eu-central-1/368/SP/PL/CITROEN-C4-222683_1.JPG,https://s3.eu-central-1.amazonaws.com/uvpictures-eu-central-1/368/SP/PL/CITROEN-C4-222683_2.JPG|https://s3.eu-central-1.amazonaws.com/uvpictures-eu-central-1/368/SP/PL/CITROEN-C4-222683_3.JPG|https://s3.eu-central-1.amazonaws.com/uvpictures-eu-central-1/368/SP/PL/CITROEN-C4-222683_4.JPG,Citroën,C4,2025,18545,KM,,Used,94200 PLN,PLN,CASH,94200 PLN,Total,Gasoline,Automatic,SPOTICAR STELLANTIS & YOU WARSZAWA RADZYMIŃSKA,SPOTICAR STELLANTIS & YOU WARSZAWA RADZYMIŃSKASPOTICAR STELLANTIS & YOU WARSZAWA RADZYMIŃSKA,Gwarancja Spoticar Premium12 miesięcy
SPOT-70927,Peugeot 508 · 114900 PLN,Peugeot 508 · Cena: 114900 PLN · Gwarancja Spoticar Premium12 miesięcy · SPOTICAR STELLANTIS & YOU WARSZAWA RADZYMIŃSKA · Sprawdź ofertę!,https://www.spoticar.pl/znajdz-uzywany-samochod/peugeot-508-16-puretech-hybrid-phev-gt-ss-eat8-warszawa-1200222655,https://s3.eu-central-1.amazonaws.com/uvpictures-eu-central-1/368/SP/PL/PEUGEOT-508-222655_1.JPG,https://s3.eu-central-1.amazonaws.com/uvpictures-eu-central-1/368/SP/PL/PEUGEOT-508-222655_2.JPG|https://s3.eu-central-1.amazonaws.com/uvpictures-eu-central-1/368/SP/PL/PEUGEOT-508-222655_3.JPG|https://s3.eu-central-1.amazonaws.com/uvpictures-eu-central-1/368/SP/PL/PEUGEOT-508-222655_4.JPG,Peugeot,508,2022,22046,KM,,Used,114900 PLN,PLN,CASH,114900 PLN,Total,Gasoline,Automatic,SPOTICAR STELLANTIS & YOU WARSZAWA RADZYMIŃSKA,SPOTICAR STELLANTIS & YOU WARSZAWA RADZYMIŃSKASPOTICAR STELLANTIS & YOU WARSZAWA RADZYMIŃSKA,Gwarancja Spoticar Premium12 miesięcy
SPOT-65140,Peugeot Boxer · 63345 PLN,Peugeot Boxer · Cena: 63345 PLN · Gwarancja Spoticar Premium6 miesięcy · SPOTICAR PRASEK RADOMRadom · Sprawdź ofertę!,https://www.spoticar.pl/znajdz-uzywany-samochod/peugeot-boxer-435-bluehdi-l4h2-radom-1200217062,https://s3.eu-central-1.amazonaws.com/uvpictures-eu-central-1/368/SP/PL/PEUGEOT-BOXER-217062_1.JPG,https://s3.eu-central-1.amazonaws.com/uvpictures-eu-central-1/368/SP/PL/PEUGEOT-BOXER-217062_2.JPG|https://s3.eu-central-1.amazonaws.com/uvpictures-eu-central-1/368/SP/PL/PEUGEOT-BOXER-217062_3.JPG|https://s3.eu-central-1.amazonaws.com/uvpictures-eu-central-1/368/SP/PL/PEUGEOT-BOXER-217062_4.JPG,Peugeot,Boxer,2018,146251,KM,,Used,63345 PLN,PLN,CASH,63345 PLN,Total,Diesel,Manual,SPOTICAR PRASEK RADOMRadom,SPOTICAR PRASEK RADOM,Gwarancja Spoticar Premium6 miesięcy
SPOT-70050,Peugeot 3008 · 105900 PLN,Peugeot 3008 · Cena: 105900 PLN · Gwarancja Spoticar Premium6 miesięcy · SPOTICAR RIA STALOWA WOLAStalowa Wola / Grebów · Sprawdź ofertę!,https://www.spoticar.pl/znajdz-uzywany-samochod/peugeot-3008-16-puretech-hybrid4-phev-gt-ss-eat8-stalowa-wola-grebow-1200221811,https://s3.eu-central-1.amazonaws.com/uvpictures-eu-central-1/368/SP/PL/PEUGEOT-3008-221811_1.JPG,https://s3.eu-central-1.amazonaws.com/uvpictures-eu-central-1/368/SP/PL/PEUGEOT-3008-221811_2.JPG|https://s3.eu-central-1.amazonaws.com/uvpictures-eu-central-1/368/SP/PL/PEUGEOT-3008-221811_3.JPG|https://s3.eu-central-1.amazonaws.com/uvpictures-eu-central-1/368/SP/PL/PEUGEOT-3008-221811_4.JPG,Peugeot,3008,2021,98640,KM,,Used,105900 PLN,PLN,CASH,105900 PLN,Total,Plug-in Hybrid,Automatic,SPOTICAR RIA STALOWA WOLAStalowa Wola / Grebów,SPOTICAR RIA STALOWA WOLA,Gwarancja Spoticar Premium6 miesięcy
SPOT-70035,Peugeot 308 · 102900 PLN,Peugeot 308 · Cena: 102900 PLN · Gwarancja Spoticar Premium12 miesięcy · SPOTICAR RIA GRUDZIĄDZGRUDZIADZ · Sprawdź ofertę!,https://www.spoticar.pl/znajdz-uzywany-samochod/peugeot-308-12-mhev-gt-ss-e-dcs6-grudziadz-1200221793,https://s3.eu-central-1.amazonaws.com/uvpictures-eu-central-1/368/SP/PL/PEUGEOT-308-221793_1.JPG,https://s3.eu-central-1.amazonaws.com/uvpictures-eu-central-1/368/SP/PL/PEUGEOT-308-221793_2.JPG|https://s3.eu-central-1.amazonaws.com/uvpictures-eu-central-1/368/SP/PL/PEUGEOT-308-221793_3.JPG|https://s3.eu-central-1.amazonaws.com/uvpictures-eu-central-1/368/SP/PL/PEUGEOT-308-221793_4.JPG,Peugeot,308,2025,18369,KM,,Used,102900 PLN,PLN,CASH,102900 PLN,Total,Hybrid,Automatic,SPOTICAR RIA GRUDZIĄDZGRUDZIADZ,SPOTICAR RIA GRUDZIĄDZ,Gwarancja Spoticar Premium12 miesięcy
SPOT-70168,Peugeot 2008 · 87900 PLN,Peugeot 2008 · Cena: 87900 PLN · Gwarancja Spoticar Premium12 miesięcy · SPOTICAR STELLANTIS & YOU WARSZAWA PUŁAWSKA · Sprawdź ofertę!,https://www.spoticar.pl/znajdz-uzywany-samochod/peugeot-2008-puretech-130-gt-ss-eat8-warszawa-1200221916,https://s3.eu-central-1.amazonaws.com/uvpictures-eu-central-1/368/SP/PL/PEUGEOT-2008-221916_1.JPG,https://s3.eu-central-1.amazonaws.com/uvpictures-eu-central-1/368/SP/PL/PEUGEOT-2008-221916_2.JPG|https://s3.eu-central-1.amazonaws.com/uvpictures-eu-central-1/368/SP/PL/PEUGEOT-2008-221916_3.JPG|https://s3.eu-central-1.amazonaws.com/uvpictures-eu-central-1/368/SP/PL/PEUGEOT-2008-221916_4.JPG,Peugeot,2008,2024,35173,KM,,Used,87900 PLN,PLN,CASH,87900 PLN,Total,Gasoline,Automatic,SPOTICAR STELLANTIS & YOU WARSZAWA PUŁAWSKA,SPOTICAR STELLANTIS & YOU WARSZAWA PUŁAWSKASPOTICAR STELLANTIS & YOU WARSZAWA PUŁAWSKA,Gwarancja Spoticar Premium12 miesięcy
SPOT-70254,Peugeot 5008 · 104900 PLN,Peugeot 5008 · Cena: 104900 PLN · Gwarancja Spoticar Premium12 miesięcy · SPOTICAR RIA GRUDZIĄDZGRUDZIADZ · Sprawdź ofertę!,https://www.spoticar.pl/znajdz-uzywany-samochod/peugeot-5008-15-bluehdi-allure-ss-eat8-grudziadz-1200222001,https://s3.eu-central-1.amazonaws.com/uvpictures-eu-central-1/368/SP/PL/PEUGEOT-5008-222001_1.JPG,https://s3.eu-central-1.amazonaws.com/uvpictures-eu-central-1/368/SP/PL/PEUGEOT-5008-222001_2.JPG|https://s3.eu-central-1.amazonaws.com/uvpictures-eu-central-1/368/SP/PL/PEUGEOT-5008-222001_3.JPG|https://s3.eu-central-1.amazonaws.com/uvpictures-eu-central-1/368/SP/PL/PEUGEOT-5008-222001_4.JPG,Peugeot,5008,2022,82138,KM,,Used,104900 PLN,PLN,CASH,104900 PLN,Total,Diesel,Automatic,SPOTICAR RIA GRUDZIĄDZGRUDZIADZ,SPOTICAR RIA GRUDZIĄDZ,Gwarancja Spoticar Premium12 miesięcy
SPOT-70302,Opel Astra · 93900 PLN,Opel Astra · Cena: 93900 PLN · Gwarancja Spoticar Premium12 miesięcy · SPOTICAR STELLANTIS & YOU WARSZAWA PUŁAWSKA · Sprawdź ofertę!,https://www.spoticar.pl/znajdz-uzywany-samochod/opel-astra-vi-12-t-gs-ss-aut-warszawa-1200222036,https://s3.eu-central-1.amazonaws.com/uvpictures-eu-central-1/368/SP/PL/OPEL-ASTRA-222036_1.JPG,https://s3.eu-central-1.amazonaws.com/uvpictures-eu-central-1/368/SP/PL/OPEL-ASTRA-222036_2.JPG|https://s3.eu-central-1.amazonaws.com/uvpictures-eu-central-1/368/SP/PL/OPEL-ASTRA-222036_3.JPG|https://s3.eu-central-1.amazonaws.com/uvpictures-eu-central-1/368/SP/PL/OPEL-ASTRA-222036_4.JPG,Opel,Astra,2024,26500,KM,,Used,93900 PLN,PLN,CASH,93900 PLN,Total,Gasoline,Automatic,SPOTICAR STELLANTIS & YOU WARSZAWA PUŁAWSKA,SPOTICAR STELLANTIS & YOU WARSZAWA PUŁAWSKASPOTICAR STELLANTIS & YOU WARSZAWA PUŁAWSKA,Gwarancja Spoticar Premium12 miesięcy
SPOT-70135,Peugeot 2008 · 84900 PLN,Peugeot 2008 · Cena: 84900 PLN · Gwarancja Spoticar Premium12 miesięcy · SPOTICAR RIA GRUDZIĄDZGRUDZIADZ · Sprawdź ofertę!,https://www.spoticar.pl/znajdz-uzywany-samochod/peugeot-2008-e-2008-allure-grudziadz-1200221887,https://s3.eu-central-1.amazonaws.com/uvpictures-eu-central-1/368/SP/PL/PEUGEOT-2008-221887_1.JPG,https://s3.eu-central-1.amazonaws.com/uvpictures-eu-central-1/368/SP/PL/PEUGEOT-2008-221887_2.JPG|https://s3.eu-central-1.amazonaws.com/uvpictures-eu-central-1/368/SP/PL/PEUGEOT-2008-221887_3.JPG|https://s3.eu-central-1.amazonaws.com/uvpictures-eu-central-1/368/SP/PL/PEUGEOT-2008-221887_4.JPG,Peugeot,2008,2024,39679,KM,,Used,84900 PLN,PLN,CASH,84900 PLN,Total,Electric,Automatic,SPOTICAR RIA GRUDZIĄDZGRUDZIADZ,SPOTICAR RIA GRUDZIĄDZ,Gwarancja Spoticar Premium12 miesięcy
SPOT-69712,Peugeot 2008 · 89990 PLN,Peugeot 2008 · Cena: 89990 PLN · Gwarancja Spoticar Premium12 miesięcy · SPOTICAR DEJON I DĄBROWSKI LEGNICA · Sprawdź ofertę!,https://www.spoticar.pl/znajdz-uzywany-samochod/peugeot-2008-puretech-130-allure-ss-eat8-legnica-1200221494,https://s3.eu-central-1.amazonaws.com/uvpictures-eu-central-1/368/SP/PL/PEUGEOT-2008-221494_1.JPG,https://s3.eu-central-1.amazonaws.com/uvpictures-eu-central-1/368/SP/PL/PEUGEOT-2008-221494_2.JPG|https://s3.eu-central-1.amazonaws.com/uvpictures-eu-central-1/368/SP/PL/PEUGEOT-2008-221494_3.JPG|https://s3.eu-central-1.amazonaws.com/uvpictures-eu-central-1/368/SP/PL/PEUGEOT-2008-221494_4.JPG,Peugeot,2008,2024,20259,KM,,Used,89990 PLN,PLN,CASH,89990 PLN,Total,Gasoline,Automatic,SPOTICAR DEJON I DĄBROWSKI LEGNICA,SPOTICAR DEJON I DĄBROWSKI LEGNICASPOTICAR DEJON I DĄBROWSKI LEGNICA,Gwarancja Spoticar Premium12 miesięcy
SPOT-69874,Opel Grandland · 82900 PLN,Opel Grandland · Cena: 82900 PLN · Gwarancja Spoticar Premium12 miesięcy · Spoticar Fix Forum RzeszówKRASNE · Sprawdź ofertę!,https://www.spoticar.pl/znajdz-uzywany-samochod/opel-grandland-12-t-gs-ss-aut-krasne-1200221636,https://s3.eu-central-1.amazonaws.com/uvpictures-eu-central-1/368/SP/PL/OPEL-GRANDLAND-221636_1.JPG,https://s3.eu-central-1.amazonaws.com/uvpictures-eu-central-1/368/SP/PL/OPEL-GRANDLAND-221636_2.JPG|https://s3.eu-central-1.amazonaws.com/uvpictures-eu-central-1/368/SP/PL/OPEL-GRANDLAND-221636_3.JPG|https://s3.eu-central-1.amazonaws.com/uvpictures-eu-central-1/368/SP/PL/OPEL-GRANDLAND-221636_4.JPG,Opel,Grandland,2023,36606,KM,,Used,82900 PLN,PLN,CASH,82900 PLN,Total,Gasoline,Automatic,Spoticar Fix Forum RzeszówKRASNE,Spoticar Fix Forum Rzeszów,Gwarancja Spoticar Premium12 miesięcy
SPOT-69815,Hyundai Tucson · 89900 PLN,Hyundai Tucson · Cena: 89900 PLN · Gwarancja Spoticar Premium12 miesięcy · Spoticar  Budmat Auto PłockPłock · Sprawdź ofertę!,https://www.spoticar.pl/znajdz-uzywany-samochod/hyundai-tucson-16-t-gdi-executive-2wd-plock-1200221577,https://s3.eu-central-1.amazonaws.com/uvpictures-eu-central-1/368/SP/PL/HYUNDAI-TUCSON-221577_1.JPG,https://s3.eu-central-1.amazonaws.com/uvpictures-eu-central-1/368/SP/PL/HYUNDAI-TUCSON-221577_2.JPG|https://s3.eu-central-1.amazonaws.com/uvpictures-eu-central-1/368/SP/PL/HYUNDAI-TUCSON-221577_3.JPG|https://s3.eu-central-1.amazonaws.com/uvpictures-eu-central-1/368/SP/PL/HYUNDAI-TUCSON-221577_4.JPG,Hyundai,Tucson,2023,70000,KM,,Used,89900 PLN,PLN,CASH,89900 PLN,Total,Gasoline,Manual,Spoticar  Budmat Auto PłockPłock,Spoticar  Budmat Auto Płock,Gwarancja Spoticar Premium12 miesięcy
SPOT-69931,Peugeot Traveller · 149900 PLN,Peugeot Traveller · Cena: 149900 PLN · Gwarancja Spoticar Premium12 miesięcy · Spoticar Auto Centrum Golemo Kraków · Sprawdź ofertę!,https://www.spoticar.pl/znajdz-uzywany-samochod/peugeot-krakow-1200221692,https://s3.eu-central-1.amazonaws.com/uvpictures-eu-central-1/368/SP/PL/PEUGEOT-TRAVELLER-221692_1.JPG,https://s3.eu-central-1.amazonaws.com/uvpictures-eu-central-1/368/SP/PL/PEUGEOT-TRAVELLER-221692_2.JPG|https://s3.eu-central-1.amazonaws.com/uvpictures-eu-central-1/368/SP/PL/PEUGEOT-TRAVELLER-221692_3.JPG|https://s3.eu-central-1.amazonaws.com/uvpictures-eu-central-1/368/SP/PL/PEUGEOT-TRAVELLER-221692_4.JPG,Peugeot,Traveller,2024,92652,KM,,Used,149900 PLN,PLN,CASH,149900 PLN,Total,Diesel,Automatic,Spoticar Auto Centrum Golemo Kraków,Spoticar Auto Centrum Golemo KrakówSpoticar Auto Centrum Golemo Kraków,Gwarancja Spoticar Premium12 miesięcy
SPOT-69779,Citroën C5 Aircross · 79900 PLN,Citroën C5 Aircross · Cena: 79900 PLN · Gwarancja Spoticar Premium6 miesięcy · Spoticar Auto Centrum Golemo Kraków · Sprawdź ofertę!,https://www.spoticar.pl/znajdz-uzywany-samochod/citroen-c5-aircross-15-bluehdi-shine-eat8-krakow-1200221529,https://s3.eu-central-1.amazonaws.com/uvpictures-eu-central-1/368/SP/PL/CITROEN-C5-AIRCROSS-221529_1.JPG,https://s3.eu-central-1.amazonaws.com/uvpictures-eu-central-1/368/SP/PL/CITROEN-C5-AIRCROSS-221529_2.JPG|https://s3.eu-central-1.amazonaws.com/uvpictures-eu-central-1/368/SP/PL/CITROEN-C5-AIRCROSS-221529_3.JPG|https://s3.eu-central-1.amazonaws.com/uvpictures-eu-central-1/368/SP/PL/CITROEN-C5-AIRCROSS-221529_4.JPG,Citroën,C5 Aircross,2023,155120,KM,,Used,79900 PLN,PLN,CASH,79900 PLN,Total,Diesel,Automatic,Spoticar Auto Centrum Golemo Kraków,Spoticar Auto Centrum Golemo KrakówSpoticar Auto Centrum Golemo Kraków,Gwarancja Spoticar Premium6 miesięcy
SPOT-69732,Opel Astra · 87900 PLN,Opel Astra · Cena: 87900 PLN · Gwarancja Spoticar Premium12 miesięcy · SPOTICAR RIA STALOWA WOLAStalowa Wola / Grebów · Sprawdź ofertę!,https://www.spoticar.pl/znajdz-uzywany-samochod/opel-astra-vi-12-t-gs-ss-aut-stalowa-wola-grebow-1200221503,https://s3.eu-central-1.amazonaws.com/uvpictures-eu-central-1/368/SP/PL/OPEL-ASTRA-221503_1.JPG,https://s3.eu-central-1.amazonaws.com/uvpictures-eu-central-1/368/SP/PL/OPEL-ASTRA-221503_2.JPG|https://s3.eu-central-1.amazonaws.com/uvpictures-eu-central-1/368/SP/PL/OPEL-ASTRA-221503_3.JPG|https://s3.eu-central-1.amazonaws.com/uvpictures-eu-central-1/368/SP/PL/OPEL-ASTRA-221503_4.JPG,Opel,Astra,2025,32840,KM,,Used,87900 PLN,PLN,CASH,87900 PLN,Total,Gasoline,Automatic,SPOTICAR RIA STALOWA WOLAStalowa Wola / Grebów,SPOTICAR RIA STALOWA WOLA,Gwarancja Spoticar Premium12 miesięcy
SPOT-69984,Peugeot 308 · 94700 PLN,Peugeot 308 · Cena: 94700 PLN · Gwarancja Spoticar Premium12 miesięcy · Spoticar  Budmat Auto PłockPłock · Sprawdź ofertę!,https://www.spoticar.pl/znajdz-uzywany-samochod/peugeot-308-12-mhev-gt-ss-e-dcs6-plock-1200221747,https://s3.eu-central-1.amazonaws.com/uvpictures-eu-central-1/368/SP/PL/PEUGEOT-308-221747_1.JPG,https://s3.eu-central-1.amazonaws.com/uvpictures-eu-central-1/368/SP/PL/PEUGEOT-308-221747_2.JPG|https://s3.eu-central-1.amazonaws.com/uvpictures-eu-central-1/368/SP/PL/PEUGEOT-308-221747_3.JPG|https://s3.eu-central-1.amazonaws.com/uvpictures-eu-central-1/368/SP/PL/PEUGEOT-308-221747_4.JPG,Peugeot,308,2025,20000,KM,,Used,94700 PLN,PLN,CASH,94700 PLN,Total,Gasoline,Automatic,Spoticar  Budmat Auto PłockPłock,Spoticar  Budmat Auto Płock,Gwarancja Spoticar Premium12 miesięcy
SPOT-69900,Peugeot 5008 · 124900 PLN,Peugeot 5008 · Cena: 124900 PLN · Gwarancja Spoticar Premium12 miesięcy · SPOTICAR RIA GRUDZIĄDZGRUDZIADZ · Sprawdź ofertę!,https://www.spoticar.pl/znajdz-uzywany-samochod/peugeot-5008-15-bluehdi-gt-ss-eat8-grudziadz-1200221655,https://s3.eu-central-1.amazonaws.com/uvpictures-eu-central-1/368/SP/PL/PEUGEOT-5008-221655_1.JPG,https://s3.eu-central-1.amazonaws.com/uvpictures-eu-central-1/368/SP/PL/PEUGEOT-5008-221655_2.JPG|https://s3.eu-central-1.amazonaws.com/uvpictures-eu-central-1/368/SP/PL/PEUGEOT-5008-221655_3.JPG|https://s3.eu-central-1.amazonaws.com/uvpictures-eu-central-1/368/SP/PL/PEUGEOT-5008-221655_4.JPG,Peugeot,5008,2024,34146,KM,,Used,124900 PLN,PLN,CASH,124900 PLN,Total,Diesel,Automatic,SPOTICAR RIA GRUDZIĄDZGRUDZIADZ,SPOTICAR RIA GRUDZIĄDZ,Gwarancja Spoticar Premium12 miesięcy
SPOT-69694,DS 7 Crossback · 99900 PLN,DS 7 Crossback · Cena: 99900 PLN · Gwarancja Spoticar Premium12 miesięcy · SPOTICAR STELLANTIS & YOU WARSZAWA AL. KRAKOWSKA · Sprawdź ofertę!,https://www.spoticar.pl/znajdz-uzywany-samochod/ds-ds-7-crossback-16-puretech-rivoli-aut-warszawa-1200221446,https://s3.eu-central-1.amazonaws.com/uvpictures-eu-central-1/368/SP/PL/DS-DS-7-CROSSBACK-221446_1.JPG,https://s3.eu-central-1.amazonaws.com/uvpictures-eu-central-1/368/SP/PL/DS-DS-7-CROSSBACK-221446_2.JPG|https://s3.eu-central-1.amazonaws.com/uvpictures-eu-central-1/368/SP/PL/DS-DS-7-CROSSBACK-221446_3.JPG|https://s3.eu-central-1.amazonaws.com/uvpictures-eu-central-1/368/SP/PL/DS-DS-7-CROSSBACK-221446_4.JPG,DS,7 Crossback,2022,57000,KM,,Used,99900 PLN,PLN,CASH,99900 PLN,Total,Gasoline,Automatic,SPOTICAR STELLANTIS & YOU WARSZAWA AL. KRAKOWSKA,SPOTICAR STELLANTIS & YOU WARSZAWA AL. KRAKOWSKASPOTICAR STELLANTIS & YOU WARSZAWA AL. KRAKOWSKA,Gwarancja Spoticar Premium12 miesięcy
SPOT-70118,Peugeot 2008 · 69900 PLN,Peugeot 2008 · Cena: 69900 PLN · Gwarancja Spoticar Premium12 miesięcy · SPOTICAR STELLANTIS & YOU WARSZAWA AL. KRAKOWSKA · Sprawdź ofertę!,https://www.spoticar.pl/znajdz-uzywany-samochod/peugeot-2008-puretech-130-allure-ss-eat8-warszawa-1200221881,https://s3.eu-central-1.amazonaws.com/uvpictures-eu-central-1/368/SP/PL/PEUGEOT-2008-221881_1.JPG,https://s3.eu-central-1.amazonaws.com/uvpictures-eu-central-1/368/SP/PL/PEUGEOT-2008-221881_2.JPG|https://s3.eu-central-1.amazonaws.com/uvpictures-eu-central-1/368/SP/PL/PEUGEOT-2008-221881_3.JPG|https://s3.eu-central-1.amazonaws.com/uvpictures-eu-central-1/368/SP/PL/PEUGEOT-2008-221881_4.JPG,Peugeot,2008,2023,61570,KM,,Used,69900 PLN,PLN,CASH,69900 PLN,Total,Gasoline,Automatic,SPOTICAR STELLANTIS & YOU WARSZAWA AL. KRAKOWSKA,SPOTICAR STELLANTIS & YOU WARSZAWA AL. KRAKOWSKASPOTICAR STELLANTIS & YOU WARSZAWA AL. KRAKOWSKA,Gwarancja Spoticar Premium12 miesięcy
SPOT-68852,Opel Astra · 85900 PLN,Opel Astra · Cena: 85900 PLN · Gwarancja Spoticar Premium12 miesięcy · Spoticar Auto Centrum Golemo Kraków · Sprawdź ofertę!,https://www.spoticar.pl/znajdz-uzywany-samochod/opel-astra-vi-15-cdti-ultimate-ss-aut-krakow-1200220645,https://s3.eu-central-1.amazonaws.com/uvpictures-eu-central-1/368/SP/PL/OPEL-ASTRA-220645_1.JPG,https://s3.eu-central-1.amazonaws.com/uvpictures-eu-central-1/368/SP/PL/OPEL-ASTRA-220645_2.JPG|https://s3.eu-central-1.amazonaws.com/uvpictures-eu-central-1/368/SP/PL/OPEL-ASTRA-220645_3.JPG|https://s3.eu-central-1.amazonaws.com/uvpictures-eu-central-1/368/SP/PL/OPEL-ASTRA-220645_4.JPG,Opel,Astra,2023,79104,KM,,Used,85900 PLN,PLN,CASH,85900 PLN,Total,Diesel,Automatic,Spoticar Auto Centrum Golemo Kraków,Spoticar Auto Centrum Golemo KrakówSpoticar Auto Centrum Golemo Kraków,Gwarancja Spoticar Premium12 miesięcy
SPOT-70058,Peugeot 308 · 99990 PLN,Peugeot 308 · Cena: 99990 PLN · Gwarancja Spoticar Premium12 miesięcy · SPOTICAR RIA STALOWA WOLAStalowa Wola / Grebów · Sprawdź ofertę!,https://www.spoticar.pl/znajdz-uzywany-samochod/peugeot-308-12-mhev-gt-ss-e-dcs6-stalowa-wola-grebow-1200221800,https://s3.eu-central-1.amazonaws.com/uvpictures-eu-central-1/368/SP/PL/PEUGEOT-308-221800_1.JPG,https://s3.eu-central-1.amazonaws.com/uvpictures-eu-central-1/368/SP/PL/PEUGEOT-308-221800_2.JPG|https://s3.eu-central-1.amazonaws.com/uvpictures-eu-central-1/368/SP/PL/PEUGEOT-308-221800_3.JPG|https://s3.eu-central-1.amazonaws.com/uvpictures-eu-central-1/368/SP/PL/PEUGEOT-308-221800_4.JPG,Peugeot,308,2025,27128,KM,,Used,99990 PLN,PLN,CASH,99990 PLN,Total,Hybrid,Automatic,SPOTICAR RIA STALOWA WOLAStalowa Wola / Grebów,SPOTICAR RIA STALOWA WOLA,Gwarancja Spoticar Premium12 miesięcy
SPOT-69519,Citroën C5 Aircross · 84900 PLN,Citroën C5 Aircross · Cena: 84900 PLN · Gwarancja Spoticar Premium12 miesięcy · Spoticar  Budmat Auto PłockPłock · Sprawdź ofertę!,https://www.spoticar.pl/znajdz-uzywany-samochod/citroen-c5-aircross-15-bluehdi-max-eat8-plock-1200221324,https://s3.eu-central-1.amazonaws.com/uvpictures-eu-central-1/368/SP/PL/CITROEN-C5-AIRCROSS-221324_1.JPG,https://s3.eu-central-1.amazonaws.com/uvpictures-eu-central-1/368/SP/PL/CITROEN-C5-AIRCROSS-221324_2.JPG|https://s3.eu-central-1.amazonaws.com/uvpictures-eu-central-1/368/SP/PL/CITROEN-C5-AIRCROSS-221324_3.JPG|https://s3.eu-central-1.amazonaws.com/uvpictures-eu-central-1/368/SP/PL/CITROEN-C5-AIRCROSS-221324_4.JPG,Citroën,C5 Aircross,2023,75000,KM,,Used,84900 PLN,PLN,CASH,84900 PLN,Total,Diesel,Automatic,Spoticar  Budmat Auto PłockPłock,Spoticar  Budmat Auto Płock,Gwarancja Spoticar Premium12 miesięcy
SPOT-65857,Opel Grandland · 126990 PLN,Opel Grandland · Cena: 126990 PLN · Gwarancja Spoticar Premium12 miesięcy · Spoticar GEZET SzczecinSzczecin · Sprawdź ofertę!,https://www.spoticar.pl/znajdz-uzywany-samochod/opel-grandland-12-t-gs-line-ss-szczecin-400217774,https://s3.eu-central-1.amazonaws.com/uvpictures-eu-central-1/368/SP/PL/OPEL-GRANDLAND-217774_1.JPG,https://s3.eu-central-1.amazonaws.com/uvpictures-eu-central-1/368/SP/PL/OPEL-GRANDLAND-217774_2.JPG|https://s3.eu-central-1.amazonaws.com/uvpictures-eu-central-1/368/SP/PL/OPEL-GRANDLAND-217774_3.JPG|https://s3.eu-central-1.amazonaws.com/uvpictures-eu-central-1/368/SP/PL/OPEL-GRANDLAND-217774_4.JPG,Opel,Grandland,2024,35000,KM,,Used,126990 PLN,PLN,CASH,126990 PLN,Total,Gasoline,Manual,Spoticar GEZET SzczecinSzczecin,Spoticar GEZET Szczecin,Gwarancja Spoticar Premium12 miesięcy
SPOT-71131,Opel Grandland · 71900 PLN,Opel Grandland · Cena: 71900 PLN · Gwarancja Spoticar Premium12 miesięcy · Spoticar MOTOR CENTRUM GdańskGdańsk · Sprawdź ofertę!,https://www.spoticar.pl/znajdz-uzywany-samochod/opel-grandland-12-t-business-elegance-ss-aut-gdansk-1200222869,https://s3.eu-central-1.amazonaws.com/uvpictures-eu-central-1/368/SP/PL/OPEL-GRANDLAND-222869_1.JPG,https://s3.eu-central-1.amazonaws.com/uvpictures-eu-central-1/368/SP/PL/OPEL-GRANDLAND-222869_2.JPG|https://s3.eu-central-1.amazonaws.com/uvpictures-eu-central-1/368/SP/PL/OPEL-GRANDLAND-222869_3.JPG|https://s3.eu-central-1.amazonaws.com/uvpictures-eu-central-1/368/SP/PL/OPEL-GRANDLAND-222869_4.JPG,Opel,Grandland,2023,91219,KM,,Used,71900 PLN,PLN,CASH,71900 PLN,Total,Gasoline,Automatic,Spoticar MOTOR CENTRUM GdańskGdańsk,Spoticar MOTOR CENTRUM Gdańsk,Gwarancja Spoticar Premium12 miesięcy
SPOT-70753,Opel Grandland · 81900 PLN,Opel Grandland · Cena: 81900 PLN · Gwarancja Spoticar Premium6 miesięcy · SPOTICAR RIA GRUDZIĄDZGRUDZIADZ · Sprawdź ofertę!,https://www.spoticar.pl/znajdz-uzywany-samochod/opel-grandland-12-t-business-elegance-ss-aut-grudziadz-1200222494,https://s3.eu-central-1.amazonaws.com/uvpictures-eu-central-1/368/SP/PL/OPEL-GRANDLAND-222494_1.JPG,https://s3.eu-central-1.amazonaws.com/uvpictures-eu-central-1/368/SP/PL/OPEL-GRANDLAND-222494_2.JPG|https://s3.eu-central-1.amazonaws.com/uvpictures-eu-central-1/368/SP/PL/OPEL-GRANDLAND-222494_3.JPG|https://s3.eu-central-1.amazonaws.com/uvpictures-eu-central-1/368/SP/PL/OPEL-GRANDLAND-222494_4.JPG,Opel,Grandland,2023,35851,KM,,Used,81900 PLN,PLN,CASH,81900 PLN,Total,Gasoline,Automatic,SPOTICAR RIA GRUDZIĄDZGRUDZIADZ,SPOTICAR RIA GRUDZIĄDZ,Gwarancja Spoticar Premium6 miesięcy
SPOT-71039,Citroën Berlingo · 71900 PLN,Citroën Berlingo · Cena: 71900 PLN · Gwarancja Spoticar Premium6 miesięcy · SPOTICAR RIA STALOWA WOLAStalowa Wola / Grebów · Sprawdź ofertę!,https://www.spoticar.pl/znajdz-uzywany-samochod/citroen-berlingo-m-15-bluehdi-feel-pack-ss-n1-stalowa-wola-grebow-1200222771,https://s3.eu-central-1.amazonaws.com/uvpictures-eu-central-1/368/SP/PL/CITROEN-BERLINGO-222771_1.JPG,https://s3.eu-central-1.amazonaws.com/uvpictures-eu-central-1/368/SP/PL/CITROEN-BERLINGO-222771_2.JPG|https://s3.eu-central-1.amazonaws.com/uvpictures-eu-central-1/368/SP/PL/CITROEN-BERLINGO-222771_3.JPG|https://s3.eu-central-1.amazonaws.com/uvpictures-eu-central-1/368/SP/PL/CITROEN-BERLINGO-222771_4.JPG,Citroën,Berlingo,2024,105857,KM,,Used,71900 PLN,PLN,CASH,71900 PLN,Total,Diesel,Manual,SPOTICAR RIA STALOWA WOLAStalowa Wola / Grebów,SPOTICAR RIA STALOWA WOLA,Gwarancja Spoticar Premium6 miesięcy
SPOT-70778,DS 7 Crossback · 99900 PLN,DS 7 Crossback · Cena: 99900 PLN · Gwarancja Spoticar Premium12 miesięcy · SPOTICAR STELLANTIS & YOU WARSZAWA AL. KRAKOWSKA · Sprawdź ofertę!,https://www.spoticar.pl/znajdz-uzywany-samochod/ds-ds-7-crossback-16-puretech-rivoli-aut-warszawa-1200222512,https://s3.eu-central-1.amazonaws.com/uvpictures-eu-central-1/368/SP/PL/DS-DS-7-CROSSBACK-222512_1.JPG,https://s3.eu-central-1.amazonaws.com/uvpictures-eu-central-1/368/SP/PL/DS-DS-7-CROSSBACK-222512_2.JPG|https://s3.eu-central-1.amazonaws.com/uvpictures-eu-central-1/368/SP/PL/DS-DS-7-CROSSBACK-222512_3.JPG|https://s3.eu-central-1.amazonaws.com/uvpictures-eu-central-1/368/SP/PL/DS-DS-7-CROSSBACK-222512_4.JPG,DS,7 Crossback,2022,73800,KM,,Used,99900 PLN,PLN,CASH,99900 PLN,Total,Gasoline,Automatic,SPOTICAR STELLANTIS & YOU WARSZAWA AL. KRAKOWSKA,SPOTICAR STELLANTIS & YOU WARSZAWA AL. KRAKOWSKASPOTICAR STELLANTIS & YOU WARSZAWA AL. KRAKOWSKA,Gwarancja Spoticar Premium12 miesięcy
SPOT-70662,Peugeot 408 · 93900 PLN,Peugeot 408 · Cena: 93900 PLN · Gwarancja Spoticar Premium12 miesięcy · SPOTICAR RIA STALOWA WOLAStalowa Wola / Grebów · Sprawdź ofertę!,https://www.spoticar.pl/znajdz-uzywany-samochod/peugeot-408-12-puretech-allure-pack-ss-eat8-stalowa-wola-grebow-1200222207,https://s3.eu-central-1.amazonaws.com/uvpictures-eu-central-1/368/SP/PL/PEUGEOT-408-222207_1.JPG,https://s3.eu-central-1.amazonaws.com/uvpictures-eu-central-1/368/SP/PL/PEUGEOT-408-222207_2.JPG|https://s3.eu-central-1.amazonaws.com/uvpictures-eu-central-1/368/SP/PL/PEUGEOT-408-222207_3.JPG|https://s3.eu-central-1.amazonaws.com/uvpictures-eu-central-1/368/SP/PL/PEUGEOT-408-222207_4.JPG,Peugeot,408,2023,44167,KM,,Used,93900 PLN,PLN,CASH,93900 PLN,Total,Gasoline,Automatic,SPOTICAR RIA STALOWA WOLAStalowa Wola / Grebów,SPOTICAR RIA STALOWA WOLA,Gwarancja Spoticar Premium12 miesięcy
SPOT-70983,Peugeot 308 · 59900 PLN,Peugeot 308 · Cena: 59900 PLN · Gwarancja Spoticar Premium6 miesięcy · SPOTICAR RIA STALOWA WOLAStalowa Wola / Grebów · Sprawdź ofertę!,https://www.spoticar.pl/znajdz-uzywany-samochod/peugeot-308-15-bluehdi-active-pack-ss-stalowa-wola-grebow-1200222731,https://s3.eu-central-1.amazonaws.com/uvpictures-eu-central-1/368/SP/PL/PEUGEOT-308-222731_1.JPG,https://s3.eu-central-1.amazonaws.com/uvpictures-eu-central-1/368/SP/PL/PEUGEOT-308-222731_2.JPG|https://s3.eu-central-1.amazonaws.com/uvpictures-eu-central-1/368/SP/PL/PEUGEOT-308-222731_3.JPG|https://s3.eu-central-1.amazonaws.com/uvpictures-eu-central-1/368/SP/PL/PEUGEOT-308-222731_4.JPG,Peugeot,308,2023,141568,KM,,Used,59900 PLN,PLN,CASH,59900 PLN,Total,Diesel,Manual,SPOTICAR RIA STALOWA WOLAStalowa Wola / Grebów,SPOTICAR RIA STALOWA WOLA,Gwarancja Spoticar Premium6 miesięcy
SPOT-70365,Peugeot 2008 · 73900 PLN,Peugeot 2008 · Cena: 73900 PLN · Gwarancja Spoticar Premium6 miesięcy · SPOTICAR RIA GRUDZIĄDZGRUDZIADZ · Sprawdź ofertę!,https://www.spoticar.pl/znajdz-uzywany-samochod/peugeot-2008-puretech-100-allure-ss-bvm6-grudziadz-1200222098,https://s3.eu-central-1.amazonaws.com/uvpictures-eu-central-1/368/SP/PL/PEUGEOT-2008-222098_1.JPG,https://s3.eu-central-1.amazonaws.com/uvpictures-eu-central-1/368/SP/PL/PEUGEOT-2008-222098_2.JPG|https://s3.eu-central-1.amazonaws.com/uvpictures-eu-central-1/368/SP/PL/PEUGEOT-2008-222098_3.JPG|https://s3.eu-central-1.amazonaws.com/uvpictures-eu-central-1/368/SP/PL/PEUGEOT-2008-222098_4.JPG,Peugeot,2008,2023,17708,KM,,Used,73900 PLN,PLN,CASH,73900 PLN,Total,Gasoline,Manual,SPOTICAR RIA GRUDZIĄDZGRUDZIADZ,SPOTICAR RIA GRUDZIĄDZ,Gwarancja Spoticar Premium6 miesięcy
SPOT-71478,Peugeot 5008 · 107900 PLN,Peugeot 5008 · Cena: 107900 PLN · Gwarancja Spoticar Premium12 miesięcy · SPOTICAR RIA STALOWA WOLAStalowa Wola / Grebów · Sprawdź ofertę!,https://www.spoticar.pl/znajdz-uzywany-samochod/peugeot-5008-15-bluehdi-allure-ss-eat8-stalowa-wola-grebow-1200222848,https://s3.eu-central-1.amazonaws.com/uvpictures-eu-central-1/368/SP/PL/PEUGEOT-5008-222848_1.JPG,https://s3.eu-central-1.amazonaws.com/uvpictures-eu-central-1/368/SP/PL/PEUGEOT-5008-222848_2.JPG|https://s3.eu-central-1.amazonaws.com/uvpictures-eu-central-1/368/SP/PL/PEUGEOT-5008-222848_3.JPG|https://s3.eu-central-1.amazonaws.com/uvpictures-eu-central-1/368/SP/PL/PEUGEOT-5008-222848_4.JPG,Peugeot,5008,2024,36170,KM,,Used,107900 PLN,PLN,CASH,107900 PLN,Total,Diesel,Automatic,SPOTICAR RIA STALOWA WOLAStalowa Wola / Grebów,SPOTICAR RIA STALOWA WOLA,Gwarancja Spoticar Premium12 miesięcy
SPOT-71481,Citroën C4 · 83900 PLN,Citroën C4 · Cena: 83900 PLN · Gwarancja Spoticar Premium12 miesięcy · SPOTICAR WROBUD WROCŁAWWroclaw · Sprawdź ofertę!,https://www.spoticar.pl/znajdz-uzywany-samochod/citroen-c4-12-puretech-max-ss-eat8-wroclaw-1200223206,https://s3.eu-central-1.amazonaws.com/uvpictures-eu-central-1/368/SP/PL/CITROEN-C4-223206_1.JPG,https://s3.eu-central-1.amazonaws.com/uvpictures-eu-central-1/368/SP/PL/CITROEN-C4-223206_2.JPG|https://s3.eu-central-1.amazonaws.com/uvpictures-eu-central-1/368/SP/PL/CITROEN-C4-223206_3.JPG|https://s3.eu-central-1.amazonaws.com/uvpictures-eu-central-1/368/SP/PL/CITROEN-C4-223206_4.JPG,Citroën,C4,2025,29439,KM,,Used,83900 PLN,PLN,CASH,83900 PLN,Total,Gasoline,Automatic,SPOTICAR WROBUD WROCŁAWWroclaw,SPOTICAR WROBUD WROCŁAW,Gwarancja Spoticar Premium12 miesięcy
SPOT-71462,Opel Grandland · 69900 PLN,Opel Grandland · Cena: 69900 PLN · Gwarancja Spoticar Premium12 miesięcy · Spoticar MOTOR CENTRUM GdańskGdańsk · Sprawdź ofertę!,https://www.spoticar.pl/znajdz-uzywany-samochod/opel-grandland-12-t-business-edition-ss-gdansk-1200223228,https://s3.eu-central-1.amazonaws.com/uvpictures-eu-central-1/368/SP/PL/OPEL-GRANDLAND-223228_1.JPG,https://s3.eu-central-1.amazonaws.com/uvpictures-eu-central-1/368/SP/PL/OPEL-GRANDLAND-223228_2.JPG|https://s3.eu-central-1.amazonaws.com/uvpictures-eu-central-1/368/SP/PL/OPEL-GRANDLAND-223228_3.JPG|https://s3.eu-central-1.amazonaws.com/uvpictures-eu-central-1/368/SP/PL/OPEL-GRANDLAND-223228_4.JPG,Opel,Grandland,2024,31513,KM,,Used,69900 PLN,PLN,CASH,69900 PLN,Total,Gasoline,Manual,Spoticar MOTOR CENTRUM GdańskGdańsk,Spoticar MOTOR CENTRUM Gdańsk,Gwarancja Spoticar Premium12 miesięcy
SPOT-71357,Citroën C3 · 52400 PLN,Citroën C3 · Cena: 52400 PLN · Gwarancja Spoticar Premium12 miesięcy · Spoticar Auto Centrum Golemo Kraków · Sprawdź ofertę!,https://www.spoticar.pl/znajdz-uzywany-samochod/citroen-c3-12-puretech-max-eat6-krakow-1200223096,https://s3.eu-central-1.amazonaws.com/uvpictures-eu-central-1/368/SP/PL/CITROEN-C3-223096_1.JPG,https://s3.eu-central-1.amazonaws.com/uvpictures-eu-central-1/368/SP/PL/CITROEN-C3-223096_2.JPG|https://s3.eu-central-1.amazonaws.com/uvpictures-eu-central-1/368/SP/PL/CITROEN-C3-223096_3.JPG|https://s3.eu-central-1.amazonaws.com/uvpictures-eu-central-1/368/SP/PL/CITROEN-C3-223096_4.JPG,Citroën,C3,2023,64279,KM,,Used,52400 PLN,PLN,CASH,52400 PLN,Total,Gasoline,Automatic,Spoticar Auto Centrum Golemo Kraków,Spoticar Auto Centrum Golemo KrakówSpoticar Auto Centrum Golemo Kraków,Gwarancja Spoticar Premium12 miesięcy
SPOT-71482,Peugeot Rifter · 59900 PLN,Peugeot Rifter · Cena: 59900 PLN · Gwarancja Spoticar Premium6 miesięcy · SPOTICAR RIA STALOWA WOLAStalowa Wola / Grebów · Sprawdź ofertę!,https://www.spoticar.pl/znajdz-uzywany-samochod/peugeot-rifter-12-puretech-gt-ss-aut-stalowa-wola-grebow-1200223205,https://s3.eu-central-1.amazonaws.com/uvpictures-eu-central-1/368/SP/PL/PEUGEOT-RIFTER-223205_1.JPG,https://s3.eu-central-1.amazonaws.com/uvpictures-eu-central-1/368/SP/PL/PEUGEOT-RIFTER-223205_2.JPG|https://s3.eu-central-1.amazonaws.com/uvpictures-eu-central-1/368/SP/PL/PEUGEOT-RIFTER-223205_3.JPG|https://s3.eu-central-1.amazonaws.com/uvpictures-eu-central-1/368/SP/PL/PEUGEOT-RIFTER-223205_4.JPG,Peugeot,Rifter,2021,140373,KM,,Used,59900 PLN,PLN,CASH,59900 PLN,Total,Gasoline,Automatic,SPOTICAR RIA STALOWA WOLAStalowa Wola / Grebów,SPOTICAR RIA STALOWA WOLA,Gwarancja Spoticar Premium6 miesięcy
SPOT-71426,Citroën C3 Aircross · 67900 PLN,Citroën C3 Aircross · Cena: 67900 PLN · Gwarancja Spoticar Premium6 miesięcy · SPOTICAR RIA GRUDZIĄDZGRUDZIADZ · Sprawdź ofertę!,https://www.spoticar.pl/znajdz-uzywany-samochod/citroen-c3-aircross-12-puretech-max-ss-eat6-grudziadz-1200223153,https://s3.eu-central-1.amazonaws.com/uvpictures-eu-central-1/368/SP/PL/CITROEN-C3-AIRCROSS-223153_1.JPG,https://s3.eu-central-1.amazonaws.com/uvpictures-eu-central-1/368/SP/PL/CITROEN-C3-AIRCROSS-223153_2.JPG|https://s3.eu-central-1.amazonaws.com/uvpictures-eu-central-1/368/SP/PL/CITROEN-C3-AIRCROSS-223153_3.JPG|https://s3.eu-central-1.amazonaws.com/uvpictures-eu-central-1/368/SP/PL/CITROEN-C3-AIRCROSS-223153_4.JPG,Citroën,C3 Aircross,2024,21990,KM,,Used,67900 PLN,PLN,CASH,67900 PLN,Total,Gasoline,Automatic,SPOTICAR RIA GRUDZIĄDZGRUDZIADZ,SPOTICAR RIA GRUDZIĄDZ,Gwarancja Spoticar Premium6 miesięcy
SPOT-71482,Peugeot Rifter · 59900 PLN,Peugeot Rifter · Cena: 59900 PLN · Gwarancja Spoticar Premium6 miesięcy · SPOTICAR RIA STALOWA WOLAStalowa Wola / Grebów · Sprawdź ofertę!,https://www.spoticar.pl/znajdz-uzywany-samochod/peugeot-rifter-12-puretech-gt-ss-aut-stalowa-wola-grebow-1200223205,https://s3.eu-central-1.amazonaws.com/uvpictures-eu-central-1/368/SP/PL/PEUGEOT-RIFTER-223205_1.JPG,https://s3.eu-central-1.amazonaws.com/uvpictures-eu-central-1/368/SP/PL/PEUGEOT-RIFTER-223205_2.JPG|https://s3.eu-central-1.amazonaws.com/uvpictures-eu-central-1/368/SP/PL/PEUGEOT-RIFTER-223205_3.JPG|https://s3.eu-central-1.amazonaws.com/uvpictures-eu-central-1/368/SP/PL/PEUGEOT-RIFTER-223205_4.JPG,Peugeot,Rifter,2021,140373,KM,,Used,59900 PLN,PLN,CASH,59900 PLN,Total,Gasoline,Automatic,SPOTICAR RIA STALOWA WOLAStalowa Wola / Grebów,SPOTICAR RIA STALOWA WOLA,Gwarancja Spoticar Premium6 miesięcy
SPOT-70365,Peugeot 2008 · 73900 PLN,Peugeot 2008 · Cena: 73900 PLN · Gwarancja Spoticar Premium6 miesięcy · SPOTICAR RIA GRUDZIĄDZGRUDZIADZ · Sprawdź ofertę!,https://www.spoticar.pl/znajdz-uzywany-samochod/peugeot-2008-puretech-100-allure-ss-bvm6-grudziadz-1200222098,https://s3.eu-central-1.amazonaws.com/uvpictures-eu-central-1/368/SP/PL/PEUGEOT-2008-222098_1.JPG,https://s3.eu-central-1.amazonaws.com/uvpictures-eu-central-1/368/SP/PL/PEUGEOT-2008-222098_2.JPG|https://s3.eu-central-1.amazonaws.com/uvpictures-eu-central-1/368/SP/PL/PEUGEOT-2008-222098_3.JPG|https://s3.eu-central-1.amazonaws.com/uvpictures-eu-central-1/368/SP/PL/PEUGEOT-2008-222098_4.JPG,Peugeot,2008,2023,17708,KM,,Used,73900 PLN,PLN,CASH,73900 PLN,Total,Gasoline,Manual,SPOTICAR RIA GRUDZIĄDZGRUDZIADZ,SPOTICAR RIA GRUDZIĄDZ,Gwarancja Spoticar Premium6 miesięcy
SPOT-71446,Opel Mokka · 71900 PLN,Opel Mokka · Cena: 71900 PLN · Gwarancja Spoticar Premium12 miesięcy · Spoticar  Budmat Auto PłockPłock · Sprawdź ofertę!,https://www.spoticar.pl/znajdz-uzywany-samochod/opel-mokka-12-t-elegance-business-pack-ss-aut-plock-1200223237,https://s3.eu-central-1.amazonaws.com/uvpictures-eu-central-1/368/SP/PL/OPEL-MOKKA-223237_1.JPG,https://s3.eu-central-1.amazonaws.com/uvpictures-eu-central-1/368/SP/PL/OPEL-MOKKA-223237_2.JPG|https://s3.eu-central-1.amazonaws.com/uvpictures-eu-central-1/368/SP/PL/OPEL-MOKKA-223237_3.JPG|https://s3.eu-central-1.amazonaws.com/uvpictures-eu-central-1/368/SP/PL/OPEL-MOKKA-223237_4.JPG,Opel,Mokka,2023,60000,KM,,Used,71900 PLN,PLN,CASH,71900 PLN,Total,Gasoline,Automatic,Spoticar  Budmat Auto PłockPłock,Spoticar  Budmat Auto Płock,Gwarancja Spoticar Premium12 miesięcy
SPOT-71220,Peugeot 3008 · 108900 PLN,Peugeot 3008 · Cena: 108900 PLN · Gwarancja Spoticar Premium12 miesięcy · SPOTICAR SZTUKOWSKI OSTRÓW WLKP.Ostrów Wielkopolski · Sprawdź ofertę!,https://www.spoticar.pl/znajdz-uzywany-samochod/peugeot-3008-12-puretech-mhev-allure-e-dcs6-ostrow-wielkopolski-1200222964,https://s3.eu-central-1.amazonaws.com/uvpictures-eu-central-1/368/SP/PL/PEUGEOT-3008-222964_1.JPG,https://s3.eu-central-1.amazonaws.com/uvpictures-eu-central-1/368/SP/PL/PEUGEOT-3008-222964_2.JPG|https://s3.eu-central-1.amazonaws.com/uvpictures-eu-central-1/368/SP/PL/PEUGEOT-3008-222964_3.JPG|https://s3.eu-central-1.amazonaws.com/uvpictures-eu-central-1/368/SP/PL/PEUGEOT-3008-222964_4.JPG,Peugeot,3008,2025,24575,KM,,Used,108900 PLN,PLN,CASH,108900 PLN,Total,Hybrid,Automatic,SPOTICAR SZTUKOWSKI OSTRÓW WLKP.Ostrów Wielkopolski,SPOTICAR SZTUKOWSKI OSTRÓW WLKP.,Gwarancja Spoticar Premium12 miesięcy
SPOT-70416,Peugeot 2008 · 73990 PLN,Peugeot 2008 · Cena: 73990 PLN · Gwarancja Spoticar Premium12 miesięcy · SPOTICAR DEJON I DĄBROWSKI LEGNICA · Sprawdź ofertę!,https://www.spoticar.pl/znajdz-uzywany-samochod/peugeot-2008-e-2008-gt-pack-legnica-1200222168,https://s3.eu-central-1.amazonaws.com/uvpictures-eu-central-1/368/SP/PL/PEUGEOT-2008-222168_1.JPG,https://s3.eu-central-1.amazonaws.com/uvpictures-eu-central-1/368/SP/PL/PEUGEOT-2008-222168_2.JPG|https://s3.eu-central-1.amazonaws.com/uvpictures-eu-central-1/368/SP/PL/PEUGEOT-2008-222168_3.JPG|https://s3.eu-central-1.amazonaws.com/uvpictures-eu-central-1/368/SP/PL/PEUGEOT-2008-222168_4.JPG,Peugeot,2008,2022,98000,KM,,Used,73990 PLN,PLN,CASH,73990 PLN,Total,Electric,Automatic,SPOTICAR DEJON I DĄBROWSKI LEGNICA,SPOTICAR DEJON I DĄBROWSKI LEGNICASPOTICAR DEJON I DĄBROWSKI LEGNICA,Gwarancja Spoticar Premium12 miesięcy
SPOT-67417,Citroën C5 Aircross · 59900 PLN,Citroën C5 Aircross · Cena: 59900 PLN · Gwarancja Spoticar Premium6 miesięcy · Spoticar Auto Centrum Golemo Kraków · Sprawdź ofertę!,https://www.spoticar.pl/znajdz-uzywany-samochod/citroen-c5-aircross-12-puretech-feel-pack-krakow-1200219244,https://s3.eu-central-1.amazonaws.com/uvpictures-eu-central-1/368/SP/PL/CITROEN-C5-AIRCROSS-219244_1.JPG,https://s3.eu-central-1.amazonaws.com/uvpictures-eu-central-1/368/SP/PL/CITROEN-C5-AIRCROSS-219244_2.JPG|https://s3.eu-central-1.amazonaws.com/uvpictures-eu-central-1/368/SP/PL/CITROEN-C5-AIRCROSS-219244_3.JPG|https://s3.eu-central-1.amazonaws.com/uvpictures-eu-central-1/368/SP/PL/CITROEN-C5-AIRCROSS-219244_4.JPG,Citroën,C5 Aircross,2020,180548,KM,,Used,59900 PLN,PLN,CASH,59900 PLN,Total,Gasoline,Manual,Spoticar Auto Centrum Golemo Kraków,Spoticar Auto Centrum Golemo KrakówSpoticar Auto Centrum Golemo Kraków,Gwarancja Spoticar Premium6 miesięcy
SPOT-71495,Peugeot 408 · 94900 PLN,Peugeot 408 · Cena: 94900 PLN · Gwarancja Spoticar Premium12 miesięcy · SPOTICAR RIA STALOWA WOLAStalowa Wola / Grebów · Sprawdź ofertę!,https://www.spoticar.pl/znajdz-uzywany-samochod/peugeot-408-12-puretech-allure-ss-eat8-stalowa-wola-grebow-1200223188,https://s3.eu-central-1.amazonaws.com/uvpictures-eu-central-1/368/SP/PL/PEUGEOT-408-223188_1.JPG,https://s3.eu-central-1.amazonaws.com/uvpictures-eu-central-1/368/SP/PL/PEUGEOT-408-223188_2.JPG|https://s3.eu-central-1.amazonaws.com/uvpictures-eu-central-1/368/SP/PL/PEUGEOT-408-223188_3.JPG|https://s3.eu-central-1.amazonaws.com/uvpictures-eu-central-1/368/SP/PL/PEUGEOT-408-223188_4.JPG,Peugeot,408,2024,6985,KM,,Used,94900 PLN,PLN,CASH,94900 PLN,Total,Gasoline,Automatic,SPOTICAR RIA STALOWA WOLAStalowa Wola / Grebów,SPOTICAR RIA STALOWA WOLA,Gwarancja Spoticar Premium12 miesięcy
SPOT-71456,Peugeot 5008 · 115900 PLN,Peugeot 5008 · Cena: 115900 PLN · Gwarancja Spoticar Premium12 miesięcy · SPOTICAR STELLANTIS & YOU WARSZAWA AL. KRAKOWSKA · Sprawdź ofertę!,https://www.spoticar.pl/znajdz-uzywany-samochod/peugeot-5008-15-bluehdi-gt-ss-eat8-warszawa-1200223231,https://s3.eu-central-1.amazonaws.com/uvpictures-eu-central-1/368/SP/PL/PEUGEOT-5008-223231_1.JPG,https://s3.eu-central-1.amazonaws.com/uvpictures-eu-central-1/368/SP/PL/PEUGEOT-5008-223231_2.JPG|https://s3.eu-central-1.amazonaws.com/uvpictures-eu-central-1/368/SP/PL/PEUGEOT-5008-223231_3.JPG|https://s3.eu-central-1.amazonaws.com/uvpictures-eu-central-1/368/SP/PL/PEUGEOT-5008-223231_4.JPG,Peugeot,5008,2024,51600,KM,,Used,115900 PLN,PLN,CASH,115900 PLN,Total,Diesel,Automatic,SPOTICAR STELLANTIS & YOU WARSZAWA AL. KRAKOWSKA,SPOTICAR STELLANTIS & YOU WARSZAWA AL. KRAKOWSKASPOTICAR STELLANTIS & YOU WARSZAWA AL. KRAKOWSKA,Gwarancja Spoticar Premium12 miesięcy
SPOT-71120,Peugeot 308 · 67500 PLN,Peugeot 308 · Cena: 67500 PLN · Gwarancja Spoticar Premium12 miesięcy · Spoticar  Budmat Auto PłockPłock · Sprawdź ofertę!,https://www.spoticar.pl/znajdz-uzywany-samochod/peugeot-308-12-puretech-allure-ss-eat8-plock-1200222857,https://s3.eu-central-1.amazonaws.com/uvpictures-eu-central-1/368/SP/PL/PEUGEOT-308-222857_1.JPG,https://s3.eu-central-1.amazonaws.com/uvpictures-eu-central-1/368/SP/PL/PEUGEOT-308-222857_2.JPG|https://s3.eu-central-1.amazonaws.com/uvpictures-eu-central-1/368/SP/PL/PEUGEOT-308-222857_3.JPG|https://s3.eu-central-1.amazonaws.com/uvpictures-eu-central-1/368/SP/PL/PEUGEOT-308-222857_4.JPG,Peugeot,308,2022,71000,KM,,Used,67500 PLN,PLN,CASH,67500 PLN,Total,Gasoline,Automatic,Spoticar  Budmat Auto PłockPłock,Spoticar  Budmat Auto Płock,Gwarancja Spoticar Premium12 miesięcy
SPOT-70686,Citroën C4 X · 79900 PLN,Citroën C4 X · Cena: 79900 PLN · Gwarancja Spoticar Premium12 miesięcy · Spoticar  Budmat Auto PłockPłock · Sprawdź ofertę!,https://www.spoticar.pl/znajdz-uzywany-samochod/citroen-c4-x-e-c4-x-ev136-50kwh-max-plock-1200222443,https://s3.eu-central-1.amazonaws.com/uvpictures-eu-central-1/368/SP/PL/CITROEN-C4-X-222443_1.JPG,https://s3.eu-central-1.amazonaws.com/uvpictures-eu-central-1/368/SP/PL/CITROEN-C4-X-222443_2.JPG|https://s3.eu-central-1.amazonaws.com/uvpictures-eu-central-1/368/SP/PL/CITROEN-C4-X-222443_3.JPG|https://s3.eu-central-1.amazonaws.com/uvpictures-eu-central-1/368/SP/PL/CITROEN-C4-X-222443_4.JPG,Citroën,C4 X,2024,62000,KM,,Used,79900 PLN,PLN,CASH,79900 PLN,Total,Electric,Automatic,Spoticar  Budmat Auto PłockPłock,Spoticar  Budmat Auto Płock,Gwarancja Spoticar Premium12 miesięcy
SPOT-64128,Jeep Compass · 155990 PLN,Jeep Compass · Cena: 155990 PLN · Gwarancja Spoticar Premium12 miesięcy · Spoticar GEZET SzczecinSzczecin · Sprawdź ofertę!,https://www.spoticar.pl/znajdz-uzywany-samochod/jeep-compass-15-t4-mhev-freedom-edition-ii-fwd-ss-dct-szczecin-400216070,https://s3.eu-central-1.amazonaws.com/uvpictures-eu-central-1/368/SP/PL/JEEP-COMPASS-216070_1.JPG,https://s3.eu-central-1.amazonaws.com/uvpictures-eu-central-1/368/SP/PL/JEEP-COMPASS-216070_2.JPG|https://s3.eu-central-1.amazonaws.com/uvpictures-eu-central-1/368/SP/PL/JEEP-COMPASS-216070_3.JPG|https://s3.eu-central-1.amazonaws.com/uvpictures-eu-central-1/368/SP/PL/JEEP-COMPASS-216070_4.JPG,Jeep,Compass,2024,6,KM,,Used,155990 PLN,PLN,CASH,155990 PLN,Total,Gasoline,Automatic,Spoticar GEZET SzczecinSzczecin,Spoticar GEZET Szczecin,Gwarancja Spoticar Premium12 miesięcy
SPOT-71366,Opel Astra · 94960 PLN,Opel Astra · Cena: 94960 PLN · Gwarancja Spoticar Premium12 miesięcy · SPOTICAR STELLANTIS & YOU WARSZAWA PUŁAWSKA · Sprawdź ofertę!,https://www.spoticar.pl/znajdz-uzywany-samochod/opel-astra-vi-12-t-gs-ss-aut-warszawa-1200223086,https://s3.eu-central-1.amazonaws.com/uvpictures-eu-central-1/368/SP/PL/OPEL-ASTRA-223086_1.JPG,https://s3.eu-central-1.amazonaws.com/uvpictures-eu-central-1/368/SP/PL/OPEL-ASTRA-223086_2.JPG|https://s3.eu-central-1.amazonaws.com/uvpictures-eu-central-1/368/SP/PL/OPEL-ASTRA-223086_3.JPG|https://s3.eu-central-1.amazonaws.com/uvpictures-eu-central-1/368/SP/PL/OPEL-ASTRA-223086_4.JPG,Opel,Astra,2025,13910,KM,,Used,94960 PLN,PLN,CASH,94960 PLN,Total,Gasoline,Automatic,SPOTICAR STELLANTIS & YOU WARSZAWA PUŁAWSKA,SPOTICAR STELLANTIS & YOU WARSZAWA PUŁAWSKASPOTICAR STELLANTIS & YOU WARSZAWA PUŁAWSKA,Gwarancja Spoticar Premium12 miesięcy
SPOT-71331,Alfa Romeo Tonale · 99900 PLN,Alfa Romeo Tonale · Cena: 99900 PLN · Gwarancja Spoticar Premium12 miesięcy · Spoticar  Budmat Auto PłockPłock · Sprawdź ofertę!,https://www.spoticar.pl/znajdz-uzywany-samochod/alfa-romeo-tonale-16-jtd-t4-super-dct-plock-1200223075,https://s3.eu-central-1.amazonaws.com/uvpictures-eu-central-1/368/SP/PL/ALFA-ROMEO-TONALE-223075_1.JPG,https://s3.eu-central-1.amazonaws.com/uvpictures-eu-central-1/368/SP/PL/ALFA-ROMEO-TONALE-223075_2.JPG|https://s3.eu-central-1.amazonaws.com/uvpictures-eu-central-1/368/SP/PL/ALFA-ROMEO-TONALE-223075_3.JPG|https://s3.eu-central-1.amazonaws.com/uvpictures-eu-central-1/368/SP/PL/ALFA-ROMEO-TONALE-223075_4.JPG,Alfa,Romeo Tonale,2024,39315,KM,,Used,99900 PLN,PLN,CASH,99900 PLN,Total,Diesel,Automatic,Spoticar  Budmat Auto PłockPłock,Spoticar  Budmat Auto Płock,Gwarancja Spoticar Premium12 miesięcy
SPOT-64318,Opel Mokka · 81990 PLN,Opel Mokka · Cena: 81990 PLN · Gwarancja Spoticar Premium12 miesięcy · Spoticar GEZET SzczecinSzczecin · Sprawdź ofertę!,https://www.spoticar.pl/znajdz-uzywany-samochod/opel-mokka-12-t-edition-ss-szczecin-400216249,https://s3.eu-central-1.amazonaws.com/uvpictures-eu-central-1/368/SP/PL/OPEL-MOKKA-216249_1.JPG,https://s3.eu-central-1.amazonaws.com/uvpictures-eu-central-1/368/SP/PL/OPEL-MOKKA-216249_2.JPG|https://s3.eu-central-1.amazonaws.com/uvpictures-eu-central-1/368/SP/PL/OPEL-MOKKA-216249_3.JPG|https://s3.eu-central-1.amazonaws.com/uvpictures-eu-central-1/368/SP/PL/OPEL-MOKKA-216249_4.JPG,Opel,Mokka,2022,25060,KM,,Used,81990 PLN,PLN,CASH,81990 PLN,Total,Gasoline,Manual,Spoticar GEZET SzczecinSzczecin,Spoticar GEZET Szczecin,Gwarancja Spoticar Premium12 miesięcy
SPOT-71188,Jeep Avenger · 83900 PLN,Jeep Avenger · Cena: 83900 PLN · Gwarancja Spoticar Premium6 miesięcy · SPOTICAR RIA GRUDZIĄDZGRUDZIADZ · Sprawdź ofertę!,https://www.spoticar.pl/znajdz-uzywany-samochod/jeep-avenger-12-gse-t3-summit-fwd-grudziadz-1200222914,https://s3.eu-central-1.amazonaws.com/uvpictures-eu-central-1/368/SP/PL/JEEP-AVENGER-222914_1.JPG,https://s3.eu-central-1.amazonaws.com/uvpictures-eu-central-1/368/SP/PL/JEEP-AVENGER-222914_2.JPG|https://s3.eu-central-1.amazonaws.com/uvpictures-eu-central-1/368/SP/PL/JEEP-AVENGER-222914_3.JPG|https://s3.eu-central-1.amazonaws.com/uvpictures-eu-central-1/368/SP/PL/JEEP-AVENGER-222914_4.JPG,Jeep,Avenger,2023,3332,KM,,Used,83900 PLN,PLN,CASH,83900 PLN,Total,Gasoline,Manual,SPOTICAR RIA GRUDZIĄDZGRUDZIADZ,SPOTICAR RIA GRUDZIĄDZ,Gwarancja Spoticar Premium6 miesięcy
SPOT-69024,Peugeot 308 · 64900 PLN,Peugeot 308 · Cena: 64900 PLN · Gwarancja Spoticar Premium12 miesięcy · SPOTICAR PRASEK RADOMRadom · Sprawdź ofertę!,https://www.spoticar.pl/znajdz-uzywany-samochod/peugeot-308-12-puretech-allure-ss-radom-1200220814,https://s3.eu-central-1.amazonaws.com/uvpictures-eu-central-1/368/SP/PL/PEUGEOT-308-220814_1.JPG,https://s3.eu-central-1.amazonaws.com/uvpictures-eu-central-1/368/SP/PL/PEUGEOT-308-220814_2.JPG|https://s3.eu-central-1.amazonaws.com/uvpictures-eu-central-1/368/SP/PL/PEUGEOT-308-220814_3.JPG|https://s3.eu-central-1.amazonaws.com/uvpictures-eu-central-1/368/SP/PL/PEUGEOT-308-220814_4.JPG,Peugeot,308,2022,60403,KM,,Used,64900 PLN,PLN,CASH,64900 PLN,Total,Gasoline,Manual,SPOTICAR PRASEK RADOMRadom,SPOTICAR PRASEK RADOM,Gwarancja Spoticar Premium12 miesięcy
SPOT-65850,Fiat Ducato · 150048 PLN,Fiat Ducato · Cena: 150048 PLN · Gwarancja Spoticar Premium12 miesięcy · Spoticar GEZET SzczecinSzczecin · Sprawdź ofertę!,https://www.spoticar.pl/znajdz-uzywany-samochod/fiat-ducato-maxi-mj-l3h2-szczecin-400217732,https://s3.eu-central-1.amazonaws.com/uvpictures-eu-central-1/368/SP/PL/FIAT-DUCATO-217732_1.JPG,https://s3.eu-central-1.amazonaws.com/uvpictures-eu-central-1/368/SP/PL/FIAT-DUCATO-217732_2.JPG|https://s3.eu-central-1.amazonaws.com/uvpictures-eu-central-1/368/SP/PL/FIAT-DUCATO-217732_3.JPG|https://s3.eu-central-1.amazonaws.com/uvpictures-eu-central-1/368/SP/PL/FIAT-DUCATO-217732_4.JPG,Fiat,Ducato,2025,6,KM,,Used,150048 PLN,PLN,CASH,150048 PLN,Total,Diesel,Manual,Spoticar GEZET SzczecinSzczecin,Spoticar GEZET Szczecin,Gwarancja Spoticar Premium12 miesięcy
SPOT-65853,Fiat Ducato · 150048 PLN,Fiat Ducato · Cena: 150048 PLN · Gwarancja Spoticar Premium12 miesięcy · Spoticar GEZET SzczecinSzczecin · Sprawdź ofertę!,https://www.spoticar.pl/znajdz-uzywany-samochod/fiat-ducato-maxi-mj-l3h2-szczecin-400217735,https://s3.eu-central-1.amazonaws.com/uvpictures-eu-central-1/368/SP/PL/FIAT-DUCATO-217735_1.JPG,https://s3.eu-central-1.amazonaws.com/uvpictures-eu-central-1/368/SP/PL/FIAT-DUCATO-217735_2.JPG|https://s3.eu-central-1.amazonaws.com/uvpictures-eu-central-1/368/SP/PL/FIAT-DUCATO-217735_3.JPG|https://s3.eu-central-1.amazonaws.com/uvpictures-eu-central-1/368/SP/PL/FIAT-DUCATO-217735_4.JPG,Fiat,Ducato,2025,6,KM,,Used,150048 PLN,PLN,CASH,150048 PLN,Total,Diesel,Manual,Spoticar GEZET SzczecinSzczecin,Spoticar GEZET Szczecin,Gwarancja Spoticar Premium12 miesięcy
SPOT-65903,Fiat Ducato · 150048 PLN,Fiat Ducato · Cena: 150048 PLN · Gwarancja Spoticar Premium12 miesięcy · Spoticar GEZET SzczecinSzczecin · Sprawdź ofertę!,https://www.spoticar.pl/znajdz-uzywany-samochod/fiat-ducato-maxi-mj-l3h2-szczecin-400217756,https://s3.eu-central-1.amazonaws.com/uvpictures-eu-central-1/368/SP/PL/FIAT-DUCATO-217756_1.JPG,https://s3.eu-central-1.amazonaws.com/uvpictures-eu-central-1/368/SP/PL/FIAT-DUCATO-217756_2.JPG|https://s3.eu-central-1.amazonaws.com/uvpictures-eu-central-1/368/SP/PL/FIAT-DUCATO-217756_3.JPG|https://s3.eu-central-1.amazonaws.com/uvpictures-eu-central-1/368/SP/PL/FIAT-DUCATO-217756_4.JPG,Fiat,Ducato,2025,6,KM,,Used,150048 PLN,PLN,CASH,150048 PLN,Total,Diesel,Manual,Spoticar GEZET SzczecinSzczecin,Spoticar GEZET Szczecin,Gwarancja Spoticar Premium12 miesięcy
SPOT-70440,Opel Frontera · 104900 PLN,Opel Frontera · Cena: 104900 PLN · Gwarancja Spoticar Premium12 miesięcy · Spoticar Fijałkowski RybnikRybnik · Sprawdź ofertę!,https://www.spoticar.pl/znajdz-uzywany-samochod/opel-frontera-12-t-mhev-gs-edtc6-rybnik-1200222226,https://s3.eu-central-1.amazonaws.com/uvpictures-eu-central-1/368/SP/PL/OPEL-FRONTERA-222226_1.JPG,https://s3.eu-central-1.amazonaws.com/uvpictures-eu-central-1/368/SP/PL/OPEL-FRONTERA-222226_2.JPG|https://s3.eu-central-1.amazonaws.com/uvpictures-eu-central-1/368/SP/PL/OPEL-FRONTERA-222226_3.JPG|https://s3.eu-central-1.amazonaws.com/uvpictures-eu-central-1/368/SP/PL/OPEL-FRONTERA-222226_4.JPG,Opel,Frontera,2025,15090,KM,,Used,104900 PLN,PLN,CASH,104900 PLN,Total,Hybrid,Automatic,Spoticar Fijałkowski RybnikRybnik,Spoticar Fijałkowski Rybnik,Gwarancja Spoticar Premium12 miesięcy
SPOT-71130,Opel Astra · 71900 PLN,Opel Astra · Cena: 71900 PLN · Gwarancja Spoticar Premium12 miesięcy · Spoticar  Budmat Auto PłockPłock · Sprawdź ofertę!,https://www.spoticar.pl/znajdz-uzywany-samochod/opel-astra-vi-12-t-elegance-ss-aut-plock-1200222870,https://s3.eu-central-1.amazonaws.com/uvpictures-eu-central-1/368/SP/PL/OPEL-ASTRA-222870_1.JPG,https://s3.eu-central-1.amazonaws.com/uvpictures-eu-central-1/368/SP/PL/OPEL-ASTRA-222870_2.JPG|https://s3.eu-central-1.amazonaws.com/uvpictures-eu-central-1/368/SP/PL/OPEL-ASTRA-222870_3.JPG|https://s3.eu-central-1.amazonaws.com/uvpictures-eu-central-1/368/SP/PL/OPEL-ASTRA-222870_4.JPG,Opel,Astra,2024,43914,KM,,Used,71900 PLN,PLN,CASH,71900 PLN,Total,Gasoline,Automatic,Spoticar  Budmat Auto PłockPłock,Spoticar  Budmat Auto Płock,Gwarancja Spoticar Premium12 miesięcy
SPOT-63224,Opel Astra · 104990 PLN,Opel Astra · Cena: 104990 PLN · Gwarancja Spoticar Premium12 miesięcy · Spoticar GEZET SzczecinSzczecin · Sprawdź ofertę!,https://www.spoticar.pl/znajdz-uzywany-samochod/opel-astra-vi-12-t-gs-ss-szczecin-400215183,https://s3.eu-central-1.amazonaws.com/uvpictures-eu-central-1/368/SP/PL/OPEL-ASTRA-215183_1.JPG,https://s3.eu-central-1.amazonaws.com/uvpictures-eu-central-1/368/SP/PL/OPEL-ASTRA-215183_2.JPG|https://s3.eu-central-1.amazonaws.com/uvpictures-eu-central-1/368/SP/PL/OPEL-ASTRA-215183_3.JPG|https://s3.eu-central-1.amazonaws.com/uvpictures-eu-central-1/368/SP/PL/OPEL-ASTRA-215183_4.JPG,Opel,Astra,2024,21309,KM,,Used,104990 PLN,PLN,CASH,104990 PLN,Total,Gasoline,Manual,Spoticar GEZET SzczecinSzczecin,Spoticar GEZET Szczecin,Gwarancja Spoticar Premium12 miesięcy
SPOT-70509,Opel Astra · 89900 PLN,Opel Astra · Cena: 89900 PLN · Gwarancja Spoticar Premium12 miesięcy · Spoticar Fijałkowski RybnikRybnik · Sprawdź ofertę!,https://www.spoticar.pl/znajdz-uzywany-samochod/opel-astra-vi-12-t-gs-ss-aut-rybnik-1200222283,https://s3.eu-central-1.amazonaws.com/uvpictures-eu-central-1/368/SP/PL/OPEL-ASTRA-222283_1.JPG,https://s3.eu-central-1.amazonaws.com/uvpictures-eu-central-1/368/SP/PL/OPEL-ASTRA-222283_2.JPG|https://s3.eu-central-1.amazonaws.com/uvpictures-eu-central-1/368/SP/PL/OPEL-ASTRA-222283_3.JPG|https://s3.eu-central-1.amazonaws.com/uvpictures-eu-central-1/368/SP/PL/OPEL-ASTRA-222283_4.JPG,Opel,Astra,2025,21509,KM,,Used,89900 PLN,PLN,CASH,89900 PLN,Total,Gasoline,Automatic,Spoticar Fijałkowski RybnikRybnik,Spoticar Fijałkowski Rybnik,Gwarancja Spoticar Premium12 miesięcy
SPOT-71473,Citroën C5 Aircross · 89900 PLN,Citroën C5 Aircross · Cena: 89900 PLN · Gwarancja Spoticar Premium12 miesięcy · SPOTICAR MOJSIUK STARE BABICEBiesiekierz · Sprawdź ofertę!,https://www.spoticar.pl/znajdz-uzywany-samochod/citroen-c5-aircross-12-puretech-shine-pack-eat8-biesiekierz-1200223213,https://s3.eu-central-1.amazonaws.com/uvpictures-eu-central-1/368/SP/PL/CITROEN-C5-AIRCROSS-223213_1.JPG,https://s3.eu-central-1.amazonaws.com/uvpictures-eu-central-1/368/SP/PL/CITROEN-C5-AIRCROSS-223213_2.JPG|https://s3.eu-central-1.amazonaws.com/uvpictures-eu-central-1/368/SP/PL/CITROEN-C5-AIRCROSS-223213_3.JPG|https://s3.eu-central-1.amazonaws.com/uvpictures-eu-central-1/368/SP/PL/CITROEN-C5-AIRCROSS-223213_4.JPG,Citroën,C5 Aircross,2023,20238,KM,,Used,89900 PLN,PLN,CASH,89900 PLN,Total,Gasoline,Automatic,SPOTICAR MOJSIUK STARE BABICEBiesiekierz,SPOTICAR MOJSIUK STARE BABICE,Gwarancja Spoticar Premium12 miesięcy
SPOT-63129,Opel Grandland · 99990 PLN,Opel Grandland · Cena: 99990 PLN · Gwarancja Spoticar Premium12 miesięcy · Spoticar GEZET SzczecinSzczecin · Sprawdź ofertę!,https://www.spoticar.pl/znajdz-uzywany-samochod/opel-grandland-12-t-business-elegance-ss-aut-szczecin-400215089,https://s3.eu-central-1.amazonaws.com/uvpictures-eu-central-1/368/SP/PL/OPEL-GRANDLAND-215089_1.JPG,https://s3.eu-central-1.amazonaws.com/uvpictures-eu-central-1/368/SP/PL/OPEL-GRANDLAND-215089_2.JPG|https://s3.eu-central-1.amazonaws.com/uvpictures-eu-central-1/368/SP/PL/OPEL-GRANDLAND-215089_3.JPG|https://s3.eu-central-1.amazonaws.com/uvpictures-eu-central-1/368/SP/PL/OPEL-GRANDLAND-215089_4.JPG,Opel,Grandland,2022,39750,KM,,Used,99990 PLN,PLN,CASH,99990 PLN,Total,Gasoline,Automatic,Spoticar GEZET SzczecinSzczecin,Spoticar GEZET Szczecin,Gwarancja Spoticar Premium12 miesięcy
SPOT-71507,Citroën C5 Aircross · 94800 PLN,Citroën C5 Aircross · Cena: 94800 PLN · Gwarancja Spoticar Premium12 miesięcy · SPOTICAR MOJSIUK STARE BABICEBiesiekierz · Sprawdź ofertę!,https://www.spoticar.pl/znajdz-uzywany-samochod/citroen-c5-aircross-12-mhev-max-edct6-biesiekierz-1200223192,https://s3.eu-central-1.amazonaws.com/uvpictures-eu-central-1/368/SP/PL/CITROEN-C5-AIRCROSS-223192_1.JPG,https://s3.eu-central-1.amazonaws.com/uvpictures-eu-central-1/368/SP/PL/CITROEN-C5-AIRCROSS-223192_2.JPG|https://s3.eu-central-1.amazonaws.com/uvpictures-eu-central-1/368/SP/PL/CITROEN-C5-AIRCROSS-223192_3.JPG|https://s3.eu-central-1.amazonaws.com/uvpictures-eu-central-1/368/SP/PL/CITROEN-C5-AIRCROSS-223192_4.JPG,Citroën,C5 Aircross,2024,30915,KM,,Used,94800 PLN,PLN,CASH,94800 PLN,Total,Gasoline,Automatic,SPOTICAR MOJSIUK STARE BABICEBiesiekierz,SPOTICAR MOJSIUK STARE BABICE,Gwarancja Spoticar Premium12 miesięcy
SPOT-71451,Peugeot 3008 · 82900 PLN,Peugeot 3008 · Cena: 82900 PLN · Gwarancja Spoticar Premium12 miesięcy · Spoticar Auto Centrum Golemo Kraków · Sprawdź ofertę!,https://www.spoticar.pl/znajdz-uzywany-samochod/peugeot-3008-12-puretech-allure-pack-ss-eat8-krakow-1200223235,https://s3.eu-central-1.amazonaws.com/uvpictures-eu-central-1/368/SP/PL/PEUGEOT-3008-223235_1.JPG,https://s3.eu-central-1.amazonaws.com/uvpictures-eu-central-1/368/SP/PL/PEUGEOT-3008-223235_2.JPG|https://s3.eu-central-1.amazonaws.com/uvpictures-eu-central-1/368/SP/PL/PEUGEOT-3008-223235_3.JPG|https://s3.eu-central-1.amazonaws.com/uvpictures-eu-central-1/368/SP/PL/PEUGEOT-3008-223235_4.JPG,Peugeot,3008,2023,86363,KM,,Used,82900 PLN,PLN,CASH,82900 PLN,Total,Gasoline,Automatic,Spoticar Auto Centrum Golemo Kraków,Spoticar Auto Centrum Golemo KrakówSpoticar Auto Centrum Golemo Kraków,Gwarancja Spoticar Premium12 miesięcy
SPOT-71449,Citroën C3 · 52900 PLN,Citroën C3 · Cena: 52900 PLN · Gwarancja Spoticar Premium12 miesięcy · Spoticar Auto Centrum Golemo Kraków · Sprawdź ofertę!,https://www.spoticar.pl/znajdz-uzywany-samochod/citroen-c3-12-puretech-max-krakow-1200223240,https://s3.eu-central-1.amazonaws.com/uvpictures-eu-central-1/368/SP/PL/CITROEN-C3-223240_1.JPG,https://s3.eu-central-1.amazonaws.com/uvpictures-eu-central-1/368/SP/PL/CITROEN-C3-223240_2.JPG|https://s3.eu-central-1.amazonaws.com/uvpictures-eu-central-1/368/SP/PL/CITROEN-C3-223240_3.JPG|https://s3.eu-central-1.amazonaws.com/uvpictures-eu-central-1/368/SP/PL/CITROEN-C3-223240_4.JPG,Citroën,C3,2024,36721,KM,,Used,52900 PLN,PLN,CASH,52900 PLN,Total,Gasoline,Manual,Spoticar Auto Centrum Golemo Kraków,Spoticar Auto Centrum Golemo KrakówSpoticar Auto Centrum Golemo Kraków,Gwarancja Spoticar Premium12 miesięcy
SPOT-71487,Opel Mokka · 87900 PLN,Opel Mokka · Cena: 87900 PLN · Gwarancja Spoticar Premium12 miesięcy · SPOTICAR STELLANTIS & YOU WARSZAWA AL. KRAKOWSKA · Sprawdź ofertę!,https://www.spoticar.pl/znajdz-uzywany-samochod/opel-mokka-12-t-gs-ss-aut-warszawa-1200223200,https://s3.eu-central-1.amazonaws.com/uvpictures-eu-central-1/368/SP/PL/OPEL-MOKKA-223200_1.JPG,https://s3.eu-central-1.amazonaws.com/uvpictures-eu-central-1/368/SP/PL/OPEL-MOKKA-223200_2.JPG|https://s3.eu-central-1.amazonaws.com/uvpictures-eu-central-1/368/SP/PL/OPEL-MOKKA-223200_3.JPG|https://s3.eu-central-1.amazonaws.com/uvpictures-eu-central-1/368/SP/PL/OPEL-MOKKA-223200_4.JPG,Opel,Mokka,2025,7892,KM,,Used,87900 PLN,PLN,CASH,87900 PLN,Total,Gasoline,Automatic,SPOTICAR STELLANTIS & YOU WARSZAWA AL. KRAKOWSKA,SPOTICAR STELLANTIS & YOU WARSZAWA AL. KRAKOWSKASPOTICAR STELLANTIS & YOU WARSZAWA AL. KRAKOWSKA,Gwarancja Spoticar Premium12 miesięcy
SPOT-71491,Peugeot 2008 · 78000 PLN,Peugeot 2008 · Cena: 78000 PLN · Gwarancja Spoticar Premium12 miesięcy · SPOTICAR MOJSIUK STARE BABICEBiesiekierz · Sprawdź ofertę!,https://www.spoticar.pl/znajdz-uzywany-samochod/peugeot-biesiekierz-1200223196,https://s3.eu-central-1.amazonaws.com/uvpictures-eu-central-1/368/SP/PL/PEUGEOT-2008-223196_1.JPG,https://s3.eu-central-1.amazonaws.com/uvpictures-eu-central-1/368/SP/PL/PEUGEOT-2008-223196_2.JPG|https://s3.eu-central-1.amazonaws.com/uvpictures-eu-central-1/368/SP/PL/PEUGEOT-2008-223196_3.JPG|https://s3.eu-central-1.amazonaws.com/uvpictures-eu-central-1/368/SP/PL/PEUGEOT-2008-223196_4.JPG,Peugeot,2008,2024,24429,KM,,Used,78000 PLN,PLN,CASH,78000 PLN,Total,Gasoline,Automatic,SPOTICAR MOJSIUK STARE BABICEBiesiekierz,SPOTICAR MOJSIUK STARE BABICE,Gwarancja Spoticar Premium12 miesięcy
SPOT-71377,Citroën C5 Aircross · 81900 PLN,Citroën C5 Aircross · Cena: 81900 PLN · Gwarancja Spoticar Premium12 miesięcy · SPOTICAR AUTO CLUB ZŁOTNIKIZlotniki · Sprawdź ofertę!,https://www.spoticar.pl/znajdz-uzywany-samochod/citroen-c5-aircross-12-puretech-shine-eat8-zlotniki-1200223126,https://s3.eu-central-1.amazonaws.com/uvpictures-eu-central-1/368/SP/PL/CITROEN-C5-AIRCROSS-223126_1.JPG,https://s3.eu-central-1.amazonaws.com/uvpictures-eu-central-1/368/SP/PL/CITROEN-C5-AIRCROSS-223126_2.JPG|https://s3.eu-central-1.amazonaws.com/uvpictures-eu-central-1/368/SP/PL/CITROEN-C5-AIRCROSS-223126_3.JPG|https://s3.eu-central-1.amazonaws.com/uvpictures-eu-central-1/368/SP/PL/CITROEN-C5-AIRCROSS-223126_4.JPG,Citroën,C5 Aircross,2023,27431,KM,,Used,81900 PLN,PLN,CASH,81900 PLN,Total,Gasoline,Automatic,SPOTICAR AUTO CLUB ZŁOTNIKIZlotniki,SPOTICAR AUTO CLUB ZŁOTNIKI,Gwarancja Spoticar Premium12 miesięcy
SPOT-71370,Citroën C4 · 88900 PLN,Citroën C4 · Cena: 88900 PLN · Gwarancja Spoticar Premium12 miesięcy · SPOTICAR AUTO CLUB ZŁOTNIKIZlotniki · Sprawdź ofertę!,https://www.spoticar.pl/znajdz-uzywany-samochod/citroen-c4-12-puretech-max-ss-eat8-zlotniki-1200223124,https://s3.eu-central-1.amazonaws.com/uvpictures-eu-central-1/368/SP/PL/CITROEN-C4-223124_1.JPG,https://s3.eu-central-1.amazonaws.com/uvpictures-eu-central-1/368/SP/PL/CITROEN-C4-223124_2.JPG|https://s3.eu-central-1.amazonaws.com/uvpictures-eu-central-1/368/SP/PL/CITROEN-C4-223124_3.JPG|https://s3.eu-central-1.amazonaws.com/uvpictures-eu-central-1/368/SP/PL/CITROEN-C4-223124_4.JPG,Citroën,C4,2025,19952,KM,,Used,88900 PLN,PLN,CASH,88900 PLN,Total,Gasoline,Automatic,SPOTICAR AUTO CLUB ZŁOTNIKIZlotniki,SPOTICAR AUTO CLUB ZŁOTNIKI,Gwarancja Spoticar Premium12 miesięcy
SPOT-71362,Citroën C4 X · 72900 PLN,Citroën C4 X · Cena: 72900 PLN · Gwarancja Spoticar Premium12 miesięcy · SPOTICAR RIA GRUDZIĄDZGRUDZIADZ · Sprawdź ofertę!,https://www.spoticar.pl/znajdz-uzywany-samochod/citroen-c4-x-c4-x-12-puretech-plus-ss-eat8-grudziadz-1200223091,https://s3.eu-central-1.amazonaws.com/uvpictures-eu-central-1/368/SP/PL/CITROEN-C4-X-223091_1.JPG,https://s3.eu-central-1.amazonaws.com/uvpictures-eu-central-1/368/SP/PL/CITROEN-C4-X-223091_2.JPG|https://s3.eu-central-1.amazonaws.com/uvpictures-eu-central-1/368/SP/PL/CITROEN-C4-X-223091_3.JPG|https://s3.eu-central-1.amazonaws.com/uvpictures-eu-central-1/368/SP/PL/CITROEN-C4-X-223091_4.JPG,Citroën,C4 X,2024,28448,KM,,Used,72900 PLN,PLN,CASH,72900 PLN,Total,Gasoline,Automatic,SPOTICAR RIA GRUDZIĄDZGRUDZIADZ,SPOTICAR RIA GRUDZIĄDZ,Gwarancja Spoticar Premium12 miesięcy
SPOT-71389,Jeep Avenger · 71900 PLN,Jeep Avenger · Cena: 71900 PLN · Gwarancja Spoticar Premium6 miesięcy · Spoticar MOTOR CENTRUM GdańskGdańsk · Sprawdź ofertę!,https://www.spoticar.pl/znajdz-uzywany-samochod/jeep-avenger-12-gse-t3-summit-fwd-gdansk-1200223109,https://s3.eu-central-1.amazonaws.com/uvpictures-eu-central-1/368/SP/PL/JEEP-AVENGER-223109_1.JPG,https://s3.eu-central-1.amazonaws.com/uvpictures-eu-central-1/368/SP/PL/JEEP-AVENGER-223109_2.JPG|https://s3.eu-central-1.amazonaws.com/uvpictures-eu-central-1/368/SP/PL/JEEP-AVENGER-223109_3.JPG|https://s3.eu-central-1.amazonaws.com/uvpictures-eu-central-1/368/SP/PL/JEEP-AVENGER-223109_4.JPG,Jeep,Avenger,2024,38679,KM,,Used,71900 PLN,PLN,CASH,71900 PLN,Total,Gasoline,Manual,Spoticar MOTOR CENTRUM GdańskGdańsk,Spoticar MOTOR CENTRUM Gdańsk,Gwarancja Spoticar Premium6 miesięcy
SPOT-71326,Opel Mokka · 86900 PLN,Opel Mokka · Cena: 86900 PLN · Gwarancja Spoticar Premium12 miesięcy · Spoticar MOTOR CENTRUM GdańskGdańsk · Sprawdź ofertę!,https://www.spoticar.pl/znajdz-uzywany-samochod/opel-mokka-12-t-gs-ss-aut-gdansk-1200223061,https://s3.eu-central-1.amazonaws.com/uvpictures-eu-central-1/368/SP/PL/OPEL-MOKKA-223061_1.JPG,https://s3.eu-central-1.amazonaws.com/uvpictures-eu-central-1/368/SP/PL/OPEL-MOKKA-223061_2.JPG|https://s3.eu-central-1.amazonaws.com/uvpictures-eu-central-1/368/SP/PL/OPEL-MOKKA-223061_3.JPG|https://s3.eu-central-1.amazonaws.com/uvpictures-eu-central-1/368/SP/PL/OPEL-MOKKA-223061_4.JPG,Opel,Mokka,2025,23923,KM,,Used,86900 PLN,PLN,CASH,86900 PLN,Total,Gasoline,Automatic,Spoticar MOTOR CENTRUM GdańskGdańsk,Spoticar MOTOR CENTRUM Gdańsk,Gwarancja Spoticar Premium12 miesięcy
SPOT-71370,Citroën C4 · 88900 PLN,Citroën C4 · Cena: 88900 PLN · Gwarancja Spoticar Premium12 miesięcy · SPOTICAR AUTO CLUB ZŁOTNIKIZlotniki · Sprawdź ofertę!,https://www.spoticar.pl/znajdz-uzywany-samochod/citroen-c4-12-puretech-max-ss-eat8-zlotniki-1200223124,https://s3.eu-central-1.amazonaws.com/uvpictures-eu-central-1/368/SP/PL/CITROEN-C4-223124_1.JPG,https://s3.eu-central-1.amazonaws.com/uvpictures-eu-central-1/368/SP/PL/CITROEN-C4-223124_2.JPG|https://s3.eu-central-1.amazonaws.com/uvpictures-eu-central-1/368/SP/PL/CITROEN-C4-223124_3.JPG|https://s3.eu-central-1.amazonaws.com/uvpictures-eu-central-1/368/SP/PL/CITROEN-C4-223124_4.JPG,Citroën,C4,2025,19952,KM,,Used,88900 PLN,PLN,CASH,88900 PLN,Total,Gasoline,Automatic,SPOTICAR AUTO CLUB ZŁOTNIKIZlotniki,SPOTICAR AUTO CLUB ZŁOTNIKI,Gwarancja Spoticar Premium12 miesięcy
SPOT-71389,Jeep Avenger · 71900 PLN,Jeep Avenger · Cena: 71900 PLN · Gwarancja Spoticar Premium6 miesięcy · Spoticar MOTOR CENTRUM GdańskGdańsk · Sprawdź ofertę!,https://www.spoticar.pl/znajdz-uzywany-samochod/jeep-avenger-12-gse-t3-summit-fwd-gdansk-1200223109,https://s3.eu-central-1.amazonaws.com/uvpictures-eu-central-1/368/SP/PL/JEEP-AVENGER-223109_1.JPG,https://s3.eu-central-1.amazonaws.com/uvpictures-eu-central-1/368/SP/PL/JEEP-AVENGER-223109_2.JPG|https://s3.eu-central-1.amazonaws.com/uvpictures-eu-central-1/368/SP/PL/JEEP-AVENGER-223109_3.JPG|https://s3.eu-central-1.amazonaws.com/uvpictures-eu-central-1/368/SP/PL/JEEP-AVENGER-223109_4.JPG,Jeep,Avenger,2024,38679,KM,,Used,71900 PLN,PLN,CASH,71900 PLN,Total,Gasoline,Manual,Spoticar MOTOR CENTRUM GdańskGdańsk,Spoticar MOTOR CENTRUM Gdańsk,Gwarancja Spoticar Premium6 miesięcy
SPOT-71343,Opel Combo · 77367 PLN,Opel Combo · Cena: 77367 PLN · Gwarancja Spoticar Premium6 miesięcy · SPOTICAR SZTUKOWSKI OSTRÓW WLKP.Ostrów Wielkopolski · Sprawdź ofertę!,https://www.spoticar.pl/znajdz-uzywany-samochod/opel-combo-e-cargo-ostrow-wielkopolski-1200223073,https://s3.eu-central-1.amazonaws.com/uvpictures-eu-central-1/368/SP/PL/OPEL-COMBO-223073_1.JPG,https://s3.eu-central-1.amazonaws.com/uvpictures-eu-central-1/368/SP/PL/OPEL-COMBO-223073_2.JPG|https://s3.eu-central-1.amazonaws.com/uvpictures-eu-central-1/368/SP/PL/OPEL-COMBO-223073_3.JPG|https://s3.eu-central-1.amazonaws.com/uvpictures-eu-central-1/368/SP/PL/OPEL-COMBO-223073_4.JPG,Opel,Combo,2024,54416,KM,,Used,77367 PLN,PLN,CASH,77367 PLN,Total,Electric,Automatic,SPOTICAR SZTUKOWSKI OSTRÓW WLKP.Ostrów Wielkopolski,SPOTICAR SZTUKOWSKI OSTRÓW WLKP.,Gwarancja Spoticar Premium6 miesięcy
SPOT-71179,Peugeot 508 · 99900 PLN,Peugeot 508 · Cena: 99900 PLN · Gwarancja Spoticar Premium12 miesięcy · Spoticar  Budmat Auto PłockPłock · Sprawdź ofertę!,https://www.spoticar.pl/znajdz-uzywany-samochod/peugeot-508-sw-bluehdi-130-allure-ss-eat8-plock-1200222926,https://s3.eu-central-1.amazonaws.com/uvpictures-eu-central-1/368/SP/PL/PEUGEOT-508-222926_1.JPG,https://s3.eu-central-1.amazonaws.com/uvpictures-eu-central-1/368/SP/PL/PEUGEOT-508-222926_2.JPG|https://s3.eu-central-1.amazonaws.com/uvpictures-eu-central-1/368/SP/PL/PEUGEOT-508-222926_3.JPG|https://s3.eu-central-1.amazonaws.com/uvpictures-eu-central-1/368/SP/PL/PEUGEOT-508-222926_4.JPG,Peugeot,508,2024,28000,KM,,Used,99900 PLN,PLN,CASH,99900 PLN,Total,Diesel,Automatic,Spoticar  Budmat Auto PłockPłock,Spoticar  Budmat Auto Płock,Gwarancja Spoticar Premium12 miesięcy
SPOT-71236,Citroën C4 X · 74900 PLN,Citroën C4 X · Cena: 74900 PLN · Gwarancja Spoticar Premium12 miesięcy · Spoticar Marimex Kraków-LibertówKraków-Libertów · Sprawdź ofertę!,https://www.spoticar.pl/znajdz-uzywany-samochod/citroen-c4-x-c4-x-12-puretech-max-ss-eat8-krakow-libertow-1200222978,https://s3.eu-central-1.amazonaws.com/uvpictures-eu-central-1/368/SP/PL/CITROEN-C4-X-222978_1.JPG,https://s3.eu-central-1.amazonaws.com/uvpictures-eu-central-1/368/SP/PL/CITROEN-C4-X-222978_2.JPG|https://s3.eu-central-1.amazonaws.com/uvpictures-eu-central-1/368/SP/PL/CITROEN-C4-X-222978_3.JPG|https://s3.eu-central-1.amazonaws.com/uvpictures-eu-central-1/368/SP/PL/CITROEN-C4-X-222978_4.JPG,Citroën,C4 X,2024,39467,KM,,Used,74900 PLN,PLN,CASH,74900 PLN,Total,Gasoline,Automatic,Spoticar Marimex Kraków-LibertówKraków-Libertów,Spoticar Marimex Kraków-Libertów,Gwarancja Spoticar Premium12 miesięcy
SPOT-71232,Fiat 500 · 68900 PLN,Fiat 500 · Cena: 68900 PLN · Gwarancja Spoticar Premium12 miesięcy · Spoticar  Budmat Auto PłockPłock · Sprawdź ofertę!,https://www.spoticar.pl/znajdz-uzywany-samochod/fiat-500-e-500-42-kwh-plock-1200222969,https://s3.eu-central-1.amazonaws.com/uvpictures-eu-central-1/368/SP/PL/FIAT-500-E-222969_1.JPG,https://s3.eu-central-1.amazonaws.com/uvpictures-eu-central-1/368/SP/PL/FIAT-500-E-222969_2.JPG|https://s3.eu-central-1.amazonaws.com/uvpictures-eu-central-1/368/SP/PL/FIAT-500-E-222969_3.JPG|https://s3.eu-central-1.amazonaws.com/uvpictures-eu-central-1/368/SP/PL/FIAT-500-E-222969_4.JPG,Fiat,500,2024,30836,KM,,Used,68900 PLN,PLN,CASH,68900 PLN,Total,Electric,Automatic,Spoticar  Budmat Auto PłockPłock,Spoticar  Budmat Auto Płock,Gwarancja Spoticar Premium12 miesięcy
SPOT-71247,Peugeot 308 · 69990 PLN,Peugeot 308 · Cena: 69990 PLN · Gwarancja Spoticar Premium12 miesięcy · SPOTICAR DEJON I DĄBROWSKI LEGNICA · Sprawdź ofertę!,https://www.spoticar.pl/znajdz-uzywany-samochod/peugeot-308-12-puretech-allure-pack-ss-eat8-legnica-1200222977,https://s3.eu-central-1.amazonaws.com/uvpictures-eu-central-1/368/SP/PL/PEUGEOT-308-222977_1.JPG,https://s3.eu-central-1.amazonaws.com/uvpictures-eu-central-1/368/SP/PL/PEUGEOT-308-222977_2.JPG|https://s3.eu-central-1.amazonaws.com/uvpictures-eu-central-1/368/SP/PL/PEUGEOT-308-222977_3.JPG|https://s3.eu-central-1.amazonaws.com/uvpictures-eu-central-1/368/SP/PL/PEUGEOT-308-222977_4.JPG,Peugeot,308,2023,65447,KM,,Used,69990 PLN,PLN,CASH,69990 PLN,Total,Gasoline,Automatic,SPOTICAR DEJON I DĄBROWSKI LEGNICA,SPOTICAR DEJON I DĄBROWSKI LEGNICASPOTICAR DEJON I DĄBROWSKI LEGNICA,Gwarancja Spoticar Premium12 miesięcy
SPOT-71150,Peugeot 5008 · 119990 PLN,Peugeot 5008 · Cena: 119990 PLN · Gwarancja Spoticar Premium12 miesięcy · SPOTICAR DEJON I DĄBROWSKI LEGNICA · Sprawdź ofertę!,https://www.spoticar.pl/znajdz-uzywany-samochod/peugeot-5008-12-puretech-mhev-allure-pack-ss-e-dcs6-legnica-1200222888,https://s3.eu-central-1.amazonaws.com/uvpictures-eu-central-1/368/SP/PL/PEUGEOT-5008-222888_1.JPG,https://s3.eu-central-1.amazonaws.com/uvpictures-eu-central-1/368/SP/PL/PEUGEOT-5008-222888_2.JPG|https://s3.eu-central-1.amazonaws.com/uvpictures-eu-central-1/368/SP/PL/PEUGEOT-5008-222888_3.JPG|https://s3.eu-central-1.amazonaws.com/uvpictures-eu-central-1/368/SP/PL/PEUGEOT-5008-222888_4.JPG,Peugeot,5008,2024,56722,KM,,Used,119990 PLN,PLN,CASH,119990 PLN,Total,Hybrid,Automatic,SPOTICAR DEJON I DĄBROWSKI LEGNICA,SPOTICAR DEJON I DĄBROWSKI LEGNICASPOTICAR DEJON I DĄBROWSKI LEGNICA,Gwarancja Spoticar Premium12 miesięcy
SPOT-71258,Peugeot 2008 · 99900 PLN,Peugeot 2008 · Cena: 99900 PLN · Gwarancja Spoticar Premium12 miesięcy · Spoticar Auto Centrum Golemo Kraków · Sprawdź ofertę!,https://www.spoticar.pl/znajdz-uzywany-samochod/peugeot-2008-puretech-mhev-gt-e-dcs6-krakow-1200222994,https://s3.eu-central-1.amazonaws.com/uvpictures-eu-central-1/368/SP/PL/PEUGEOT-2008-222994_1.JPG,https://s3.eu-central-1.amazonaws.com/uvpictures-eu-central-1/368/SP/PL/PEUGEOT-2008-222994_2.JPG|https://s3.eu-central-1.amazonaws.com/uvpictures-eu-central-1/368/SP/PL/PEUGEOT-2008-222994_3.JPG|https://s3.eu-central-1.amazonaws.com/uvpictures-eu-central-1/368/SP/PL/PEUGEOT-2008-222994_4.JPG,Peugeot,2008,2025,22250,KM,,Used,99900 PLN,PLN,CASH,99900 PLN,Total,Hybrid,Automatic,Spoticar Auto Centrum Golemo Kraków,Spoticar Auto Centrum Golemo KrakówSpoticar Auto Centrum Golemo Kraków,Gwarancja Spoticar Premium12 miesięcy
SPOT-71491,Peugeot 2008 · 78000 PLN,Peugeot 2008 · Cena: 78000 PLN · Gwarancja Spoticar Premium12 miesięcy · SPOTICAR MOJSIUK STARE BABICEBiesiekierz · Sprawdź ofertę!,https://www.spoticar.pl/znajdz-uzywany-samochod/peugeot-biesiekierz-1200223196,https://s3.eu-central-1.amazonaws.com/uvpictures-eu-central-1/368/SP/PL/PEUGEOT-2008-223196_1.JPG,https://s3.eu-central-1.amazonaws.com/uvpictures-eu-central-1/368/SP/PL/PEUGEOT-2008-223196_2.JPG|https://s3.eu-central-1.amazonaws.com/uvpictures-eu-central-1/368/SP/PL/PEUGEOT-2008-223196_3.JPG|https://s3.eu-central-1.amazonaws.com/uvpictures-eu-central-1/368/SP/PL/PEUGEOT-2008-223196_4.JPG,Peugeot,2008,2024,24429,KM,,Used,78000 PLN,PLN,CASH,78000 PLN,Total,Gasoline,Automatic,SPOTICAR MOJSIUK STARE BABICEBiesiekierz,SPOTICAR MOJSIUK STARE BABICE,Gwarancja Spoticar Premium12 miesięcy
SPOT-71012,Hyundai I30 · 65900 PLN,Hyundai I30 · Cena: 65900 PLN · Gwarancja Spoticar Premium12 miesięcy · SPOTICAR PRASEK RADOMRadom · Sprawdź ofertę!,https://www.spoticar.pl/znajdz-uzywany-samochod/hyundai-i30-15-t-gdi-48v-smart-radom-1200222762,https://s3.eu-central-1.amazonaws.com/uvpictures-eu-central-1/368/SP/PL/HYUNDAI-I30-222762_1.JPG,https://s3.eu-central-1.amazonaws.com/uvpictures-eu-central-1/368/SP/PL/HYUNDAI-I30-222762_2.JPG|https://s3.eu-central-1.amazonaws.com/uvpictures-eu-central-1/368/SP/PL/HYUNDAI-I30-222762_3.JPG|https://s3.eu-central-1.amazonaws.com/uvpictures-eu-central-1/368/SP/PL/HYUNDAI-I30-222762_4.JPG,Hyundai,I30,2022,97363,KM,,Used,65900 PLN,PLN,CASH,65900 PLN,Total,Gasoline,Manual,SPOTICAR PRASEK RADOMRadom,SPOTICAR PRASEK RADOM,Gwarancja Spoticar Premium12 miesięcy
SPOT-70617,Peugeot 2008 · 77900 PLN,Peugeot 2008 · Cena: 77900 PLN · Gwarancja Spoticar Premium12 miesięcy · Spoticar  Budmat Auto PłockPłock · Sprawdź ofertę!,https://www.spoticar.pl/znajdz-uzywany-samochod/peugeot-2008-puretech-130-allure-ss-eat8-plock-1200222375,https://s3.eu-central-1.amazonaws.com/uvpictures-eu-central-1/368/SP/PL/PEUGEOT-2008-222375_1.JPG,https://s3.eu-central-1.amazonaws.com/uvpictures-eu-central-1/368/SP/PL/PEUGEOT-2008-222375_2.JPG|https://s3.eu-central-1.amazonaws.com/uvpictures-eu-central-1/368/SP/PL/PEUGEOT-2008-222375_3.JPG|https://s3.eu-central-1.amazonaws.com/uvpictures-eu-central-1/368/SP/PL/PEUGEOT-2008-222375_4.JPG,Peugeot,2008,2023,24500,KM,,Used,77900 PLN,PLN,CASH,77900 PLN,Total,Gasoline,Automatic,Spoticar  Budmat Auto PłockPłock,Spoticar  Budmat Auto Płock,Gwarancja Spoticar Premium12 miesięcy
SPOT-70757,Opel Astra · 69900 PLN,Opel Astra · Cena: 69900 PLN · Gwarancja Spoticar Premium6 miesięcy · SPOTICAR RIA GRUDZIĄDZGRUDZIADZ · Sprawdź ofertę!,https://www.spoticar.pl/znajdz-uzywany-samochod/opel-astra-vi-12-t-edition-ss-grudziadz-1200222488,https://s3.eu-central-1.amazonaws.com/uvpictures-eu-central-1/368/SP/PL/OPEL-ASTRA-222488_1.JPG,https://s3.eu-central-1.amazonaws.com/uvpictures-eu-central-1/368/SP/PL/OPEL-ASTRA-222488_2.JPG|https://s3.eu-central-1.amazonaws.com/uvpictures-eu-central-1/368/SP/PL/OPEL-ASTRA-222488_3.JPG|https://s3.eu-central-1.amazonaws.com/uvpictures-eu-central-1/368/SP/PL/OPEL-ASTRA-222488_4.JPG,Opel,Astra,2024,10138,KM,,Used,69900 PLN,PLN,CASH,69900 PLN,Total,Gasoline,Manual,SPOTICAR RIA GRUDZIĄDZGRUDZIADZ,SPOTICAR RIA GRUDZIĄDZ,Gwarancja Spoticar Premium6 miesięcy
SPOT-70710,Opel Mokka · 71900 PLN,Opel Mokka · Cena: 71900 PLN · Gwarancja Spoticar Premium12 miesięcy · Spoticar  Budmat Auto PłockPłock · Sprawdź ofertę!,https://www.spoticar.pl/znajdz-uzywany-samochod/opel-mokka-e-50kwh-elegance-plock-1200222457,https://s3.eu-central-1.amazonaws.com/uvpictures-eu-central-1/368/SP/PL/OPEL-MOKKA-222457_1.JPG,https://s3.eu-central-1.amazonaws.com/uvpictures-eu-central-1/368/SP/PL/OPEL-MOKKA-222457_2.JPG|https://s3.eu-central-1.amazonaws.com/uvpictures-eu-central-1/368/SP/PL/OPEL-MOKKA-222457_3.JPG|https://s3.eu-central-1.amazonaws.com/uvpictures-eu-central-1/368/SP/PL/OPEL-MOKKA-222457_4.JPG,Opel,Mokka,2023,30800,KM,,Used,71900 PLN,PLN,CASH,71900 PLN,Total,Electric,Automatic,Spoticar  Budmat Auto PłockPłock,Spoticar  Budmat Auto Płock,Gwarancja Spoticar Premium12 miesięcy
SPOT-70794,Peugeot Rifter · 44900 PLN,Peugeot Rifter · Cena: 44900 PLN · Gwarancja Spoticar Premium6 miesięcy · SPOTICAR PRASEK RADOMRadom · Sprawdź ofertę!,https://www.spoticar.pl/znajdz-uzywany-samochod/peugeot-rifter-15-bluehdi-active-radom-1200222541,https://s3.eu-central-1.amazonaws.com/uvpictures-eu-central-1/368/SP/PL/PEUGEOT-RIFTER-222541_1.JPG,https://s3.eu-central-1.amazonaws.com/uvpictures-eu-central-1/368/SP/PL/PEUGEOT-RIFTER-222541_2.JPG|https://s3.eu-central-1.amazonaws.com/uvpictures-eu-central-1/368/SP/PL/PEUGEOT-RIFTER-222541_3.JPG|https://s3.eu-central-1.amazonaws.com/uvpictures-eu-central-1/368/SP/PL/PEUGEOT-RIFTER-222541_4.JPG,Peugeot,Rifter,2019,181159,KM,,Used,44900 PLN,PLN,CASH,44900 PLN,Total,Diesel,Manual,SPOTICAR PRASEK RADOMRadom,SPOTICAR PRASEK RADOM,Gwarancja Spoticar Premium6 miesięcy
SPOT-70765,Peugeot 5008 · 119900 PLN,Peugeot 5008 · Cena: 119900 PLN · Gwarancja Spoticar Premium12 miesięcy · SPOTICAR STELLANTIS & YOU WARSZAWA AL. KRAKOWSKA · Sprawdź ofertę!,https://www.spoticar.pl/znajdz-uzywany-samochod/peugeot-5008-15-bluehdi-gt-ss-eat8-warszawa-1200222523,https://s3.eu-central-1.amazonaws.com/uvpictures-eu-central-1/368/SP/PL/PEUGEOT-5008-222523_1.JPG,https://s3.eu-central-1.amazonaws.com/uvpictures-eu-central-1/368/SP/PL/PEUGEOT-5008-222523_2.JPG|https://s3.eu-central-1.amazonaws.com/uvpictures-eu-central-1/368/SP/PL/PEUGEOT-5008-222523_3.JPG|https://s3.eu-central-1.amazonaws.com/uvpictures-eu-central-1/368/SP/PL/PEUGEOT-5008-222523_4.JPG,Peugeot,5008,2024,46000,KM,,Used,119900 PLN,PLN,CASH,119900 PLN,Total,Diesel,Automatic,SPOTICAR STELLANTIS & YOU WARSZAWA AL. KRAKOWSKA,SPOTICAR STELLANTIS & YOU WARSZAWA AL. KRAKOWSKASPOTICAR STELLANTIS & YOU WARSZAWA AL. KRAKOWSKA,Gwarancja Spoticar Premium12 miesięcy
SPOT-70502,Citroën C3 · 49900 PLN,Citroën C3 · Cena: 49900 PLN · Gwarancja Spoticar Premium12 miesięcy · SPOTICAR STELLANTIS & YOU WARSZAWA PUŁAWSKA · Sprawdź ofertę!,https://www.spoticar.pl/znajdz-uzywany-samochod/citroen-c3-12-puretech-max-warszawa-1200222260,https://s3.eu-central-1.amazonaws.com/uvpictures-eu-central-1/368/SP/PL/CITROEN-C3-222260_1.JPG,https://s3.eu-central-1.amazonaws.com/uvpictures-eu-central-1/368/SP/PL/CITROEN-C3-222260_2.JPG|https://s3.eu-central-1.amazonaws.com/uvpictures-eu-central-1/368/SP/PL/CITROEN-C3-222260_3.JPG|https://s3.eu-central-1.amazonaws.com/uvpictures-eu-central-1/368/SP/PL/CITROEN-C3-222260_4.JPG,Citroën,C3,2024,42125,KM,,Used,49900 PLN,PLN,CASH,49900 PLN,Total,Gasoline,Manual,SPOTICAR STELLANTIS & YOU WARSZAWA PUŁAWSKA,SPOTICAR STELLANTIS & YOU WARSZAWA PUŁAWSKASPOTICAR STELLANTIS & YOU WARSZAWA PUŁAWSKA,Gwarancja Spoticar Premium12 miesięcy
SPOT-70587,Mercedes Sprinter · 75000 PLN,Mercedes Sprinter · Cena: 75000 PLN · Gwarancja Spoticar Premium6 miesięcy · Spoticar Auto Centrum Golemo Kraków · Sprawdź ofertę!,https://www.spoticar.pl/znajdz-uzywany-samochod/mercedes-sprinter-314-cdi-907633-9m3-krakow-1200222330,https://s3.eu-central-1.amazonaws.com/uvpictures-eu-central-1/368/SP/PL/MERCEDES-SPRINTER-222330_1.JPG,https://s3.eu-central-1.amazonaws.com/uvpictures-eu-central-1/368/SP/PL/MERCEDES-SPRINTER-222330_2.JPG|https://s3.eu-central-1.amazonaws.com/uvpictures-eu-central-1/368/SP/PL/MERCEDES-SPRINTER-222330_3.JPG|https://s3.eu-central-1.amazonaws.com/uvpictures-eu-central-1/368/SP/PL/MERCEDES-SPRINTER-222330_4.JPG,Mercedes,Sprinter,2019,158210,KM,,Used,75000 PLN,PLN,CASH,75000 PLN,Total,Diesel,Manual,Spoticar Auto Centrum Golemo Kraków,Spoticar Auto Centrum Golemo KrakówSpoticar Auto Centrum Golemo Kraków,Gwarancja Spoticar Premium6 miesięcy
SPOT-70581,Opel Grandland · 134900 PLN,Opel Grandland · Cena: 134900 PLN · Gwarancja Spoticar Premium12 miesięcy · Spoticar  Budmat Auto PłockPłock · Sprawdź ofertę!,https://www.spoticar.pl/znajdz-uzywany-samochod/opel-grandland-12-mhev-gs-edtc6-plock-1200222336,https://s3.eu-central-1.amazonaws.com/uvpictures-eu-central-1/368/SP/PL/OPEL-GRANDLAND-222336_1.JPG,https://s3.eu-central-1.amazonaws.com/uvpictures-eu-central-1/368/SP/PL/OPEL-GRANDLAND-222336_2.JPG|https://s3.eu-central-1.amazonaws.com/uvpictures-eu-central-1/368/SP/PL/OPEL-GRANDLAND-222336_3.JPG|https://s3.eu-central-1.amazonaws.com/uvpictures-eu-central-1/368/SP/PL/OPEL-GRANDLAND-222336_4.JPG,Opel,Grandland,2026,6321,KM,,Used,134900 PLN,PLN,CASH,134900 PLN,Total,Gasoline,Automatic,Spoticar  Budmat Auto PłockPłock,Spoticar  Budmat Auto Płock,Gwarancja Spoticar Premium12 miesięcy
SPOT-70431,Peugeot 3008 · 111900 PLN,Peugeot 3008 · Cena: 111900 PLN · Gwarancja Spoticar Premium12 miesięcy · SPOTICAR SZTUKOWSKI OSTRÓW WLKP.Ostrów Wielkopolski · Sprawdź ofertę!,https://www.spoticar.pl/znajdz-uzywany-samochod/peugeot-3008-12-puretech-mhev-allure-e-dcs6-ostrow-wielkopolski-1200222214,https://s3.eu-central-1.amazonaws.com/uvpictures-eu-central-1/368/SP/PL/PEUGEOT-3008-222214_1.JPG,https://s3.eu-central-1.amazonaws.com/uvpictures-eu-central-1/368/SP/PL/PEUGEOT-3008-222214_2.JPG|https://s3.eu-central-1.amazonaws.com/uvpictures-eu-central-1/368/SP/PL/PEUGEOT-3008-222214_3.JPG|https://s3.eu-central-1.amazonaws.com/uvpictures-eu-central-1/368/SP/PL/PEUGEOT-3008-222214_4.JPG,Peugeot,3008,2025,20860,KM,,Used,111900 PLN,PLN,CASH,111900 PLN,Total,Hybrid,Automatic,SPOTICAR SZTUKOWSKI OSTRÓW WLKP.Ostrów Wielkopolski,SPOTICAR SZTUKOWSKI OSTRÓW WLKP.,Gwarancja Spoticar Premium12 miesięcy
SPOT-70451,Nissan Qashqai · 68900 PLN,Nissan Qashqai · Cena: 68900 PLN · Gwarancja Spoticar Premium6 miesięcy · Spoticar MOTOR CENTRUM GdańskGdańsk · Sprawdź ofertę!,https://www.spoticar.pl/znajdz-uzywany-samochod/nissan-qashqai-13-dig-t-n-connecta-dct-gdansk-1200222204,https://s3.eu-central-1.amazonaws.com/uvpictures-eu-central-1/368/SP/PL/NISSAN-QASHQAI-222204_1.JPG,https://s3.eu-central-1.amazonaws.com/uvpictures-eu-central-1/368/SP/PL/NISSAN-QASHQAI-222204_2.JPG|https://s3.eu-central-1.amazonaws.com/uvpictures-eu-central-1/368/SP/PL/NISSAN-QASHQAI-222204_3.JPG|https://s3.eu-central-1.amazonaws.com/uvpictures-eu-central-1/368/SP/PL/NISSAN-QASHQAI-222204_4.JPG,Nissan,Qashqai,2020,95540,KM,,Used,68900 PLN,PLN,CASH,68900 PLN,Total,Gasoline,Automatic,Spoticar MOTOR CENTRUM GdańskGdańsk,Spoticar MOTOR CENTRUM Gdańsk,Gwarancja Spoticar Premium6 miesięcy
SPOT-69420,Opel Astra · 64900 PLN,Opel Astra · Cena: 64900 PLN · Gwarancja Spoticar Premium12 miesięcy · Spoticar Auto Centrum Golemo Kraków · Sprawdź ofertę!,https://www.spoticar.pl/znajdz-uzywany-samochod/opel-astra-vi-12-t-edition-ss-krakow-1200221210,https://s3.eu-central-1.amazonaws.com/uvpictures-eu-central-1/368/SP/PL/OPEL-ASTRA-221210_1.JPG,https://s3.eu-central-1.amazonaws.com/uvpictures-eu-central-1/368/SP/PL/OPEL-ASTRA-221210_2.JPG|https://s3.eu-central-1.amazonaws.com/uvpictures-eu-central-1/368/SP/PL/OPEL-ASTRA-221210_3.JPG|https://s3.eu-central-1.amazonaws.com/uvpictures-eu-central-1/368/SP/PL/OPEL-ASTRA-221210_4.JPG,Opel,Astra,2023,59715,KM,,Used,64900 PLN,PLN,CASH,64900 PLN,Total,Gasoline,Manual,Spoticar Auto Centrum Golemo Kraków,Spoticar Auto Centrum Golemo KrakówSpoticar Auto Centrum Golemo Kraków,Gwarancja Spoticar Premium12 miesięcy
SPOT-68423,Peugeot 3008 · 55900 PLN,Peugeot 3008 · Cena: 55900 PLN · Gwarancja Spoticar Premium6 miesięcy · Spoticar Fix Forum RzeszówKRASNE · Sprawdź ofertę!,https://www.spoticar.pl/znajdz-uzywany-samochod/peugeot-3008-12-puretech-allure-ss-krasne-1200220220,https://s3.eu-central-1.amazonaws.com/uvpictures-eu-central-1/368/SP/PL/PEUGEOT-3008-220220_1.JPG,https://s3.eu-central-1.amazonaws.com/uvpictures-eu-central-1/368/SP/PL/PEUGEOT-3008-220220_2.JPG|https://s3.eu-central-1.amazonaws.com/uvpictures-eu-central-1/368/SP/PL/PEUGEOT-3008-220220_3.JPG|https://s3.eu-central-1.amazonaws.com/uvpictures-eu-central-1/368/SP/PL/PEUGEOT-3008-220220_4.JPG,Peugeot,3008,2017,86919,KM,,Used,55900 PLN,PLN,CASH,55900 PLN,Total,Gasoline,Manual,Spoticar Fix Forum RzeszówKRASNE,Spoticar Fix Forum Rzeszów,Gwarancja Spoticar Premium6 miesięcy
SPOT-69070,Hyundai I20 · 31900 PLN,Hyundai I20 · Cena: 31900 PLN · Gwarancja Spoticar Premium6 miesięcy · SPOTICAR PRASEK RADOMRadom · Sprawdź ofertę!,https://www.spoticar.pl/znajdz-uzywany-samochod/hyundai-i20-12-classic-radom-1200220867,https://s3.eu-central-1.amazonaws.com/uvpictures-eu-central-1/368/SP/PL/HYUNDAI-I20-220867_1.JPG,https://s3.eu-central-1.amazonaws.com/uvpictures-eu-central-1/368/SP/PL/HYUNDAI-I20-220867_2.JPG|https://s3.eu-central-1.amazonaws.com/uvpictures-eu-central-1/368/SP/PL/HYUNDAI-I20-220867_3.JPG|https://s3.eu-central-1.amazonaws.com/uvpictures-eu-central-1/368/SP/PL/HYUNDAI-I20-220867_4.JPG,Hyundai,I20,2018,152362,KM,,Used,31900 PLN,PLN,CASH,31900 PLN,Total,Gasoline,Manual,SPOTICAR PRASEK RADOMRadom,SPOTICAR PRASEK RADOM,Gwarancja Spoticar Premium6 miesięcy
SPOT-68111,Citroën C3 Aircross · 44900 PLN,Citroën C3 Aircross · Cena: 44900 PLN · Gwarancja Spoticar Premium6 miesięcy · Spoticar Auto Centrum Golemo Kraków · Sprawdź ofertę!,https://www.spoticar.pl/znajdz-uzywany-samochod/citroen-krakow-1200219935,https://s3.eu-central-1.amazonaws.com/uvpictures-eu-central-1/368/SP/PL/CITROEN-C3-AIRCROSS-219935_1.JPG,https://s3.eu-central-1.amazonaws.com/uvpictures-eu-central-1/368/SP/PL/CITROEN-C3-AIRCROSS-219935_2.JPG|https://s3.eu-central-1.amazonaws.com/uvpictures-eu-central-1/368/SP/PL/CITROEN-C3-AIRCROSS-219935_3.JPG|https://s3.eu-central-1.amazonaws.com/uvpictures-eu-central-1/368/SP/PL/CITROEN-C3-AIRCROSS-219935_4.JPG,Citroën,C3 Aircross,2020,75895,KM,,Used,44900 PLN,PLN,CASH,44900 PLN,Total,Gasoline,Manual,Spoticar Auto Centrum Golemo Kraków,Spoticar Auto Centrum Golemo KrakówSpoticar Auto Centrum Golemo Kraków,Gwarancja Spoticar Premium6 miesięcy
SPOT-68267,DS 4 · 99900 PLN,DS 4 · Cena: 99900 PLN · Gwarancja Spoticar Premium12 miesięcy · Spoticar Auto Centrum Golemo Kraków · Sprawdź ofertę!,https://www.spoticar.pl/znajdz-uzywany-samochod/ds-ds-4-12-puretech-bastille-aut-krakow-1200220069,https://s3.eu-central-1.amazonaws.com/uvpictures-eu-central-1/368/SP/PL/DS-DS-4-220069_1.JPG,https://s3.eu-central-1.amazonaws.com/uvpictures-eu-central-1/368/SP/PL/DS-DS-4-220069_2.JPG|https://s3.eu-central-1.amazonaws.com/uvpictures-eu-central-1/368/SP/PL/DS-DS-4-220069_3.JPG|https://s3.eu-central-1.amazonaws.com/uvpictures-eu-central-1/368/SP/PL/DS-DS-4-220069_4.JPG,DS,4,2023,16135,KM,,Used,99900 PLN,PLN,CASH,99900 PLN,Total,Gasoline,Automatic,Spoticar Auto Centrum Golemo Kraków,Spoticar Auto Centrum Golemo KrakówSpoticar Auto Centrum Golemo Kraków,Gwarancja Spoticar Premium12 miesięcy
SPOT-67437,Hyundai I30 · 59900 PLN,Hyundai I30 · Cena: 59900 PLN · Gwarancja Spoticar Premium12 miesięcy · Spoticar Auto Centrum Golemo Kraków · Sprawdź ofertę!,https://www.spoticar.pl/znajdz-uzywany-samochod/hyundai-i30-10-t-gdi-smart-krakow-1200219263,https://s3.eu-central-1.amazonaws.com/uvpictures-eu-central-1/368/SP/PL/HYUNDAI-I30-219263_1.JPG,https://s3.eu-central-1.amazonaws.com/uvpictures-eu-central-1/368/SP/PL/HYUNDAI-I30-219263_2.JPG|https://s3.eu-central-1.amazonaws.com/uvpictures-eu-central-1/368/SP/PL/HYUNDAI-I30-219263_3.JPG|https://s3.eu-central-1.amazonaws.com/uvpictures-eu-central-1/368/SP/PL/HYUNDAI-I30-219263_4.JPG,Hyundai,I30,2022,97062,KM,,Used,59900 PLN,PLN,CASH,59900 PLN,Total,Gasoline,Manual,Spoticar Auto Centrum Golemo Kraków,Spoticar Auto Centrum Golemo KrakówSpoticar Auto Centrum Golemo Kraków,Gwarancja Spoticar Premium12 miesięcy
SPOT-67465,Peugeot 308 · 44900 PLN,Peugeot 308 · Cena: 44900 PLN · Gwarancja Spoticar Premium6 miesięcy · Spoticar Auto Centrum Golemo Kraków · Sprawdź ofertę!,https://www.spoticar.pl/znajdz-uzywany-samochod/peugeot-308-sw-15-bluehdi-allure-ss-krakow-1200219272,https://s3.eu-central-1.amazonaws.com/uvpictures-eu-central-1/368/SP/PL/PEUGEOT-308-219272_1.JPG,https://s3.eu-central-1.amazonaws.com/uvpictures-eu-central-1/368/SP/PL/PEUGEOT-308-219272_2.JPG|https://s3.eu-central-1.amazonaws.com/uvpictures-eu-central-1/368/SP/PL/PEUGEOT-308-219272_3.JPG|https://s3.eu-central-1.amazonaws.com/uvpictures-eu-central-1/368/SP/PL/PEUGEOT-308-219272_4.JPG,Peugeot,308,2019,141815,KM,,Used,44900 PLN,PLN,CASH,44900 PLN,Total,Diesel,Manual,Spoticar Auto Centrum Golemo Kraków,Spoticar Auto Centrum Golemo KrakówSpoticar Auto Centrum Golemo Kraków,Gwarancja Spoticar Premium6 miesięcy
SPOT-66908,Peugeot 5008 · 79500 PLN,Peugeot 5008 · Cena: 79500 PLN · Gwarancja Spoticar Premium6 miesięcy · Spoticar Auto Centrum Golemo Kraków · Sprawdź ofertę!,https://www.spoticar.pl/znajdz-uzywany-samochod/peugeot-5008-16-puretech-allure-ss-eat8-krakow-1200218749,https://s3.eu-central-1.amazonaws.com/uvpictures-eu-central-1/368/SP/PL/PEUGEOT-5008-218749_1.JPG,https://s3.eu-central-1.amazonaws.com/uvpictures-eu-central-1/368/SP/PL/PEUGEOT-5008-218749_2.JPG|https://s3.eu-central-1.amazonaws.com/uvpictures-eu-central-1/368/SP/PL/PEUGEOT-5008-218749_3.JPG|https://s3.eu-central-1.amazonaws.com/uvpictures-eu-central-1/368/SP/PL/PEUGEOT-5008-218749_4.JPG,Peugeot,5008,2019,134298,KM,,Used,79500 PLN,PLN,CASH,79500 PLN,Total,Gasoline,Automatic,Spoticar Auto Centrum Golemo Kraków,Spoticar Auto Centrum Golemo KrakówSpoticar Auto Centrum Golemo Kraków,Gwarancja Spoticar Premium6 miesięcy
SPOT-68014,Citroën C5 Aircross · 69900 PLN,Citroën C5 Aircross · Cena: 69900 PLN · Gwarancja Spoticar Premium6 miesięcy · Spoticar Auto Centrum Golemo Kraków · Sprawdź ofertę!,https://www.spoticar.pl/znajdz-uzywany-samochod/citroen-c5-aircross-15-bluehdi-feel-eat8-krakow-1200219842,https://s3.eu-central-1.amazonaws.com/uvpictures-eu-central-1/368/SP/PL/CITROEN-C5-AIRCROSS-219842_1.JPG,https://s3.eu-central-1.amazonaws.com/uvpictures-eu-central-1/368/SP/PL/CITROEN-C5-AIRCROSS-219842_2.JPG|https://s3.eu-central-1.amazonaws.com/uvpictures-eu-central-1/368/SP/PL/CITROEN-C5-AIRCROSS-219842_3.JPG|https://s3.eu-central-1.amazonaws.com/uvpictures-eu-central-1/368/SP/PL/CITROEN-C5-AIRCROSS-219842_4.JPG,Citroën,C5 Aircross,2020,61657,KM,,Used,69900 PLN,PLN,CASH,69900 PLN,Total,Diesel,Automatic,Spoticar Auto Centrum Golemo Kraków,Spoticar Auto Centrum Golemo KrakówSpoticar Auto Centrum Golemo Kraków,Gwarancja Spoticar Premium6 miesięcy
SPOT-69401,Opel Astra · 70900 PLN,Opel Astra · Cena: 70900 PLN · Gwarancja Spoticar Premium12 miesięcy · Spoticar Fijałkowski RybnikRybnik · Sprawdź ofertę!,https://www.spoticar.pl/znajdz-uzywany-samochod/opel-astra-vi-12-t-elegance-ss-aut-rybnik-1200221183,https://s3.eu-central-1.amazonaws.com/uvpictures-eu-central-1/368/SP/PL/OPEL-ASTRA-221183_1.JPG,https://s3.eu-central-1.amazonaws.com/uvpictures-eu-central-1/368/SP/PL/OPEL-ASTRA-221183_2.JPG|https://s3.eu-central-1.amazonaws.com/uvpictures-eu-central-1/368/SP/PL/OPEL-ASTRA-221183_3.JPG|https://s3.eu-central-1.amazonaws.com/uvpictures-eu-central-1/368/SP/PL/OPEL-ASTRA-221183_4.JPG,Opel,Astra,2022,32393,KM,,Used,70900 PLN,PLN,CASH,70900 PLN,Total,Gasoline,Automatic,Spoticar Fijałkowski RybnikRybnik,Spoticar Fijałkowski Rybnik,Gwarancja Spoticar Premium12 miesięcy
SPOT-70959,Hyundai Tucson · 109900 PLN,Hyundai Tucson · Cena: 109900 PLN · Gwarancja Spoticar Premium12 miesięcy · Spoticar Auto Centrum Golemo Kraków · Sprawdź ofertę!,https://www.spoticar.pl/znajdz-uzywany-samochod/hyundai-tucson-16-t-gdi-48v-smart-2wd-dct-krakow-1200222705,https://s3.eu-central-1.amazonaws.com/uvpictures-eu-central-1/368/SP/PL/HYUNDAI-TUCSON-222705_1.JPG,https://s3.eu-central-1.amazonaws.com/uvpictures-eu-central-1/368/SP/PL/HYUNDAI-TUCSON-222705_2.JPG|https://s3.eu-central-1.amazonaws.com/uvpictures-eu-central-1/368/SP/PL/HYUNDAI-TUCSON-222705_3.JPG|https://s3.eu-central-1.amazonaws.com/uvpictures-eu-central-1/368/SP/PL/HYUNDAI-TUCSON-222705_4.JPG,Hyundai,Tucson,2024,41556,KM,,Used,109900 PLN,PLN,CASH,109900 PLN,Total,Gasoline,Automatic,Spoticar Auto Centrum Golemo Kraków,Spoticar Auto Centrum Golemo KrakówSpoticar Auto Centrum Golemo Kraków,Gwarancja Spoticar Premium12 miesięcy
SPOT-70926,Peugeot 2008 · 109900 PLN,Peugeot 2008 · Cena: 109900 PLN · Gwarancja Spoticar Premium12 miesięcy · SPOTICAR DEJON I DĄBROWSKI LEGNICA · Sprawdź ofertę!,https://www.spoticar.pl/znajdz-uzywany-samochod/peugeot-2008-puretech-mhev-gt-e-dcs6-legnica-1200222656,https://s3.eu-central-1.amazonaws.com/uvpictures-eu-central-1/368/SP/PL/PEUGEOT-2008-222656_1.JPG,https://s3.eu-central-1.amazonaws.com/uvpictures-eu-central-1/368/SP/PL/PEUGEOT-2008-222656_2.JPG|https://s3.eu-central-1.amazonaws.com/uvpictures-eu-central-1/368/SP/PL/PEUGEOT-2008-222656_3.JPG|https://s3.eu-central-1.amazonaws.com/uvpictures-eu-central-1/368/SP/PL/PEUGEOT-2008-222656_4.JPG,Peugeot,2008,2025,15882,KM,,Used,109900 PLN,PLN,CASH,109900 PLN,Total,Hybrid,Automatic,SPOTICAR DEJON I DĄBROWSKI LEGNICA,SPOTICAR DEJON I DĄBROWSKI LEGNICASPOTICAR DEJON I DĄBROWSKI LEGNICA,Gwarancja Spoticar Premium12 miesięcy
SPOT-70929,Peugeot 308 · 99900 PLN,Peugeot 308 · Cena: 99900 PLN · Gwarancja Spoticar Premium12 miesięcy · SPOTICAR STELLANTIS & YOU WARSZAWA RADZYMIŃSKA · Sprawdź ofertę!,https://www.spoticar.pl/znajdz-uzywany-samochod/peugeot-308-12-mhev-gt-ss-e-dcs6-warszawa-1200222653,https://s3.eu-central-1.amazonaws.com/uvpictures-eu-central-1/368/SP/PL/PEUGEOT-308-222653_1.JPG,https://s3.eu-central-1.amazonaws.com/uvpictures-eu-central-1/368/SP/PL/PEUGEOT-308-222653_2.JPG|https://s3.eu-central-1.amazonaws.com/uvpictures-eu-central-1/368/SP/PL/PEUGEOT-308-222653_3.JPG|https://s3.eu-central-1.amazonaws.com/uvpictures-eu-central-1/368/SP/PL/PEUGEOT-308-222653_4.JPG,Peugeot,308,2025,30352,KM,,Used,99900 PLN,PLN,CASH,99900 PLN,Total,Gasoline,Automatic,SPOTICAR STELLANTIS & YOU WARSZAWA RADZYMIŃSKA,SPOTICAR STELLANTIS & YOU WARSZAWA RADZYMIŃSKASPOTICAR STELLANTIS & YOU WARSZAWA RADZYMIŃSKA,Gwarancja Spoticar Premium12 miesięcy
SPOT-70939,Peugeot 5008 · 79000 PLN,Peugeot 5008 · Cena: 79000 PLN · Gwarancja Spoticar Premium6 miesięcy · Spoticar Auto Centrum Golemo Kraków · Sprawdź ofertę!,https://www.spoticar.pl/znajdz-uzywany-samochod/peugeot-5008-15-bluehdi-allure-ss-krakow-1200222694,https://s3.eu-central-1.amazonaws.com/uvpictures-eu-central-1/368/SP/PL/PEUGEOT-5008-222694_1.JPG,https://s3.eu-central-1.amazonaws.com/uvpictures-eu-central-1/368/SP/PL/PEUGEOT-5008-222694_2.JPG|https://s3.eu-central-1.amazonaws.com/uvpictures-eu-central-1/368/SP/PL/PEUGEOT-5008-222694_3.JPG|https://s3.eu-central-1.amazonaws.com/uvpictures-eu-central-1/368/SP/PL/PEUGEOT-5008-222694_4.JPG,Peugeot,5008,2021,176037,KM,,Used,79000 PLN,PLN,CASH,79000 PLN,Total,Diesel,Manual,Spoticar Auto Centrum Golemo Kraków,Spoticar Auto Centrum Golemo KrakówSpoticar Auto Centrum Golemo Kraków,Gwarancja Spoticar Premium6 miesięcy
SPOT-70934,Peugeot 508 · 107900 PLN,Peugeot 508 · Cena: 107900 PLN · Gwarancja Spoticar Premium12 miesięcy · SPOTICAR RIA STALOWA WOLAStalowa Wola / Grebów · Sprawdź ofertę!,https://www.spoticar.pl/znajdz-uzywany-samochod/peugeot-508-sw-bluehdi-130-allure-ss-eat8-stalowa-wola-grebow-1200222698,https://s3.eu-central-1.amazonaws.com/uvpictures-eu-central-1/368/SP/PL/PEUGEOT-508-222698_1.JPG,https://s3.eu-central-1.amazonaws.com/uvpictures-eu-central-1/368/SP/PL/PEUGEOT-508-222698_2.JPG|https://s3.eu-central-1.amazonaws.com/uvpictures-eu-central-1/368/SP/PL/PEUGEOT-508-222698_3.JPG|https://s3.eu-central-1.amazonaws.com/uvpictures-eu-central-1/368/SP/PL/PEUGEOT-508-222698_4.JPG,Peugeot,508,2024,87273,KM,,Used,107900 PLN,PLN,CASH,107900 PLN,Total,Diesel,Automatic,SPOTICAR RIA STALOWA WOLAStalowa Wola / Grebów,SPOTICAR RIA STALOWA WOLA,Gwarancja Spoticar Premium12 miesięcy
SPOT-70913,Citroën C5 Aircross · 85900 PLN,Citroën C5 Aircross · Cena: 85900 PLN · Gwarancja Spoticar Premium12 miesięcy · SPOTICAR STELLANTIS & YOU WARSZAWA AL. KRAKOWSKA · Sprawdź ofertę!,https://www.spoticar.pl/znajdz-uzywany-samochod/citroen-c5-aircross-12-puretech-shine-eat8-warszawa-1200222668,https://s3.eu-central-1.amazonaws.com/uvpictures-eu-central-1/368/SP/PL/CITROEN-C5-AIRCROSS-222668_1.JPG,https://s3.eu-central-1.amazonaws.com/uvpictures-eu-central-1/368/SP/PL/CITROEN-C5-AIRCROSS-222668_2.JPG|https://s3.eu-central-1.amazonaws.com/uvpictures-eu-central-1/368/SP/PL/CITROEN-C5-AIRCROSS-222668_3.JPG|https://s3.eu-central-1.amazonaws.com/uvpictures-eu-central-1/368/SP/PL/CITROEN-C5-AIRCROSS-222668_4.JPG,Citroën,C5 Aircross,2023,53400,KM,,Used,85900 PLN,PLN,CASH,85900 PLN,Total,Gasoline,Automatic,SPOTICAR STELLANTIS & YOU WARSZAWA AL. KRAKOWSKA,SPOTICAR STELLANTIS & YOU WARSZAWA AL. KRAKOWSKASPOTICAR STELLANTIS & YOU WARSZAWA AL. KRAKOWSKA,Gwarancja Spoticar Premium12 miesięcy
SPOT-66557,Citroën C4 Picasso · 29900 PLN,Citroën C4 Picasso · Cena: 29900 PLN · Gwarancja Spoticar Premium6 miesięcy · Spoticar Auto Centrum Golemo Kraków · Sprawdź ofertę!,https://www.spoticar.pl/znajdz-uzywany-samochod/citroen-c4-picasso-12-puretech-live-ss-krakow-1200218427,https://s3.eu-central-1.amazonaws.com/uvpictures-eu-central-1/368/SP/PL/CITROEN-C4-PICASSO-218427_1.JPG,https://s3.eu-central-1.amazonaws.com/uvpictures-eu-central-1/368/SP/PL/CITROEN-C4-PICASSO-218427_2.JPG|https://s3.eu-central-1.amazonaws.com/uvpictures-eu-central-1/368/SP/PL/CITROEN-C4-PICASSO-218427_3.JPG|https://s3.eu-central-1.amazonaws.com/uvpictures-eu-central-1/368/SP/PL/CITROEN-C4-PICASSO-218427_4.JPG,Citroën,C4 Picasso,2017,148496,KM,,Used,29900 PLN,PLN,CASH,29900 PLN,Total,Gasoline,Manual,Spoticar Auto Centrum Golemo Kraków,Spoticar Auto Centrum Golemo KrakówSpoticar Auto Centrum Golemo Kraków,Gwarancja Spoticar Premium6 miesięcy
SPOT-70202,Peugeot 3008 · 79990 PLN,Peugeot 3008 · Cena: 79990 PLN · Gwarancja Spoticar Premium6 miesięcy · SPOTICAR DEJON I DĄBROWSKI LEGNICA · Sprawdź ofertę!,https://www.spoticar.pl/znajdz-uzywany-samochod/peugeot-3008-15-bluehdi-allure-pack-ss-legnica-1200221974,https://s3.eu-central-1.amazonaws.com/uvpictures-eu-central-1/368/SP/PL/PEUGEOT-3008-221974_1.JPG,https://s3.eu-central-1.amazonaws.com/uvpictures-eu-central-1/368/SP/PL/PEUGEOT-3008-221974_2.JPG|https://s3.eu-central-1.amazonaws.com/uvpictures-eu-central-1/368/SP/PL/PEUGEOT-3008-221974_3.JPG|https://s3.eu-central-1.amazonaws.com/uvpictures-eu-central-1/368/SP/PL/PEUGEOT-3008-221974_4.JPG,Peugeot,3008,2022,130456,KM,,Used,79990 PLN,PLN,CASH,79990 PLN,Total,Diesel,Automatic,SPOTICAR DEJON I DĄBROWSKI LEGNICA,SPOTICAR DEJON I DĄBROWSKI LEGNICASPOTICAR DEJON I DĄBROWSKI LEGNICA,Gwarancja Spoticar Premium6 miesięcy
SPOT-69967,Peugeot 3008 · 64900 PLN,Peugeot 3008 · Cena: 64900 PLN · Gwarancja Spoticar Premium6 miesięcy · Spoticar Auto Centrum Golemo Kraków · Sprawdź ofertę!,https://www.spoticar.pl/znajdz-uzywany-samochod/peugeot-krakow-1200221729,https://s3.eu-central-1.amazonaws.com/uvpictures-eu-central-1/368/SP/PL/PEUGEOT-3008-221729_1.JPG,https://s3.eu-central-1.amazonaws.com/uvpictures-eu-central-1/368/SP/PL/PEUGEOT-3008-221729_2.JPG|https://s3.eu-central-1.amazonaws.com/uvpictures-eu-central-1/368/SP/PL/PEUGEOT-3008-221729_3.JPG|https://s3.eu-central-1.amazonaws.com/uvpictures-eu-central-1/368/SP/PL/PEUGEOT-3008-221729_4.JPG,Peugeot,3008,2019,49319,KM,,Used,64900 PLN,PLN,CASH,64900 PLN,Total,Gasoline,Manual,Spoticar Auto Centrum Golemo Kraków,Spoticar Auto Centrum Golemo KrakówSpoticar Auto Centrum Golemo Kraków,Gwarancja Spoticar Premium6 miesięcy
SPOT-70051,Citroën C4 X · 73900 PLN,Citroën C4 X · Cena: 73900 PLN · Gwarancja Spoticar Premium12 miesięcy · Spoticar Fix Forum RzeszówKRASNE · Sprawdź ofertę!,https://www.spoticar.pl/znajdz-uzywany-samochod/citroen-c4-x-c4-x-12-puretech-shine-ss-eat8-krasne-1200221808,https://s3.eu-central-1.amazonaws.com/uvpictures-eu-central-1/368/SP/PL/CITROEN-C4-X-221808_1.JPG,https://s3.eu-central-1.amazonaws.com/uvpictures-eu-central-1/368/SP/PL/CITROEN-C4-X-221808_2.JPG|https://s3.eu-central-1.amazonaws.com/uvpictures-eu-central-1/368/SP/PL/CITROEN-C4-X-221808_3.JPG|https://s3.eu-central-1.amazonaws.com/uvpictures-eu-central-1/368/SP/PL/CITROEN-C4-X-221808_4.JPG,Citroën,C4 X,2023,74288,KM,,Used,73900 PLN,PLN,CASH,73900 PLN,Total,Gasoline,Automatic,Spoticar Fix Forum RzeszówKRASNE,Spoticar Fix Forum Rzeszów,Gwarancja Spoticar Premium12 miesięcy
SPOT-69937,Ford Kuga · 68900 PLN,Ford Kuga · Cena: 68900 PLN · Gwarancja Spoticar Premium6 miesięcy · Spoticar Fix Forum RzeszówKRASNE · Sprawdź ofertę!,https://www.spoticar.pl/znajdz-uzywany-samochod/ford-kuga-20-tdci-awd-edition-aut-krasne-1200221717,https://s3.eu-central-1.amazonaws.com/uvpictures-eu-central-1/368/SP/PL/FORD-KUGA-221717_1.JPG,https://s3.eu-central-1.amazonaws.com/uvpictures-eu-central-1/368/SP/PL/FORD-KUGA-221717_2.JPG|https://s3.eu-central-1.amazonaws.com/uvpictures-eu-central-1/368/SP/PL/FORD-KUGA-221717_3.JPG|https://s3.eu-central-1.amazonaws.com/uvpictures-eu-central-1/368/SP/PL/FORD-KUGA-221717_4.JPG,Ford,Kuga,2019,126971,KM,,Used,68900 PLN,PLN,CASH,68900 PLN,Total,Diesel,Automatic,Spoticar Fix Forum RzeszówKRASNE,Spoticar Fix Forum Rzeszów,Gwarancja Spoticar Premium6 miesięcy
SPOT-70131,Citroën C3 · 46900 PLN,Citroën C3 · Cena: 46900 PLN · Gwarancja Spoticar Premium12 miesięcy · SPOTICAR STELLANTIS & YOU WARSZAWA AL. KRAKOWSKA · Sprawdź ofertę!,https://www.spoticar.pl/znajdz-uzywany-samochod/citroen-c3-12-puretech-max-warszawa-1200221892,https://s3.eu-central-1.amazonaws.com/uvpictures-eu-central-1/368/SP/PL/CITROEN-C3-221892_1.JPG,https://s3.eu-central-1.amazonaws.com/uvpictures-eu-central-1/368/SP/PL/CITROEN-C3-221892_2.JPG|https://s3.eu-central-1.amazonaws.com/uvpictures-eu-central-1/368/SP/PL/CITROEN-C3-221892_3.JPG|https://s3.eu-central-1.amazonaws.com/uvpictures-eu-central-1/368/SP/PL/CITROEN-C3-221892_4.JPG,Citroën,C3,2024,60300,KM,,Used,46900 PLN,PLN,CASH,46900 PLN,Total,Gasoline,Manual,SPOTICAR STELLANTIS & YOU WARSZAWA AL. KRAKOWSKA,SPOTICAR STELLANTIS & YOU WARSZAWA AL. KRAKOWSKASPOTICAR STELLANTIS & YOU WARSZAWA AL. KRAKOWSKA,Gwarancja Spoticar Premium12 miesięcy
SPOT-70245,Peugeot 2008 · 96900 PLN,Peugeot 2008 · Cena: 96900 PLN · Gwarancja Spoticar Premium12 miesięcy · SPOTICAR RIA STALOWA WOLAStalowa Wola / Grebów · Sprawdź ofertę!,https://www.spoticar.pl/znajdz-uzywany-samochod/peugeot-2008-puretech-mhev-gt-e-dcs6-stalowa-wola-grebow-1200222010,https://s3.eu-central-1.amazonaws.com/uvpictures-eu-central-1/368/SP/PL/PEUGEOT-2008-222010_1.JPG,https://s3.eu-central-1.amazonaws.com/uvpictures-eu-central-1/368/SP/PL/PEUGEOT-2008-222010_2.JPG|https://s3.eu-central-1.amazonaws.com/uvpictures-eu-central-1/368/SP/PL/PEUGEOT-2008-222010_3.JPG|https://s3.eu-central-1.amazonaws.com/uvpictures-eu-central-1/368/SP/PL/PEUGEOT-2008-222010_4.JPG,Peugeot,2008,2025,25792,KM,,Used,96900 PLN,PLN,CASH,96900 PLN,Total,Hybrid,Automatic,SPOTICAR RIA STALOWA WOLAStalowa Wola / Grebów,SPOTICAR RIA STALOWA WOLA,Gwarancja Spoticar Premium12 miesięcy
SPOT-70402,Peugeot 5008 · 109900 PLN,Peugeot 5008 · Cena: 109900 PLN · Gwarancja Spoticar Premium12 miesięcy · SPOTICAR STELLANTIS & YOU WARSZAWA PUŁAWSKA · Sprawdź ofertę!,https://www.spoticar.pl/znajdz-uzywany-samochod/peugeot-5008-15-bluehdi-allure-pack-ss-eat8-warszawa-1200222148,https://s3.eu-central-1.amazonaws.com/uvpictures-eu-central-1/368/SP/PL/PEUGEOT-5008-222148_1.JPG,https://s3.eu-central-1.amazonaws.com/uvpictures-eu-central-1/368/SP/PL/PEUGEOT-5008-222148_2.JPG|https://s3.eu-central-1.amazonaws.com/uvpictures-eu-central-1/368/SP/PL/PEUGEOT-5008-222148_3.JPG|https://s3.eu-central-1.amazonaws.com/uvpictures-eu-central-1/368/SP/PL/PEUGEOT-5008-222148_4.JPG,Peugeot,5008,2024,61015,KM,,Used,109900 PLN,PLN,CASH,109900 PLN,Total,Diesel,Automatic,SPOTICAR STELLANTIS & YOU WARSZAWA PUŁAWSKA,SPOTICAR STELLANTIS & YOU WARSZAWA PUŁAWSKASPOTICAR STELLANTIS & YOU WARSZAWA PUŁAWSKA,Gwarancja Spoticar Premium12 miesięcy
SPOT-70406,Jeep Avenger · 99900 PLN,Jeep Avenger · Cena: 99900 PLN · Gwarancja Spoticar Premium12 miesięcy · SPOTICAR RIA GRUDZIĄDZGRUDZIADZ · Sprawdź ofertę!,https://www.spoticar.pl/znajdz-uzywany-samochod/jeep-avenger-12-t3-mhev-summit-fwd-edct6-grudziadz-1200222144,https://s3.eu-central-1.amazonaws.com/uvpictures-eu-central-1/368/SP/PL/JEEP-AVENGER-222144_1.JPG,https://s3.eu-central-1.amazonaws.com/uvpictures-eu-central-1/368/SP/PL/JEEP-AVENGER-222144_2.JPG|https://s3.eu-central-1.amazonaws.com/uvpictures-eu-central-1/368/SP/PL/JEEP-AVENGER-222144_3.JPG|https://s3.eu-central-1.amazonaws.com/uvpictures-eu-central-1/368/SP/PL/JEEP-AVENGER-222144_4.JPG,Jeep,Avenger,2025,18818,KM,,Used,99900 PLN,PLN,CASH,99900 PLN,Total,Hybrid,Automatic,SPOTICAR RIA GRUDZIĄDZGRUDZIADZ,SPOTICAR RIA GRUDZIĄDZ,Gwarancja Spoticar Premium12 miesięcy
SPOT-65896,Hyundai Tucson · 104990 PLN,Hyundai Tucson · Cena: 104990 PLN · Gwarancja Spoticar Premium12 miesięcy · Spoticar GEZET SzczecinSzczecin · Sprawdź ofertę!,https://www.spoticar.pl/znajdz-uzywany-samochod/hyundai-tucson-16-t-gdi-48v-smart-2wd-dct-szczecin-400217763,https://s3.eu-central-1.amazonaws.com/uvpictures-eu-central-1/368/SP/PL/HYUNDAI-TUCSON-217763_1.JPG,https://s3.eu-central-1.amazonaws.com/uvpictures-eu-central-1/368/SP/PL/HYUNDAI-TUCSON-217763_2.JPG|https://s3.eu-central-1.amazonaws.com/uvpictures-eu-central-1/368/SP/PL/HYUNDAI-TUCSON-217763_3.JPG|https://s3.eu-central-1.amazonaws.com/uvpictures-eu-central-1/368/SP/PL/HYUNDAI-TUCSON-217763_4.JPG,Hyundai,Tucson,2022,45531,KM,,Used,104990 PLN,PLN,CASH,104990 PLN,Total,Gasoline,Automatic,Spoticar GEZET SzczecinSzczecin,Spoticar GEZET Szczecin,Gwarancja Spoticar Premium12 miesięcy
SPOT-69730,Jeep Renegade · 87900 PLN,Jeep Renegade · Cena: 87900 PLN · Gwarancja Spoticar Premium6 miesięcy · SPOTICAR RIA GRUDZIĄDZGRUDZIADZ · Sprawdź ofertę!,https://www.spoticar.pl/znajdz-uzywany-samochod/jeep-renegade-15-t4-mhev-limited-fwd-ss-dct-grudziadz-1200221499,https://s3.eu-central-1.amazonaws.com/uvpictures-eu-central-1/368/SP/PL/JEEP-RENEGADE-221499_1.JPG,https://s3.eu-central-1.amazonaws.com/uvpictures-eu-central-1/368/SP/PL/JEEP-RENEGADE-221499_2.JPG|https://s3.eu-central-1.amazonaws.com/uvpictures-eu-central-1/368/SP/PL/JEEP-RENEGADE-221499_3.JPG|https://s3.eu-central-1.amazonaws.com/uvpictures-eu-central-1/368/SP/PL/JEEP-RENEGADE-221499_4.JPG,Jeep,Renegade,2023,39749,KM,,Used,87900 PLN,PLN,CASH,87900 PLN,Total,Hybrid,Automatic,SPOTICAR RIA GRUDZIĄDZGRUDZIADZ,SPOTICAR RIA GRUDZIĄDZ,Gwarancja Spoticar Premium6 miesięcy
SPOT-69740,Peugeot Expert · 112900 PLN,Peugeot Expert · Cena: 112900 PLN · Gwarancja Spoticar Premium12 miesięcy · SPOTICAR RIA GRUDZIĄDZGRUDZIADZ · Sprawdź ofertę!,https://www.spoticar.pl/znajdz-uzywany-samochod/peugeot-expert-20-bluehdi-standard-28t-eat8-grudziadz-1200221496,https://s3.eu-central-1.amazonaws.com/uvpictures-eu-central-1/368/SP/PL/PEUGEOT-EXPERT-221496_1.JPG,https://s3.eu-central-1.amazonaws.com/uvpictures-eu-central-1/368/SP/PL/PEUGEOT-EXPERT-221496_2.JPG|https://s3.eu-central-1.amazonaws.com/uvpictures-eu-central-1/368/SP/PL/PEUGEOT-EXPERT-221496_3.JPG|https://s3.eu-central-1.amazonaws.com/uvpictures-eu-central-1/368/SP/PL/PEUGEOT-EXPERT-221496_4.JPG,Peugeot,Expert,2024,13209,KM,,Used,112900 PLN,PLN,CASH,112900 PLN,Total,Diesel,Automatic,SPOTICAR RIA GRUDZIĄDZGRUDZIADZ,SPOTICAR RIA GRUDZIĄDZ,Gwarancja Spoticar Premium12 miesięcy
SPOT-69659,Peugeot 308 · 65900 PLN,Peugeot 308 · Cena: 65900 PLN · Gwarancja Spoticar Premium6 miesięcy · SPOTICAR PRASEK RADOMRadom · Sprawdź ofertę!,https://www.spoticar.pl/znajdz-uzywany-samochod/peugeot-308-15-bluehdi-allure-pack-ss-radom-1200221419,https://s3.eu-central-1.amazonaws.com/uvpictures-eu-central-1/368/SP/PL/PEUGEOT-308-221419_1.JPG,https://s3.eu-central-1.amazonaws.com/uvpictures-eu-central-1/368/SP/PL/PEUGEOT-308-221419_2.JPG|https://s3.eu-central-1.amazonaws.com/uvpictures-eu-central-1/368/SP/PL/PEUGEOT-308-221419_3.JPG|https://s3.eu-central-1.amazonaws.com/uvpictures-eu-central-1/368/SP/PL/PEUGEOT-308-221419_4.JPG,Peugeot,308,2022,142015,KM,,Used,65900 PLN,PLN,CASH,65900 PLN,Total,Diesel,Manual,SPOTICAR PRASEK RADOMRadom,SPOTICAR PRASEK RADOM,Gwarancja Spoticar Premium6 miesięcy
SPOT-65876,Opel Movano · 134058 PLN,Opel Movano · Cena: 134058 PLN · Gwarancja Spoticar Premium12 miesięcy · Spoticar GEZET SzczecinSzczecin · Sprawdź ofertę!,https://www.spoticar.pl/znajdz-uzywany-samochod/opel-movano-cdti-l3h2-szczecin-400217800,https://s3.eu-central-1.amazonaws.com/uvpictures-eu-central-1/368/SP/PL/OPEL-MOVANO-217800_1.JPG,https://s3.eu-central-1.amazonaws.com/uvpictures-eu-central-1/368/SP/PL/OPEL-MOVANO-217800_2.JPG|https://s3.eu-central-1.amazonaws.com/uvpictures-eu-central-1/368/SP/PL/OPEL-MOVANO-217800_3.JPG|https://s3.eu-central-1.amazonaws.com/uvpictures-eu-central-1/368/SP/PL/OPEL-MOVANO-217800_4.JPG,Opel,Movano,2025,5,KM,,Used,134058 PLN,PLN,CASH,134058 PLN,Total,Diesel,Manual,Spoticar GEZET SzczecinSzczecin,Spoticar GEZET Szczecin,Gwarancja Spoticar Premium12 miesięcy
SPOT-65872,Opel Mokka · 101990 PLN,Opel Mokka · Cena: 101990 PLN · Gwarancja Spoticar Premium12 miesięcy · Spoticar GEZET SzczecinSzczecin · Sprawdź ofertę!,https://www.spoticar.pl/znajdz-uzywany-samochod/opel-mokka-12-t-edition-ss-aut-szczecin-400217786,https://s3.eu-central-1.amazonaws.com/uvpictures-eu-central-1/368/SP/PL/OPEL-MOKKA-217786_1.JPG,https://s3.eu-central-1.amazonaws.com/uvpictures-eu-central-1/368/SP/PL/OPEL-MOKKA-217786_2.JPG|https://s3.eu-central-1.amazonaws.com/uvpictures-eu-central-1/368/SP/PL/OPEL-MOKKA-217786_3.JPG|https://s3.eu-central-1.amazonaws.com/uvpictures-eu-central-1/368/SP/PL/OPEL-MOKKA-217786_4.JPG,Opel,Mokka,2024,16396,KM,,Used,101990 PLN,PLN,CASH,101990 PLN,Total,Gasoline,Automatic,Spoticar GEZET SzczecinSzczecin,Spoticar GEZET Szczecin,Gwarancja Spoticar Premium12 miesięcy
SPOT-64317,Opel Mokka · 81990 PLN,Opel Mokka · Cena: 81990 PLN · Gwarancja Spoticar Premium12 miesięcy · Spoticar GEZET SzczecinSzczecin · Sprawdź ofertę!,https://www.spoticar.pl/znajdz-uzywany-samochod/opel-mokka-12-t-edition-ss-szczecin-400216248,https://s3.eu-central-1.amazonaws.com/uvpictures-eu-central-1/368/SP/PL/OPEL-MOKKA-216248_1.JPG,https://s3.eu-central-1.amazonaws.com/uvpictures-eu-central-1/368/SP/PL/OPEL-MOKKA-216248_2.JPG|https://s3.eu-central-1.amazonaws.com/uvpictures-eu-central-1/368/SP/PL/OPEL-MOKKA-216248_3.JPG|https://s3.eu-central-1.amazonaws.com/uvpictures-eu-central-1/368/SP/PL/OPEL-MOKKA-216248_4.JPG,Opel,Mokka,2022,24762,KM,,Used,81990 PLN,PLN,CASH,81990 PLN,Total,Gasoline,Manual,Spoticar GEZET SzczecinSzczecin,Spoticar GEZET Szczecin,Gwarancja Spoticar Premium12 miesięcy
SPOT-68403,Peugeot 5008 · 114900 PLN,Peugeot 5008 · Cena: 114900 PLN · Gwarancja Spoticar Premium12 miesięcy · SPOTICAR STELLANTIS & YOU WARSZAWA PUŁAWSKA · Sprawdź ofertę!,https://www.spoticar.pl/znajdz-uzywany-samochod/peugeot-5008-15-bluehdi-gt-ss-eat8-warszawa-1200220197,https://s3.eu-central-1.amazonaws.com/uvpictures-eu-central-1/368/SP/PL/PEUGEOT-5008-220197_1.JPG,https://s3.eu-central-1.amazonaws.com/uvpictures-eu-central-1/368/SP/PL/PEUGEOT-5008-220197_2.JPG|https://s3.eu-central-1.amazonaws.com/uvpictures-eu-central-1/368/SP/PL/PEUGEOT-5008-220197_3.JPG|https://s3.eu-central-1.amazonaws.com/uvpictures-eu-central-1/368/SP/PL/PEUGEOT-5008-220197_4.JPG,Peugeot,5008,2024,52513,KM,,Used,114900 PLN,PLN,CASH,114900 PLN,Total,Diesel,Automatic,SPOTICAR STELLANTIS & YOU WARSZAWA PUŁAWSKA,SPOTICAR STELLANTIS & YOU WARSZAWA PUŁAWSKASPOTICAR STELLANTIS & YOU WARSZAWA PUŁAWSKA,Gwarancja Spoticar Premium12 miesięcy
SPOT-69458,Peugeot 2008 · 82900 PLN,Peugeot 2008 · Cena: 82900 PLN · Gwarancja Spoticar Premium12 miesięcy · SPOTICAR STELLANTIS & YOU WARSZAWA PUŁAWSKA · Sprawdź ofertę!,https://www.spoticar.pl/znajdz-uzywany-samochod/peugeot-2008-12-puretech-gt-ss-eat8-warszawa-1200221243,https://s3.eu-central-1.amazonaws.com/uvpictures-eu-central-1/368/SP/PL/PEUGEOT-2008-221243_1.JPG,https://s3.eu-central-1.amazonaws.com/uvpictures-eu-central-1/368/SP/PL/PEUGEOT-2008-221243_2.JPG|https://s3.eu-central-1.amazonaws.com/uvpictures-eu-central-1/368/SP/PL/PEUGEOT-2008-221243_3.JPG|https://s3.eu-central-1.amazonaws.com/uvpictures-eu-central-1/368/SP/PL/PEUGEOT-2008-221243_4.JPG,Peugeot,2008,2024,24157,KM,,Used,82900 PLN,PLN,CASH,82900 PLN,Total,Gasoline,Automatic,SPOTICAR STELLANTIS & YOU WARSZAWA PUŁAWSKA,SPOTICAR STELLANTIS & YOU WARSZAWA PUŁAWSKASPOTICAR STELLANTIS & YOU WARSZAWA PUŁAWSKA,Gwarancja Spoticar Premium12 miesięcy
SPOT-64841,Peugeot 3008 · 69900 PLN,Peugeot 3008 · Cena: 69900 PLN · Gwarancja Spoticar Premium12 miesięcy · Spoticar Auto Centrum Golemo Kraków · Sprawdź ofertę!,https://www.spoticar.pl/znajdz-uzywany-samochod/peugeot-3008-12-puretech-allure-pack-ss-eat8-krakow-1200216771,https://s3.eu-central-1.amazonaws.com/uvpictures-eu-central-1/368/SP/PL/PEUGEOT-3008-216771_1.JPG,https://s3.eu-central-1.amazonaws.com/uvpictures-eu-central-1/368/SP/PL/PEUGEOT-3008-216771_2.JPG|https://s3.eu-central-1.amazonaws.com/uvpictures-eu-central-1/368/SP/PL/PEUGEOT-3008-216771_3.JPG|https://s3.eu-central-1.amazonaws.com/uvpictures-eu-central-1/368/SP/PL/PEUGEOT-3008-216771_4.JPG,Peugeot,3008,2022,95747,KM,,Used,69900 PLN,PLN,CASH,69900 PLN,Total,Gasoline,Automatic,Spoticar Auto Centrum Golemo Kraków,Spoticar Auto Centrum Golemo KrakówSpoticar Auto Centrum Golemo Kraków,Gwarancja Spoticar Premium12 miesięcy
SPOT-70023,Opel Mokka · 75900 PLN,Opel Mokka · Cena: 75900 PLN · Gwarancja Spoticar Premium12 miesięcy · SPOTICAR STELLANTIS & YOU WARSZAWA PUŁAWSKA · Sprawdź ofertę!,https://www.spoticar.pl/znajdz-uzywany-samochod/opel-mokka-12-t-gs-ss-aut-warszawa-1200221759,https://s3.eu-central-1.amazonaws.com/uvpictures-eu-central-1/368/SP/PL/OPEL-MOKKA-221759_1.JPG,https://s3.eu-central-1.amazonaws.com/uvpictures-eu-central-1/368/SP/PL/OPEL-MOKKA-221759_2.JPG|https://s3.eu-central-1.amazonaws.com/uvpictures-eu-central-1/368/SP/PL/OPEL-MOKKA-221759_3.JPG|https://s3.eu-central-1.amazonaws.com/uvpictures-eu-central-1/368/SP/PL/OPEL-MOKKA-221759_4.JPG,Opel,Mokka,2024,40972,KM,,Used,75900 PLN,PLN,CASH,75900 PLN,Total,Gasoline,Automatic,SPOTICAR STELLANTIS & YOU WARSZAWA PUŁAWSKA,SPOTICAR STELLANTIS & YOU WARSZAWA PUŁAWSKASPOTICAR STELLANTIS & YOU WARSZAWA PUŁAWSKA,Gwarancja Spoticar Premium12 miesięcy
SPOT-69887,BMW Serie 4 · 189900 PLN,BMW Serie 4 · Cena: 189900 PLN · Gwarancja Spoticar Premium12 miesięcy · Spoticar Marimex Kraków-LibertówKraków-Libertów · Sprawdź ofertę!,https://www.spoticar.pl/znajdz-uzywany-samochod/bmw-serie-4-30i-m-sport-sport-aut-krakow-libertow-1200221657,https://s3.eu-central-1.amazonaws.com/uvpictures-eu-central-1/368/SP/PL/BMW-SERIE-4-221657_1.JPG,https://s3.eu-central-1.amazonaws.com/uvpictures-eu-central-1/368/SP/PL/BMW-SERIE-4-221657_2.JPG|https://s3.eu-central-1.amazonaws.com/uvpictures-eu-central-1/368/SP/PL/BMW-SERIE-4-221657_3.JPG|https://s3.eu-central-1.amazonaws.com/uvpictures-eu-central-1/368/SP/PL/BMW-SERIE-4-221657_4.JPG,BMW,Serie 4,2023,24849,KM,,Used,189900 PLN,PLN,CASH,189900 PLN,Total,Gasoline,Automatic,Spoticar Marimex Kraków-LibertówKraków-Libertów,Spoticar Marimex Kraków-Libertów,Gwarancja Spoticar Premium12 miesięcy
SPOT-69608,Opel Insignia · 56900 PLN,Opel Insignia · Cena: 56900 PLN · Gwarancja Spoticar Premium6 miesięcy · Spoticar MOTOR CENTRUM GdańskGdańsk · Sprawdź ofertę!,https://www.spoticar.pl/znajdz-uzywany-samochod/opel-insignia-15-t-elite-ss-aut-gdansk-1200221368,https://s3.eu-central-1.amazonaws.com/uvpictures-eu-central-1/368/SP/PL/OPEL-INSIGNIA-221368_1.JPG,https://s3.eu-central-1.amazonaws.com/uvpictures-eu-central-1/368/SP/PL/OPEL-INSIGNIA-221368_2.JPG|https://s3.eu-central-1.amazonaws.com/uvpictures-eu-central-1/368/SP/PL/OPEL-INSIGNIA-221368_3.JPG|https://s3.eu-central-1.amazonaws.com/uvpictures-eu-central-1/368/SP/PL/OPEL-INSIGNIA-221368_4.JPG,Opel,Insignia,2017,114564,KM,,Used,56900 PLN,PLN,CASH,56900 PLN,Total,Gasoline,Automatic,Spoticar MOTOR CENTRUM GdańskGdańsk,Spoticar MOTOR CENTRUM Gdańsk,Gwarancja Spoticar Premium6 miesięcy
SPOT-69067,Citroën C4 Cactus · 39900 PLN,Citroën C4 Cactus · Cena: 39900 PLN · Gwarancja Spoticar Premium6 miesięcy · Spoticar Auto Centrum Golemo Kraków · Sprawdź ofertę!,https://www.spoticar.pl/znajdz-uzywany-samochod/citroen-c4-cactus-12-puretech-gpf-feel-pack-krakow-1200220868,https://s3.eu-central-1.amazonaws.com/uvpictures-eu-central-1/368/SP/PL/CITROEN-C4-CACTUS-220868_1.JPG,https://s3.eu-central-1.amazonaws.com/uvpictures-eu-central-1/368/SP/PL/CITROEN-C4-CACTUS-220868_2.JPG|https://s3.eu-central-1.amazonaws.com/uvpictures-eu-central-1/368/SP/PL/CITROEN-C4-CACTUS-220868_3.JPG|https://s3.eu-central-1.amazonaws.com/uvpictures-eu-central-1/368/SP/PL/CITROEN-C4-CACTUS-220868_4.JPG,Citroën,C4 Cactus,2019,35589,KM,,Used,39900 PLN,PLN,CASH,39900 PLN,Total,Gasoline,Manual,Spoticar Auto Centrum Golemo Kraków,Spoticar Auto Centrum Golemo KrakówSpoticar Auto Centrum Golemo Kraków,Gwarancja Spoticar Premium6 miesięcy
SPOT-69067,Citroën C4 Cactus · 39900 PLN,Citroën C4 Cactus · Cena: 39900 PLN · Gwarancja Spoticar Premium6 miesięcy · Spoticar Auto Centrum Golemo Kraków · Sprawdź ofertę!,https://www.spoticar.pl/znajdz-uzywany-samochod/citroen-c4-cactus-12-puretech-gpf-feel-pack-krakow-1200220868,https://s3.eu-central-1.amazonaws.com/uvpictures-eu-central-1/368/SP/PL/CITROEN-C4-CACTUS-220868_1.JPG,https://s3.eu-central-1.amazonaws.com/uvpictures-eu-central-1/368/SP/PL/CITROEN-C4-CACTUS-220868_2.JPG|https://s3.eu-central-1.amazonaws.com/uvpictures-eu-central-1/368/SP/PL/CITROEN-C4-CACTUS-220868_3.JPG|https://s3.eu-central-1.amazonaws.com/uvpictures-eu-central-1/368/SP/PL/CITROEN-C4-CACTUS-220868_4.JPG,Citroën,C4 Cactus,2019,35589,KM,,Used,39900 PLN,PLN,CASH,39900 PLN,Total,Gasoline,Manual,Spoticar Auto Centrum Golemo Kraków,Spoticar Auto Centrum Golemo KrakówSpoticar Auto Centrum Golemo Kraków,Gwarancja Spoticar Premium6 miesięcy
SPOT-70516,Opel Corsa · 49900 PLN,Opel Corsa · Cena: 49900 PLN · Gwarancja Spoticar Premium6 miesięcy · Spoticar MOTOR CENTRUM GdańskGdańsk · Sprawdź ofertę!,https://www.spoticar.pl/znajdz-uzywany-samochod/opel-corsa-12-elegance-ss-gdansk-1200222277,https://s3.eu-central-1.amazonaws.com/uvpictures-eu-central-1/368/SP/PL/OPEL-CORSA-222277_1.JPG,https://s3.eu-central-1.amazonaws.com/uvpictures-eu-central-1/368/SP/PL/OPEL-CORSA-222277_2.JPG|https://s3.eu-central-1.amazonaws.com/uvpictures-eu-central-1/368/SP/PL/OPEL-CORSA-222277_3.JPG|https://s3.eu-central-1.amazonaws.com/uvpictures-eu-central-1/368/SP/PL/OPEL-CORSA-222277_4.JPG,Opel,Corsa,2021,30487,KM,,Used,49900 PLN,PLN,CASH,49900 PLN,Total,Gasoline,Manual,Spoticar MOTOR CENTRUM GdańskGdańsk,Spoticar MOTOR CENTRUM Gdańsk,Gwarancja Spoticar Premium6 miesięcy
SPOT-70193,Citroën C3 Aircross · 49900 PLN,Citroën C3 Aircross · Cena: 49900 PLN · Gwarancja Spoticar Premium6 miesięcy · SPOTICAR RIA STALOWA WOLAStalowa Wola / Grebów · Sprawdź ofertę!,https://www.spoticar.pl/znajdz-uzywany-samochod/citroen-c3-aircross-12-puretech-gpf-shine-ss-stalowa-wola-grebow-1200221948,https://s3.eu-central-1.amazonaws.com/uvpictures-eu-central-1/368/SP/PL/CITROEN-C3-AIRCROSS-221948_1.JPG,https://s3.eu-central-1.amazonaws.com/uvpictures-eu-central-1/368/SP/PL/CITROEN-C3-AIRCROSS-221948_2.JPG|https://s3.eu-central-1.amazonaws.com/uvpictures-eu-central-1/368/SP/PL/CITROEN-C3-AIRCROSS-221948_3.JPG|https://s3.eu-central-1.amazonaws.com/uvpictures-eu-central-1/368/SP/PL/CITROEN-C3-AIRCROSS-221948_4.JPG,Citroën,C3 Aircross,2021,60185,KM,,Used,49900 PLN,PLN,CASH,49900 PLN,Total,Gasoline,Manual,SPOTICAR RIA STALOWA WOLAStalowa Wola / Grebów,SPOTICAR RIA STALOWA WOLA,Gwarancja Spoticar Premium6 miesięcy
SPOT-67217,Citroën Berlingo · 47958 PLN,Citroën Berlingo · Cena: 47958 PLN · Gwarancja Spoticar Premium6 miesięcy · SPOTICAR DEJON I DĄBROWSKI LEGNICA · Sprawdź ofertę!,https://www.spoticar.pl/znajdz-uzywany-samochod/citroen-berlingo-15-bluehdi-m-club-legnica-1200219036,https://s3.eu-central-1.amazonaws.com/uvpictures-eu-central-1/368/SP/PL/CITROEN-BERLINGO-219036_1.JPG,https://s3.eu-central-1.amazonaws.com/uvpictures-eu-central-1/368/SP/PL/CITROEN-BERLINGO-219036_2.JPG|https://s3.eu-central-1.amazonaws.com/uvpictures-eu-central-1/368/SP/PL/CITROEN-BERLINGO-219036_3.JPG|https://s3.eu-central-1.amazonaws.com/uvpictures-eu-central-1/368/SP/PL/CITROEN-BERLINGO-219036_4.JPG,Citroën,Berlingo,2022,177518,KM,,Used,47958 PLN,PLN,CASH,47958 PLN,Total,Diesel,Manual,SPOTICAR DEJON I DĄBROWSKI LEGNICA,SPOTICAR DEJON I DĄBROWSKI LEGNICASPOTICAR DEJON I DĄBROWSKI LEGNICA,Gwarancja Spoticar Premium6 miesięcy
SPOT-71023,Opel Astra · 54990 PLN,Opel Astra · Cena: 54990 PLN · Gwarancja Spoticar Premium12 miesięcy · SPOTICAR DEJON I DĄBROWSKI LEGNICA · Sprawdź ofertę!,https://www.spoticar.pl/znajdz-uzywany-samochod/opel-astra-vi-12-t-business-edition-ss-legnica-1200222754,https://s3.eu-central-1.amazonaws.com/uvpictures-eu-central-1/368/SP/PL/OPEL-ASTRA-222754_1.JPG,https://s3.eu-central-1.amazonaws.com/uvpictures-eu-central-1/368/SP/PL/OPEL-ASTRA-222754_2.JPG|https://s3.eu-central-1.amazonaws.com/uvpictures-eu-central-1/368/SP/PL/OPEL-ASTRA-222754_3.JPG|https://s3.eu-central-1.amazonaws.com/uvpictures-eu-central-1/368/SP/PL/OPEL-ASTRA-222754_4.JPG,Opel,Astra,2024,58938,KM,,Used,54990 PLN,PLN,CASH,54990 PLN,Total,Gasoline,Manual,SPOTICAR DEJON I DĄBROWSKI LEGNICA,SPOTICAR DEJON I DĄBROWSKI LEGNICASPOTICAR DEJON I DĄBROWSKI LEGNICA,Gwarancja Spoticar Premium12 miesięcy
SPOT-71010,Peugeot 3008 · 55900 PLN,Peugeot 3008 · Cena: 55900 PLN · Gwarancja Spoticar Premium6 miesięcy · SPOTICAR RIA STALOWA WOLAStalowa Wola / Grebów · Sprawdź ofertę!,https://www.spoticar.pl/znajdz-uzywany-samochod/peugeot-3008-12-puretech-access-ss-stalowa-wola-grebow-1200222769,https://s3.eu-central-1.amazonaws.com/uvpictures-eu-central-1/368/SP/PL/PEUGEOT-3008-222769_1.JPG,https://s3.eu-central-1.amazonaws.com/uvpictures-eu-central-1/368/SP/PL/PEUGEOT-3008-222769_2.JPG|https://s3.eu-central-1.amazonaws.com/uvpictures-eu-central-1/368/SP/PL/PEUGEOT-3008-222769_3.JPG|https://s3.eu-central-1.amazonaws.com/uvpictures-eu-central-1/368/SP/PL/PEUGEOT-3008-222769_4.JPG,Peugeot,3008,2018,63287,KM,,Used,55900 PLN,PLN,CASH,55900 PLN,Total,Gasoline,Manual,SPOTICAR RIA STALOWA WOLAStalowa Wola / Grebów,SPOTICAR RIA STALOWA WOLA,Gwarancja Spoticar Premium6 miesięcy
SPOT-71291,Jeep Renegade · 48900 PLN,Jeep Renegade · Cena: 48900 PLN · Gwarancja Spoticar Premium6 miesięcy · SPOTICAR RIA GRUDZIĄDZGRUDZIADZ · Sprawdź ofertę!,https://www.spoticar.pl/znajdz-uzywany-samochod/jeep-renegade-10-gse-t3-turbo-longitude-fwd-ss-grudziadz-1200223019,https://s3.eu-central-1.amazonaws.com/uvpictures-eu-central-1/368/SP/PL/JEEP-RENEGADE-223019_1.JPG,https://s3.eu-central-1.amazonaws.com/uvpictures-eu-central-1/368/SP/PL/JEEP-RENEGADE-223019_2.JPG|https://s3.eu-central-1.amazonaws.com/uvpictures-eu-central-1/368/SP/PL/JEEP-RENEGADE-223019_3.JPG|https://s3.eu-central-1.amazonaws.com/uvpictures-eu-central-1/368/SP/PL/JEEP-RENEGADE-223019_4.JPG,Jeep,Renegade,2019,59375,KM,,Used,48900 PLN,PLN,CASH,48900 PLN,Total,Gasoline,Manual,SPOTICAR RIA GRUDZIĄDZGRUDZIADZ,SPOTICAR RIA GRUDZIĄDZ,Gwarancja Spoticar Premium6 miesięcy
SPOT-71238,Fiat 500 · 89900 PLN,Fiat 500 · Cena: 89900 PLN · Gwarancja Spoticar Premium12 miesięcy · SPOTICAR RIA STALOWA WOLAStalowa Wola / Grebów · Sprawdź ofertę!,https://www.spoticar.pl/znajdz-uzywany-samochod/fiat-500-e-500-31-42-kwh-la-prima-bocelli-stalowa-wola-grebow-1200222987,https://s3.eu-central-1.amazonaws.com/uvpictures-eu-central-1/368/SP/PL/FIAT-500-E-222987_1.JPG,https://s3.eu-central-1.amazonaws.com/uvpictures-eu-central-1/368/SP/PL/FIAT-500-E-222987_2.JPG|https://s3.eu-central-1.amazonaws.com/uvpictures-eu-central-1/368/SP/PL/FIAT-500-E-222987_3.JPG|https://s3.eu-central-1.amazonaws.com/uvpictures-eu-central-1/368/SP/PL/FIAT-500-E-222987_4.JPG,Fiat,500,2023,21545,KM,,Used,89900 PLN,PLN,CASH,89900 PLN,Total,Electric,Automatic,SPOTICAR RIA STALOWA WOLAStalowa Wola / Grebów,SPOTICAR RIA STALOWA WOLA,Gwarancja Spoticar Premium12 miesięcy
SPOT-71404,DS 7 Crossback · 154900 PLN,DS 7 Crossback · Cena: 154900 PLN · Gwarancja Spoticar Premium12 miesięcy · SPOTICAR STELLANTIS & YOU WARSZAWA AL. KRAKOWSKA · Sprawdź ofertę!,https://www.spoticar.pl/znajdz-uzywany-samochod/ds-ds-7-crossback-16-e-tense-4x4-opera-aut-warszawa-1200223136,https://s3.eu-central-1.amazonaws.com/uvpictures-eu-central-1/368/SP/PL/DS-DS-7-CROSSBACK-223136_1.JPG,https://s3.eu-central-1.amazonaws.com/uvpictures-eu-central-1/368/SP/PL/DS-DS-7-CROSSBACK-223136_2.JPG|https://s3.eu-central-1.amazonaws.com/uvpictures-eu-central-1/368/SP/PL/DS-DS-7-CROSSBACK-223136_3.JPG|https://s3.eu-central-1.amazonaws.com/uvpictures-eu-central-1/368/SP/PL/DS-DS-7-CROSSBACK-223136_4.JPG,DS,7 Crossback,2024,58470,KM,,Used,154900 PLN,PLN,CASH,154900 PLN,Total,Gasoline,Automatic,SPOTICAR STELLANTIS & YOU WARSZAWA AL. KRAKOWSKA,SPOTICAR STELLANTIS & YOU WARSZAWA AL. KRAKOWSKASPOTICAR STELLANTIS & YOU WARSZAWA AL. KRAKOWSKA,Gwarancja Spoticar Premium12 miesięcy
SPOT-71500,Peugeot 208 · 84900 PLN,Peugeot 208 · Cena: 84900 PLN · Gwarancja Spoticar Premium12 miesięcy · SPOTICAR SZTUKOWSKI OSTRÓW WLKP.Ostrów Wielkopolski · Sprawdź ofertę!,https://www.spoticar.pl/znajdz-uzywany-samochod/peugeot-208-12-mhev-gt-ostrow-wielkopolski-1200223183,https://s3.eu-central-1.amazonaws.com/uvpictures-eu-central-1/368/SP/PL/PEUGEOT-208-223183_1.JPG,https://s3.eu-central-1.amazonaws.com/uvpictures-eu-central-1/368/SP/PL/PEUGEOT-208-223183_2.JPG|https://s3.eu-central-1.amazonaws.com/uvpictures-eu-central-1/368/SP/PL/PEUGEOT-208-223183_3.JPG|https://s3.eu-central-1.amazonaws.com/uvpictures-eu-central-1/368/SP/PL/PEUGEOT-208-223183_4.JPG,Peugeot,208,2025,21050,KM,,Used,84900 PLN,PLN,CASH,84900 PLN,Total,Hybrid,Automatic,SPOTICAR SZTUKOWSKI OSTRÓW WLKP.Ostrów Wielkopolski,SPOTICAR SZTUKOWSKI OSTRÓW WLKP.,Gwarancja Spoticar Premium12 miesięcy
SPOT-71486,Peugeot 3008 · 129900 PLN,Peugeot 3008 · Cena: 129900 PLN · Gwarancja Spoticar Premium12 miesięcy · SPOTICAR STELLANTIS & YOU WARSZAWA AL. KRAKOWSKA · Sprawdź ofertę!,https://www.spoticar.pl/znajdz-uzywany-samochod/peugeot-3008-12-puretech-mhev-gt-e-dcs6-warszawa-1200223201,https://s3.eu-central-1.amazonaws.com/uvpictures-eu-central-1/368/SP/PL/PEUGEOT-3008-223201_1.JPG,https://s3.eu-central-1.amazonaws.com/uvpictures-eu-central-1/368/SP/PL/PEUGEOT-3008-223201_2.JPG|https://s3.eu-central-1.amazonaws.com/uvpictures-eu-central-1/368/SP/PL/PEUGEOT-3008-223201_3.JPG|https://s3.eu-central-1.amazonaws.com/uvpictures-eu-central-1/368/SP/PL/PEUGEOT-3008-223201_4.JPG,Peugeot,3008,2026,21112,KM,,Used,129900 PLN,PLN,CASH,129900 PLN,Total,Gasoline,Automatic,SPOTICAR STELLANTIS & YOU WARSZAWA AL. KRAKOWSKA,SPOTICAR STELLANTIS & YOU WARSZAWA AL. KRAKOWSKASPOTICAR STELLANTIS & YOU WARSZAWA AL. KRAKOWSKA,Gwarancja Spoticar Premium12 miesięcy
SPOT-71477,Fiat 500 · 61900 PLN,Fiat 500 · Cena: 61900 PLN · Gwarancja Spoticar Premium12 miesięcy · SPOTICAR RIA STALOWA WOLAStalowa Wola / Grebów · Sprawdź ofertę!,https://www.spoticar.pl/znajdz-uzywany-samochod/fiat-500-e-500-238kwh-stalowa-wola-grebow-1200223210,https://s3.eu-central-1.amazonaws.com/uvpictures-eu-central-1/368/SP/PL/FIAT-500-E-223210_1.JPG,https://s3.eu-central-1.amazonaws.com/uvpictures-eu-central-1/368/SP/PL/FIAT-500-E-223210_2.JPG|https://s3.eu-central-1.amazonaws.com/uvpictures-eu-central-1/368/SP/PL/FIAT-500-E-223210_3.JPG|https://s3.eu-central-1.amazonaws.com/uvpictures-eu-central-1/368/SP/PL/FIAT-500-E-223210_4.JPG,Fiat,500,2024,30092,KM,,Used,61900 PLN,PLN,CASH,61900 PLN,Total,Electric,Automatic,SPOTICAR RIA STALOWA WOLAStalowa Wola / Grebów,SPOTICAR RIA STALOWA WOLA,Gwarancja Spoticar Premium12 miesięcy
SPOT-71091,Fiat Ducato · 92127 PLN,Fiat Ducato · Cena: 92127 PLN · Gwarancja Spoticar Premium6 miesięcy · SPOTICAR SZTUKOWSKI OSTRÓW WLKP.Ostrów Wielkopolski · Sprawdź ofertę!,https://www.spoticar.pl/znajdz-uzywany-samochod/fiat-ducato-35-mj-l3-ostrow-wielkopolski-1200222843,https://s3.eu-central-1.amazonaws.com/uvpictures-eu-central-1/368/SP/PL/FIAT-DUCATO-222843_1.JPG,https://s3.eu-central-1.amazonaws.com/uvpictures-eu-central-1/368/SP/PL/FIAT-DUCATO-222843_2.JPG|https://s3.eu-central-1.amazonaws.com/uvpictures-eu-central-1/368/SP/PL/FIAT-DUCATO-222843_3.JPG|https://s3.eu-central-1.amazonaws.com/uvpictures-eu-central-1/368/SP/PL/FIAT-DUCATO-222843_4.JPG,Fiat,Ducato,2020,48893,KM,,Used,92127 PLN,PLN,CASH,92127 PLN,Total,Diesel,Manual,SPOTICAR SZTUKOWSKI OSTRÓW WLKP.Ostrów Wielkopolski,SPOTICAR SZTUKOWSKI OSTRÓW WLKP.,Gwarancja Spoticar Premium6 miesięcy
SPOT-71455,Peugeot 308 · 124990 PLN,Peugeot 308 · Cena: 124990 PLN · Gwarancja Spoticar Premium12 miesięcy · SPOTICAR DEJON I DĄBROWSKI LEGNICA · Sprawdź ofertę!,https://www.spoticar.pl/znajdz-uzywany-samochod/peugeot-308-12-mhev-allure-ss-e-dcs6-legnica-1200223232,https://s3.eu-central-1.amazonaws.com/uvpictures-eu-central-1/368/SP/PL/PEUGEOT-308-223232_1.JPG,https://s3.eu-central-1.amazonaws.com/uvpictures-eu-central-1/368/SP/PL/PEUGEOT-308-223232_2.JPG|https://s3.eu-central-1.amazonaws.com/uvpictures-eu-central-1/368/SP/PL/PEUGEOT-308-223232_3.JPG|https://s3.eu-central-1.amazonaws.com/uvpictures-eu-central-1/368/SP/PL/PEUGEOT-308-223232_4.JPG,Peugeot,308,2025,7749,KM,,Used,124990 PLN,PLN,CASH,124990 PLN,Total,Hybrid,Automatic,SPOTICAR DEJON I DĄBROWSKI LEGNICA,SPOTICAR DEJON I DĄBROWSKI LEGNICASPOTICAR DEJON I DĄBROWSKI LEGNICA,Gwarancja Spoticar Premium12 miesięcy
SPOT-71270,Jeep Compass · 114900 PLN,Jeep Compass · Cena: 114900 PLN · Gwarancja Spoticar Premium12 miesięcy · Spoticar MOTOR CENTRUM GdańskGdańsk · Sprawdź ofertę!,https://www.spoticar.pl/znajdz-uzywany-samochod/jeep-compass-13-t4-phev-4xe-s-ss-aut-gdansk-1200223006,https://s3.eu-central-1.amazonaws.com/uvpictures-eu-central-1/368/SP/PL/JEEP-COMPASS-223006_1.JPG,https://s3.eu-central-1.amazonaws.com/uvpictures-eu-central-1/368/SP/PL/JEEP-COMPASS-223006_2.JPG|https://s3.eu-central-1.amazonaws.com/uvpictures-eu-central-1/368/SP/PL/JEEP-COMPASS-223006_3.JPG|https://s3.eu-central-1.amazonaws.com/uvpictures-eu-central-1/368/SP/PL/JEEP-COMPASS-223006_4.JPG,Jeep,Compass,2023,19306,KM,,Used,114900 PLN,PLN,CASH,114900 PLN,Total,Gasoline,Automatic,Spoticar MOTOR CENTRUM GdańskGdańsk,Spoticar MOTOR CENTRUM Gdańsk,Gwarancja Spoticar Premium12 miesięcy
SPOT-71208,Opel Mokka · 37900 PLN,Opel Mokka · Cena: 37900 PLN · Gwarancja Spoticar Premium6 miesięcy · Spoticar MOTOR CENTRUM GdańskGdańsk · Sprawdź ofertę!,https://www.spoticar.pl/znajdz-uzywany-samochod/opel-mokka-14-t-cosmo-ss-4x4-eu6-gdansk-1200222933,https://s3.eu-central-1.amazonaws.com/uvpictures-eu-central-1/368/SP/PL/OPEL-MOKKA-222933_1.JPG,https://s3.eu-central-1.amazonaws.com/uvpictures-eu-central-1/368/SP/PL/OPEL-MOKKA-222933_2.JPG|https://s3.eu-central-1.amazonaws.com/uvpictures-eu-central-1/368/SP/PL/OPEL-MOKKA-222933_3.JPG|https://s3.eu-central-1.amazonaws.com/uvpictures-eu-central-1/368/SP/PL/OPEL-MOKKA-222933_4.JPG,Opel,Mokka,2016,160594,KM,,Used,37900 PLN,PLN,CASH,37900 PLN,Total,Gasoline,Manual,Spoticar MOTOR CENTRUM GdańskGdańsk,Spoticar MOTOR CENTRUM Gdańsk,Gwarancja Spoticar Premium6 miesięcy
SPOT-70692,Citroën C5 Aircross · 89900 PLN,Citroën C5 Aircross · Cena: 89900 PLN · Gwarancja Spoticar Premium12 miesięcy · SPOTICAR STELLANTIS & YOU WARSZAWA RADZYMIŃSKA · Sprawdź ofertę!,https://www.spoticar.pl/znajdz-uzywany-samochod/citroen-c5-aircross-15-bluehdi-max-eat8-warszawa-1200222441,https://s3.eu-central-1.amazonaws.com/uvpictures-eu-central-1/368/SP/PL/CITROEN-C5-AIRCROSS-222441_1.JPG,https://s3.eu-central-1.amazonaws.com/uvpictures-eu-central-1/368/SP/PL/CITROEN-C5-AIRCROSS-222441_2.JPG|https://s3.eu-central-1.amazonaws.com/uvpictures-eu-central-1/368/SP/PL/CITROEN-C5-AIRCROSS-222441_3.JPG|https://s3.eu-central-1.amazonaws.com/uvpictures-eu-central-1/368/SP/PL/CITROEN-C5-AIRCROSS-222441_4.JPG,Citroën,C5 Aircross,2024,30290,KM,,Used,89900 PLN,PLN,CASH,89900 PLN,Total,Diesel,Automatic,SPOTICAR STELLANTIS & YOU WARSZAWA RADZYMIŃSKA,SPOTICAR STELLANTIS & YOU WARSZAWA RADZYMIŃSKASPOTICAR STELLANTIS & YOU WARSZAWA RADZYMIŃSKA,Gwarancja Spoticar Premium12 miesięcy
SPOT-70706,Peugeot 308 · 24900 PLN,Peugeot 308 · Cena: 24900 PLN · Gwarancja Spoticar Premium6 miesięcy · Spoticar Auto Centrum Golemo Kraków · Sprawdź ofertę!,https://www.spoticar.pl/znajdz-uzywany-samochod/peugeot-308-sw-12-puretech-allure-ss-krakow-1200222433,https://s3.eu-central-1.amazonaws.com/uvpictures-eu-central-1/368/SP/PL/PEUGEOT-308-222433_1.JPG,https://s3.eu-central-1.amazonaws.com/uvpictures-eu-central-1/368/SP/PL/PEUGEOT-308-222433_2.JPG|https://s3.eu-central-1.amazonaws.com/uvpictures-eu-central-1/368/SP/PL/PEUGEOT-308-222433_3.JPG|https://s3.eu-central-1.amazonaws.com/uvpictures-eu-central-1/368/SP/PL/PEUGEOT-308-222433_4.JPG,Peugeot,308,2017,169768,KM,,Used,24900 PLN,PLN,CASH,24900 PLN,Total,Gasoline,Manual,Spoticar Auto Centrum Golemo Kraków,Spoticar Auto Centrum Golemo KrakówSpoticar Auto Centrum Golemo Kraków,Gwarancja Spoticar Premium6 miesięcy
SPOT-70835,Peugeot 408 · 116900 PLN,Peugeot 408 · Cena: 116900 PLN · Gwarancja Spoticar Premium12 miesięcy · SPOTICAR SZTUKOWSKI OSTRÓW WLKP.Ostrów Wielkopolski · Sprawdź ofertę!,https://www.spoticar.pl/znajdz-uzywany-samochod/peugeot-408-12-puretech-mhev-gt-ss-e-dsc6-ostrow-wielkopolski-1200222583,https://s3.eu-central-1.amazonaws.com/uvpictures-eu-central-1/368/SP/PL/PEUGEOT-408-222583_1.JPG,https://s3.eu-central-1.amazonaws.com/uvpictures-eu-central-1/368/SP/PL/PEUGEOT-408-222583_2.JPG|https://s3.eu-central-1.amazonaws.com/uvpictures-eu-central-1/368/SP/PL/PEUGEOT-408-222583_3.JPG|https://s3.eu-central-1.amazonaws.com/uvpictures-eu-central-1/368/SP/PL/PEUGEOT-408-222583_4.JPG,Peugeot,408,2025,9188,KM,,Used,116900 PLN,PLN,CASH,116900 PLN,Total,Hybrid,Automatic,SPOTICAR SZTUKOWSKI OSTRÓW WLKP.Ostrów Wielkopolski,SPOTICAR SZTUKOWSKI OSTRÓW WLKP.,Gwarancja Spoticar Premium12 miesięcy
SPOT-71135,Citroën C4 · 64900 PLN,Citroën C4 · Cena: 64900 PLN · Gwarancja Spoticar Premium12 miesięcy · SPOTICAR RIA STALOWA WOLAStalowa Wola / Grebów · Sprawdź ofertę!,https://www.spoticar.pl/znajdz-uzywany-samochod/citroen-c4-e-c4-ev136-50kwh-feel-pack-stalowa-wola-grebow-1200222875,https://s3.eu-central-1.amazonaws.com/uvpictures-eu-central-1/368/SP/PL/CITROEN-C4-222875_1.JPG,https://s3.eu-central-1.amazonaws.com/uvpictures-eu-central-1/368/SP/PL/CITROEN-C4-222875_2.JPG|https://s3.eu-central-1.amazonaws.com/uvpictures-eu-central-1/368/SP/PL/CITROEN-C4-222875_3.JPG|https://s3.eu-central-1.amazonaws.com/uvpictures-eu-central-1/368/SP/PL/CITROEN-C4-222875_4.JPG,Citroën,C4,2022,93556,KM,,Used,64900 PLN,PLN,CASH,64900 PLN,Total,Electric,Automatic,SPOTICAR RIA STALOWA WOLAStalowa Wola / Grebów,SPOTICAR RIA STALOWA WOLA,Gwarancja Spoticar Premium12 miesięcy
SPOT-68450,Jeep Compass · 61900 PLN,Jeep Compass · Cena: 61900 PLN · Gwarancja Spoticar Premium6 miesięcy · Spoticar MOTOR CENTRUM GdańskGdańsk · Sprawdź ofertę!,https://www.spoticar.pl/znajdz-uzywany-samochod/jeep-compass-14-tmair-limited-4wd-ss-aut-gdansk-1200220250,https://s3.eu-central-1.amazonaws.com/uvpictures-eu-central-1/368/SP/PL/JEEP-COMPASS-220250_1.JPG,https://s3.eu-central-1.amazonaws.com/uvpictures-eu-central-1/368/SP/PL/JEEP-COMPASS-220250_2.JPG|https://s3.eu-central-1.amazonaws.com/uvpictures-eu-central-1/368/SP/PL/JEEP-COMPASS-220250_3.JPG|https://s3.eu-central-1.amazonaws.com/uvpictures-eu-central-1/368/SP/PL/JEEP-COMPASS-220250_4.JPG,Jeep,Compass,2019,133089,KM,,Used,61900 PLN,PLN,CASH,61900 PLN,Total,Gasoline,Automatic,Spoticar MOTOR CENTRUM GdańskGdańsk,Spoticar MOTOR CENTRUM Gdańsk,Gwarancja Spoticar Premium6 miesięcy
SPOT-70519,Peugeot 208 · 49990 PLN,Peugeot 208 · Cena: 49990 PLN · Gwarancja Spoticar Premium12 miesięcy · SPOTICAR DEJON I DĄBROWSKI LEGNICA · Sprawdź ofertę!,https://www.spoticar.pl/znajdz-uzywany-samochod/peugeot-208-12-puretech-active-ss-legnica-1200222274,https://s3.eu-central-1.amazonaws.com/uvpictures-eu-central-1/368/SP/PL/PEUGEOT-208-222274_1.JPG,https://s3.eu-central-1.amazonaws.com/uvpictures-eu-central-1/368/SP/PL/PEUGEOT-208-222274_2.JPG|https://s3.eu-central-1.amazonaws.com/uvpictures-eu-central-1/368/SP/PL/PEUGEOT-208-222274_3.JPG|https://s3.eu-central-1.amazonaws.com/uvpictures-eu-central-1/368/SP/PL/PEUGEOT-208-222274_4.JPG,Peugeot,208,2024,34502,KM,,Used,49990 PLN,PLN,CASH,49990 PLN,Total,Gasoline,Manual,SPOTICAR DEJON I DĄBROWSKI LEGNICA,SPOTICAR DEJON I DĄBROWSKI LEGNICASPOTICAR DEJON I DĄBROWSKI LEGNICA,Gwarancja Spoticar Premium12 miesięcy
SPOT-70971,Citroën C3 · 48900 PLN,Citroën C3 · Cena: 48900 PLN · Gwarancja Spoticar Premium12 miesięcy · Spoticar Fix Forum RzeszówKRASNE · Sprawdź ofertę!,https://www.spoticar.pl/znajdz-uzywany-samochod/citroen-c3-12-puretech-max-krasne-1200222709,https://s3.eu-central-1.amazonaws.com/uvpictures-eu-central-1/368/SP/PL/CITROEN-C3-222709_1.JPG,https://s3.eu-central-1.amazonaws.com/uvpictures-eu-central-1/368/SP/PL/CITROEN-C3-222709_2.JPG|https://s3.eu-central-1.amazonaws.com/uvpictures-eu-central-1/368/SP/PL/CITROEN-C3-222709_3.JPG|https://s3.eu-central-1.amazonaws.com/uvpictures-eu-central-1/368/SP/PL/CITROEN-C3-222709_4.JPG,Citroën,C3,2023,36497,KM,,Used,48900 PLN,PLN,CASH,48900 PLN,Total,Gasoline,Manual,Spoticar Fix Forum RzeszówKRASNE,Spoticar Fix Forum Rzeszów,Gwarancja Spoticar Premium12 miesięcy
SPOT-71277,Citroën C4 X · 67900 PLN,Citroën C4 X · Cena: 67900 PLN · Gwarancja Spoticar Premium12 miesięcy · Spoticar Auto Centrum Golemo Kraków · Sprawdź ofertę!,https://www.spoticar.pl/znajdz-uzywany-samochod/citroen-c4-x-c4-x-12-puretech-plus-ss-eat8-krakow-1200223033,https://s3.eu-central-1.amazonaws.com/uvpictures-eu-central-1/368/SP/PL/CITROEN-C4-X-223033_1.JPG,https://s3.eu-central-1.amazonaws.com/uvpictures-eu-central-1/368/SP/PL/CITROEN-C4-X-223033_2.JPG|https://s3.eu-central-1.amazonaws.com/uvpictures-eu-central-1/368/SP/PL/CITROEN-C4-X-223033_3.JPG|https://s3.eu-central-1.amazonaws.com/uvpictures-eu-central-1/368/SP/PL/CITROEN-C4-X-223033_4.JPG,Citroën,C4 X,2024,49506,KM,,Used,67900 PLN,PLN,CASH,67900 PLN,Total,Gasoline,Automatic,Spoticar Auto Centrum Golemo Kraków,Spoticar Auto Centrum Golemo KrakówSpoticar Auto Centrum Golemo Kraków,Gwarancja Spoticar Premium12 miesięcy
SPOT-71323,Fiat 500 · 69900 PLN,Fiat 500 · Cena: 69900 PLN · Gwarancja Spoticar Premium12 miesięcy · Spoticar  Budmat Auto PłockPłock · Sprawdź ofertę!,https://www.spoticar.pl/znajdz-uzywany-samochod/fiat-500-e-500-31-42-kwh-plock-1200223064,https://s3.eu-central-1.amazonaws.com/uvpictures-eu-central-1/368/SP/PL/FIAT-500-E-223064_1.JPG,https://s3.eu-central-1.amazonaws.com/uvpictures-eu-central-1/368/SP/PL/FIAT-500-E-223064_2.JPG|https://s3.eu-central-1.amazonaws.com/uvpictures-eu-central-1/368/SP/PL/FIAT-500-E-223064_3.JPG|https://s3.eu-central-1.amazonaws.com/uvpictures-eu-central-1/368/SP/PL/FIAT-500-E-223064_4.JPG,Fiat,500,2024,19000,KM,,Used,69900 PLN,PLN,CASH,69900 PLN,Total,Electric,Automatic,Spoticar  Budmat Auto PłockPłock,Spoticar  Budmat Auto Płock,Gwarancja Spoticar Premium12 miesięcy
SPOT-71311,Mitsubishi Asx · 64900 PLN,Mitsubishi Asx · Cena: 64900 PLN · Gwarancja Spoticar Premium6 miesięcy · Spoticar MOTOR CENTRUM GdańskGdańsk · Sprawdź ofertę!,https://www.spoticar.pl/znajdz-uzywany-samochod/mitsubishi-asx-20-invite-cvt-gdansk-1200223044,https://s3.eu-central-1.amazonaws.com/uvpictures-eu-central-1/368/SP/PL/MITSUBISHI-ASX-223044_1.JPG,https://s3.eu-central-1.amazonaws.com/uvpictures-eu-central-1/368/SP/PL/MITSUBISHI-ASX-223044_2.JPG|https://s3.eu-central-1.amazonaws.com/uvpictures-eu-central-1/368/SP/PL/MITSUBISHI-ASX-223044_3.JPG|https://s3.eu-central-1.amazonaws.com/uvpictures-eu-central-1/368/SP/PL/MITSUBISHI-ASX-223044_4.JPG,Mitsubishi,Asx,2020,158684,KM,,Used,64900 PLN,PLN,CASH,64900 PLN,Total,Gasoline,Automatic,Spoticar MOTOR CENTRUM GdańskGdańsk,Spoticar MOTOR CENTRUM Gdańsk,Gwarancja Spoticar Premium6 miesięcy
SPOT-71206,Peugeot 308 · 94900 PLN,Peugeot 308 · Cena: 94900 PLN · Gwarancja Spoticar Premium12 miesięcy · SPOTICAR AUTO CLUB ZŁOTNIKIZlotniki · Sprawdź ofertę!,https://www.spoticar.pl/znajdz-uzywany-samochod/peugeot-308-12-mhev-gt-ss-e-dcs6-zlotniki-1200222935,https://s3.eu-central-1.amazonaws.com/uvpictures-eu-central-1/368/SP/PL/PEUGEOT-308-222935_1.JPG,https://s3.eu-central-1.amazonaws.com/uvpictures-eu-central-1/368/SP/PL/PEUGEOT-308-222935_2.JPG|https://s3.eu-central-1.amazonaws.com/uvpictures-eu-central-1/368/SP/PL/PEUGEOT-308-222935_3.JPG|https://s3.eu-central-1.amazonaws.com/uvpictures-eu-central-1/368/SP/PL/PEUGEOT-308-222935_4.JPG,Peugeot,308,2025,21653,KM,,Used,94900 PLN,PLN,CASH,94900 PLN,Total,Gasoline,Automatic,SPOTICAR AUTO CLUB ZŁOTNIKIZlotniki,SPOTICAR AUTO CLUB ZŁOTNIKI,Gwarancja Spoticar Premium12 miesięcy
SPOT-65846,Fiat Ducato · 150048 PLN,Fiat Ducato · Cena: 150048 PLN · Gwarancja Spoticar Premium12 miesięcy · Spoticar GEZET SzczecinSzczecin · Sprawdź ofertę!,https://www.spoticar.pl/znajdz-uzywany-samochod/fiat-ducato-maxi-mj-l3h2-szczecin-400217728,https://s3.eu-central-1.amazonaws.com/uvpictures-eu-central-1/368/SP/PL/FIAT-DUCATO-217728_1.JPG,https://s3.eu-central-1.amazonaws.com/uvpictures-eu-central-1/368/SP/PL/FIAT-DUCATO-217728_2.JPG|https://s3.eu-central-1.amazonaws.com/uvpictures-eu-central-1/368/SP/PL/FIAT-DUCATO-217728_3.JPG|https://s3.eu-central-1.amazonaws.com/uvpictures-eu-central-1/368/SP/PL/FIAT-DUCATO-217728_4.JPG,Fiat,Ducato,2025,6,KM,,Used,150048 PLN,PLN,CASH,150048 PLN,Total,Diesel,Manual,Spoticar GEZET SzczecinSzczecin,Spoticar GEZET Szczecin,Gwarancja Spoticar Premium12 miesięcy
SPOT-65875,Opel Corsa · 93990 PLN,Opel Corsa · Cena: 93990 PLN · Gwarancja Spoticar Premium12 miesięcy · Spoticar GEZET SzczecinSzczecin · Sprawdź ofertę!,https://www.spoticar.pl/znajdz-uzywany-samochod/opel-corsa-12-t-mhev-gs-edct-szczecin-400217798,https://s3.eu-central-1.amazonaws.com/uvpictures-eu-central-1/368/SP/PL/OPEL-CORSA-217798_1.JPG,https://s3.eu-central-1.amazonaws.com/uvpictures-eu-central-1/368/SP/PL/OPEL-CORSA-217798_2.JPG|https://s3.eu-central-1.amazonaws.com/uvpictures-eu-central-1/368/SP/PL/OPEL-CORSA-217798_3.JPG|https://s3.eu-central-1.amazonaws.com/uvpictures-eu-central-1/368/SP/PL/OPEL-CORSA-217798_4.JPG,Opel,Corsa,2025,6,KM,,Used,93990 PLN,PLN,CASH,93990 PLN,Total,Gasoline,Automatic,Spoticar GEZET SzczecinSzczecin,Spoticar GEZET Szczecin,Gwarancja Spoticar Premium12 miesięcy
SPOT-65880,Opel Mokka · 131990 PLN,Opel Mokka · Cena: 131990 PLN · Gwarancja Spoticar Premium12 miesięcy · Spoticar GEZET SzczecinSzczecin · Sprawdź ofertę!,https://www.spoticar.pl/znajdz-uzywany-samochod/opel-mokka-12-t-mhev-gs-ss-edtc6-szczecin-400217788,https://s3.eu-central-1.amazonaws.com/uvpictures-eu-central-1/368/SP/PL/OPEL-MOKKA-217788_1.JPG,https://s3.eu-central-1.amazonaws.com/uvpictures-eu-central-1/368/SP/PL/OPEL-MOKKA-217788_2.JPG|https://s3.eu-central-1.amazonaws.com/uvpictures-eu-central-1/368/SP/PL/OPEL-MOKKA-217788_3.JPG|https://s3.eu-central-1.amazonaws.com/uvpictures-eu-central-1/368/SP/PL/OPEL-MOKKA-217788_4.JPG,Opel,Mokka,2025,1000,KM,,Used,131990 PLN,PLN,CASH,131990 PLN,Total,Gasoline,Automatic,Spoticar GEZET SzczecinSzczecin,Spoticar GEZET Szczecin,Gwarancja Spoticar Premium12 miesięcy
SPOT-66423,Opel Astra · 94990 PLN,Opel Astra · Cena: 94990 PLN · Gwarancja Spoticar Premium12 miesięcy · Spoticar GEZET SzczecinSzczecin · Sprawdź ofertę!,https://www.spoticar.pl/znajdz-uzywany-samochod/opel-astra-vi-12-t-edition-ss-szczecin-400218290,https://s3.eu-central-1.amazonaws.com/uvpictures-eu-central-1/368/SP/PL/OPEL-ASTRA-218290_1.JPG,https://s3.eu-central-1.amazonaws.com/uvpictures-eu-central-1/368/SP/PL/OPEL-ASTRA-218290_2.JPG|https://s3.eu-central-1.amazonaws.com/uvpictures-eu-central-1/368/SP/PL/OPEL-ASTRA-218290_3.JPG|https://s3.eu-central-1.amazonaws.com/uvpictures-eu-central-1/368/SP/PL/OPEL-ASTRA-218290_4.JPG,Opel,Astra,2024,6,KM,,Used,94990 PLN,PLN,CASH,94990 PLN,Total,Gasoline,Automatic,Spoticar GEZET SzczecinSzczecin,Spoticar GEZET Szczecin,Gwarancja Spoticar Premium12 miesięcy
SPOT-67450,Opel Mokka · 104900 PLN,Opel Mokka · Cena: 104900 PLN · Gwarancja Spoticar Premium12 miesięcy · Spoticar Fijałkowski RybnikRybnik · Sprawdź ofertę!,https://www.spoticar.pl/znajdz-uzywany-samochod/opel-mokka-12-t-gs-ss-aut-rybnik-1200219287,https://s3.eu-central-1.amazonaws.com/uvpictures-eu-central-1/368/SP/PL/OPEL-MOKKA-219287_1.JPG,https://s3.eu-central-1.amazonaws.com/uvpictures-eu-central-1/368/SP/PL/OPEL-MOKKA-219287_2.JPG|https://s3.eu-central-1.amazonaws.com/uvpictures-eu-central-1/368/SP/PL/OPEL-MOKKA-219287_3.JPG|https://s3.eu-central-1.amazonaws.com/uvpictures-eu-central-1/368/SP/PL/OPEL-MOKKA-219287_4.JPG,Opel,Mokka,2025,5500,KM,,Used,104900 PLN,PLN,CASH,104900 PLN,Total,Gasoline,Automatic,Spoticar Fijałkowski RybnikRybnik,Spoticar Fijałkowski Rybnik,Gwarancja Spoticar Premium12 miesięcy
SPOT-67996,Opel Frontera · 96900 PLN,Opel Frontera · Cena: 96900 PLN · Gwarancja Spoticar Premium12 miesięcy · Spoticar Fijałkowski RybnikRybnik · Sprawdź ofertę!,https://www.spoticar.pl/znajdz-uzywany-samochod/opel-frontera-12-t-mhev-edition-edtc6-rybnik-1200219807,https://s3.eu-central-1.amazonaws.com/uvpictures-eu-central-1/368/SP/PL/OPEL-FRONTERA-219807_1.JPG,https://s3.eu-central-1.amazonaws.com/uvpictures-eu-central-1/368/SP/PL/OPEL-FRONTERA-219807_2.JPG|https://s3.eu-central-1.amazonaws.com/uvpictures-eu-central-1/368/SP/PL/OPEL-FRONTERA-219807_3.JPG|https://s3.eu-central-1.amazonaws.com/uvpictures-eu-central-1/368/SP/PL/OPEL-FRONTERA-219807_4.JPG,Opel,Frontera,2025,9418,KM,,Used,96900 PLN,PLN,CASH,96900 PLN,Total,Hybrid,Automatic,Spoticar Fijałkowski RybnikRybnik,Spoticar Fijałkowski Rybnik,Gwarancja Spoticar Premium12 miesięcy
SPOT-62774,Opel Corsa · 142990 PLN,Opel Corsa · Cena: 142990 PLN · Gwarancja Spoticar Premium12 miesięcy · Spoticar GEZET SzczecinSzczecin · Sprawdź ofertę!,https://www.spoticar.pl/znajdz-uzywany-samochod/opel-corsa-e-51kwh-gs-szczecin-400214741,https://s3.eu-central-1.amazonaws.com/uvpictures-eu-central-1/368/SP/PL/OPEL-CORSA-214741_1.JPG,https://s3.eu-central-1.amazonaws.com/uvpictures-eu-central-1/368/SP/PL/OPEL-CORSA-214741_2.JPG|https://s3.eu-central-1.amazonaws.com/uvpictures-eu-central-1/368/SP/PL/OPEL-CORSA-214741_3.JPG|https://s3.eu-central-1.amazonaws.com/uvpictures-eu-central-1/368/SP/PL/OPEL-CORSA-214741_4.JPG,Opel,Corsa,2024,2000,KM,,Used,142990 PLN,PLN,CASH,142990 PLN,Total,Electric,Automatic,Spoticar GEZET SzczecinSzczecin,Spoticar GEZET Szczecin,Gwarancja Spoticar Premium12 miesięcy
SPOT-71180,Peugeot 308 · 74900 PLN,Peugeot 308 · Cena: 74900 PLN · Gwarancja Spoticar Premium12 miesięcy · SPOTICAR WOJCIULA BIAŁYSTOKBialystok · Sprawdź ofertę!,https://www.spoticar.pl/znajdz-uzywany-samochod/peugeot-308-12-puretech-allure-ss-bialystok-1200222923,https://s3.eu-central-1.amazonaws.com/uvpictures-eu-central-1/368/SP/PL/PEUGEOT-308-222923_1.JPG,https://s3.eu-central-1.amazonaws.com/uvpictures-eu-central-1/368/SP/PL/PEUGEOT-308-222923_2.JPG|https://s3.eu-central-1.amazonaws.com/uvpictures-eu-central-1/368/SP/PL/PEUGEOT-308-222923_3.JPG|https://s3.eu-central-1.amazonaws.com/uvpictures-eu-central-1/368/SP/PL/PEUGEOT-308-222923_4.JPG,Peugeot,308,2023,35000,KM,,Used,74900 PLN,PLN,CASH,74900 PLN,Total,Gasoline,Manual,SPOTICAR WOJCIULA BIAŁYSTOKBialystok,SPOTICAR WOJCIULA BIAŁYSTOK,Gwarancja Spoticar Premium12 miesięcy
SPOT-71262,Citroën C3 Aircross · 58900 PLN,Citroën C3 Aircross · Cena: 58900 PLN · Gwarancja Spoticar Premium12 miesięcy · Spoticar  Budmat Auto PłockPłock · Sprawdź ofertę!,https://www.spoticar.pl/znajdz-uzywany-samochod/citroen-c3-aircross-12-puretech-plus-ss-plock-1200223013,https://s3.eu-central-1.amazonaws.com/uvpictures-eu-central-1/368/SP/PL/CITROEN-C3-AIRCROSS-223013_1.JPG,https://s3.eu-central-1.amazonaws.com/uvpictures-eu-central-1/368/SP/PL/CITROEN-C3-AIRCROSS-223013_2.JPG|https://s3.eu-central-1.amazonaws.com/uvpictures-eu-central-1/368/SP/PL/CITROEN-C3-AIRCROSS-223013_3.JPG|https://s3.eu-central-1.amazonaws.com/uvpictures-eu-central-1/368/SP/PL/CITROEN-C3-AIRCROSS-223013_4.JPG,Citroën,C3 Aircross,2024,38682,KM,,Used,58900 PLN,PLN,CASH,58900 PLN,Total,Gasoline,Manual,Spoticar  Budmat Auto PłockPłock,Spoticar  Budmat Auto Płock,Gwarancja Spoticar Premium12 miesięcy
SPOT-71185,Opel Grandland · 72900 PLN,Opel Grandland · Cena: 72900 PLN · Gwarancja Spoticar Premium12 miesięcy · SPOTICAR WOJCIULA BIAŁYSTOKBialystok · Sprawdź ofertę!,https://www.spoticar.pl/znajdz-uzywany-samochod/opel-grandland-12-t-business-edition-ss-bialystok-1200222919,https://s3.eu-central-1.amazonaws.com/uvpictures-eu-central-1/368/SP/PL/OPEL-GRANDLAND-222919_1.JPG,https://s3.eu-central-1.amazonaws.com/uvpictures-eu-central-1/368/SP/PL/OPEL-GRANDLAND-222919_2.JPG|https://s3.eu-central-1.amazonaws.com/uvpictures-eu-central-1/368/SP/PL/OPEL-GRANDLAND-222919_3.JPG|https://s3.eu-central-1.amazonaws.com/uvpictures-eu-central-1/368/SP/PL/OPEL-GRANDLAND-222919_4.JPG,Opel,Grandland,2023,53000,KM,,Used,72900 PLN,PLN,CASH,72900 PLN,Total,Gasoline,Manual,SPOTICAR WOJCIULA BIAŁYSTOKBialystok,SPOTICAR WOJCIULA BIAŁYSTOK,Gwarancja Spoticar Premium12 miesięcy
SPOT-71501,Peugeot 3008 · 129900 PLN,Peugeot 3008 · Cena: 129900 PLN · Gwarancja Spoticar Premium12 miesięcy · SPOTICAR SZTUKOWSKI OSTRÓW WLKP.Ostrów Wielkopolski · Sprawdź ofertę!,https://www.spoticar.pl/znajdz-uzywany-samochod/peugeot-3008-12-puretech-mhev-gt-e-dcs6-ostrow-wielkopolski-1200223182,https://s3.eu-central-1.amazonaws.com/uvpictures-eu-central-1/368/SP/PL/PEUGEOT-3008-223182_1.JPG,https://s3.eu-central-1.amazonaws.com/uvpictures-eu-central-1/368/SP/PL/PEUGEOT-3008-223182_2.JPG|https://s3.eu-central-1.amazonaws.com/uvpictures-eu-central-1/368/SP/PL/PEUGEOT-3008-223182_3.JPG|https://s3.eu-central-1.amazonaws.com/uvpictures-eu-central-1/368/SP/PL/PEUGEOT-3008-223182_4.JPG,Peugeot,3008,2025,7766,KM,,Used,129900 PLN,PLN,CASH,129900 PLN,Total,Hybrid,Automatic,SPOTICAR SZTUKOWSKI OSTRÓW WLKP.Ostrów Wielkopolski,SPOTICAR SZTUKOWSKI OSTRÓW WLKP.,Gwarancja Spoticar Premium12 miesięcy
SPOT-71450,DS 7 Crossback · 59900 PLN,DS 7 Crossback · Cena: 59900 PLN · Gwarancja Spoticar Premium6 miesięcy · Spoticar Auto Centrum Golemo Kraków · Sprawdź ofertę!,https://www.spoticar.pl/znajdz-uzywany-samochod/ds-ds-7-crossback-12-puretech-so-chic-krakow-1200223236,https://s3.eu-central-1.amazonaws.com/uvpictures-eu-central-1/368/SP/PL/DS-DS-7-CROSSBACK-223236_1.JPG,https://s3.eu-central-1.amazonaws.com/uvpictures-eu-central-1/368/SP/PL/DS-DS-7-CROSSBACK-223236_2.JPG|https://s3.eu-central-1.amazonaws.com/uvpictures-eu-central-1/368/SP/PL/DS-DS-7-CROSSBACK-223236_3.JPG|https://s3.eu-central-1.amazonaws.com/uvpictures-eu-central-1/368/SP/PL/DS-DS-7-CROSSBACK-223236_4.JPG,DS,7 Crossback,2019,86185,KM,,Used,59900 PLN,PLN,CASH,59900 PLN,Total,Gasoline,Manual,Spoticar Auto Centrum Golemo Kraków,Spoticar Auto Centrum Golemo KrakówSpoticar Auto Centrum Golemo Kraków,Gwarancja Spoticar Premium6 miesięcy
SPOT-71422,Peugeot 408 · 97990 PLN,Peugeot 408 · Cena: 97990 PLN · Gwarancja Spoticar Premium6 miesięcy · SPOTICAR DEJON I DĄBROWSKI LEGNICA · Sprawdź ofertę!,https://www.spoticar.pl/znajdz-uzywany-samochod/peugeot-408-12-puretech-allure-pack-ss-eat8-legnica-1200223165,https://s3.eu-central-1.amazonaws.com/uvpictures-eu-central-1/368/SP/PL/PEUGEOT-408-223165_1.JPG,https://s3.eu-central-1.amazonaws.com/uvpictures-eu-central-1/368/SP/PL/PEUGEOT-408-223165_2.JPG|https://s3.eu-central-1.amazonaws.com/uvpictures-eu-central-1/368/SP/PL/PEUGEOT-408-223165_3.JPG|https://s3.eu-central-1.amazonaws.com/uvpictures-eu-central-1/368/SP/PL/PEUGEOT-408-223165_4.JPG,Peugeot,408,2024,43162,KM,,Used,97990 PLN,PLN,CASH,97990 PLN,Total,Gasoline,Automatic,SPOTICAR DEJON I DĄBROWSKI LEGNICA,SPOTICAR DEJON I DĄBROWSKI LEGNICASPOTICAR DEJON I DĄBROWSKI LEGNICA,Gwarancja Spoticar Premium6 miesięcy
SPOT-71447,Fiat 500 · 59900 PLN,Fiat 500 · Cena: 59900 PLN · Gwarancja Spoticar Premium12 miesięcy · SPOTICAR RIA STALOWA WOLAStalowa Wola / Grebów · Sprawdź ofertę!,https://www.spoticar.pl/znajdz-uzywany-samochod/fiat-500-e-500-238kwh-stalowa-wola-grebow-1200223242,https://s3.eu-central-1.amazonaws.com/uvpictures-eu-central-1/368/SP/PL/FIAT-500-E-223242_1.JPG,https://s3.eu-central-1.amazonaws.com/uvpictures-eu-central-1/368/SP/PL/FIAT-500-E-223242_2.JPG|https://s3.eu-central-1.amazonaws.com/uvpictures-eu-central-1/368/SP/PL/FIAT-500-E-223242_3.JPG|https://s3.eu-central-1.amazonaws.com/uvpictures-eu-central-1/368/SP/PL/FIAT-500-E-223242_4.JPG,Fiat,500,2024,40844,KM,,Used,59900 PLN,PLN,CASH,59900 PLN,Total,Electric,Automatic,SPOTICAR RIA STALOWA WOLAStalowa Wola / Grebów,SPOTICAR RIA STALOWA WOLA,Gwarancja Spoticar Premium12 miesięcy
SPOT-71442,Alfa Romeo Tonale · 86900 PLN,Alfa Romeo Tonale · Cena: 86900 PLN · Gwarancja Spoticar Premium12 miesięcy · Spoticar MOTOR CENTRUM GdańskGdańsk · Sprawdź ofertę!,https://www.spoticar.pl/znajdz-uzywany-samochod/alfa-romeo-tonale-15-t4-gse-mhev-sprint-dct-gdansk-1200223167,https://s3.eu-central-1.amazonaws.com/uvpictures-eu-central-1/368/SP/PL/ALFA-ROMEO-TONALE-223167_1.JPG,https://s3.eu-central-1.amazonaws.com/uvpictures-eu-central-1/368/SP/PL/ALFA-ROMEO-TONALE-223167_2.JPG|https://s3.eu-central-1.amazonaws.com/uvpictures-eu-central-1/368/SP/PL/ALFA-ROMEO-TONALE-223167_3.JPG|https://s3.eu-central-1.amazonaws.com/uvpictures-eu-central-1/368/SP/PL/ALFA-ROMEO-TONALE-223167_4.JPG,Alfa,Romeo Tonale,2022,47765,KM,,Used,86900 PLN,PLN,CASH,86900 PLN,Total,Gasoline,Automatic,Spoticar MOTOR CENTRUM GdańskGdańsk,Spoticar MOTOR CENTRUM Gdańsk,Gwarancja Spoticar Premium12 miesięcy
SPOT-71332,Opel Astra · 86900 PLN,Opel Astra · Cena: 86900 PLN · Gwarancja Spoticar Premium12 miesięcy · SPOTICAR RIA STALOWA WOLAStalowa Wola / Grebów · Sprawdź ofertę!,https://www.spoticar.pl/znajdz-uzywany-samochod/opel-astra-vi-12-t-gs-ss-aut-stalowa-wola-grebow-1200223077,https://s3.eu-central-1.amazonaws.com/uvpictures-eu-central-1/368/SP/PL/OPEL-ASTRA-223077_1.JPG,https://s3.eu-central-1.amazonaws.com/uvpictures-eu-central-1/368/SP/PL/OPEL-ASTRA-223077_2.JPG|https://s3.eu-central-1.amazonaws.com/uvpictures-eu-central-1/368/SP/PL/OPEL-ASTRA-223077_3.JPG|https://s3.eu-central-1.amazonaws.com/uvpictures-eu-central-1/368/SP/PL/OPEL-ASTRA-223077_4.JPG,Opel,Astra,2025,9837,KM,,Used,86900 PLN,PLN,CASH,86900 PLN,Total,Gasoline,Automatic,SPOTICAR RIA STALOWA WOLAStalowa Wola / Grebów,SPOTICAR RIA STALOWA WOLA,Gwarancja Spoticar Premium12 miesięcy
SPOT-71342,Citroën C4 · 74990 PLN,Citroën C4 · Cena: 74990 PLN · Gwarancja Spoticar Premium12 miesięcy · SPOTICAR DEJON I DĄBROWSKI LEGNICA · Sprawdź ofertę!,https://www.spoticar.pl/znajdz-uzywany-samochod/citroen-c4-x-12-puretech-max-ss-eat8-legnica-1200223068,https://s3.eu-central-1.amazonaws.com/uvpictures-eu-central-1/368/SP/PL/CITROEN-C4-223068_1.JPG,https://s3.eu-central-1.amazonaws.com/uvpictures-eu-central-1/368/SP/PL/CITROEN-C4-223068_2.JPG|https://s3.eu-central-1.amazonaws.com/uvpictures-eu-central-1/368/SP/PL/CITROEN-C4-223068_3.JPG|https://s3.eu-central-1.amazonaws.com/uvpictures-eu-central-1/368/SP/PL/CITROEN-C4-223068_4.JPG,Citroën,C4,2024,10613,KM,,Used,74990 PLN,PLN,CASH,74990 PLN,Total,Gasoline,Automatic,SPOTICAR DEJON I DĄBROWSKI LEGNICA,SPOTICAR DEJON I DĄBROWSKI LEGNICASPOTICAR DEJON I DĄBROWSKI LEGNICA,Gwarancja Spoticar Premium12 miesięcy
SPOT-71358,Peugeot 2008 · 99900 PLN,Peugeot 2008 · Cena: 99900 PLN · Gwarancja Spoticar Premium12 miesięcy · Spoticar Auto Centrum Golemo Kraków · Sprawdź ofertę!,https://www.spoticar.pl/znajdz-uzywany-samochod/peugeot-2008-puretech-mhev-gt-e-dcs6-krakow-1200223095,https://s3.eu-central-1.amazonaws.com/uvpictures-eu-central-1/368/SP/PL/PEUGEOT-2008-223095_1.JPG,https://s3.eu-central-1.amazonaws.com/uvpictures-eu-central-1/368/SP/PL/PEUGEOT-2008-223095_2.JPG|https://s3.eu-central-1.amazonaws.com/uvpictures-eu-central-1/368/SP/PL/PEUGEOT-2008-223095_3.JPG|https://s3.eu-central-1.amazonaws.com/uvpictures-eu-central-1/368/SP/PL/PEUGEOT-2008-223095_4.JPG,Peugeot,2008,2025,22453,KM,,Used,99900 PLN,PLN,CASH,99900 PLN,Total,Hybrid,Automatic,Spoticar Auto Centrum Golemo Kraków,Spoticar Auto Centrum Golemo KrakówSpoticar Auto Centrum Golemo Kraków,Gwarancja Spoticar Premium12 miesięcy
SPOT-71353,Opel Astra · 89900 PLN,Opel Astra · Cena: 89900 PLN · Gwarancja Spoticar Premium12 miesięcy · Spoticar TANDEM SosnowiecSosnowiec · Sprawdź ofertę!,https://www.spoticar.pl/znajdz-uzywany-samochod/opel-astra-vi-12-t-gs-ss-aut-sosnowiec-1200223100,https://s3.eu-central-1.amazonaws.com/uvpictures-eu-central-1/368/SP/PL/OPEL-ASTRA-223100_1.JPG,https://s3.eu-central-1.amazonaws.com/uvpictures-eu-central-1/368/SP/PL/OPEL-ASTRA-223100_2.JPG|https://s3.eu-central-1.amazonaws.com/uvpictures-eu-central-1/368/SP/PL/OPEL-ASTRA-223100_3.JPG|https://s3.eu-central-1.amazonaws.com/uvpictures-eu-central-1/368/SP/PL/OPEL-ASTRA-223100_4.JPG,Opel,Astra,2025,31748,KM,,Used,89900 PLN,PLN,CASH,89900 PLN,Total,Gasoline,Automatic,Spoticar TANDEM SosnowiecSosnowiec,Spoticar TANDEM Sosnowiec,Gwarancja Spoticar Premium12 miesięcy
SPOT-71397,Citroën C4 · 83900 PLN,Citroën C4 · Cena: 83900 PLN · Gwarancja Spoticar Premium12 miesięcy · Spoticar Auto Centrum Golemo Kraków · Sprawdź ofertę!,https://www.spoticar.pl/znajdz-uzywany-samochod/citroen-c4-e-c4-ev136-50kwh-shine-krakow-1200223144,https://s3.eu-central-1.amazonaws.com/uvpictures-eu-central-1/368/SP/PL/CITROEN-C4-223144_1.JPG,https://s3.eu-central-1.amazonaws.com/uvpictures-eu-central-1/368/SP/PL/CITROEN-C4-223144_2.JPG|https://s3.eu-central-1.amazonaws.com/uvpictures-eu-central-1/368/SP/PL/CITROEN-C4-223144_3.JPG|https://s3.eu-central-1.amazonaws.com/uvpictures-eu-central-1/368/SP/PL/CITROEN-C4-223144_4.JPG,Citroën,C4,2024,32753,KM,,Used,83900 PLN,PLN,CASH,83900 PLN,Total,Electric,Automatic,Spoticar Auto Centrum Golemo Kraków,Spoticar Auto Centrum Golemo KrakówSpoticar Auto Centrum Golemo Kraków,Gwarancja Spoticar Premium12 miesięcy
SPOT-71402,Peugeot 3008 · 83990 PLN,Peugeot 3008 · Cena: 83990 PLN · Gwarancja Spoticar Premium12 miesięcy · SPOTICAR DEJON I DĄBROWSKI LEGNICA · Sprawdź ofertę!,https://www.spoticar.pl/znajdz-uzywany-samochod/peugeot-3008-12-puretech-allure-pack-ss-eat8-legnica-1200223139,https://s3.eu-central-1.amazonaws.com/uvpictures-eu-central-1/368/SP/PL/PEUGEOT-3008-223139_1.JPG,https://s3.eu-central-1.amazonaws.com/uvpictures-eu-central-1/368/SP/PL/PEUGEOT-3008-223139_2.JPG|https://s3.eu-central-1.amazonaws.com/uvpictures-eu-central-1/368/SP/PL/PEUGEOT-3008-223139_3.JPG|https://s3.eu-central-1.amazonaws.com/uvpictures-eu-central-1/368/SP/PL/PEUGEOT-3008-223139_4.JPG,Peugeot,3008,2024,59129,KM,,Used,83990 PLN,PLN,CASH,83990 PLN,Total,Gasoline,Automatic,SPOTICAR DEJON I DĄBROWSKI LEGNICA,SPOTICAR DEJON I DĄBROWSKI LEGNICASPOTICAR DEJON I DĄBROWSKI LEGNICA,Gwarancja Spoticar Premium12 miesięcy
SPOT-71405,Opel Grandland · 46900 PLN,Opel Grandland · Cena: 46900 PLN · Gwarancja Spoticar Premium6 miesięcy · Spoticar Auto Centrum Golemo Kraków · Sprawdź ofertę!,https://www.spoticar.pl/znajdz-uzywany-samochod/opel-grandland-x-12-t-enjoy-ss-krakow-1200223140,https://s3.eu-central-1.amazonaws.com/uvpictures-eu-central-1/368/SP/PL/OPEL-GRANDLAND-X-223140_1.JPG,https://s3.eu-central-1.amazonaws.com/uvpictures-eu-central-1/368/SP/PL/OPEL-GRANDLAND-X-223140_2.JPG|https://s3.eu-central-1.amazonaws.com/uvpictures-eu-central-1/368/SP/PL/OPEL-GRANDLAND-X-223140_3.JPG|https://s3.eu-central-1.amazonaws.com/uvpictures-eu-central-1/368/SP/PL/OPEL-GRANDLAND-X-223140_4.JPG,Opel,Grandland,2017,102955,KM,,Used,46900 PLN,PLN,CASH,46900 PLN,Total,Gasoline,Manual,Spoticar Auto Centrum Golemo Kraków,Spoticar Auto Centrum Golemo KrakówSpoticar Auto Centrum Golemo Kraków,Gwarancja Spoticar Premium6 miesięcy
SPOT-71380,Peugeot 208 · 69900 PLN,Peugeot 208 · Cena: 69900 PLN · Gwarancja Spoticar Premium12 miesięcy · Spoticar Auto Centrum Golemo Kraków · Sprawdź ofertę!,https://www.spoticar.pl/znajdz-uzywany-samochod/peugeot-208-e-208-active-krakow-1200223115,https://s3.eu-central-1.amazonaws.com/uvpictures-eu-central-1/368/SP/PL/PEUGEOT-208-223115_1.JPG,https://s3.eu-central-1.amazonaws.com/uvpictures-eu-central-1/368/SP/PL/PEUGEOT-208-223115_2.JPG|https://s3.eu-central-1.amazonaws.com/uvpictures-eu-central-1/368/SP/PL/PEUGEOT-208-223115_3.JPG|https://s3.eu-central-1.amazonaws.com/uvpictures-eu-central-1/368/SP/PL/PEUGEOT-208-223115_4.JPG,Peugeot,208,2023,40000,KM,,Used,69900 PLN,PLN,CASH,69900 PLN,Total,Electric,Automatic,Spoticar Auto Centrum Golemo Kraków,Spoticar Auto Centrum Golemo KrakówSpoticar Auto Centrum Golemo Kraków,Gwarancja Spoticar Premium12 miesięcy
SPOT-71089,Peugeot 3008 · 93900 PLN,Peugeot 3008 · Cena: 93900 PLN · Gwarancja Spoticar Premium12 miesięcy · SPOTICAR SZTUKOWSKI OSTRÓW WLKP.Ostrów Wielkopolski · Sprawdź ofertę!,https://www.spoticar.pl/znajdz-uzywany-samochod/peugeot-3008-12-puretech-mhev-allure-pack-ss-e-dcs6-ostrow-wielkopolski-1200222844,https://s3.eu-central-1.amazonaws.com/uvpictures-eu-central-1/368/SP/PL/PEUGEOT-3008-222844_1.JPG,https://s3.eu-central-1.amazonaws.com/uvpictures-eu-central-1/368/SP/PL/PEUGEOT-3008-222844_2.JPG|https://s3.eu-central-1.amazonaws.com/uvpictures-eu-central-1/368/SP/PL/PEUGEOT-3008-222844_3.JPG|https://s3.eu-central-1.amazonaws.com/uvpictures-eu-central-1/368/SP/PL/PEUGEOT-3008-222844_4.JPG,Peugeot,3008,2024,25569,KM,,Used,93900 PLN,PLN,CASH,93900 PLN,Total,Gasoline,Automatic,SPOTICAR SZTUKOWSKI OSTRÓW WLKP.Ostrów Wielkopolski,SPOTICAR SZTUKOWSKI OSTRÓW WLKP.,Gwarancja Spoticar Premium12 miesięcy
SPOT-71096,Peugeot 3008 · 124900 PLN,Peugeot 3008 · Cena: 124900 PLN · Gwarancja Spoticar Premium12 miesięcy · Spoticar Auto Centrum Golemo Kraków · Sprawdź ofertę!,https://www.spoticar.pl/znajdz-uzywany-samochod/peugeot-3008-12-puretech-mhev-gt-e-dcs6-krakow-1200222839,https://s3.eu-central-1.amazonaws.com/uvpictures-eu-central-1/368/SP/PL/PEUGEOT-3008-222839_1.JPG,https://s3.eu-central-1.amazonaws.com/uvpictures-eu-central-1/368/SP/PL/PEUGEOT-3008-222839_2.JPG|https://s3.eu-central-1.amazonaws.com/uvpictures-eu-central-1/368/SP/PL/PEUGEOT-3008-222839_3.JPG|https://s3.eu-central-1.amazonaws.com/uvpictures-eu-central-1/368/SP/PL/PEUGEOT-3008-222839_4.JPG,Peugeot,3008,2025,14771,KM,,Used,124900 PLN,PLN,CASH,124900 PLN,Total,Hybrid,Automatic,Spoticar Auto Centrum Golemo Kraków,Spoticar Auto Centrum Golemo KrakówSpoticar Auto Centrum Golemo Kraków,Gwarancja Spoticar Premium12 miesięcy
SPOT-71234,Mercedes Classe V · 250000 PLN,Mercedes Classe V · Cena: 250000 PLN · Gwarancja Spoticar Premium6 miesięcy · SPOTICAR PRASEK RADOMRadom · Sprawdź ofertę!,https://www.spoticar.pl/znajdz-uzywany-samochod/mercedes-classe-v-300-d-4-matic-exclusive-9g-tronic-dlugi-radom-1200222982,https://s3.eu-central-1.amazonaws.com/uvpictures-eu-central-1/368/SP/PL/MERCEDES-CLASSE-V-222982_1.JPG,https://s3.eu-central-1.amazonaws.com/uvpictures-eu-central-1/368/SP/PL/MERCEDES-CLASSE-V-222982_2.JPG|https://s3.eu-central-1.amazonaws.com/uvpictures-eu-central-1/368/SP/PL/MERCEDES-CLASSE-V-222982_3.JPG|https://s3.eu-central-1.amazonaws.com/uvpictures-eu-central-1/368/SP/PL/MERCEDES-CLASSE-V-222982_4.JPG,Mercedes,Classe V,2020,122514,KM,,Used,250000 PLN,PLN,CASH,250000 PLN,Total,Diesel,Automatic,SPOTICAR PRASEK RADOMRadom,SPOTICAR PRASEK RADOM,Gwarancja Spoticar Premium6 miesięcy
SPOT-71204,Citroën C3 Aircross · 84900 PLN,Citroën C3 Aircross · Cena: 84900 PLN · Gwarancja Spoticar Premium12 miesięcy · Spoticar  Budmat Auto PłockPłock · Sprawdź ofertę!,https://www.spoticar.pl/znajdz-uzywany-samochod/citroen-c3-aircross-12-mhev-max-ss-edct6-plock-1200222937,https://s3.eu-central-1.amazonaws.com/uvpictures-eu-central-1/368/SP/PL/CITROEN-C3-AIRCROSS-222937_1.JPG,https://s3.eu-central-1.amazonaws.com/uvpictures-eu-central-1/368/SP/PL/CITROEN-C3-AIRCROSS-222937_2.JPG|https://s3.eu-central-1.amazonaws.com/uvpictures-eu-central-1/368/SP/PL/CITROEN-C3-AIRCROSS-222937_3.JPG|https://s3.eu-central-1.amazonaws.com/uvpictures-eu-central-1/368/SP/PL/CITROEN-C3-AIRCROSS-222937_4.JPG,Citroën,C3 Aircross,2025,21000,KM,,Used,84900 PLN,PLN,CASH,84900 PLN,Total,Gasoline,Automatic,Spoticar  Budmat Auto PłockPłock,Spoticar  Budmat Auto Płock,Gwarancja Spoticar Premium12 miesięcy
SPOT-71098,Peugeot Expert · 124900 PLN,Peugeot Expert · Cena: 124900 PLN · Gwarancja Spoticar Premium12 miesięcy · Spoticar Fix Forum RzeszówKRASNE · Sprawdź ofertę!,https://www.spoticar.pl/znajdz-uzywany-samochod/peugeot-expert-20-bluehdi-standard-30t-bryg-krasne-1200222838,https://s3.eu-central-1.amazonaws.com/uvpictures-eu-central-1/368/SP/PL/PEUGEOT-EXPERT-222838_1.JPG,https://s3.eu-central-1.amazonaws.com/uvpictures-eu-central-1/368/SP/PL/PEUGEOT-EXPERT-222838_2.JPG|https://s3.eu-central-1.amazonaws.com/uvpictures-eu-central-1/368/SP/PL/PEUGEOT-EXPERT-222838_3.JPG|https://s3.eu-central-1.amazonaws.com/uvpictures-eu-central-1/368/SP/PL/PEUGEOT-EXPERT-222838_4.JPG,Peugeot,Expert,2023,91247,KM,,Used,124900 PLN,PLN,CASH,124900 PLN,Total,Diesel,Manual,Spoticar Fix Forum RzeszówKRASNE,Spoticar Fix Forum Rzeszów,Gwarancja Spoticar Premium12 miesięcy
SPOT-71029,Peugeot 3008 · 59900 PLN,Peugeot 3008 · Cena: 59900 PLN · Gwarancja Spoticar Premium6 miesięcy · SPOTICAR PRASEK RADOMRadom · Sprawdź ofertę!,https://www.spoticar.pl/znajdz-uzywany-samochod/peugeot-3008-16-thp-allure-ss-eat6-radom-1200222781,https://s3.eu-central-1.amazonaws.com/uvpictures-eu-central-1/368/SP/PL/PEUGEOT-3008-222781_1.JPG,https://s3.eu-central-1.amazonaws.com/uvpictures-eu-central-1/368/SP/PL/PEUGEOT-3008-222781_2.JPG|https://s3.eu-central-1.amazonaws.com/uvpictures-eu-central-1/368/SP/PL/PEUGEOT-3008-222781_3.JPG|https://s3.eu-central-1.amazonaws.com/uvpictures-eu-central-1/368/SP/PL/PEUGEOT-3008-222781_4.JPG,Peugeot,3008,2016,128215,KM,,Used,59900 PLN,PLN,CASH,59900 PLN,Total,Gasoline,Automatic,SPOTICAR PRASEK RADOMRadom,SPOTICAR PRASEK RADOM,Gwarancja Spoticar Premium6 miesięcy
SPOT-71055,Peugeot 2008 · 81900 PLN,Peugeot 2008 · Cena: 81900 PLN · Gwarancja Spoticar Premium12 miesięcy · SPOTICAR RIA STALOWA WOLAStalowa Wola / Grebów · Sprawdź ofertę!,https://www.spoticar.pl/znajdz-uzywany-samochod/peugeot-2008-puretech-130-allure-ss-eat8-stalowa-wola-grebow-1200222801,https://s3.eu-central-1.amazonaws.com/uvpictures-eu-central-1/368/SP/PL/PEUGEOT-2008-222801_1.JPG,https://s3.eu-central-1.amazonaws.com/uvpictures-eu-central-1/368/SP/PL/PEUGEOT-2008-222801_2.JPG|https://s3.eu-central-1.amazonaws.com/uvpictures-eu-central-1/368/SP/PL/PEUGEOT-2008-222801_3.JPG|https://s3.eu-central-1.amazonaws.com/uvpictures-eu-central-1/368/SP/PL/PEUGEOT-2008-222801_4.JPG,Peugeot,2008,2023,50395,KM,,Used,81900 PLN,PLN,CASH,81900 PLN,Total,Gasoline,Automatic,SPOTICAR RIA STALOWA WOLAStalowa Wola / Grebów,SPOTICAR RIA STALOWA WOLA,Gwarancja Spoticar Premium12 miesięcy
SPOT-70961,Jeep Compass · 116900 PLN,Jeep Compass · Cena: 116900 PLN · Gwarancja Spoticar Premium12 miesięcy · SPOTICAR SZTUKOWSKI OSTRÓW WLKP.Ostrów Wielkopolski · Sprawdź ofertę!,https://www.spoticar.pl/znajdz-uzywany-samochod/jeep-compass-15-t4-mhev-summit-fwd-ss-dct-ostrow-wielkopolski-1200222719,https://s3.eu-central-1.amazonaws.com/uvpictures-eu-central-1/368/SP/PL/JEEP-COMPASS-222719_1.JPG,https://s3.eu-central-1.amazonaws.com/uvpictures-eu-central-1/368/SP/PL/JEEP-COMPASS-222719_2.JPG|https://s3.eu-central-1.amazonaws.com/uvpictures-eu-central-1/368/SP/PL/JEEP-COMPASS-222719_3.JPG|https://s3.eu-central-1.amazonaws.com/uvpictures-eu-central-1/368/SP/PL/JEEP-COMPASS-222719_4.JPG,Jeep,Compass,2024,9161,KM,,Used,116900 PLN,PLN,CASH,116900 PLN,Total,Gasoline,Automatic,SPOTICAR SZTUKOWSKI OSTRÓW WLKP.Ostrów Wielkopolski,SPOTICAR SZTUKOWSKI OSTRÓW WLKP.,Gwarancja Spoticar Premium12 miesięcy
SPOT-70992,Peugeot 308 · 94900 PLN,Peugeot 308 · Cena: 94900 PLN · Gwarancja Spoticar Premium12 miesięcy · SPOTICAR AUTO CLUB ZŁOTNIKIZlotniki · Sprawdź ofertę!,https://www.spoticar.pl/znajdz-uzywany-samochod/peugeot-308-12-mhev-gt-ss-e-dcs6-zlotniki-1200222744,https://s3.eu-central-1.amazonaws.com/uvpictures-eu-central-1/368/SP/PL/PEUGEOT-308-222744_1.JPG,https://s3.eu-central-1.amazonaws.com/uvpictures-eu-central-1/368/SP/PL/PEUGEOT-308-222744_2.JPG|https://s3.eu-central-1.amazonaws.com/uvpictures-eu-central-1/368/SP/PL/PEUGEOT-308-222744_3.JPG|https://s3.eu-central-1.amazonaws.com/uvpictures-eu-central-1/368/SP/PL/PEUGEOT-308-222744_4.JPG,Peugeot,308,2025,34696,KM,,Used,94900 PLN,PLN,CASH,94900 PLN,Total,Gasoline,Automatic,SPOTICAR AUTO CLUB ZŁOTNIKIZlotniki,SPOTICAR AUTO CLUB ZŁOTNIKI,Gwarancja Spoticar Premium12 miesięcy
SPOT-71003,Peugeot 3008 · 108900 PLN,Peugeot 3008 · Cena: 108900 PLN · Gwarancja Spoticar Premium12 miesięcy · Spoticar  Budmat Auto PłockPłock · Sprawdź ofertę!,https://www.spoticar.pl/znajdz-uzywany-samochod/peugeot-3008-12-puretech-mhev-allure-e-dcs6-plock-1200222736,https://s3.eu-central-1.amazonaws.com/uvpictures-eu-central-1/368/SP/PL/PEUGEOT-3008-222736_1.JPG,https://s3.eu-central-1.amazonaws.com/uvpictures-eu-central-1/368/SP/PL/PEUGEOT-3008-222736_2.JPG|https://s3.eu-central-1.amazonaws.com/uvpictures-eu-central-1/368/SP/PL/PEUGEOT-3008-222736_3.JPG|https://s3.eu-central-1.amazonaws.com/uvpictures-eu-central-1/368/SP/PL/PEUGEOT-3008-222736_4.JPG,Peugeot,3008,2024,14000,KM,,Used,108900 PLN,PLN,CASH,108900 PLN,Total,Gasoline,Automatic,Spoticar  Budmat Auto PłockPłock,Spoticar  Budmat Auto Płock,Gwarancja Spoticar Premium12 miesięcy
SPOT-70811,Peugeot 508 · 82900 PLN,Peugeot 508 · Cena: 82900 PLN · Gwarancja Spoticar Premium6 miesięcy · SPOTICAR RIA STALOWA WOLAStalowa Wola / Grebów · Sprawdź ofertę!,https://www.spoticar.pl/znajdz-uzywany-samochod/peugeot-508-16-puretech-allure-ss-eat8-stalowa-wola-grebow-1200222566,https://s3.eu-central-1.amazonaws.com/uvpictures-eu-central-1/368/SP/PL/PEUGEOT-508-222566_1.JPG,https://s3.eu-central-1.amazonaws.com/uvpictures-eu-central-1/368/SP/PL/PEUGEOT-508-222566_2.JPG|https://s3.eu-central-1.amazonaws.com/uvpictures-eu-central-1/368/SP/PL/PEUGEOT-508-222566_3.JPG|https://s3.eu-central-1.amazonaws.com/uvpictures-eu-central-1/368/SP/PL/PEUGEOT-508-222566_4.JPG,Peugeot,508,2020,44550,KM,,Used,82900 PLN,PLN,CASH,82900 PLN,Total,Gasoline,Automatic,SPOTICAR RIA STALOWA WOLAStalowa Wola / Grebów,SPOTICAR RIA STALOWA WOLA,Gwarancja Spoticar Premium6 miesięcy
SPOT-70831,Peugeot Partner · 50980 PLN,Peugeot Partner · Cena: 50980 PLN · Gwarancja Spoticar Premium12 miesięcy · SPOTICAR RIA GRUDZIĄDZGRUDZIADZ · Sprawdź ofertę!,https://www.spoticar.pl/znajdz-uzywany-samochod/peugeot-partner-15-bluehdi-l1-premium-grudziadz-1200222554,https://s3.eu-central-1.amazonaws.com/uvpictures-eu-central-1/368/SP/PL/PEUGEOT-PARTNER-222554_1.JPG,https://s3.eu-central-1.amazonaws.com/uvpictures-eu-central-1/368/SP/PL/PEUGEOT-PARTNER-222554_2.JPG|https://s3.eu-central-1.amazonaws.com/uvpictures-eu-central-1/368/SP/PL/PEUGEOT-PARTNER-222554_3.JPG|https://s3.eu-central-1.amazonaws.com/uvpictures-eu-central-1/368/SP/PL/PEUGEOT-PARTNER-222554_4.JPG,Peugeot,Partner,2022,94010,KM,,Used,50980 PLN,PLN,CASH,50980 PLN,Total,Diesel,Manual,SPOTICAR RIA GRUDZIĄDZGRUDZIADZ,SPOTICAR RIA GRUDZIĄDZ,Gwarancja Spoticar Premium12 miesięcy
SPOT-70787,Citroën C5 Aircross · 82900 PLN,Citroën C5 Aircross · Cena: 82900 PLN · Gwarancja Spoticar Premium12 miesięcy · SPOTICAR RIA STALOWA WOLAStalowa Wola / Grebów · Sprawdź ofertę!,https://www.spoticar.pl/znajdz-uzywany-samochod/citroen-c5-aircross-15-bluehdi-max-eat8-stalowa-wola-grebow-1200222551,https://s3.eu-central-1.amazonaws.com/uvpictures-eu-central-1/368/SP/PL/CITROEN-C5-AIRCROSS-222551_1.JPG,https://s3.eu-central-1.amazonaws.com/uvpictures-eu-central-1/368/SP/PL/CITROEN-C5-AIRCROSS-222551_2.JPG|https://s3.eu-central-1.amazonaws.com/uvpictures-eu-central-1/368/SP/PL/CITROEN-C5-AIRCROSS-222551_3.JPG|https://s3.eu-central-1.amazonaws.com/uvpictures-eu-central-1/368/SP/PL/CITROEN-C5-AIRCROSS-222551_4.JPG,Citroën,C5 Aircross,2023,79295,KM,,Used,82900 PLN,PLN,CASH,82900 PLN,Total,Diesel,Automatic,SPOTICAR RIA STALOWA WOLAStalowa Wola / Grebów,SPOTICAR RIA STALOWA WOLA,Gwarancja Spoticar Premium12 miesięcy
SPOT-70850,Peugeot 3008 · 82990 PLN,Peugeot 3008 · Cena: 82990 PLN · Gwarancja Spoticar Premium12 miesięcy · SPOTICAR DEJON I DĄBROWSKI LEGNICA · Sprawdź ofertę!,https://www.spoticar.pl/znajdz-uzywany-samochod/peugeot-3008-12-puretech-gt-pack-ss-eat8-legnica-1200222588,https://s3.eu-central-1.amazonaws.com/uvpictures-eu-central-1/368/SP/PL/PEUGEOT-3008-222588_1.JPG,https://s3.eu-central-1.amazonaws.com/uvpictures-eu-central-1/368/SP/PL/PEUGEOT-3008-222588_2.JPG|https://s3.eu-central-1.amazonaws.com/uvpictures-eu-central-1/368/SP/PL/PEUGEOT-3008-222588_3.JPG|https://s3.eu-central-1.amazonaws.com/uvpictures-eu-central-1/368/SP/PL/PEUGEOT-3008-222588_4.JPG,Peugeot,3008,2022,84148,KM,,Used,82990 PLN,PLN,CASH,82990 PLN,Total,Gasoline,Automatic,SPOTICAR DEJON I DĄBROWSKI LEGNICA,SPOTICAR DEJON I DĄBROWSKI LEGNICASPOTICAR DEJON I DĄBROWSKI LEGNICA,Gwarancja Spoticar Premium12 miesięcy
SPOT-70721,Peugeot 3008 · 85900 PLN,Peugeot 3008 · Cena: 85900 PLN · Gwarancja Spoticar Premium12 miesięcy · Spoticar Auto Centrum Golemo Kraków · Sprawdź ofertę!,https://www.spoticar.pl/znajdz-uzywany-samochod/peugeot-3008-12-puretech-allure-pack-ss-eat8-krakow-1200222477,https://s3.eu-central-1.amazonaws.com/uvpictures-eu-central-1/368/SP/PL/PEUGEOT-3008-222477_1.JPG,https://s3.eu-central-1.amazonaws.com/uvpictures-eu-central-1/368/SP/PL/PEUGEOT-3008-222477_2.JPG|https://s3.eu-central-1.amazonaws.com/uvpictures-eu-central-1/368/SP/PL/PEUGEOT-3008-222477_3.JPG|https://s3.eu-central-1.amazonaws.com/uvpictures-eu-central-1/368/SP/PL/PEUGEOT-3008-222477_4.JPG,Peugeot,3008,2023,63208,KM,,Used,85900 PLN,PLN,CASH,85900 PLN,Total,Gasoline,Automatic,Spoticar Auto Centrum Golemo Kraków,Spoticar Auto Centrum Golemo KrakówSpoticar Auto Centrum Golemo Kraków,Gwarancja Spoticar Premium12 miesięcy
SPOT-70689,Citroën C4 · 78900 PLN,Citroën C4 · Cena: 78900 PLN · Gwarancja Spoticar Premium12 miesięcy · Spoticar  Budmat Auto PłockPłock · Sprawdź ofertę!,https://www.spoticar.pl/znajdz-uzywany-samochod/citroen-c4-e-c4-ev136-50kwh-feel-pack-plock-1200222447,https://s3.eu-central-1.amazonaws.com/uvpictures-eu-central-1/368/SP/PL/CITROEN-C4-222447_1.JPG,https://s3.eu-central-1.amazonaws.com/uvpictures-eu-central-1/368/SP/PL/CITROEN-C4-222447_2.JPG|https://s3.eu-central-1.amazonaws.com/uvpictures-eu-central-1/368/SP/PL/CITROEN-C4-222447_3.JPG|https://s3.eu-central-1.amazonaws.com/uvpictures-eu-central-1/368/SP/PL/CITROEN-C4-222447_4.JPG,Citroën,C4,2024,30403,KM,,Used,78900 PLN,PLN,CASH,78900 PLN,Total,Electric,Automatic,Spoticar  Budmat Auto PłockPłock,Spoticar  Budmat Auto Płock,Gwarancja Spoticar Premium12 miesięcy
SPOT-70694,Citroën C5 Aircross · 89900 PLN,Citroën C5 Aircross · Cena: 89900 PLN · Gwarancja Spoticar Premium12 miesięcy · SPOTICAR STELLANTIS & YOU WARSZAWA AL. KRAKOWSKA · Sprawdź ofertę!,https://www.spoticar.pl/znajdz-uzywany-samochod/citroen-c5-aircross-15-bluehdi-max-eat8-warszawa-1200222446,https://s3.eu-central-1.amazonaws.com/uvpictures-eu-central-1/368/SP/PL/CITROEN-C5-AIRCROSS-222446_1.JPG,https://s3.eu-central-1.amazonaws.com/uvpictures-eu-central-1/368/SP/PL/CITROEN-C5-AIRCROSS-222446_2.JPG|https://s3.eu-central-1.amazonaws.com/uvpictures-eu-central-1/368/SP/PL/CITROEN-C5-AIRCROSS-222446_3.JPG|https://s3.eu-central-1.amazonaws.com/uvpictures-eu-central-1/368/SP/PL/CITROEN-C5-AIRCROSS-222446_4.JPG,Citroën,C5 Aircross,2023,43121,KM,,Used,89900 PLN,PLN,CASH,89900 PLN,Total,Diesel,Automatic,SPOTICAR STELLANTIS & YOU WARSZAWA AL. KRAKOWSKA,SPOTICAR STELLANTIS & YOU WARSZAWA AL. KRAKOWSKASPOTICAR STELLANTIS & YOU WARSZAWA AL. KRAKOWSKA,Gwarancja Spoticar Premium12 miesięcy
SPOT-70956,Citroën C5 Aircross · 89900 PLN,Citroën C5 Aircross · Cena: 89900 PLN · Gwarancja Spoticar Premium12 miesięcy · SPOTICAR RIA STALOWA WOLAStalowa Wola / Grebów · Sprawdź ofertę!,https://www.spoticar.pl/znajdz-uzywany-samochod/citroen-c5-aircross-12-mhev-max-edct6-stalowa-wola-grebow-1200222410,https://s3.eu-central-1.amazonaws.com/uvpictures-eu-central-1/368/SP/PL/CITROEN-C5-AIRCROSS-222410_1.JPG,https://s3.eu-central-1.amazonaws.com/uvpictures-eu-central-1/368/SP/PL/CITROEN-C5-AIRCROSS-222410_2.JPG|https://s3.eu-central-1.amazonaws.com/uvpictures-eu-central-1/368/SP/PL/CITROEN-C5-AIRCROSS-222410_3.JPG|https://s3.eu-central-1.amazonaws.com/uvpictures-eu-central-1/368/SP/PL/CITROEN-C5-AIRCROSS-222410_4.JPG,Citroën,C5 Aircross,2024,37393,KM,,Used,89900 PLN,PLN,CASH,89900 PLN,Total,Hybrid,Automatic,SPOTICAR RIA STALOWA WOLAStalowa Wola / Grebów,SPOTICAR RIA STALOWA WOLA,Gwarancja Spoticar Premium12 miesięcy
SPOT-70457,Peugeot 2008 · 79900 PLN,Peugeot 2008 · Cena: 79900 PLN · Gwarancja Spoticar Premium12 miesięcy · Spoticar  Budmat Auto PłockPłock · Sprawdź ofertę!,https://www.spoticar.pl/znajdz-uzywany-samochod/peugeot-2008-puretech-130-allure-ss-eat8-plock-1200222196,https://s3.eu-central-1.amazonaws.com/uvpictures-eu-central-1/368/SP/PL/PEUGEOT-2008-222196_1.JPG,https://s3.eu-central-1.amazonaws.com/uvpictures-eu-central-1/368/SP/PL/PEUGEOT-2008-222196_2.JPG|https://s3.eu-central-1.amazonaws.com/uvpictures-eu-central-1/368/SP/PL/PEUGEOT-2008-222196_3.JPG|https://s3.eu-central-1.amazonaws.com/uvpictures-eu-central-1/368/SP/PL/PEUGEOT-2008-222196_4.JPG,Peugeot,2008,2023,29313,KM,,Used,79900 PLN,PLN,CASH,79900 PLN,Total,Gasoline,Automatic,Spoticar  Budmat Auto PłockPłock,Spoticar  Budmat Auto Płock,Gwarancja Spoticar Premium12 miesięcy
SPOT-70454,Opel Astra · 84900 PLN,Opel Astra · Cena: 84900 PLN · Gwarancja Spoticar Premium12 miesięcy · SPOTICAR STELLANTIS & YOU WARSZAWA AL. KRAKOWSKA · Sprawdź ofertę!,https://www.spoticar.pl/znajdz-uzywany-samochod/opel-astra-vi-12-t-gs-ss-aut-warszawa-1200222198,https://s3.eu-central-1.amazonaws.com/uvpictures-eu-central-1/368/SP/PL/OPEL-ASTRA-222198_1.JPG,https://s3.eu-central-1.amazonaws.com/uvpictures-eu-central-1/368/SP/PL/OPEL-ASTRA-222198_2.JPG|https://s3.eu-central-1.amazonaws.com/uvpictures-eu-central-1/368/SP/PL/OPEL-ASTRA-222198_3.JPG|https://s3.eu-central-1.amazonaws.com/uvpictures-eu-central-1/368/SP/PL/OPEL-ASTRA-222198_4.JPG,Opel,Astra,2024,17850,KM,,Used,84900 PLN,PLN,CASH,84900 PLN,Total,Gasoline,Automatic,SPOTICAR STELLANTIS & YOU WARSZAWA AL. KRAKOWSKA,SPOTICAR STELLANTIS & YOU WARSZAWA AL. KRAKOWSKASPOTICAR STELLANTIS & YOU WARSZAWA AL. KRAKOWSKA,Gwarancja Spoticar Premium12 miesięcy
SPOT-69065,Peugeot Traveller · 144900 PLN,Peugeot Traveller · Cena: 144900 PLN · Gwarancja Spoticar Premium6 miesięcy · Spoticar Auto Centrum Golemo Kraków · Sprawdź ofertę!,https://www.spoticar.pl/znajdz-uzywany-samochod/peugeot-traveller-20-bluehdi-long-business-eat8-krakow-1200220866,https://s3.eu-central-1.amazonaws.com/uvpictures-eu-central-1/368/SP/PL/PEUGEOT-TRAVELLER-220866_1.JPG,https://s3.eu-central-1.amazonaws.com/uvpictures-eu-central-1/368/SP/PL/PEUGEOT-TRAVELLER-220866_2.JPG|https://s3.eu-central-1.amazonaws.com/uvpictures-eu-central-1/368/SP/PL/PEUGEOT-TRAVELLER-220866_3.JPG|https://s3.eu-central-1.amazonaws.com/uvpictures-eu-central-1/368/SP/PL/PEUGEOT-TRAVELLER-220866_4.JPG,Peugeot,Traveller,2024,102537,KM,,Used,144900 PLN,PLN,CASH,144900 PLN,Total,Diesel,Automatic,Spoticar Auto Centrum Golemo Kraków,Spoticar Auto Centrum Golemo KrakówSpoticar Auto Centrum Golemo Kraków,Gwarancja Spoticar Premium6 miesięcy
SPOT-70421,Peugeot 508 · 89900 PLN,Peugeot 508 · Cena: 89900 PLN · Gwarancja Spoticar Premium12 miesięcy · SPOTICAR STELLANTIS & YOU WARSZAWA AL. KRAKOWSKA · Sprawdź ofertę!,https://www.spoticar.pl/znajdz-uzywany-samochod/peugeot-508-12-puretech-allure-pack-ss-eat8-warszawa-1200222176,https://s3.eu-central-1.amazonaws.com/uvpictures-eu-central-1/368/SP/PL/PEUGEOT-508-222176_1.JPG,https://s3.eu-central-1.amazonaws.com/uvpictures-eu-central-1/368/SP/PL/PEUGEOT-508-222176_2.JPG|https://s3.eu-central-1.amazonaws.com/uvpictures-eu-central-1/368/SP/PL/PEUGEOT-508-222176_3.JPG|https://s3.eu-central-1.amazonaws.com/uvpictures-eu-central-1/368/SP/PL/PEUGEOT-508-222176_4.JPG,Peugeot,508,2023,13780,KM,,Used,89900 PLN,PLN,CASH,89900 PLN,Total,Gasoline,Automatic,SPOTICAR STELLANTIS & YOU WARSZAWA AL. KRAKOWSKA,SPOTICAR STELLANTIS & YOU WARSZAWA AL. KRAKOWSKASPOTICAR STELLANTIS & YOU WARSZAWA AL. KRAKOWSKA,Gwarancja Spoticar Premium12 miesięcy
SPOT-68868,Citroën C3 · 49800 PLN,Citroën C3 · Cena: 49800 PLN · Gwarancja Spoticar Premium12 miesięcy · SPOTICAR STELLANTIS & YOU WARSZAWA PUŁAWSKA · Sprawdź ofertę!,https://www.spoticar.pl/znajdz-uzywany-samochod/citroen-c3-12-puretech-max-warszawa-1200220666,https://s3.eu-central-1.amazonaws.com/uvpictures-eu-central-1/368/SP/PL/CITROEN-C3-220666_1.JPG,https://s3.eu-central-1.amazonaws.com/uvpictures-eu-central-1/368/SP/PL/CITROEN-C3-220666_2.JPG|https://s3.eu-central-1.amazonaws.com/uvpictures-eu-central-1/368/SP/PL/CITROEN-C3-220666_3.JPG|https://s3.eu-central-1.amazonaws.com/uvpictures-eu-central-1/368/SP/PL/CITROEN-C3-220666_4.JPG,Citroën,C3,2024,52455,KM,,Used,49800 PLN,PLN,CASH,49800 PLN,Total,Gasoline,Manual,SPOTICAR STELLANTIS & YOU WARSZAWA PUŁAWSKA,SPOTICAR STELLANTIS & YOU WARSZAWA PUŁAWSKASPOTICAR STELLANTIS & YOU WARSZAWA PUŁAWSKA,Gwarancja Spoticar Premium12 miesięcy
SPOT-68253,Peugeot 208 · 41900 PLN,Peugeot 208 · Cena: 41900 PLN · Gwarancja Spoticar Premium6 miesięcy · SPOTICAR PRASEK RADOMRadom · Sprawdź ofertę!,https://www.spoticar.pl/znajdz-uzywany-samochod/peugeot-208-12-puretech-active-ss-radom-1200220059,https://s3.eu-central-1.amazonaws.com/uvpictures-eu-central-1/368/SP/PL/PEUGEOT-208-220059_1.JPG,https://s3.eu-central-1.amazonaws.com/uvpictures-eu-central-1/368/SP/PL/PEUGEOT-208-220059_2.JPG|https://s3.eu-central-1.amazonaws.com/uvpictures-eu-central-1/368/SP/PL/PEUGEOT-208-220059_3.JPG|https://s3.eu-central-1.amazonaws.com/uvpictures-eu-central-1/368/SP/PL/PEUGEOT-208-220059_4.JPG,Peugeot,208,2020,89784,KM,,Used,41900 PLN,PLN,CASH,41900 PLN,Total,Gasoline,Manual,SPOTICAR PRASEK RADOMRadom,SPOTICAR PRASEK RADOM,Gwarancja Spoticar Premium6 miesięcy
SPOT-70398,Citroën C5 Aircross · 81900 PLN,Citroën C5 Aircross · Cena: 81900 PLN · Gwarancja Spoticar Premium12 miesięcy · SPOTICAR SZTUKOWSKI OSTRÓW WLKP.Ostrów Wielkopolski · Sprawdź ofertę!,https://www.spoticar.pl/znajdz-uzywany-samochod/citroen-c5-aircross-12-mhev-max-edct6-ostrow-wielkopolski-1200222151,https://s3.eu-central-1.amazonaws.com/uvpictures-eu-central-1/368/SP/PL/CITROEN-C5-AIRCROSS-222151_1.JPG,https://s3.eu-central-1.amazonaws.com/uvpictures-eu-central-1/368/SP/PL/CITROEN-C5-AIRCROSS-222151_2.JPG|https://s3.eu-central-1.amazonaws.com/uvpictures-eu-central-1/368/SP/PL/CITROEN-C5-AIRCROSS-222151_3.JPG|https://s3.eu-central-1.amazonaws.com/uvpictures-eu-central-1/368/SP/PL/CITROEN-C5-AIRCROSS-222151_4.JPG,Citroën,C5 Aircross,2023,49715,KM,,Used,81900 PLN,PLN,CASH,81900 PLN,Total,Hybrid,Automatic,SPOTICAR SZTUKOWSKI OSTRÓW WLKP.Ostrów Wielkopolski,SPOTICAR SZTUKOWSKI OSTRÓW WLKP.,Gwarancja Spoticar Premium12 miesięcy
SPOT-70409,Opel Corsa · 47500 PLN,Opel Corsa · Cena: 47500 PLN · Gwarancja Spoticar Premium12 miesięcy · Spoticar Marimex Kraków-LibertówKraków-Libertów · Sprawdź ofertę!,https://www.spoticar.pl/znajdz-uzywany-samochod/opel-corsa-12-edition-ss-krakow-libertow-1200222140,https://s3.eu-central-1.amazonaws.com/uvpictures-eu-central-1/368/SP/PL/OPEL-CORSA-222140_1.JPG,https://s3.eu-central-1.amazonaws.com/uvpictures-eu-central-1/368/SP/PL/OPEL-CORSA-222140_2.JPG|https://s3.eu-central-1.amazonaws.com/uvpictures-eu-central-1/368/SP/PL/OPEL-CORSA-222140_3.JPG|https://s3.eu-central-1.amazonaws.com/uvpictures-eu-central-1/368/SP/PL/OPEL-CORSA-222140_4.JPG,Opel,Corsa,2022,73545,KM,,Used,47500 PLN,PLN,CASH,47500 PLN,Total,Gasoline,Manual,Spoticar Marimex Kraków-LibertówKraków-Libertów,Spoticar Marimex Kraków-Libertów,Gwarancja Spoticar Premium12 miesięcy
SPOT-70399,Opel Astra · 38900 PLN,Opel Astra · Cena: 38900 PLN · Gwarancja Spoticar Premium6 miesięcy · Spoticar MOTOR CENTRUM GdańskGdańsk · Sprawdź ofertę!,https://www.spoticar.pl/znajdz-uzywany-samochod/opel-astra-v-12-t-gs-line-ss-gdansk-1200222150,https://s3.eu-central-1.amazonaws.com/uvpictures-eu-central-1/368/SP/PL/OPEL-ASTRA-222150_1.JPG,https://s3.eu-central-1.amazonaws.com/uvpictures-eu-central-1/368/SP/PL/OPEL-ASTRA-222150_2.JPG|https://s3.eu-central-1.amazonaws.com/uvpictures-eu-central-1/368/SP/PL/OPEL-ASTRA-222150_3.JPG|https://s3.eu-central-1.amazonaws.com/uvpictures-eu-central-1/368/SP/PL/OPEL-ASTRA-222150_4.JPG,Opel,Astra,2020,95645,KM,,Used,38900 PLN,PLN,CASH,38900 PLN,Total,Gasoline,Manual,Spoticar MOTOR CENTRUM GdańskGdańsk,Spoticar MOTOR CENTRUM Gdańsk,Gwarancja Spoticar Premium6 miesięcy
SPOT-64966,Peugeot 3008 · 59900 PLN,Peugeot 3008 · Cena: 59900 PLN · Gwarancja Spoticar Premium6 miesięcy · Spoticar Auto Centrum Golemo Kraków · Sprawdź ofertę!,https://www.spoticar.pl/znajdz-uzywany-samochod/peugeot-3008-12-puretech-allure-ss-krakow-1200216878,https://s3.eu-central-1.amazonaws.com/uvpictures-eu-central-1/368/SP/PL/PEUGEOT-3008-216878_1.JPG,https://s3.eu-central-1.amazonaws.com/uvpictures-eu-central-1/368/SP/PL/PEUGEOT-3008-216878_2.JPG|https://s3.eu-central-1.amazonaws.com/uvpictures-eu-central-1/368/SP/PL/PEUGEOT-3008-216878_3.JPG|https://s3.eu-central-1.amazonaws.com/uvpictures-eu-central-1/368/SP/PL/PEUGEOT-3008-216878_4.JPG,Peugeot,3008,2020,140920,KM,,Used,59900 PLN,PLN,CASH,59900 PLN,Total,Gasoline,Manual,Spoticar Auto Centrum Golemo Kraków,Spoticar Auto Centrum Golemo KrakówSpoticar Auto Centrum Golemo Kraków,Gwarancja Spoticar Premium6 miesięcy
SPOT-70378,Jeep Avenger · 84900 PLN,Jeep Avenger · Cena: 84900 PLN · Gwarancja Spoticar Premium12 miesięcy · Spoticar Auto Centrum Golemo Kraków · Sprawdź ofertę!,https://www.spoticar.pl/znajdz-uzywany-samochod/jeep-avenger-12-gse-t3-longitude-fwd-krakow-1200222133,https://s3.eu-central-1.amazonaws.com/uvpictures-eu-central-1/368/SP/PL/JEEP-AVENGER-222133_1.JPG,https://s3.eu-central-1.amazonaws.com/uvpictures-eu-central-1/368/SP/PL/JEEP-AVENGER-222133_2.JPG|https://s3.eu-central-1.amazonaws.com/uvpictures-eu-central-1/368/SP/PL/JEEP-AVENGER-222133_3.JPG|https://s3.eu-central-1.amazonaws.com/uvpictures-eu-central-1/368/SP/PL/JEEP-AVENGER-222133_4.JPG,Jeep,Avenger,2025,7700,KM,,Used,84900 PLN,PLN,CASH,84900 PLN,Total,Gasoline,Manual,Spoticar Auto Centrum Golemo Kraków,Spoticar Auto Centrum Golemo KrakówSpoticar Auto Centrum Golemo Kraków,Gwarancja Spoticar Premium12 miesięcy
SPOT-70007,Opel Astra · 86000 PLN,Opel Astra · Cena: 86000 PLN · Gwarancja Spoticar Premium12 miesięcy · SPOTICAR STELLANTIS & YOU WARSZAWA RADZYMIŃSKA · Sprawdź ofertę!,https://www.spoticar.pl/znajdz-uzywany-samochod/opel-astra-vi-15-cdti-gs-line-ss-aut-warszawa-1200221773,https://s3.eu-central-1.amazonaws.com/uvpictures-eu-central-1/368/SP/PL/OPEL-ASTRA-221773_1.JPG,https://s3.eu-central-1.amazonaws.com/uvpictures-eu-central-1/368/SP/PL/OPEL-ASTRA-221773_2.JPG|https://s3.eu-central-1.amazonaws.com/uvpictures-eu-central-1/368/SP/PL/OPEL-ASTRA-221773_3.JPG|https://s3.eu-central-1.amazonaws.com/uvpictures-eu-central-1/368/SP/PL/OPEL-ASTRA-221773_4.JPG,Opel,Astra,2024,21277,KM,,Used,86000 PLN,PLN,CASH,86000 PLN,Total,Diesel,Automatic,SPOTICAR STELLANTIS & YOU WARSZAWA RADZYMIŃSKA,SPOTICAR STELLANTIS & YOU WARSZAWA RADZYMIŃSKASPOTICAR STELLANTIS & YOU WARSZAWA RADZYMIŃSKA,Gwarancja Spoticar Premium12 miesięcy
SPOT-69765,Citroën C5 Aircross · 59900 PLN,Citroën C5 Aircross · Cena: 59900 PLN · Gwarancja Spoticar Premium6 miesięcy · Spoticar Auto Centrum Golemo Kraków · Sprawdź ofertę!,https://www.spoticar.pl/znajdz-uzywany-samochod/citroen-c5-aircross-12-puretech-feel-krakow-1200221545,https://s3.eu-central-1.amazonaws.com/uvpictures-eu-central-1/368/SP/PL/CITROEN-C5-AIRCROSS-221545_1.JPG,https://s3.eu-central-1.amazonaws.com/uvpictures-eu-central-1/368/SP/PL/CITROEN-C5-AIRCROSS-221545_2.JPG|https://s3.eu-central-1.amazonaws.com/uvpictures-eu-central-1/368/SP/PL/CITROEN-C5-AIRCROSS-221545_3.JPG|https://s3.eu-central-1.amazonaws.com/uvpictures-eu-central-1/368/SP/PL/CITROEN-C5-AIRCROSS-221545_4.JPG,Citroën,C5 Aircross,2019,62563,KM,,Used,59900 PLN,PLN,CASH,59900 PLN,Total,Gasoline,Manual,Spoticar Auto Centrum Golemo Kraków,Spoticar Auto Centrum Golemo KrakówSpoticar Auto Centrum Golemo Kraków,Gwarancja Spoticar Premium6 miesięcy
SPOT-70176,Citroën C4 · 54900 PLN,Citroën C4 · Cena: 54900 PLN · Gwarancja Spoticar Premium6 miesięcy · Spoticar Auto Centrum Golemo Kraków · Sprawdź ofertę!,https://www.spoticar.pl/znajdz-uzywany-samochod/citroen-c4-15-bluehdi-live-pack-ss-krakow-1200221951,https://s3.eu-central-1.amazonaws.com/uvpictures-eu-central-1/368/SP/PL/CITROEN-C4-221951_1.JPG,https://s3.eu-central-1.amazonaws.com/uvpictures-eu-central-1/368/SP/PL/CITROEN-C4-221951_2.JPG|https://s3.eu-central-1.amazonaws.com/uvpictures-eu-central-1/368/SP/PL/CITROEN-C4-221951_3.JPG|https://s3.eu-central-1.amazonaws.com/uvpictures-eu-central-1/368/SP/PL/CITROEN-C4-221951_4.JPG,Citroën,C4,2021,131450,KM,,Used,54900 PLN,PLN,CASH,54900 PLN,Total,Diesel,Manual,Spoticar Auto Centrum Golemo Kraków,Spoticar Auto Centrum Golemo KrakówSpoticar Auto Centrum Golemo Kraków,Gwarancja Spoticar Premium6 miesięcy
SPOT-66901,Peugeot 2008 · 69900 PLN,Peugeot 2008 · Cena: 69900 PLN · Gwarancja Spoticar Premium6 miesięcy · SPOTICAR RIA STALOWA WOLAStalowa Wola / Grebów · Sprawdź ofertę!,https://www.spoticar.pl/znajdz-uzywany-samochod/peugeot-2008-e-2008-gt-pack-stalowa-wola-grebow-1200218734,https://s3.eu-central-1.amazonaws.com/uvpictures-eu-central-1/368/SP/PL/PEUGEOT-2008-218734_1.JPG,https://s3.eu-central-1.amazonaws.com/uvpictures-eu-central-1/368/SP/PL/PEUGEOT-2008-218734_2.JPG|https://s3.eu-central-1.amazonaws.com/uvpictures-eu-central-1/368/SP/PL/PEUGEOT-2008-218734_3.JPG|https://s3.eu-central-1.amazonaws.com/uvpictures-eu-central-1/368/SP/PL/PEUGEOT-2008-218734_4.JPG,Peugeot,2008,2021,54960,KM,,Used,69900 PLN,PLN,CASH,69900 PLN,Total,Electric,Automatic,SPOTICAR RIA STALOWA WOLAStalowa Wola / Grebów,SPOTICAR RIA STALOWA WOLA,Gwarancja Spoticar Premium6 miesięcy
SPOT-66350,Peugeot 5008 · 69900 PLN,Peugeot 5008 · Cena: 69900 PLN · Gwarancja Spoticar Premium6 miesięcy · Spoticar Auto Centrum Golemo Kraków · Sprawdź ofertę!,https://www.spoticar.pl/znajdz-uzywany-samochod/peugeot-5008-15-bluehdi-allure-pack-ss-krakow-1200218214,https://s3.eu-central-1.amazonaws.com/uvpictures-eu-central-1/368/SP/PL/PEUGEOT-5008-218214_1.JPG,https://s3.eu-central-1.amazonaws.com/uvpictures-eu-central-1/368/SP/PL/PEUGEOT-5008-218214_2.JPG|https://s3.eu-central-1.amazonaws.com/uvpictures-eu-central-1/368/SP/PL/PEUGEOT-5008-218214_3.JPG|https://s3.eu-central-1.amazonaws.com/uvpictures-eu-central-1/368/SP/PL/PEUGEOT-5008-218214_4.JPG,Peugeot,5008,2021,162369,KM,,Used,69900 PLN,PLN,CASH,69900 PLN,Total,Diesel,Manual,Spoticar Auto Centrum Golemo Kraków,Spoticar Auto Centrum Golemo KrakówSpoticar Auto Centrum Golemo Kraków,Gwarancja Spoticar Premium6 miesięcy
SPOT-68361,Peugeot 308 · 39900 PLN,Peugeot 308 · Cena: 39900 PLN · Gwarancja Spoticar Premium6 miesięcy · SPOTICAR PRASEK RADOMRadom · Sprawdź ofertę!,https://www.spoticar.pl/znajdz-uzywany-samochod/peugeot-308-12-puretech-gpf-active-pack-ss-radom-1200220180,https://s3.eu-central-1.amazonaws.com/uvpictures-eu-central-1/368/SP/PL/PEUGEOT-308-220180_1.JPG,https://s3.eu-central-1.amazonaws.com/uvpictures-eu-central-1/368/SP/PL/PEUGEOT-308-220180_2.JPG|https://s3.eu-central-1.amazonaws.com/uvpictures-eu-central-1/368/SP/PL/PEUGEOT-308-220180_3.JPG|https://s3.eu-central-1.amazonaws.com/uvpictures-eu-central-1/368/SP/PL/PEUGEOT-308-220180_4.JPG,Peugeot,308,2021,70107,KM,,Used,39900 PLN,PLN,CASH,39900 PLN,Total,Gasoline,Manual,SPOTICAR PRASEK RADOMRadom,SPOTICAR PRASEK RADOM,Gwarancja Spoticar Premium6 miesięcy
SPOT-68397,Peugeot 5008 · 114900 PLN,Peugeot 5008 · Cena: 114900 PLN · Gwarancja Spoticar Premium12 miesięcy · SPOTICAR STELLANTIS & YOU WARSZAWA PUŁAWSKA · Sprawdź ofertę!,https://www.spoticar.pl/znajdz-uzywany-samochod/peugeot-5008-15-bluehdi-gt-ss-eat8-warszawa-1200220200,https://s3.eu-central-1.amazonaws.com/uvpictures-eu-central-1/368/SP/PL/PEUGEOT-5008-220200_1.JPG,https://s3.eu-central-1.amazonaws.com/uvpictures-eu-central-1/368/SP/PL/PEUGEOT-5008-220200_2.JPG|https://s3.eu-central-1.amazonaws.com/uvpictures-eu-central-1/368/SP/PL/PEUGEOT-5008-220200_3.JPG|https://s3.eu-central-1.amazonaws.com/uvpictures-eu-central-1/368/SP/PL/PEUGEOT-5008-220200_4.JPG,Peugeot,5008,2024,35254,KM,,Used,114900 PLN,PLN,CASH,114900 PLN,Total,Diesel,Automatic,SPOTICAR STELLANTIS & YOU WARSZAWA PUŁAWSKA,SPOTICAR STELLANTIS & YOU WARSZAWA PUŁAWSKASPOTICAR STELLANTIS & YOU WARSZAWA PUŁAWSKA,Gwarancja Spoticar Premium12 miesięcy
SPOT-68161,DS 4 · 99900 PLN,DS 4 · Cena: 99900 PLN · Gwarancja Spoticar Premium12 miesięcy · Spoticar Auto Centrum Golemo Kraków · Sprawdź ofertę!,https://www.spoticar.pl/znajdz-uzywany-samochod/ds-ds-4-12-puretech-rivoli-aut-krakow-1200219981,https://s3.eu-central-1.amazonaws.com/uvpictures-eu-central-1/368/SP/PL/DS-DS-4-219981_1.JPG,https://s3.eu-central-1.amazonaws.com/uvpictures-eu-central-1/368/SP/PL/DS-DS-4-219981_2.JPG|https://s3.eu-central-1.amazonaws.com/uvpictures-eu-central-1/368/SP/PL/DS-DS-4-219981_3.JPG|https://s3.eu-central-1.amazonaws.com/uvpictures-eu-central-1/368/SP/PL/DS-DS-4-219981_4.JPG,DS,4,2023,13937,KM,,Used,99900 PLN,PLN,CASH,99900 PLN,Total,Gasoline,Automatic,Spoticar Auto Centrum Golemo Kraków,Spoticar Auto Centrum Golemo KrakówSpoticar Auto Centrum Golemo Kraków,Gwarancja Spoticar Premium12 miesięcy
SPOT-69510,Citroën C3 Aircross · 92900 PLN,Citroën C3 Aircross · Cena: 92900 PLN · Gwarancja Spoticar Premium12 miesięcy · SPOTICAR SZTUKOWSKI OSTRÓW WLKP.Ostrów Wielkopolski · Sprawdź ofertę!,https://www.spoticar.pl/znajdz-uzywany-samochod/citroen-c3-aircross-12-mhev-max-ss-edct6-ostrow-wielkopolski-1200221292,https://s3.eu-central-1.amazonaws.com/uvpictures-eu-central-1/368/SP/PL/CITROEN-C3-AIRCROSS-221292_1.JPG,https://s3.eu-central-1.amazonaws.com/uvpictures-eu-central-1/368/SP/PL/CITROEN-C3-AIRCROSS-221292_2.JPG|https://s3.eu-central-1.amazonaws.com/uvpictures-eu-central-1/368/SP/PL/CITROEN-C3-AIRCROSS-221292_3.JPG|https://s3.eu-central-1.amazonaws.com/uvpictures-eu-central-1/368/SP/PL/CITROEN-C3-AIRCROSS-221292_4.JPG,Citroën,C3 Aircross,2025,3626,KM,,Used,92900 PLN,PLN,CASH,92900 PLN,Total,Hybrid,Automatic,SPOTICAR SZTUKOWSKI OSTRÓW WLKP.Ostrów Wielkopolski,SPOTICAR SZTUKOWSKI OSTRÓW WLKP.,Gwarancja Spoticar Premium12 miesięcy
SPOT-64903,Citroën Jumper · 123000 PLN,Citroën Jumper · Cena: 123000 PLN · Gwarancja Spoticar Premium12 miesięcy · SPOTICAR STELLANTIS & YOU WARSZAWA RADZYMIŃSKA · Sprawdź ofertę!,https://www.spoticar.pl/znajdz-uzywany-samochod/citroen-jumper-heavy-h3-power-l4h2-warszawa-100216809,https://s3.eu-central-1.amazonaws.com/uvpictures-eu-central-1/368/SP/PL/CITROEN-JUMPER-216809_1.JPG,https://s3.eu-central-1.amazonaws.com/uvpictures-eu-central-1/368/SP/PL/CITROEN-JUMPER-216809_2.JPG|https://s3.eu-central-1.amazonaws.com/uvpictures-eu-central-1/368/SP/PL/CITROEN-JUMPER-216809_3.JPG|https://s3.eu-central-1.amazonaws.com/uvpictures-eu-central-1/368/SP/PL/CITROEN-JUMPER-216809_4.JPG,Citroën,Jumper,2024,4950,KM,,Used,123000 PLN,PLN,CASH,123000 PLN,Total,Diesel,Manual,SPOTICAR STELLANTIS & YOU WARSZAWA RADZYMIŃSKA,SPOTICAR STELLANTIS & YOU WARSZAWA RADZYMIŃSKASPOTICAR STELLANTIS & YOU WARSZAWA RADZYMIŃSKA,Gwarancja Spoticar Premium12 miesięcy
SPOT-62911,Peugeot 3008 · 99990 PLN,Peugeot 3008 · Cena: 99990 PLN · Gwarancja Spoticar Premium6 miesięcy · Spoticar GEZET SzczecinSzczecin · Sprawdź ofertę!,https://www.spoticar.pl/znajdz-uzywany-samochod/peugeot-3008-12-puretech-allure-ss-eat8-szczecin-400214872,https://s3.eu-central-1.amazonaws.com/uvpictures-eu-central-1/368/SP/PL/PEUGEOT-3008-214872_1.JPG,https://s3.eu-central-1.amazonaws.com/uvpictures-eu-central-1/368/SP/PL/PEUGEOT-3008-214872_2.JPG|https://s3.eu-central-1.amazonaws.com/uvpictures-eu-central-1/368/SP/PL/PEUGEOT-3008-214872_3.JPG|https://s3.eu-central-1.amazonaws.com/uvpictures-eu-central-1/368/SP/PL/PEUGEOT-3008-214872_4.JPG,Peugeot,3008,2021,52539,KM,,Used,99990 PLN,PLN,CASH,99990 PLN,Total,Gasoline,Automatic,Spoticar GEZET SzczecinSzczecin,Spoticar GEZET Szczecin,Gwarancja Spoticar Premium6 miesięcy
SPOT-65883,Opel Grandland · 99990 PLN,Opel Grandland · Cena: 99990 PLN · Gwarancja Spoticar Premium12 miesięcy · Spoticar GEZET SzczecinSzczecin · Sprawdź ofertę!,https://www.spoticar.pl/znajdz-uzywany-samochod/opel-grandland-12-t-business-edition-ss-szczecin-400217781,https://s3.eu-central-1.amazonaws.com/uvpictures-eu-central-1/368/SP/PL/OPEL-GRANDLAND-217781_1.JPG,https://s3.eu-central-1.amazonaws.com/uvpictures-eu-central-1/368/SP/PL/OPEL-GRANDLAND-217781_2.JPG|https://s3.eu-central-1.amazonaws.com/uvpictures-eu-central-1/368/SP/PL/OPEL-GRANDLAND-217781_3.JPG|https://s3.eu-central-1.amazonaws.com/uvpictures-eu-central-1/368/SP/PL/OPEL-GRANDLAND-217781_4.JPG,Opel,Grandland,2022,8946,KM,,Used,99990 PLN,PLN,CASH,99990 PLN,Total,Gasoline,Manual,Spoticar GEZET SzczecinSzczecin,Spoticar GEZET Szczecin,Gwarancja Spoticar Premium12 miesięcy
SPOT-65873,Opel Grandland · 99990 PLN,Opel Grandland · Cena: 99990 PLN · Gwarancja Spoticar Premium12 miesięcy · Spoticar GEZET SzczecinSzczecin · Sprawdź ofertę!,https://www.spoticar.pl/znajdz-uzywany-samochod/opel-grandland-12-t-gs-line-ss-szczecin-400217782,https://s3.eu-central-1.amazonaws.com/uvpictures-eu-central-1/368/SP/PL/OPEL-GRANDLAND-217782_1.JPG,https://s3.eu-central-1.amazonaws.com/uvpictures-eu-central-1/368/SP/PL/OPEL-GRANDLAND-217782_2.JPG|https://s3.eu-central-1.amazonaws.com/uvpictures-eu-central-1/368/SP/PL/OPEL-GRANDLAND-217782_3.JPG|https://s3.eu-central-1.amazonaws.com/uvpictures-eu-central-1/368/SP/PL/OPEL-GRANDLAND-217782_4.JPG,Opel,Grandland,2022,23822,KM,,Used,99990 PLN,PLN,CASH,99990 PLN,Total,Gasoline,Manual,Spoticar GEZET SzczecinSzczecin,Spoticar GEZET Szczecin,Gwarancja Spoticar Premium12 miesięcy
SPOT-70672,Citroën C5 Aircross · 91900 PLN,Citroën C5 Aircross · Cena: 91900 PLN · Gwarancja Spoticar Premium12 miesięcy · SPOTICAR RIA GRUDZIĄDZGRUDZIADZ · Sprawdź ofertę!,https://www.spoticar.pl/znajdz-uzywany-samochod/citroen-c5-aircross-15-bluehdi-max-eat8-grudziadz-1200222424,https://s3.eu-central-1.amazonaws.com/uvpictures-eu-central-1/368/SP/PL/CITROEN-C5-AIRCROSS-222424_1.JPG,https://s3.eu-central-1.amazonaws.com/uvpictures-eu-central-1/368/SP/PL/CITROEN-C5-AIRCROSS-222424_2.JPG|https://s3.eu-central-1.amazonaws.com/uvpictures-eu-central-1/368/SP/PL/CITROEN-C5-AIRCROSS-222424_3.JPG|https://s3.eu-central-1.amazonaws.com/uvpictures-eu-central-1/368/SP/PL/CITROEN-C5-AIRCROSS-222424_4.JPG,Citroën,C5 Aircross,2024,57848,KM,,Used,91900 PLN,PLN,CASH,91900 PLN,Total,Diesel,Automatic,SPOTICAR RIA GRUDZIĄDZGRUDZIADZ,SPOTICAR RIA GRUDZIĄDZ,Gwarancja Spoticar Premium12 miesięcy
SPOT-70030,Peugeot 3008 · 54990 PLN,Peugeot 3008 · Cena: 54990 PLN · Gwarancja Spoticar Premium6 miesięcy · SPOTICAR DEJON I DĄBROWSKI LEGNICA · Sprawdź ofertę!,https://www.spoticar.pl/znajdz-uzywany-samochod/peugeot-3008-16-thp-allure-ss-eat6-legnica-1200221785,https://s3.eu-central-1.amazonaws.com/uvpictures-eu-central-1/368/SP/PL/PEUGEOT-3008-221785_1.JPG,https://s3.eu-central-1.amazonaws.com/uvpictures-eu-central-1/368/SP/PL/PEUGEOT-3008-221785_2.JPG|https://s3.eu-central-1.amazonaws.com/uvpictures-eu-central-1/368/SP/PL/PEUGEOT-3008-221785_3.JPG|https://s3.eu-central-1.amazonaws.com/uvpictures-eu-central-1/368/SP/PL/PEUGEOT-3008-221785_4.JPG,Peugeot,3008,2017,160532,KM,,Used,54990 PLN,PLN,CASH,54990 PLN,Total,Gasoline,Automatic,SPOTICAR DEJON I DĄBROWSKI LEGNICA,SPOTICAR DEJON I DĄBROWSKI LEGNICASPOTICAR DEJON I DĄBROWSKI LEGNICA,Gwarancja Spoticar Premium6 miesięcy
SPOT-70501,Peugeot 2008 · 57900 PLN,Peugeot 2008 · Cena: 57900 PLN · Gwarancja Spoticar Premium6 miesięcy · Spoticar Auto Centrum Golemo Kraków · Sprawdź ofertę!,https://www.spoticar.pl/znajdz-uzywany-samochod/peugeot-2008-12-puretech-active-pack-ss-eat8-krakow-1200222227,https://s3.eu-central-1.amazonaws.com/uvpictures-eu-central-1/368/SP/PL/PEUGEOT-2008-222227_1.JPG,https://s3.eu-central-1.amazonaws.com/uvpictures-eu-central-1/368/SP/PL/PEUGEOT-2008-222227_2.JPG|https://s3.eu-central-1.amazonaws.com/uvpictures-eu-central-1/368/SP/PL/PEUGEOT-2008-222227_3.JPG|https://s3.eu-central-1.amazonaws.com/uvpictures-eu-central-1/368/SP/PL/PEUGEOT-2008-222227_4.JPG,Peugeot,2008,2022,134725,KM,,Used,57900 PLN,PLN,CASH,57900 PLN,Total,Gasoline,Automatic,Spoticar Auto Centrum Golemo Kraków,Spoticar Auto Centrum Golemo KrakówSpoticar Auto Centrum Golemo Kraków,Gwarancja Spoticar Premium6 miesięcy
SPOT-70801,Peugeot 5008 · 98900 PLN,Peugeot 5008 · Cena: 98900 PLN · Gwarancja Spoticar Premium12 miesięcy · SPOTICAR STELLANTIS & YOU WARSZAWA AL. KRAKOWSKA · Sprawdź ofertę!,https://www.spoticar.pl/znajdz-uzywany-samochod/peugeot-5008-15-bluehdi-allure-pack-ss-eat8-warszawa-1200222536,https://s3.eu-central-1.amazonaws.com/uvpictures-eu-central-1/368/SP/PL/PEUGEOT-5008-222536_1.JPG,https://s3.eu-central-1.amazonaws.com/uvpictures-eu-central-1/368/SP/PL/PEUGEOT-5008-222536_2.JPG|https://s3.eu-central-1.amazonaws.com/uvpictures-eu-central-1/368/SP/PL/PEUGEOT-5008-222536_3.JPG|https://s3.eu-central-1.amazonaws.com/uvpictures-eu-central-1/368/SP/PL/PEUGEOT-5008-222536_4.JPG,Peugeot,5008,2023,53665,KM,,Used,98900 PLN,PLN,CASH,98900 PLN,Total,Diesel,Automatic,SPOTICAR STELLANTIS & YOU WARSZAWA AL. KRAKOWSKA,SPOTICAR STELLANTIS & YOU WARSZAWA AL. KRAKOWSKASPOTICAR STELLANTIS & YOU WARSZAWA AL. KRAKOWSKA,Gwarancja Spoticar Premium12 miesięcy
SPOT-70501,Peugeot 2008 · 57900 PLN,Peugeot 2008 · Cena: 57900 PLN · Gwarancja Spoticar Premium6 miesięcy · Spoticar Auto Centrum Golemo Kraków · Sprawdź ofertę!,https://www.spoticar.pl/znajdz-uzywany-samochod/peugeot-2008-12-puretech-active-pack-ss-eat8-krakow-1200222227,https://s3.eu-central-1.amazonaws.com/uvpictures-eu-central-1/368/SP/PL/PEUGEOT-2008-222227_1.JPG,https://s3.eu-central-1.amazonaws.com/uvpictures-eu-central-1/368/SP/PL/PEUGEOT-2008-222227_2.JPG|https://s3.eu-central-1.amazonaws.com/uvpictures-eu-central-1/368/SP/PL/PEUGEOT-2008-222227_3.JPG|https://s3.eu-central-1.amazonaws.com/uvpictures-eu-central-1/368/SP/PL/PEUGEOT-2008-222227_4.JPG,Peugeot,2008,2022,134725,KM,,Used,57900 PLN,PLN,CASH,57900 PLN,Total,Gasoline,Automatic,Spoticar Auto Centrum Golemo Kraków,Spoticar Auto Centrum Golemo KrakówSpoticar Auto Centrum Golemo Kraków,Gwarancja Spoticar Premium6 miesięcy
SPOT-70511,Peugeot 3008 · 119900 PLN,Peugeot 3008 · Cena: 119900 PLN · Gwarancja Spoticar Premium12 miesięcy · SPOTICAR SZTUKOWSKI OSTRÓW WLKP.Ostrów Wielkopolski · Sprawdź ofertę!,https://www.spoticar.pl/znajdz-uzywany-samochod/peugeot-3008-12-puretech-mhev-allure-e-dcs6-ostrow-wielkopolski-1200222282,https://s3.eu-central-1.amazonaws.com/uvpictures-eu-central-1/368/SP/PL/PEUGEOT-3008-222282_1.JPG,https://s3.eu-central-1.amazonaws.com/uvpictures-eu-central-1/368/SP/PL/PEUGEOT-3008-222282_2.JPG|https://s3.eu-central-1.amazonaws.com/uvpictures-eu-central-1/368/SP/PL/PEUGEOT-3008-222282_3.JPG|https://s3.eu-central-1.amazonaws.com/uvpictures-eu-central-1/368/SP/PL/PEUGEOT-3008-222282_4.JPG,Peugeot,3008,2025,10256,KM,,Used,119900 PLN,PLN,CASH,119900 PLN,Total,Hybrid,Automatic,SPOTICAR SZTUKOWSKI OSTRÓW WLKP.Ostrów Wielkopolski,SPOTICAR SZTUKOWSKI OSTRÓW WLKP.,Gwarancja Spoticar Premium12 miesięcy
SPOT-70824,Opel Astra · 69900 PLN,Opel Astra · Cena: 69900 PLN · Gwarancja Spoticar Premium12 miesięcy · SPOTICAR SZTUKOWSKI OSTRÓW WLKP.Ostrów Wielkopolski · Sprawdź ofertę!,https://www.spoticar.pl/znajdz-uzywany-samochod/opel-astra-vi-12-t-gs-ss-ostrow-wielkopolski-1200222578,https://s3.eu-central-1.amazonaws.com/uvpictures-eu-central-1/368/SP/PL/OPEL-ASTRA-222578_1.JPG,https://s3.eu-central-1.amazonaws.com/uvpictures-eu-central-1/368/SP/PL/OPEL-ASTRA-222578_2.JPG|https://s3.eu-central-1.amazonaws.com/uvpictures-eu-central-1/368/SP/PL/OPEL-ASTRA-222578_3.JPG|https://s3.eu-central-1.amazonaws.com/uvpictures-eu-central-1/368/SP/PL/OPEL-ASTRA-222578_4.JPG,Opel,Astra,2024,31239,KM,,Used,69900 PLN,PLN,CASH,69900 PLN,Total,Gasoline,Manual,SPOTICAR SZTUKOWSKI OSTRÓW WLKP.Ostrów Wielkopolski,SPOTICAR SZTUKOWSKI OSTRÓW WLKP.,Gwarancja Spoticar Premium12 miesięcy
SPOT-70632,Citroën C4 · 74900 PLN,Citroën C4 · Cena: 74900 PLN · Gwarancja Spoticar Premium12 miesięcy · SPOTICAR RIA STALOWA WOLAStalowa Wola / Grebów · Sprawdź ofertę!,https://www.spoticar.pl/znajdz-uzywany-samochod/citroen-c4-15-bluehdi-feel-pack-ss-eat8-stalowa-wola-grebow-1200222408,https://s3.eu-central-1.amazonaws.com/uvpictures-eu-central-1/368/SP/PL/CITROEN-C4-222408_1.JPG,https://s3.eu-central-1.amazonaws.com/uvpictures-eu-central-1/368/SP/PL/CITROEN-C4-222408_2.JPG|https://s3.eu-central-1.amazonaws.com/uvpictures-eu-central-1/368/SP/PL/CITROEN-C4-222408_3.JPG|https://s3.eu-central-1.amazonaws.com/uvpictures-eu-central-1/368/SP/PL/CITROEN-C4-222408_4.JPG,Citroën,C4,2024,44238,KM,,Used,74900 PLN,PLN,CASH,74900 PLN,Total,Diesel,Automatic,SPOTICAR RIA STALOWA WOLAStalowa Wola / Grebów,SPOTICAR RIA STALOWA WOLA,Gwarancja Spoticar Premium12 miesięcy
SPOT-71283,Fiat 600 · 81900 PLN,Fiat 600 · Cena: 81900 PLN · Gwarancja Spoticar Premium12 miesięcy · Spoticar  Budmat Auto PłockPłock · Sprawdź ofertę!,https://www.spoticar.pl/znajdz-uzywany-samochod/fiat-600-e-54kwh-red-plock-1200223026,https://s3.eu-central-1.amazonaws.com/uvpictures-eu-central-1/368/SP/PL/FIAT-600-223026_1.JPG,https://s3.eu-central-1.amazonaws.com/uvpictures-eu-central-1/368/SP/PL/FIAT-600-223026_2.JPG|https://s3.eu-central-1.amazonaws.com/uvpictures-eu-central-1/368/SP/PL/FIAT-600-223026_3.JPG|https://s3.eu-central-1.amazonaws.com/uvpictures-eu-central-1/368/SP/PL/FIAT-600-223026_4.JPG,Fiat,600,2024,34560,KM,,Used,81900 PLN,PLN,CASH,81900 PLN,Total,Electric,Automatic,Spoticar  Budmat Auto PłockPłock,Spoticar  Budmat Auto Płock,Gwarancja Spoticar Premium12 miesięcy
SPOT-71290,Peugeot 3008 · 71900 PLN,Peugeot 3008 · Cena: 71900 PLN · Gwarancja Spoticar Premium6 miesięcy · SPOTICAR RIA GRUDZIĄDZGRUDZIADZ · Sprawdź ofertę!,https://www.spoticar.pl/znajdz-uzywany-samochod/peugeot-3008-16-puretech-gpf-crossway-ss-eat8-grudziadz-1200223020,https://s3.eu-central-1.amazonaws.com/uvpictures-eu-central-1/368/SP/PL/PEUGEOT-3008-223020_1.JPG,https://s3.eu-central-1.amazonaws.com/uvpictures-eu-central-1/368/SP/PL/PEUGEOT-3008-223020_2.JPG|https://s3.eu-central-1.amazonaws.com/uvpictures-eu-central-1/368/SP/PL/PEUGEOT-3008-223020_3.JPG|https://s3.eu-central-1.amazonaws.com/uvpictures-eu-central-1/368/SP/PL/PEUGEOT-3008-223020_4.JPG,Peugeot,3008,2019,114220,KM,,Used,71900 PLN,PLN,CASH,71900 PLN,Total,Gasoline,Automatic,SPOTICAR RIA GRUDZIĄDZGRUDZIADZ,SPOTICAR RIA GRUDZIĄDZ,Gwarancja Spoticar Premium6 miesięcy
SPOT-70911,Citroën C5 Aircross · 92900 PLN,Citroën C5 Aircross · Cena: 92900 PLN · Gwarancja Spoticar Premium12 miesięcy · SPOTICAR SZTUKOWSKI OSTRÓW WLKP.Ostrów Wielkopolski · Sprawdź ofertę!,https://www.spoticar.pl/znajdz-uzywany-samochod/citroen-c5-aircross-15-bluehdi-max-eat8-ostrow-wielkopolski-1200222672,https://s3.eu-central-1.amazonaws.com/uvpictures-eu-central-1/368/SP/PL/CITROEN-C5-AIRCROSS-222672_1.JPG,https://s3.eu-central-1.amazonaws.com/uvpictures-eu-central-1/368/SP/PL/CITROEN-C5-AIRCROSS-222672_2.JPG|https://s3.eu-central-1.amazonaws.com/uvpictures-eu-central-1/368/SP/PL/CITROEN-C5-AIRCROSS-222672_3.JPG|https://s3.eu-central-1.amazonaws.com/uvpictures-eu-central-1/368/SP/PL/CITROEN-C5-AIRCROSS-222672_4.JPG,Citroën,C5 Aircross,2024,40029,KM,,Used,92900 PLN,PLN,CASH,92900 PLN,Total,Diesel,Automatic,SPOTICAR SZTUKOWSKI OSTRÓW WLKP.Ostrów Wielkopolski,SPOTICAR SZTUKOWSKI OSTRÓW WLKP.,Gwarancja Spoticar Premium12 miesięcy
SPOT-71081,Citroën C5 X · 87900 PLN,Citroën C5 X · Cena: 87900 PLN · Gwarancja Spoticar Premium6 miesięcy · SPOTICAR RIA GRUDZIĄDZGRUDZIADZ · Sprawdź ofertę!,https://www.spoticar.pl/znajdz-uzywany-samochod/citroen-c5-x-c5-x-12-puretech-plus-eat8-grudziadz-1200222823,https://s3.eu-central-1.amazonaws.com/uvpictures-eu-central-1/368/SP/PL/CITROEN-C5-X-222823_1.JPG,https://s3.eu-central-1.amazonaws.com/uvpictures-eu-central-1/368/SP/PL/CITROEN-C5-X-222823_2.JPG|https://s3.eu-central-1.amazonaws.com/uvpictures-eu-central-1/368/SP/PL/CITROEN-C5-X-222823_3.JPG|https://s3.eu-central-1.amazonaws.com/uvpictures-eu-central-1/368/SP/PL/CITROEN-C5-X-222823_4.JPG,Citroën,C5 X,2024,19914,KM,,Used,87900 PLN,PLN,CASH,87900 PLN,Total,Gasoline,Automatic,SPOTICAR RIA GRUDZIĄDZGRUDZIADZ,SPOTICAR RIA GRUDZIĄDZ,Gwarancja Spoticar Premium6 miesięcy
SPOT-71235,Opel Astra · 57900 PLN,Opel Astra · Cena: 57900 PLN · Gwarancja Spoticar Premium12 miesięcy · SPOTICAR SZTUKOWSKI OSTRÓW WLKP.Ostrów Wielkopolski · Sprawdź ofertę!,https://www.spoticar.pl/znajdz-uzywany-samochod/opel-astra-vi-12-t-edition-ss-ostrow-wielkopolski-1200222985,https://s3.eu-central-1.amazonaws.com/uvpictures-eu-central-1/368/SP/PL/OPEL-ASTRA-222985_1.JPG,https://s3.eu-central-1.amazonaws.com/uvpictures-eu-central-1/368/SP/PL/OPEL-ASTRA-222985_2.JPG|https://s3.eu-central-1.amazonaws.com/uvpictures-eu-central-1/368/SP/PL/OPEL-ASTRA-222985_3.JPG|https://s3.eu-central-1.amazonaws.com/uvpictures-eu-central-1/368/SP/PL/OPEL-ASTRA-222985_4.JPG,Opel,Astra,2024,54248,KM,,Used,57900 PLN,PLN,CASH,57900 PLN,Total,Gasoline,Manual,SPOTICAR SZTUKOWSKI OSTRÓW WLKP.Ostrów Wielkopolski,SPOTICAR SZTUKOWSKI OSTRÓW WLKP.,Gwarancja Spoticar Premium12 miesięcy
SPOT-69611,Opel Corsa · 42900 PLN,Opel Corsa · Cena: 42900 PLN · Gwarancja Spoticar Premium12 miesięcy · Spoticar Auto Centrum Golemo Kraków · Sprawdź ofertę!,https://www.spoticar.pl/znajdz-uzywany-samochod/opel-corsa-12-ss-krakow-1200221387,https://s3.eu-central-1.amazonaws.com/uvpictures-eu-central-1/368/SP/PL/OPEL-CORSA-221387_1.JPG,https://s3.eu-central-1.amazonaws.com/uvpictures-eu-central-1/368/SP/PL/OPEL-CORSA-221387_2.JPG|https://s3.eu-central-1.amazonaws.com/uvpictures-eu-central-1/368/SP/PL/OPEL-CORSA-221387_3.JPG|https://s3.eu-central-1.amazonaws.com/uvpictures-eu-central-1/368/SP/PL/OPEL-CORSA-221387_4.JPG,Opel,Corsa,2023,48379,KM,,Used,42900 PLN,PLN,CASH,42900 PLN,Total,Gasoline,Manual,Spoticar Auto Centrum Golemo Kraków,Spoticar Auto Centrum Golemo KrakówSpoticar Auto Centrum Golemo Kraków,Gwarancja Spoticar Premium12 miesięcy
SPOT-71378,Citroën C4 X · 84900 PLN,Citroën C4 X · Cena: 84900 PLN · Gwarancja Spoticar Premium6 miesięcy · SPOTICAR SZTUKOWSKI OSTRÓW WLKP.Ostrów Wielkopolski · Sprawdź ofertę!,https://www.spoticar.pl/znajdz-uzywany-samochod/citroen-c4-x-e-c4-x-ev136-50kwh-shine-pack-ostrow-wielkopolski-1200223120,https://s3.eu-central-1.amazonaws.com/uvpictures-eu-central-1/368/SP/PL/CITROEN-C4-X-223120_1.JPG,https://s3.eu-central-1.amazonaws.com/uvpictures-eu-central-1/368/SP/PL/CITROEN-C4-X-223120_2.JPG|https://s3.eu-central-1.amazonaws.com/uvpictures-eu-central-1/368/SP/PL/CITROEN-C4-X-223120_3.JPG|https://s3.eu-central-1.amazonaws.com/uvpictures-eu-central-1/368/SP/PL/CITROEN-C4-X-223120_4.JPG,Citroën,C4 X,2024,30182,KM,,Used,84900 PLN,PLN,CASH,84900 PLN,Total,Electric,Automatic,SPOTICAR SZTUKOWSKI OSTRÓW WLKP.Ostrów Wielkopolski,SPOTICAR SZTUKOWSKI OSTRÓW WLKP.,Gwarancja Spoticar Premium6 miesięcy
SPOT-71443,Peugeot 208 · 66900 PLN,Peugeot 208 · Cena: 66900 PLN · Gwarancja Spoticar Premium12 miesięcy · Spoticar Auto Centrum Golemo Kraków · Sprawdź ofertę!,https://www.spoticar.pl/znajdz-uzywany-samochod/peugeot-208-12-mhev-active-e-dcs6-krakow-1200223176,https://s3.eu-central-1.amazonaws.com/uvpictures-eu-central-1/368/SP/PL/PEUGEOT-208-223176_1.JPG,https://s3.eu-central-1.amazonaws.com/uvpictures-eu-central-1/368/SP/PL/PEUGEOT-208-223176_2.JPG|https://s3.eu-central-1.amazonaws.com/uvpictures-eu-central-1/368/SP/PL/PEUGEOT-208-223176_3.JPG|https://s3.eu-central-1.amazonaws.com/uvpictures-eu-central-1/368/SP/PL/PEUGEOT-208-223176_4.JPG,Peugeot,208,2024,33185,KM,,Used,66900 PLN,PLN,CASH,66900 PLN,Total,Gasoline,Automatic,Spoticar Auto Centrum Golemo Kraków,Spoticar Auto Centrum Golemo KrakówSpoticar Auto Centrum Golemo Kraków,Gwarancja Spoticar Premium12 miesięcy
SPOT-71254,Citroën C5 Aircross · 84900 PLN,Citroën C5 Aircross · Cena: 84900 PLN · Gwarancja Spoticar Premium6 miesięcy · SPOTICAR SZTUKOWSKI OSTRÓW WLKP.Ostrów Wielkopolski · Sprawdź ofertę!,https://www.spoticar.pl/znajdz-uzywany-samochod/citroen-c5-aircross-15-bluehdi-max-eat8-ostrow-wielkopolski-1200222997,https://s3.eu-central-1.amazonaws.com/uvpictures-eu-central-1/368/SP/PL/CITROEN-C5-AIRCROSS-222997_1.JPG,https://s3.eu-central-1.amazonaws.com/uvpictures-eu-central-1/368/SP/PL/CITROEN-C5-AIRCROSS-222997_2.JPG|https://s3.eu-central-1.amazonaws.com/uvpictures-eu-central-1/368/SP/PL/CITROEN-C5-AIRCROSS-222997_3.JPG|https://s3.eu-central-1.amazonaws.com/uvpictures-eu-central-1/368/SP/PL/CITROEN-C5-AIRCROSS-222997_4.JPG,Citroën,C5 Aircross,2023,60000,KM,,Used,84900 PLN,PLN,CASH,84900 PLN,Total,Diesel,Automatic,SPOTICAR SZTUKOWSKI OSTRÓW WLKP.Ostrów Wielkopolski,SPOTICAR SZTUKOWSKI OSTRÓW WLKP.,Gwarancja Spoticar Premium6 miesięcy
SPOT-70990,Citroën C3 Aircross · 69900 PLN,Citroën C3 Aircross · Cena: 69900 PLN · Gwarancja Spoticar Premium12 miesięcy · SPOTICAR STELLANTIS & YOU WARSZAWA RADZYMIŃSKA · Sprawdź ofertę!,https://www.spoticar.pl/znajdz-uzywany-samochod/citroen-c3-aircross-12-puretech-plus-ss-eat6-warszawa-1200222721,https://s3.eu-central-1.amazonaws.com/uvpictures-eu-central-1/368/SP/PL/CITROEN-C3-AIRCROSS-222721_1.JPG,https://s3.eu-central-1.amazonaws.com/uvpictures-eu-central-1/368/SP/PL/CITROEN-C3-AIRCROSS-222721_2.JPG|https://s3.eu-central-1.amazonaws.com/uvpictures-eu-central-1/368/SP/PL/CITROEN-C3-AIRCROSS-222721_3.JPG|https://s3.eu-central-1.amazonaws.com/uvpictures-eu-central-1/368/SP/PL/CITROEN-C3-AIRCROSS-222721_4.JPG,Citroën,C3 Aircross,2024,22800,KM,,Used,69900 PLN,PLN,CASH,69900 PLN,Total,Gasoline,Automatic,SPOTICAR STELLANTIS & YOU WARSZAWA RADZYMIŃSKA,SPOTICAR STELLANTIS & YOU WARSZAWA RADZYMIŃSKASPOTICAR STELLANTIS & YOU WARSZAWA RADZYMIŃSKA,Gwarancja Spoticar Premium12 miesięcy
SPOT-71279,Jeep Avenger · 89900 PLN,Jeep Avenger · Cena: 89900 PLN · Gwarancja Spoticar Premium12 miesięcy · SPOTICAR SZTUKOWSKI OSTRÓW WLKP.Ostrów Wielkopolski · Sprawdź ofertę!,https://www.spoticar.pl/znajdz-uzywany-samochod/jeep-avenger-54kwh-longitude-ostrow-wielkopolski-1200223029,https://s3.eu-central-1.amazonaws.com/uvpictures-eu-central-1/368/SP/PL/JEEP-AVENGER-223029_1.JPG,https://s3.eu-central-1.amazonaws.com/uvpictures-eu-central-1/368/SP/PL/JEEP-AVENGER-223029_2.JPG|https://s3.eu-central-1.amazonaws.com/uvpictures-eu-central-1/368/SP/PL/JEEP-AVENGER-223029_3.JPG|https://s3.eu-central-1.amazonaws.com/uvpictures-eu-central-1/368/SP/PL/JEEP-AVENGER-223029_4.JPG,Jeep,Avenger,2024,20552,KM,,Used,89900 PLN,PLN,CASH,89900 PLN,Total,Electric,Automatic,SPOTICAR SZTUKOWSKI OSTRÓW WLKP.Ostrów Wielkopolski,SPOTICAR SZTUKOWSKI OSTRÓW WLKP.,Gwarancja Spoticar Premium12 miesięcy
SPOT-62778,Opel Corsa · 97990 PLN,Opel Corsa · Cena: 97990 PLN · Gwarancja Spoticar Premium12 miesięcy · Spoticar GEZET SzczecinSzczecin · Sprawdź ofertę!,https://www.spoticar.pl/znajdz-uzywany-samochod/opel-corsa-12-t-mhev-gs-edct-szczecin-400214745,https://s3.eu-central-1.amazonaws.com/uvpictures-eu-central-1/368/SP/PL/OPEL-CORSA-214745_1.JPG,https://s3.eu-central-1.amazonaws.com/uvpictures-eu-central-1/368/SP/PL/OPEL-CORSA-214745_2.JPG|https://s3.eu-central-1.amazonaws.com/uvpictures-eu-central-1/368/SP/PL/OPEL-CORSA-214745_3.JPG|https://s3.eu-central-1.amazonaws.com/uvpictures-eu-central-1/368/SP/PL/OPEL-CORSA-214745_4.JPG,Opel,Corsa,2024,3000,KM,,Used,97990 PLN,PLN,CASH,97990 PLN,Total,Gasoline,Automatic,Spoticar GEZET SzczecinSzczecin,Spoticar GEZET Szczecin,Gwarancja Spoticar Premium12 miesięcy
SPOT-64319,Opel Mokka · 91990 PLN,Opel Mokka · Cena: 91990 PLN · Gwarancja Spoticar Premium12 miesięcy · Spoticar GEZET SzczecinSzczecin · Sprawdź ofertę!,https://www.spoticar.pl/znajdz-uzywany-samochod/opel-mokka-12-t-gs-ss-szczecin-400216251,https://s3.eu-central-1.amazonaws.com/uvpictures-eu-central-1/368/SP/PL/OPEL-MOKKA-216251_1.JPG,https://s3.eu-central-1.amazonaws.com/uvpictures-eu-central-1/368/SP/PL/OPEL-MOKKA-216251_2.JPG|https://s3.eu-central-1.amazonaws.com/uvpictures-eu-central-1/368/SP/PL/OPEL-MOKKA-216251_3.JPG|https://s3.eu-central-1.amazonaws.com/uvpictures-eu-central-1/368/SP/PL/OPEL-MOKKA-216251_4.JPG,Opel,Mokka,2022,26580,KM,,Used,91990 PLN,PLN,CASH,91990 PLN,Total,Gasoline,Manual,Spoticar GEZET SzczecinSzczecin,Spoticar GEZET Szczecin,Gwarancja Spoticar Premium12 miesięcy
SPOT-65848,Fiat Ducato · 150048 PLN,Fiat Ducato · Cena: 150048 PLN · Gwarancja Spoticar Premium12 miesięcy · Spoticar GEZET SzczecinSzczecin · Sprawdź ofertę!,https://www.spoticar.pl/znajdz-uzywany-samochod/fiat-ducato-maxi-mj-l3h2-szczecin-400217730,https://s3.eu-central-1.amazonaws.com/uvpictures-eu-central-1/368/SP/PL/FIAT-DUCATO-217730_1.JPG,https://s3.eu-central-1.amazonaws.com/uvpictures-eu-central-1/368/SP/PL/FIAT-DUCATO-217730_2.JPG|https://s3.eu-central-1.amazonaws.com/uvpictures-eu-central-1/368/SP/PL/FIAT-DUCATO-217730_3.JPG|https://s3.eu-central-1.amazonaws.com/uvpictures-eu-central-1/368/SP/PL/FIAT-DUCATO-217730_4.JPG,Fiat,Ducato,2025,6,KM,,Used,150048 PLN,PLN,CASH,150048 PLN,Total,Diesel,Manual,Spoticar GEZET SzczecinSzczecin,Spoticar GEZET Szczecin,Gwarancja Spoticar Premium12 miesięcy
SPOT-65878,Opel Corsa · 93990 PLN,Opel Corsa · Cena: 93990 PLN · Gwarancja Spoticar Premium12 miesięcy · Spoticar GEZET SzczecinSzczecin · Sprawdź ofertę!,https://www.spoticar.pl/znajdz-uzywany-samochod/opel-corsa-12-t-mhev-gs-edct-szczecin-400217797,https://s3.eu-central-1.amazonaws.com/uvpictures-eu-central-1/368/SP/PL/OPEL-CORSA-217797_1.JPG,https://s3.eu-central-1.amazonaws.com/uvpictures-eu-central-1/368/SP/PL/OPEL-CORSA-217797_2.JPG|https://s3.eu-central-1.amazonaws.com/uvpictures-eu-central-1/368/SP/PL/OPEL-CORSA-217797_3.JPG|https://s3.eu-central-1.amazonaws.com/uvpictures-eu-central-1/368/SP/PL/OPEL-CORSA-217797_4.JPG,Opel,Corsa,2025,3000,KM,,Used,93990 PLN,PLN,CASH,93990 PLN,Total,Gasoline,Automatic,Spoticar GEZET SzczecinSzczecin,Spoticar GEZET Szczecin,Gwarancja Spoticar Premium12 miesięcy
SPOT-65893,Opel Corsa · 107990 PLN,Opel Corsa · Cena: 107990 PLN · Gwarancja Spoticar Premium12 miesięcy · Spoticar GEZET SzczecinSzczecin · Sprawdź ofertę!,https://www.spoticar.pl/znajdz-uzywany-samochod/opel-corsa-12-gs-ss-aut-szczecin-400217766,https://s3.eu-central-1.amazonaws.com/uvpictures-eu-central-1/368/SP/PL/OPEL-CORSA-217766_1.JPG,https://s3.eu-central-1.amazonaws.com/uvpictures-eu-central-1/368/SP/PL/OPEL-CORSA-217766_2.JPG|https://s3.eu-central-1.amazonaws.com/uvpictures-eu-central-1/368/SP/PL/OPEL-CORSA-217766_3.JPG|https://s3.eu-central-1.amazonaws.com/uvpictures-eu-central-1/368/SP/PL/OPEL-CORSA-217766_4.JPG,Opel,Corsa,2025,6,KM,,Used,107990 PLN,PLN,CASH,107990 PLN,Total,Gasoline,Automatic,Spoticar GEZET SzczecinSzczecin,Spoticar GEZET Szczecin,Gwarancja Spoticar Premium12 miesięcy
SPOT-71056,Peugeot 3008 · 153000 PLN,Peugeot 3008 · Cena: 153000 PLN · Gwarancja Spoticar Premium12 miesięcy · SPOTICAR WOJCIULA BIAŁYSTOKBialystok · Sprawdź ofertę!,https://www.spoticar.pl/znajdz-uzywany-samochod/peugeot-3008-12-puretech-mhev-gt-e-dcs6-bialystok-1200222797,https://s3.eu-central-1.amazonaws.com/uvpictures-eu-central-1/368/SP/PL/PEUGEOT-3008-222797_1.JPG,https://s3.eu-central-1.amazonaws.com/uvpictures-eu-central-1/368/SP/PL/PEUGEOT-3008-222797_2.JPG|https://s3.eu-central-1.amazonaws.com/uvpictures-eu-central-1/368/SP/PL/PEUGEOT-3008-222797_3.JPG|https://s3.eu-central-1.amazonaws.com/uvpictures-eu-central-1/368/SP/PL/PEUGEOT-3008-222797_4.JPG,Peugeot,3008,2025,23000,KM,,Used,153000 PLN,PLN,CASH,153000 PLN,Total,Hybrid,Automatic,SPOTICAR WOJCIULA BIAŁYSTOKBialystok,SPOTICAR WOJCIULA BIAŁYSTOK,Gwarancja Spoticar Premium12 miesięcy
SPOT-62784,Opel Grandland · 105990 PLN,Opel Grandland · Cena: 105990 PLN · Gwarancja Spoticar Premium12 miesięcy · Spoticar GEZET SzczecinSzczecin · Sprawdź ofertę!,https://www.spoticar.pl/znajdz-uzywany-samochod/opel-grandland-12-t-business-edition-ss-szczecin-400214751,https://s3.eu-central-1.amazonaws.com/uvpictures-eu-central-1/368/SP/PL/OPEL-GRANDLAND-214751_1.JPG,https://s3.eu-central-1.amazonaws.com/uvpictures-eu-central-1/368/SP/PL/OPEL-GRANDLAND-214751_2.JPG|https://s3.eu-central-1.amazonaws.com/uvpictures-eu-central-1/368/SP/PL/OPEL-GRANDLAND-214751_3.JPG|https://s3.eu-central-1.amazonaws.com/uvpictures-eu-central-1/368/SP/PL/OPEL-GRANDLAND-214751_4.JPG,Opel,Grandland,2023,28592,KM,,Used,105990 PLN,PLN,CASH,105990 PLN,Total,Gasoline,Manual,Spoticar GEZET SzczecinSzczecin,Spoticar GEZET Szczecin,Gwarancja Spoticar Premium12 miesięcy
SPOT-63178,Peugeot 508 · 109990 PLN,Peugeot 508 · Cena: 109990 PLN · Gwarancja Spoticar Premium12 miesięcy · Spoticar GEZET SzczecinSzczecin · Sprawdź ofertę!,https://www.spoticar.pl/znajdz-uzywany-samochod/peugeot-508-15-bluehdi-active-pack-ss-eat8-szczecin-400215134,https://s3.eu-central-1.amazonaws.com/uvpictures-eu-central-1/368/SP/PL/PEUGEOT-508-215134_1.JPG,https://s3.eu-central-1.amazonaws.com/uvpictures-eu-central-1/368/SP/PL/PEUGEOT-508-215134_2.JPG|https://s3.eu-central-1.amazonaws.com/uvpictures-eu-central-1/368/SP/PL/PEUGEOT-508-215134_3.JPG|https://s3.eu-central-1.amazonaws.com/uvpictures-eu-central-1/368/SP/PL/PEUGEOT-508-215134_4.JPG,Peugeot,508,2022,48545,KM,,Used,109990 PLN,PLN,CASH,109990 PLN,Total,Diesel,Automatic,Spoticar GEZET SzczecinSzczecin,Spoticar GEZET Szczecin,Gwarancja Spoticar Premium12 miesięcy
SPOT-71174,Citroën C4 X · 83900 PLN,Citroën C4 X · Cena: 83900 PLN · Gwarancja Spoticar Premium12 miesięcy · SPOTICAR WOJCIULA BIAŁYSTOKBialystok · Sprawdź ofertę!,https://www.spoticar.pl/znajdz-uzywany-samochod/citroen-c4-x-c4-x-12-puretech-shine-ss-eat8-bialystok-1200222924,https://s3.eu-central-1.amazonaws.com/uvpictures-eu-central-1/368/SP/PL/CITROEN-C4-X-222924_1.JPG,https://s3.eu-central-1.amazonaws.com/uvpictures-eu-central-1/368/SP/PL/CITROEN-C4-X-222924_2.JPG|https://s3.eu-central-1.amazonaws.com/uvpictures-eu-central-1/368/SP/PL/CITROEN-C4-X-222924_3.JPG|https://s3.eu-central-1.amazonaws.com/uvpictures-eu-central-1/368/SP/PL/CITROEN-C4-X-222924_4.JPG,Citroën,C4 X,2023,53745,KM,,Used,83900 PLN,PLN,CASH,83900 PLN,Total,Gasoline,Automatic,SPOTICAR WOJCIULA BIAŁYSTOKBialystok,SPOTICAR WOJCIULA BIAŁYSTOK,Gwarancja Spoticar Premium12 miesięcy
SPOT-68911,Citroën C4 · 70990 PLN,Citroën C4 · Cena: 70990 PLN · Gwarancja Spoticar Premium12 miesięcy · Spoticar GEZET SzczecinSzczecin · Sprawdź ofertę!,https://www.spoticar.pl/znajdz-uzywany-samochod/citroen-c4-12-puretech-feel-ss-eat8-szczecin-400220703,https://s3.eu-central-1.amazonaws.com/uvpictures-eu-central-1/368/SP/PL/CITROEN-C4-220703_1.JPG,https://s3.eu-central-1.amazonaws.com/uvpictures-eu-central-1/368/SP/PL/CITROEN-C4-220703_2.JPG|https://s3.eu-central-1.amazonaws.com/uvpictures-eu-central-1/368/SP/PL/CITROEN-C4-220703_3.JPG|https://s3.eu-central-1.amazonaws.com/uvpictures-eu-central-1/368/SP/PL/CITROEN-C4-220703_4.JPG,Citroën,C4,2023,56480,KM,,Used,70990 PLN,PLN,CASH,70990 PLN,Total,Gasoline,Automatic,Spoticar GEZET SzczecinSzczecin,Spoticar GEZET Szczecin,Gwarancja Spoticar Premium12 miesięcy
SPOT-68351,Peugeot 5008 · 152900 PLN,Peugeot 5008 · Cena: 152900 PLN · Gwarancja Spoticar Premium12 miesięcy · Spoticar TANDEM SosnowiecSosnowiec · Sprawdź ofertę!,https://www.spoticar.pl/znajdz-uzywany-samochod/peugeot-5008-12-puretech-mhev-gt-exclusive-ss-e-dcs6-sosnowiec-1200220149,https://s3.eu-central-1.amazonaws.com/uvpictures-eu-central-1/368/SP/PL/PEUGEOT-5008-220149_1.JPG,https://s3.eu-central-1.amazonaws.com/uvpictures-eu-central-1/368/SP/PL/PEUGEOT-5008-220149_2.JPG|https://s3.eu-central-1.amazonaws.com/uvpictures-eu-central-1/368/SP/PL/PEUGEOT-5008-220149_3.JPG|https://s3.eu-central-1.amazonaws.com/uvpictures-eu-central-1/368/SP/PL/PEUGEOT-5008-220149_4.JPG,Peugeot,5008,2025,21666,KM,,Used,152900 PLN,PLN,CASH,152900 PLN,Total,Gasoline,Automatic,Spoticar TANDEM SosnowiecSosnowiec,Spoticar TANDEM Sosnowiec,Gwarancja Spoticar Premium12 miesięcy
SPOT-67081,Citroën C5 Aircross · 79900 PLN,Citroën C5 Aircross · Cena: 79900 PLN · Gwarancja Spoticar Premium12 miesięcy · Spoticar TANDEM SosnowiecSosnowiec · Sprawdź ofertę!,https://www.spoticar.pl/znajdz-uzywany-samochod/citroen-c5-aircross-12-puretech-c-series-sosnowiec-1200218919,https://s3.eu-central-1.amazonaws.com/uvpictures-eu-central-1/368/SP/PL/CITROEN-C5-AIRCROSS-218919_1.JPG,https://s3.eu-central-1.amazonaws.com/uvpictures-eu-central-1/368/SP/PL/CITROEN-C5-AIRCROSS-218919_2.JPG|https://s3.eu-central-1.amazonaws.com/uvpictures-eu-central-1/368/SP/PL/CITROEN-C5-AIRCROSS-218919_3.JPG|https://s3.eu-central-1.amazonaws.com/uvpictures-eu-central-1/368/SP/PL/CITROEN-C5-AIRCROSS-218919_4.JPG,Citroën,C5 Aircross,2023,60400,KM,,Used,79900 PLN,PLN,CASH,79900 PLN,Total,Gasoline,Manual,Spoticar TANDEM SosnowiecSosnowiec,Spoticar TANDEM Sosnowiec,Gwarancja Spoticar Premium12 miesięcy
SPOT-71410,Citroën C4 · 77900 PLN,Citroën C4 · Cena: 77900 PLN · Gwarancja Spoticar Premium6 miesięcy · SPOTICAR RIA GRUDZIĄDZGRUDZIADZ · Sprawdź ofertę!,https://www.spoticar.pl/znajdz-uzywany-samochod/citroen-c4-12-puretech-max-ss-eat8-grudziadz-1200223131,https://s3.eu-central-1.amazonaws.com/uvpictures-eu-central-1/368/SP/PL/CITROEN-C4-223131_1.JPG,https://s3.eu-central-1.amazonaws.com/uvpictures-eu-central-1/368/SP/PL/CITROEN-C4-223131_2.JPG|https://s3.eu-central-1.amazonaws.com/uvpictures-eu-central-1/368/SP/PL/CITROEN-C4-223131_3.JPG|https://s3.eu-central-1.amazonaws.com/uvpictures-eu-central-1/368/SP/PL/CITROEN-C4-223131_4.JPG,Citroën,C4,2024,39582,KM,,Used,77900 PLN,PLN,CASH,77900 PLN,Total,Gasoline,Automatic,SPOTICAR RIA GRUDZIĄDZGRUDZIADZ,SPOTICAR RIA GRUDZIĄDZ,Gwarancja Spoticar Premium6 miesięcy
SPOT-71375,Citroën C5 Aircross · 94900 PLN,Citroën C5 Aircross · Cena: 94900 PLN · Gwarancja Spoticar Premium12 miesięcy · SPOTICAR SZTUKOWSKI OSTRÓW WLKP.Ostrów Wielkopolski · Sprawdź ofertę!,https://www.spoticar.pl/znajdz-uzywany-samochod/citroen-c5-aircross-15-bluehdi-max-eat8-ostrow-wielkopolski-1200223123,https://s3.eu-central-1.amazonaws.com/uvpictures-eu-central-1/368/SP/PL/CITROEN-C5-AIRCROSS-223123_1.JPG,https://s3.eu-central-1.amazonaws.com/uvpictures-eu-central-1/368/SP/PL/CITROEN-C5-AIRCROSS-223123_2.JPG|https://s3.eu-central-1.amazonaws.com/uvpictures-eu-central-1/368/SP/PL/CITROEN-C5-AIRCROSS-223123_3.JPG|https://s3.eu-central-1.amazonaws.com/uvpictures-eu-central-1/368/SP/PL/CITROEN-C5-AIRCROSS-223123_4.JPG,Citroën,C5 Aircross,2024,31444,KM,,Used,94900 PLN,PLN,CASH,94900 PLN,Total,Diesel,Automatic,SPOTICAR SZTUKOWSKI OSTRÓW WLKP.Ostrów Wielkopolski,SPOTICAR SZTUKOWSKI OSTRÓW WLKP.,Gwarancja Spoticar Premium12 miesięcy
SPOT-71305,Fiat 500 · 69900 PLN,Fiat 500 · Cena: 69900 PLN · Gwarancja Spoticar Premium12 miesięcy · Spoticar  Budmat Auto PłockPłock · Sprawdź ofertę!,https://www.spoticar.pl/znajdz-uzywany-samochod/fiat-500-e-500-31-42-kwh-plock-1200223052,https://s3.eu-central-1.amazonaws.com/uvpictures-eu-central-1/368/SP/PL/FIAT-500-E-223052_1.JPG,https://s3.eu-central-1.amazonaws.com/uvpictures-eu-central-1/368/SP/PL/FIAT-500-E-223052_2.JPG|https://s3.eu-central-1.amazonaws.com/uvpictures-eu-central-1/368/SP/PL/FIAT-500-E-223052_3.JPG|https://s3.eu-central-1.amazonaws.com/uvpictures-eu-central-1/368/SP/PL/FIAT-500-E-223052_4.JPG,Fiat,500,2023,30000,KM,,Used,69900 PLN,PLN,CASH,69900 PLN,Total,Electric,Automatic,Spoticar  Budmat Auto PłockPłock,Spoticar  Budmat Auto Płock,Gwarancja Spoticar Premium12 miesięcy
SPOT-71278,Citroën Berlingo · 104900 PLN,Citroën Berlingo · Cena: 104900 PLN · Gwarancja Spoticar Premium12 miesięcy · SPOTICAR RIA STALOWA WOLAStalowa Wola / Grebów · Sprawdź ofertę!,https://www.spoticar.pl/znajdz-uzywany-samochod/citroen-berlingo-xl-15-bluehdi-max-ss-eat8-stalowa-wola-grebow-1200223032,https://s3.eu-central-1.amazonaws.com/uvpictures-eu-central-1/368/SP/PL/CITROEN-BERLINGO-223032_1.JPG,https://s3.eu-central-1.amazonaws.com/uvpictures-eu-central-1/368/SP/PL/CITROEN-BERLINGO-223032_2.JPG|https://s3.eu-central-1.amazonaws.com/uvpictures-eu-central-1/368/SP/PL/CITROEN-BERLINGO-223032_3.JPG|https://s3.eu-central-1.amazonaws.com/uvpictures-eu-central-1/368/SP/PL/CITROEN-BERLINGO-223032_4.JPG,Citroën,Berlingo,2024,61768,KM,,Used,104900 PLN,PLN,CASH,104900 PLN,Total,Diesel,Automatic,SPOTICAR RIA STALOWA WOLAStalowa Wola / Grebów,SPOTICAR RIA STALOWA WOLA,Gwarancja Spoticar Premium12 miesięcy
SPOT-71336,Citroën C4 · 87900 PLN,Citroën C4 · Cena: 87900 PLN · Gwarancja Spoticar Premium12 miesięcy · SPOTICAR RIA STALOWA WOLAStalowa Wola / Grebów · Sprawdź ofertę!,https://www.spoticar.pl/znajdz-uzywany-samochod/citroen-c4-12-mhev-collection-edct6-stalowa-wola-grebow-1200223074,https://s3.eu-central-1.amazonaws.com/uvpictures-eu-central-1/368/SP/PL/CITROEN-C4-223074_1.JPG,https://s3.eu-central-1.amazonaws.com/uvpictures-eu-central-1/368/SP/PL/CITROEN-C4-223074_2.JPG|https://s3.eu-central-1.amazonaws.com/uvpictures-eu-central-1/368/SP/PL/CITROEN-C4-223074_3.JPG|https://s3.eu-central-1.amazonaws.com/uvpictures-eu-central-1/368/SP/PL/CITROEN-C4-223074_4.JPG,Citroën,C4,2025,24789,KM,,Used,87900 PLN,PLN,CASH,87900 PLN,Total,Hybrid,Automatic,SPOTICAR RIA STALOWA WOLAStalowa Wola / Grebów,SPOTICAR RIA STALOWA WOLA,Gwarancja Spoticar Premium12 miesięcy
SPOT-71391,Peugeot 2008 · 84900 PLN,Peugeot 2008 · Cena: 84900 PLN · Gwarancja Spoticar Premium12 miesięcy · SPOTICAR MOJSIUK STARE BABICEBiesiekierz · Sprawdź ofertę!,https://www.spoticar.pl/znajdz-uzywany-samochod/peugeot-2008-puretech-130-gt-ss-eat8-biesiekierz-1200223107,https://s3.eu-central-1.amazonaws.com/uvpictures-eu-central-1/368/SP/PL/PEUGEOT-2008-223107_1.JPG,https://s3.eu-central-1.amazonaws.com/uvpictures-eu-central-1/368/SP/PL/PEUGEOT-2008-223107_2.JPG|https://s3.eu-central-1.amazonaws.com/uvpictures-eu-central-1/368/SP/PL/PEUGEOT-2008-223107_3.JPG|https://s3.eu-central-1.amazonaws.com/uvpictures-eu-central-1/368/SP/PL/PEUGEOT-2008-223107_4.JPG,Peugeot,2008,2024,17259,KM,,Used,84900 PLN,PLN,CASH,84900 PLN,Total,Gasoline,Automatic,SPOTICAR MOJSIUK STARE BABICEBiesiekierz,SPOTICAR MOJSIUK STARE BABICE,Gwarancja Spoticar Premium12 miesięcy
SPOT-71390,Peugeot 408 · 105900 PLN,Peugeot 408 · Cena: 105900 PLN · Gwarancja Spoticar Premium12 miesięcy · SPOTICAR MOJSIUK STARE BABICEBiesiekierz · Sprawdź ofertę!,https://www.spoticar.pl/znajdz-uzywany-samochod/peugeot-408-12-puretech-allure-pack-ss-eat8-biesiekierz-1200223106,https://s3.eu-central-1.amazonaws.com/uvpictures-eu-central-1/368/SP/PL/PEUGEOT-408-223106_1.JPG,https://s3.eu-central-1.amazonaws.com/uvpictures-eu-central-1/368/SP/PL/PEUGEOT-408-223106_2.JPG|https://s3.eu-central-1.amazonaws.com/uvpictures-eu-central-1/368/SP/PL/PEUGEOT-408-223106_3.JPG|https://s3.eu-central-1.amazonaws.com/uvpictures-eu-central-1/368/SP/PL/PEUGEOT-408-223106_4.JPG,Peugeot,408,2024,25648,KM,,Used,105900 PLN,PLN,CASH,105900 PLN,Total,Gasoline,Automatic,SPOTICAR MOJSIUK STARE BABICEBiesiekierz,SPOTICAR MOJSIUK STARE BABICE,Gwarancja Spoticar Premium12 miesięcy
SPOT-71294,Citroën C4 · 79900 PLN,Citroën C4 · Cena: 79900 PLN · Gwarancja Spoticar Premium12 miesięcy · SPOTICAR STELLANTIS & YOU WARSZAWA RADZYMIŃSKA · Sprawdź ofertę!,https://www.spoticar.pl/znajdz-uzywany-samochod/citroen-c4-12-puretech-max-ss-eat8-warszawa-1200223017,https://s3.eu-central-1.amazonaws.com/uvpictures-eu-central-1/368/SP/PL/CITROEN-C4-223017_1.JPG,https://s3.eu-central-1.amazonaws.com/uvpictures-eu-central-1/368/SP/PL/CITROEN-C4-223017_2.JPG|https://s3.eu-central-1.amazonaws.com/uvpictures-eu-central-1/368/SP/PL/CITROEN-C4-223017_3.JPG|https://s3.eu-central-1.amazonaws.com/uvpictures-eu-central-1/368/SP/PL/CITROEN-C4-223017_4.JPG,Citroën,C4,2024,19091,KM,,Used,79900 PLN,PLN,CASH,79900 PLN,Total,Gasoline,Automatic,SPOTICAR STELLANTIS & YOU WARSZAWA RADZYMIŃSKA,SPOTICAR STELLANTIS & YOU WARSZAWA RADZYMIŃSKASPOTICAR STELLANTIS & YOU WARSZAWA RADZYMIŃSKA,Gwarancja Spoticar Premium12 miesięcy
SPOT-71319,Peugeot 208 · 55900 PLN,Peugeot 208 · Cena: 55900 PLN · Gwarancja Spoticar Premium12 miesięcy · SPOTICAR RIA STALOWA WOLAStalowa Wola / Grebów · Sprawdź ofertę!,https://www.spoticar.pl/znajdz-uzywany-samochod/peugeot-208-12-puretech-active-ss-stalowa-wola-grebow-1200223035,https://s3.eu-central-1.amazonaws.com/uvpictures-eu-central-1/368/SP/PL/PEUGEOT-208-223035_1.JPG,https://s3.eu-central-1.amazonaws.com/uvpictures-eu-central-1/368/SP/PL/PEUGEOT-208-223035_2.JPG|https://s3.eu-central-1.amazonaws.com/uvpictures-eu-central-1/368/SP/PL/PEUGEOT-208-223035_3.JPG|https://s3.eu-central-1.amazonaws.com/uvpictures-eu-central-1/368/SP/PL/PEUGEOT-208-223035_4.JPG,Peugeot,208,2024,16145,KM,,Used,55900 PLN,PLN,CASH,55900 PLN,Total,Gasoline,Manual,SPOTICAR RIA STALOWA WOLAStalowa Wola / Grebów,SPOTICAR RIA STALOWA WOLA,Gwarancja Spoticar Premium12 miesięcy
SPOT-71294,Citroën C4 · 79900 PLN,Citroën C4 · Cena: 79900 PLN · Gwarancja Spoticar Premium12 miesięcy · SPOTICAR STELLANTIS & YOU WARSZAWA RADZYMIŃSKA · Sprawdź ofertę!,https://www.spoticar.pl/znajdz-uzywany-samochod/citroen-c4-12-puretech-max-ss-eat8-warszawa-1200223017,https://s3.eu-central-1.amazonaws.com/uvpictures-eu-central-1/368/SP/PL/CITROEN-C4-223017_1.JPG,https://s3.eu-central-1.amazonaws.com/uvpictures-eu-central-1/368/SP/PL/CITROEN-C4-223017_2.JPG|https://s3.eu-central-1.amazonaws.com/uvpictures-eu-central-1/368/SP/PL/CITROEN-C4-223017_3.JPG|https://s3.eu-central-1.amazonaws.com/uvpictures-eu-central-1/368/SP/PL/CITROEN-C4-223017_4.JPG,Citroën,C4,2024,19091,KM,,Used,79900 PLN,PLN,CASH,79900 PLN,Total,Gasoline,Automatic,SPOTICAR STELLANTIS & YOU WARSZAWA RADZYMIŃSKA,SPOTICAR STELLANTIS & YOU WARSZAWA RADZYMIŃSKASPOTICAR STELLANTIS & YOU WARSZAWA RADZYMIŃSKA,Gwarancja Spoticar Premium12 miesięcy
SPOT-71248,Citroën C4 · 67900 PLN,Citroën C4 · Cena: 67900 PLN · Gwarancja Spoticar Premium12 miesięcy · Spoticar Marimex Kraków-LibertówKraków-Libertów · Sprawdź ofertę!,https://www.spoticar.pl/znajdz-uzywany-samochod/citroen-c4-12-puretech-plus-ss-krakow-libertow-1200222975,https://s3.eu-central-1.amazonaws.com/uvpictures-eu-central-1/368/SP/PL/CITROEN-C4-222975_1.JPG,https://s3.eu-central-1.amazonaws.com/uvpictures-eu-central-1/368/SP/PL/CITROEN-C4-222975_2.JPG|https://s3.eu-central-1.amazonaws.com/uvpictures-eu-central-1/368/SP/PL/CITROEN-C4-222975_3.JPG|https://s3.eu-central-1.amazonaws.com/uvpictures-eu-central-1/368/SP/PL/CITROEN-C4-222975_4.JPG,Citroën,C4,2024,10820,KM,,Used,67900 PLN,PLN,CASH,67900 PLN,Total,Gasoline,Manual,Spoticar Marimex Kraków-LibertówKraków-Libertów,Spoticar Marimex Kraków-Libertów,Gwarancja Spoticar Premium12 miesięcy
SPOT-71319,Peugeot 208 · 55900 PLN,Peugeot 208 · Cena: 55900 PLN · Gwarancja Spoticar Premium12 miesięcy · SPOTICAR RIA STALOWA WOLAStalowa Wola / Grebów · Sprawdź ofertę!,https://www.spoticar.pl/znajdz-uzywany-samochod/peugeot-208-12-puretech-active-ss-stalowa-wola-grebow-1200223035,https://s3.eu-central-1.amazonaws.com/uvpictures-eu-central-1/368/SP/PL/PEUGEOT-208-223035_1.JPG,https://s3.eu-central-1.amazonaws.com/uvpictures-eu-central-1/368/SP/PL/PEUGEOT-208-223035_2.JPG|https://s3.eu-central-1.amazonaws.com/uvpictures-eu-central-1/368/SP/PL/PEUGEOT-208-223035_3.JPG|https://s3.eu-central-1.amazonaws.com/uvpictures-eu-central-1/368/SP/PL/PEUGEOT-208-223035_4.JPG,Peugeot,208,2024,16145,KM,,Used,55900 PLN,PLN,CASH,55900 PLN,Total,Gasoline,Manual,SPOTICAR RIA STALOWA WOLAStalowa Wola / Grebów,SPOTICAR RIA STALOWA WOLA,Gwarancja Spoticar Premium12 miesięcy
SPOT-71059,Citroën Jumper · 89900 PLN,Citroën Jumper · Cena: 89900 PLN · Gwarancja Spoticar Premium12 miesięcy · Spoticar Auto Centrum Golemo Kraków · Sprawdź ofertę!,https://www.spoticar.pl/znajdz-uzywany-samochod/citroen-jumper-35-bluehdi-l3h2-control-krakow-1200222800,https://s3.eu-central-1.amazonaws.com/uvpictures-eu-central-1/368/SP/PL/CITROEN-JUMPER-222800_1.JPG,https://s3.eu-central-1.amazonaws.com/uvpictures-eu-central-1/368/SP/PL/CITROEN-JUMPER-222800_2.JPG|https://s3.eu-central-1.amazonaws.com/uvpictures-eu-central-1/368/SP/PL/CITROEN-JUMPER-222800_3.JPG|https://s3.eu-central-1.amazonaws.com/uvpictures-eu-central-1/368/SP/PL/CITROEN-JUMPER-222800_4.JPG,Citroën,Jumper,2023,60370,KM,,Used,89900 PLN,PLN,CASH,89900 PLN,Total,Diesel,Manual,Spoticar Auto Centrum Golemo Kraków,Spoticar Auto Centrum Golemo KrakówSpoticar Auto Centrum Golemo Kraków,Gwarancja Spoticar Premium12 miesięcy
SPOT-71049,DS 7 Crossback · 107900 PLN,DS 7 Crossback · Cena: 107900 PLN · Gwarancja Spoticar Premium12 miesięcy · SPOTICAR RIA STALOWA WOLAStalowa Wola / Grebów · Sprawdź ofertę!,https://www.spoticar.pl/znajdz-uzywany-samochod/ds-ds-7-crossback-16-puretech-rivoli-aut-stalowa-wola-grebow-1200222782,https://s3.eu-central-1.amazonaws.com/uvpictures-eu-central-1/368/SP/PL/DS-DS-7-CROSSBACK-222782_1.JPG,https://s3.eu-central-1.amazonaws.com/uvpictures-eu-central-1/368/SP/PL/DS-DS-7-CROSSBACK-222782_2.JPG|https://s3.eu-central-1.amazonaws.com/uvpictures-eu-central-1/368/SP/PL/DS-DS-7-CROSSBACK-222782_3.JPG|https://s3.eu-central-1.amazonaws.com/uvpictures-eu-central-1/368/SP/PL/DS-DS-7-CROSSBACK-222782_4.JPG,DS,7 Crossback,2022,64192,KM,,Used,107900 PLN,PLN,CASH,107900 PLN,Total,Gasoline,Automatic,SPOTICAR RIA STALOWA WOLAStalowa Wola / Grebów,SPOTICAR RIA STALOWA WOLA,Gwarancja Spoticar Premium12 miesięcy
SPOT-71101,Opel Combo · 79900 PLN,Opel Combo · Cena: 79900 PLN · Gwarancja Spoticar Premium12 miesięcy · Spoticar  Budmat Auto PłockPłock · Sprawdź ofertę!,https://www.spoticar.pl/znajdz-uzywany-samochod/opel-combo-life-15-cdti-enjoy-ss-plock-1200222836,https://s3.eu-central-1.amazonaws.com/uvpictures-eu-central-1/368/SP/PL/OPEL-COMBO-222836_1.JPG,https://s3.eu-central-1.amazonaws.com/uvpictures-eu-central-1/368/SP/PL/OPEL-COMBO-222836_2.JPG|https://s3.eu-central-1.amazonaws.com/uvpictures-eu-central-1/368/SP/PL/OPEL-COMBO-222836_3.JPG|https://s3.eu-central-1.amazonaws.com/uvpictures-eu-central-1/368/SP/PL/OPEL-COMBO-222836_4.JPG,Opel,Combo,2024,46000,KM,,Used,79900 PLN,PLN,CASH,79900 PLN,Total,Diesel,Manual,Spoticar  Budmat Auto PłockPłock,Spoticar  Budmat Auto Płock,Gwarancja Spoticar Premium12 miesięcy
SPOT-71000,Peugeot 3008 · 85900 PLN,Peugeot 3008 · Cena: 85900 PLN · Gwarancja Spoticar Premium12 miesięcy · Spoticar Auto Centrum Golemo Kraków · Sprawdź ofertę!,https://www.spoticar.pl/znajdz-uzywany-samochod/peugeot-3008-12-puretech-allure-pack-ss-eat8-krakow-1200222739,https://s3.eu-central-1.amazonaws.com/uvpictures-eu-central-1/368/SP/PL/PEUGEOT-3008-222739_1.JPG,https://s3.eu-central-1.amazonaws.com/uvpictures-eu-central-1/368/SP/PL/PEUGEOT-3008-222739_2.JPG|https://s3.eu-central-1.amazonaws.com/uvpictures-eu-central-1/368/SP/PL/PEUGEOT-3008-222739_3.JPG|https://s3.eu-central-1.amazonaws.com/uvpictures-eu-central-1/368/SP/PL/PEUGEOT-3008-222739_4.JPG,Peugeot,3008,2023,43845,KM,,Used,85900 PLN,PLN,CASH,85900 PLN,Total,Gasoline,Automatic,Spoticar Auto Centrum Golemo Kraków,Spoticar Auto Centrum Golemo KrakówSpoticar Auto Centrum Golemo Kraków,Gwarancja Spoticar Premium12 miesięcy
SPOT-71165,Opel Astra · 74900 PLN,Opel Astra · Cena: 74900 PLN · Gwarancja Spoticar Premium12 miesięcy · Spoticar  Budmat Auto PłockPłock · Sprawdź ofertę!,https://www.spoticar.pl/znajdz-uzywany-samochod/opel-astra-vi-12-t-gs-ss-aut-plock-1200222902,https://s3.eu-central-1.amazonaws.com/uvpictures-eu-central-1/368/SP/PL/OPEL-ASTRA-222902_1.JPG,https://s3.eu-central-1.amazonaws.com/uvpictures-eu-central-1/368/SP/PL/OPEL-ASTRA-222902_2.JPG|https://s3.eu-central-1.amazonaws.com/uvpictures-eu-central-1/368/SP/PL/OPEL-ASTRA-222902_3.JPG|https://s3.eu-central-1.amazonaws.com/uvpictures-eu-central-1/368/SP/PL/OPEL-ASTRA-222902_4.JPG,Opel,Astra,2024,32000,KM,,Used,74900 PLN,PLN,CASH,74900 PLN,Total,Gasoline,Automatic,Spoticar  Budmat Auto PłockPłock,Spoticar  Budmat Auto Płock,Gwarancja Spoticar Premium12 miesięcy
SPOT-70860,Peugeot 2008 · 72990 PLN,Peugeot 2008 · Cena: 72990 PLN · Gwarancja Spoticar Premium12 miesięcy · SPOTICAR DEJON I DĄBROWSKI LEGNICA · Sprawdź ofertę!,https://www.spoticar.pl/znajdz-uzywany-samochod/peugeot-2008-12-puretech-allure-ss-legnica-1200222620,https://s3.eu-central-1.amazonaws.com/uvpictures-eu-central-1/368/SP/PL/PEUGEOT-2008-222620_1.JPG,https://s3.eu-central-1.amazonaws.com/uvpictures-eu-central-1/368/SP/PL/PEUGEOT-2008-222620_2.JPG|https://s3.eu-central-1.amazonaws.com/uvpictures-eu-central-1/368/SP/PL/PEUGEOT-2008-222620_3.JPG|https://s3.eu-central-1.amazonaws.com/uvpictures-eu-central-1/368/SP/PL/PEUGEOT-2008-222620_4.JPG,Peugeot,2008,2024,38500,KM,,Used,72990 PLN,PLN,CASH,72990 PLN,Total,Gasoline,Manual,SPOTICAR DEJON I DĄBROWSKI LEGNICA,SPOTICAR DEJON I DĄBROWSKI LEGNICASPOTICAR DEJON I DĄBROWSKI LEGNICA,Gwarancja Spoticar Premium12 miesięcy
SPOT-70746,Peugeot 2008 · 67990 PLN,Peugeot 2008 · Cena: 67990 PLN · Gwarancja Spoticar Premium6 miesięcy · SPOTICAR DEJON I DĄBROWSKI LEGNICA · Sprawdź ofertę!,https://www.spoticar.pl/znajdz-uzywany-samochod/peugeot-2008-e-2008-gt-legnica-1200222492,https://s3.eu-central-1.amazonaws.com/uvpictures-eu-central-1/368/SP/PL/PEUGEOT-2008-222492_1.JPG,https://s3.eu-central-1.amazonaws.com/uvpictures-eu-central-1/368/SP/PL/PEUGEOT-2008-222492_2.JPG|https://s3.eu-central-1.amazonaws.com/uvpictures-eu-central-1/368/SP/PL/PEUGEOT-2008-222492_3.JPG|https://s3.eu-central-1.amazonaws.com/uvpictures-eu-central-1/368/SP/PL/PEUGEOT-2008-222492_4.JPG,Peugeot,2008,2020,81140,KM,,Used,67990 PLN,PLN,CASH,67990 PLN,Total,Electric,Automatic,SPOTICAR DEJON I DĄBROWSKI LEGNICA,SPOTICAR DEJON I DĄBROWSKI LEGNICASPOTICAR DEJON I DĄBROWSKI LEGNICA,Gwarancja Spoticar Premium6 miesięcy
SPOT-70696,Opel Mokka · 71900 PLN,Opel Mokka · Cena: 71900 PLN · Gwarancja Spoticar Premium12 miesięcy · Spoticar  Budmat Auto PłockPłock · Sprawdź ofertę!,https://www.spoticar.pl/znajdz-uzywany-samochod/opel-mokka-e-50kwh-elegance-business-pack-plock-1200222452,https://s3.eu-central-1.amazonaws.com/uvpictures-eu-central-1/368/SP/PL/OPEL-MOKKA-222452_1.JPG,https://s3.eu-central-1.amazonaws.com/uvpictures-eu-central-1/368/SP/PL/OPEL-MOKKA-222452_2.JPG|https://s3.eu-central-1.amazonaws.com/uvpictures-eu-central-1/368/SP/PL/OPEL-MOKKA-222452_3.JPG|https://s3.eu-central-1.amazonaws.com/uvpictures-eu-central-1/368/SP/PL/OPEL-MOKKA-222452_4.JPG,Opel,Mokka,2023,30443,KM,,Used,71900 PLN,PLN,CASH,71900 PLN,Total,Electric,Automatic,Spoticar  Budmat Auto PłockPłock,Spoticar  Budmat Auto Płock,Gwarancja Spoticar Premium12 miesięcy
SPOT-70691,Citroën C3 · 71900 PLN,Citroën C3 · Cena: 71900 PLN · Gwarancja Spoticar Premium12 miesięcy · Spoticar Fix Forum RzeszówKRASNE · Sprawdź ofertę!,https://www.spoticar.pl/znajdz-uzywany-samochod/citroen-c3-12-t-plus-krasne-1200222453,https://s3.eu-central-1.amazonaws.com/uvpictures-eu-central-1/368/SP/PL/CITROEN-C3-222453_1.JPG,https://s3.eu-central-1.amazonaws.com/uvpictures-eu-central-1/368/SP/PL/CITROEN-C3-222453_2.JPG|https://s3.eu-central-1.amazonaws.com/uvpictures-eu-central-1/368/SP/PL/CITROEN-C3-222453_3.JPG|https://s3.eu-central-1.amazonaws.com/uvpictures-eu-central-1/368/SP/PL/CITROEN-C3-222453_4.JPG,Citroën,C3,2025,6065,KM,,Used,71900 PLN,PLN,CASH,71900 PLN,Total,Gasoline,Manual,Spoticar Fix Forum RzeszówKRASNE,Spoticar Fix Forum Rzeszów,Gwarancja Spoticar Premium12 miesięcy
SPOT-69380,Peugeot 5008 · 126900 PLN,Peugeot 5008 · Cena: 126900 PLN · Gwarancja Spoticar Premium12 miesięcy · SPOTICAR STELLANTIS & YOU WARSZAWA AL. KRAKOWSKA · Sprawdź ofertę!,https://www.spoticar.pl/znajdz-uzywany-samochod/peugeot-5008-15-bluehdi-gt-ss-eat8-warszawa-1200221174,https://s3.eu-central-1.amazonaws.com/uvpictures-eu-central-1/368/SP/PL/PEUGEOT-5008-221174_1.JPG,https://s3.eu-central-1.amazonaws.com/uvpictures-eu-central-1/368/SP/PL/PEUGEOT-5008-221174_2.JPG|https://s3.eu-central-1.amazonaws.com/uvpictures-eu-central-1/368/SP/PL/PEUGEOT-5008-221174_3.JPG|https://s3.eu-central-1.amazonaws.com/uvpictures-eu-central-1/368/SP/PL/PEUGEOT-5008-221174_4.JPG,Peugeot,5008,2024,33333,KM,,Used,126900 PLN,PLN,CASH,126900 PLN,Total,Diesel,Automatic,SPOTICAR STELLANTIS & YOU WARSZAWA AL. KRAKOWSKA,SPOTICAR STELLANTIS & YOU WARSZAWA AL. KRAKOWSKASPOTICAR STELLANTIS & YOU WARSZAWA AL. KRAKOWSKA,Gwarancja Spoticar Premium12 miesięcy
SPOT-67863,Opel Astra · 76900 PLN,Opel Astra · Cena: 76900 PLN · Gwarancja Spoticar Premium12 miesięcy · Spoticar Fix Forum RzeszówKRASNE · Sprawdź ofertę!,https://www.spoticar.pl/znajdz-uzywany-samochod/opel-astra-vi-12-t-elegance-ss-aut-krasne-1200219677,https://s3.eu-central-1.amazonaws.com/uvpictures-eu-central-1/368/SP/PL/OPEL-ASTRA-219677_1.JPG,https://s3.eu-central-1.amazonaws.com/uvpictures-eu-central-1/368/SP/PL/OPEL-ASTRA-219677_2.JPG|https://s3.eu-central-1.amazonaws.com/uvpictures-eu-central-1/368/SP/PL/OPEL-ASTRA-219677_3.JPG|https://s3.eu-central-1.amazonaws.com/uvpictures-eu-central-1/368/SP/PL/OPEL-ASTRA-219677_4.JPG,Opel,Astra,2023,37139,KM,,Used,76900 PLN,PLN,CASH,76900 PLN,Total,Gasoline,Automatic,Spoticar Fix Forum RzeszówKRASNE,Spoticar Fix Forum Rzeszów,Gwarancja Spoticar Premium12 miesięcy
SPOT-68345,Kia Ceed · 52900 PLN,Kia Ceed · Cena: 52900 PLN · Gwarancja Spoticar Premium6 miesięcy · Spoticar TANDEM SosnowiecSosnowiec · Sprawdź ofertę!,https://www.spoticar.pl/znajdz-uzywany-samochod/kia-cee-d-16-crdi-scr-m-dct-sosnowiec-1200220145,https://s3.eu-central-1.amazonaws.com/uvpictures-eu-central-1/368/SP/PL/KIA-CEE-D-220145_1.JPG,https://s3.eu-central-1.amazonaws.com/uvpictures-eu-central-1/368/SP/PL/KIA-CEE-D-220145_2.JPG|https://s3.eu-central-1.amazonaws.com/uvpictures-eu-central-1/368/SP/PL/KIA-CEE-D-220145_3.JPG|https://s3.eu-central-1.amazonaws.com/uvpictures-eu-central-1/368/SP/PL/KIA-CEE-D-220145_4.JPG,Kia,Ceed,2020,149900,KM,,Used,52900 PLN,PLN,CASH,52900 PLN,Total,Diesel,Automatic,Spoticar TANDEM SosnowiecSosnowiec,Spoticar TANDEM Sosnowiec,Gwarancja Spoticar Premium6 miesięcy
SPOT-68431,Peugeot 508 · 71900 PLN,Peugeot 508 · Cena: 71900 PLN · Gwarancja Spoticar Premium6 miesięcy · SPOTICAR PRASEK RADOMRadom · Sprawdź ofertę!,https://www.spoticar.pl/znajdz-uzywany-samochod/peugeot-508-15-bluehdi-allure-pack-ss-eat8-radom-1200220226,https://s3.eu-central-1.amazonaws.com/uvpictures-eu-central-1/368/SP/PL/PEUGEOT-508-220226_1.JPG,https://s3.eu-central-1.amazonaws.com/uvpictures-eu-central-1/368/SP/PL/PEUGEOT-508-220226_2.JPG|https://s3.eu-central-1.amazonaws.com/uvpictures-eu-central-1/368/SP/PL/PEUGEOT-508-220226_3.JPG|https://s3.eu-central-1.amazonaws.com/uvpictures-eu-central-1/368/SP/PL/PEUGEOT-508-220226_4.JPG,Peugeot,508,2021,131351,KM,,Used,71900 PLN,PLN,CASH,71900 PLN,Total,Diesel,Automatic,SPOTICAR PRASEK RADOMRadom,SPOTICAR PRASEK RADOM,Gwarancja Spoticar Premium6 miesięcy
SPOT-66745,Citroën Berlingo · 122900 PLN,Citroën Berlingo · Cena: 122900 PLN · Gwarancja Spoticar Premium12 miesięcy · SPOTICAR STELLANTIS & YOU WARSZAWA RADZYMIŃSKA · Sprawdź ofertę!,https://www.spoticar.pl/znajdz-uzywany-samochod/citroen-berlingo-m-15-bluehdi-max-ss-warszawa-100218569,https://s3.eu-central-1.amazonaws.com/uvpictures-eu-central-1/368/SP/PL/CITROEN-BERLINGO-218569_1.JPG,https://s3.eu-central-1.amazonaws.com/uvpictures-eu-central-1/368/SP/PL/CITROEN-BERLINGO-218569_2.JPG|https://s3.eu-central-1.amazonaws.com/uvpictures-eu-central-1/368/SP/PL/CITROEN-BERLINGO-218569_3.JPG|https://s3.eu-central-1.amazonaws.com/uvpictures-eu-central-1/368/SP/PL/CITROEN-BERLINGO-218569_4.JPG,Citroën,Berlingo,2024,12800,KM,,Used,122900 PLN,PLN,CASH,122900 PLN,Total,Diesel,Manual,SPOTICAR STELLANTIS & YOU WARSZAWA RADZYMIŃSKA,SPOTICAR STELLANTIS & YOU WARSZAWA RADZYMIŃSKASPOTICAR STELLANTIS & YOU WARSZAWA RADZYMIŃSKA,Gwarancja Spoticar Premium12 miesięcy
SPOT-66565,Citroën C4 SPACETOURER · 34900 PLN,Citroën C4 SPACETOURER · Cena: 34900 PLN · Gwarancja Spoticar Premium6 miesięcy · Spoticar Auto Centrum Golemo Kraków · Sprawdź ofertę!,https://www.spoticar.pl/znajdz-uzywany-samochod/citroen-c4-spacetourer-15-bluehdi-more-life-ss-krakow-1200218420,https://s3.eu-central-1.amazonaws.com/uvpictures-eu-central-1/368/SP/PL/CITROEN-C4-SPACETOURER-218420_1.JPG,https://s3.eu-central-1.amazonaws.com/uvpictures-eu-central-1/368/SP/PL/CITROEN-C4-SPACETOURER-218420_2.JPG|https://s3.eu-central-1.amazonaws.com/uvpictures-eu-central-1/368/SP/PL/CITROEN-C4-SPACETOURER-218420_3.JPG|https://s3.eu-central-1.amazonaws.com/uvpictures-eu-central-1/368/SP/PL/CITROEN-C4-SPACETOURER-218420_4.JPG,Citroën,C4 SPACETOURER,2019,185638,KM,,Used,34900 PLN,PLN,CASH,34900 PLN,Total,Diesel,Manual,Spoticar Auto Centrum Golemo Kraków,Spoticar Auto Centrum Golemo KrakówSpoticar Auto Centrum Golemo Kraków,Gwarancja Spoticar Premium6 miesięcy
SPOT-65748,Peugeot Traveller · 106900 PLN,Peugeot Traveller · Cena: 106900 PLN · Gwarancja Spoticar Premium6 miesięcy · Spoticar Fix Forum RzeszówKRASNE · Sprawdź ofertę!,https://www.spoticar.pl/znajdz-uzywany-samochod/peugeot-traveller-20-bluehdi-long-active-krasne-1200217622,https://s3.eu-central-1.amazonaws.com/uvpictures-eu-central-1/368/SP/PL/PEUGEOT-TRAVELLER-217622_1.JPG,https://s3.eu-central-1.amazonaws.com/uvpictures-eu-central-1/368/SP/PL/PEUGEOT-TRAVELLER-217622_2.JPG|https://s3.eu-central-1.amazonaws.com/uvpictures-eu-central-1/368/SP/PL/PEUGEOT-TRAVELLER-217622_3.JPG|https://s3.eu-central-1.amazonaws.com/uvpictures-eu-central-1/368/SP/PL/PEUGEOT-TRAVELLER-217622_4.JPG,Peugeot,Traveller,2022,106356,KM,,Used,106900 PLN,PLN,CASH,106900 PLN,Total,Diesel,Manual,Spoticar Fix Forum RzeszówKRASNE,Spoticar Fix Forum Rzeszów,Gwarancja Spoticar Premium6 miesięcy
SPOT-70905,Opel Astra · 79900 PLN,Opel Astra · Cena: 79900 PLN · Gwarancja Spoticar Premium12 miesięcy · Spoticar  Budmat Auto PłockPłock · Sprawdź ofertę!,https://www.spoticar.pl/znajdz-uzywany-samochod/opel-astra-vi-12-t-gs-line-ss-aut-plock-1200222677,https://s3.eu-central-1.amazonaws.com/uvpictures-eu-central-1/368/SP/PL/OPEL-ASTRA-222677_1.JPG,https://s3.eu-central-1.amazonaws.com/uvpictures-eu-central-1/368/SP/PL/OPEL-ASTRA-222677_2.JPG|https://s3.eu-central-1.amazonaws.com/uvpictures-eu-central-1/368/SP/PL/OPEL-ASTRA-222677_3.JPG|https://s3.eu-central-1.amazonaws.com/uvpictures-eu-central-1/368/SP/PL/OPEL-ASTRA-222677_4.JPG,Opel,Astra,2025,30359,KM,,Used,79900 PLN,PLN,CASH,79900 PLN,Total,Gasoline,Automatic,Spoticar  Budmat Auto PłockPłock,Spoticar  Budmat Auto Płock,Gwarancja Spoticar Premium12 miesięcy
SPOT-64690,Peugeot 308 · 40900 PLN,Peugeot 308 · Cena: 40900 PLN · Gwarancja Spoticar Premium6 miesięcy · SPOTICAR PRASEK RADOMRadom · Sprawdź ofertę!,https://www.spoticar.pl/znajdz-uzywany-samochod/peugeot-308-12-puretech-gpf-active-pack-business-ss-radom-1200216617,https://s3.eu-central-1.amazonaws.com/uvpictures-eu-central-1/368/SP/PL/PEUGEOT-308-216617_1.JPG,https://s3.eu-central-1.amazonaws.com/uvpictures-eu-central-1/368/SP/PL/PEUGEOT-308-216617_2.JPG|https://s3.eu-central-1.amazonaws.com/uvpictures-eu-central-1/368/SP/PL/PEUGEOT-308-216617_3.JPG|https://s3.eu-central-1.amazonaws.com/uvpictures-eu-central-1/368/SP/PL/PEUGEOT-308-216617_4.JPG,Peugeot,308,2021,113605,KM,,Used,40900 PLN,PLN,CASH,40900 PLN,Total,Gasoline,Manual,SPOTICAR PRASEK RADOMRadom,SPOTICAR PRASEK RADOM,Gwarancja Spoticar Premium6 miesięcy
SPOT-70928,Peugeot 2008 · 84900 PLN,Peugeot 2008 · Cena: 84900 PLN · Gwarancja Spoticar Premium12 miesięcy · SPOTICAR STELLANTIS & YOU WARSZAWA AL. KRAKOWSKA · Sprawdź ofertę!,https://www.spoticar.pl/znajdz-uzywany-samochod/peugeot-2008-puretech-130-gt-ss-eat8-warszawa-1200222654,https://s3.eu-central-1.amazonaws.com/uvpictures-eu-central-1/368/SP/PL/PEUGEOT-2008-222654_1.JPG,https://s3.eu-central-1.amazonaws.com/uvpictures-eu-central-1/368/SP/PL/PEUGEOT-2008-222654_2.JPG|https://s3.eu-central-1.amazonaws.com/uvpictures-eu-central-1/368/SP/PL/PEUGEOT-2008-222654_3.JPG|https://s3.eu-central-1.amazonaws.com/uvpictures-eu-central-1/368/SP/PL/PEUGEOT-2008-222654_4.JPG,Peugeot,2008,2023,49540,KM,,Used,84900 PLN,PLN,CASH,84900 PLN,Total,Gasoline,Automatic,SPOTICAR STELLANTIS & YOU WARSZAWA AL. KRAKOWSKA,SPOTICAR STELLANTIS & YOU WARSZAWA AL. KRAKOWSKASPOTICAR STELLANTIS & YOU WARSZAWA AL. KRAKOWSKA,Gwarancja Spoticar Premium12 miesięcy
SPOT-70258,Peugeot Expert · 106887 PLN,Peugeot Expert · Cena: 106887 PLN · Gwarancja Spoticar Premium6 miesięcy · SPOTICAR PRASEK RADOMRadom · Sprawdź ofertę!,https://www.spoticar.pl/znajdz-uzywany-samochod/peugeot-expert-20-bluehdi-long-31t-radom-1200222024,https://s3.eu-central-1.amazonaws.com/uvpictures-eu-central-1/368/SP/PL/PEUGEOT-EXPERT-222024_1.JPG,https://s3.eu-central-1.amazonaws.com/uvpictures-eu-central-1/368/SP/PL/PEUGEOT-EXPERT-222024_2.JPG|https://s3.eu-central-1.amazonaws.com/uvpictures-eu-central-1/368/SP/PL/PEUGEOT-EXPERT-222024_3.JPG|https://s3.eu-central-1.amazonaws.com/uvpictures-eu-central-1/368/SP/PL/PEUGEOT-EXPERT-222024_4.JPG,Peugeot,Expert,2023,115483,KM,,Used,106887 PLN,PLN,CASH,106887 PLN,Total,Diesel,Automatic,SPOTICAR PRASEK RADOMRadom,SPOTICAR PRASEK RADOM,Gwarancja Spoticar Premium6 miesięcy
SPOT-70115,Citroën C5 Aircross · 89900 PLN,Citroën C5 Aircross · Cena: 89900 PLN · Gwarancja Spoticar Premium12 miesięcy · SPOTICAR RIA STALOWA WOLAStalowa Wola / Grebów · Sprawdź ofertę!,https://www.spoticar.pl/znajdz-uzywany-samochod/citroen-c5-aircross-12-mhev-plus-edct6-stalowa-wola-grebow-1200221865,https://s3.eu-central-1.amazonaws.com/uvpictures-eu-central-1/368/SP/PL/CITROEN-C5-AIRCROSS-221865_1.JPG,https://s3.eu-central-1.amazonaws.com/uvpictures-eu-central-1/368/SP/PL/CITROEN-C5-AIRCROSS-221865_2.JPG|https://s3.eu-central-1.amazonaws.com/uvpictures-eu-central-1/368/SP/PL/CITROEN-C5-AIRCROSS-221865_3.JPG|https://s3.eu-central-1.amazonaws.com/uvpictures-eu-central-1/368/SP/PL/CITROEN-C5-AIRCROSS-221865_4.JPG,Citroën,C5 Aircross,2025,13546,KM,,Used,89900 PLN,PLN,CASH,89900 PLN,Total,Hybrid,Automatic,SPOTICAR RIA STALOWA WOLAStalowa Wola / Grebów,SPOTICAR RIA STALOWA WOLA,Gwarancja Spoticar Premium12 miesięcy
SPOT-70258,Peugeot Expert · 106887 PLN,Peugeot Expert · Cena: 106887 PLN · Gwarancja Spoticar Premium6 miesięcy · SPOTICAR PRASEK RADOMRadom · Sprawdź ofertę!,https://www.spoticar.pl/znajdz-uzywany-samochod/peugeot-expert-20-bluehdi-long-31t-radom-1200222024,https://s3.eu-central-1.amazonaws.com/uvpictures-eu-central-1/368/SP/PL/PEUGEOT-EXPERT-222024_1.JPG,https://s3.eu-central-1.amazonaws.com/uvpictures-eu-central-1/368/SP/PL/PEUGEOT-EXPERT-222024_2.JPG|https://s3.eu-central-1.amazonaws.com/uvpictures-eu-central-1/368/SP/PL/PEUGEOT-EXPERT-222024_3.JPG|https://s3.eu-central-1.amazonaws.com/uvpictures-eu-central-1/368/SP/PL/PEUGEOT-EXPERT-222024_4.JPG,Peugeot,Expert,2023,115483,KM,,Used,106887 PLN,PLN,CASH,106887 PLN,Total,Diesel,Automatic,SPOTICAR PRASEK RADOMRadom,SPOTICAR PRASEK RADOM,Gwarancja Spoticar Premium6 miesięcy
SPOT-70228,Opel Corsa · 72900 PLN,Opel Corsa · Cena: 72900 PLN · Gwarancja Spoticar Premium12 miesięcy · Spoticar  Budmat Auto PłockPłock · Sprawdź ofertę!,https://www.spoticar.pl/znajdz-uzywany-samochod/opel-corsa-12-t-gs-ss-aut-plock-1200221984,https://s3.eu-central-1.amazonaws.com/uvpictures-eu-central-1/368/SP/PL/OPEL-CORSA-221984_1.JPG,https://s3.eu-central-1.amazonaws.com/uvpictures-eu-central-1/368/SP/PL/OPEL-CORSA-221984_2.JPG|https://s3.eu-central-1.amazonaws.com/uvpictures-eu-central-1/368/SP/PL/OPEL-CORSA-221984_3.JPG|https://s3.eu-central-1.amazonaws.com/uvpictures-eu-central-1/368/SP/PL/OPEL-CORSA-221984_4.JPG,Opel,Corsa,2025,11400,KM,,Used,72900 PLN,PLN,CASH,72900 PLN,Total,Gasoline,Automatic,Spoticar  Budmat Auto PłockPłock,Spoticar  Budmat Auto Płock,Gwarancja Spoticar Premium12 miesięcy
SPOT-70275,Opel Astra · 88888 PLN,Opel Astra · Cena: 88888 PLN · Gwarancja Spoticar Premium12 miesięcy · SPOTICAR STELLANTIS & YOU WARSZAWA PUŁAWSKA · Sprawdź ofertę!,https://www.spoticar.pl/znajdz-uzywany-samochod/opel-astra-vi-12-t-gs-ss-aut-warszawa-1200222029,https://s3.eu-central-1.amazonaws.com/uvpictures-eu-central-1/368/SP/PL/OPEL-ASTRA-222029_1.JPG,https://s3.eu-central-1.amazonaws.com/uvpictures-eu-central-1/368/SP/PL/OPEL-ASTRA-222029_2.JPG|https://s3.eu-central-1.amazonaws.com/uvpictures-eu-central-1/368/SP/PL/OPEL-ASTRA-222029_3.JPG|https://s3.eu-central-1.amazonaws.com/uvpictures-eu-central-1/368/SP/PL/OPEL-ASTRA-222029_4.JPG,Opel,Astra,2024,36132,KM,,Used,88888 PLN,PLN,CASH,88888 PLN,Total,Gasoline,Automatic,SPOTICAR STELLANTIS & YOU WARSZAWA PUŁAWSKA,SPOTICAR STELLANTIS & YOU WARSZAWA PUŁAWSKASPOTICAR STELLANTIS & YOU WARSZAWA PUŁAWSKA,Gwarancja Spoticar Premium12 miesięcy
SPOT-70370,Peugeot Boxer · 69987 PLN,Peugeot Boxer · Cena: 69987 PLN · Gwarancja Spoticar Premium6 miesięcy · SPOTICAR PRASEK RADOMRadom · Sprawdź ofertę!,https://www.spoticar.pl/znajdz-uzywany-samochod/peugeot-boxer-435-bluehdi-l4h2-pro-radom-1200222132,https://s3.eu-central-1.amazonaws.com/uvpictures-eu-central-1/368/SP/PL/PEUGEOT-BOXER-222132_1.JPG,https://s3.eu-central-1.amazonaws.com/uvpictures-eu-central-1/368/SP/PL/PEUGEOT-BOXER-222132_2.JPG|https://s3.eu-central-1.amazonaws.com/uvpictures-eu-central-1/368/SP/PL/PEUGEOT-BOXER-222132_3.JPG|https://s3.eu-central-1.amazonaws.com/uvpictures-eu-central-1/368/SP/PL/PEUGEOT-BOXER-222132_4.JPG,Peugeot,Boxer,2021,143060,KM,,Used,69987 PLN,PLN,CASH,69987 PLN,Total,Diesel,Manual,SPOTICAR PRASEK RADOMRadom,SPOTICAR PRASEK RADOM,Gwarancja Spoticar Premium6 miesięcy
SPOT-70364,Peugeot 308 · 94900 PLN,Peugeot 308 · Cena: 94900 PLN · Gwarancja Spoticar Premium12 miesięcy · Spoticar  Budmat Auto PłockPłock · Sprawdź ofertę!,https://www.spoticar.pl/znajdz-uzywany-samochod/peugeot-308-12-mhev-gt-ss-e-dcs6-plock-1200222100,https://s3.eu-central-1.amazonaws.com/uvpictures-eu-central-1/368/SP/PL/PEUGEOT-308-222100_1.JPG,https://s3.eu-central-1.amazonaws.com/uvpictures-eu-central-1/368/SP/PL/PEUGEOT-308-222100_2.JPG|https://s3.eu-central-1.amazonaws.com/uvpictures-eu-central-1/368/SP/PL/PEUGEOT-308-222100_3.JPG|https://s3.eu-central-1.amazonaws.com/uvpictures-eu-central-1/368/SP/PL/PEUGEOT-308-222100_4.JPG,Peugeot,308,2025,20655,KM,,Used,94900 PLN,PLN,CASH,94900 PLN,Total,Gasoline,Automatic,Spoticar  Budmat Auto PłockPłock,Spoticar  Budmat Auto Płock,Gwarancja Spoticar Premium12 miesięcy
SPOT-69620,Hyundai I20 · 33900 PLN,Hyundai I20 · Cena: 33900 PLN · Gwarancja Spoticar Premium6 miesięcy · SPOTICAR PRASEK RADOMRadom · Sprawdź ofertę!,https://www.spoticar.pl/znajdz-uzywany-samochod/hyundai-i20-12-classic-radom-1200221393,https://s3.eu-central-1.amazonaws.com/uvpictures-eu-central-1/368/SP/PL/HYUNDAI-I20-221393_1.JPG,https://s3.eu-central-1.amazonaws.com/uvpictures-eu-central-1/368/SP/PL/HYUNDAI-I20-221393_2.JPG|https://s3.eu-central-1.amazonaws.com/uvpictures-eu-central-1/368/SP/PL/HYUNDAI-I20-221393_3.JPG|https://s3.eu-central-1.amazonaws.com/uvpictures-eu-central-1/368/SP/PL/HYUNDAI-I20-221393_4.JPG,Hyundai,I20,2017,66700,KM,,Used,33900 PLN,PLN,CASH,33900 PLN,Total,Gasoline,Manual,SPOTICAR PRASEK RADOMRadom,SPOTICAR PRASEK RADOM,Gwarancja Spoticar Premium6 miesięcy
SPOT-70071,Citroën C5 Aircross · 109500 PLN,Citroën C5 Aircross · Cena: 109500 PLN · Gwarancja Spoticar Premium12 miesięcy · Spoticar Auto Centrum Golemo Kraków · Sprawdź ofertę!,https://www.spoticar.pl/znajdz-uzywany-samochod/citroen-c5-aircross-12-mhev-max-edct6-krakow-1200221843,https://s3.eu-central-1.amazonaws.com/uvpictures-eu-central-1/368/SP/PL/CITROEN-C5-AIRCROSS-221843_1.JPG,https://s3.eu-central-1.amazonaws.com/uvpictures-eu-central-1/368/SP/PL/CITROEN-C5-AIRCROSS-221843_2.JPG|https://s3.eu-central-1.amazonaws.com/uvpictures-eu-central-1/368/SP/PL/CITROEN-C5-AIRCROSS-221843_3.JPG|https://s3.eu-central-1.amazonaws.com/uvpictures-eu-central-1/368/SP/PL/CITROEN-C5-AIRCROSS-221843_4.JPG,Citroën,C5 Aircross,2025,18500,KM,,Used,109500 PLN,PLN,CASH,109500 PLN,Total,Gasoline,Automatic,Spoticar Auto Centrum Golemo Kraków,Spoticar Auto Centrum Golemo KrakówSpoticar Auto Centrum Golemo Kraków,Gwarancja Spoticar Premium12 miesięcy
SPOT-70097,Peugeot 508 · 79900 PLN,Peugeot 508 · Cena: 79900 PLN · Gwarancja Spoticar Premium6 miesięcy · Spoticar Auto Centrum Golemo Kraków · Sprawdź ofertę!,https://www.spoticar.pl/znajdz-uzywany-samochod/peugeot-508-15-bluehdi-allure-pack-ss-eat8-krakow-1200221864,https://s3.eu-central-1.amazonaws.com/uvpictures-eu-central-1/368/SP/PL/PEUGEOT-508-221864_1.JPG,https://s3.eu-central-1.amazonaws.com/uvpictures-eu-central-1/368/SP/PL/PEUGEOT-508-221864_2.JPG|https://s3.eu-central-1.amazonaws.com/uvpictures-eu-central-1/368/SP/PL/PEUGEOT-508-221864_3.JPG|https://s3.eu-central-1.amazonaws.com/uvpictures-eu-central-1/368/SP/PL/PEUGEOT-508-221864_4.JPG,Peugeot,508,2023,146060,KM,,Used,79900 PLN,PLN,CASH,79900 PLN,Total,Diesel,Automatic,Spoticar Auto Centrum Golemo Kraków,Spoticar Auto Centrum Golemo KrakówSpoticar Auto Centrum Golemo Kraków,Gwarancja Spoticar Premium6 miesięcy
SPOT-70113,Opel Corsa · 42900 PLN,Opel Corsa · Cena: 42900 PLN · Gwarancja Spoticar Premium6 miesięcy · SPOTICAR RIA GRUDZIĄDZGRUDZIADZ · Sprawdź ofertę!,https://www.spoticar.pl/znajdz-uzywany-samochod/opel-corsa-12-edition-ss-grudziadz-1200221869,https://s3.eu-central-1.amazonaws.com/uvpictures-eu-central-1/368/SP/PL/OPEL-CORSA-221869_1.JPG,https://s3.eu-central-1.amazonaws.com/uvpictures-eu-central-1/368/SP/PL/OPEL-CORSA-221869_2.JPG|https://s3.eu-central-1.amazonaws.com/uvpictures-eu-central-1/368/SP/PL/OPEL-CORSA-221869_3.JPG|https://s3.eu-central-1.amazonaws.com/uvpictures-eu-central-1/368/SP/PL/OPEL-CORSA-221869_4.JPG,Opel,Corsa,2022,84616,KM,,Used,42900 PLN,PLN,CASH,42900 PLN,Total,Gasoline,Manual,SPOTICAR RIA GRUDZIĄDZGRUDZIADZ,SPOTICAR RIA GRUDZIĄDZ,Gwarancja Spoticar Premium6 miesięcy
SPOT-70115,Citroën C5 Aircross · 89900 PLN,Citroën C5 Aircross · Cena: 89900 PLN · Gwarancja Spoticar Premium12 miesięcy · SPOTICAR RIA STALOWA WOLAStalowa Wola / Grebów · Sprawdź ofertę!,https://www.spoticar.pl/znajdz-uzywany-samochod/citroen-c5-aircross-12-mhev-plus-edct6-stalowa-wola-grebow-1200221865,https://s3.eu-central-1.amazonaws.com/uvpictures-eu-central-1/368/SP/PL/CITROEN-C5-AIRCROSS-221865_1.JPG,https://s3.eu-central-1.amazonaws.com/uvpictures-eu-central-1/368/SP/PL/CITROEN-C5-AIRCROSS-221865_2.JPG|https://s3.eu-central-1.amazonaws.com/uvpictures-eu-central-1/368/SP/PL/CITROEN-C5-AIRCROSS-221865_3.JPG|https://s3.eu-central-1.amazonaws.com/uvpictures-eu-central-1/368/SP/PL/CITROEN-C5-AIRCROSS-221865_4.JPG,Citroën,C5 Aircross,2025,13546,KM,,Used,89900 PLN,PLN,CASH,89900 PLN,Total,Hybrid,Automatic,SPOTICAR RIA STALOWA WOLAStalowa Wola / Grebów,SPOTICAR RIA STALOWA WOLA,Gwarancja Spoticar Premium12 miesięcy
SPOT-69945,Peugeot 2008 · 84900 PLN,Peugeot 2008 · Cena: 84900 PLN · Gwarancja Spoticar Premium12 miesięcy · SPOTICAR STELLANTIS & YOU WARSZAWA PUŁAWSKA · Sprawdź ofertę!,https://www.spoticar.pl/znajdz-uzywany-samochod/peugeot-2008-puretech-130-gt-ss-eat8-warszawa-1200221710,https://s3.eu-central-1.amazonaws.com/uvpictures-eu-central-1/368/SP/PL/PEUGEOT-2008-221710_1.JPG,https://s3.eu-central-1.amazonaws.com/uvpictures-eu-central-1/368/SP/PL/PEUGEOT-2008-221710_2.JPG|https://s3.eu-central-1.amazonaws.com/uvpictures-eu-central-1/368/SP/PL/PEUGEOT-2008-221710_3.JPG|https://s3.eu-central-1.amazonaws.com/uvpictures-eu-central-1/368/SP/PL/PEUGEOT-2008-221710_4.JPG,Peugeot,2008,2024,60000,KM,,Used,84900 PLN,PLN,CASH,84900 PLN,Total,Gasoline,Automatic,SPOTICAR STELLANTIS & YOU WARSZAWA PUŁAWSKA,SPOTICAR STELLANTIS & YOU WARSZAWA PUŁAWSKASPOTICAR STELLANTIS & YOU WARSZAWA PUŁAWSKA,Gwarancja Spoticar Premium12 miesięcy
SPOT-69944,Peugeot 408 · 99900 PLN,Peugeot 408 · Cena: 99900 PLN · Gwarancja Spoticar Premium12 miesięcy · SPOTICAR STELLANTIS & YOU WARSZAWA PUŁAWSKA · Sprawdź ofertę!,https://www.spoticar.pl/znajdz-uzywany-samochod/peugeot-408-12-puretech-gt-ss-eat8-warszawa-1200221709,https://s3.eu-central-1.amazonaws.com/uvpictures-eu-central-1/368/SP/PL/PEUGEOT-408-221709_1.JPG,https://s3.eu-central-1.amazonaws.com/uvpictures-eu-central-1/368/SP/PL/PEUGEOT-408-221709_2.JPG|https://s3.eu-central-1.amazonaws.com/uvpictures-eu-central-1/368/SP/PL/PEUGEOT-408-221709_3.JPG|https://s3.eu-central-1.amazonaws.com/uvpictures-eu-central-1/368/SP/PL/PEUGEOT-408-221709_4.JPG,Peugeot,408,2024,45124,KM,,Used,99900 PLN,PLN,CASH,99900 PLN,Total,Gasoline,Automatic,SPOTICAR STELLANTIS & YOU WARSZAWA PUŁAWSKA,SPOTICAR STELLANTIS & YOU WARSZAWA PUŁAWSKASPOTICAR STELLANTIS & YOU WARSZAWA PUŁAWSKA,Gwarancja Spoticar Premium12 miesięcy
SPOT-69750,Skoda Kamiq · 64900 PLN,Skoda Kamiq · Cena: 64900 PLN · Gwarancja Spoticar Premium12 miesięcy · Spoticar Fix Forum RzeszówKRASNE · Sprawdź ofertę!,https://www.spoticar.pl/znajdz-uzywany-samochod/skoda-kamiq-10-tsi-ambition-krasne-1200221521,https://s3.eu-central-1.amazonaws.com/uvpictures-eu-central-1/368/SP/PL/SKODA-KAMIQ-221521_1.JPG,https://s3.eu-central-1.amazonaws.com/uvpictures-eu-central-1/368/SP/PL/SKODA-KAMIQ-221521_2.JPG|https://s3.eu-central-1.amazonaws.com/uvpictures-eu-central-1/368/SP/PL/SKODA-KAMIQ-221521_3.JPG|https://s3.eu-central-1.amazonaws.com/uvpictures-eu-central-1/368/SP/PL/SKODA-KAMIQ-221521_4.JPG,Skoda,Kamiq,2022,89651,KM,,Used,64900 PLN,PLN,CASH,64900 PLN,Total,Gasoline,Manual,Spoticar Fix Forum RzeszówKRASNE,Spoticar Fix Forum Rzeszów,Gwarancja Spoticar Premium12 miesięcy
SPOT-70009,Peugeot 308 · 79900 PLN,Peugeot 308 · Cena: 79900 PLN · Gwarancja Spoticar Premium12 miesięcy · SPOTICAR STELLANTIS & YOU WARSZAWA RADZYMIŃSKA · Sprawdź ofertę!,https://www.spoticar.pl/znajdz-uzywany-samochod/peugeot-warszawa-1200221772,https://s3.eu-central-1.amazonaws.com/uvpictures-eu-central-1/368/SP/PL/PEUGEOT-308-221772_1.JPG,https://s3.eu-central-1.amazonaws.com/uvpictures-eu-central-1/368/SP/PL/PEUGEOT-308-221772_2.JPG|https://s3.eu-central-1.amazonaws.com/uvpictures-eu-central-1/368/SP/PL/PEUGEOT-308-221772_3.JPG|https://s3.eu-central-1.amazonaws.com/uvpictures-eu-central-1/368/SP/PL/PEUGEOT-308-221772_4.JPG,Peugeot,308,2022,37501,KM,,Used,79900 PLN,PLN,CASH,79900 PLN,Total,Gasoline,Automatic,SPOTICAR STELLANTIS & YOU WARSZAWA RADZYMIŃSKA,SPOTICAR STELLANTIS & YOU WARSZAWA RADZYMIŃSKASPOTICAR STELLANTIS & YOU WARSZAWA RADZYMIŃSKA,Gwarancja Spoticar Premium12 miesięcy
SPOT-65867,Opel Mokka · 102990 PLN,Opel Mokka · Cena: 102990 PLN · Gwarancja Spoticar Premium12 miesięcy · Spoticar GEZET SzczecinSzczecin · Sprawdź ofertę!,https://www.spoticar.pl/znajdz-uzywany-samochod/opel-mokka-12-t-edition-ss-aut-szczecin-400217789,https://s3.eu-central-1.amazonaws.com/uvpictures-eu-central-1/368/SP/PL/OPEL-MOKKA-217789_1.JPG,https://s3.eu-central-1.amazonaws.com/uvpictures-eu-central-1/368/SP/PL/OPEL-MOKKA-217789_2.JPG|https://s3.eu-central-1.amazonaws.com/uvpictures-eu-central-1/368/SP/PL/OPEL-MOKKA-217789_3.JPG|https://s3.eu-central-1.amazonaws.com/uvpictures-eu-central-1/368/SP/PL/OPEL-MOKKA-217789_4.JPG,Opel,Mokka,2024,12252,KM,,Used,102990 PLN,PLN,CASH,102990 PLN,Total,Gasoline,Automatic,Spoticar GEZET SzczecinSzczecin,Spoticar GEZET Szczecin,Gwarancja Spoticar Premium12 miesięcy
SPOT-65286,Citroën C3 · 79990 PLN,Citroën C3 · Cena: 79990 PLN · Gwarancja Spoticar Premium12 miesięcy · SPOTICAR STELLANTIS & YOU WARSZAWA RADZYMIŃSKA · Sprawdź ofertę!,https://www.spoticar.pl/znajdz-uzywany-samochod/citroen-c3-12-t-max-warszawa-100217195,https://s3.eu-central-1.amazonaws.com/uvpictures-eu-central-1/368/SP/PL/CITROEN-C3-217195_1.JPG,https://s3.eu-central-1.amazonaws.com/uvpictures-eu-central-1/368/SP/PL/CITROEN-C3-217195_2.JPG|https://s3.eu-central-1.amazonaws.com/uvpictures-eu-central-1/368/SP/PL/CITROEN-C3-217195_3.JPG|https://s3.eu-central-1.amazonaws.com/uvpictures-eu-central-1/368/SP/PL/CITROEN-C3-217195_4.JPG,Citroën,C3,2024,1285,KM,,Used,79990 PLN,PLN,CASH,79990 PLN,Total,Gasoline,Manual,SPOTICAR STELLANTIS & YOU WARSZAWA RADZYMIŃSKA,SPOTICAR STELLANTIS & YOU WARSZAWA RADZYMIŃSKASPOTICAR STELLANTIS & YOU WARSZAWA RADZYMIŃSKA,Gwarancja Spoticar Premium12 miesięcy
SPOT-65869,Opel Mokka · 102990 PLN,Opel Mokka · Cena: 102990 PLN · Gwarancja Spoticar Premium12 miesięcy · Spoticar GEZET SzczecinSzczecin · Sprawdź ofertę!,https://www.spoticar.pl/znajdz-uzywany-samochod/opel-mokka-12-t-edition-ss-aut-szczecin-400217785,https://s3.eu-central-1.amazonaws.com/uvpictures-eu-central-1/368/SP/PL/OPEL-MOKKA-217785_1.JPG,https://s3.eu-central-1.amazonaws.com/uvpictures-eu-central-1/368/SP/PL/OPEL-MOKKA-217785_2.JPG|https://s3.eu-central-1.amazonaws.com/uvpictures-eu-central-1/368/SP/PL/OPEL-MOKKA-217785_3.JPG|https://s3.eu-central-1.amazonaws.com/uvpictures-eu-central-1/368/SP/PL/OPEL-MOKKA-217785_4.JPG,Opel,Mokka,2024,22000,KM,,Used,102990 PLN,PLN,CASH,102990 PLN,Total,Gasoline,Automatic,Spoticar GEZET SzczecinSzczecin,Spoticar GEZET Szczecin,Gwarancja Spoticar Premium12 miesięcy
SPOT-70904,Peugeot 208 · 51900 PLN,Peugeot 208 · Cena: 51900 PLN · Gwarancja Spoticar Premium12 miesięcy · SPOTICAR RIA STALOWA WOLAStalowa Wola / Grebów · Sprawdź ofertę!,https://www.spoticar.pl/znajdz-uzywany-samochod/peugeot-208-12-puretech-gt-ss-eat8-stalowa-wola-grebow-1200222632,https://s3.eu-central-1.amazonaws.com/uvpictures-eu-central-1/368/SP/PL/PEUGEOT-208-222632_1.JPG,https://s3.eu-central-1.amazonaws.com/uvpictures-eu-central-1/368/SP/PL/PEUGEOT-208-222632_2.JPG|https://s3.eu-central-1.amazonaws.com/uvpictures-eu-central-1/368/SP/PL/PEUGEOT-208-222632_3.JPG|https://s3.eu-central-1.amazonaws.com/uvpictures-eu-central-1/368/SP/PL/PEUGEOT-208-222632_4.JPG,Peugeot,208,2021,86915,KM,,Used,51900 PLN,PLN,CASH,51900 PLN,Total,Gasoline,Automatic,SPOTICAR RIA STALOWA WOLAStalowa Wola / Grebów,SPOTICAR RIA STALOWA WOLA,Gwarancja Spoticar Premium12 miesięcy
SPOT-69671,Opel Crossland · 52900 PLN,Opel Crossland · Cena: 52900 PLN · Gwarancja Spoticar Premium12 miesięcy · Spoticar Fix Forum RzeszówKRASNE · Sprawdź ofertę!,https://www.spoticar.pl/znajdz-uzywany-samochod/opel-crossland-12-t-edition-krasne-1200221443,https://s3.eu-central-1.amazonaws.com/uvpictures-eu-central-1/368/SP/PL/OPEL-CROSSLAND-221443_1.JPG,https://s3.eu-central-1.amazonaws.com/uvpictures-eu-central-1/368/SP/PL/OPEL-CROSSLAND-221443_2.JPG|https://s3.eu-central-1.amazonaws.com/uvpictures-eu-central-1/368/SP/PL/OPEL-CROSSLAND-221443_3.JPG|https://s3.eu-central-1.amazonaws.com/uvpictures-eu-central-1/368/SP/PL/OPEL-CROSSLAND-221443_4.JPG,Opel,Crossland,2023,32132,KM,,Used,52900 PLN,PLN,CASH,52900 PLN,Total,Gasoline,Manual,Spoticar Fix Forum RzeszówKRASNE,Spoticar Fix Forum Rzeszów,Gwarancja Spoticar Premium12 miesięcy
SPOT-65446,Ford Focus · 38900 PLN,Ford Focus · Cena: 38900 PLN · Gwarancja Spoticar Premium6 miesięcy · Spoticar MOTOR CENTRUM GdańskGdańsk · Sprawdź ofertę!,https://www.spoticar.pl/znajdz-uzywany-samochod/ford-focus-10-ecoboost-trend-edition-gdansk-1200217342,https://s3.eu-central-1.amazonaws.com/uvpictures-eu-central-1/368/SP/PL/FORD-FOCUS-217342_1.JPG,https://s3.eu-central-1.amazonaws.com/uvpictures-eu-central-1/368/SP/PL/FORD-FOCUS-217342_2.JPG|https://s3.eu-central-1.amazonaws.com/uvpictures-eu-central-1/368/SP/PL/FORD-FOCUS-217342_3.JPG|https://s3.eu-central-1.amazonaws.com/uvpictures-eu-central-1/368/SP/PL/FORD-FOCUS-217342_4.JPG,Ford,Focus,2019,95554,KM,,Used,38900 PLN,PLN,CASH,38900 PLN,Total,Gasoline,Manual,Spoticar MOTOR CENTRUM GdańskGdańsk,Spoticar MOTOR CENTRUM Gdańsk,Gwarancja Spoticar Premium6 miesięcy
SPOT-68606,Fiat 500X · 55900 PLN,Fiat 500X · Cena: 55900 PLN · Gwarancja Spoticar Premium6 miesięcy · SPOTICAR PRASEK RADOMRadom · Sprawdź ofertę!,https://www.spoticar.pl/znajdz-uzywany-samochod/fiat-500x-10-city-cross-radom-1200220406,https://s3.eu-central-1.amazonaws.com/uvpictures-eu-central-1/368/SP/PL/FIAT-500X-220406_1.JPG,https://s3.eu-central-1.amazonaws.com/uvpictures-eu-central-1/368/SP/PL/FIAT-500X-220406_2.JPG|https://s3.eu-central-1.amazonaws.com/uvpictures-eu-central-1/368/SP/PL/FIAT-500X-220406_3.JPG|https://s3.eu-central-1.amazonaws.com/uvpictures-eu-central-1/368/SP/PL/FIAT-500X-220406_4.JPG,Fiat,500X,2020,68772,KM,,Used,55900 PLN,PLN,CASH,55900 PLN,Total,Gasoline,Manual,SPOTICAR PRASEK RADOMRadom,SPOTICAR PRASEK RADOM,Gwarancja Spoticar Premium6 miesięcy
SPOT-69983,Citroën C4 Cactus · 34900 PLN,Citroën C4 Cactus · Cena: 34900 PLN · Gwarancja Spoticar Premium6 miesięcy · Spoticar Auto Centrum Golemo Kraków · Sprawdź ofertę!,https://www.spoticar.pl/znajdz-uzywany-samochod/citroen-c4-cactus-12-puretech-gpf-feel-krakow-1200221749,https://s3.eu-central-1.amazonaws.com/uvpictures-eu-central-1/368/SP/PL/CITROEN-C4-CACTUS-221749_1.JPG,https://s3.eu-central-1.amazonaws.com/uvpictures-eu-central-1/368/SP/PL/CITROEN-C4-CACTUS-221749_2.JPG|https://s3.eu-central-1.amazonaws.com/uvpictures-eu-central-1/368/SP/PL/CITROEN-C4-CACTUS-221749_3.JPG|https://s3.eu-central-1.amazonaws.com/uvpictures-eu-central-1/368/SP/PL/CITROEN-C4-CACTUS-221749_4.JPG,Citroën,C4 Cactus,2019,103263,KM,,Used,34900 PLN,PLN,CASH,34900 PLN,Total,Gasoline,Manual,Spoticar Auto Centrum Golemo Kraków,Spoticar Auto Centrum Golemo KrakówSpoticar Auto Centrum Golemo Kraków,Gwarancja Spoticar Premium6 miesięcy
SPOT-68983,Opel Astra · 24900 PLN,Opel Astra · Cena: 24900 PLN · Gwarancja Spoticar Premium6 miesięcy · Spoticar Auto Centrum Golemo Kraków · Sprawdź ofertę!,https://www.spoticar.pl/znajdz-uzywany-samochod/opel-astra-v-16-cdti-essentia-krakow-1200220768,https://s3.eu-central-1.amazonaws.com/uvpictures-eu-central-1/368/SP/PL/OPEL-ASTRA-220768_1.JPG,https://s3.eu-central-1.amazonaws.com/uvpictures-eu-central-1/368/SP/PL/OPEL-ASTRA-220768_2.JPG|https://s3.eu-central-1.amazonaws.com/uvpictures-eu-central-1/368/SP/PL/OPEL-ASTRA-220768_3.JPG|https://s3.eu-central-1.amazonaws.com/uvpictures-eu-central-1/368/SP/PL/OPEL-ASTRA-220768_4.JPG,Opel,Astra,2018,187726,KM,,Used,24900 PLN,PLN,CASH,24900 PLN,Total,Diesel,Manual,Spoticar Auto Centrum Golemo Kraków,Spoticar Auto Centrum Golemo KrakówSpoticar Auto Centrum Golemo Kraków,Gwarancja Spoticar Premium6 miesięcy
SPOT-67199,Opel Movano · 89913 PLN,Opel Movano · Cena: 89913 PLN · Gwarancja Spoticar Premium6 miesięcy · Spoticar Fijałkowski RybnikRybnik · Sprawdź ofertę!,https://www.spoticar.pl/znajdz-uzywany-samochod/opel-movano-cdti-l3h2-edition-rybnik-1200219033,https://s3.eu-central-1.amazonaws.com/uvpictures-eu-central-1/368/SP/PL/OPEL-MOVANO-219033_1.JPG,https://s3.eu-central-1.amazonaws.com/uvpictures-eu-central-1/368/SP/PL/OPEL-MOVANO-219033_2.JPG|https://s3.eu-central-1.amazonaws.com/uvpictures-eu-central-1/368/SP/PL/OPEL-MOVANO-219033_3.JPG|https://s3.eu-central-1.amazonaws.com/uvpictures-eu-central-1/368/SP/PL/OPEL-MOVANO-219033_4.JPG,Opel,Movano,2022,112233,KM,,Used,89913 PLN,PLN,CASH,89913 PLN,Total,Diesel,Manual,Spoticar Fijałkowski RybnikRybnik,Spoticar Fijałkowski Rybnik,Gwarancja Spoticar Premium6 miesięcy
SPOT-70472,Peugeot 2008 · 72900 PLN,Peugeot 2008 · Cena: 72900 PLN · Gwarancja Spoticar Premium12 miesięcy · SPOTICAR STELLANTIS & YOU WARSZAWA PUŁAWSKA · Sprawdź ofertę!,https://www.spoticar.pl/znajdz-uzywany-samochod/peugeot-2008-puretech-130-allure-ss-eat8-warszawa-1200222180,https://s3.eu-central-1.amazonaws.com/uvpictures-eu-central-1/368/SP/PL/PEUGEOT-2008-222180_1.JPG,https://s3.eu-central-1.amazonaws.com/uvpictures-eu-central-1/368/SP/PL/PEUGEOT-2008-222180_2.JPG|https://s3.eu-central-1.amazonaws.com/uvpictures-eu-central-1/368/SP/PL/PEUGEOT-2008-222180_3.JPG|https://s3.eu-central-1.amazonaws.com/uvpictures-eu-central-1/368/SP/PL/PEUGEOT-2008-222180_4.JPG,Peugeot,2008,2024,40000,KM,,Used,72900 PLN,PLN,CASH,72900 PLN,Total,Gasoline,Automatic,SPOTICAR STELLANTIS & YOU WARSZAWA PUŁAWSKA,SPOTICAR STELLANTIS & YOU WARSZAWA PUŁAWSKASPOTICAR STELLANTIS & YOU WARSZAWA PUŁAWSKA,Gwarancja Spoticar Premium12 miesięcy
SPOT-71035,Suzuki SX4 S-Cross · 94900 PLN,Suzuki SX4 S-Cross · Cena: 94900 PLN · Gwarancja Spoticar Premium12 miesięcy · Spoticar MOTOR CENTRUM GdańskGdańsk · Sprawdź ofertę!,https://www.spoticar.pl/znajdz-uzywany-samochod/suzuki-sx4-s-cross-14-shvs-premium-plus-sp-4wd-gdansk-1200222775,https://s3.eu-central-1.amazonaws.com/uvpictures-eu-central-1/368/SP/PL/SUZUKI-SX4-S-CROSS-222775_1.JPG,https://s3.eu-central-1.amazonaws.com/uvpictures-eu-central-1/368/SP/PL/SUZUKI-SX4-S-CROSS-222775_2.JPG|https://s3.eu-central-1.amazonaws.com/uvpictures-eu-central-1/368/SP/PL/SUZUKI-SX4-S-CROSS-222775_3.JPG|https://s3.eu-central-1.amazonaws.com/uvpictures-eu-central-1/368/SP/PL/SUZUKI-SX4-S-CROSS-222775_4.JPG,Suzuki,SX4 S-Cross,2024,20571,KM,,Used,94900 PLN,PLN,CASH,94900 PLN,Total,Gasoline,Manual,Spoticar MOTOR CENTRUM GdańskGdańsk,Spoticar MOTOR CENTRUM Gdańsk,Gwarancja Spoticar Premium12 miesięcy
SPOT-71162,Opel Astra · 62900 PLN,Opel Astra · Cena: 62900 PLN · Gwarancja Spoticar Premium12 miesięcy · SPOTICAR RIA STALOWA WOLAStalowa Wola / Grebów · Sprawdź ofertę!,https://www.spoticar.pl/znajdz-uzywany-samochod/opel-astra-vi-12-t-edition-ss-stalowa-wola-grebow-1200222911,https://s3.eu-central-1.amazonaws.com/uvpictures-eu-central-1/368/SP/PL/OPEL-ASTRA-222911_1.JPG,https://s3.eu-central-1.amazonaws.com/uvpictures-eu-central-1/368/SP/PL/OPEL-ASTRA-222911_2.JPG|https://s3.eu-central-1.amazonaws.com/uvpictures-eu-central-1/368/SP/PL/OPEL-ASTRA-222911_3.JPG|https://s3.eu-central-1.amazonaws.com/uvpictures-eu-central-1/368/SP/PL/OPEL-ASTRA-222911_4.JPG,Opel,Astra,2024,61392,KM,,Used,62900 PLN,PLN,CASH,62900 PLN,Total,Gasoline,Manual,SPOTICAR RIA STALOWA WOLAStalowa Wola / Grebów,SPOTICAR RIA STALOWA WOLA,Gwarancja Spoticar Premium12 miesięcy
SPOT-71315,Opel Grandland · 85900 PLN,Opel Grandland · Cena: 85900 PLN · Gwarancja Spoticar Premium12 miesięcy · SPOTICAR RIA STALOWA WOLAStalowa Wola / Grebów · Sprawdź ofertę!,https://www.spoticar.pl/znajdz-uzywany-samochod/opel-grandland-12-t-gs-ss-aut-stalowa-wola-grebow-1200223040,https://s3.eu-central-1.amazonaws.com/uvpictures-eu-central-1/368/SP/PL/OPEL-GRANDLAND-223040_1.JPG,https://s3.eu-central-1.amazonaws.com/uvpictures-eu-central-1/368/SP/PL/OPEL-GRANDLAND-223040_2.JPG|https://s3.eu-central-1.amazonaws.com/uvpictures-eu-central-1/368/SP/PL/OPEL-GRANDLAND-223040_3.JPG|https://s3.eu-central-1.amazonaws.com/uvpictures-eu-central-1/368/SP/PL/OPEL-GRANDLAND-223040_4.JPG,Opel,Grandland,2023,42473,KM,,Used,85900 PLN,PLN,CASH,85900 PLN,Total,Gasoline,Automatic,SPOTICAR RIA STALOWA WOLAStalowa Wola / Grebów,SPOTICAR RIA STALOWA WOLA,Gwarancja Spoticar Premium12 miesięcy
SPOT-70300,Citroën C5 Aircross · 89900 PLN,Citroën C5 Aircross · Cena: 89900 PLN · Gwarancja Spoticar Premium6 miesięcy · SPOTICAR RIA GRUDZIĄDZGRUDZIADZ · Sprawdź ofertę!,https://www.spoticar.pl/znajdz-uzywany-samochod/citroen-c5-aircross-12-mhev-max-edct6-grudziadz-1200222037,https://s3.eu-central-1.amazonaws.com/uvpictures-eu-central-1/368/SP/PL/CITROEN-C5-AIRCROSS-222037_1.JPG,https://s3.eu-central-1.amazonaws.com/uvpictures-eu-central-1/368/SP/PL/CITROEN-C5-AIRCROSS-222037_2.JPG|https://s3.eu-central-1.amazonaws.com/uvpictures-eu-central-1/368/SP/PL/CITROEN-C5-AIRCROSS-222037_3.JPG|https://s3.eu-central-1.amazonaws.com/uvpictures-eu-central-1/368/SP/PL/CITROEN-C5-AIRCROSS-222037_4.JPG,Citroën,C5 Aircross,2024,34898,KM,,Used,89900 PLN,PLN,CASH,89900 PLN,Total,Hybrid,Automatic,SPOTICAR RIA GRUDZIĄDZGRUDZIADZ,SPOTICAR RIA GRUDZIĄDZ,Gwarancja Spoticar Premium6 miesięcy
SPOT-71327,Jeep Avenger · 73900 PLN,Jeep Avenger · Cena: 73900 PLN · Gwarancja Spoticar Premium6 miesięcy · SPOTICAR RIA GRUDZIĄDZGRUDZIADZ · Sprawdź ofertę!,https://www.spoticar.pl/znajdz-uzywany-samochod/jeep-avenger-12-gse-t3-altitude-fwd-grudziadz-1200223060,https://s3.eu-central-1.amazonaws.com/uvpictures-eu-central-1/368/SP/PL/JEEP-AVENGER-223060_1.JPG,https://s3.eu-central-1.amazonaws.com/uvpictures-eu-central-1/368/SP/PL/JEEP-AVENGER-223060_2.JPG|https://s3.eu-central-1.amazonaws.com/uvpictures-eu-central-1/368/SP/PL/JEEP-AVENGER-223060_3.JPG|https://s3.eu-central-1.amazonaws.com/uvpictures-eu-central-1/368/SP/PL/JEEP-AVENGER-223060_4.JPG,Jeep,Avenger,2024,29532,KM,,Used,73900 PLN,PLN,CASH,73900 PLN,Total,Gasoline,Manual,SPOTICAR RIA GRUDZIĄDZGRUDZIADZ,SPOTICAR RIA GRUDZIĄDZ,Gwarancja Spoticar Premium6 miesięcy
SPOT-71496,Citroën C4 · 62900 PLN,Citroën C4 · Cena: 62900 PLN · Gwarancja Spoticar Premium12 miesięcy · SPOTICAR RIA STALOWA WOLAStalowa Wola / Grebów · Sprawdź ofertę!,https://www.spoticar.pl/znajdz-uzywany-samochod/citroen-c4-12-puretech-feel-ss-eat8-stalowa-wola-grebow-1200223187,https://s3.eu-central-1.amazonaws.com/uvpictures-eu-central-1/368/SP/PL/CITROEN-C4-223187_1.JPG,https://s3.eu-central-1.amazonaws.com/uvpictures-eu-central-1/368/SP/PL/CITROEN-C4-223187_2.JPG|https://s3.eu-central-1.amazonaws.com/uvpictures-eu-central-1/368/SP/PL/CITROEN-C4-223187_3.JPG|https://s3.eu-central-1.amazonaws.com/uvpictures-eu-central-1/368/SP/PL/CITROEN-C4-223187_4.JPG,Citroën,C4,2021,76444,KM,,Used,62900 PLN,PLN,CASH,62900 PLN,Total,Gasoline,Automatic,SPOTICAR RIA STALOWA WOLAStalowa Wola / Grebów,SPOTICAR RIA STALOWA WOLA,Gwarancja Spoticar Premium12 miesięcy
SPOT-71444,Volkswagen Golf · 97900 PLN,Volkswagen Golf · Cena: 97900 PLN · Gwarancja Spoticar Premium12 miesięcy · SPOTICAR RIA STALOWA WOLAStalowa Wola / Grebów · Sprawdź ofertę!,https://www.spoticar.pl/znajdz-uzywany-samochod/volkswagen-golf-viii-15-tsi-evo-r-line-stalowa-wola-grebow-1200223241,https://s3.eu-central-1.amazonaws.com/uvpictures-eu-central-1/368/SP/PL/VOLKSWAGEN-GOLF-223241_1.JPG,https://s3.eu-central-1.amazonaws.com/uvpictures-eu-central-1/368/SP/PL/VOLKSWAGEN-GOLF-223241_2.JPG|https://s3.eu-central-1.amazonaws.com/uvpictures-eu-central-1/368/SP/PL/VOLKSWAGEN-GOLF-223241_3.JPG|https://s3.eu-central-1.amazonaws.com/uvpictures-eu-central-1/368/SP/PL/VOLKSWAGEN-GOLF-223241_4.JPG,Volkswagen,Golf,2024,43074,KM,,Used,97900 PLN,PLN,CASH,97900 PLN,Total,Gasoline,Manual,SPOTICAR RIA STALOWA WOLAStalowa Wola / Grebów,SPOTICAR RIA STALOWA WOLA,Gwarancja Spoticar Premium12 miesięcy
SPOT-69330,Citroën C5 Aircross · 126500 PLN,Citroën C5 Aircross · Cena: 126500 PLN · Gwarancja Spoticar Premium12 miesięcy · SPOTICAR WOJCIULA BIAŁYSTOKBialystok · Sprawdź ofertę!,https://www.spoticar.pl/znajdz-uzywany-samochod/citroen-c5-aircross-12-mhev-max-edct6-bialystok-1200221114,https://s3.eu-central-1.amazonaws.com/uvpictures-eu-central-1/368/SP/PL/CITROEN-C5-AIRCROSS-221114_1.JPG,https://s3.eu-central-1.amazonaws.com/uvpictures-eu-central-1/368/SP/PL/CITROEN-C5-AIRCROSS-221114_2.JPG|https://s3.eu-central-1.amazonaws.com/uvpictures-eu-central-1/368/SP/PL/CITROEN-C5-AIRCROSS-221114_3.JPG|https://s3.eu-central-1.amazonaws.com/uvpictures-eu-central-1/368/SP/PL/CITROEN-C5-AIRCROSS-221114_4.JPG,Citroën,C5 Aircross,2025,3918,KM,,Used,126500 PLN,PLN,CASH,126500 PLN,Total,Gasoline,Automatic,SPOTICAR WOJCIULA BIAŁYSTOKBialystok,SPOTICAR WOJCIULA BIAŁYSTOK,Gwarancja Spoticar Premium12 miesięcy
SPOT-71488,Fiat 600 · 81900 PLN,Fiat 600 · Cena: 81900 PLN · Gwarancja Spoticar Premium12 miesięcy · Spoticar  Budmat Auto PłockPłock · Sprawdź ofertę!,https://www.spoticar.pl/znajdz-uzywany-samochod/fiat-600-e-54kwh-red-plock-1200223199,https://s3.eu-central-1.amazonaws.com/uvpictures-eu-central-1/368/SP/PL/FIAT-600-223199_1.JPG,https://s3.eu-central-1.amazonaws.com/uvpictures-eu-central-1/368/SP/PL/FIAT-600-223199_2.JPG|https://s3.eu-central-1.amazonaws.com/uvpictures-eu-central-1/368/SP/PL/FIAT-600-223199_3.JPG|https://s3.eu-central-1.amazonaws.com/uvpictures-eu-central-1/368/SP/PL/FIAT-600-223199_4.JPG,Fiat,600,2024,30000,KM,,Used,81900 PLN,PLN,CASH,81900 PLN,Total,Electric,Automatic,Spoticar  Budmat Auto PłockPłock,Spoticar  Budmat Auto Płock,Gwarancja Spoticar Premium12 miesięcy
SPOT-70942,Opel Corsa · 42900 PLN,Opel Corsa · Cena: 42900 PLN · Gwarancja Spoticar Premium12 miesięcy · SPOTICAR RIA STALOWA WOLAStalowa Wola / Grebów · Sprawdź ofertę!,https://www.spoticar.pl/znajdz-uzywany-samochod/opel-corsa-12-edition-ss-stalowa-wola-grebow-1200222697,https://s3.eu-central-1.amazonaws.com/uvpictures-eu-central-1/368/SP/PL/OPEL-CORSA-222697_1.JPG,https://s3.eu-central-1.amazonaws.com/uvpictures-eu-central-1/368/SP/PL/OPEL-CORSA-222697_2.JPG|https://s3.eu-central-1.amazonaws.com/uvpictures-eu-central-1/368/SP/PL/OPEL-CORSA-222697_3.JPG|https://s3.eu-central-1.amazonaws.com/uvpictures-eu-central-1/368/SP/PL/OPEL-CORSA-222697_4.JPG,Opel,Corsa,2021,70583,KM,,Used,42900 PLN,PLN,CASH,42900 PLN,Total,Gasoline,Manual,SPOTICAR RIA STALOWA WOLAStalowa Wola / Grebów,SPOTICAR RIA STALOWA WOLA,Gwarancja Spoticar Premium12 miesięcy
SPOT-71467,Toyota Yaris · 44900 PLN,Toyota Yaris · Cena: 44900 PLN · Gwarancja Spoticar Premium6 miesięcy · SPOTICAR MOJSIUK STARE BABICEBiesiekierz · Sprawdź ofertę!,https://www.spoticar.pl/znajdz-uzywany-samochod/toyota-yaris-15-premium-biesiekierz-1200223220,https://s3.eu-central-1.amazonaws.com/uvpictures-eu-central-1/368/SP/PL/TOYOTA-YARIS-223220_1.JPG,https://s3.eu-central-1.amazonaws.com/uvpictures-eu-central-1/368/SP/PL/TOYOTA-YARIS-223220_2.JPG|https://s3.eu-central-1.amazonaws.com/uvpictures-eu-central-1/368/SP/PL/TOYOTA-YARIS-223220_3.JPG|https://s3.eu-central-1.amazonaws.com/uvpictures-eu-central-1/368/SP/PL/TOYOTA-YARIS-223220_4.JPG,Toyota,Yaris,2018,64000,KM,,Used,44900 PLN,PLN,CASH,44900 PLN,Total,Gasoline,Manual,SPOTICAR MOJSIUK STARE BABICEBiesiekierz,SPOTICAR MOJSIUK STARE BABICE,Gwarancja Spoticar Premium6 miesięcy
SPOT-69006,Peugeot Traveller · 149900 PLN,Peugeot Traveller · Cena: 149900 PLN · Gwarancja Spoticar Premium12 miesięcy · Spoticar Auto Centrum Golemo Kraków · Sprawdź ofertę!,https://www.spoticar.pl/znajdz-uzywany-samochod/peugeot-traveller-20-bluehdi-long-business-eat8-krakow-1200220803,https://s3.eu-central-1.amazonaws.com/uvpictures-eu-central-1/368/SP/PL/PEUGEOT-TRAVELLER-220803_1.JPG,https://s3.eu-central-1.amazonaws.com/uvpictures-eu-central-1/368/SP/PL/PEUGEOT-TRAVELLER-220803_2.JPG|https://s3.eu-central-1.amazonaws.com/uvpictures-eu-central-1/368/SP/PL/PEUGEOT-TRAVELLER-220803_3.JPG|https://s3.eu-central-1.amazonaws.com/uvpictures-eu-central-1/368/SP/PL/PEUGEOT-TRAVELLER-220803_4.JPG,Peugeot,Traveller,2024,80591,KM,,Used,149900 PLN,PLN,CASH,149900 PLN,Total,Diesel,Automatic,Spoticar Auto Centrum Golemo Kraków,Spoticar Auto Centrum Golemo KrakówSpoticar Auto Centrum Golemo Kraków,Gwarancja Spoticar Premium12 miesięcy
SPOT-70969,Peugeot 2008 · 77900 PLN,Peugeot 2008 · Cena: 77900 PLN · Gwarancja Spoticar Premium12 miesięcy · SPOTICAR SZTUKOWSKI OSTRÓW WLKP.Ostrów Wielkopolski · Sprawdź ofertę!,https://www.spoticar.pl/znajdz-uzywany-samochod/peugeot-2008-e-2008-allure-pack-ostrow-wielkopolski-1200222711,https://s3.eu-central-1.amazonaws.com/uvpictures-eu-central-1/368/SP/PL/PEUGEOT-2008-222711_1.JPG,https://s3.eu-central-1.amazonaws.com/uvpictures-eu-central-1/368/SP/PL/PEUGEOT-2008-222711_2.JPG|https://s3.eu-central-1.amazonaws.com/uvpictures-eu-central-1/368/SP/PL/PEUGEOT-2008-222711_3.JPG|https://s3.eu-central-1.amazonaws.com/uvpictures-eu-central-1/368/SP/PL/PEUGEOT-2008-222711_4.JPG,Peugeot,2008,2024,30617,KM,,Used,77900 PLN,PLN,CASH,77900 PLN,Total,Electric,Automatic,SPOTICAR SZTUKOWSKI OSTRÓW WLKP.Ostrów Wielkopolski,SPOTICAR SZTUKOWSKI OSTRÓW WLKP.,Gwarancja Spoticar Premium12 miesięcy
SPOT-70903,Peugeot 208 · 39990 PLN,Peugeot 208 · Cena: 39990 PLN · Gwarancja Spoticar Premium6 miesięcy · SPOTICAR DEJON I DĄBROWSKI LEGNICA · Sprawdź ofertę!,https://www.spoticar.pl/znajdz-uzywany-samochod/peugeot-208-12-puretech-active-pack-ss-legnica-1200222634,https://s3.eu-central-1.amazonaws.com/uvpictures-eu-central-1/368/SP/PL/PEUGEOT-208-222634_1.JPG,https://s3.eu-central-1.amazonaws.com/uvpictures-eu-central-1/368/SP/PL/PEUGEOT-208-222634_2.JPG|https://s3.eu-central-1.amazonaws.com/uvpictures-eu-central-1/368/SP/PL/PEUGEOT-208-222634_3.JPG|https://s3.eu-central-1.amazonaws.com/uvpictures-eu-central-1/368/SP/PL/PEUGEOT-208-222634_4.JPG,Peugeot,208,2020,51087,KM,,Used,39990 PLN,PLN,CASH,39990 PLN,Total,Gasoline,Manual,SPOTICAR DEJON I DĄBROWSKI LEGNICA,SPOTICAR DEJON I DĄBROWSKI LEGNICASPOTICAR DEJON I DĄBROWSKI LEGNICA,Gwarancja Spoticar Premium6 miesięcy
SPOT-70407,Jeep Avenger · 68400 PLN,Jeep Avenger · Cena: 68400 PLN · Gwarancja Spoticar Premium12 miesięcy · Spoticar Marimex Kraków-LibertówKraków-Libertów · Sprawdź ofertę!,https://www.spoticar.pl/znajdz-uzywany-samochod/jeep-avenger-12-gse-t3-longitude-fwd-krakow-libertow-1200222142,https://s3.eu-central-1.amazonaws.com/uvpictures-eu-central-1/368/SP/PL/JEEP-AVENGER-222142_1.JPG,https://s3.eu-central-1.amazonaws.com/uvpictures-eu-central-1/368/SP/PL/JEEP-AVENGER-222142_2.JPG|https://s3.eu-central-1.amazonaws.com/uvpictures-eu-central-1/368/SP/PL/JEEP-AVENGER-222142_3.JPG|https://s3.eu-central-1.amazonaws.com/uvpictures-eu-central-1/368/SP/PL/JEEP-AVENGER-222142_4.JPG,Jeep,Avenger,2024,32088,KM,,Used,68400 PLN,PLN,CASH,68400 PLN,Total,Gasoline,Manual,Spoticar Marimex Kraków-LibertówKraków-Libertów,Spoticar Marimex Kraków-Libertów,Gwarancja Spoticar Premium12 miesięcy
SPOT-71467,Toyota Yaris · 44900 PLN,Toyota Yaris · Cena: 44900 PLN · Gwarancja Spoticar Premium6 miesięcy · SPOTICAR MOJSIUK STARE BABICEBiesiekierz · Sprawdź ofertę!,https://www.spoticar.pl/znajdz-uzywany-samochod/toyota-yaris-15-premium-biesiekierz-1200223220,https://s3.eu-central-1.amazonaws.com/uvpictures-eu-central-1/368/SP/PL/TOYOTA-YARIS-223220_1.JPG,https://s3.eu-central-1.amazonaws.com/uvpictures-eu-central-1/368/SP/PL/TOYOTA-YARIS-223220_2.JPG|https://s3.eu-central-1.amazonaws.com/uvpictures-eu-central-1/368/SP/PL/TOYOTA-YARIS-223220_3.JPG|https://s3.eu-central-1.amazonaws.com/uvpictures-eu-central-1/368/SP/PL/TOYOTA-YARIS-223220_4.JPG,Toyota,Yaris,2018,64000,KM,,Used,44900 PLN,PLN,CASH,44900 PLN,Total,Gasoline,Manual,SPOTICAR MOJSIUK STARE BABICEBiesiekierz,SPOTICAR MOJSIUK STARE BABICE,Gwarancja Spoticar Premium6 miesięcy
SPOT-69569,Jeep Compass · 62900 PLN,Jeep Compass · Cena: 62900 PLN · Gwarancja Spoticar Premium6 miesięcy · SPOTICAR RIA STALOWA WOLAStalowa Wola / Grebów · Sprawdź ofertę!,https://www.spoticar.pl/znajdz-uzywany-samochod/jeep-stalowa-wola-grebow-1200221332,https://s3.eu-central-1.amazonaws.com/uvpictures-eu-central-1/368/SP/PL/JEEP-COMPASS-221332_1.JPG,https://s3.eu-central-1.amazonaws.com/uvpictures-eu-central-1/368/SP/PL/JEEP-COMPASS-221332_2.JPG|https://s3.eu-central-1.amazonaws.com/uvpictures-eu-central-1/368/SP/PL/JEEP-COMPASS-221332_3.JPG|https://s3.eu-central-1.amazonaws.com/uvpictures-eu-central-1/368/SP/PL/JEEP-COMPASS-221332_4.JPG,Jeep,Compass,2018,89501,KM,,Used,62900 PLN,PLN,CASH,62900 PLN,Total,Gasoline,Manual,SPOTICAR RIA STALOWA WOLAStalowa Wola / Grebów,SPOTICAR RIA STALOWA WOLA,Gwarancja Spoticar Premium6 miesięcy
SPOT-65862,Opel Grandland · 99990 PLN,Opel Grandland · Cena: 99990 PLN · Gwarancja Spoticar Premium12 miesięcy · Spoticar GEZET SzczecinSzczecin · Sprawdź ofertę!,https://www.spoticar.pl/znajdz-uzywany-samochod/opel-grandland-12-t-gs-line-ss-aut-szczecin-400217778,https://s3.eu-central-1.amazonaws.com/uvpictures-eu-central-1/368/SP/PL/OPEL-GRANDLAND-217778_1.JPG,https://s3.eu-central-1.amazonaws.com/uvpictures-eu-central-1/368/SP/PL/OPEL-GRANDLAND-217778_2.JPG|https://s3.eu-central-1.amazonaws.com/uvpictures-eu-central-1/368/SP/PL/OPEL-GRANDLAND-217778_3.JPG|https://s3.eu-central-1.amazonaws.com/uvpictures-eu-central-1/368/SP/PL/OPEL-GRANDLAND-217778_4.JPG,Opel,Grandland,2022,60939,KM,,Used,99990 PLN,PLN,CASH,99990 PLN,Total,Gasoline,Automatic,Spoticar GEZET SzczecinSzczecin,Spoticar GEZET Szczecin,Gwarancja Spoticar Premium12 miesięcy
SPOT-65877,Opel Movano · 152508 PLN,Opel Movano · Cena: 152508 PLN · Gwarancja Spoticar Premium12 miesięcy · Spoticar GEZET SzczecinSzczecin · Sprawdź ofertę!,https://www.spoticar.pl/znajdz-uzywany-samochod/opel-movano-heavy-cdti-l4h2-szczecin-400217790,https://s3.eu-central-1.amazonaws.com/uvpictures-eu-central-1/368/SP/PL/OPEL-MOVANO-217790_1.JPG,https://s3.eu-central-1.amazonaws.com/uvpictures-eu-central-1/368/SP/PL/OPEL-MOVANO-217790_2.JPG|https://s3.eu-central-1.amazonaws.com/uvpictures-eu-central-1/368/SP/PL/OPEL-MOVANO-217790_3.JPG|https://s3.eu-central-1.amazonaws.com/uvpictures-eu-central-1/368/SP/PL/OPEL-MOVANO-217790_4.JPG,Opel,Movano,2022,63740,KM,,Used,152508 PLN,PLN,CASH,152508 PLN,Total,Diesel,Manual,Spoticar GEZET SzczecinSzczecin,Spoticar GEZET Szczecin,Gwarancja Spoticar Premium12 miesięcy
SPOT-65860,Opel Grandland · 99990 PLN,Opel Grandland · Cena: 99990 PLN · Gwarancja Spoticar Premium12 miesięcy · Spoticar GEZET SzczecinSzczecin · Sprawdź ofertę!,https://www.spoticar.pl/znajdz-uzywany-samochod/opel-grandland-12-t-business-edition-ss-szczecin-400217777,https://s3.eu-central-1.amazonaws.com/uvpictures-eu-central-1/368/SP/PL/OPEL-GRANDLAND-217777_1.JPG,https://s3.eu-central-1.amazonaws.com/uvpictures-eu-central-1/368/SP/PL/OPEL-GRANDLAND-217777_2.JPG|https://s3.eu-central-1.amazonaws.com/uvpictures-eu-central-1/368/SP/PL/OPEL-GRANDLAND-217777_3.JPG|https://s3.eu-central-1.amazonaws.com/uvpictures-eu-central-1/368/SP/PL/OPEL-GRANDLAND-217777_4.JPG,Opel,Grandland,2022,27710,KM,,Used,99990 PLN,PLN,CASH,99990 PLN,Total,Gasoline,Manual,Spoticar GEZET SzczecinSzczecin,Spoticar GEZET Szczecin,Gwarancja Spoticar Premium12 miesięcy
SPOT-65885,Opel Grandland · 99990 PLN,Opel Grandland · Cena: 99990 PLN · Gwarancja Spoticar Premium12 miesięcy · Spoticar GEZET SzczecinSzczecin · Sprawdź ofertę!,https://www.spoticar.pl/znajdz-uzywany-samochod/opel-grandland-12-t-business-edition-ss-szczecin-400217780,https://s3.eu-central-1.amazonaws.com/uvpictures-eu-central-1/368/SP/PL/OPEL-GRANDLAND-217780_1.JPG,https://s3.eu-central-1.amazonaws.com/uvpictures-eu-central-1/368/SP/PL/OPEL-GRANDLAND-217780_2.JPG|https://s3.eu-central-1.amazonaws.com/uvpictures-eu-central-1/368/SP/PL/OPEL-GRANDLAND-217780_3.JPG|https://s3.eu-central-1.amazonaws.com/uvpictures-eu-central-1/368/SP/PL/OPEL-GRANDLAND-217780_4.JPG,Opel,Grandland,2022,28277,KM,,Used,99990 PLN,PLN,CASH,99990 PLN,Total,Gasoline,Manual,Spoticar GEZET SzczecinSzczecin,Spoticar GEZET Szczecin,Gwarancja Spoticar Premium12 miesięcy
SPOT-71468,Citroën C5 Aircross · 84800 PLN,Citroën C5 Aircross · Cena: 84800 PLN · Gwarancja Spoticar Premium12 miesięcy · SPOTICAR MOJSIUK STARE BABICEBiesiekierz · Sprawdź ofertę!,https://www.spoticar.pl/znajdz-uzywany-samochod/citroen-c5-aircross-15-bluehdi-shine-eat8-biesiekierz-1200223218,https://s3.eu-central-1.amazonaws.com/uvpictures-eu-central-1/368/SP/PL/CITROEN-C5-AIRCROSS-223218_1.JPG,https://s3.eu-central-1.amazonaws.com/uvpictures-eu-central-1/368/SP/PL/CITROEN-C5-AIRCROSS-223218_2.JPG|https://s3.eu-central-1.amazonaws.com/uvpictures-eu-central-1/368/SP/PL/CITROEN-C5-AIRCROSS-223218_3.JPG|https://s3.eu-central-1.amazonaws.com/uvpictures-eu-central-1/368/SP/PL/CITROEN-C5-AIRCROSS-223218_4.JPG,Citroën,C5 Aircross,2022,94354,KM,,Used,84800 PLN,PLN,CASH,84800 PLN,Total,Diesel,Automatic,SPOTICAR MOJSIUK STARE BABICEBiesiekierz,SPOTICAR MOJSIUK STARE BABICE,Gwarancja Spoticar Premium12 miesięcy
SPOT-64129,Jeep Compass · 155990 PLN,Jeep Compass · Cena: 155990 PLN · Gwarancja Spoticar Premium12 miesięcy · Spoticar GEZET SzczecinSzczecin · Sprawdź ofertę!,https://www.spoticar.pl/znajdz-uzywany-samochod/jeep-compass-15-t4-mhev-freedom-edition-ii-fwd-ss-dct-szczecin-400216069,https://s3.eu-central-1.amazonaws.com/uvpictures-eu-central-1/368/SP/PL/JEEP-COMPASS-216069_1.JPG,https://s3.eu-central-1.amazonaws.com/uvpictures-eu-central-1/368/SP/PL/JEEP-COMPASS-216069_2.JPG|https://s3.eu-central-1.amazonaws.com/uvpictures-eu-central-1/368/SP/PL/JEEP-COMPASS-216069_3.JPG|https://s3.eu-central-1.amazonaws.com/uvpictures-eu-central-1/368/SP/PL/JEEP-COMPASS-216069_4.JPG,Jeep,Compass,2024,6,KM,,Used,155990 PLN,PLN,CASH,155990 PLN,Total,Gasoline,Automatic,Spoticar GEZET SzczecinSzczecin,Spoticar GEZET Szczecin,Gwarancja Spoticar Premium12 miesięcy
SPOT-65881,Opel Grandland · 135990 PLN,Opel Grandland · Cena: 135990 PLN · Gwarancja Spoticar Premium12 miesięcy · Spoticar GEZET SzczecinSzczecin · Sprawdź ofertę!,https://www.spoticar.pl/znajdz-uzywany-samochod/opel-grandland-12-mhev-gs-edtc6-szczecin-400217776,https://s3.eu-central-1.amazonaws.com/uvpictures-eu-central-1/368/SP/PL/OPEL-GRANDLAND-217776_1.JPG,https://s3.eu-central-1.amazonaws.com/uvpictures-eu-central-1/368/SP/PL/OPEL-GRANDLAND-217776_2.JPG|https://s3.eu-central-1.amazonaws.com/uvpictures-eu-central-1/368/SP/PL/OPEL-GRANDLAND-217776_3.JPG|https://s3.eu-central-1.amazonaws.com/uvpictures-eu-central-1/368/SP/PL/OPEL-GRANDLAND-217776_4.JPG,Opel,Grandland,2024,3000,KM,,Used,135990 PLN,PLN,CASH,135990 PLN,Total,Gasoline,Automatic,Spoticar GEZET SzczecinSzczecin,Spoticar GEZET Szczecin,Gwarancja Spoticar Premium12 miesięcy
SPOT-65888,Opel Grandland · 135990 PLN,Opel Grandland · Cena: 135990 PLN · Gwarancja Spoticar Premium12 miesięcy · Spoticar GEZET SzczecinSzczecin · Sprawdź ofertę!,https://www.spoticar.pl/znajdz-uzywany-samochod/opel-grandland-12-mhev-gs-edtc6-szczecin-400217773,https://s3.eu-central-1.amazonaws.com/uvpictures-eu-central-1/368/SP/PL/OPEL-GRANDLAND-217773_1.JPG,https://s3.eu-central-1.amazonaws.com/uvpictures-eu-central-1/368/SP/PL/OPEL-GRANDLAND-217773_2.JPG|https://s3.eu-central-1.amazonaws.com/uvpictures-eu-central-1/368/SP/PL/OPEL-GRANDLAND-217773_3.JPG|https://s3.eu-central-1.amazonaws.com/uvpictures-eu-central-1/368/SP/PL/OPEL-GRANDLAND-217773_4.JPG,Opel,Grandland,2024,3000,KM,,Used,135990 PLN,PLN,CASH,135990 PLN,Total,Gasoline,Automatic,Spoticar GEZET SzczecinSzczecin,Spoticar GEZET Szczecin,Gwarancja Spoticar Premium12 miesięcy
SPOT-71381,Jeep Compass · 92900 PLN,Jeep Compass · Cena: 92900 PLN · Gwarancja Spoticar Premium12 miesięcy · Spoticar  Budmat Auto PłockPłock · Sprawdź ofertę!,https://www.spoticar.pl/znajdz-uzywany-samochod/jeep-compass-15-t4-mhev-altitude-fwd-ss-dct-plock-1200223114,https://s3.eu-central-1.amazonaws.com/uvpictures-eu-central-1/368/SP/PL/JEEP-COMPASS-223114_1.JPG,https://s3.eu-central-1.amazonaws.com/uvpictures-eu-central-1/368/SP/PL/JEEP-COMPASS-223114_2.JPG|https://s3.eu-central-1.amazonaws.com/uvpictures-eu-central-1/368/SP/PL/JEEP-COMPASS-223114_3.JPG|https://s3.eu-central-1.amazonaws.com/uvpictures-eu-central-1/368/SP/PL/JEEP-COMPASS-223114_4.JPG,Jeep,Compass,2024,14000,KM,,Used,92900 PLN,PLN,CASH,92900 PLN,Total,Gasoline,Automatic,Spoticar  Budmat Auto PłockPłock,Spoticar  Budmat Auto Płock,Gwarancja Spoticar Premium12 miesięcy
SPOT-71470,Fiat Doblo · 89900 PLN,Fiat Doblo · Cena: 89900 PLN · Gwarancja Spoticar Premium12 miesięcy · SPOTICAR MOJSIUK STARE BABICEBiesiekierz · Sprawdź ofertę!,https://www.spoticar.pl/znajdz-uzywany-samochod/fiat-doblo-combi-15-bluehdi-ss-aut-biesiekierz-1200223217,https://s3.eu-central-1.amazonaws.com/uvpictures-eu-central-1/368/SP/PL/FIAT-DOBLO-223217_1.JPG,https://s3.eu-central-1.amazonaws.com/uvpictures-eu-central-1/368/SP/PL/FIAT-DOBLO-223217_2.JPG|https://s3.eu-central-1.amazonaws.com/uvpictures-eu-central-1/368/SP/PL/FIAT-DOBLO-223217_3.JPG|https://s3.eu-central-1.amazonaws.com/uvpictures-eu-central-1/368/SP/PL/FIAT-DOBLO-223217_4.JPG,Fiat,Doblo,2023,62205,KM,,Used,89900 PLN,PLN,CASH,89900 PLN,Total,Diesel,Automatic,SPOTICAR MOJSIUK STARE BABICEBiesiekierz,SPOTICAR MOJSIUK STARE BABICE,Gwarancja Spoticar Premium12 miesięcy
SPOT-71427,Citroën C4 · 66900 PLN,Citroën C4 · Cena: 66900 PLN · Gwarancja Spoticar Premium12 miesięcy · Spoticar Marimex Kraków-LibertówKraków-Libertów · Sprawdź ofertę!,https://www.spoticar.pl/znajdz-uzywany-samochod/citroen-c4-12-puretech-shine-ss-eat8-krakow-libertow-1200223152,https://s3.eu-central-1.amazonaws.com/uvpictures-eu-central-1/368/SP/PL/CITROEN-C4-223152_1.JPG,https://s3.eu-central-1.amazonaws.com/uvpictures-eu-central-1/368/SP/PL/CITROEN-C4-223152_2.JPG|https://s3.eu-central-1.amazonaws.com/uvpictures-eu-central-1/368/SP/PL/CITROEN-C4-223152_3.JPG|https://s3.eu-central-1.amazonaws.com/uvpictures-eu-central-1/368/SP/PL/CITROEN-C4-223152_4.JPG,Citroën,C4,2022,20072,KM,,Used,66900 PLN,PLN,CASH,66900 PLN,Total,Gasoline,Automatic,Spoticar Marimex Kraków-LibertówKraków-Libertów,Spoticar Marimex Kraków-Libertów,Gwarancja Spoticar Premium12 miesięcy
SPOT-71393,Peugeot 208 · 56900 PLN,Peugeot 208 · Cena: 56900 PLN · Gwarancja Spoticar Premium12 miesięcy · SPOTICAR RIA STALOWA WOLAStalowa Wola / Grebów · Sprawdź ofertę!,https://www.spoticar.pl/znajdz-uzywany-samochod/peugeot-208-12-puretech-active-ss-stalowa-wola-grebow-1200223148,https://s3.eu-central-1.amazonaws.com/uvpictures-eu-central-1/368/SP/PL/PEUGEOT-208-223148_1.JPG,https://s3.eu-central-1.amazonaws.com/uvpictures-eu-central-1/368/SP/PL/PEUGEOT-208-223148_2.JPG|https://s3.eu-central-1.amazonaws.com/uvpictures-eu-central-1/368/SP/PL/PEUGEOT-208-223148_3.JPG|https://s3.eu-central-1.amazonaws.com/uvpictures-eu-central-1/368/SP/PL/PEUGEOT-208-223148_4.JPG,Peugeot,208,2024,32012,KM,,Used,56900 PLN,PLN,CASH,56900 PLN,Total,Gasoline,Manual,SPOTICAR RIA STALOWA WOLAStalowa Wola / Grebów,SPOTICAR RIA STALOWA WOLA,Gwarancja Spoticar Premium12 miesięcy
SPOT-71399,Citroën C5 Aircross · 89900 PLN,Citroën C5 Aircross · Cena: 89900 PLN · Gwarancja Spoticar Premium12 miesięcy · SPOTICAR RIA STALOWA WOLAStalowa Wola / Grebów · Sprawdź ofertę!,https://www.spoticar.pl/znajdz-uzywany-samochod/citroen-c5-aircross-15-bluehdi-max-eat8-stalowa-wola-grebow-1200223142,https://s3.eu-central-1.amazonaws.com/uvpictures-eu-central-1/368/SP/PL/CITROEN-C5-AIRCROSS-223142_1.JPG,https://s3.eu-central-1.amazonaws.com/uvpictures-eu-central-1/368/SP/PL/CITROEN-C5-AIRCROSS-223142_2.JPG|https://s3.eu-central-1.amazonaws.com/uvpictures-eu-central-1/368/SP/PL/CITROEN-C5-AIRCROSS-223142_3.JPG|https://s3.eu-central-1.amazonaws.com/uvpictures-eu-central-1/368/SP/PL/CITROEN-C5-AIRCROSS-223142_4.JPG,Citroën,C5 Aircross,2023,34400,KM,,Used,89900 PLN,PLN,CASH,89900 PLN,Total,Diesel,Automatic,SPOTICAR RIA STALOWA WOLAStalowa Wola / Grebów,SPOTICAR RIA STALOWA WOLA,Gwarancja Spoticar Premium12 miesięcy
SPOT-71459,Peugeot 5008 · 124990 PLN,Peugeot 5008 · Cena: 124990 PLN · Gwarancja Spoticar Premium12 miesięcy · SPOTICAR DEJON I DĄBROWSKI LEGNICA · Sprawdź ofertę!,https://www.spoticar.pl/znajdz-uzywany-samochod/peugeot-5008-12-puretech-mhev-gt-ss-e-dcs6-legnica-1200223227,https://s3.eu-central-1.amazonaws.com/uvpictures-eu-central-1/368/SP/PL/PEUGEOT-5008-223227_1.JPG,https://s3.eu-central-1.amazonaws.com/uvpictures-eu-central-1/368/SP/PL/PEUGEOT-5008-223227_2.JPG|https://s3.eu-central-1.amazonaws.com/uvpictures-eu-central-1/368/SP/PL/PEUGEOT-5008-223227_3.JPG|https://s3.eu-central-1.amazonaws.com/uvpictures-eu-central-1/368/SP/PL/PEUGEOT-5008-223227_4.JPG,Peugeot,5008,2024,16512,KM,,Used,124990 PLN,PLN,CASH,124990 PLN,Total,Gasoline,Automatic,SPOTICAR DEJON I DĄBROWSKI LEGNICA,SPOTICAR DEJON I DĄBROWSKI LEGNICASPOTICAR DEJON I DĄBROWSKI LEGNICA,Gwarancja Spoticar Premium12 miesięcy
SPOT-71474,Opel Corsa · 42900 PLN,Opel Corsa · Cena: 42900 PLN · Gwarancja Spoticar Premium12 miesięcy · Spoticar Auto Centrum Golemo Kraków · Sprawdź ofertę!,https://www.spoticar.pl/znajdz-uzywany-samochod/opel-corsa-12-ss-krakow-1200223212,https://s3.eu-central-1.amazonaws.com/uvpictures-eu-central-1/368/SP/PL/OPEL-CORSA-223212_1.JPG,https://s3.eu-central-1.amazonaws.com/uvpictures-eu-central-1/368/SP/PL/OPEL-CORSA-223212_2.JPG|https://s3.eu-central-1.amazonaws.com/uvpictures-eu-central-1/368/SP/PL/OPEL-CORSA-223212_3.JPG|https://s3.eu-central-1.amazonaws.com/uvpictures-eu-central-1/368/SP/PL/OPEL-CORSA-223212_4.JPG,Opel,Corsa,2023,83157,KM,,Used,42900 PLN,PLN,CASH,42900 PLN,Total,Gasoline,Manual,Spoticar Auto Centrum Golemo Kraków,Spoticar Auto Centrum Golemo KrakówSpoticar Auto Centrum Golemo Kraków,Gwarancja Spoticar Premium12 miesięcy
SPOT-71416,Peugeot Traveller · 149990 PLN,Peugeot Traveller · Cena: 149990 PLN · Gwarancja Spoticar Premium6 miesięcy · SPOTICAR DEJON I DĄBROWSKI LEGNICA · Sprawdź ofertę!,https://www.spoticar.pl/znajdz-uzywany-samochod/peugeot-traveller-20-bluehdi-long-business-eat8-legnica-1200223164,https://s3.eu-central-1.amazonaws.com/uvpictures-eu-central-1/368/SP/PL/PEUGEOT-TRAVELLER-223164_1.JPG,https://s3.eu-central-1.amazonaws.com/uvpictures-eu-central-1/368/SP/PL/PEUGEOT-TRAVELLER-223164_2.JPG|https://s3.eu-central-1.amazonaws.com/uvpictures-eu-central-1/368/SP/PL/PEUGEOT-TRAVELLER-223164_3.JPG|https://s3.eu-central-1.amazonaws.com/uvpictures-eu-central-1/368/SP/PL/PEUGEOT-TRAVELLER-223164_4.JPG,Peugeot,Traveller,2024,40000,KM,,Used,149990 PLN,PLN,CASH,149990 PLN,Total,Diesel,Automatic,SPOTICAR DEJON I DĄBROWSKI LEGNICA,SPOTICAR DEJON I DĄBROWSKI LEGNICASPOTICAR DEJON I DĄBROWSKI LEGNICA,Gwarancja Spoticar Premium6 miesięcy
SPOT-71398,Citroën C4 · 79900 PLN,Citroën C4 · Cena: 79900 PLN · Gwarancja Spoticar Premium12 miesięcy · Spoticar Auto Centrum Golemo Kraków · Sprawdź ofertę!,https://www.spoticar.pl/znajdz-uzywany-samochod/citroen-c4-e-c4-ev136-50kwh-shine-krakow-1200223143,https://s3.eu-central-1.amazonaws.com/uvpictures-eu-central-1/368/SP/PL/CITROEN-C4-223143_1.JPG,https://s3.eu-central-1.amazonaws.com/uvpictures-eu-central-1/368/SP/PL/CITROEN-C4-223143_2.JPG|https://s3.eu-central-1.amazonaws.com/uvpictures-eu-central-1/368/SP/PL/CITROEN-C4-223143_3.JPG|https://s3.eu-central-1.amazonaws.com/uvpictures-eu-central-1/368/SP/PL/CITROEN-C4-223143_4.JPG,Citroën,C4,2023,30074,KM,,Used,79900 PLN,PLN,CASH,79900 PLN,Total,Electric,Automatic,Spoticar Auto Centrum Golemo Kraków,Spoticar Auto Centrum Golemo KrakówSpoticar Auto Centrum Golemo Kraków,Gwarancja Spoticar Premium12 miesięcy
SPOT-71494,Peugeot 208 · 39900 PLN,Peugeot 208 · Cena: 39900 PLN · Gwarancja Spoticar Premium12 miesięcy · Spoticar Auto Centrum Golemo Kraków · Sprawdź ofertę!,https://www.spoticar.pl/znajdz-uzywany-samochod/peugeot-208-15-bluehdi-active-ss-krakow-1200223189,https://s3.eu-central-1.amazonaws.com/uvpictures-eu-central-1/368/SP/PL/PEUGEOT-208-223189_1.JPG,https://s3.eu-central-1.amazonaws.com/uvpictures-eu-central-1/368/SP/PL/PEUGEOT-208-223189_2.JPG|https://s3.eu-central-1.amazonaws.com/uvpictures-eu-central-1/368/SP/PL/PEUGEOT-208-223189_3.JPG|https://s3.eu-central-1.amazonaws.com/uvpictures-eu-central-1/368/SP/PL/PEUGEOT-208-223189_4.JPG,Peugeot,208,2022,93639,KM,,Used,39900 PLN,PLN,CASH,39900 PLN,Total,Diesel,Manual,Spoticar Auto Centrum Golemo Kraków,Spoticar Auto Centrum Golemo KrakówSpoticar Auto Centrum Golemo Kraków,Gwarancja Spoticar Premium12 miesięcy
SPOT-71382,Peugeot 2008 · 62990 PLN,Peugeot 2008 · Cena: 62990 PLN · Gwarancja Spoticar Premium6 miesięcy · SPOTICAR DEJON I DĄBROWSKI LEGNICA · Sprawdź ofertę!,https://www.spoticar.pl/znajdz-uzywany-samochod/peugeot-2008-12-puretech-gt-ss-eat8-legnica-1200223113,https://s3.eu-central-1.amazonaws.com/uvpictures-eu-central-1/368/SP/PL/PEUGEOT-2008-223113_1.JPG,https://s3.eu-central-1.amazonaws.com/uvpictures-eu-central-1/368/SP/PL/PEUGEOT-2008-223113_2.JPG|https://s3.eu-central-1.amazonaws.com/uvpictures-eu-central-1/368/SP/PL/PEUGEOT-2008-223113_3.JPG|https://s3.eu-central-1.amazonaws.com/uvpictures-eu-central-1/368/SP/PL/PEUGEOT-2008-223113_4.JPG,Peugeot,2008,2021,153700,KM,,Used,62990 PLN,PLN,CASH,62990 PLN,Total,Gasoline,Automatic,SPOTICAR DEJON I DĄBROWSKI LEGNICA,SPOTICAR DEJON I DĄBROWSKI LEGNICASPOTICAR DEJON I DĄBROWSKI LEGNICA,Gwarancja Spoticar Premium6 miesięcy
SPOT-71302,Peugeot 308 · 99900 PLN,Peugeot 308 · Cena: 99900 PLN · Gwarancja Spoticar Premium12 miesięcy · Spoticar Auto Centrum Golemo Kraków · Sprawdź ofertę!,https://www.spoticar.pl/znajdz-uzywany-samochod/peugeot-308-12-mhev-gt-ss-e-dcs6-krakow-1200223051,https://s3.eu-central-1.amazonaws.com/uvpictures-eu-central-1/368/SP/PL/PEUGEOT-308-223051_1.JPG,https://s3.eu-central-1.amazonaws.com/uvpictures-eu-central-1/368/SP/PL/PEUGEOT-308-223051_2.JPG|https://s3.eu-central-1.amazonaws.com/uvpictures-eu-central-1/368/SP/PL/PEUGEOT-308-223051_3.JPG|https://s3.eu-central-1.amazonaws.com/uvpictures-eu-central-1/368/SP/PL/PEUGEOT-308-223051_4.JPG,Peugeot,308,2025,13300,KM,,Used,99900 PLN,PLN,CASH,99900 PLN,Total,Gasoline,Automatic,Spoticar Auto Centrum Golemo Kraków,Spoticar Auto Centrum Golemo KrakówSpoticar Auto Centrum Golemo Kraków,Gwarancja Spoticar Premium12 miesięcy
SPOT-71285,Peugeot 308 · 99900 PLN,Peugeot 308 · Cena: 99900 PLN · Gwarancja Spoticar Premium12 miesięcy · Spoticar Auto Centrum Golemo Kraków · Sprawdź ofertę!,https://www.spoticar.pl/znajdz-uzywany-samochod/peugeot-308-12-mhev-gt-ss-e-dcs6-krakow-1200223025,https://s3.eu-central-1.amazonaws.com/uvpictures-eu-central-1/368/SP/PL/PEUGEOT-308-223025_1.JPG,https://s3.eu-central-1.amazonaws.com/uvpictures-eu-central-1/368/SP/PL/PEUGEOT-308-223025_2.JPG|https://s3.eu-central-1.amazonaws.com/uvpictures-eu-central-1/368/SP/PL/PEUGEOT-308-223025_3.JPG|https://s3.eu-central-1.amazonaws.com/uvpictures-eu-central-1/368/SP/PL/PEUGEOT-308-223025_4.JPG,Peugeot,308,2025,19165,KM,,Used,99900 PLN,PLN,CASH,99900 PLN,Total,Gasoline,Automatic,Spoticar Auto Centrum Golemo Kraków,Spoticar Auto Centrum Golemo KrakówSpoticar Auto Centrum Golemo Kraków,Gwarancja Spoticar Premium12 miesięcy
SPOT-71388,Citroën C4 X · 69990 PLN,Citroën C4 X · Cena: 69990 PLN · Gwarancja Spoticar Premium6 miesięcy · SPOTICAR DEJON I DĄBROWSKI LEGNICA · Sprawdź ofertę!,https://www.spoticar.pl/znajdz-uzywany-samochod/citroen-c4-x-c4-x-12-puretech-max-ss-eat8-legnica-1200223108,https://s3.eu-central-1.amazonaws.com/uvpictures-eu-central-1/368/SP/PL/CITROEN-C4-X-223108_1.JPG,https://s3.eu-central-1.amazonaws.com/uvpictures-eu-central-1/368/SP/PL/CITROEN-C4-X-223108_2.JPG|https://s3.eu-central-1.amazonaws.com/uvpictures-eu-central-1/368/SP/PL/CITROEN-C4-X-223108_3.JPG|https://s3.eu-central-1.amazonaws.com/uvpictures-eu-central-1/368/SP/PL/CITROEN-C4-X-223108_4.JPG,Citroën,C4 X,2024,30492,KM,,Used,69990 PLN,PLN,CASH,69990 PLN,Total,Gasoline,Automatic,SPOTICAR DEJON I DĄBROWSKI LEGNICA,SPOTICAR DEJON I DĄBROWSKI LEGNICASPOTICAR DEJON I DĄBROWSKI LEGNICA,Gwarancja Spoticar Premium6 miesięcy
SPOT-71345,Peugeot 208 · 36900 PLN,Peugeot 208 · Cena: 36900 PLN · Gwarancja Spoticar Premium6 miesięcy · SPOTICAR RIA STALOWA WOLAStalowa Wola / Grebów · Sprawdź ofertę!,https://www.spoticar.pl/znajdz-uzywany-samochod/peugeot-208-12-puretech-active-pack-ss-stalowa-wola-grebow-1200223081,https://s3.eu-central-1.amazonaws.com/uvpictures-eu-central-1/368/SP/PL/PEUGEOT-208-223081_1.JPG,https://s3.eu-central-1.amazonaws.com/uvpictures-eu-central-1/368/SP/PL/PEUGEOT-208-223081_2.JPG|https://s3.eu-central-1.amazonaws.com/uvpictures-eu-central-1/368/SP/PL/PEUGEOT-208-223081_3.JPG|https://s3.eu-central-1.amazonaws.com/uvpictures-eu-central-1/368/SP/PL/PEUGEOT-208-223081_4.JPG,Peugeot,208,2022,148710,KM,,Used,36900 PLN,PLN,CASH,36900 PLN,Total,Gasoline,Manual,SPOTICAR RIA STALOWA WOLAStalowa Wola / Grebów,SPOTICAR RIA STALOWA WOLA,Gwarancja Spoticar Premium6 miesięcy
SPOT-71093,Peugeot 3008 · 85900 PLN,Peugeot 3008 · Cena: 85900 PLN · Gwarancja Spoticar Premium12 miesięcy · Spoticar Auto Centrum Golemo Kraków · Sprawdź ofertę!,https://www.spoticar.pl/znajdz-uzywany-samochod/peugeot-3008-12-puretech-allure-pack-ss-eat8-krakow-1200222841,https://s3.eu-central-1.amazonaws.com/uvpictures-eu-central-1/368/SP/PL/PEUGEOT-3008-222841_1.JPG,https://s3.eu-central-1.amazonaws.com/uvpictures-eu-central-1/368/SP/PL/PEUGEOT-3008-222841_2.JPG|https://s3.eu-central-1.amazonaws.com/uvpictures-eu-central-1/368/SP/PL/PEUGEOT-3008-222841_3.JPG|https://s3.eu-central-1.amazonaws.com/uvpictures-eu-central-1/368/SP/PL/PEUGEOT-3008-222841_4.JPG,Peugeot,3008,2023,43844,KM,,Used,85900 PLN,PLN,CASH,85900 PLN,Total,Gasoline,Automatic,Spoticar Auto Centrum Golemo Kraków,Spoticar Auto Centrum Golemo KrakówSpoticar Auto Centrum Golemo Kraków,Gwarancja Spoticar Premium12 miesięcy
SPOT-71077,Citroën C5 Aircross · 89900 PLN,Citroën C5 Aircross · Cena: 89900 PLN · Gwarancja Spoticar Premium12 miesięcy · SPOTICAR RIA STALOWA WOLAStalowa Wola / Grebów · Sprawdź ofertę!,https://www.spoticar.pl/znajdz-uzywany-samochod/citroen-c5-aircross-12-mhev-max-edct6-stalowa-wola-grebow-1200222827,https://s3.eu-central-1.amazonaws.com/uvpictures-eu-central-1/368/SP/PL/CITROEN-C5-AIRCROSS-222827_1.JPG,https://s3.eu-central-1.amazonaws.com/uvpictures-eu-central-1/368/SP/PL/CITROEN-C5-AIRCROSS-222827_2.JPG|https://s3.eu-central-1.amazonaws.com/uvpictures-eu-central-1/368/SP/PL/CITROEN-C5-AIRCROSS-222827_3.JPG|https://s3.eu-central-1.amazonaws.com/uvpictures-eu-central-1/368/SP/PL/CITROEN-C5-AIRCROSS-222827_4.JPG,Citroën,C5 Aircross,2024,52720,KM,,Used,89900 PLN,PLN,CASH,89900 PLN,Total,Gasoline,Automatic,SPOTICAR RIA STALOWA WOLAStalowa Wola / Grebów,SPOTICAR RIA STALOWA WOLA,Gwarancja Spoticar Premium12 miesięcy
SPOT-71190,Peugeot 2008 · 79900 PLN,Peugeot 2008 · Cena: 79900 PLN · Gwarancja Spoticar Premium12 miesięcy · SPOTICAR STELLANTIS & YOU WARSZAWA AL. KRAKOWSKA · Sprawdź ofertę!,https://www.spoticar.pl/znajdz-uzywany-samochod/peugeot-2008-puretech-130-allure-ss-eat8-warszawa-1200222950,https://s3.eu-central-1.amazonaws.com/uvpictures-eu-central-1/368/SP/PL/PEUGEOT-2008-222950_1.JPG,https://s3.eu-central-1.amazonaws.com/uvpictures-eu-central-1/368/SP/PL/PEUGEOT-2008-222950_2.JPG|https://s3.eu-central-1.amazonaws.com/uvpictures-eu-central-1/368/SP/PL/PEUGEOT-2008-222950_3.JPG|https://s3.eu-central-1.amazonaws.com/uvpictures-eu-central-1/368/SP/PL/PEUGEOT-2008-222950_4.JPG,Peugeot,2008,2024,48000,KM,,Used,79900 PLN,PLN,CASH,79900 PLN,Total,Gasoline,Automatic,SPOTICAR STELLANTIS & YOU WARSZAWA AL. KRAKOWSKA,SPOTICAR STELLANTIS & YOU WARSZAWA AL. KRAKOWSKASPOTICAR STELLANTIS & YOU WARSZAWA AL. KRAKOWSKA,Gwarancja Spoticar Premium12 miesięcy
SPOT-71223,Citroën C5 Aircross · 77900 PLN,Citroën C5 Aircross · Cena: 77900 PLN · Gwarancja Spoticar Premium6 miesięcy · Spoticar MOTOR CENTRUM GdańskGdańsk · Sprawdź ofertę!,https://www.spoticar.pl/znajdz-uzywany-samochod/citroen-c5-aircross-16-phev-225-shine-eat8-gdansk-1200222956,https://s3.eu-central-1.amazonaws.com/uvpictures-eu-central-1/368/SP/PL/CITROEN-C5-AIRCROSS-222956_1.JPG,https://s3.eu-central-1.amazonaws.com/uvpictures-eu-central-1/368/SP/PL/CITROEN-C5-AIRCROSS-222956_2.JPG|https://s3.eu-central-1.amazonaws.com/uvpictures-eu-central-1/368/SP/PL/CITROEN-C5-AIRCROSS-222956_3.JPG|https://s3.eu-central-1.amazonaws.com/uvpictures-eu-central-1/368/SP/PL/CITROEN-C5-AIRCROSS-222956_4.JPG,Citroën,C5 Aircross,2022,74617,KM,,Used,77900 PLN,PLN,CASH,77900 PLN,Total,Gasoline,Automatic,Spoticar MOTOR CENTRUM GdańskGdańsk,Spoticar MOTOR CENTRUM Gdańsk,Gwarancja Spoticar Premium6 miesięcy
SPOT-71245,DS 7 Crossback · 124990 PLN,DS 7 Crossback · Cena: 124990 PLN · Gwarancja Spoticar Premium12 miesięcy · SPOTICAR DEJON I DĄBROWSKI LEGNICA · Sprawdź ofertę!,https://www.spoticar.pl/znajdz-uzywany-samochod/ds-ds-7-crossback-15-bluehdi-performance-line-aut-legnica-1200222979,https://s3.eu-central-1.amazonaws.com/uvpictures-eu-central-1/368/SP/PL/DS-DS-7-CROSSBACK-222979_1.JPG,https://s3.eu-central-1.amazonaws.com/uvpictures-eu-central-1/368/SP/PL/DS-DS-7-CROSSBACK-222979_2.JPG|https://s3.eu-central-1.amazonaws.com/uvpictures-eu-central-1/368/SP/PL/DS-DS-7-CROSSBACK-222979_3.JPG|https://s3.eu-central-1.amazonaws.com/uvpictures-eu-central-1/368/SP/PL/DS-DS-7-CROSSBACK-222979_4.JPG,DS,7 Crossback,2024,20697,KM,,Used,124990 PLN,PLN,CASH,124990 PLN,Total,Diesel,Automatic,SPOTICAR DEJON I DĄBROWSKI LEGNICA,SPOTICAR DEJON I DĄBROWSKI LEGNICASPOTICAR DEJON I DĄBROWSKI LEGNICA,Gwarancja Spoticar Premium12 miesięcy
SPOT-71246,Citroën C4 X · 73900 PLN,Citroën C4 X · Cena: 73900 PLN · Gwarancja Spoticar Premium6 miesięcy · SPOTICAR RIA GRUDZIĄDZGRUDZIADZ · Sprawdź ofertę!,https://www.spoticar.pl/znajdz-uzywany-samochod/citroen-c4-x-c4-x-12-puretech-plus-ss-eat8-grudziadz-1200222976,https://s3.eu-central-1.amazonaws.com/uvpictures-eu-central-1/368/SP/PL/CITROEN-C4-X-222976_1.JPG,https://s3.eu-central-1.amazonaws.com/uvpictures-eu-central-1/368/SP/PL/CITROEN-C4-X-222976_2.JPG|https://s3.eu-central-1.amazonaws.com/uvpictures-eu-central-1/368/SP/PL/CITROEN-C4-X-222976_3.JPG|https://s3.eu-central-1.amazonaws.com/uvpictures-eu-central-1/368/SP/PL/CITROEN-C4-X-222976_4.JPG,Citroën,C4 X,2024,19333,KM,,Used,73900 PLN,PLN,CASH,73900 PLN,Total,Gasoline,Automatic,SPOTICAR RIA GRUDZIĄDZGRUDZIADZ,SPOTICAR RIA GRUDZIĄDZ,Gwarancja Spoticar Premium6 miesięcy
SPOT-71068,Citroën C5 Aircross · 83900 PLN,Citroën C5 Aircross · Cena: 83900 PLN · Gwarancja Spoticar Premium12 miesięcy · SPOTICAR PRASEK RADOMRadom · Sprawdź ofertę!,https://www.spoticar.pl/znajdz-uzywany-samochod/citroen-c5-aircross-15-bluehdi-c-series-radom-1200222815,https://s3.eu-central-1.amazonaws.com/uvpictures-eu-central-1/368/SP/PL/CITROEN-C5-AIRCROSS-222815_1.JPG,https://s3.eu-central-1.amazonaws.com/uvpictures-eu-central-1/368/SP/PL/CITROEN-C5-AIRCROSS-222815_2.JPG|https://s3.eu-central-1.amazonaws.com/uvpictures-eu-central-1/368/SP/PL/CITROEN-C5-AIRCROSS-222815_3.JPG|https://s3.eu-central-1.amazonaws.com/uvpictures-eu-central-1/368/SP/PL/CITROEN-C5-AIRCROSS-222815_4.JPG,Citroën,C5 Aircross,2022,22086,KM,,Used,83900 PLN,PLN,CASH,83900 PLN,Total,Diesel,Manual,SPOTICAR PRASEK RADOMRadom,SPOTICAR PRASEK RADOM,Gwarancja Spoticar Premium12 miesięcy
SPOT-71167,Citroën C4 · 56900 PLN,Citroën C4 · Cena: 56900 PLN · Gwarancja Spoticar Premium12 miesięcy · Spoticar MOTOR CENTRUM GdańskGdańsk · Sprawdź ofertę!,https://www.spoticar.pl/znajdz-uzywany-samochod/citroen-c4-12-puretech-feel-pack-ss-gdansk-1200222905,https://s3.eu-central-1.amazonaws.com/uvpictures-eu-central-1/368/SP/PL/CITROEN-C4-222905_1.JPG,https://s3.eu-central-1.amazonaws.com/uvpictures-eu-central-1/368/SP/PL/CITROEN-C4-222905_2.JPG|https://s3.eu-central-1.amazonaws.com/uvpictures-eu-central-1/368/SP/PL/CITROEN-C4-222905_3.JPG|https://s3.eu-central-1.amazonaws.com/uvpictures-eu-central-1/368/SP/PL/CITROEN-C4-222905_4.JPG,Citroën,C4,2021,66626,KM,,Used,56900 PLN,PLN,CASH,56900 PLN,Total,Gasoline,Manual,Spoticar MOTOR CENTRUM GdańskGdańsk,Spoticar MOTOR CENTRUM Gdańsk,Gwarancja Spoticar Premium12 miesięcy
SPOT-70781,Skoda Kamiq · 64900 PLN,Skoda Kamiq · Cena: 64900 PLN · Gwarancja Spoticar Premium6 miesięcy · Spoticar  Budmat Auto PłockPłock · Sprawdź ofertę!,https://www.spoticar.pl/znajdz-uzywany-samochod/skoda-kamiq-10-tsi-ambition-plock-1200222510,https://s3.eu-central-1.amazonaws.com/uvpictures-eu-central-1/368/SP/PL/SKODA-KAMIQ-222510_1.JPG,https://s3.eu-central-1.amazonaws.com/uvpictures-eu-central-1/368/SP/PL/SKODA-KAMIQ-222510_2.JPG|https://s3.eu-central-1.amazonaws.com/uvpictures-eu-central-1/368/SP/PL/SKODA-KAMIQ-222510_3.JPG|https://s3.eu-central-1.amazonaws.com/uvpictures-eu-central-1/368/SP/PL/SKODA-KAMIQ-222510_4.JPG,Skoda,Kamiq,2021,20000,KM,,Used,64900 PLN,PLN,CASH,64900 PLN,Total,Gasoline,Manual,Spoticar  Budmat Auto PłockPłock,Spoticar  Budmat Auto Płock,Gwarancja Spoticar Premium6 miesięcy
SPOT-71011,Hyundai Tucson · 106900 PLN,Hyundai Tucson · Cena: 106900 PLN · Gwarancja Spoticar Premium12 miesięcy · Spoticar Auto Centrum Golemo Kraków · Sprawdź ofertę!,https://www.spoticar.pl/znajdz-uzywany-samochod/hyundai-tucson-16-t-gdi-48v-smart-2wd-dct-krakow-1200222767,https://s3.eu-central-1.amazonaws.com/uvpictures-eu-central-1/368/SP/PL/HYUNDAI-TUCSON-222767_1.JPG,https://s3.eu-central-1.amazonaws.com/uvpictures-eu-central-1/368/SP/PL/HYUNDAI-TUCSON-222767_2.JPG|https://s3.eu-central-1.amazonaws.com/uvpictures-eu-central-1/368/SP/PL/HYUNDAI-TUCSON-222767_3.JPG|https://s3.eu-central-1.amazonaws.com/uvpictures-eu-central-1/368/SP/PL/HYUNDAI-TUCSON-222767_4.JPG,Hyundai,Tucson,2024,56771,KM,,Used,106900 PLN,PLN,CASH,106900 PLN,Total,Hybrid,Automatic,Spoticar Auto Centrum Golemo Kraków,Spoticar Auto Centrum Golemo KrakówSpoticar Auto Centrum Golemo Kraków,Gwarancja Spoticar Premium12 miesięcy
SPOT-71036,Peugeot 508 · 93900 PLN,Peugeot 508 · Cena: 93900 PLN · Gwarancja Spoticar Premium12 miesięcy · Spoticar  Budmat Auto PłockPłock · Sprawdź ofertę!,https://www.spoticar.pl/znajdz-uzywany-samochod/peugeot-508-sw-bluehdi-130-gt-ss-eat8-plock-1200222774,https://s3.eu-central-1.amazonaws.com/uvpictures-eu-central-1/368/SP/PL/PEUGEOT-508-222774_1.JPG,https://s3.eu-central-1.amazonaws.com/uvpictures-eu-central-1/368/SP/PL/PEUGEOT-508-222774_2.JPG|https://s3.eu-central-1.amazonaws.com/uvpictures-eu-central-1/368/SP/PL/PEUGEOT-508-222774_3.JPG|https://s3.eu-central-1.amazonaws.com/uvpictures-eu-central-1/368/SP/PL/PEUGEOT-508-222774_4.JPG,Peugeot,508,2024,80000,KM,,Used,93900 PLN,PLN,CASH,93900 PLN,Total,Diesel,Automatic,Spoticar  Budmat Auto PłockPłock,Spoticar  Budmat Auto Płock,Gwarancja Spoticar Premium12 miesięcy
SPOT-71073,Peugeot 308 · 83900 PLN,Peugeot 308 · Cena: 83900 PLN · Gwarancja Spoticar Premium6 miesięcy · SPOTICAR RIA GRUDZIĄDZGRUDZIADZ · Sprawdź ofertę!,https://www.spoticar.pl/znajdz-uzywany-samochod/peugeot-308-12-puretech-gt-ss-eat8-grudziadz-1200222812,https://s3.eu-central-1.amazonaws.com/uvpictures-eu-central-1/368/SP/PL/PEUGEOT-308-222812_1.JPG,https://s3.eu-central-1.amazonaws.com/uvpictures-eu-central-1/368/SP/PL/PEUGEOT-308-222812_2.JPG|https://s3.eu-central-1.amazonaws.com/uvpictures-eu-central-1/368/SP/PL/PEUGEOT-308-222812_3.JPG|https://s3.eu-central-1.amazonaws.com/uvpictures-eu-central-1/368/SP/PL/PEUGEOT-308-222812_4.JPG,Peugeot,308,2024,40456,KM,,Used,83900 PLN,PLN,CASH,83900 PLN,Total,Gasoline,Automatic,SPOTICAR RIA GRUDZIĄDZGRUDZIADZ,SPOTICAR RIA GRUDZIĄDZ,Gwarancja Spoticar Premium6 miesięcy
SPOT-70862,Peugeot 5008 · 99900 PLN,Peugeot 5008 · Cena: 99900 PLN · Gwarancja Spoticar Premium12 miesięcy · SPOTICAR RIA STALOWA WOLAStalowa Wola / Grebów · Sprawdź ofertę!,https://www.spoticar.pl/znajdz-uzywany-samochod/peugeot-5008-12-puretech-allure-pack-ss-eat8-stalowa-wola-grebow-1200222617,https://s3.eu-central-1.amazonaws.com/uvpictures-eu-central-1/368/SP/PL/PEUGEOT-5008-222617_1.JPG,https://s3.eu-central-1.amazonaws.com/uvpictures-eu-central-1/368/SP/PL/PEUGEOT-5008-222617_2.JPG|https://s3.eu-central-1.amazonaws.com/uvpictures-eu-central-1/368/SP/PL/PEUGEOT-5008-222617_3.JPG|https://s3.eu-central-1.amazonaws.com/uvpictures-eu-central-1/368/SP/PL/PEUGEOT-5008-222617_4.JPG,Peugeot,5008,2024,39573,KM,,Used,99900 PLN,PLN,CASH,99900 PLN,Total,Gasoline,Automatic,SPOTICAR RIA STALOWA WOLAStalowa Wola / Grebów,SPOTICAR RIA STALOWA WOLA,Gwarancja Spoticar Premium12 miesięcy
SPOT-70812,Peugeot 208 · 26900 PLN,Peugeot 208 · Cena: 26900 PLN · Gwarancja Spoticar Premium6 miesięcy · SPOTICAR RIA STALOWA WOLAStalowa Wola / Grebów · Sprawdź ofertę!,https://www.spoticar.pl/znajdz-uzywany-samochod/peugeot-208-16-bluehdi-active-stalowa-wola-grebow-1200222565,https://s3.eu-central-1.amazonaws.com/uvpictures-eu-central-1/368/SP/PL/PEUGEOT-208-222565_1.JPG,https://s3.eu-central-1.amazonaws.com/uvpictures-eu-central-1/368/SP/PL/PEUGEOT-208-222565_2.JPG|https://s3.eu-central-1.amazonaws.com/uvpictures-eu-central-1/368/SP/PL/PEUGEOT-208-222565_3.JPG|https://s3.eu-central-1.amazonaws.com/uvpictures-eu-central-1/368/SP/PL/PEUGEOT-208-222565_4.JPG,Peugeot,208,2016,166375,KM,,Used,26900 PLN,PLN,CASH,26900 PLN,Total,Diesel,Manual,SPOTICAR RIA STALOWA WOLAStalowa Wola / Grebów,SPOTICAR RIA STALOWA WOLA,Gwarancja Spoticar Premium6 miesięcy
SPOT-70877,Peugeot 508 · 169900 PLN,Peugeot 508 · Cena: 169900 PLN · Gwarancja Spoticar Premium12 miesięcy · SPOTICAR STELLANTIS & YOU WARSZAWA RADZYMIŃSKA · Sprawdź ofertę!,https://www.spoticar.pl/znajdz-uzywany-samochod/peugeot-508-puretech-phev-360-sport-engineered-awd-ss-e-eat-warszawa-1200222606,https://s3.eu-central-1.amazonaws.com/uvpictures-eu-central-1/368/SP/PL/PEUGEOT-508-222606_1.JPG,https://s3.eu-central-1.amazonaws.com/uvpictures-eu-central-1/368/SP/PL/PEUGEOT-508-222606_2.JPG|https://s3.eu-central-1.amazonaws.com/uvpictures-eu-central-1/368/SP/PL/PEUGEOT-508-222606_3.JPG|https://s3.eu-central-1.amazonaws.com/uvpictures-eu-central-1/368/SP/PL/PEUGEOT-508-222606_4.JPG,Peugeot,508,2023,16477,KM,,Used,169900 PLN,PLN,CASH,169900 PLN,Total,Gasoline,Automatic,SPOTICAR STELLANTIS & YOU WARSZAWA RADZYMIŃSKA,SPOTICAR STELLANTIS & YOU WARSZAWA RADZYMIŃSKASPOTICAR STELLANTIS & YOU WARSZAWA RADZYMIŃSKA,Gwarancja Spoticar Premium12 miesięcy
SPOT-70685,Peugeot 3008 · 133900 PLN,Peugeot 3008 · Cena: 133900 PLN · Gwarancja Spoticar Premium12 miesięcy · SPOTICAR SZTUKOWSKI OSTRÓW WLKP.Ostrów Wielkopolski · Sprawdź ofertę!,https://www.spoticar.pl/znajdz-uzywany-samochod/peugeot-3008-12-puretech-mhev-gt-e-dcs6-ostrow-wielkopolski-1200222454,https://s3.eu-central-1.amazonaws.com/uvpictures-eu-central-1/368/SP/PL/PEUGEOT-3008-222454_1.JPG,https://s3.eu-central-1.amazonaws.com/uvpictures-eu-central-1/368/SP/PL/PEUGEOT-3008-222454_2.JPG|https://s3.eu-central-1.amazonaws.com/uvpictures-eu-central-1/368/SP/PL/PEUGEOT-3008-222454_3.JPG|https://s3.eu-central-1.amazonaws.com/uvpictures-eu-central-1/368/SP/PL/PEUGEOT-3008-222454_4.JPG,Peugeot,3008,2026,7889,KM,,Used,133900 PLN,PLN,CASH,133900 PLN,Total,Hybrid,Automatic,SPOTICAR SZTUKOWSKI OSTRÓW WLKP.Ostrów Wielkopolski,SPOTICAR SZTUKOWSKI OSTRÓW WLKP.,Gwarancja Spoticar Premium12 miesięcy
SPOT-70704,Citroën C3 · 47900 PLN,Citroën C3 · Cena: 47900 PLN · Gwarancja Spoticar Premium12 miesięcy · Spoticar Marimex Kraków-LibertówKraków-Libertów · Sprawdź ofertę!,https://www.spoticar.pl/znajdz-uzywany-samochod/citroen-c3-12-puretech-shine-krakow-libertow-1200222434,https://s3.eu-central-1.amazonaws.com/uvpictures-eu-central-1/368/SP/PL/CITROEN-C3-222434_1.JPG,https://s3.eu-central-1.amazonaws.com/uvpictures-eu-central-1/368/SP/PL/CITROEN-C3-222434_2.JPG|https://s3.eu-central-1.amazonaws.com/uvpictures-eu-central-1/368/SP/PL/CITROEN-C3-222434_3.JPG|https://s3.eu-central-1.amazonaws.com/uvpictures-eu-central-1/368/SP/PL/CITROEN-C3-222434_4.JPG,Citroën,C3,2024,37425,KM,,Used,47900 PLN,PLN,CASH,47900 PLN,Total,Gasoline,Manual,Spoticar Marimex Kraków-LibertówKraków-Libertów,Spoticar Marimex Kraków-Libertów,Gwarancja Spoticar Premium12 miesięcy
SPOT-69267,Opel Astra · 93900 PLN,Opel Astra · Cena: 93900 PLN · Gwarancja Spoticar Premium12 miesięcy · SPOTICAR STELLANTIS & YOU WARSZAWA PUŁAWSKA · Sprawdź ofertę!,https://www.spoticar.pl/znajdz-uzywany-samochod/opel-astra-vi-15-cdti-gs-ss-aut-warszawa-1200221036,https://s3.eu-central-1.amazonaws.com/uvpictures-eu-central-1/368/SP/PL/OPEL-ASTRA-221036_1.JPG,https://s3.eu-central-1.amazonaws.com/uvpictures-eu-central-1/368/SP/PL/OPEL-ASTRA-221036_2.JPG|https://s3.eu-central-1.amazonaws.com/uvpictures-eu-central-1/368/SP/PL/OPEL-ASTRA-221036_3.JPG|https://s3.eu-central-1.amazonaws.com/uvpictures-eu-central-1/368/SP/PL/OPEL-ASTRA-221036_4.JPG,Opel,Astra,2024,33503,KM,,Used,93900 PLN,PLN,CASH,93900 PLN,Total,Diesel,Automatic,SPOTICAR STELLANTIS & YOU WARSZAWA PUŁAWSKA,SPOTICAR STELLANTIS & YOU WARSZAWA PUŁAWSKASPOTICAR STELLANTIS & YOU WARSZAWA PUŁAWSKA,Gwarancja Spoticar Premium12 miesięcy
SPOT-68641,Peugeot 2008 · 59900 PLN,Peugeot 2008 · Cena: 59900 PLN · Gwarancja Spoticar Premium6 miesięcy · Spoticar Auto Centrum Golemo Kraków · Sprawdź ofertę!,https://www.spoticar.pl/znajdz-uzywany-samochod/peugeot-2008-12-puretech-allure-ss-krakow-1200220433,https://s3.eu-central-1.amazonaws.com/uvpictures-eu-central-1/368/SP/PL/PEUGEOT-2008-220433_1.JPG,https://s3.eu-central-1.amazonaws.com/uvpictures-eu-central-1/368/SP/PL/PEUGEOT-2008-220433_2.JPG|https://s3.eu-central-1.amazonaws.com/uvpictures-eu-central-1/368/SP/PL/PEUGEOT-2008-220433_3.JPG|https://s3.eu-central-1.amazonaws.com/uvpictures-eu-central-1/368/SP/PL/PEUGEOT-2008-220433_4.JPG,Peugeot,2008,2023,158698,KM,,Used,59900 PLN,PLN,CASH,59900 PLN,Total,Gasoline,Manual,Spoticar Auto Centrum Golemo Kraków,Spoticar Auto Centrum Golemo KrakówSpoticar Auto Centrum Golemo Kraków,Gwarancja Spoticar Premium6 miesięcy
SPOT-69312,Opel Vivaro · 95900 PLN,Opel Vivaro · Cena: 95900 PLN · Gwarancja Spoticar Premium12 miesięcy · Spoticar Auto Centrum Golemo Kraków · Sprawdź ofertę!,https://www.spoticar.pl/znajdz-uzywany-samochod/opel-vivaro-20-cdti-long-28t-krakow-1200221097,https://s3.eu-central-1.amazonaws.com/uvpictures-eu-central-1/368/SP/PL/OPEL-VIVARO-221097_1.JPG,https://s3.eu-central-1.amazonaws.com/uvpictures-eu-central-1/368/SP/PL/OPEL-VIVARO-221097_2.JPG|https://s3.eu-central-1.amazonaws.com/uvpictures-eu-central-1/368/SP/PL/OPEL-VIVARO-221097_3.JPG|https://s3.eu-central-1.amazonaws.com/uvpictures-eu-central-1/368/SP/PL/OPEL-VIVARO-221097_4.JPG,Opel,Vivaro,2024,57524,KM,,Used,95900 PLN,PLN,CASH,95900 PLN,Total,Diesel,Manual,Spoticar Auto Centrum Golemo Kraków,Spoticar Auto Centrum Golemo KrakówSpoticar Auto Centrum Golemo Kraków,Gwarancja Spoticar Premium12 miesięcy
SPOT-69096,Hyundai I30 · 45900 PLN,Hyundai I30 · Cena: 45900 PLN · Gwarancja Spoticar Premium6 miesięcy · SPOTICAR PRASEK RADOMRadom · Sprawdź ofertę!,https://www.spoticar.pl/znajdz-uzywany-samochod/hyundai-i30-16-d-get-radom-1200220890,https://s3.eu-central-1.amazonaws.com/uvpictures-eu-central-1/368/SP/PL/HYUNDAI-I30-220890_1.JPG,https://s3.eu-central-1.amazonaws.com/uvpictures-eu-central-1/368/SP/PL/HYUNDAI-I30-220890_2.JPG|https://s3.eu-central-1.amazonaws.com/uvpictures-eu-central-1/368/SP/PL/HYUNDAI-I30-220890_3.JPG|https://s3.eu-central-1.amazonaws.com/uvpictures-eu-central-1/368/SP/PL/HYUNDAI-I30-220890_4.JPG,Hyundai,I30,2019,108098,KM,,Used,45900 PLN,PLN,CASH,45900 PLN,Total,Diesel,Manual,SPOTICAR PRASEK RADOMRadom,SPOTICAR PRASEK RADOM,Gwarancja Spoticar Premium6 miesięcy
SPOT-69091,Peugeot 308 · 72900 PLN,Peugeot 308 · Cena: 72900 PLN · Gwarancja Spoticar Premium12 miesięcy · SPOTICAR STELLANTIS & YOU WARSZAWA PUŁAWSKA · Sprawdź ofertę!,https://www.spoticar.pl/znajdz-uzywany-samochod/peugeot-308-15-bluehdi-active-pack-ss-eat8-warszawa-1200220881,https://s3.eu-central-1.amazonaws.com/uvpictures-eu-central-1/368/SP/PL/PEUGEOT-308-220881_1.JPG,https://s3.eu-central-1.amazonaws.com/uvpictures-eu-central-1/368/SP/PL/PEUGEOT-308-220881_2.JPG|https://s3.eu-central-1.amazonaws.com/uvpictures-eu-central-1/368/SP/PL/PEUGEOT-308-220881_3.JPG|https://s3.eu-central-1.amazonaws.com/uvpictures-eu-central-1/368/SP/PL/PEUGEOT-308-220881_4.JPG,Peugeot,308,2023,96058,KM,,Used,72900 PLN,PLN,CASH,72900 PLN,Total,Diesel,Automatic,SPOTICAR STELLANTIS & YOU WARSZAWA PUŁAWSKA,SPOTICAR STELLANTIS & YOU WARSZAWA PUŁAWSKASPOTICAR STELLANTIS & YOU WARSZAWA PUŁAWSKA,Gwarancja Spoticar Premium12 miesięcy
SPOT-69187,Citroën C4 X · 85900 PLN,Citroën C4 X · Cena: 85900 PLN · Gwarancja Spoticar Premium12 miesięcy · SPOTICAR STELLANTIS & YOU WARSZAWA PUŁAWSKA · Sprawdź ofertę!,https://www.spoticar.pl/znajdz-uzywany-samochod/citroen-c4-x-c4-x-12-puretech-max-ss-eat8-warszawa-1200220968,https://s3.eu-central-1.amazonaws.com/uvpictures-eu-central-1/368/SP/PL/CITROEN-C4-X-220968_1.JPG,https://s3.eu-central-1.amazonaws.com/uvpictures-eu-central-1/368/SP/PL/CITROEN-C4-X-220968_2.JPG|https://s3.eu-central-1.amazonaws.com/uvpictures-eu-central-1/368/SP/PL/CITROEN-C4-X-220968_3.JPG|https://s3.eu-central-1.amazonaws.com/uvpictures-eu-central-1/368/SP/PL/CITROEN-C4-X-220968_4.JPG,Citroën,C4 X,2024,18119,KM,,Used,85900 PLN,PLN,CASH,85900 PLN,Total,Gasoline,Automatic,SPOTICAR STELLANTIS & YOU WARSZAWA PUŁAWSKA,SPOTICAR STELLANTIS & YOU WARSZAWA PUŁAWSKASPOTICAR STELLANTIS & YOU WARSZAWA PUŁAWSKA,Gwarancja Spoticar Premium12 miesięcy
SPOT-70438,Peugeot 2008 · 82900 PLN,Peugeot 2008 · Cena: 82900 PLN · Gwarancja Spoticar Premium12 miesięcy · SPOTICAR RIA STALOWA WOLAStalowa Wola / Grebów · Sprawdź ofertę!,https://www.spoticar.pl/znajdz-uzywany-samochod/peugeot-2008-puretech-130-allure-ss-eat8-stalowa-wola-grebow-1200222221,https://s3.eu-central-1.amazonaws.com/uvpictures-eu-central-1/368/SP/PL/PEUGEOT-2008-222221_1.JPG,https://s3.eu-central-1.amazonaws.com/uvpictures-eu-central-1/368/SP/PL/PEUGEOT-2008-222221_2.JPG|https://s3.eu-central-1.amazonaws.com/uvpictures-eu-central-1/368/SP/PL/PEUGEOT-2008-222221_3.JPG|https://s3.eu-central-1.amazonaws.com/uvpictures-eu-central-1/368/SP/PL/PEUGEOT-2008-222221_4.JPG,Peugeot,2008,2023,46491,KM,,Used,82900 PLN,PLN,CASH,82900 PLN,Total,Gasoline,Automatic,SPOTICAR RIA STALOWA WOLAStalowa Wola / Grebów,SPOTICAR RIA STALOWA WOLA,Gwarancja Spoticar Premium12 miesięcy
SPOT-67771,Citroën Berlingo · 102900 PLN,Citroën Berlingo · Cena: 102900 PLN · Gwarancja Spoticar Premium12 miesięcy · SPOTICAR STELLANTIS & YOU WARSZAWA RADZYMIŃSKA · Sprawdź ofertę!,https://www.spoticar.pl/znajdz-uzywany-samochod/citroen-berlingo-m-12-puretech-plus-ss-warszawa-100219571,https://s3.eu-central-1.amazonaws.com/uvpictures-eu-central-1/368/SP/PL/CITROEN-BERLINGO-219571_1.JPG,https://s3.eu-central-1.amazonaws.com/uvpictures-eu-central-1/368/SP/PL/CITROEN-BERLINGO-219571_2.JPG|https://s3.eu-central-1.amazonaws.com/uvpictures-eu-central-1/368/SP/PL/CITROEN-BERLINGO-219571_3.JPG|https://s3.eu-central-1.amazonaws.com/uvpictures-eu-central-1/368/SP/PL/CITROEN-BERLINGO-219571_4.JPG,Citroën,Berlingo,2024,13000,KM,,Used,102900 PLN,PLN,CASH,102900 PLN,Total,Gasoline,Manual,SPOTICAR STELLANTIS & YOU WARSZAWA RADZYMIŃSKA,SPOTICAR STELLANTIS & YOU WARSZAWA RADZYMIŃSKASPOTICAR STELLANTIS & YOU WARSZAWA RADZYMIŃSKA,Gwarancja Spoticar Premium12 miesięcy
SPOT-67945,Hyundai Tucson · 106900 PLN,Hyundai Tucson · Cena: 106900 PLN · Gwarancja Spoticar Premium12 miesięcy · Spoticar Auto Centrum Golemo Kraków · Sprawdź ofertę!,https://www.spoticar.pl/znajdz-uzywany-samochod/hyundai-tucson-16-t-gdi-48v-smart-2wd-dct-krakow-1200219765,https://s3.eu-central-1.amazonaws.com/uvpictures-eu-central-1/368/SP/PL/HYUNDAI-TUCSON-219765_1.JPG,https://s3.eu-central-1.amazonaws.com/uvpictures-eu-central-1/368/SP/PL/HYUNDAI-TUCSON-219765_2.JPG|https://s3.eu-central-1.amazonaws.com/uvpictures-eu-central-1/368/SP/PL/HYUNDAI-TUCSON-219765_3.JPG|https://s3.eu-central-1.amazonaws.com/uvpictures-eu-central-1/368/SP/PL/HYUNDAI-TUCSON-219765_4.JPG,Hyundai,Tucson,2024,59550,KM,,Used,106900 PLN,PLN,CASH,106900 PLN,Total,Hybrid,Automatic,Spoticar Auto Centrum Golemo Kraków,Spoticar Auto Centrum Golemo KrakówSpoticar Auto Centrum Golemo Kraków,Gwarancja Spoticar Premium12 miesięcy
SPOT-67774,Citroën Berlingo · 119900 PLN,Citroën Berlingo · Cena: 119900 PLN · Gwarancja Spoticar Premium12 miesięcy · SPOTICAR STELLANTIS & YOU WARSZAWA RADZYMIŃSKA · Sprawdź ofertę!,https://www.spoticar.pl/znajdz-uzywany-samochod/citroen-berlingo-m-15-bluehdi-max-ss-eat8-warszawa-100219570,https://s3.eu-central-1.amazonaws.com/uvpictures-eu-central-1/368/SP/PL/CITROEN-BERLINGO-219570_1.JPG,https://s3.eu-central-1.amazonaws.com/uvpictures-eu-central-1/368/SP/PL/CITROEN-BERLINGO-219570_2.JPG|https://s3.eu-central-1.amazonaws.com/uvpictures-eu-central-1/368/SP/PL/CITROEN-BERLINGO-219570_3.JPG|https://s3.eu-central-1.amazonaws.com/uvpictures-eu-central-1/368/SP/PL/CITROEN-BERLINGO-219570_4.JPG,Citroën,Berlingo,2024,25000,KM,,Used,119900 PLN,PLN,CASH,119900 PLN,Total,Diesel,Automatic,SPOTICAR STELLANTIS & YOU WARSZAWA RADZYMIŃSKA,SPOTICAR STELLANTIS & YOU WARSZAWA RADZYMIŃSKASPOTICAR STELLANTIS & YOU WARSZAWA RADZYMIŃSKA,Gwarancja Spoticar Premium12 miesięcy
SPOT-68433,Peugeot Expert · 94900 PLN,Peugeot Expert · Cena: 94900 PLN · Gwarancja Spoticar Premium6 miesięcy · SPOTICAR PRASEK RADOMRadom · Sprawdź ofertę!,https://www.spoticar.pl/znajdz-uzywany-samochod/peugeot-expert-kombi-20-bluehdi-long-29t-radom-1200220242,https://s3.eu-central-1.amazonaws.com/uvpictures-eu-central-1/368/SP/PL/PEUGEOT-EXPERT-220242_1.JPG,https://s3.eu-central-1.amazonaws.com/uvpictures-eu-central-1/368/SP/PL/PEUGEOT-EXPERT-220242_2.JPG|https://s3.eu-central-1.amazonaws.com/uvpictures-eu-central-1/368/SP/PL/PEUGEOT-EXPERT-220242_3.JPG|https://s3.eu-central-1.amazonaws.com/uvpictures-eu-central-1/368/SP/PL/PEUGEOT-EXPERT-220242_4.JPG,Peugeot,Expert,2022,120675,KM,,Used,94900 PLN,PLN,CASH,94900 PLN,Total,Diesel,Manual,SPOTICAR PRASEK RADOMRadom,SPOTICAR PRASEK RADOM,Gwarancja Spoticar Premium6 miesięcy
SPOT-64320,Opel Mokka · 81990 PLN,Opel Mokka · Cena: 81990 PLN · Gwarancja Spoticar Premium12 miesięcy · Spoticar GEZET SzczecinSzczecin · Sprawdź ofertę!,https://www.spoticar.pl/znajdz-uzywany-samochod/opel-mokka-12-t-edition-ss-szczecin-400216250,https://s3.eu-central-1.amazonaws.com/uvpictures-eu-central-1/368/SP/PL/OPEL-MOKKA-216250_1.JPG,https://s3.eu-central-1.amazonaws.com/uvpictures-eu-central-1/368/SP/PL/OPEL-MOKKA-216250_2.JPG|https://s3.eu-central-1.amazonaws.com/uvpictures-eu-central-1/368/SP/PL/OPEL-MOKKA-216250_3.JPG|https://s3.eu-central-1.amazonaws.com/uvpictures-eu-central-1/368/SP/PL/OPEL-MOKKA-216250_4.JPG,Opel,Mokka,2022,22945,KM,,Used,81990 PLN,PLN,CASH,81990 PLN,Total,Gasoline,Manual,Spoticar GEZET SzczecinSzczecin,Spoticar GEZET Szczecin,Gwarancja Spoticar Premium12 miesięcy
SPOT-64111,Peugeot 3008 · 54900 PLN,Peugeot 3008 · Cena: 54900 PLN · Gwarancja Spoticar Premium6 miesięcy · Spoticar Fix Forum RzeszówKRASNE · Sprawdź ofertę!,https://www.spoticar.pl/znajdz-uzywany-samochod/peugeot-3008-12-puretech-active-ss-krasne-1200216047,https://s3.eu-central-1.amazonaws.com/uvpictures-eu-central-1/368/SP/PL/PEUGEOT-3008-216047_1.JPG,https://s3.eu-central-1.amazonaws.com/uvpictures-eu-central-1/368/SP/PL/PEUGEOT-3008-216047_2.JPG|https://s3.eu-central-1.amazonaws.com/uvpictures-eu-central-1/368/SP/PL/PEUGEOT-3008-216047_3.JPG|https://s3.eu-central-1.amazonaws.com/uvpictures-eu-central-1/368/SP/PL/PEUGEOT-3008-216047_4.JPG,Peugeot,3008,2018,122068,KM,,Used,54900 PLN,PLN,CASH,54900 PLN,Total,Gasoline,Manual,Spoticar Fix Forum RzeszówKRASNE,Spoticar Fix Forum Rzeszów,Gwarancja Spoticar Premium6 miesięcy
SPOT-63702,Citroën C-Elysee · 15900 PLN,Citroën C-Elysee · Cena: 15900 PLN · Gwarancja Spoticar Premium6 miesięcy · Spoticar Auto Centrum Golemo Kraków · Sprawdź ofertę!,https://www.spoticar.pl/znajdz-uzywany-samochod/citroen-c-elysee-c-elysee-12-puretech-gpf-more-life-krakow-1200215642,https://s3.eu-central-1.amazonaws.com/uvpictures-eu-central-1/368/SP/PL/CITROEN-C-ELYSEE-215642_1.JPG,https://s3.eu-central-1.amazonaws.com/uvpictures-eu-central-1/368/SP/PL/CITROEN-C-ELYSEE-215642_2.JPG|https://s3.eu-central-1.amazonaws.com/uvpictures-eu-central-1/368/SP/PL/CITROEN-C-ELYSEE-215642_3.JPG|https://s3.eu-central-1.amazonaws.com/uvpictures-eu-central-1/368/SP/PL/CITROEN-C-ELYSEE-215642_4.JPG,Citroën,C-Elysee,2019,181193,KM,,Used,15900 PLN,PLN,CASH,15900 PLN,Total,Gasoline,Manual,Spoticar Auto Centrum Golemo Kraków,Spoticar Auto Centrum Golemo KrakówSpoticar Auto Centrum Golemo Kraków,Gwarancja Spoticar Premium6 miesięcy
SPOT-64094,Opel Astra · 74900 PLN,Opel Astra · Cena: 74900 PLN · Gwarancja Spoticar Premium12 miesięcy · Spoticar Fix Forum RzeszówKRASNE · Sprawdź ofertę!,https://www.spoticar.pl/znajdz-uzywany-samochod/opel-astra-vi-12-t-elegance-ss-krasne-1200216033,https://s3.eu-central-1.amazonaws.com/uvpictures-eu-central-1/368/SP/PL/OPEL-ASTRA-216033_1.JPG,https://s3.eu-central-1.amazonaws.com/uvpictures-eu-central-1/368/SP/PL/OPEL-ASTRA-216033_2.JPG|https://s3.eu-central-1.amazonaws.com/uvpictures-eu-central-1/368/SP/PL/OPEL-ASTRA-216033_3.JPG|https://s3.eu-central-1.amazonaws.com/uvpictures-eu-central-1/368/SP/PL/OPEL-ASTRA-216033_4.JPG,Opel,Astra,2023,4553,KM,,Used,74900 PLN,PLN,CASH,74900 PLN,Total,Gasoline,Manual,Spoticar Fix Forum RzeszówKRASNE,Spoticar Fix Forum Rzeszów,Gwarancja Spoticar Premium12 miesięcy
SPOT-64754,Hyundai Elentra · 55900 PLN,Hyundai Elentra · Cena: 55900 PLN · Gwarancja Spoticar Premium12 miesięcy · SPOTICAR PRASEK RADOMRadom · Sprawdź ofertę!,https://www.spoticar.pl/znajdz-uzywany-samochod/hyundai-elantra-16-modern-radom-1200216670,https://s3.eu-central-1.amazonaws.com/uvpictures-eu-central-1/368/SP/PL/HYUNDAI-ELANTRA-216670_1.JPG,https://s3.eu-central-1.amazonaws.com/uvpictures-eu-central-1/368/SP/PL/HYUNDAI-ELANTRA-216670_2.JPG|https://s3.eu-central-1.amazonaws.com/uvpictures-eu-central-1/368/SP/PL/HYUNDAI-ELANTRA-216670_3.JPG|https://s3.eu-central-1.amazonaws.com/uvpictures-eu-central-1/368/SP/PL/HYUNDAI-ELANTRA-216670_4.JPG,Hyundai,Elentra,2021,49030,KM,,Used,55900 PLN,PLN,CASH,55900 PLN,Total,Gasoline,Manual,SPOTICAR PRASEK RADOMRadom,SPOTICAR PRASEK RADOM,Gwarancja Spoticar Premium12 miesięcy
SPOT-65886,Opel Mokka · 102990 PLN,Opel Mokka · Cena: 102990 PLN · Gwarancja Spoticar Premium12 miesięcy · Spoticar GEZET SzczecinSzczecin · Sprawdź ofertę!,https://www.spoticar.pl/znajdz-uzywany-samochod/opel-mokka-12-t-edition-ss-aut-szczecin-400217783,https://s3.eu-central-1.amazonaws.com/uvpictures-eu-central-1/368/SP/PL/OPEL-MOKKA-217783_1.JPG,https://s3.eu-central-1.amazonaws.com/uvpictures-eu-central-1/368/SP/PL/OPEL-MOKKA-217783_2.JPG|https://s3.eu-central-1.amazonaws.com/uvpictures-eu-central-1/368/SP/PL/OPEL-MOKKA-217783_3.JPG|https://s3.eu-central-1.amazonaws.com/uvpictures-eu-central-1/368/SP/PL/OPEL-MOKKA-217783_4.JPG,Opel,Mokka,2024,8000,KM,,Used,102990 PLN,PLN,CASH,102990 PLN,Total,Gasoline,Automatic,Spoticar GEZET SzczecinSzczecin,Spoticar GEZET Szczecin,Gwarancja Spoticar Premium12 miesięcy
SPOT-70957,Opel Astra · 78900 PLN,Opel Astra · Cena: 78900 PLN · Gwarancja Spoticar Premium6 miesięcy · SPOTICAR STELLANTIS & YOU WARSZAWA AL. KRAKOWSKA · Sprawdź ofertę!,https://www.spoticar.pl/znajdz-uzywany-samochod/opel-astra-vi-15-cdti-gs-ss-aut-warszawa-1200222703,https://s3.eu-central-1.amazonaws.com/uvpictures-eu-central-1/368/SP/PL/OPEL-ASTRA-222703_1.JPG,https://s3.eu-central-1.amazonaws.com/uvpictures-eu-central-1/368/SP/PL/OPEL-ASTRA-222703_2.JPG|https://s3.eu-central-1.amazonaws.com/uvpictures-eu-central-1/368/SP/PL/OPEL-ASTRA-222703_3.JPG|https://s3.eu-central-1.amazonaws.com/uvpictures-eu-central-1/368/SP/PL/OPEL-ASTRA-222703_4.JPG,Opel,Astra,2024,101500,KM,,Used,78900 PLN,PLN,CASH,78900 PLN,Total,Diesel,Automatic,SPOTICAR STELLANTIS & YOU WARSZAWA AL. KRAKOWSKA,SPOTICAR STELLANTIS & YOU WARSZAWA AL. KRAKOWSKASPOTICAR STELLANTIS & YOU WARSZAWA AL. KRAKOWSKA,Gwarancja Spoticar Premium6 miesięcy
SPOT-69875,Citroën C5 X · 99900 PLN,Citroën C5 X · Cena: 99900 PLN · Gwarancja Spoticar Premium12 miesięcy · Spoticar Auto Centrum Golemo Kraków · Sprawdź ofertę!,https://www.spoticar.pl/znajdz-uzywany-samochod/citroen-krakow-1200221635,https://s3.eu-central-1.amazonaws.com/uvpictures-eu-central-1/368/SP/PL/CITROEN-C5-X-221635_1.JPG,https://s3.eu-central-1.amazonaws.com/uvpictures-eu-central-1/368/SP/PL/CITROEN-C5-X-221635_2.JPG|https://s3.eu-central-1.amazonaws.com/uvpictures-eu-central-1/368/SP/PL/CITROEN-C5-X-221635_3.JPG|https://s3.eu-central-1.amazonaws.com/uvpictures-eu-central-1/368/SP/PL/CITROEN-C5-X-221635_4.JPG,Citroën,C5 X,2023,82295,KM,,Used,99900 PLN,PLN,CASH,99900 PLN,Total,Gasoline,Automatic,Spoticar Auto Centrum Golemo Kraków,Spoticar Auto Centrum Golemo KrakówSpoticar Auto Centrum Golemo Kraków,Gwarancja Spoticar Premium12 miesięcy
SPOT-69987,Peugeot 2008 · 86900 PLN,Peugeot 2008 · Cena: 86900 PLN · Gwarancja Spoticar Premium12 miesięcy · SPOTICAR STELLANTIS & YOU WARSZAWA RADZYMIŃSKA · Sprawdź ofertę!,https://www.spoticar.pl/znajdz-uzywany-samochod/peugeot-warszawa-1200221758,https://s3.eu-central-1.amazonaws.com/uvpictures-eu-central-1/368/SP/PL/PEUGEOT-2008-221758_1.JPG,https://s3.eu-central-1.amazonaws.com/uvpictures-eu-central-1/368/SP/PL/PEUGEOT-2008-221758_2.JPG|https://s3.eu-central-1.amazonaws.com/uvpictures-eu-central-1/368/SP/PL/PEUGEOT-2008-221758_3.JPG|https://s3.eu-central-1.amazonaws.com/uvpictures-eu-central-1/368/SP/PL/PEUGEOT-2008-221758_4.JPG,Peugeot,2008,2024,28000,KM,,Used,86900 PLN,PLN,CASH,86900 PLN,Total,Gasoline,Automatic,SPOTICAR STELLANTIS & YOU WARSZAWA RADZYMIŃSKA,SPOTICAR STELLANTIS & YOU WARSZAWA RADZYMIŃSKASPOTICAR STELLANTIS & YOU WARSZAWA RADZYMIŃSKA,Gwarancja Spoticar Premium12 miesięcy
SPOT-69940,Opel Movano · 95900 PLN,Opel Movano · Cena: 95900 PLN · Gwarancja Spoticar Premium12 miesięcy · Spoticar Marimex Kraków-LibertówKraków-Libertów · Sprawdź ofertę!,https://www.spoticar.pl/znajdz-uzywany-samochod/opel-movano-cdti-l3h2-krakow-libertow-1200221714,https://s3.eu-central-1.amazonaws.com/uvpictures-eu-central-1/368/SP/PL/OPEL-MOVANO-221714_1.JPG,https://s3.eu-central-1.amazonaws.com/uvpictures-eu-central-1/368/SP/PL/OPEL-MOVANO-221714_2.JPG|https://s3.eu-central-1.amazonaws.com/uvpictures-eu-central-1/368/SP/PL/OPEL-MOVANO-221714_3.JPG|https://s3.eu-central-1.amazonaws.com/uvpictures-eu-central-1/368/SP/PL/OPEL-MOVANO-221714_4.JPG,Opel,Movano,2022,20133,KM,,Used,95900 PLN,PLN,CASH,95900 PLN,Total,Diesel,Manual,Spoticar Marimex Kraków-LibertówKraków-Libertów,Spoticar Marimex Kraków-Libertów,Gwarancja Spoticar Premium12 miesięcy
SPOT-69677,Peugeot 3008 · 55900 PLN,Peugeot 3008 · Cena: 55900 PLN · Gwarancja Spoticar Premium6 miesięcy · Spoticar Auto Centrum Golemo Kraków · Sprawdź ofertę!,https://www.spoticar.pl/znajdz-uzywany-samochod/peugeot-3008-12-puretech-gpf-allure-ss-krakow-1200221464,https://s3.eu-central-1.amazonaws.com/uvpictures-eu-central-1/368/SP/PL/PEUGEOT-3008-221464_1.JPG,https://s3.eu-central-1.amazonaws.com/uvpictures-eu-central-1/368/SP/PL/PEUGEOT-3008-221464_2.JPG|https://s3.eu-central-1.amazonaws.com/uvpictures-eu-central-1/368/SP/PL/PEUGEOT-3008-221464_3.JPG|https://s3.eu-central-1.amazonaws.com/uvpictures-eu-central-1/368/SP/PL/PEUGEOT-3008-221464_4.JPG,Peugeot,3008,2018,107203,KM,,Used,55900 PLN,PLN,CASH,55900 PLN,Total,Gasoline,Manual,Spoticar Auto Centrum Golemo Kraków,Spoticar Auto Centrum Golemo KrakówSpoticar Auto Centrum Golemo Kraków,Gwarancja Spoticar Premium6 miesięcy
SPOT-65890,Opel Crossland · 81990 PLN,Opel Crossland · Cena: 81990 PLN · Gwarancja Spoticar Premium12 miesięcy · Spoticar GEZET SzczecinSzczecin · Sprawdź ofertę!,https://www.spoticar.pl/znajdz-uzywany-samochod/opel-crossland-12-t-elegance-szczecin-400217769,https://s3.eu-central-1.amazonaws.com/uvpictures-eu-central-1/368/SP/PL/OPEL-CROSSLAND-217769_1.JPG,https://s3.eu-central-1.amazonaws.com/uvpictures-eu-central-1/368/SP/PL/OPEL-CROSSLAND-217769_2.JPG|https://s3.eu-central-1.amazonaws.com/uvpictures-eu-central-1/368/SP/PL/OPEL-CROSSLAND-217769_3.JPG|https://s3.eu-central-1.amazonaws.com/uvpictures-eu-central-1/368/SP/PL/OPEL-CROSSLAND-217769_4.JPG,Opel,Crossland,2022,24464,KM,,Used,81990 PLN,PLN,CASH,81990 PLN,Total,Gasoline,Manual,Spoticar GEZET SzczecinSzczecin,Spoticar GEZET Szczecin,Gwarancja Spoticar Premium12 miesięcy
SPOT-64316,Opel Mokka · 81990 PLN,Opel Mokka · Cena: 81990 PLN · Gwarancja Spoticar Premium12 miesięcy · Spoticar GEZET SzczecinSzczecin · Sprawdź ofertę!,https://www.spoticar.pl/znajdz-uzywany-samochod/opel-mokka-12-t-edition-ss-szczecin-400216247,https://s3.eu-central-1.amazonaws.com/uvpictures-eu-central-1/368/SP/PL/OPEL-MOKKA-216247_1.JPG,https://s3.eu-central-1.amazonaws.com/uvpictures-eu-central-1/368/SP/PL/OPEL-MOKKA-216247_2.JPG|https://s3.eu-central-1.amazonaws.com/uvpictures-eu-central-1/368/SP/PL/OPEL-MOKKA-216247_3.JPG|https://s3.eu-central-1.amazonaws.com/uvpictures-eu-central-1/368/SP/PL/OPEL-MOKKA-216247_4.JPG,Opel,Mokka,2022,19765,KM,,Used,81990 PLN,PLN,CASH,81990 PLN,Total,Gasoline,Manual,Spoticar GEZET SzczecinSzczecin,Spoticar GEZET Szczecin,Gwarancja Spoticar Premium12 miesięcy
SPOT-65868,Opel Grandland · 125990 PLN,Opel Grandland · Cena: 125990 PLN · Gwarancja Spoticar Premium12 miesięcy · Spoticar GEZET SzczecinSzczecin · Sprawdź ofertę!,https://www.spoticar.pl/znajdz-uzywany-samochod/opel-grandland-12-t-business-edition-ss-szczecin-400217779,https://s3.eu-central-1.amazonaws.com/uvpictures-eu-central-1/368/SP/PL/OPEL-GRANDLAND-217779_1.JPG,https://s3.eu-central-1.amazonaws.com/uvpictures-eu-central-1/368/SP/PL/OPEL-GRANDLAND-217779_2.JPG|https://s3.eu-central-1.amazonaws.com/uvpictures-eu-central-1/368/SP/PL/OPEL-GRANDLAND-217779_3.JPG|https://s3.eu-central-1.amazonaws.com/uvpictures-eu-central-1/368/SP/PL/OPEL-GRANDLAND-217779_4.JPG,Opel,Grandland,2024,8946,KM,,Used,125990 PLN,PLN,CASH,125990 PLN,Total,Gasoline,Manual,Spoticar GEZET SzczecinSzczecin,Spoticar GEZET Szczecin,Gwarancja Spoticar Premium12 miesięcy
SPOT-67796,Citroën C5 Aircross · 65900 PLN,Citroën C5 Aircross · Cena: 65900 PLN · Gwarancja Spoticar Premium12 miesięcy · Spoticar Auto Centrum Golemo Kraków · Sprawdź ofertę!,https://www.spoticar.pl/znajdz-uzywany-samochod/citroen-c5-aircross-12-puretech-feel-pack-eat8-krakow-1200219628,https://s3.eu-central-1.amazonaws.com/uvpictures-eu-central-1/368/SP/PL/CITROEN-C5-AIRCROSS-219628_1.JPG,https://s3.eu-central-1.amazonaws.com/uvpictures-eu-central-1/368/SP/PL/CITROEN-C5-AIRCROSS-219628_2.JPG|https://s3.eu-central-1.amazonaws.com/uvpictures-eu-central-1/368/SP/PL/CITROEN-C5-AIRCROSS-219628_3.JPG|https://s3.eu-central-1.amazonaws.com/uvpictures-eu-central-1/368/SP/PL/CITROEN-C5-AIRCROSS-219628_4.JPG,Citroën,C5 Aircross,2022,52110,KM,,Used,65900 PLN,PLN,CASH,65900 PLN,Total,Gasoline,Automatic,Spoticar Auto Centrum Golemo Kraków,Spoticar Auto Centrum Golemo KrakówSpoticar Auto Centrum Golemo Kraków,Gwarancja Spoticar Premium12 miesięcy
SPOT-68070,Citroën Jumpy · 54108 PLN,Citroën Jumpy · Cena: 54108 PLN · Gwarancja Spoticar Premium6 miesięcy · SPOTICAR DEJON I DĄBROWSKI LEGNICA · Sprawdź ofertę!,https://www.spoticar.pl/znajdz-uzywany-samochod/citroen-jumpy-20-bluehdi-xl-31t-club-legnica-1200219861,https://s3.eu-central-1.amazonaws.com/uvpictures-eu-central-1/368/SP/PL/CITROEN-JUMPY-219861_1.JPG,https://s3.eu-central-1.amazonaws.com/uvpictures-eu-central-1/368/SP/PL/CITROEN-JUMPY-219861_2.JPG|https://s3.eu-central-1.amazonaws.com/uvpictures-eu-central-1/368/SP/PL/CITROEN-JUMPY-219861_3.JPG|https://s3.eu-central-1.amazonaws.com/uvpictures-eu-central-1/368/SP/PL/CITROEN-JUMPY-219861_4.JPG,Citroën,Jumpy,2020,181846,KM,,Used,54108 PLN,PLN,CASH,54108 PLN,Total,Diesel,Manual,SPOTICAR DEJON I DĄBROWSKI LEGNICA,SPOTICAR DEJON I DĄBROWSKI LEGNICASPOTICAR DEJON I DĄBROWSKI LEGNICA,Gwarancja Spoticar Premium6 miesięcy
SPOT-70343,Peugeot 3008 · 49900 PLN,Peugeot 3008 · Cena: 49900 PLN · Gwarancja Spoticar Premium6 miesięcy · Spoticar Auto Centrum Golemo Kraków · Sprawdź ofertę!,https://www.spoticar.pl/znajdz-uzywany-samochod/peugeot-3008-15-bluehdi-allure-ss-krakow-1200222121,https://s3.eu-central-1.amazonaws.com/uvpictures-eu-central-1/368/SP/PL/PEUGEOT-3008-222121_1.JPG,https://s3.eu-central-1.amazonaws.com/uvpictures-eu-central-1/368/SP/PL/PEUGEOT-3008-222121_2.JPG|https://s3.eu-central-1.amazonaws.com/uvpictures-eu-central-1/368/SP/PL/PEUGEOT-3008-222121_3.JPG|https://s3.eu-central-1.amazonaws.com/uvpictures-eu-central-1/368/SP/PL/PEUGEOT-3008-222121_4.JPG,Peugeot,3008,2018,157999,KM,,Used,49900 PLN,PLN,CASH,49900 PLN,Total,Diesel,Manual,Spoticar Auto Centrum Golemo Kraków,Spoticar Auto Centrum Golemo KrakówSpoticar Auto Centrum Golemo Kraków,Gwarancja Spoticar Premium6 miesięcy
SPOT-70351,Peugeot Partner · 43038 PLN,Peugeot Partner · Cena: 43038 PLN · Gwarancja Spoticar Premium6 miesięcy · SPOTICAR DEJON I DĄBROWSKI LEGNICA · Sprawdź ofertę!,https://www.spoticar.pl/znajdz-uzywany-samochod/peugeot-partner-15-bluehdi-l1-premium-650kg-legnica-1200222107,https://s3.eu-central-1.amazonaws.com/uvpictures-eu-central-1/368/SP/PL/PEUGEOT-PARTNER-222107_1.JPG,https://s3.eu-central-1.amazonaws.com/uvpictures-eu-central-1/368/SP/PL/PEUGEOT-PARTNER-222107_2.JPG|https://s3.eu-central-1.amazonaws.com/uvpictures-eu-central-1/368/SP/PL/PEUGEOT-PARTNER-222107_3.JPG|https://s3.eu-central-1.amazonaws.com/uvpictures-eu-central-1/368/SP/PL/PEUGEOT-PARTNER-222107_4.JPG,Peugeot,Partner,2020,99990,KM,,Used,43038 PLN,PLN,CASH,43038 PLN,Total,Diesel,Manual,SPOTICAR DEJON I DĄBROWSKI LEGNICA,SPOTICAR DEJON I DĄBROWSKI LEGNICASPOTICAR DEJON I DĄBROWSKI LEGNICA,Gwarancja Spoticar Premium6 miesięcy
SPOT-68143,Peugeot 2008 · 79900 PLN,Peugeot 2008 · Cena: 79900 PLN · Gwarancja Spoticar Premium12 miesięcy · SPOTICAR STELLANTIS & YOU WARSZAWA PUŁAWSKA · Sprawdź ofertę!,https://www.spoticar.pl/znajdz-uzywany-samochod/peugeot-2008-puretech-130-gt-ss-eat8-warszawa-1200219954,https://s3.eu-central-1.amazonaws.com/uvpictures-eu-central-1/368/SP/PL/PEUGEOT-2008-219954_1.JPG,https://s3.eu-central-1.amazonaws.com/uvpictures-eu-central-1/368/SP/PL/PEUGEOT-2008-219954_2.JPG|https://s3.eu-central-1.amazonaws.com/uvpictures-eu-central-1/368/SP/PL/PEUGEOT-2008-219954_3.JPG|https://s3.eu-central-1.amazonaws.com/uvpictures-eu-central-1/368/SP/PL/PEUGEOT-2008-219954_4.JPG,Peugeot,2008,2024,37153,KM,,Used,79900 PLN,PLN,CASH,79900 PLN,Total,Gasoline,Automatic,SPOTICAR STELLANTIS & YOU WARSZAWA PUŁAWSKA,SPOTICAR STELLANTIS & YOU WARSZAWA PUŁAWSKASPOTICAR STELLANTIS & YOU WARSZAWA PUŁAWSKA,Gwarancja Spoticar Premium12 miesięcy
SPOT-69885,Peugeot 3008 · 79900 PLN,Peugeot 3008 · Cena: 79900 PLN · Gwarancja Spoticar Premium6 miesięcy · SPOTICAR RIA GRUDZIĄDZGRUDZIADZ · Sprawdź ofertę!,https://www.spoticar.pl/znajdz-uzywany-samochod/peugeot-3008-12-puretech-allure-pack-ss-grudziadz-1200221663,https://s3.eu-central-1.amazonaws.com/uvpictures-eu-central-1/368/SP/PL/PEUGEOT-3008-221663_1.JPG,https://s3.eu-central-1.amazonaws.com/uvpictures-eu-central-1/368/SP/PL/PEUGEOT-3008-221663_2.JPG|https://s3.eu-central-1.amazonaws.com/uvpictures-eu-central-1/368/SP/PL/PEUGEOT-3008-221663_3.JPG|https://s3.eu-central-1.amazonaws.com/uvpictures-eu-central-1/368/SP/PL/PEUGEOT-3008-221663_4.JPG,Peugeot,3008,2022,50232,KM,,Used,79900 PLN,PLN,CASH,79900 PLN,Total,Gasoline,Automatic,SPOTICAR RIA GRUDZIĄDZGRUDZIADZ,SPOTICAR RIA GRUDZIĄDZ,Gwarancja Spoticar Premium6 miesięcy
SPOT-68615,Peugeot 3008 · 65900 PLN,Peugeot 3008 · Cena: 65900 PLN · Gwarancja Spoticar Premium6 miesięcy · Spoticar Auto Centrum Golemo Kraków · Sprawdź ofertę!,https://www.spoticar.pl/znajdz-uzywany-samochod/peugeot-3008-12-puretech-active-pack-ss-krakow-1200220423,https://s3.eu-central-1.amazonaws.com/uvpictures-eu-central-1/368/SP/PL/PEUGEOT-3008-220423_1.JPG,https://s3.eu-central-1.amazonaws.com/uvpictures-eu-central-1/368/SP/PL/PEUGEOT-3008-220423_2.JPG|https://s3.eu-central-1.amazonaws.com/uvpictures-eu-central-1/368/SP/PL/PEUGEOT-3008-220423_3.JPG|https://s3.eu-central-1.amazonaws.com/uvpictures-eu-central-1/368/SP/PL/PEUGEOT-3008-220423_4.JPG,Peugeot,3008,2021,52482,KM,,Used,65900 PLN,PLN,CASH,65900 PLN,Total,Gasoline,Manual,Spoticar Auto Centrum Golemo Kraków,Spoticar Auto Centrum Golemo KrakówSpoticar Auto Centrum Golemo Kraków,Gwarancja Spoticar Premium6 miesięcy
SPOT-68812,Citroën C5 Aircross · 69900 PLN,Citroën C5 Aircross · Cena: 69900 PLN · Gwarancja Spoticar Premium6 miesięcy · Spoticar Auto Centrum Golemo Kraków · Sprawdź ofertę!,https://www.spoticar.pl/znajdz-uzywany-samochod/citroen-c5-aircross-15-bluehdi-feel-pack-eat8-krakow-1200220631,https://s3.eu-central-1.amazonaws.com/uvpictures-eu-central-1/368/SP/PL/CITROEN-C5-AIRCROSS-220631_1.JPG,https://s3.eu-central-1.amazonaws.com/uvpictures-eu-central-1/368/SP/PL/CITROEN-C5-AIRCROSS-220631_2.JPG|https://s3.eu-central-1.amazonaws.com/uvpictures-eu-central-1/368/SP/PL/CITROEN-C5-AIRCROSS-220631_3.JPG|https://s3.eu-central-1.amazonaws.com/uvpictures-eu-central-1/368/SP/PL/CITROEN-C5-AIRCROSS-220631_4.JPG,Citroën,C5 Aircross,2020,55167,KM,,Used,69900 PLN,PLN,CASH,69900 PLN,Total,Diesel,Automatic,Spoticar Auto Centrum Golemo Kraków,Spoticar Auto Centrum Golemo KrakówSpoticar Auto Centrum Golemo Kraków,Gwarancja Spoticar Premium6 miesięcy
SPOT-68601,Peugeot 3008 · 71900 PLN,Peugeot 3008 · Cena: 71900 PLN · Gwarancja Spoticar Premium12 miesięcy · SPOTICAR STELLANTIS & YOU WARSZAWA PUŁAWSKA · Sprawdź ofertę!,https://www.spoticar.pl/znajdz-uzywany-samochod/peugeot-3008-12-puretech-allure-pack-ss-eat8-warszawa-1200220392,https://s3.eu-central-1.amazonaws.com/uvpictures-eu-central-1/368/SP/PL/PEUGEOT-3008-220392_1.JPG,https://s3.eu-central-1.amazonaws.com/uvpictures-eu-central-1/368/SP/PL/PEUGEOT-3008-220392_2.JPG|https://s3.eu-central-1.amazonaws.com/uvpictures-eu-central-1/368/SP/PL/PEUGEOT-3008-220392_3.JPG|https://s3.eu-central-1.amazonaws.com/uvpictures-eu-central-1/368/SP/PL/PEUGEOT-3008-220392_4.JPG,Peugeot,3008,2023,55126,KM,,Used,71900 PLN,PLN,CASH,71900 PLN,Total,Gasoline,Automatic,SPOTICAR STELLANTIS & YOU WARSZAWA PUŁAWSKA,SPOTICAR STELLANTIS & YOU WARSZAWA PUŁAWSKASPOTICAR STELLANTIS & YOU WARSZAWA PUŁAWSKA,Gwarancja Spoticar Premium12 miesięcy
SPOT-70149,Opel Astra · 88900 PLN,Opel Astra · Cena: 88900 PLN · Gwarancja Spoticar Premium12 miesięcy · SPOTICAR RIA GRUDZIĄDZGRUDZIADZ · Sprawdź ofertę!,https://www.spoticar.pl/znajdz-uzywany-samochod/opel-astra-vi-12-t-gs-ss-aut-grudziadz-1200221905,https://s3.eu-central-1.amazonaws.com/uvpictures-eu-central-1/368/SP/PL/OPEL-ASTRA-221905_1.JPG,https://s3.eu-central-1.amazonaws.com/uvpictures-eu-central-1/368/SP/PL/OPEL-ASTRA-221905_2.JPG|https://s3.eu-central-1.amazonaws.com/uvpictures-eu-central-1/368/SP/PL/OPEL-ASTRA-221905_3.JPG|https://s3.eu-central-1.amazonaws.com/uvpictures-eu-central-1/368/SP/PL/OPEL-ASTRA-221905_4.JPG,Opel,Astra,2025,17367,KM,,Used,88900 PLN,PLN,CASH,88900 PLN,Total,Gasoline,Automatic,SPOTICAR RIA GRUDZIĄDZGRUDZIADZ,SPOTICAR RIA GRUDZIĄDZ,Gwarancja Spoticar Premium12 miesięcy
SPOT-68418,Citroën C5 Aircross · 89900 PLN,Citroën C5 Aircross · Cena: 89900 PLN · Gwarancja Spoticar Premium12 miesięcy · Spoticar Auto Centrum Golemo Kraków · Sprawdź ofertę!,https://www.spoticar.pl/znajdz-uzywany-samochod/citroen-c5-aircross-12-puretech-feel-pack-eat8-krakow-1200220229,https://s3.eu-central-1.amazonaws.com/uvpictures-eu-central-1/368/SP/PL/CITROEN-C5-AIRCROSS-220229_1.JPG,https://s3.eu-central-1.amazonaws.com/uvpictures-eu-central-1/368/SP/PL/CITROEN-C5-AIRCROSS-220229_2.JPG|https://s3.eu-central-1.amazonaws.com/uvpictures-eu-central-1/368/SP/PL/CITROEN-C5-AIRCROSS-220229_3.JPG|https://s3.eu-central-1.amazonaws.com/uvpictures-eu-central-1/368/SP/PL/CITROEN-C5-AIRCROSS-220229_4.JPG,Citroën,C5 Aircross,2023,33859,KM,,Used,89900 PLN,PLN,CASH,89900 PLN,Total,Gasoline,Automatic,Spoticar Auto Centrum Golemo Kraków,Spoticar Auto Centrum Golemo KrakówSpoticar Auto Centrum Golemo Kraków,Gwarancja Spoticar Premium12 miesięcy
SPOT-70304,Citroën C3 Aircross · 62900 PLN,Citroën C3 Aircross · Cena: 62900 PLN · Gwarancja Spoticar Premium12 miesięcy · SPOTICAR RIA STALOWA WOLAStalowa Wola / Grebów · Sprawdź ofertę!,https://www.spoticar.pl/znajdz-uzywany-samochod/citroen-c3-aircross-12-puretech-max-ss-eat6-stalowa-wola-grebow-1200222072,https://s3.eu-central-1.amazonaws.com/uvpictures-eu-central-1/368/SP/PL/CITROEN-C3-AIRCROSS-222072_1.JPG,https://s3.eu-central-1.amazonaws.com/uvpictures-eu-central-1/368/SP/PL/CITROEN-C3-AIRCROSS-222072_2.JPG|https://s3.eu-central-1.amazonaws.com/uvpictures-eu-central-1/368/SP/PL/CITROEN-C3-AIRCROSS-222072_3.JPG|https://s3.eu-central-1.amazonaws.com/uvpictures-eu-central-1/368/SP/PL/CITROEN-C3-AIRCROSS-222072_4.JPG,Citroën,C3 Aircross,2024,81840,KM,,Used,62900 PLN,PLN,CASH,62900 PLN,Total,Gasoline,Automatic,SPOTICAR RIA STALOWA WOLAStalowa Wola / Grebów,SPOTICAR RIA STALOWA WOLA,Gwarancja Spoticar Premium12 miesięcy
SPOT-71080,Opel Astra · 84900 PLN,Opel Astra · Cena: 84900 PLN · Gwarancja Spoticar Premium12 miesięcy · Spoticar Auto Centrum Golemo Kraków · Sprawdź ofertę!,https://www.spoticar.pl/znajdz-uzywany-samochod/opel-astra-vi-15-cdti-ultimate-ss-aut-krakow-1200222824,https://s3.eu-central-1.amazonaws.com/uvpictures-eu-central-1/368/SP/PL/OPEL-ASTRA-222824_1.JPG,https://s3.eu-central-1.amazonaws.com/uvpictures-eu-central-1/368/SP/PL/OPEL-ASTRA-222824_2.JPG|https://s3.eu-central-1.amazonaws.com/uvpictures-eu-central-1/368/SP/PL/OPEL-ASTRA-222824_3.JPG|https://s3.eu-central-1.amazonaws.com/uvpictures-eu-central-1/368/SP/PL/OPEL-ASTRA-222824_4.JPG,Opel,Astra,2023,97399,KM,,Used,84900 PLN,PLN,CASH,84900 PLN,Total,Diesel,Automatic,Spoticar Auto Centrum Golemo Kraków,Spoticar Auto Centrum Golemo KrakówSpoticar Auto Centrum Golemo Kraków,Gwarancja Spoticar Premium12 miesięcy
SPOT-71110,Citroën C4 X · 71900 PLN,Citroën C4 X · Cena: 71900 PLN · Gwarancja Spoticar Premium12 miesięcy · SPOTICAR SZTUKOWSKI OSTRÓW WLKP.Ostrów Wielkopolski · Sprawdź ofertę!,https://www.spoticar.pl/znajdz-uzywany-samochod/citroen-c4-x-c4-x-12-puretech-max-ss-eat8-ostrow-wielkopolski-1200222861,https://s3.eu-central-1.amazonaws.com/uvpictures-eu-central-1/368/SP/PL/CITROEN-C4-X-222861_1.JPG,https://s3.eu-central-1.amazonaws.com/uvpictures-eu-central-1/368/SP/PL/CITROEN-C4-X-222861_2.JPG|https://s3.eu-central-1.amazonaws.com/uvpictures-eu-central-1/368/SP/PL/CITROEN-C4-X-222861_3.JPG|https://s3.eu-central-1.amazonaws.com/uvpictures-eu-central-1/368/SP/PL/CITROEN-C4-X-222861_4.JPG,Citroën,C4 X,2024,26487,KM,,Used,71900 PLN,PLN,CASH,71900 PLN,Total,Gasoline,Automatic,SPOTICAR SZTUKOWSKI OSTRÓW WLKP.Ostrów Wielkopolski,SPOTICAR SZTUKOWSKI OSTRÓW WLKP.,Gwarancja Spoticar Premium12 miesięcy
SPOT-70434,Hyundai Tucson · 99900 PLN,Hyundai Tucson · Cena: 99900 PLN · Gwarancja Spoticar Premium12 miesięcy · Spoticar Auto Centrum Golemo Kraków · Sprawdź ofertę!,https://www.spoticar.pl/znajdz-uzywany-samochod/hyundai-tucson-16-t-gdi-48v-smart-2wd-dct-krakow-1200222218,https://s3.eu-central-1.amazonaws.com/uvpictures-eu-central-1/368/SP/PL/HYUNDAI-TUCSON-222218_1.JPG,https://s3.eu-central-1.amazonaws.com/uvpictures-eu-central-1/368/SP/PL/HYUNDAI-TUCSON-222218_2.JPG|https://s3.eu-central-1.amazonaws.com/uvpictures-eu-central-1/368/SP/PL/HYUNDAI-TUCSON-222218_3.JPG|https://s3.eu-central-1.amazonaws.com/uvpictures-eu-central-1/368/SP/PL/HYUNDAI-TUCSON-222218_4.JPG,Hyundai,Tucson,2024,81402,KM,,Used,99900 PLN,PLN,CASH,99900 PLN,Total,Hybrid,Automatic,Spoticar Auto Centrum Golemo Kraków,Spoticar Auto Centrum Golemo KrakówSpoticar Auto Centrum Golemo Kraków,Gwarancja Spoticar Premium12 miesięcy
SPOT-70698,Citroën C3 · 56900 PLN,Citroën C3 · Cena: 56900 PLN · Gwarancja Spoticar Premium12 miesięcy · SPOTICAR RIA GRUDZIĄDZGRUDZIADZ · Sprawdź ofertę!,https://www.spoticar.pl/znajdz-uzywany-samochod/citroen-c3-12-puretech-max-eat6-grudziadz-1200222444,https://s3.eu-central-1.amazonaws.com/uvpictures-eu-central-1/368/SP/PL/CITROEN-C3-222444_1.JPG,https://s3.eu-central-1.amazonaws.com/uvpictures-eu-central-1/368/SP/PL/CITROEN-C3-222444_2.JPG|https://s3.eu-central-1.amazonaws.com/uvpictures-eu-central-1/368/SP/PL/CITROEN-C3-222444_3.JPG|https://s3.eu-central-1.amazonaws.com/uvpictures-eu-central-1/368/SP/PL/CITROEN-C3-222444_4.JPG,Citroën,C3,2024,22544,KM,,Used,56900 PLN,PLN,CASH,56900 PLN,Total,Gasoline,Automatic,SPOTICAR RIA GRUDZIĄDZGRUDZIADZ,SPOTICAR RIA GRUDZIĄDZ,Gwarancja Spoticar Premium12 miesięcy
SPOT-71126,Citroën C4 · 89900 PLN,Citroën C4 · Cena: 89900 PLN · Gwarancja Spoticar Premium6 miesięcy · SPOTICAR RIA GRUDZIĄDZGRUDZIADZ · Sprawdź ofertę!,https://www.spoticar.pl/znajdz-uzywany-samochod/citroen-c4-12-mhev-collection-edct6-grudziadz-1200222849,https://s3.eu-central-1.amazonaws.com/uvpictures-eu-central-1/368/SP/PL/CITROEN-C4-222849_1.JPG,https://s3.eu-central-1.amazonaws.com/uvpictures-eu-central-1/368/SP/PL/CITROEN-C4-222849_2.JPG|https://s3.eu-central-1.amazonaws.com/uvpictures-eu-central-1/368/SP/PL/CITROEN-C4-222849_3.JPG|https://s3.eu-central-1.amazonaws.com/uvpictures-eu-central-1/368/SP/PL/CITROEN-C4-222849_4.JPG,Citroën,C4,2025,22516,KM,,Used,89900 PLN,PLN,CASH,89900 PLN,Total,Hybrid,Automatic,SPOTICAR RIA GRUDZIĄDZGRUDZIADZ,SPOTICAR RIA GRUDZIĄDZ,Gwarancja Spoticar Premium6 miesięcy
SPOT-71428,Peugeot 3008 · 89900 PLN,Peugeot 3008 · Cena: 89900 PLN · Gwarancja Spoticar Premium12 miesięcy · SPOTICAR RIA STALOWA WOLAStalowa Wola / Grebów · Sprawdź ofertę!,https://www.spoticar.pl/znajdz-uzywany-samochod/peugeot-3008-12-puretech-mhev-allure-e-dcs6-stalowa-wola-grebow-1200223151,https://s3.eu-central-1.amazonaws.com/uvpictures-eu-central-1/368/SP/PL/PEUGEOT-3008-223151_1.JPG,https://s3.eu-central-1.amazonaws.com/uvpictures-eu-central-1/368/SP/PL/PEUGEOT-3008-223151_2.JPG|https://s3.eu-central-1.amazonaws.com/uvpictures-eu-central-1/368/SP/PL/PEUGEOT-3008-223151_3.JPG|https://s3.eu-central-1.amazonaws.com/uvpictures-eu-central-1/368/SP/PL/PEUGEOT-3008-223151_4.JPG,Peugeot,3008,2024,47142,KM,,Used,89900 PLN,PLN,CASH,89900 PLN,Total,Hybrid,Automatic,SPOTICAR RIA STALOWA WOLAStalowa Wola / Grebów,SPOTICAR RIA STALOWA WOLA,Gwarancja Spoticar Premium12 miesięcy
SPOT-71396,Peugeot 208 · 79900 PLN,Peugeot 208 · Cena: 79900 PLN · Gwarancja Spoticar Premium12 miesięcy · SPOTICAR RIA STALOWA WOLAStalowa Wola / Grebów · Sprawdź ofertę!,https://www.spoticar.pl/znajdz-uzywany-samochod/peugeot-208-e-208-allure-pack-stalowa-wola-grebow-1200223149,https://s3.eu-central-1.amazonaws.com/uvpictures-eu-central-1/368/SP/PL/PEUGEOT-208-223149_1.JPG,https://s3.eu-central-1.amazonaws.com/uvpictures-eu-central-1/368/SP/PL/PEUGEOT-208-223149_2.JPG|https://s3.eu-central-1.amazonaws.com/uvpictures-eu-central-1/368/SP/PL/PEUGEOT-208-223149_3.JPG|https://s3.eu-central-1.amazonaws.com/uvpictures-eu-central-1/368/SP/PL/PEUGEOT-208-223149_4.JPG,Peugeot,208,2023,14868,KM,,Used,79900 PLN,PLN,CASH,79900 PLN,Total,Electric,Automatic,SPOTICAR RIA STALOWA WOLAStalowa Wola / Grebów,SPOTICAR RIA STALOWA WOLA,Gwarancja Spoticar Premium12 miesięcy
SPOT-71335,Opel Frontera · 87900 PLN,Opel Frontera · Cena: 87900 PLN · Gwarancja Spoticar Premium12 miesięcy · SPOTICAR SZTUKOWSKI OSTRÓW WLKP.Ostrów Wielkopolski · Sprawdź ofertę!,https://www.spoticar.pl/znajdz-uzywany-samochod/opel-frontera-12-t-mhev-gs-edtc6-ostrow-wielkopolski-1200223079,https://s3.eu-central-1.amazonaws.com/uvpictures-eu-central-1/368/SP/PL/OPEL-FRONTERA-223079_1.JPG,https://s3.eu-central-1.amazonaws.com/uvpictures-eu-central-1/368/SP/PL/OPEL-FRONTERA-223079_2.JPG|https://s3.eu-central-1.amazonaws.com/uvpictures-eu-central-1/368/SP/PL/OPEL-FRONTERA-223079_3.JPG|https://s3.eu-central-1.amazonaws.com/uvpictures-eu-central-1/368/SP/PL/OPEL-FRONTERA-223079_4.JPG,Opel,Frontera,2025,6357,KM,,Used,87900 PLN,PLN,CASH,87900 PLN,Total,Hybrid,Automatic,SPOTICAR SZTUKOWSKI OSTRÓW WLKP.Ostrów Wielkopolski,SPOTICAR SZTUKOWSKI OSTRÓW WLKP.,Gwarancja Spoticar Premium12 miesięcy
SPOT-71439,Fiat 500 · 56900 PLN,Fiat 500 · Cena: 56900 PLN · Gwarancja Spoticar Premium12 miesięcy · SPOTICAR RIA STALOWA WOLAStalowa Wola / Grebów · Sprawdź ofertę!,https://www.spoticar.pl/znajdz-uzywany-samochod/fiat-500-e-500-238kwh-stalowa-wola-grebow-1200223170,https://s3.eu-central-1.amazonaws.com/uvpictures-eu-central-1/368/SP/PL/FIAT-500-E-223170_1.JPG,https://s3.eu-central-1.amazonaws.com/uvpictures-eu-central-1/368/SP/PL/FIAT-500-E-223170_2.JPG|https://s3.eu-central-1.amazonaws.com/uvpictures-eu-central-1/368/SP/PL/FIAT-500-E-223170_3.JPG|https://s3.eu-central-1.amazonaws.com/uvpictures-eu-central-1/368/SP/PL/FIAT-500-E-223170_4.JPG,Fiat,500,2024,30017,KM,,Used,56900 PLN,PLN,CASH,56900 PLN,Total,Electric,Automatic,SPOTICAR RIA STALOWA WOLAStalowa Wola / Grebów,SPOTICAR RIA STALOWA WOLA,Gwarancja Spoticar Premium12 miesięcy
SPOT-71306,Hyundai I30 · 58900 PLN,Hyundai I30 · Cena: 58900 PLN · Gwarancja Spoticar Premium6 miesięcy · Spoticar Auto Centrum Golemo Kraków · Sprawdź ofertę!,https://www.spoticar.pl/znajdz-uzywany-samochod/hyundai-i30-15-t-gdi-48v-modern-krakow-1200223054,https://s3.eu-central-1.amazonaws.com/uvpictures-eu-central-1/368/SP/PL/HYUNDAI-I30-223054_1.JPG,https://s3.eu-central-1.amazonaws.com/uvpictures-eu-central-1/368/SP/PL/HYUNDAI-I30-223054_2.JPG|https://s3.eu-central-1.amazonaws.com/uvpictures-eu-central-1/368/SP/PL/HYUNDAI-I30-223054_3.JPG|https://s3.eu-central-1.amazonaws.com/uvpictures-eu-central-1/368/SP/PL/HYUNDAI-I30-223054_4.JPG,Hyundai,I30,2024,117428,KM,,Used,58900 PLN,PLN,CASH,58900 PLN,Total,Gasoline,Manual,Spoticar Auto Centrum Golemo Kraków,Spoticar Auto Centrum Golemo KrakówSpoticar Auto Centrum Golemo Kraków,Gwarancja Spoticar Premium6 miesięcy
SPOT-71062,Opel Movano · 111900 PLN,Opel Movano · Cena: 111900 PLN · Gwarancja Spoticar Premium12 miesięcy · Spoticar  Budmat Auto PłockPłock · Sprawdź ofertę!,https://www.spoticar.pl/znajdz-uzywany-samochod/opel-movano-heavy-cdti-l4-plock-1200222810,https://s3.eu-central-1.amazonaws.com/uvpictures-eu-central-1/368/SP/PL/OPEL-MOVANO-222810_1.JPG,https://s3.eu-central-1.amazonaws.com/uvpictures-eu-central-1/368/SP/PL/OPEL-MOVANO-222810_2.JPG|https://s3.eu-central-1.amazonaws.com/uvpictures-eu-central-1/368/SP/PL/OPEL-MOVANO-222810_3.JPG|https://s3.eu-central-1.amazonaws.com/uvpictures-eu-central-1/368/SP/PL/OPEL-MOVANO-222810_4.JPG,Opel,Movano,2024,12564,KM,,Used,111900 PLN,PLN,CASH,111900 PLN,Total,Diesel,Manual,Spoticar  Budmat Auto PłockPłock,Spoticar  Budmat Auto Płock,Gwarancja Spoticar Premium12 miesięcy
SPOT-71269,Fiat 600 · 79900 PLN,Fiat 600 · Cena: 79900 PLN · Gwarancja Spoticar Premium12 miesięcy · Spoticar  Budmat Auto PłockPłock · Sprawdź ofertę!,https://www.spoticar.pl/znajdz-uzywany-samochod/fiat-600-e-54kwh-red-plock-1200223005,https://s3.eu-central-1.amazonaws.com/uvpictures-eu-central-1/368/SP/PL/FIAT-600-223005_1.JPG,https://s3.eu-central-1.amazonaws.com/uvpictures-eu-central-1/368/SP/PL/FIAT-600-223005_2.JPG|https://s3.eu-central-1.amazonaws.com/uvpictures-eu-central-1/368/SP/PL/FIAT-600-223005_3.JPG|https://s3.eu-central-1.amazonaws.com/uvpictures-eu-central-1/368/SP/PL/FIAT-600-223005_4.JPG,Fiat,600,2024,30999,KM,,Used,79900 PLN,PLN,CASH,79900 PLN,Total,Electric,Automatic,Spoticar  Budmat Auto PłockPłock,Spoticar  Budmat Auto Płock,Gwarancja Spoticar Premium12 miesięcy
SPOT-69810,Peugeot 308 · 24900 PLN,Peugeot 308 · Cena: 24900 PLN · Gwarancja Spoticar Premium6 miesięcy · Spoticar Auto Centrum Golemo Kraków · Sprawdź ofertę!,https://www.spoticar.pl/znajdz-uzywany-samochod/peugeot-308-sw-12-puretech-gpf-active-ss-krakow-1200221572,https://s3.eu-central-1.amazonaws.com/uvpictures-eu-central-1/368/SP/PL/PEUGEOT-308-221572_1.JPG,https://s3.eu-central-1.amazonaws.com/uvpictures-eu-central-1/368/SP/PL/PEUGEOT-308-221572_2.JPG|https://s3.eu-central-1.amazonaws.com/uvpictures-eu-central-1/368/SP/PL/PEUGEOT-308-221572_3.JPG|https://s3.eu-central-1.amazonaws.com/uvpictures-eu-central-1/368/SP/PL/PEUGEOT-308-221572_4.JPG,Peugeot,308,2019,170662,KM,,Used,24900 PLN,PLN,CASH,24900 PLN,Total,Gasoline,Manual,Spoticar Auto Centrum Golemo Kraków,Spoticar Auto Centrum Golemo KrakówSpoticar Auto Centrum Golemo Kraków,Gwarancja Spoticar Premium6 miesięcy
SPOT-69810,Peugeot 308 · 24900 PLN,Peugeot 308 · Cena: 24900 PLN · Gwarancja Spoticar Premium6 miesięcy · Spoticar Auto Centrum Golemo Kraków · Sprawdź ofertę!,https://www.spoticar.pl/znajdz-uzywany-samochod/peugeot-308-sw-12-puretech-gpf-active-ss-krakow-1200221572,https://s3.eu-central-1.amazonaws.com/uvpictures-eu-central-1/368/SP/PL/PEUGEOT-308-221572_1.JPG,https://s3.eu-central-1.amazonaws.com/uvpictures-eu-central-1/368/SP/PL/PEUGEOT-308-221572_2.JPG|https://s3.eu-central-1.amazonaws.com/uvpictures-eu-central-1/368/SP/PL/PEUGEOT-308-221572_3.JPG|https://s3.eu-central-1.amazonaws.com/uvpictures-eu-central-1/368/SP/PL/PEUGEOT-308-221572_4.JPG,Peugeot,308,2019,170662,KM,,Used,24900 PLN,PLN,CASH,24900 PLN,Total,Gasoline,Manual,Spoticar Auto Centrum Golemo Kraków,Spoticar Auto Centrum Golemo KrakówSpoticar Auto Centrum Golemo Kraków,Gwarancja Spoticar Premium6 miesięcy
SPOT-70891,Citroën C5 Aircross · 89900 PLN,Citroën C5 Aircross · Cena: 89900 PLN · Gwarancja Spoticar Premium12 miesięcy · SPOTICAR SZTUKOWSKI OSTRÓW WLKP.Ostrów Wielkopolski · Sprawdź ofertę!,https://www.spoticar.pl/znajdz-uzywany-samochod/citroen-c5-aircross-12-mhev-plus-edct6-ostrow-wielkopolski-1200222645,https://s3.eu-central-1.amazonaws.com/uvpictures-eu-central-1/368/SP/PL/CITROEN-C5-AIRCROSS-222645_1.JPG,https://s3.eu-central-1.amazonaws.com/uvpictures-eu-central-1/368/SP/PL/CITROEN-C5-AIRCROSS-222645_2.JPG|https://s3.eu-central-1.amazonaws.com/uvpictures-eu-central-1/368/SP/PL/CITROEN-C5-AIRCROSS-222645_3.JPG|https://s3.eu-central-1.amazonaws.com/uvpictures-eu-central-1/368/SP/PL/CITROEN-C5-AIRCROSS-222645_4.JPG,Citroën,C5 Aircross,2025,25052,KM,,Used,89900 PLN,PLN,CASH,89900 PLN,Total,Hybrid,Automatic,SPOTICAR SZTUKOWSKI OSTRÓW WLKP.Ostrów Wielkopolski,SPOTICAR SZTUKOWSKI OSTRÓW WLKP.,Gwarancja Spoticar Premium12 miesięcy
SPOT-70895,Volkswagen Tiguan · 75900 PLN,Volkswagen Tiguan · Cena: 75900 PLN · Gwarancja Spoticar Premium6 miesięcy · Spoticar Auto Centrum Golemo Kraków · Sprawdź ofertę!,https://www.spoticar.pl/znajdz-uzywany-samochod/volkswagen-tiguan-20-tdi-bmt-scr-comfortline-dsg-krakow-1200222642,https://s3.eu-central-1.amazonaws.com/uvpictures-eu-central-1/368/SP/PL/VOLKSWAGEN-TIGUAN-222642_1.JPG,https://s3.eu-central-1.amazonaws.com/uvpictures-eu-central-1/368/SP/PL/VOLKSWAGEN-TIGUAN-222642_2.JPG|https://s3.eu-central-1.amazonaws.com/uvpictures-eu-central-1/368/SP/PL/VOLKSWAGEN-TIGUAN-222642_3.JPG|https://s3.eu-central-1.amazonaws.com/uvpictures-eu-central-1/368/SP/PL/VOLKSWAGEN-TIGUAN-222642_4.JPG,Volkswagen,Tiguan,2020,152783,KM,,Used,75900 PLN,PLN,CASH,75900 PLN,Total,Diesel,Automatic,Spoticar Auto Centrum Golemo Kraków,Spoticar Auto Centrum Golemo KrakówSpoticar Auto Centrum Golemo Kraków,Gwarancja Spoticar Premium6 miesięcy
SPOT-71116,Peugeot 3008 · 124900 PLN,Peugeot 3008 · Cena: 124900 PLN · Gwarancja Spoticar Premium12 miesięcy · Spoticar Auto Diug SłupskSŁUPSK · Sprawdź ofertę!,https://www.spoticar.pl/znajdz-uzywany-samochod/peugeot-3008-12-puretech-mhev-gt-e-dcs6-slupsk-1200222866,https://s3.eu-central-1.amazonaws.com/uvpictures-eu-central-1/368/SP/PL/PEUGEOT-3008-222866_1.JPG,https://s3.eu-central-1.amazonaws.com/uvpictures-eu-central-1/368/SP/PL/PEUGEOT-3008-222866_2.JPG|https://s3.eu-central-1.amazonaws.com/uvpictures-eu-central-1/368/SP/PL/PEUGEOT-3008-222866_3.JPG|https://s3.eu-central-1.amazonaws.com/uvpictures-eu-central-1/368/SP/PL/PEUGEOT-3008-222866_4.JPG,Peugeot,3008,2025,14300,KM,,Used,124900 PLN,PLN,CASH,124900 PLN,Total,Gasoline,Automatic,Spoticar Auto Diug SłupskSŁUPSK,Spoticar Auto Diug Słupsk,Gwarancja Spoticar Premium12 miesięcy
SPOT-70522,Opel Astra · 77777 PLN,Opel Astra · Cena: 77777 PLN · Gwarancja Spoticar Premium12 miesięcy · Spoticar Auto Dealer KatowiceKATOWICE · Sprawdź ofertę!,https://www.spoticar.pl/znajdz-uzywany-samochod/opel-astra-vi-12-t-elegance-ss-aut-katowice-200222271,https://s3.eu-central-1.amazonaws.com/uvpictures-eu-central-1/368/SP/PL/OPEL-ASTRA-222271_1.JPG,https://s3.eu-central-1.amazonaws.com/uvpictures-eu-central-1/368/SP/PL/OPEL-ASTRA-222271_2.JPG|https://s3.eu-central-1.amazonaws.com/uvpictures-eu-central-1/368/SP/PL/OPEL-ASTRA-222271_3.JPG|https://s3.eu-central-1.amazonaws.com/uvpictures-eu-central-1/368/SP/PL/OPEL-ASTRA-222271_4.JPG,Opel,Astra,2024,33033,KM,,Used,77777 PLN,PLN,CASH,77777 PLN,Total,Gasoline,Automatic,Spoticar Auto Dealer KatowiceKATOWICE,Spoticar Auto Dealer Katowice,Gwarancja Spoticar Premium12 miesięcy
SPOT-71510,Fiat 500 · 91900 PLN,Fiat 500 · Cena: 91900 PLN · Gwarancja Spoticar Premium12 miesięcy · SPOTICAR RIA WARSZAWAWARSZAWA · Sprawdź ofertę!,https://www.spoticar.pl/znajdz-uzywany-samochod/fiat-500-e-500-42-kwh-la-prima-warszawa-1200223265,https://s3.eu-central-1.amazonaws.com/uvpictures-eu-central-1/368/SP/PL/FIAT-500-E-223265_1.JPG,https://s3.eu-central-1.amazonaws.com/uvpictures-eu-central-1/368/SP/PL/FIAT-500-E-223265_2.JPG|https://s3.eu-central-1.amazonaws.com/uvpictures-eu-central-1/368/SP/PL/FIAT-500-E-223265_3.JPG|https://s3.eu-central-1.amazonaws.com/uvpictures-eu-central-1/368/SP/PL/FIAT-500-E-223265_4.JPG,Fiat,500,2024,31099,KM,,Used,91900 PLN,PLN,CASH,91900 PLN,Total,Electric,Automatic,SPOTICAR RIA WARSZAWAWARSZAWA,SPOTICAR RIA WARSZAWA,Gwarancja Spoticar Premium12 miesięcy
SPOT-71356,Peugeot 508 · 109900 PLN,Peugeot 508 · Cena: 109900 PLN · Gwarancja Spoticar Premium12 miesięcy · SPOTICAR RIA WARSZAWAWARSZAWA · Sprawdź ofertę!,https://www.spoticar.pl/znajdz-uzywany-samochod/peugeot-508-sw-bluehdi-130-gt-ss-eat8-warszawa-1200223097,https://s3.eu-central-1.amazonaws.com/uvpictures-eu-central-1/368/SP/PL/PEUGEOT-508-223097_1.JPG,https://s3.eu-central-1.amazonaws.com/uvpictures-eu-central-1/368/SP/PL/PEUGEOT-508-223097_2.JPG|https://s3.eu-central-1.amazonaws.com/uvpictures-eu-central-1/368/SP/PL/PEUGEOT-508-223097_3.JPG|https://s3.eu-central-1.amazonaws.com/uvpictures-eu-central-1/368/SP/PL/PEUGEOT-508-223097_4.JPG,Peugeot,508,2024,79210,KM,,Used,109900 PLN,PLN,CASH,109900 PLN,Total,Diesel,Automatic,SPOTICAR RIA WARSZAWAWARSZAWA,SPOTICAR RIA WARSZAWA,Gwarancja Spoticar Premium12 miesięcy
SPOT-71359,Peugeot 308 · 93900 PLN,Peugeot 308 · Cena: 93900 PLN · Gwarancja Spoticar Premium12 miesięcy · SPOTICAR RIA WARSZAWAWARSZAWA · Sprawdź ofertę!,https://www.spoticar.pl/znajdz-uzywany-samochod/peugeot-308-15-bluehdi-allure-ss-eat8-warszawa-1200223094,https://s3.eu-central-1.amazonaws.com/uvpictures-eu-central-1/368/SP/PL/PEUGEOT-308-223094_1.JPG,https://s3.eu-central-1.amazonaws.com/uvpictures-eu-central-1/368/SP/PL/PEUGEOT-308-223094_2.JPG|https://s3.eu-central-1.amazonaws.com/uvpictures-eu-central-1/368/SP/PL/PEUGEOT-308-223094_3.JPG|https://s3.eu-central-1.amazonaws.com/uvpictures-eu-central-1/368/SP/PL/PEUGEOT-308-223094_4.JPG,Peugeot,308,2025,12458,KM,,Used,93900 PLN,PLN,CASH,93900 PLN,Total,Diesel,Automatic,SPOTICAR RIA WARSZAWAWARSZAWA,SPOTICAR RIA WARSZAWA,Gwarancja Spoticar Premium12 miesięcy
SPOT-71411,Peugeot 2008 · 86900 PLN,Peugeot 2008 · Cena: 86900 PLN · Gwarancja Spoticar Premium12 miesięcy · Spoticar Stellantis &You Warszawa Al.Jerozolimskie · Sprawdź ofertę!,https://www.spoticar.pl/znajdz-uzywany-samochod/peugeot-2008-bluehdi-130-gt-ss-eat8-warszawa-1200223133,https://s3.eu-central-1.amazonaws.com/uvpictures-eu-central-1/368/SP/PL/PEUGEOT-2008-223133_1.JPG,https://s3.eu-central-1.amazonaws.com/uvpictures-eu-central-1/368/SP/PL/PEUGEOT-2008-223133_2.JPG|https://s3.eu-central-1.amazonaws.com/uvpictures-eu-central-1/368/SP/PL/PEUGEOT-2008-223133_3.JPG|https://s3.eu-central-1.amazonaws.com/uvpictures-eu-central-1/368/SP/PL/PEUGEOT-2008-223133_4.JPG,Peugeot,2008,2023,85932,KM,,Used,86900 PLN,PLN,CASH,86900 PLN,Total,Diesel,Automatic,Spoticar Stellantis &You Warszawa Al.Jerozolimskie,Spoticar Stellantis &You Warszawa Al.JerozolimskieSpoticar Stellantis &You Warszawa Al.Jerozolimskie,Gwarancja Spoticar Premium12 miesięcy
SPOT-71256,Opel Corsa · 89900 PLN,Opel Corsa · Cena: 89900 PLN · Gwarancja Spoticar Premium12 miesięcy · SPOTICAR RIA WARSZAWAWARSZAWA · Sprawdź ofertę!,https://www.spoticar.pl/znajdz-uzywany-samochod/opel-corsa-e-51kwh-gs-warszawa-1200222996,https://s3.eu-central-1.amazonaws.com/uvpictures-eu-central-1/368/SP/PL/OPEL-CORSA-222996_1.JPG,https://s3.eu-central-1.amazonaws.com/uvpictures-eu-central-1/368/SP/PL/OPEL-CORSA-222996_2.JPG|https://s3.eu-central-1.amazonaws.com/uvpictures-eu-central-1/368/SP/PL/OPEL-CORSA-222996_3.JPG|https://s3.eu-central-1.amazonaws.com/uvpictures-eu-central-1/368/SP/PL/OPEL-CORSA-222996_4.JPG,Opel,Corsa,2024,3869,KM,,Used,89900 PLN,PLN,CASH,89900 PLN,Total,Electric,Automatic,SPOTICAR RIA WARSZAWAWARSZAWA,SPOTICAR RIA WARSZAWA,Gwarancja Spoticar Premium12 miesięcy
SPOT-71328,Peugeot 308 · 81900 PLN,Peugeot 308 · Cena: 81900 PLN · Gwarancja Spoticar Premium12 miesięcy · Spoticar Stellantis &You Warszawa Al.Jerozolimskie · Sprawdź ofertę!,https://www.spoticar.pl/znajdz-uzywany-samochod/peugeot-308-12-puretech-allure-pack-ss-eat8-warszawa-1200223059,https://s3.eu-central-1.amazonaws.com/uvpictures-eu-central-1/368/SP/PL/PEUGEOT-308-223059_1.JPG,https://s3.eu-central-1.amazonaws.com/uvpictures-eu-central-1/368/SP/PL/PEUGEOT-308-223059_2.JPG|https://s3.eu-central-1.amazonaws.com/uvpictures-eu-central-1/368/SP/PL/PEUGEOT-308-223059_3.JPG|https://s3.eu-central-1.amazonaws.com/uvpictures-eu-central-1/368/SP/PL/PEUGEOT-308-223059_4.JPG,Peugeot,308,2024,28374,KM,,Used,81900 PLN,PLN,CASH,81900 PLN,Total,Gasoline,Automatic,Spoticar Stellantis &You Warszawa Al.Jerozolimskie,Spoticar Stellantis &You Warszawa Al.JerozolimskieSpoticar Stellantis &You Warszawa Al.Jerozolimskie,Gwarancja Spoticar Premium12 miesięcy
SPOT-71083,Peugeot 408 · 154900 PLN,Peugeot 408 · Cena: 154900 PLN · Gwarancja Spoticar Premium12 miesięcy · SPOTICAR RIA WARSZAWAWARSZAWA · Sprawdź ofertę!,https://www.spoticar.pl/znajdz-uzywany-samochod/peugeot-408-16-plug-hybrid-225-gt-eat8-warszawa-1200222821,https://s3.eu-central-1.amazonaws.com/uvpictures-eu-central-1/368/SP/PL/PEUGEOT-408-222821_1.JPG,https://s3.eu-central-1.amazonaws.com/uvpictures-eu-central-1/368/SP/PL/PEUGEOT-408-222821_2.JPG|https://s3.eu-central-1.amazonaws.com/uvpictures-eu-central-1/368/SP/PL/PEUGEOT-408-222821_3.JPG|https://s3.eu-central-1.amazonaws.com/uvpictures-eu-central-1/368/SP/PL/PEUGEOT-408-222821_4.JPG,Peugeot,408,2025,18470,KM,,Used,154900 PLN,PLN,CASH,154900 PLN,Total,Gasoline,Automatic,SPOTICAR RIA WARSZAWAWARSZAWA,SPOTICAR RIA WARSZAWA,Gwarancja Spoticar Premium12 miesięcy
SPOT-71065,Peugeot 308 · 97900 PLN,Peugeot 308 · Cena: 97900 PLN · Gwarancja Spoticar Premium12 miesięcy · SPOTICAR RIA WARSZAWAWARSZAWA · Sprawdź ofertę!,https://www.spoticar.pl/znajdz-uzywany-samochod/peugeot-308-12-mhev-gt-ss-e-dcs6-warszawa-1200222807,https://s3.eu-central-1.amazonaws.com/uvpictures-eu-central-1/368/SP/PL/PEUGEOT-308-222807_1.JPG,https://s3.eu-central-1.amazonaws.com/uvpictures-eu-central-1/368/SP/PL/PEUGEOT-308-222807_2.JPG|https://s3.eu-central-1.amazonaws.com/uvpictures-eu-central-1/368/SP/PL/PEUGEOT-308-222807_3.JPG|https://s3.eu-central-1.amazonaws.com/uvpictures-eu-central-1/368/SP/PL/PEUGEOT-308-222807_4.JPG,Peugeot,308,2025,22358,KM,,Used,97900 PLN,PLN,CASH,97900 PLN,Total,Gasoline,Automatic,SPOTICAR RIA WARSZAWAWARSZAWA,SPOTICAR RIA WARSZAWA,Gwarancja Spoticar Premium12 miesięcy
SPOT-71048,DS 7 Crossback · 129900 PLN,DS 7 Crossback · Cena: 129900 PLN · Gwarancja Spoticar Premium12 miesięcy · Spoticar Stellantis &You Warszawa Al.Jerozolimskie · Sprawdź ofertę!,https://www.spoticar.pl/znajdz-uzywany-samochod/ds-ds-7-crossback-15-bluehdi-performance-line-aut-warszawa-1200222783,https://s3.eu-central-1.amazonaws.com/uvpictures-eu-central-1/368/SP/PL/DS-DS-7-CROSSBACK-222783_1.JPG,https://s3.eu-central-1.amazonaws.com/uvpictures-eu-central-1/368/SP/PL/DS-DS-7-CROSSBACK-222783_2.JPG|https://s3.eu-central-1.amazonaws.com/uvpictures-eu-central-1/368/SP/PL/DS-DS-7-CROSSBACK-222783_3.JPG|https://s3.eu-central-1.amazonaws.com/uvpictures-eu-central-1/368/SP/PL/DS-DS-7-CROSSBACK-222783_4.JPG,DS,7 Crossback,2024,32481,KM,,Used,129900 PLN,PLN,CASH,129900 PLN,Total,Diesel,Automatic,Spoticar Stellantis &You Warszawa Al.Jerozolimskie,Spoticar Stellantis &You Warszawa Al.JerozolimskieSpoticar Stellantis &You Warszawa Al.Jerozolimskie,Gwarancja Spoticar Premium12 miesięcy
SPOT-70826,Citroën C5 Aircross · 86900 PLN,Citroën C5 Aircross · Cena: 86900 PLN · Gwarancja Spoticar Premium12 miesięcy · SPOTICAR RIA WARSZAWAWARSZAWA · Sprawdź ofertę!,https://www.spoticar.pl/znajdz-uzywany-samochod/citroen-c5-aircross-15-bluehdi-max-eat8-warszawa-1200222575,https://s3.eu-central-1.amazonaws.com/uvpictures-eu-central-1/368/SP/PL/CITROEN-C5-AIRCROSS-222575_1.JPG,https://s3.eu-central-1.amazonaws.com/uvpictures-eu-central-1/368/SP/PL/CITROEN-C5-AIRCROSS-222575_2.JPG|https://s3.eu-central-1.amazonaws.com/uvpictures-eu-central-1/368/SP/PL/CITROEN-C5-AIRCROSS-222575_3.JPG|https://s3.eu-central-1.amazonaws.com/uvpictures-eu-central-1/368/SP/PL/CITROEN-C5-AIRCROSS-222575_4.JPG,Citroën,C5 Aircross,2023,45338,KM,,Used,86900 PLN,PLN,CASH,86900 PLN,Total,Diesel,Automatic,SPOTICAR RIA WARSZAWAWARSZAWA,SPOTICAR RIA WARSZAWA,Gwarancja Spoticar Premium12 miesięcy
SPOT-71053,Citroën C4 · 74900 PLN,Citroën C4 · Cena: 74900 PLN · Gwarancja Spoticar Premium12 miesięcy · SPOTICAR RIA WARSZAWAWARSZAWA · Sprawdź ofertę!,https://www.spoticar.pl/znajdz-uzywany-samochod/citroen-c4-12-puretech-max-ss-eat8-warszawa-1200222794,https://s3.eu-central-1.amazonaws.com/uvpictures-eu-central-1/368/SP/PL/CITROEN-C4-222794_1.JPG,https://s3.eu-central-1.amazonaws.com/uvpictures-eu-central-1/368/SP/PL/CITROEN-C4-222794_2.JPG|https://s3.eu-central-1.amazonaws.com/uvpictures-eu-central-1/368/SP/PL/CITROEN-C4-222794_3.JPG|https://s3.eu-central-1.amazonaws.com/uvpictures-eu-central-1/368/SP/PL/CITROEN-C4-222794_4.JPG,Citroën,C4,2023,35800,KM,,Used,74900 PLN,PLN,CASH,74900 PLN,Total,Gasoline,Automatic,SPOTICAR RIA WARSZAWAWARSZAWA,SPOTICAR RIA WARSZAWA,Gwarancja Spoticar Premium12 miesięcy
SPOT-70803,DS 7 Crossback · 99900 PLN,DS 7 Crossback · Cena: 99900 PLN · Gwarancja Spoticar Premium12 miesięcy · Spoticar Stellantis &You Warszawa Al.Jerozolimskie · Sprawdź ofertę!,https://www.spoticar.pl/znajdz-uzywany-samochod/ds-ds-7-crossback-16-puretech-rivoli-aut-warszawa-1200222534,https://s3.eu-central-1.amazonaws.com/uvpictures-eu-central-1/368/SP/PL/DS-DS-7-CROSSBACK-222534_1.JPG,https://s3.eu-central-1.amazonaws.com/uvpictures-eu-central-1/368/SP/PL/DS-DS-7-CROSSBACK-222534_2.JPG|https://s3.eu-central-1.amazonaws.com/uvpictures-eu-central-1/368/SP/PL/DS-DS-7-CROSSBACK-222534_3.JPG|https://s3.eu-central-1.amazonaws.com/uvpictures-eu-central-1/368/SP/PL/DS-DS-7-CROSSBACK-222534_4.JPG,DS,7 Crossback,2022,40450,KM,,Used,99900 PLN,PLN,CASH,99900 PLN,Total,Gasoline,Automatic,Spoticar Stellantis &You Warszawa Al.Jerozolimskie,Spoticar Stellantis &You Warszawa Al.JerozolimskieSpoticar Stellantis &You Warszawa Al.Jerozolimskie,Gwarancja Spoticar Premium12 miesięcy
SPOT-70821,Peugeot 2008 · 78900 PLN,Peugeot 2008 · Cena: 78900 PLN · Gwarancja Spoticar Premium6 miesięcy · Spoticar Stellantis &You Warszawa Al.Jerozolimskie · Sprawdź ofertę!,https://www.spoticar.pl/znajdz-uzywany-samochod/peugeot-2008-puretech-130-gt-ss-eat8-warszawa-1200222555,https://s3.eu-central-1.amazonaws.com/uvpictures-eu-central-1/368/SP/PL/PEUGEOT-2008-222555_1.JPG,https://s3.eu-central-1.amazonaws.com/uvpictures-eu-central-1/368/SP/PL/PEUGEOT-2008-222555_2.JPG|https://s3.eu-central-1.amazonaws.com/uvpictures-eu-central-1/368/SP/PL/PEUGEOT-2008-222555_3.JPG|https://s3.eu-central-1.amazonaws.com/uvpictures-eu-central-1/368/SP/PL/PEUGEOT-2008-222555_4.JPG,Peugeot,2008,2023,105600,KM,,Used,78900 PLN,PLN,CASH,78900 PLN,Total,Gasoline,Automatic,Spoticar Stellantis &You Warszawa Al.Jerozolimskie,Spoticar Stellantis &You Warszawa Al.JerozolimskieSpoticar Stellantis &You Warszawa Al.Jerozolimskie,Gwarancja Spoticar Premium6 miesięcy
SPOT-70550,Citroën C3 · 48900 PLN,Citroën C3 · Cena: 48900 PLN · Gwarancja Spoticar Premium12 miesięcy · Spoticar Stellantis &You Warszawa Al.Jerozolimskie · Sprawdź ofertę!,https://www.spoticar.pl/znajdz-uzywany-samochod/citroen-c3-12-puretech-max-warszawa-1200222320,https://s3.eu-central-1.amazonaws.com/uvpictures-eu-central-1/368/SP/PL/CITROEN-C3-222320_1.JPG,https://s3.eu-central-1.amazonaws.com/uvpictures-eu-central-1/368/SP/PL/CITROEN-C3-222320_2.JPG|https://s3.eu-central-1.amazonaws.com/uvpictures-eu-central-1/368/SP/PL/CITROEN-C3-222320_3.JPG|https://s3.eu-central-1.amazonaws.com/uvpictures-eu-central-1/368/SP/PL/CITROEN-C3-222320_4.JPG,Citroën,C3,2024,53312,KM,,Used,48900 PLN,PLN,CASH,48900 PLN,Total,Gasoline,Manual,Spoticar Stellantis &You Warszawa Al.Jerozolimskie,Spoticar Stellantis &You Warszawa Al.JerozolimskieSpoticar Stellantis &You Warszawa Al.Jerozolimskie,Gwarancja Spoticar Premium12 miesięcy
SPOT-70535,Citroën C3 · 48900 PLN,Citroën C3 · Cena: 48900 PLN · Gwarancja Spoticar Premium12 miesięcy · Spoticar Stellantis &You Warszawa Al.Jerozolimskie · Sprawdź ofertę!,https://www.spoticar.pl/znajdz-uzywany-samochod/citroen-c3-12-puretech-max-warszawa-1200222316,https://s3.eu-central-1.amazonaws.com/uvpictures-eu-central-1/368/SP/PL/CITROEN-C3-222316_1.JPG,https://s3.eu-central-1.amazonaws.com/uvpictures-eu-central-1/368/SP/PL/CITROEN-C3-222316_2.JPG|https://s3.eu-central-1.amazonaws.com/uvpictures-eu-central-1/368/SP/PL/CITROEN-C3-222316_3.JPG|https://s3.eu-central-1.amazonaws.com/uvpictures-eu-central-1/368/SP/PL/CITROEN-C3-222316_4.JPG,Citroën,C3,2024,51567,KM,,Used,48900 PLN,PLN,CASH,48900 PLN,Total,Gasoline,Manual,Spoticar Stellantis &You Warszawa Al.Jerozolimskie,Spoticar Stellantis &You Warszawa Al.JerozolimskieSpoticar Stellantis &You Warszawa Al.Jerozolimskie,Gwarancja Spoticar Premium12 miesięcy
SPOT-70612,Peugeot 2008 · 79900 PLN,Peugeot 2008 · Cena: 79900 PLN · Gwarancja Spoticar Premium12 miesięcy · Spoticar Stellantis &You Warszawa Al.Jerozolimskie · Sprawdź ofertę!,https://www.spoticar.pl/znajdz-uzywany-samochod/peugeot-2008-puretech-130-allure-ss-eat8-warszawa-1200222380,https://s3.eu-central-1.amazonaws.com/uvpictures-eu-central-1/368/SP/PL/PEUGEOT-2008-222380_1.JPG,https://s3.eu-central-1.amazonaws.com/uvpictures-eu-central-1/368/SP/PL/PEUGEOT-2008-222380_2.JPG|https://s3.eu-central-1.amazonaws.com/uvpictures-eu-central-1/368/SP/PL/PEUGEOT-2008-222380_3.JPG|https://s3.eu-central-1.amazonaws.com/uvpictures-eu-central-1/368/SP/PL/PEUGEOT-2008-222380_4.JPG,Peugeot,2008,2024,48031,KM,,Used,79900 PLN,PLN,CASH,79900 PLN,Total,Gasoline,Automatic,Spoticar Stellantis &You Warszawa Al.Jerozolimskie,Spoticar Stellantis &You Warszawa Al.JerozolimskieSpoticar Stellantis &You Warszawa Al.Jerozolimskie,Gwarancja Spoticar Premium12 miesięcy
SPOT-70565,Peugeot 2008 · 82900 PLN,Peugeot 2008 · Cena: 82900 PLN · Gwarancja Spoticar Premium12 miesięcy · Spoticar Stellantis &You Warszawa Al.Jerozolimskie · Sprawdź ofertę!,https://www.spoticar.pl/znajdz-uzywany-samochod/peugeot-2008-puretech-130-gt-ss-eat8-warszawa-1200222294,https://s3.eu-central-1.amazonaws.com/uvpictures-eu-central-1/368/SP/PL/PEUGEOT-2008-222294_1.JPG,https://s3.eu-central-1.amazonaws.com/uvpictures-eu-central-1/368/SP/PL/PEUGEOT-2008-222294_2.JPG|https://s3.eu-central-1.amazonaws.com/uvpictures-eu-central-1/368/SP/PL/PEUGEOT-2008-222294_3.JPG|https://s3.eu-central-1.amazonaws.com/uvpictures-eu-central-1/368/SP/PL/PEUGEOT-2008-222294_4.JPG,Peugeot,2008,2024,37416,KM,,Used,82900 PLN,PLN,CASH,82900 PLN,Total,Gasoline,Automatic,Spoticar Stellantis &You Warszawa Al.Jerozolimskie,Spoticar Stellantis &You Warszawa Al.JerozolimskieSpoticar Stellantis &You Warszawa Al.Jerozolimskie,Gwarancja Spoticar Premium12 miesięcy
SPOT-70567,Peugeot 2008 · 79900 PLN,Peugeot 2008 · Cena: 79900 PLN · Gwarancja Spoticar Premium12 miesięcy · Spoticar Stellantis &You Warszawa Al.Jerozolimskie · Sprawdź ofertę!,https://www.spoticar.pl/znajdz-uzywany-samochod/peugeot-2008-puretech-130-allure-ss-eat8-warszawa-1200222295,https://s3.eu-central-1.amazonaws.com/uvpictures-eu-central-1/368/SP/PL/PEUGEOT-2008-222295_1.JPG,https://s3.eu-central-1.amazonaws.com/uvpictures-eu-central-1/368/SP/PL/PEUGEOT-2008-222295_2.JPG|https://s3.eu-central-1.amazonaws.com/uvpictures-eu-central-1/368/SP/PL/PEUGEOT-2008-222295_3.JPG|https://s3.eu-central-1.amazonaws.com/uvpictures-eu-central-1/368/SP/PL/PEUGEOT-2008-222295_4.JPG,Peugeot,2008,2023,29892,KM,,Used,79900 PLN,PLN,CASH,79900 PLN,Total,Gasoline,Automatic,Spoticar Stellantis &You Warszawa Al.Jerozolimskie,Spoticar Stellantis &You Warszawa Al.JerozolimskieSpoticar Stellantis &You Warszawa Al.Jerozolimskie,Gwarancja Spoticar Premium12 miesięcy
SPOT-70566,Peugeot 2008 · 82900 PLN,Peugeot 2008 · Cena: 82900 PLN · Gwarancja Spoticar Premium12 miesięcy · Spoticar Stellantis &You Warszawa Al.Jerozolimskie · Sprawdź ofertę!,https://www.spoticar.pl/znajdz-uzywany-samochod/peugeot-2008-puretech-130-gt-ss-eat8-warszawa-1200222291,https://s3.eu-central-1.amazonaws.com/uvpictures-eu-central-1/368/SP/PL/PEUGEOT-2008-222291_1.JPG,https://s3.eu-central-1.amazonaws.com/uvpictures-eu-central-1/368/SP/PL/PEUGEOT-2008-222291_2.JPG|https://s3.eu-central-1.amazonaws.com/uvpictures-eu-central-1/368/SP/PL/PEUGEOT-2008-222291_3.JPG|https://s3.eu-central-1.amazonaws.com/uvpictures-eu-central-1/368/SP/PL/PEUGEOT-2008-222291_4.JPG,Peugeot,2008,2024,45433,KM,,Used,82900 PLN,PLN,CASH,82900 PLN,Total,Gasoline,Automatic,Spoticar Stellantis &You Warszawa Al.Jerozolimskie,Spoticar Stellantis &You Warszawa Al.JerozolimskieSpoticar Stellantis &You Warszawa Al.Jerozolimskie,Gwarancja Spoticar Premium12 miesięcy
SPOT-69574,Citroën C3 · 49900 PLN,Citroën C3 · Cena: 49900 PLN · Gwarancja Spoticar Premium12 miesięcy · Spoticar Stellantis &You Warszawa Al.Jerozolimskie · Sprawdź ofertę!,https://www.spoticar.pl/znajdz-uzywany-samochod/citroen-c3-12-puretech-max-warszawa-1200221328,https://s3.eu-central-1.amazonaws.com/uvpictures-eu-central-1/368/SP/PL/CITROEN-C3-221328_1.JPG,https://s3.eu-central-1.amazonaws.com/uvpictures-eu-central-1/368/SP/PL/CITROEN-C3-221328_2.JPG|https://s3.eu-central-1.amazonaws.com/uvpictures-eu-central-1/368/SP/PL/CITROEN-C3-221328_3.JPG|https://s3.eu-central-1.amazonaws.com/uvpictures-eu-central-1/368/SP/PL/CITROEN-C3-221328_4.JPG,Citroën,C3,2024,47773,KM,,Used,49900 PLN,PLN,CASH,49900 PLN,Total,Gasoline,Manual,Spoticar Stellantis &You Warszawa Al.Jerozolimskie,Spoticar Stellantis &You Warszawa Al.JerozolimskieSpoticar Stellantis &You Warszawa Al.Jerozolimskie,Gwarancja Spoticar Premium12 miesięcy
SPOT-69266,Citroën C3 · 58900 PLN,Citroën C3 · Cena: 58900 PLN · Gwarancja Spoticar Premium12 miesięcy · Spoticar Stellantis &You Warszawa Al.Jerozolimskie · Sprawdź ofertę!,https://www.spoticar.pl/znajdz-uzywany-samochod/citroen-c3-12-puretech-max-eat6-warszawa-1200221037,https://s3.eu-central-1.amazonaws.com/uvpictures-eu-central-1/368/SP/PL/CITROEN-C3-221037_1.JPG,https://s3.eu-central-1.amazonaws.com/uvpictures-eu-central-1/368/SP/PL/CITROEN-C3-221037_2.JPG|https://s3.eu-central-1.amazonaws.com/uvpictures-eu-central-1/368/SP/PL/CITROEN-C3-221037_3.JPG|https://s3.eu-central-1.amazonaws.com/uvpictures-eu-central-1/368/SP/PL/CITROEN-C3-221037_4.JPG,Citroën,C3,2024,38875,KM,,Used,58900 PLN,PLN,CASH,58900 PLN,Total,Gasoline,Automatic,Spoticar Stellantis &You Warszawa Al.Jerozolimskie,Spoticar Stellantis &You Warszawa Al.JerozolimskieSpoticar Stellantis &You Warszawa Al.Jerozolimskie,Gwarancja Spoticar Premium12 miesięcy
SPOT-69308,Opel Mokka · 79900 PLN,Opel Mokka · Cena: 79900 PLN · Gwarancja Spoticar Premium12 miesięcy · Spoticar Stellantis &You Warszawa Al.Jerozolimskie · Sprawdź ofertę!,https://www.spoticar.pl/znajdz-uzywany-samochod/opel-mokka-12-t-gs-ss-aut-warszawa-1200221078,https://s3.eu-central-1.amazonaws.com/uvpictures-eu-central-1/368/SP/PL/OPEL-MOKKA-221078_1.JPG,https://s3.eu-central-1.amazonaws.com/uvpictures-eu-central-1/368/SP/PL/OPEL-MOKKA-221078_2.JPG|https://s3.eu-central-1.amazonaws.com/uvpictures-eu-central-1/368/SP/PL/OPEL-MOKKA-221078_3.JPG|https://s3.eu-central-1.amazonaws.com/uvpictures-eu-central-1/368/SP/PL/OPEL-MOKKA-221078_4.JPG,Opel,Mokka,2024,48153,KM,,Used,79900 PLN,PLN,CASH,79900 PLN,Total,Gasoline,Automatic,Spoticar Stellantis &You Warszawa Al.Jerozolimskie,Spoticar Stellantis &You Warszawa Al.JerozolimskieSpoticar Stellantis &You Warszawa Al.Jerozolimskie,Gwarancja Spoticar Premium12 miesięcy
SPOT-68691,Fiat Ducato · 110577 PLN,Fiat Ducato · Cena: 110577 PLN · Gwarancja Spoticar Premium12 miesięcy · SPOTICAR RIA WARSZAWAWARSZAWA · Sprawdź ofertę!,https://www.spoticar.pl/znajdz-uzywany-samochod/fiat-ducato-maxi-h3-power-l3h2-bryg-warszawa-1200220493,https://s3.eu-central-1.amazonaws.com/uvpictures-eu-central-1/368/SP/PL/FIAT-DUCATO-220493_1.JPG,https://s3.eu-central-1.amazonaws.com/uvpictures-eu-central-1/368/SP/PL/FIAT-DUCATO-220493_2.JPG|https://s3.eu-central-1.amazonaws.com/uvpictures-eu-central-1/368/SP/PL/FIAT-DUCATO-220493_3.JPG|https://s3.eu-central-1.amazonaws.com/uvpictures-eu-central-1/368/SP/PL/FIAT-DUCATO-220493_4.JPG,Fiat,Ducato,2023,36523,KM,,Used,110577 PLN,PLN,CASH,110577 PLN,Total,Diesel,Manual,SPOTICAR RIA WARSZAWAWARSZAWA,SPOTICAR RIA WARSZAWA,Gwarancja Spoticar Premium12 miesięcy
SPOT-69072,Peugeot 408 · 129900 PLN,Peugeot 408 · Cena: 129900 PLN · Gwarancja Spoticar Premium12 miesięcy · SPOTICAR RIA WARSZAWAWARSZAWA · Sprawdź ofertę!,https://www.spoticar.pl/znajdz-uzywany-samochod/peugeot-408-16-plug-hybrid-225-allure-eat8-warszawa-1200220864,https://s3.eu-central-1.amazonaws.com/uvpictures-eu-central-1/368/SP/PL/PEUGEOT-408-220864_1.JPG,https://s3.eu-central-1.amazonaws.com/uvpictures-eu-central-1/368/SP/PL/PEUGEOT-408-220864_2.JPG|https://s3.eu-central-1.amazonaws.com/uvpictures-eu-central-1/368/SP/PL/PEUGEOT-408-220864_3.JPG|https://s3.eu-central-1.amazonaws.com/uvpictures-eu-central-1/368/SP/PL/PEUGEOT-408-220864_4.JPG,Peugeot,408,2025,8061,KM,,Used,129900 PLN,PLN,CASH,129900 PLN,Total,Gasoline,Automatic,SPOTICAR RIA WARSZAWAWARSZAWA,SPOTICAR RIA WARSZAWA,Gwarancja Spoticar Premium12 miesięcy
SPOT-69177,Peugeot Partner · 31900 PLN,Peugeot Partner · Cena: 31900 PLN · Gwarancja Spoticar Premium6 miesięcy · SPOTICAR RIA WARSZAWAWARSZAWA · Sprawdź ofertę!,https://www.spoticar.pl/znajdz-uzywany-samochod/peugeot-partner-16-bluehdi-outdoor-warszawa-1200220205,https://s3.eu-central-1.amazonaws.com/uvpictures-eu-central-1/368/SP/PL/PEUGEOT-PARTNER-220205_1.JPG,https://s3.eu-central-1.amazonaws.com/uvpictures-eu-central-1/368/SP/PL/PEUGEOT-PARTNER-220205_2.JPG|https://s3.eu-central-1.amazonaws.com/uvpictures-eu-central-1/368/SP/PL/PEUGEOT-PARTNER-220205_3.JPG|https://s3.eu-central-1.amazonaws.com/uvpictures-eu-central-1/368/SP/PL/PEUGEOT-PARTNER-220205_4.JPG,Peugeot,Partner,2018,179143,KM,,Used,31900 PLN,PLN,CASH,31900 PLN,Total,Diesel,Manual,SPOTICAR RIA WARSZAWAWARSZAWA,SPOTICAR RIA WARSZAWA,Gwarancja Spoticar Premium6 miesięcy
SPOT-70944,DS 7 Crossback · 154900 PLN,DS 7 Crossback · Cena: 154900 PLN · Gwarancja Spoticar Premium12 miesięcy · SPOTICAR RIA WARSZAWAWARSZAWA · Sprawdź ofertę!,https://www.spoticar.pl/znajdz-uzywany-samochod/ds-ds-7-crossback-16-e-tense-4x4-opera-aut-warszawa-1200222695,https://s3.eu-central-1.amazonaws.com/uvpictures-eu-central-1/368/SP/PL/DS-DS-7-CROSSBACK-222695_1.JPG,https://s3.eu-central-1.amazonaws.com/uvpictures-eu-central-1/368/SP/PL/DS-DS-7-CROSSBACK-222695_2.JPG|https://s3.eu-central-1.amazonaws.com/uvpictures-eu-central-1/368/SP/PL/DS-DS-7-CROSSBACK-222695_3.JPG|https://s3.eu-central-1.amazonaws.com/uvpictures-eu-central-1/368/SP/PL/DS-DS-7-CROSSBACK-222695_4.JPG,DS,7 Crossback,2024,66402,KM,,Used,154900 PLN,PLN,CASH,154900 PLN,Total,Gasoline,Automatic,SPOTICAR RIA WARSZAWAWARSZAWA,SPOTICAR RIA WARSZAWA,Gwarancja Spoticar Premium12 miesięcy
SPOT-70086,Peugeot 508 · 144900 PLN,Peugeot 508 · Cena: 144900 PLN · Gwarancja Spoticar Premium6 miesięcy · SPOTICAR RIA GRUDZIĄDZGRUDZIADZ · Sprawdź ofertę!,https://www.spoticar.pl/znajdz-uzywany-samochod/peugeot-508-16-puretech-hybrid4-sport-engineered-eat8-grudziadz-1200221824,https://s3.eu-central-1.amazonaws.com/uvpictures-eu-central-1/368/SP/PL/PEUGEOT-508-221824_1.JPG,https://s3.eu-central-1.amazonaws.com/uvpictures-eu-central-1/368/SP/PL/PEUGEOT-508-221824_2.JPG|https://s3.eu-central-1.amazonaws.com/uvpictures-eu-central-1/368/SP/PL/PEUGEOT-508-221824_3.JPG|https://s3.eu-central-1.amazonaws.com/uvpictures-eu-central-1/368/SP/PL/PEUGEOT-508-221824_4.JPG,Peugeot,508,2021,41387,KM,,Used,144900 PLN,PLN,CASH,144900 PLN,Total,Gasoline,Automatic,SPOTICAR RIA GRUDZIĄDZGRUDZIADZ,SPOTICAR RIA GRUDZIĄDZ,Gwarancja Spoticar Premium6 miesięcy
SPOT-70165,Citroën Berlingo · 86900 PLN,Citroën Berlingo · Cena: 86900 PLN · Gwarancja Spoticar Premium12 miesięcy · SPOTICAR RIA WARSZAWAWARSZAWA · Sprawdź ofertę!,https://www.spoticar.pl/znajdz-uzywany-samochod/citroen-berlingo-m-15-bluehdi-feel-ss-aut-n1-warszawa-1200221919,https://s3.eu-central-1.amazonaws.com/uvpictures-eu-central-1/368/SP/PL/CITROEN-BERLINGO-221919_1.JPG,https://s3.eu-central-1.amazonaws.com/uvpictures-eu-central-1/368/SP/PL/CITROEN-BERLINGO-221919_2.JPG|https://s3.eu-central-1.amazonaws.com/uvpictures-eu-central-1/368/SP/PL/CITROEN-BERLINGO-221919_3.JPG|https://s3.eu-central-1.amazonaws.com/uvpictures-eu-central-1/368/SP/PL/CITROEN-BERLINGO-221919_4.JPG,Citroën,Berlingo,2023,52732,KM,,Used,86900 PLN,PLN,CASH,86900 PLN,Total,Diesel,Automatic,SPOTICAR RIA WARSZAWAWARSZAWA,SPOTICAR RIA WARSZAWA,Gwarancja Spoticar Premium12 miesięcy
SPOT-69289,Citroën C5 Aircross · 65900 PLN,Citroën C5 Aircross · Cena: 65900 PLN · Gwarancja Spoticar Premium6 miesięcy · Spoticar Auto Centrum Golemo Kraków · Sprawdź ofertę!,https://www.spoticar.pl/znajdz-uzywany-samochod/citroen-c5-aircross-15-bluehdi-feel-eat8-krakow-1200221066,https://s3.eu-central-1.amazonaws.com/uvpictures-eu-central-1/368/SP/PL/CITROEN-C5-AIRCROSS-221066_1.JPG,https://s3.eu-central-1.amazonaws.com/uvpictures-eu-central-1/368/SP/PL/CITROEN-C5-AIRCROSS-221066_2.JPG|https://s3.eu-central-1.amazonaws.com/uvpictures-eu-central-1/368/SP/PL/CITROEN-C5-AIRCROSS-221066_3.JPG|https://s3.eu-central-1.amazonaws.com/uvpictures-eu-central-1/368/SP/PL/CITROEN-C5-AIRCROSS-221066_4.JPG,Citroën,C5 Aircross,2021,155633,KM,,Used,65900 PLN,PLN,CASH,65900 PLN,Total,Diesel,Automatic,Spoticar Auto Centrum Golemo Kraków,Spoticar Auto Centrum Golemo KrakówSpoticar Auto Centrum Golemo Kraków,Gwarancja Spoticar Premium6 miesięcy
SPOT-70520,Fiat 500 · 56990 PLN,Fiat 500 · Cena: 56990 PLN · Gwarancja Spoticar Premium12 miesięcy · SPOTICAR DEJON I DĄBROWSKI LEGNICA · Sprawdź ofertę!,https://www.spoticar.pl/znajdz-uzywany-samochod/fiat-500-e-500-238kwh-red-seria-specjalna-legnica-1200222273,https://s3.eu-central-1.amazonaws.com/uvpictures-eu-central-1/368/SP/PL/FIAT-500-E-222273_1.JPG,https://s3.eu-central-1.amazonaws.com/uvpictures-eu-central-1/368/SP/PL/FIAT-500-E-222273_2.JPG|https://s3.eu-central-1.amazonaws.com/uvpictures-eu-central-1/368/SP/PL/FIAT-500-E-222273_3.JPG|https://s3.eu-central-1.amazonaws.com/uvpictures-eu-central-1/368/SP/PL/FIAT-500-E-222273_4.JPG,Fiat,500,2024,30067,KM,,Used,56990 PLN,PLN,CASH,56990 PLN,Total,Electric,Automatic,SPOTICAR DEJON I DĄBROWSKI LEGNICA,SPOTICAR DEJON I DĄBROWSKI LEGNICASPOTICAR DEJON I DĄBROWSKI LEGNICA,Gwarancja Spoticar Premium12 miesięcy
SPOT-71071,Citroën C-Elysee · 22900 PLN,Citroën C-Elysee · Cena: 22900 PLN · Gwarancja Spoticar Premium6 miesięcy · Spoticar Auto Centrum Golemo Kraków · Sprawdź ofertę!,https://www.spoticar.pl/znajdz-uzywany-samochod/citroen-c-elysee-c-elysee-12-puretech-morelife-krakow-1200222813,https://s3.eu-central-1.amazonaws.com/uvpictures-eu-central-1/368/SP/PL/CITROEN-C-ELYSEE-222813_1.JPG,https://s3.eu-central-1.amazonaws.com/uvpictures-eu-central-1/368/SP/PL/CITROEN-C-ELYSEE-222813_2.JPG|https://s3.eu-central-1.amazonaws.com/uvpictures-eu-central-1/368/SP/PL/CITROEN-C-ELYSEE-222813_3.JPG|https://s3.eu-central-1.amazonaws.com/uvpictures-eu-central-1/368/SP/PL/CITROEN-C-ELYSEE-222813_4.JPG,Citroën,C-Elysee,2019,141187,KM,,Used,22900 PLN,PLN,CASH,22900 PLN,Total,Gasoline,Manual,Spoticar Auto Centrum Golemo Kraków,Spoticar Auto Centrum Golemo KrakówSpoticar Auto Centrum Golemo Kraków,Gwarancja Spoticar Premium6 miesięcy
SPOT-71395,Opel Vivaro · 113037 PLN,Opel Vivaro · Cena: 113037 PLN · Gwarancja Spoticar Premium12 miesięcy · SPOTICAR RIA STALOWA WOLAStalowa Wola / Grebów · Sprawdź ofertę!,https://www.spoticar.pl/znajdz-uzywany-samochod/opel-vivaro-20-cdti-long-31t-ss-eat8-stalowa-wola-grebow-1200223147,https://s3.eu-central-1.amazonaws.com/uvpictures-eu-central-1/368/SP/PL/OPEL-VIVARO-223147_1.JPG,https://s3.eu-central-1.amazonaws.com/uvpictures-eu-central-1/368/SP/PL/OPEL-VIVARO-223147_2.JPG|https://s3.eu-central-1.amazonaws.com/uvpictures-eu-central-1/368/SP/PL/OPEL-VIVARO-223147_3.JPG|https://s3.eu-central-1.amazonaws.com/uvpictures-eu-central-1/368/SP/PL/OPEL-VIVARO-223147_4.JPG,Opel,Vivaro,2024,17925,KM,,Used,113037 PLN,PLN,CASH,113037 PLN,Total,Diesel,Automatic,SPOTICAR RIA STALOWA WOLAStalowa Wola / Grebów,SPOTICAR RIA STALOWA WOLA,Gwarancja Spoticar Premium12 miesięcy
SPOT-71211,Peugeot 308 · 61900 PLN,Peugeot 308 · Cena: 61900 PLN · Gwarancja Spoticar Premium12 miesięcy · SPOTICAR RIA STALOWA WOLAStalowa Wola / Grebów · Sprawdź ofertę!,https://www.spoticar.pl/znajdz-uzywany-samochod/peugeot-308-12-puretech-active-pack-ss-stalowa-wola-grebow-1200222929,https://s3.eu-central-1.amazonaws.com/uvpictures-eu-central-1/368/SP/PL/PEUGEOT-308-222929_1.JPG,https://s3.eu-central-1.amazonaws.com/uvpictures-eu-central-1/368/SP/PL/PEUGEOT-308-222929_2.JPG|https://s3.eu-central-1.amazonaws.com/uvpictures-eu-central-1/368/SP/PL/PEUGEOT-308-222929_3.JPG|https://s3.eu-central-1.amazonaws.com/uvpictures-eu-central-1/368/SP/PL/PEUGEOT-308-222929_4.JPG,Peugeot,308,2022,50260,KM,,Used,61900 PLN,PLN,CASH,61900 PLN,Total,Gasoline,Manual,SPOTICAR RIA STALOWA WOLAStalowa Wola / Grebów,SPOTICAR RIA STALOWA WOLA,Gwarancja Spoticar Premium12 miesięcy
SPOT-71522,Citroën C3 · 39900 PLN,Citroën C3 · Cena: 39900 PLN · Gwarancja Spoticar Premium12 miesięcy · Spoticar Auto Centrum Golemo Kraków · Sprawdź ofertę!,https://www.spoticar.pl/znajdz-uzywany-samochod/citroen-c3-12-puretech-you-krakow-1200223253,https://s3.eu-central-1.amazonaws.com/uvpictures-eu-central-1/368/SP/PL/CITROEN-C3-223253_1.JPG,https://s3.eu-central-1.amazonaws.com/uvpictures-eu-central-1/368/SP/PL/CITROEN-C3-223253_2.JPG|https://s3.eu-central-1.amazonaws.com/uvpictures-eu-central-1/368/SP/PL/CITROEN-C3-223253_3.JPG|https://s3.eu-central-1.amazonaws.com/uvpictures-eu-central-1/368/SP/PL/CITROEN-C3-223253_4.JPG,Citroën,C3,2024,92521,KM,,Used,39900 PLN,PLN,CASH,39900 PLN,Total,Gasoline,Manual,Spoticar Auto Centrum Golemo Kraków,Spoticar Auto Centrum Golemo KrakówSpoticar Auto Centrum Golemo Kraków,Gwarancja Spoticar Premium12 miesięcy
SPOT-71556,Citroën C3 · 47900 PLN,Citroën C3 · Cena: 47900 PLN · Gwarancja Spoticar Premium12 miesięcy · Spoticar Auto Centrum Golemo Kraków · Sprawdź ofertę!,https://www.spoticar.pl/znajdz-uzywany-samochod/citroen-c3-12-puretech-shine-eat6-krakow-1200223576,https://s3.eu-central-1.amazonaws.com/uvpictures-eu-central-1/368/SP/PL/CITROEN-C3-223576_1.JPG,https://s3.eu-central-1.amazonaws.com/uvpictures-eu-central-1/368/SP/PL/CITROEN-C3-223576_2.JPG|https://s3.eu-central-1.amazonaws.com/uvpictures-eu-central-1/368/SP/PL/CITROEN-C3-223576_3.JPG|https://s3.eu-central-1.amazonaws.com/uvpictures-eu-central-1/368/SP/PL/CITROEN-C3-223576_4.JPG,Citroën,C3,2021,39122,KM,,Used,47900 PLN,PLN,CASH,47900 PLN,Total,Gasoline,Automatic,Spoticar Auto Centrum Golemo Kraków,Spoticar Auto Centrum Golemo KrakówSpoticar Auto Centrum Golemo Kraków,Gwarancja Spoticar Premium12 miesięcy
SPOT-71544,Fiat 500 · 91900 PLN,Fiat 500 · Cena: 91900 PLN · Gwarancja Spoticar Premium12 miesięcy · SPOTICAR RIA STALOWA WOLAStalowa Wola / Grebów · Sprawdź ofertę!,https://www.spoticar.pl/znajdz-uzywany-samochod/fiat-500-e-500-31-42-kwh-stalowa-wola-grebow-1200223596,https://s3.eu-central-1.amazonaws.com/uvpictures-eu-central-1/368/SP/PL/FIAT-500-E-223596_1.JPG,https://s3.eu-central-1.amazonaws.com/uvpictures-eu-central-1/368/SP/PL/FIAT-500-E-223596_2.JPG|https://s3.eu-central-1.amazonaws.com/uvpictures-eu-central-1/368/SP/PL/FIAT-500-E-223596_3.JPG|https://s3.eu-central-1.amazonaws.com/uvpictures-eu-central-1/368/SP/PL/FIAT-500-E-223596_4.JPG,Fiat,500,2024,30171,KM,,Used,91900 PLN,PLN,CASH,91900 PLN,Total,Electric,Automatic,SPOTICAR RIA STALOWA WOLAStalowa Wola / Grebów,SPOTICAR RIA STALOWA WOLA,Gwarancja Spoticar Premium12 miesięcy
SPOT-71531,Opel Mokka · 89900 PLN,Opel Mokka · Cena: 89900 PLN · Gwarancja Spoticar Premium12 miesięcy · SPOTICAR RIA STALOWA WOLAStalowa Wola / Grebów · Sprawdź ofertę!,https://www.spoticar.pl/znajdz-uzywany-samochod/opel-mokka-12-t-gs-ss-aut-stalowa-wola-grebow-1200223244,https://s3.eu-central-1.amazonaws.com/uvpictures-eu-central-1/368/SP/PL/OPEL-MOKKA-223244_1.JPG,https://s3.eu-central-1.amazonaws.com/uvpictures-eu-central-1/368/SP/PL/OPEL-MOKKA-223244_2.JPG|https://s3.eu-central-1.amazonaws.com/uvpictures-eu-central-1/368/SP/PL/OPEL-MOKKA-223244_3.JPG|https://s3.eu-central-1.amazonaws.com/uvpictures-eu-central-1/368/SP/PL/OPEL-MOKKA-223244_4.JPG,Opel,Mokka,2025,10100,KM,,Used,89900 PLN,PLN,CASH,89900 PLN,Total,Gasoline,Automatic,SPOTICAR RIA STALOWA WOLAStalowa Wola / Grebów,SPOTICAR RIA STALOWA WOLA,Gwarancja Spoticar Premium12 miesięcy
SPOT-71564,Peugeot 408 · 83900 PLN,Peugeot 408 · Cena: 83900 PLN · Gwarancja Spoticar Premium12 miesięcy · Spoticar  Budmat Auto PłockPłock · Sprawdź ofertę!,https://www.spoticar.pl/znajdz-uzywany-samochod/peugeot-408-12-puretech-allure-ss-eat8-plock-1200223567,https://s3.eu-central-1.amazonaws.com/uvpictures-eu-central-1/368/SP/PL/PEUGEOT-408-223567_1.JPG,https://s3.eu-central-1.amazonaws.com/uvpictures-eu-central-1/368/SP/PL/PEUGEOT-408-223567_2.JPG|https://s3.eu-central-1.amazonaws.com/uvpictures-eu-central-1/368/SP/PL/PEUGEOT-408-223567_3.JPG|https://s3.eu-central-1.amazonaws.com/uvpictures-eu-central-1/368/SP/PL/PEUGEOT-408-223567_4.JPG,Peugeot,408,2024,66705,KM,,Used,83900 PLN,PLN,CASH,83900 PLN,Total,Gasoline,Automatic,Spoticar  Budmat Auto PłockPłock,Spoticar  Budmat Auto Płock,Gwarancja Spoticar Premium12 miesięcy
SPOT-71547,Opel Astra · 89800 PLN,Opel Astra · Cena: 89800 PLN · Gwarancja Spoticar Premium12 miesięcy · Spoticar  Budmat Auto PłockPłock · Sprawdź ofertę!,https://www.spoticar.pl/znajdz-uzywany-samochod/opel-astra-vi-12-t-gs-ss-aut-plock-1200223585,https://s3.eu-central-1.amazonaws.com/uvpictures-eu-central-1/368/SP/PL/OPEL-ASTRA-223585_1.JPG,https://s3.eu-central-1.amazonaws.com/uvpictures-eu-central-1/368/SP/PL/OPEL-ASTRA-223585_2.JPG|https://s3.eu-central-1.amazonaws.com/uvpictures-eu-central-1/368/SP/PL/OPEL-ASTRA-223585_3.JPG|https://s3.eu-central-1.amazonaws.com/uvpictures-eu-central-1/368/SP/PL/OPEL-ASTRA-223585_4.JPG,Opel,Astra,2025,29000,KM,,Used,89800 PLN,PLN,CASH,89800 PLN,Total,Gasoline,Automatic,Spoticar  Budmat Auto PłockPłock,Spoticar  Budmat Auto Płock,Gwarancja Spoticar Premium12 miesięcy
SPOT-71536,Citroën C4 · 69900 PLN,Citroën C4 · Cena: 69900 PLN · Gwarancja Spoticar Premium12 miesięcy · SPOTICAR STELLANTIS & YOU WARSZAWA PUŁAWSKA · Sprawdź ofertę!,https://www.spoticar.pl/znajdz-uzywany-samochod/citroen-warszawa-1200223599,https://s3.eu-central-1.amazonaws.com/uvpictures-eu-central-1/368/SP/PL/CITROEN-C4-223599_1.JPG,https://s3.eu-central-1.amazonaws.com/uvpictures-eu-central-1/368/SP/PL/CITROEN-C4-223599_2.JPG|https://s3.eu-central-1.amazonaws.com/uvpictures-eu-central-1/368/SP/PL/CITROEN-C4-223599_3.JPG|https://s3.eu-central-1.amazonaws.com/uvpictures-eu-central-1/368/SP/PL/CITROEN-C4-223599_4.JPG,Citroën,C4,2024,21535,KM,,Used,69900 PLN,PLN,CASH,69900 PLN,Total,Diesel,Automatic,SPOTICAR STELLANTIS & YOU WARSZAWA PUŁAWSKA,SPOTICAR STELLANTIS & YOU WARSZAWA PUŁAWSKASPOTICAR STELLANTIS & YOU WARSZAWA PUŁAWSKA,Gwarancja Spoticar Premium12 miesięcy
SPOT-71593,Peugeot 3008 · 124900 PLN,Peugeot 3008 · Cena: 124900 PLN · Gwarancja Spoticar Premium12 miesięcy · SPOTICAR SZTUKOWSKI OSTRÓW WLKP.Ostrów Wielkopolski · Sprawdź ofertę!,https://www.spoticar.pl/znajdz-uzywany-samochod/peugeot-3008-12-puretech-mhev-gt-e-dcs6-ostrow-wielkopolski-1200223539,https://s3.eu-central-1.amazonaws.com/uvpictures-eu-central-1/368/SP/PL/PEUGEOT-3008-223539_1.JPG,https://s3.eu-central-1.amazonaws.com/uvpictures-eu-central-1/368/SP/PL/PEUGEOT-3008-223539_2.JPG|https://s3.eu-central-1.amazonaws.com/uvpictures-eu-central-1/368/SP/PL/PEUGEOT-3008-223539_3.JPG|https://s3.eu-central-1.amazonaws.com/uvpictures-eu-central-1/368/SP/PL/PEUGEOT-3008-223539_4.JPG,Peugeot,3008,2025,7571,KM,,Used,124900 PLN,PLN,CASH,124900 PLN,Total,Hybrid,Automatic,SPOTICAR SZTUKOWSKI OSTRÓW WLKP.Ostrów Wielkopolski,SPOTICAR SZTUKOWSKI OSTRÓW WLKP.,Gwarancja Spoticar Premium12 miesięcy
SPOT-71594,Citroën C3 · 85900 PLN,Citroën C3 · Cena: 85900 PLN · Gwarancja Spoticar Premium12 miesięcy · Spoticar  Budmat Auto PłockPłock · Sprawdź ofertę!,https://www.spoticar.pl/znajdz-uzywany-samochod/citroen-c3-aircross-12-mhev-plus-ss-edct6-plock-1200223538,https://s3.eu-central-1.amazonaws.com/uvpictures-eu-central-1/368/SP/PL/CITROEN-C3-223538_1.JPG,https://s3.eu-central-1.amazonaws.com/uvpictures-eu-central-1/368/SP/PL/CITROEN-C3-223538_2.JPG|https://s3.eu-central-1.amazonaws.com/uvpictures-eu-central-1/368/SP/PL/CITROEN-C3-223538_3.JPG|https://s3.eu-central-1.amazonaws.com/uvpictures-eu-central-1/368/SP/PL/CITROEN-C3-223538_4.JPG,Citroën,C3,2025,27218,KM,,Used,85900 PLN,PLN,CASH,85900 PLN,Total,Gasoline,Automatic,Spoticar  Budmat Auto PłockPłock,Spoticar  Budmat Auto Płock,Gwarancja Spoticar Premium12 miesięcy
SPOT-71583,Citroën C5 Aircross · 97900 PLN,Citroën C5 Aircross · Cena: 97900 PLN · Gwarancja Spoticar Premium12 miesięcy · SPOTICAR RIA STALOWA WOLAStalowa Wola / Grebów · Sprawdź ofertę!,https://www.spoticar.pl/znajdz-uzywany-samochod/citroen-c5-aircross-15-bluehdi-max-eat8-stalowa-wola-grebow-1200223548,https://s3.eu-central-1.amazonaws.com/uvpictures-eu-central-1/368/SP/PL/CITROEN-C5-AIRCROSS-223548_1.JPG,https://s3.eu-central-1.amazonaws.com/uvpictures-eu-central-1/368/SP/PL/CITROEN-C5-AIRCROSS-223548_2.JPG|https://s3.eu-central-1.amazonaws.com/uvpictures-eu-central-1/368/SP/PL/CITROEN-C5-AIRCROSS-223548_3.JPG|https://s3.eu-central-1.amazonaws.com/uvpictures-eu-central-1/368/SP/PL/CITROEN-C5-AIRCROSS-223548_4.JPG,Citroën,C5 Aircross,2024,37749,KM,,Used,97900 PLN,PLN,CASH,97900 PLN,Total,Diesel,Automatic,SPOTICAR RIA STALOWA WOLAStalowa Wola / Grebów,SPOTICAR RIA STALOWA WOLA,Gwarancja Spoticar Premium12 miesięcy
SPOT-71605,Peugeot 308 · 79900 PLN,Peugeot 308 · Cena: 79900 PLN · Gwarancja Spoticar Premium12 miesięcy · Spoticar Marimex Kraków-LibertówKraków-Libertów · Sprawdź ofertę!,https://www.spoticar.pl/znajdz-uzywany-samochod/peugeot-308-12-puretech-allure-ss-eat8-krakow-libertow-1200223528,https://s3.eu-central-1.amazonaws.com/uvpictures-eu-central-1/368/SP/PL/PEUGEOT-308-223528_1.JPG,https://s3.eu-central-1.amazonaws.com/uvpictures-eu-central-1/368/SP/PL/PEUGEOT-308-223528_2.JPG|https://s3.eu-central-1.amazonaws.com/uvpictures-eu-central-1/368/SP/PL/PEUGEOT-308-223528_3.JPG|https://s3.eu-central-1.amazonaws.com/uvpictures-eu-central-1/368/SP/PL/PEUGEOT-308-223528_4.JPG,Peugeot,308,2024,29000,KM,,Used,79900 PLN,PLN,CASH,79900 PLN,Total,Gasoline,Automatic,Spoticar Marimex Kraków-LibertówKraków-Libertów,Spoticar Marimex Kraków-Libertów,Gwarancja Spoticar Premium12 miesięcy
SPOT-71586,Citroën C3 Aircross · 57900 PLN,Citroën C3 Aircross · Cena: 57900 PLN · Gwarancja Spoticar Premium12 miesięcy · SPOTICAR RIA STALOWA WOLAStalowa Wola / Grebów · Sprawdź ofertę!,https://www.spoticar.pl/znajdz-uzywany-samochod/citroen-c3-aircross-12-puretech-shine-ss-eat6-stalowa-wola-grebow-1200223546,https://s3.eu-central-1.amazonaws.com/uvpictures-eu-central-1/368/SP/PL/CITROEN-C3-AIRCROSS-223546_1.JPG,https://s3.eu-central-1.amazonaws.com/uvpictures-eu-central-1/368/SP/PL/CITROEN-C3-AIRCROSS-223546_2.JPG|https://s3.eu-central-1.amazonaws.com/uvpictures-eu-central-1/368/SP/PL/CITROEN-C3-AIRCROSS-223546_3.JPG|https://s3.eu-central-1.amazonaws.com/uvpictures-eu-central-1/368/SP/PL/CITROEN-C3-AIRCROSS-223546_4.JPG,Citroën,C3 Aircross,2021,69313,KM,,Used,57900 PLN,PLN,CASH,57900 PLN,Total,Gasoline,Automatic,SPOTICAR RIA STALOWA WOLAStalowa Wola / Grebów,SPOTICAR RIA STALOWA WOLA,Gwarancja Spoticar Premium12 miesięcy
SPOT-71579,Peugeot 3008 · 69900 PLN,Peugeot 3008 · Cena: 69900 PLN · Gwarancja Spoticar Premium12 miesięcy · Spoticar  Budmat Auto PłockPłock · Sprawdź ofertę!,https://www.spoticar.pl/znajdz-uzywany-samochod/peugeot-3008-12-puretech-road-trip-ss-eat8-plock-1200223553,https://s3.eu-central-1.amazonaws.com/uvpictures-eu-central-1/368/SP/PL/PEUGEOT-3008-223553_1.JPG,https://s3.eu-central-1.amazonaws.com/uvpictures-eu-central-1/368/SP/PL/PEUGEOT-3008-223553_2.JPG|https://s3.eu-central-1.amazonaws.com/uvpictures-eu-central-1/368/SP/PL/PEUGEOT-3008-223553_3.JPG|https://s3.eu-central-1.amazonaws.com/uvpictures-eu-central-1/368/SP/PL/PEUGEOT-3008-223553_4.JPG,Peugeot,3008,2022,54000,KM,,Used,69900 PLN,PLN,CASH,69900 PLN,Total,Gasoline,Automatic,Spoticar  Budmat Auto PłockPłock,Spoticar  Budmat Auto Płock,Gwarancja Spoticar Premium12 miesięcy
SPOT-71580,Peugeot 308 · 86900 PLN,Peugeot 308 · Cena: 86900 PLN · Gwarancja Spoticar Premium12 miesięcy · Spoticar  Budmat Auto PłockPłock · Sprawdź ofertę!,https://www.spoticar.pl/znajdz-uzywany-samochod/peugeot-308-12-puretech-allure-ss-eat8-plock-1200223552,https://s3.eu-central-1.amazonaws.com/uvpictures-eu-central-1/368/SP/PL/PEUGEOT-308-223552_1.JPG,https://s3.eu-central-1.amazonaws.com/uvpictures-eu-central-1/368/SP/PL/PEUGEOT-308-223552_2.JPG|https://s3.eu-central-1.amazonaws.com/uvpictures-eu-central-1/368/SP/PL/PEUGEOT-308-223552_3.JPG|https://s3.eu-central-1.amazonaws.com/uvpictures-eu-central-1/368/SP/PL/PEUGEOT-308-223552_4.JPG,Peugeot,308,2024,27000,KM,,Used,86900 PLN,PLN,CASH,86900 PLN,Total,Gasoline,Automatic,Spoticar  Budmat Auto PłockPłock,Spoticar  Budmat Auto Płock,Gwarancja Spoticar Premium12 miesięcy
SPOT-71573,Peugeot 5008 · 139900 PLN,Peugeot 5008 · Cena: 139900 PLN · Gwarancja Spoticar Premium12 miesięcy · Spoticar  Budmat Auto PłockPłock · Sprawdź ofertę!,https://www.spoticar.pl/znajdz-uzywany-samochod/peugeot-5008-12-puretech-mhev-gt-ss-e-dcs6-plock-1200223559,https://s3.eu-central-1.amazonaws.com/uvpictures-eu-central-1/368/SP/PL/PEUGEOT-5008-223559_1.JPG,https://s3.eu-central-1.amazonaws.com/uvpictures-eu-central-1/368/SP/PL/PEUGEOT-5008-223559_2.JPG|https://s3.eu-central-1.amazonaws.com/uvpictures-eu-central-1/368/SP/PL/PEUGEOT-5008-223559_3.JPG|https://s3.eu-central-1.amazonaws.com/uvpictures-eu-central-1/368/SP/PL/PEUGEOT-5008-223559_4.JPG,Peugeot,5008,2025,11165,KM,,Used,139900 PLN,PLN,CASH,139900 PLN,Total,Gasoline,Automatic,Spoticar  Budmat Auto PłockPłock,Spoticar  Budmat Auto Płock,Gwarancja Spoticar Premium12 miesięcy
SPOT-71595,Peugeot 5008 · 57900 PLN,Peugeot 5008 · Cena: 57900 PLN · Gwarancja Spoticar Premium6 miesięcy · Spoticar  Budmat Auto PłockPłock · Sprawdź ofertę!,https://www.spoticar.pl/znajdz-uzywany-samochod/peugeot-5008-15-bluehdi-allure-ss-plock-1200223537,https://s3.eu-central-1.amazonaws.com/uvpictures-eu-central-1/368/SP/PL/PEUGEOT-5008-223537_1.JPG,https://s3.eu-central-1.amazonaws.com/uvpictures-eu-central-1/368/SP/PL/PEUGEOT-5008-223537_2.JPG|https://s3.eu-central-1.amazonaws.com/uvpictures-eu-central-1/368/SP/PL/PEUGEOT-5008-223537_3.JPG|https://s3.eu-central-1.amazonaws.com/uvpictures-eu-central-1/368/SP/PL/PEUGEOT-5008-223537_4.JPG,Peugeot,5008,2018,170000,KM,,Used,57900 PLN,PLN,CASH,57900 PLN,Total,Diesel,Manual,Spoticar  Budmat Auto PłockPłock,Spoticar  Budmat Auto Płock,Gwarancja Spoticar Premium6 miesięcy
SPOT-71571,Opel Astra · 54900 PLN,Opel Astra · Cena: 54900 PLN · Gwarancja Spoticar Premium12 miesięcy · Spoticar  Budmat Auto PłockPłock · Sprawdź ofertę!,https://www.spoticar.pl/znajdz-uzywany-samochod/opel-astra-vi-12-t-edition-ss-plock-1200223561,https://s3.eu-central-1.amazonaws.com/uvpictures-eu-central-1/368/SP/PL/OPEL-ASTRA-223561_1.JPG,https://s3.eu-central-1.amazonaws.com/uvpictures-eu-central-1/368/SP/PL/OPEL-ASTRA-223561_2.JPG|https://s3.eu-central-1.amazonaws.com/uvpictures-eu-central-1/368/SP/PL/OPEL-ASTRA-223561_3.JPG|https://s3.eu-central-1.amazonaws.com/uvpictures-eu-central-1/368/SP/PL/OPEL-ASTRA-223561_4.JPG,Opel,Astra,2024,87705,KM,,Used,54900 PLN,PLN,CASH,54900 PLN,Total,Gasoline,Manual,Spoticar  Budmat Auto PłockPłock,Spoticar  Budmat Auto Płock,Gwarancja Spoticar Premium12 miesięcy
SPOT-71569,Opel Astra · 60515 PLN,Opel Astra · Cena: 60515 PLN · Gwarancja Spoticar Premium12 miesięcy · Spoticar  Budmat Auto PłockPłock · Sprawdź ofertę!,https://www.spoticar.pl/znajdz-uzywany-samochod/opel-astra-vi-12-t-edition-ss-plock-1200223562,https://s3.eu-central-1.amazonaws.com/uvpictures-eu-central-1/368/SP/PL/OPEL-ASTRA-223562_1.JPG,https://s3.eu-central-1.amazonaws.com/uvpictures-eu-central-1/368/SP/PL/OPEL-ASTRA-223562_2.JPG|https://s3.eu-central-1.amazonaws.com/uvpictures-eu-central-1/368/SP/PL/OPEL-ASTRA-223562_3.JPG|https://s3.eu-central-1.amazonaws.com/uvpictures-eu-central-1/368/SP/PL/OPEL-ASTRA-223562_4.JPG,Opel,Astra,2024,57900,KM,,Used,60515 PLN,PLN,CASH,60515 PLN,Total,Gasoline,Manual,Spoticar  Budmat Auto PłockPłock,Spoticar  Budmat Auto Płock,Gwarancja Spoticar Premium12 miesięcy
SPOT-71636,Peugeot 3008 · 124900 PLN,Peugeot 3008 · Cena: 124900 PLN · Gwarancja Spoticar Premium12 miesięcy · SPOTICAR SZTUKOWSKI OSTRÓW WLKP.Ostrów Wielkopolski · Sprawdź ofertę!,https://www.spoticar.pl/znajdz-uzywany-samochod/peugeot-3008-12-puretech-mhev-gt-e-dcs6-ostrow-wielkopolski-1200223497,https://s3.eu-central-1.amazonaws.com/uvpictures-eu-central-1/368/SP/PL/PEUGEOT-3008-223497_1.JPG,https://s3.eu-central-1.amazonaws.com/uvpictures-eu-central-1/368/SP/PL/PEUGEOT-3008-223497_2.JPG|https://s3.eu-central-1.amazonaws.com/uvpictures-eu-central-1/368/SP/PL/PEUGEOT-3008-223497_3.JPG|https://s3.eu-central-1.amazonaws.com/uvpictures-eu-central-1/368/SP/PL/PEUGEOT-3008-223497_4.JPG,Peugeot,3008,2025,14879,KM,,Used,124900 PLN,PLN,CASH,124900 PLN,Total,Hybrid,Automatic,SPOTICAR SZTUKOWSKI OSTRÓW WLKP.Ostrów Wielkopolski,SPOTICAR SZTUKOWSKI OSTRÓW WLKP.,Gwarancja Spoticar Premium12 miesięcy
SPOT-71629,Peugeot 508 · 74900 PLN,Peugeot 508 · Cena: 74900 PLN · Gwarancja Spoticar Premium6 miesięcy · SPOTICAR RIA STALOWA WOLAStalowa Wola / Grebów · Sprawdź ofertę!,https://www.spoticar.pl/znajdz-uzywany-samochod/peugeot-508-16-puretech-allure-ss-eat8-stalowa-wola-grebow-1200223503,https://s3.eu-central-1.amazonaws.com/uvpictures-eu-central-1/368/SP/PL/PEUGEOT-508-223503_1.JPG,https://s3.eu-central-1.amazonaws.com/uvpictures-eu-central-1/368/SP/PL/PEUGEOT-508-223503_2.JPG|https://s3.eu-central-1.amazonaws.com/uvpictures-eu-central-1/368/SP/PL/PEUGEOT-508-223503_3.JPG|https://s3.eu-central-1.amazonaws.com/uvpictures-eu-central-1/368/SP/PL/PEUGEOT-508-223503_4.JPG,Peugeot,508,2021,104606,KM,,Used,74900 PLN,PLN,CASH,74900 PLN,Total,Gasoline,Automatic,SPOTICAR RIA STALOWA WOLAStalowa Wola / Grebów,SPOTICAR RIA STALOWA WOLA,Gwarancja Spoticar Premium6 miesięcy
SPOT-71606,Citroën C5 Aircross · 86900 PLN,Citroën C5 Aircross · Cena: 86900 PLN · Gwarancja Spoticar Premium12 miesięcy · SPOTICAR RIA STALOWA WOLAStalowa Wola / Grebów · Sprawdź ofertę!,https://www.spoticar.pl/znajdz-uzywany-samochod/citroen-c5-aircross-12-mhev-max-edct6-stalowa-wola-grebow-1200223526,https://s3.eu-central-1.amazonaws.com/uvpictures-eu-central-1/368/SP/PL/CITROEN-C5-AIRCROSS-223526_1.JPG,https://s3.eu-central-1.amazonaws.com/uvpictures-eu-central-1/368/SP/PL/CITROEN-C5-AIRCROSS-223526_2.JPG|https://s3.eu-central-1.amazonaws.com/uvpictures-eu-central-1/368/SP/PL/CITROEN-C5-AIRCROSS-223526_3.JPG|https://s3.eu-central-1.amazonaws.com/uvpictures-eu-central-1/368/SP/PL/CITROEN-C5-AIRCROSS-223526_4.JPG,Citroën,C5 Aircross,2024,20090,KM,,Used,86900 PLN,PLN,CASH,86900 PLN,Total,Gasoline,Automatic,SPOTICAR RIA STALOWA WOLAStalowa Wola / Grebów,SPOTICAR RIA STALOWA WOLA,Gwarancja Spoticar Premium12 miesięcy
SPOT-71628,Peugeot 208 · 34900 PLN,Peugeot 208 · Cena: 34900 PLN · Gwarancja Spoticar Premium6 miesięcy · SPOTICAR RIA STALOWA WOLAStalowa Wola / Grebów · Sprawdź ofertę!,https://www.spoticar.pl/znajdz-uzywany-samochod/peugeot-208-12-puretech-active-pack-ss-stalowa-wola-grebow-1200223504,https://s3.eu-central-1.amazonaws.com/uvpictures-eu-central-1/368/SP/PL/PEUGEOT-208-223504_1.JPG,https://s3.eu-central-1.amazonaws.com/uvpictures-eu-central-1/368/SP/PL/PEUGEOT-208-223504_2.JPG|https://s3.eu-central-1.amazonaws.com/uvpictures-eu-central-1/368/SP/PL/PEUGEOT-208-223504_3.JPG|https://s3.eu-central-1.amazonaws.com/uvpictures-eu-central-1/368/SP/PL/PEUGEOT-208-223504_4.JPG,Peugeot,208,2022,143921,KM,,Used,34900 PLN,PLN,CASH,34900 PLN,Total,Gasoline,Manual,SPOTICAR RIA STALOWA WOLAStalowa Wola / Grebów,SPOTICAR RIA STALOWA WOLA,Gwarancja Spoticar Premium6 miesięcy
SPOT-71609,Opel Corsa · 74900 PLN,Opel Corsa · Cena: 74900 PLN · Gwarancja Spoticar Premium12 miesięcy · SPOTICAR RIA STALOWA WOLAStalowa Wola / Grebów · Sprawdź ofertę!,https://www.spoticar.pl/znajdz-uzywany-samochod/opel-corsa-e-elegance-stalowa-wola-grebow-1200223522,https://s3.eu-central-1.amazonaws.com/uvpictures-eu-central-1/368/SP/PL/OPEL-CORSA-223522_1.JPG,https://s3.eu-central-1.amazonaws.com/uvpictures-eu-central-1/368/SP/PL/OPEL-CORSA-223522_2.JPG|https://s3.eu-central-1.amazonaws.com/uvpictures-eu-central-1/368/SP/PL/OPEL-CORSA-223522_3.JPG|https://s3.eu-central-1.amazonaws.com/uvpictures-eu-central-1/368/SP/PL/OPEL-CORSA-223522_4.JPG,Opel,Corsa,2024,42577,KM,,Used,74900 PLN,PLN,CASH,74900 PLN,Total,Electric,Automatic,SPOTICAR RIA STALOWA WOLAStalowa Wola / Grebów,SPOTICAR RIA STALOWA WOLA,Gwarancja Spoticar Premium12 miesięcy
SPOT-71661,Peugeot 3008 · 118900 PLN,Peugeot 3008 · Cena: 118900 PLN · Gwarancja Spoticar Premium12 miesięcy · Spoticar  Budmat Auto PłockPłock · Sprawdź ofertę!,https://www.spoticar.pl/znajdz-uzywany-samochod/peugeot-3008-12-puretech-mhev-gt-exclusive-e-dcs6-plock-1200223469,https://s3.eu-central-1.amazonaws.com/uvpictures-eu-central-1/368/SP/PL/PEUGEOT-3008-223469_1.JPG,https://s3.eu-central-1.amazonaws.com/uvpictures-eu-central-1/368/SP/PL/PEUGEOT-3008-223469_2.JPG|https://s3.eu-central-1.amazonaws.com/uvpictures-eu-central-1/368/SP/PL/PEUGEOT-3008-223469_3.JPG|https://s3.eu-central-1.amazonaws.com/uvpictures-eu-central-1/368/SP/PL/PEUGEOT-3008-223469_4.JPG,Peugeot,3008,2026,17000,KM,,Used,118900 PLN,PLN,CASH,118900 PLN,Total,Gasoline,Automatic,Spoticar  Budmat Auto PłockPłock,Spoticar  Budmat Auto Płock,Gwarancja Spoticar Premium12 miesięcy
SPOT-71662,Peugeot 5008 · 179900 PLN,Peugeot 5008 · Cena: 179900 PLN · Gwarancja Spoticar Premium12 miesięcy · SPOTICAR DEJON I DĄBROWSKI LEGNICA · Sprawdź ofertę!,https://www.spoticar.pl/znajdz-uzywany-samochod/peugeot-legnica-1200223471,https://s3.eu-central-1.amazonaws.com/uvpictures-eu-central-1/368/SP/PL/PEUGEOT-5008-223471_1.JPG,https://s3.eu-central-1.amazonaws.com/uvpictures-eu-central-1/368/SP/PL/PEUGEOT-5008-223471_2.JPG|https://s3.eu-central-1.amazonaws.com/uvpictures-eu-central-1/368/SP/PL/PEUGEOT-5008-223471_3.JPG|https://s3.eu-central-1.amazonaws.com/uvpictures-eu-central-1/368/SP/PL/PEUGEOT-5008-223471_4.JPG,Peugeot,5008,2026,3645,KM,,Used,179900 PLN,PLN,CASH,179900 PLN,Total,Gasoline,Automatic,SPOTICAR DEJON I DĄBROWSKI LEGNICA,SPOTICAR DEJON I DĄBROWSKI LEGNICASPOTICAR DEJON I DĄBROWSKI LEGNICA,Gwarancja Spoticar Premium12 miesięcy
SPOT-71617,Peugeot 2008 · 79900 PLN,Peugeot 2008 · Cena: 79900 PLN · Gwarancja Spoticar Premium12 miesięcy · Spoticar Auto Centrum Golemo Kraków · Sprawdź ofertę!,https://www.spoticar.pl/znajdz-uzywany-samochod/peugeot-krakow-1200223512,https://s3.eu-central-1.amazonaws.com/uvpictures-eu-central-1/368/SP/PL/PEUGEOT-2008-223512_1.JPG,https://s3.eu-central-1.amazonaws.com/uvpictures-eu-central-1/368/SP/PL/PEUGEOT-2008-223512_2.JPG|https://s3.eu-central-1.amazonaws.com/uvpictures-eu-central-1/368/SP/PL/PEUGEOT-2008-223512_3.JPG|https://s3.eu-central-1.amazonaws.com/uvpictures-eu-central-1/368/SP/PL/PEUGEOT-2008-223512_4.JPG,Peugeot,2008,2024,32774,KM,,Used,79900 PLN,PLN,CASH,79900 PLN,Total,Gasoline,Automatic,Spoticar Auto Centrum Golemo Kraków,Spoticar Auto Centrum Golemo KrakówSpoticar Auto Centrum Golemo Kraków,Gwarancja Spoticar Premium12 miesięcy
SPOT-71657,Opel Corsa · 78900 PLN,Opel Corsa · Cena: 78900 PLN · Gwarancja Spoticar Premium12 miesięcy · Spoticar  Budmat Auto PłockPłock · Sprawdź ofertę!,https://www.spoticar.pl/znajdz-uzywany-samochod/opel-corsa-e-51kwh-gs-plock-1200223474,https://s3.eu-central-1.amazonaws.com/uvpictures-eu-central-1/368/SP/PL/OPEL-CORSA-223474_1.JPG,https://s3.eu-central-1.amazonaws.com/uvpictures-eu-central-1/368/SP/PL/OPEL-CORSA-223474_2.JPG|https://s3.eu-central-1.amazonaws.com/uvpictures-eu-central-1/368/SP/PL/OPEL-CORSA-223474_3.JPG|https://s3.eu-central-1.amazonaws.com/uvpictures-eu-central-1/368/SP/PL/OPEL-CORSA-223474_4.JPG,Opel,Corsa,2024,30150,KM,,Used,78900 PLN,PLN,CASH,78900 PLN,Total,Electric,Automatic,Spoticar  Budmat Auto PłockPłock,Spoticar  Budmat Auto Płock,Gwarancja Spoticar Premium12 miesięcy
SPOT-71639,Peugeot 208 · 86900 PLN,Peugeot 208 · Cena: 86900 PLN · Gwarancja Spoticar Premium12 miesięcy · SPOTICAR STELLANTIS & YOU WARSZAWA PUŁAWSKA · Sprawdź ofertę!,https://www.spoticar.pl/znajdz-uzywany-samochod/peugeot-warszawa-1200223494,https://s3.eu-central-1.amazonaws.com/uvpictures-eu-central-1/368/SP/PL/PEUGEOT-208-223494_1.JPG,https://s3.eu-central-1.amazonaws.com/uvpictures-eu-central-1/368/SP/PL/PEUGEOT-208-223494_2.JPG|https://s3.eu-central-1.amazonaws.com/uvpictures-eu-central-1/368/SP/PL/PEUGEOT-208-223494_3.JPG|https://s3.eu-central-1.amazonaws.com/uvpictures-eu-central-1/368/SP/PL/PEUGEOT-208-223494_4.JPG,Peugeot,208,2025,18023,KM,,Used,86900 PLN,PLN,CASH,86900 PLN,Total,Gasoline,Automatic,SPOTICAR STELLANTIS & YOU WARSZAWA PUŁAWSKA,SPOTICAR STELLANTIS & YOU WARSZAWA PUŁAWSKASPOTICAR STELLANTIS & YOU WARSZAWA PUŁAWSKA,Gwarancja Spoticar Premium12 miesięcy
SPOT-71688,Fiat 500 · 85990 PLN,Fiat 500 · Cena: 85990 PLN · Gwarancja Spoticar Premium12 miesięcy · SPOTICAR DEJON I DĄBROWSKI LEGNICA · Sprawdź ofertę!,https://www.spoticar.pl/znajdz-uzywany-samochod/fiat-legnica-1200223442,https://s3.eu-central-1.amazonaws.com/uvpictures-eu-central-1/368/SP/PL/FIAT-500-E-223442_1.JPG,https://s3.eu-central-1.amazonaws.com/uvpictures-eu-central-1/368/SP/PL/FIAT-500-E-223442_2.JPG|https://s3.eu-central-1.amazonaws.com/uvpictures-eu-central-1/368/SP/PL/FIAT-500-E-223442_3.JPG|https://s3.eu-central-1.amazonaws.com/uvpictures-eu-central-1/368/SP/PL/FIAT-500-E-223442_4.JPG,Fiat,500,2024,30290,KM,,Used,85990 PLN,PLN,CASH,85990 PLN,Total,Electric,Automatic,SPOTICAR DEJON I DĄBROWSKI LEGNICA,SPOTICAR DEJON I DĄBROWSKI LEGNICASPOTICAR DEJON I DĄBROWSKI LEGNICA,Gwarancja Spoticar Premium12 miesięcy
SPOT-71689,Hyundai Tucson · 94000 PLN,Hyundai Tucson · Cena: 94000 PLN · Gwarancja Spoticar Premium6 miesięcy · Spoticar Auto Centrum Golemo Kraków · Sprawdź ofertę!,https://www.spoticar.pl/znajdz-uzywany-samochod/hyundai-tucson-16-t-gdi-48v-smart-2wd-dct-krakow-1200223441,https://s3.eu-central-1.amazonaws.com/uvpictures-eu-central-1/368/SP/PL/HYUNDAI-TUCSON-223441_1.JPG,https://s3.eu-central-1.amazonaws.com/uvpictures-eu-central-1/368/SP/PL/HYUNDAI-TUCSON-223441_2.JPG|https://s3.eu-central-1.amazonaws.com/uvpictures-eu-central-1/368/SP/PL/HYUNDAI-TUCSON-223441_3.JPG|https://s3.eu-central-1.amazonaws.com/uvpictures-eu-central-1/368/SP/PL/HYUNDAI-TUCSON-223441_4.JPG,Hyundai,Tucson,2023,102559,KM,,Used,94000 PLN,PLN,CASH,94000 PLN,Total,Gasoline,Automatic,Spoticar Auto Centrum Golemo Kraków,Spoticar Auto Centrum Golemo KrakówSpoticar Auto Centrum Golemo Kraków,Gwarancja Spoticar Premium6 miesięcy
SPOT-71735,Opel Astra · 94990 PLN,Opel Astra · Cena: 94990 PLN · Gwarancja Spoticar Premium12 miesięcy · Spoticar GEZET SzczecinSzczecin · Sprawdź ofertę!,https://www.spoticar.pl/znajdz-uzywany-samochod/opel-astra-vi-12-t-edition-ss-szczecin-1200223394,https://s3.eu-central-1.amazonaws.com/uvpictures-eu-central-1/368/SP/PL/OPEL-ASTRA-223394_1.JPG,https://s3.eu-central-1.amazonaws.com/uvpictures-eu-central-1/368/SP/PL/OPEL-ASTRA-223394_2.JPG|https://s3.eu-central-1.amazonaws.com/uvpictures-eu-central-1/368/SP/PL/OPEL-ASTRA-223394_3.JPG|https://s3.eu-central-1.amazonaws.com/uvpictures-eu-central-1/368/SP/PL/OPEL-ASTRA-223394_4.JPG,Opel,Astra,2024,6,KM,,Used,94990 PLN,PLN,CASH,94990 PLN,Total,Gasoline,Automatic,Spoticar GEZET SzczecinSzczecin,Spoticar GEZET Szczecin,Gwarancja Spoticar Premium12 miesięcy
SPOT-71736,Citroën Berlingo · 119900 PLN,Citroën Berlingo · Cena: 119900 PLN · Gwarancja Spoticar Premium12 miesięcy · SPOTICAR STELLANTIS & YOU WARSZAWA RADZYMIŃSKA · Sprawdź ofertę!,https://www.spoticar.pl/znajdz-uzywany-samochod/citroen-berlingo-m-15-bluehdi-max-ss-eat8-warszawa-1200223395,https://s3.eu-central-1.amazonaws.com/uvpictures-eu-central-1/368/SP/PL/CITROEN-BERLINGO-223395_1.JPG,https://s3.eu-central-1.amazonaws.com/uvpictures-eu-central-1/368/SP/PL/CITROEN-BERLINGO-223395_2.JPG|https://s3.eu-central-1.amazonaws.com/uvpictures-eu-central-1/368/SP/PL/CITROEN-BERLINGO-223395_3.JPG|https://s3.eu-central-1.amazonaws.com/uvpictures-eu-central-1/368/SP/PL/CITROEN-BERLINGO-223395_4.JPG,Citroën,Berlingo,2024,25000,KM,,Used,119900 PLN,PLN,CASH,119900 PLN,Total,Diesel,Automatic,SPOTICAR STELLANTIS & YOU WARSZAWA RADZYMIŃSKA,SPOTICAR STELLANTIS & YOU WARSZAWA RADZYMIŃSKASPOTICAR STELLANTIS & YOU WARSZAWA RADZYMIŃSKA,Gwarancja Spoticar Premium12 miesięcy
SPOT-71754,Opel Grandland · 135990 PLN,Opel Grandland · Cena: 135990 PLN · Gwarancja Spoticar Premium12 miesięcy · Spoticar GEZET SzczecinSzczecin · Sprawdź ofertę!,https://www.spoticar.pl/znajdz-uzywany-samochod/opel-grandland-12-mhev-gs-edtc6-szczecin-1200223375,https://s3.eu-central-1.amazonaws.com/uvpictures-eu-central-1/368/SP/PL/OPEL-GRANDLAND-223375_1.JPG,https://s3.eu-central-1.amazonaws.com/uvpictures-eu-central-1/368/SP/PL/OPEL-GRANDLAND-223375_2.JPG|https://s3.eu-central-1.amazonaws.com/uvpictures-eu-central-1/368/SP/PL/OPEL-GRANDLAND-223375_3.JPG|https://s3.eu-central-1.amazonaws.com/uvpictures-eu-central-1/368/SP/PL/OPEL-GRANDLAND-223375_4.JPG,Opel,Grandland,2024,3000,KM,,Used,135990 PLN,PLN,CASH,135990 PLN,Total,Gasoline,Automatic,Spoticar GEZET SzczecinSzczecin,Spoticar GEZET Szczecin,Gwarancja Spoticar Premium12 miesięcy
SPOT-71755,Opel Crossland · 81990 PLN,Opel Crossland · Cena: 81990 PLN · Gwarancja Spoticar Premium12 miesięcy · Spoticar GEZET SzczecinSzczecin · Sprawdź ofertę!,https://www.spoticar.pl/znajdz-uzywany-samochod/opel-crossland-12-t-elegance-szczecin-1200223374,https://s3.eu-central-1.amazonaws.com/uvpictures-eu-central-1/368/SP/PL/OPEL-CROSSLAND-223374_1.JPG,https://s3.eu-central-1.amazonaws.com/uvpictures-eu-central-1/368/SP/PL/OPEL-CROSSLAND-223374_2.JPG|https://s3.eu-central-1.amazonaws.com/uvpictures-eu-central-1/368/SP/PL/OPEL-CROSSLAND-223374_3.JPG|https://s3.eu-central-1.amazonaws.com/uvpictures-eu-central-1/368/SP/PL/OPEL-CROSSLAND-223374_4.JPG,Opel,Crossland,2022,24464,KM,,Used,81990 PLN,PLN,CASH,81990 PLN,Total,Gasoline,Manual,Spoticar GEZET SzczecinSzczecin,Spoticar GEZET Szczecin,Gwarancja Spoticar Premium12 miesięcy
SPOT-71704,Peugeot 208 · 62900 PLN,Peugeot 208 · Cena: 62900 PLN · Gwarancja Spoticar Premium6 miesięcy · SPOTICAR STELLANTIS & YOU WARSZAWA RADZYMIŃSKA · Sprawdź ofertę!,https://www.spoticar.pl/znajdz-uzywany-samochod/peugeot-208-12-puretech-gt-pack-ss-eat8-warszawa-1200223430,https://s3.eu-central-1.amazonaws.com/uvpictures-eu-central-1/368/SP/PL/PEUGEOT-208-223430_1.JPG,https://s3.eu-central-1.amazonaws.com/uvpictures-eu-central-1/368/SP/PL/PEUGEOT-208-223430_2.JPG|https://s3.eu-central-1.amazonaws.com/uvpictures-eu-central-1/368/SP/PL/PEUGEOT-208-223430_3.JPG|https://s3.eu-central-1.amazonaws.com/uvpictures-eu-central-1/368/SP/PL/PEUGEOT-208-223430_4.JPG,Peugeot,208,2021,48847,KM,,Used,62900 PLN,PLN,CASH,62900 PLN,Total,Gasoline,Automatic,SPOTICAR STELLANTIS & YOU WARSZAWA RADZYMIŃSKA,SPOTICAR STELLANTIS & YOU WARSZAWA RADZYMIŃSKASPOTICAR STELLANTIS & YOU WARSZAWA RADZYMIŃSKA,Gwarancja Spoticar Premium6 miesięcy
SPOT-71692,Peugeot 3008 · 79900 PLN,Peugeot 3008 · Cena: 79900 PLN · Gwarancja Spoticar Premium12 miesięcy · Spoticar Auto Centrum Golemo Kraków · Sprawdź ofertę!,https://www.spoticar.pl/znajdz-uzywany-samochod/peugeot-3008-12-puretech-allure-pack-ss-eat8-krakow-1200223439,https://s3.eu-central-1.amazonaws.com/uvpictures-eu-central-1/368/SP/PL/PEUGEOT-3008-223439_1.JPG,https://s3.eu-central-1.amazonaws.com/uvpictures-eu-central-1/368/SP/PL/PEUGEOT-3008-223439_2.JPG|https://s3.eu-central-1.amazonaws.com/uvpictures-eu-central-1/368/SP/PL/PEUGEOT-3008-223439_3.JPG|https://s3.eu-central-1.amazonaws.com/uvpictures-eu-central-1/368/SP/PL/PEUGEOT-3008-223439_4.JPG,Peugeot,3008,2023,76867,KM,,Used,79900 PLN,PLN,CASH,79900 PLN,Total,Gasoline,Automatic,Spoticar Auto Centrum Golemo Kraków,Spoticar Auto Centrum Golemo KrakówSpoticar Auto Centrum Golemo Kraków,Gwarancja Spoticar Premium12 miesięcy
SPOT-71745,Opel Mokka · 101990 PLN,Opel Mokka · Cena: 101990 PLN · Gwarancja Spoticar Premium12 miesięcy · Spoticar GEZET SzczecinSzczecin · Sprawdź ofertę!,https://www.spoticar.pl/znajdz-uzywany-samochod/opel-mokka-12-t-edition-ss-aut-szczecin-1200223386,https://s3.eu-central-1.amazonaws.com/uvpictures-eu-central-1/368/SP/PL/OPEL-MOKKA-223386_1.JPG,https://s3.eu-central-1.amazonaws.com/uvpictures-eu-central-1/368/SP/PL/OPEL-MOKKA-223386_2.JPG|https://s3.eu-central-1.amazonaws.com/uvpictures-eu-central-1/368/SP/PL/OPEL-MOKKA-223386_3.JPG|https://s3.eu-central-1.amazonaws.com/uvpictures-eu-central-1/368/SP/PL/OPEL-MOKKA-223386_4.JPG,Opel,Mokka,2024,16396,KM,,Used,101990 PLN,PLN,CASH,101990 PLN,Total,Gasoline,Automatic,Spoticar GEZET SzczecinSzczecin,Spoticar GEZET Szczecin,Gwarancja Spoticar Premium12 miesięcy
SPOT-71669,Opel Crossland · 39900 PLN,Opel Crossland · Cena: 39900 PLN · Gwarancja Spoticar Premium6 miesięcy · Spoticar MOTOR CENTRUM GdańskGdańsk · Sprawdź ofertę!,https://www.spoticar.pl/znajdz-uzywany-samochod/opel-crossland-x-12-t-gpf-enjoy-ss-gdansk-1200223462,https://s3.eu-central-1.amazonaws.com/uvpictures-eu-central-1/368/SP/PL/OPEL-CROSSLAND-X-223462_1.JPG,https://s3.eu-central-1.amazonaws.com/uvpictures-eu-central-1/368/SP/PL/OPEL-CROSSLAND-X-223462_2.JPG|https://s3.eu-central-1.amazonaws.com/uvpictures-eu-central-1/368/SP/PL/OPEL-CROSSLAND-X-223462_3.JPG|https://s3.eu-central-1.amazonaws.com/uvpictures-eu-central-1/368/SP/PL/OPEL-CROSSLAND-X-223462_4.JPG,Opel,Crossland,2019,39817,KM,,Used,39900 PLN,PLN,CASH,39900 PLN,Total,Gasoline,Manual,Spoticar MOTOR CENTRUM GdańskGdańsk,Spoticar MOTOR CENTRUM Gdańsk,Gwarancja Spoticar Premium6 miesięcy
SPOT-71749,Opel Grandland · 99990 PLN,Opel Grandland · Cena: 99990 PLN · Gwarancja Spoticar Premium12 miesięcy · Spoticar GEZET SzczecinSzczecin · Sprawdź ofertę!,https://www.spoticar.pl/znajdz-uzywany-samochod/opel-grandland-12-t-business-edition-ss-szczecin-1200223382,https://s3.eu-central-1.amazonaws.com/uvpictures-eu-central-1/368/SP/PL/OPEL-GRANDLAND-223382_1.JPG,https://s3.eu-central-1.amazonaws.com/uvpictures-eu-central-1/368/SP/PL/OPEL-GRANDLAND-223382_2.JPG|https://s3.eu-central-1.amazonaws.com/uvpictures-eu-central-1/368/SP/PL/OPEL-GRANDLAND-223382_3.JPG|https://s3.eu-central-1.amazonaws.com/uvpictures-eu-central-1/368/SP/PL/OPEL-GRANDLAND-223382_4.JPG,Opel,Grandland,2022,8946,KM,,Used,99990 PLN,PLN,CASH,99990 PLN,Total,Gasoline,Manual,Spoticar GEZET SzczecinSzczecin,Spoticar GEZET Szczecin,Gwarancja Spoticar Premium12 miesięcy
SPOT-71739,Opel Movano · 134058 PLN,Opel Movano · Cena: 134058 PLN · Gwarancja Spoticar Premium12 miesięcy · Spoticar GEZET SzczecinSzczecin · Sprawdź ofertę!,https://www.spoticar.pl/znajdz-uzywany-samochod/opel-movano-cdti-l3h2-szczecin-1200223392,https://s3.eu-central-1.amazonaws.com/uvpictures-eu-central-1/368/SP/PL/OPEL-MOVANO-223392_1.JPG,https://s3.eu-central-1.amazonaws.com/uvpictures-eu-central-1/368/SP/PL/OPEL-MOVANO-223392_2.JPG|https://s3.eu-central-1.amazonaws.com/uvpictures-eu-central-1/368/SP/PL/OPEL-MOVANO-223392_3.JPG|https://s3.eu-central-1.amazonaws.com/uvpictures-eu-central-1/368/SP/PL/OPEL-MOVANO-223392_4.JPG,Opel,Movano,2025,5,KM,,Used,134058 PLN,PLN,CASH,134058 PLN,Total,Diesel,Manual,Spoticar GEZET SzczecinSzczecin,Spoticar GEZET Szczecin,Gwarancja Spoticar Premium12 miesięcy
SPOT-71783,Opel Crossland · 101290 PLN,Opel Crossland · Cena: 101290 PLN · Gwarancja Spoticar Premium12 miesięcy · Spoticar GEZET SzczecinSzczecin · Sprawdź ofertę!,https://www.spoticar.pl/znajdz-uzywany-samochod/opel-crossland-12-t-elegance-szczecin-1200223272,https://s3.eu-central-1.amazonaws.com/uvpictures-eu-central-1/368/SP/PL/OPEL-CROSSLAND-223272_1.JPG,https://s3.eu-central-1.amazonaws.com/uvpictures-eu-central-1/368/SP/PL/OPEL-CROSSLAND-223272_2.JPG|https://s3.eu-central-1.amazonaws.com/uvpictures-eu-central-1/368/SP/PL/OPEL-CROSSLAND-223272_3.JPG|https://s3.eu-central-1.amazonaws.com/uvpictures-eu-central-1/368/SP/PL/OPEL-CROSSLAND-223272_4.JPG,Opel,Crossland,2022,8900,KM,,Used,101290 PLN,PLN,CASH,101290 PLN,Total,Gasoline,Manual,Spoticar GEZET SzczecinSzczecin,Spoticar GEZET Szczecin,Gwarancja Spoticar Premium12 miesięcy
SPOT-71773,Opel Mokka · 81990 PLN,Opel Mokka · Cena: 81990 PLN · Gwarancja Spoticar Premium12 miesięcy · Spoticar GEZET SzczecinSzczecin · Sprawdź ofertę!,https://www.spoticar.pl/znajdz-uzywany-samochod/opel-mokka-12-t-edition-ss-szczecin-1200223358,https://s3.eu-central-1.amazonaws.com/uvpictures-eu-central-1/368/SP/PL/OPEL-MOKKA-223358_1.JPG,https://s3.eu-central-1.amazonaws.com/uvpictures-eu-central-1/368/SP/PL/OPEL-MOKKA-223358_2.JPG|https://s3.eu-central-1.amazonaws.com/uvpictures-eu-central-1/368/SP/PL/OPEL-MOKKA-223358_3.JPG|https://s3.eu-central-1.amazonaws.com/uvpictures-eu-central-1/368/SP/PL/OPEL-MOKKA-223358_4.JPG,Opel,Mokka,2022,25060,KM,,Used,81990 PLN,PLN,CASH,81990 PLN,Total,Gasoline,Manual,Spoticar GEZET SzczecinSzczecin,Spoticar GEZET Szczecin,Gwarancja Spoticar Premium12 miesięcy
SPOT-71799,Opel Corsa · 97990 PLN,Opel Corsa · Cena: 97990 PLN · Gwarancja Spoticar Premium12 miesięcy · Spoticar GEZET SzczecinSzczecin · Sprawdź ofertę!,https://www.spoticar.pl/znajdz-uzywany-samochod/opel-corsa-12-t-mhev-gs-edct-szczecin-1200223345,https://s3.eu-central-1.amazonaws.com/uvpictures-eu-central-1/368/SP/PL/OPEL-CORSA-223345_1.JPG,https://s3.eu-central-1.amazonaws.com/uvpictures-eu-central-1/368/SP/PL/OPEL-CORSA-223345_2.JPG|https://s3.eu-central-1.amazonaws.com/uvpictures-eu-central-1/368/SP/PL/OPEL-CORSA-223345_3.JPG|https://s3.eu-central-1.amazonaws.com/uvpictures-eu-central-1/368/SP/PL/OPEL-CORSA-223345_4.JPG,Opel,Corsa,2024,3000,KM,,Used,97990 PLN,PLN,CASH,97990 PLN,Total,Gasoline,Automatic,Spoticar GEZET SzczecinSzczecin,Spoticar GEZET Szczecin,Gwarancja Spoticar Premium12 miesięcy
SPOT-71779,Opel Astra · 104990 PLN,Opel Astra · Cena: 104990 PLN · Gwarancja Spoticar Premium12 miesięcy · Spoticar GEZET SzczecinSzczecin · Sprawdź ofertę!,https://www.spoticar.pl/znajdz-uzywany-samochod/opel-astra-vi-12-t-gs-ss-szczecin-1200223353,https://s3.eu-central-1.amazonaws.com/uvpictures-eu-central-1/368/SP/PL/OPEL-ASTRA-223353_1.JPG,https://s3.eu-central-1.amazonaws.com/uvpictures-eu-central-1/368/SP/PL/OPEL-ASTRA-223353_2.JPG|https://s3.eu-central-1.amazonaws.com/uvpictures-eu-central-1/368/SP/PL/OPEL-ASTRA-223353_3.JPG|https://s3.eu-central-1.amazonaws.com/uvpictures-eu-central-1/368/SP/PL/OPEL-ASTRA-223353_4.JPG,Opel,Astra,2024,21309,KM,,Used,104990 PLN,PLN,CASH,104990 PLN,Total,Gasoline,Manual,Spoticar GEZET SzczecinSzczecin,Spoticar GEZET Szczecin,Gwarancja Spoticar Premium12 miesięcy
SPOT-71760,Fiat Ducato · 150048 PLN,Fiat Ducato · Cena: 150048 PLN · Gwarancja Spoticar Premium12 miesięcy · Spoticar GEZET SzczecinSzczecin · Sprawdź ofertę!,https://www.spoticar.pl/znajdz-uzywany-samochod/fiat-ducato-maxi-mj-l3h2-szczecin-1200223371,https://s3.eu-central-1.amazonaws.com/uvpictures-eu-central-1/368/SP/PL/FIAT-DUCATO-223371_1.JPG,https://s3.eu-central-1.amazonaws.com/uvpictures-eu-central-1/368/SP/PL/FIAT-DUCATO-223371_2.JPG|https://s3.eu-central-1.amazonaws.com/uvpictures-eu-central-1/368/SP/PL/FIAT-DUCATO-223371_3.JPG|https://s3.eu-central-1.amazonaws.com/uvpictures-eu-central-1/368/SP/PL/FIAT-DUCATO-223371_4.JPG,Fiat,Ducato,2025,6,KM,,Used,150048 PLN,PLN,CASH,150048 PLN,Total,Diesel,Manual,Spoticar GEZET SzczecinSzczecin,Spoticar GEZET Szczecin,Gwarancja Spoticar Premium12 miesięcy
SPOT-71763,Fiat Ducato · 150048 PLN,Fiat Ducato · Cena: 150048 PLN · Gwarancja Spoticar Premium12 miesięcy · Spoticar GEZET SzczecinSzczecin · Sprawdź ofertę!,https://www.spoticar.pl/znajdz-uzywany-samochod/fiat-ducato-maxi-mj-l3h2-szczecin-1200223367,https://s3.eu-central-1.amazonaws.com/uvpictures-eu-central-1/368/SP/PL/FIAT-DUCATO-223367_1.JPG,https://s3.eu-central-1.amazonaws.com/uvpictures-eu-central-1/368/SP/PL/FIAT-DUCATO-223367_2.JPG|https://s3.eu-central-1.amazonaws.com/uvpictures-eu-central-1/368/SP/PL/FIAT-DUCATO-223367_3.JPG|https://s3.eu-central-1.amazonaws.com/uvpictures-eu-central-1/368/SP/PL/FIAT-DUCATO-223367_4.JPG,Fiat,Ducato,2025,6,KM,,Used,150048 PLN,PLN,CASH,150048 PLN,Total,Diesel,Manual,Spoticar GEZET SzczecinSzczecin,Spoticar GEZET Szczecin,Gwarancja Spoticar Premium12 miesięcy
SPOT-71756,Opel Corsa · 107990 PLN,Opel Corsa · Cena: 107990 PLN · Gwarancja Spoticar Premium12 miesięcy · Spoticar GEZET SzczecinSzczecin · Sprawdź ofertę!,https://www.spoticar.pl/znajdz-uzywany-samochod/opel-corsa-12-gs-ss-aut-szczecin-1200223373,https://s3.eu-central-1.amazonaws.com/uvpictures-eu-central-1/368/SP/PL/OPEL-CORSA-223373_1.JPG,https://s3.eu-central-1.amazonaws.com/uvpictures-eu-central-1/368/SP/PL/OPEL-CORSA-223373_2.JPG|https://s3.eu-central-1.amazonaws.com/uvpictures-eu-central-1/368/SP/PL/OPEL-CORSA-223373_3.JPG|https://s3.eu-central-1.amazonaws.com/uvpictures-eu-central-1/368/SP/PL/OPEL-CORSA-223373_4.JPG,Opel,Corsa,2025,6,KM,,Used,107990 PLN,PLN,CASH,107990 PLN,Total,Gasoline,Automatic,Spoticar GEZET SzczecinSzczecin,Spoticar GEZET Szczecin,Gwarancja Spoticar Premium12 miesięcy
SPOT-71838,Opel Movano · 161118 PLN,Opel Movano · Cena: 161118 PLN · Gwarancja Spoticar Premium12 miesięcy · Spoticar GEZET SzczecinSzczecin · Sprawdź ofertę!,https://www.spoticar.pl/znajdz-uzywany-samochod/opel-movano-cdti-l3h2-szczecin-1200223305,https://s3.eu-central-1.amazonaws.com/uvpictures-eu-central-1/368/SP/PL/OPEL-MOVANO-223305_1.JPG,https://s3.eu-central-1.amazonaws.com/uvpictures-eu-central-1/368/SP/PL/OPEL-MOVANO-223305_2.JPG|https://s3.eu-central-1.amazonaws.com/uvpictures-eu-central-1/368/SP/PL/OPEL-MOVANO-223305_3.JPG|https://s3.eu-central-1.amazonaws.com/uvpictures-eu-central-1/368/SP/PL/OPEL-MOVANO-223305_4.JPG,Opel,Movano,2022,1000,KM,,Used,161118 PLN,PLN,CASH,161118 PLN,Total,Diesel,Manual,Spoticar GEZET SzczecinSzczecin,Spoticar GEZET Szczecin,Gwarancja Spoticar Premium12 miesięcy
SPOT-71839,Opel Mokka · 103990 PLN,Opel Mokka · Cena: 103990 PLN · Gwarancja Spoticar Premium12 miesięcy · Spoticar GEZET SzczecinSzczecin · Sprawdź ofertę!,https://www.spoticar.pl/znajdz-uzywany-samochod/opel-mokka-12-t-edition-ss-aut-szczecin-1200223304,https://s3.eu-central-1.amazonaws.com/uvpictures-eu-central-1/368/SP/PL/OPEL-MOKKA-223304_1.JPG,https://s3.eu-central-1.amazonaws.com/uvpictures-eu-central-1/368/SP/PL/OPEL-MOKKA-223304_2.JPG|https://s3.eu-central-1.amazonaws.com/uvpictures-eu-central-1/368/SP/PL/OPEL-MOKKA-223304_3.JPG|https://s3.eu-central-1.amazonaws.com/uvpictures-eu-central-1/368/SP/PL/OPEL-MOKKA-223304_4.JPG,Opel,Mokka,2023,5,KM,,Used,103990 PLN,PLN,CASH,103990 PLN,Total,Gasoline,Automatic,Spoticar GEZET SzczecinSzczecin,Spoticar GEZET Szczecin,Gwarancja Spoticar Premium12 miesięcy
SPOT-71837,Opel Mokka · 102990 PLN,Opel Mokka · Cena: 102990 PLN · Gwarancja Spoticar Premium12 miesięcy · Spoticar GEZET SzczecinSzczecin · Sprawdź ofertę!,https://www.spoticar.pl/znajdz-uzywany-samochod/opel-mokka-12-t-gs-ss-szczecin-1200223308,https://s3.eu-central-1.amazonaws.com/uvpictures-eu-central-1/368/SP/PL/OPEL-MOKKA-223308_1.JPG,https://s3.eu-central-1.amazonaws.com/uvpictures-eu-central-1/368/SP/PL/OPEL-MOKKA-223308_2.JPG|https://s3.eu-central-1.amazonaws.com/uvpictures-eu-central-1/368/SP/PL/OPEL-MOKKA-223308_3.JPG|https://s3.eu-central-1.amazonaws.com/uvpictures-eu-central-1/368/SP/PL/OPEL-MOKKA-223308_4.JPG,Opel,Mokka,2024,2000,KM,,Used,102990 PLN,PLN,CASH,102990 PLN,Total,Gasoline,Manual,Spoticar GEZET SzczecinSzczecin,Spoticar GEZET Szczecin,Gwarancja Spoticar Premium12 miesięcy
SPOT-71835,Opel Combo · 69990 PLN,Opel Combo · Cena: 69990 PLN · Gwarancja Spoticar Premium6 miesięcy · Spoticar GEZET SzczecinSzczecin · Sprawdź ofertę!,https://www.spoticar.pl/znajdz-uzywany-samochod/opel-combo-cargo-12-turbo-ss-19t-enjoy-szczecin-1200223309,https://s3.eu-central-1.amazonaws.com/uvpictures-eu-central-1/368/SP/PL/OPEL-COMBO-223309_1.JPG,https://s3.eu-central-1.amazonaws.com/uvpictures-eu-central-1/368/SP/PL/OPEL-COMBO-223309_2.JPG|https://s3.eu-central-1.amazonaws.com/uvpictures-eu-central-1/368/SP/PL/OPEL-COMBO-223309_3.JPG|https://s3.eu-central-1.amazonaws.com/uvpictures-eu-central-1/368/SP/PL/OPEL-COMBO-223309_4.JPG,Opel,Combo,2019,105538,KM,,Used,69990 PLN,PLN,CASH,69990 PLN,Total,Gasoline,Manual,Spoticar GEZET SzczecinSzczecin,Spoticar GEZET Szczecin,Gwarancja Spoticar Premium6 miesięcy
SPOT-71830,Fiat Tipo · 124990 PLN,Fiat Tipo · Cena: 124990 PLN · Gwarancja Spoticar Premium12 miesięcy · Spoticar GEZET SzczecinSzczecin · Sprawdź ofertę!,https://www.spoticar.pl/znajdz-uzywany-samochod/fiat-tipo-15-hybrid-dct-szczecin-1200223316,https://s3.eu-central-1.amazonaws.com/uvpictures-eu-central-1/368/SP/PL/FIAT-TIPO-223316_1.JPG,https://s3.eu-central-1.amazonaws.com/uvpictures-eu-central-1/368/SP/PL/FIAT-TIPO-223316_2.JPG|https://s3.eu-central-1.amazonaws.com/uvpictures-eu-central-1/368/SP/PL/FIAT-TIPO-223316_3.JPG|https://s3.eu-central-1.amazonaws.com/uvpictures-eu-central-1/368/SP/PL/FIAT-TIPO-223316_4.JPG,Fiat,Tipo,2024,6,KM,,Used,124990 PLN,PLN,CASH,124990 PLN,Total,Gasoline,Automatic,Spoticar GEZET SzczecinSzczecin,Spoticar GEZET Szczecin,Gwarancja Spoticar Premium12 miesięcy
SPOT-71826,Fiat Tipo · 126990 PLN,Fiat Tipo · Cena: 126990 PLN · Gwarancja Spoticar Premium12 miesięcy · Spoticar GEZET SzczecinSzczecin · Sprawdź ofertę!,https://www.spoticar.pl/znajdz-uzywany-samochod/fiat-tipo-15-hybrid-dct-szczecin-1200223318,https://s3.eu-central-1.amazonaws.com/uvpictures-eu-central-1/368/SP/PL/FIAT-TIPO-223318_1.JPG,https://s3.eu-central-1.amazonaws.com/uvpictures-eu-central-1/368/SP/PL/FIAT-TIPO-223318_2.JPG|https://s3.eu-central-1.amazonaws.com/uvpictures-eu-central-1/368/SP/PL/FIAT-TIPO-223318_3.JPG|https://s3.eu-central-1.amazonaws.com/uvpictures-eu-central-1/368/SP/PL/FIAT-TIPO-223318_4.JPG,Fiat,Tipo,2023,6,KM,,Used,126990 PLN,PLN,CASH,126990 PLN,Total,Gasoline,Automatic,Spoticar GEZET SzczecinSzczecin,Spoticar GEZET Szczecin,Gwarancja Spoticar Premium12 miesięcy
SPOT-71805,Fiat 600 · 169990 PLN,Fiat 600 · Cena: 169990 PLN · Gwarancja Spoticar Premium12 miesięcy · Spoticar GEZET SzczecinSzczecin · Sprawdź ofertę!,https://www.spoticar.pl/znajdz-uzywany-samochod/fiat-600-e-56kwh-red-szczecin-1200223339,https://s3.eu-central-1.amazonaws.com/uvpictures-eu-central-1/368/SP/PL/FIAT-600-223339_1.JPG,https://s3.eu-central-1.amazonaws.com/uvpictures-eu-central-1/368/SP/PL/FIAT-600-223339_2.JPG|https://s3.eu-central-1.amazonaws.com/uvpictures-eu-central-1/368/SP/PL/FIAT-600-223339_3.JPG|https://s3.eu-central-1.amazonaws.com/uvpictures-eu-central-1/368/SP/PL/FIAT-600-223339_4.JPG,Fiat,600,2024,1000,KM,,Used,169990 PLN,PLN,CASH,169990 PLN,Total,Electric,Automatic,Spoticar GEZET SzczecinSzczecin,Spoticar GEZET Szczecin,Gwarancja Spoticar Premium12 miesięcy
SPOT-71817,Fiat 600 · 169990 PLN,Fiat 600 · Cena: 169990 PLN · Gwarancja Spoticar Premium12 miesięcy · Spoticar GEZET SzczecinSzczecin · Sprawdź ofertę!,https://www.spoticar.pl/znajdz-uzywany-samochod/fiat-600-e-56kwh-red-szczecin-1200223327,https://s3.eu-central-1.amazonaws.com/uvpictures-eu-central-1/368/SP/PL/FIAT-600-223327_1.JPG,https://s3.eu-central-1.amazonaws.com/uvpictures-eu-central-1/368/SP/PL/FIAT-600-223327_2.JPG|https://s3.eu-central-1.amazonaws.com/uvpictures-eu-central-1/368/SP/PL/FIAT-600-223327_3.JPG|https://s3.eu-central-1.amazonaws.com/uvpictures-eu-central-1/368/SP/PL/FIAT-600-223327_4.JPG,Fiat,600,2024,1000,KM,,Used,169990 PLN,PLN,CASH,169990 PLN,Total,Electric,Automatic,Spoticar GEZET SzczecinSzczecin,Spoticar GEZET Szczecin,Gwarancja Spoticar Premium12 miesięcy
SPOT-71815,Fiat 500 · 172990 PLN,Fiat 500 · Cena: 172990 PLN · Gwarancja Spoticar Premium12 miesięcy · Spoticar GEZET SzczecinSzczecin · Sprawdź ofertę!,https://www.spoticar.pl/znajdz-uzywany-samochod/fiat-500-la-prima-szczecin-1200223329,https://s3.eu-central-1.amazonaws.com/uvpictures-eu-central-1/368/SP/PL/FIAT-500-223329_1.JPG,https://s3.eu-central-1.amazonaws.com/uvpictures-eu-central-1/368/SP/PL/FIAT-500-223329_2.JPG|https://s3.eu-central-1.amazonaws.com/uvpictures-eu-central-1/368/SP/PL/FIAT-500-223329_3.JPG|https://s3.eu-central-1.amazonaws.com/uvpictures-eu-central-1/368/SP/PL/FIAT-500-223329_4.JPG,Fiat,500,2024,6,KM,,Used,172990 PLN,PLN,CASH,172990 PLN,Total,Electric,Automatic,Spoticar GEZET SzczecinSzczecin,Spoticar GEZET Szczecin,Gwarancja Spoticar Premium12 miesięcy
SPOT-71820,Fiat 500 · 149990 PLN,Fiat 500 · Cena: 149990 PLN · Gwarancja Spoticar Premium12 miesięcy · Spoticar GEZET SzczecinSzczecin · Sprawdź ofertę!,https://www.spoticar.pl/znajdz-uzywany-samochod/fiat-500-la-prima-szczecin-1200223326,https://s3.eu-central-1.amazonaws.com/uvpictures-eu-central-1/368/SP/PL/FIAT-500-223326_1.JPG,https://s3.eu-central-1.amazonaws.com/uvpictures-eu-central-1/368/SP/PL/FIAT-500-223326_2.JPG|https://s3.eu-central-1.amazonaws.com/uvpictures-eu-central-1/368/SP/PL/FIAT-500-223326_3.JPG|https://s3.eu-central-1.amazonaws.com/uvpictures-eu-central-1/368/SP/PL/FIAT-500-223326_4.JPG,Fiat,500,2023,3000,KM,,Used,149990 PLN,PLN,CASH,149990 PLN,Total,Electric,Automatic,Spoticar GEZET SzczecinSzczecin,Spoticar GEZET Szczecin,Gwarancja Spoticar Premium12 miesięcy
SPOT-71858,Opel Grandland · 139990 PLN,Opel Grandland · Cena: 139990 PLN · Gwarancja Spoticar Premium12 miesięcy · Spoticar GEZET SzczecinSzczecin · Sprawdź ofertę!,https://www.spoticar.pl/znajdz-uzywany-samochod/opel-grandland-12-t-business-elegance-ss-aut-szczecin-1200223286,https://s3.eu-central-1.amazonaws.com/uvpictures-eu-central-1/368/SP/PL/OPEL-GRANDLAND-223286_1.JPG,https://s3.eu-central-1.amazonaws.com/uvpictures-eu-central-1/368/SP/PL/OPEL-GRANDLAND-223286_2.JPG|https://s3.eu-central-1.amazonaws.com/uvpictures-eu-central-1/368/SP/PL/OPEL-GRANDLAND-223286_3.JPG|https://s3.eu-central-1.amazonaws.com/uvpictures-eu-central-1/368/SP/PL/OPEL-GRANDLAND-223286_4.JPG,Opel,Grandland,2023,9000,KM,,Used,139990 PLN,PLN,CASH,139990 PLN,Total,Gasoline,Automatic,Spoticar GEZET SzczecinSzczecin,Spoticar GEZET Szczecin,Gwarancja Spoticar Premium12 miesięcy
SPOT-71826,Fiat Tipo · 126990 PLN,Fiat Tipo · Cena: 126990 PLN · Gwarancja Spoticar Premium12 miesięcy · Spoticar GEZET SzczecinSzczecin · Sprawdź ofertę!,https://www.spoticar.pl/znajdz-uzywany-samochod/fiat-tipo-15-hybrid-dct-szczecin-1200223318,https://s3.eu-central-1.amazonaws.com/uvpictures-eu-central-1/368/SP/PL/FIAT-TIPO-223318_1.JPG,https://s3.eu-central-1.amazonaws.com/uvpictures-eu-central-1/368/SP/PL/FIAT-TIPO-223318_2.JPG|https://s3.eu-central-1.amazonaws.com/uvpictures-eu-central-1/368/SP/PL/FIAT-TIPO-223318_3.JPG|https://s3.eu-central-1.amazonaws.com/uvpictures-eu-central-1/368/SP/PL/FIAT-TIPO-223318_4.JPG,Fiat,Tipo,2023,6,KM,,Used,126990 PLN,PLN,CASH,126990 PLN,Total,Gasoline,Automatic,Spoticar GEZET SzczecinSzczecin,Spoticar GEZET Szczecin,Gwarancja Spoticar Premium12 miesięcy
SPOT-71817,Fiat 600 · 169990 PLN,Fiat 600 · Cena: 169990 PLN · Gwarancja Spoticar Premium12 miesięcy · Spoticar GEZET SzczecinSzczecin · Sprawdź ofertę!,https://www.spoticar.pl/znajdz-uzywany-samochod/fiat-600-e-56kwh-red-szczecin-1200223327,https://s3.eu-central-1.amazonaws.com/uvpictures-eu-central-1/368/SP/PL/FIAT-600-223327_1.JPG,https://s3.eu-central-1.amazonaws.com/uvpictures-eu-central-1/368/SP/PL/FIAT-600-223327_2.JPG|https://s3.eu-central-1.amazonaws.com/uvpictures-eu-central-1/368/SP/PL/FIAT-600-223327_3.JPG|https://s3.eu-central-1.amazonaws.com/uvpictures-eu-central-1/368/SP/PL/FIAT-600-223327_4.JPG,Fiat,600,2024,1000,KM,,Used,169990 PLN,PLN,CASH,169990 PLN,Total,Electric,Automatic,Spoticar GEZET SzczecinSzczecin,Spoticar GEZET Szczecin,Gwarancja Spoticar Premium12 miesięcy
SPOT-71820,Fiat 500 · 149990 PLN,Fiat 500 · Cena: 149990 PLN · Gwarancja Spoticar Premium12 miesięcy · Spoticar GEZET SzczecinSzczecin · Sprawdź ofertę!,https://www.spoticar.pl/znajdz-uzywany-samochod/fiat-500-la-prima-szczecin-1200223326,https://s3.eu-central-1.amazonaws.com/uvpictures-eu-central-1/368/SP/PL/FIAT-500-223326_1.JPG,https://s3.eu-central-1.amazonaws.com/uvpictures-eu-central-1/368/SP/PL/FIAT-500-223326_2.JPG|https://s3.eu-central-1.amazonaws.com/uvpictures-eu-central-1/368/SP/PL/FIAT-500-223326_3.JPG|https://s3.eu-central-1.amazonaws.com/uvpictures-eu-central-1/368/SP/PL/FIAT-500-223326_4.JPG,Fiat,500,2023,3000,KM,,Used,149990 PLN,PLN,CASH,149990 PLN,Total,Electric,Automatic,Spoticar GEZET SzczecinSzczecin,Spoticar GEZET Szczecin,Gwarancja Spoticar Premium12 miesięcy
SPOT-71858,Opel Grandland · 139990 PLN,Opel Grandland · Cena: 139990 PLN · Gwarancja Spoticar Premium12 miesięcy · Spoticar GEZET SzczecinSzczecin · Sprawdź ofertę!,https://www.spoticar.pl/znajdz-uzywany-samochod/opel-grandland-12-t-business-elegance-ss-aut-szczecin-1200223286,https://s3.eu-central-1.amazonaws.com/uvpictures-eu-central-1/368/SP/PL/OPEL-GRANDLAND-223286_1.JPG,https://s3.eu-central-1.amazonaws.com/uvpictures-eu-central-1/368/SP/PL/OPEL-GRANDLAND-223286_2.JPG|https://s3.eu-central-1.amazonaws.com/uvpictures-eu-central-1/368/SP/PL/OPEL-GRANDLAND-223286_3.JPG|https://s3.eu-central-1.amazonaws.com/uvpictures-eu-central-1/368/SP/PL/OPEL-GRANDLAND-223286_4.JPG,Opel,Grandland,2023,9000,KM,,Used,139990 PLN,PLN,CASH,139990 PLN,Total,Gasoline,Automatic,Spoticar GEZET SzczecinSzczecin,Spoticar GEZET Szczecin,Gwarancja Spoticar Premium12 miesięcy
SPOT-71861,Opel Astra · 149990 PLN,Opel Astra · Cena: 149990 PLN · Gwarancja Spoticar Premium12 miesięcy · Spoticar GEZET SzczecinSzczecin · Sprawdź ofertę!,https://www.spoticar.pl/znajdz-uzywany-samochod/opel-astra-vi-16-t-plug-hybrid-gs-line-szczecin-1200223282,https://s3.eu-central-1.amazonaws.com/uvpictures-eu-central-1/368/SP/PL/OPEL-ASTRA-223282_1.JPG,https://s3.eu-central-1.amazonaws.com/uvpictures-eu-central-1/368/SP/PL/OPEL-ASTRA-223282_2.JPG|https://s3.eu-central-1.amazonaws.com/uvpictures-eu-central-1/368/SP/PL/OPEL-ASTRA-223282_3.JPG|https://s3.eu-central-1.amazonaws.com/uvpictures-eu-central-1/368/SP/PL/OPEL-ASTRA-223282_4.JPG,Opel,Astra,2022,15000,KM,,Used,149990 PLN,PLN,CASH,149990 PLN,Total,Gasoline,Automatic,Spoticar GEZET SzczecinSzczecin,Spoticar GEZET Szczecin,Gwarancja Spoticar Premium12 miesięcy
SPOT-71511,Peugeot 2008 · 89900 PLN,Peugeot 2008 · Cena: 89900 PLN · Gwarancja Spoticar Premium12 miesięcy · SPOTICAR RIA WARSZAWAWARSZAWA · Sprawdź ofertę!,https://www.spoticar.pl/znajdz-uzywany-samochod/peugeot-2008-bluehdi-130-gt-ss-eat8-warszawa-1200223264,https://s3.eu-central-1.amazonaws.com/uvpictures-eu-central-1/368/SP/PL/PEUGEOT-2008-223264_1.JPG,https://s3.eu-central-1.amazonaws.com/uvpictures-eu-central-1/368/SP/PL/PEUGEOT-2008-223264_2.JPG|https://s3.eu-central-1.amazonaws.com/uvpictures-eu-central-1/368/SP/PL/PEUGEOT-2008-223264_3.JPG|https://s3.eu-central-1.amazonaws.com/uvpictures-eu-central-1/368/SP/PL/PEUGEOT-2008-223264_4.JPG,Peugeot,2008,2023,41122,KM,,Used,89900 PLN,PLN,CASH,89900 PLN,Total,Diesel,Automatic,SPOTICAR RIA WARSZAWAWARSZAWA,SPOTICAR RIA WARSZAWA,Gwarancja Spoticar Premium12 miesięcy
SPOT-71513,Jeep Compass · 106900 PLN,Jeep Compass · Cena: 106900 PLN · Gwarancja Spoticar Premium12 miesięcy · SPOTICAR SZTUKOWSKI OSTRÓW WLKP.Ostrów Wielkopolski · Sprawdź ofertę!,https://www.spoticar.pl/znajdz-uzywany-samochod/jeep-compass-13-t4-phev-4xe-s-ss-aut-ostrow-wielkopolski-1200223262,https://s3.eu-central-1.amazonaws.com/uvpictures-eu-central-1/368/SP/PL/JEEP-COMPASS-223262_1.JPG,https://s3.eu-central-1.amazonaws.com/uvpictures-eu-central-1/368/SP/PL/JEEP-COMPASS-223262_2.JPG|https://s3.eu-central-1.amazonaws.com/uvpictures-eu-central-1/368/SP/PL/JEEP-COMPASS-223262_3.JPG|https://s3.eu-central-1.amazonaws.com/uvpictures-eu-central-1/368/SP/PL/JEEP-COMPASS-223262_4.JPG,Jeep,Compass,2024,44016,KM,,Used,106900 PLN,PLN,CASH,106900 PLN,Total,Gasoline,Automatic,SPOTICAR SZTUKOWSKI OSTRÓW WLKP.Ostrów Wielkopolski,SPOTICAR SZTUKOWSKI OSTRÓW WLKP.,Gwarancja Spoticar Premium12 miesięcy
SPOT-71672,Jeep Compass · 124900 PLN,Jeep Compass · Cena: 124900 PLN · Gwarancja Spoticar Premium12 miesięcy · SPOTICAR SZTUKOWSKI OSTRÓW WLKP.Ostrów Wielkopolski · Sprawdź ofertę!,https://www.spoticar.pl/znajdz-uzywany-samochod/jeep-compass-13-t4-phev-4xe-s-ss-aut-ostrow-wielkopolski-1200223459,https://s3.eu-central-1.amazonaws.com/uvpictures-eu-central-1/368/SP/PL/JEEP-COMPASS-223459_1.JPG,https://s3.eu-central-1.amazonaws.com/uvpictures-eu-central-1/368/SP/PL/JEEP-COMPASS-223459_2.JPG|https://s3.eu-central-1.amazonaws.com/uvpictures-eu-central-1/368/SP/PL/JEEP-COMPASS-223459_3.JPG|https://s3.eu-central-1.amazonaws.com/uvpictures-eu-central-1/368/SP/PL/JEEP-COMPASS-223459_4.JPG,Jeep,Compass,2024,18507,KM,,Used,124900 PLN,PLN,CASH,124900 PLN,Total,Gasoline,Automatic,SPOTICAR SZTUKOWSKI OSTRÓW WLKP.Ostrów Wielkopolski,SPOTICAR SZTUKOWSKI OSTRÓW WLKP.,Gwarancja Spoticar Premium12 miesięcy
SPOT-71438,Jeep Compass · 109900 PLN,Jeep Compass · Cena: 109900 PLN · Gwarancja Spoticar Premium12 miesięcy · SPOTICAR SZTUKOWSKI OSTRÓW WLKP.Ostrów Wielkopolski · Sprawdź ofertę!,https://www.spoticar.pl/znajdz-uzywany-samochod/jeep-compass-13-t4-phev-4xe-limited-ss-aut-ostrow-wielkopolski-1200223173,https://s3.eu-central-1.amazonaws.com/uvpictures-eu-central-1/368/SP/PL/JEEP-COMPASS-223173_1.JPG,https://s3.eu-central-1.amazonaws.com/uvpictures-eu-central-1/368/SP/PL/JEEP-COMPASS-223173_2.JPG|https://s3.eu-central-1.amazonaws.com/uvpictures-eu-central-1/368/SP/PL/JEEP-COMPASS-223173_3.JPG|https://s3.eu-central-1.amazonaws.com/uvpictures-eu-central-1/368/SP/PL/JEEP-COMPASS-223173_4.JPG,Jeep,Compass,2024,19201,KM,,Used,109900 PLN,PLN,CASH,109900 PLN,Total,Gasoline,Automatic,SPOTICAR SZTUKOWSKI OSTRÓW WLKP.Ostrów Wielkopolski,SPOTICAR SZTUKOWSKI OSTRÓW WLKP.,Gwarancja Spoticar Premium12 miesięcy
SPOT-71599,Peugeot 3008 · 89900 PLN,Peugeot 3008 · Cena: 89900 PLN · Gwarancja Spoticar Premium12 miesięcy · SPOTICAR SZTUKOWSKI OSTRÓW WLKP.Ostrów Wielkopolski · Sprawdź ofertę!,https://www.spoticar.pl/znajdz-uzywany-samochod/peugeot-3008-16-puretech-hybrid-phev-allure-pack-ss-eat8-ostrow-wielkopolski-1200223533,https://s3.eu-central-1.amazonaws.com/uvpictures-eu-central-1/368/SP/PL/PEUGEOT-3008-223533_1.JPG,https://s3.eu-central-1.amazonaws.com/uvpictures-eu-central-1/368/SP/PL/PEUGEOT-3008-223533_2.JPG|https://s3.eu-central-1.amazonaws.com/uvpictures-eu-central-1/368/SP/PL/PEUGEOT-3008-223533_3.JPG|https://s3.eu-central-1.amazonaws.com/uvpictures-eu-central-1/368/SP/PL/PEUGEOT-3008-223533_4.JPG,Peugeot,3008,2023,81570,KM,,Used,89900 PLN,PLN,CASH,89900 PLN,Total,Gasoline,Automatic,SPOTICAR SZTUKOWSKI OSTRÓW WLKP.Ostrów Wielkopolski,SPOTICAR SZTUKOWSKI OSTRÓW WLKP.,Gwarancja Spoticar Premium12 miesięcy
SPOT-71707,Peugeot 3008 · 94900 PLN,Peugeot 3008 · Cena: 94900 PLN · Gwarancja Spoticar Premium12 miesięcy · Spoticar Stellantis &You Warszawa Al.Jerozolimskie · Sprawdź ofertę!,https://www.spoticar.pl/znajdz-uzywany-samochod/peugeot-3008-15-bluehdi-allure-pack-ss-eat8-warszawa-1200223423,https://s3.eu-central-1.amazonaws.com/uvpictures-eu-central-1/368/SP/PL/PEUGEOT-3008-223423_1.JPG,https://s3.eu-central-1.amazonaws.com/uvpictures-eu-central-1/368/SP/PL/PEUGEOT-3008-223423_2.JPG|https://s3.eu-central-1.amazonaws.com/uvpictures-eu-central-1/368/SP/PL/PEUGEOT-3008-223423_3.JPG|https://s3.eu-central-1.amazonaws.com/uvpictures-eu-central-1/368/SP/PL/PEUGEOT-3008-223423_4.JPG,Peugeot,3008,2024,69232,KM,,Used,94900 PLN,PLN,CASH,94900 PLN,Total,Diesel,Automatic,Spoticar Stellantis &You Warszawa Al.Jerozolimskie,Spoticar Stellantis &You Warszawa Al.JerozolimskieSpoticar Stellantis &You Warszawa Al.Jerozolimskie,Gwarancja Spoticar Premium12 miesięcy
SPOT-64920,DS 7 Crossback · 129900 PLN,DS 7 Crossback · Cena: 129900 PLN · Gwarancja Spoticar Premium6 miesięcy · SPOTICAR RIA GRUDZIĄDZGRUDZIADZ · Sprawdź ofertę!,https://www.spoticar.pl/znajdz-uzywany-samochod/ds-ds-7-crossback-16-e-tense-bastille-aut-grudziadz-1200216823,https://s3.eu-central-1.amazonaws.com/uvpictures-eu-central-1/368/SP/PL/DS-DS-7-CROSSBACK-216823_1.JPG,https://s3.eu-central-1.amazonaws.com/uvpictures-eu-central-1/368/SP/PL/DS-DS-7-CROSSBACK-216823_2.JPG|https://s3.eu-central-1.amazonaws.com/uvpictures-eu-central-1/368/SP/PL/DS-DS-7-CROSSBACK-216823_3.JPG|https://s3.eu-central-1.amazonaws.com/uvpictures-eu-central-1/368/SP/PL/DS-DS-7-CROSSBACK-216823_4.JPG,DS,7 Crossback,2024,21202,KM,,Used,129900 PLN,PLN,CASH,129900 PLN,Total,Gasoline,Automatic,SPOTICAR RIA GRUDZIĄDZGRUDZIADZ,SPOTICAR RIA GRUDZIĄDZ,Gwarancja Spoticar Premium6 miesięcy
SPOT-71707,Peugeot 3008 · 94900 PLN,Peugeot 3008 · Cena: 94900 PLN · Gwarancja Spoticar Premium12 miesięcy · Spoticar Stellantis &You Warszawa Al.Jerozolimskie · Sprawdź ofertę!,https://www.spoticar.pl/znajdz-uzywany-samochod/peugeot-3008-15-bluehdi-allure-pack-ss-eat8-warszawa-1200223423,https://s3.eu-central-1.amazonaws.com/uvpictures-eu-central-1/368/SP/PL/PEUGEOT-3008-223423_1.JPG,https://s3.eu-central-1.amazonaws.com/uvpictures-eu-central-1/368/SP/PL/PEUGEOT-3008-223423_2.JPG|https://s3.eu-central-1.amazonaws.com/uvpictures-eu-central-1/368/SP/PL/PEUGEOT-3008-223423_3.JPG|https://s3.eu-central-1.amazonaws.com/uvpictures-eu-central-1/368/SP/PL/PEUGEOT-3008-223423_4.JPG,Peugeot,3008,2024,69232,KM,,Used,94900 PLN,PLN,CASH,94900 PLN,Total,Diesel,Automatic,Spoticar Stellantis &You Warszawa Al.Jerozolimskie,Spoticar Stellantis &You Warszawa Al.JerozolimskieSpoticar Stellantis &You Warszawa Al.Jerozolimskie,Gwarancja Spoticar Premium12 miesięcy
SPOT-64920,DS 7 Crossback · 129900 PLN,DS 7 Crossback · Cena: 129900 PLN · Gwarancja Spoticar Premium6 miesięcy · SPOTICAR RIA GRUDZIĄDZGRUDZIADZ · Sprawdź ofertę!,https://www.spoticar.pl/znajdz-uzywany-samochod/ds-ds-7-crossback-16-e-tense-bastille-aut-grudziadz-1200216823,https://s3.eu-central-1.amazonaws.com/uvpictures-eu-central-1/368/SP/PL/DS-DS-7-CROSSBACK-216823_1.JPG,https://s3.eu-central-1.amazonaws.com/uvpictures-eu-central-1/368/SP/PL/DS-DS-7-CROSSBACK-216823_2.JPG|https://s3.eu-central-1.amazonaws.com/uvpictures-eu-central-1/368/SP/PL/DS-DS-7-CROSSBACK-216823_3.JPG|https://s3.eu-central-1.amazonaws.com/uvpictures-eu-central-1/368/SP/PL/DS-DS-7-CROSSBACK-216823_4.JPG,DS,7 Crossback,2024,21202,KM,,Used,129900 PLN,PLN,CASH,129900 PLN,Total,Gasoline,Automatic,SPOTICAR RIA GRUDZIĄDZGRUDZIADZ,SPOTICAR RIA GRUDZIĄDZ,Gwarancja Spoticar Premium6 miesięcy
SPOT-71803,Kia Ceed · 59900 PLN,Kia Ceed · Cena: 59900 PLN · Gwarancja Spoticar Premium12 miesięcy · Spoticar Auto Dealer KatowiceKATOWICE · Sprawdź ofertę!,https://www.spoticar.pl/znajdz-uzywany-samochod/kia-cee-d-10-t-gdi-m-classic-katowice-1200223341,https://s3.eu-central-1.amazonaws.com/uvpictures-eu-central-1/368/SP/PL/KIA-CEE-D-223341_1.JPG,https://s3.eu-central-1.amazonaws.com/uvpictures-eu-central-1/368/SP/PL/KIA-CEE-D-223341_2.JPG|https://s3.eu-central-1.amazonaws.com/uvpictures-eu-central-1/368/SP/PL/KIA-CEE-D-223341_3.JPG|https://s3.eu-central-1.amazonaws.com/uvpictures-eu-central-1/368/SP/PL/KIA-CEE-D-223341_4.JPG,Kia,Ceed,2021,31150,KM,,Used,59900 PLN,PLN,CASH,59900 PLN,Total,Gasoline,Manual,Spoticar Auto Dealer KatowiceKATOWICE,Spoticar Auto Dealer Katowice,Gwarancja Spoticar Premium12 miesięcy
SPOT-70169,Peugeot 408 · 131900 PLN,Peugeot 408 · Cena: 131900 PLN · Gwarancja Spoticar Premium12 miesięcy · SPOTICAR RIA STALOWA WOLAStalowa Wola / Grebów · Sprawdź ofertę!,https://www.spoticar.pl/znajdz-uzywany-samochod/peugeot-408-16-plug-hybrid-225-gt-eat8-stalowa-wola-grebow-1200221915,https://s3.eu-central-1.amazonaws.com/uvpictures-eu-central-1/368/SP/PL/PEUGEOT-408-221915_1.JPG,https://s3.eu-central-1.amazonaws.com/uvpictures-eu-central-1/368/SP/PL/PEUGEOT-408-221915_2.JPG|https://s3.eu-central-1.amazonaws.com/uvpictures-eu-central-1/368/SP/PL/PEUGEOT-408-221915_3.JPG|https://s3.eu-central-1.amazonaws.com/uvpictures-eu-central-1/368/SP/PL/PEUGEOT-408-221915_4.JPG,Peugeot,408,2023,65402,KM,,Used,131900 PLN,PLN,CASH,131900 PLN,Total,Gasoline,Automatic,SPOTICAR RIA STALOWA WOLAStalowa Wola / Grebów,SPOTICAR RIA STALOWA WOLA,Gwarancja Spoticar Premium12 miesięcy
SPOT-69953,Jeep Compass · 99900 PLN,Jeep Compass · Cena: 99900 PLN · Gwarancja Spoticar Premium6 miesięcy · SPOTICAR RIA GRUDZIĄDZGRUDZIADZ · Sprawdź ofertę!,https://www.spoticar.pl/znajdz-uzywany-samochod/jeep-compass-13-t4-phev-4xe-80th-anniversary-ss-aut-grudziadz-1200221700,https://s3.eu-central-1.amazonaws.com/uvpictures-eu-central-1/368/SP/PL/JEEP-COMPASS-221700_1.JPG,https://s3.eu-central-1.amazonaws.com/uvpictures-eu-central-1/368/SP/PL/JEEP-COMPASS-221700_2.JPG|https://s3.eu-central-1.amazonaws.com/uvpictures-eu-central-1/368/SP/PL/JEEP-COMPASS-221700_3.JPG|https://s3.eu-central-1.amazonaws.com/uvpictures-eu-central-1/368/SP/PL/JEEP-COMPASS-221700_4.JPG,Jeep,Compass,2021,79955,KM,,Used,99900 PLN,PLN,CASH,99900 PLN,Total,Gasoline,Automatic,SPOTICAR RIA GRUDZIĄDZGRUDZIADZ,SPOTICAR RIA GRUDZIĄDZ,Gwarancja Spoticar Premium6 miesięcy
SPOT-71554,Kia XCeed · 72900 PLN,Kia XCeed · Cena: 72900 PLN · Gwarancja Spoticar Premium6 miesięcy · Spoticar  Budmat Auto PłockPłock · Sprawdź ofertę!,https://www.spoticar.pl/znajdz-uzywany-samochod/kia-plock-1200223578,https://s3.eu-central-1.amazonaws.com/uvpictures-eu-central-1/368/SP/PL/KIA-XCEED-223578_1.JPG,https://s3.eu-central-1.amazonaws.com/uvpictures-eu-central-1/368/SP/PL/KIA-XCEED-223578_2.JPG|https://s3.eu-central-1.amazonaws.com/uvpictures-eu-central-1/368/SP/PL/KIA-XCEED-223578_3.JPG|https://s3.eu-central-1.amazonaws.com/uvpictures-eu-central-1/368/SP/PL/KIA-XCEED-223578_4.JPG,Kia,XCeed,2020,77459,KM,,Used,72900 PLN,PLN,CASH,72900 PLN,Total,Gasoline,Manual,Spoticar  Budmat Auto PłockPłock,Spoticar  Budmat Auto Płock,Gwarancja Spoticar Premium6 miesięcy
SPOT-71728,Opel Astra · 97900 PLN,Opel Astra · Cena: 97900 PLN · Gwarancja Spoticar Premium12 miesięcy · SPOTICAR RIA WARSZAWAWARSZAWA · Sprawdź ofertę!,https://www.spoticar.pl/znajdz-uzywany-samochod/opel-astra-vi-12-t-gs-ss-aut-warszawa-1200223402,https://s3.eu-central-1.amazonaws.com/uvpictures-eu-central-1/368/SP/PL/OPEL-ASTRA-223402_1.JPG,https://s3.eu-central-1.amazonaws.com/uvpictures-eu-central-1/368/SP/PL/OPEL-ASTRA-223402_2.JPG|https://s3.eu-central-1.amazonaws.com/uvpictures-eu-central-1/368/SP/PL/OPEL-ASTRA-223402_3.JPG|https://s3.eu-central-1.amazonaws.com/uvpictures-eu-central-1/368/SP/PL/OPEL-ASTRA-223402_4.JPG,Opel,Astra,2025,28006,KM,,Used,97900 PLN,PLN,CASH,97900 PLN,Total,Gasoline,Automatic,SPOTICAR RIA WARSZAWAWARSZAWA,SPOTICAR RIA WARSZAWA,Gwarancja Spoticar Premium12 miesięcy
SPOT-71711,Opel Grandland · 82900 PLN,Opel Grandland · Cena: 82900 PLN · Gwarancja Spoticar Premium12 miesięcy · Spoticar Stellantis &You Warszawa Al.Jerozolimskie · Sprawdź ofertę!,https://www.spoticar.pl/znajdz-uzywany-samochod/opel-grandland-15-cdti-business-elegance-ss-aut-warszawa-1200223420,https://s3.eu-central-1.amazonaws.com/uvpictures-eu-central-1/368/SP/PL/OPEL-GRANDLAND-223420_1.JPG,https://s3.eu-central-1.amazonaws.com/uvpictures-eu-central-1/368/SP/PL/OPEL-GRANDLAND-223420_2.JPG|https://s3.eu-central-1.amazonaws.com/uvpictures-eu-central-1/368/SP/PL/OPEL-GRANDLAND-223420_3.JPG|https://s3.eu-central-1.amazonaws.com/uvpictures-eu-central-1/368/SP/PL/OPEL-GRANDLAND-223420_4.JPG,Opel,Grandland,2023,35257,KM,,Used,82900 PLN,PLN,CASH,82900 PLN,Total,Diesel,Automatic,Spoticar Stellantis &You Warszawa Al.Jerozolimskie,Spoticar Stellantis &You Warszawa Al.JerozolimskieSpoticar Stellantis &You Warszawa Al.Jerozolimskie,Gwarancja Spoticar Premium12 miesięcy
SPOT-71460,Peugeot 3008 · 97900 PLN,Peugeot 3008 · Cena: 97900 PLN · Gwarancja Spoticar Premium12 miesięcy · Spoticar Stellantis &You Warszawa Al.Jerozolimskie · Sprawdź ofertę!,https://www.spoticar.pl/znajdz-uzywany-samochod/peugeot-3008-15-bluehdi-allure-pack-ss-eat8-warszawa-1200223225,https://s3.eu-central-1.amazonaws.com/uvpictures-eu-central-1/368/SP/PL/PEUGEOT-3008-223225_1.JPG,https://s3.eu-central-1.amazonaws.com/uvpictures-eu-central-1/368/SP/PL/PEUGEOT-3008-223225_2.JPG|https://s3.eu-central-1.amazonaws.com/uvpictures-eu-central-1/368/SP/PL/PEUGEOT-3008-223225_3.JPG|https://s3.eu-central-1.amazonaws.com/uvpictures-eu-central-1/368/SP/PL/PEUGEOT-3008-223225_4.JPG,Peugeot,3008,2024,57552,KM,,Used,97900 PLN,PLN,CASH,97900 PLN,Total,Diesel,Automatic,Spoticar Stellantis &You Warszawa Al.Jerozolimskie,Spoticar Stellantis &You Warszawa Al.JerozolimskieSpoticar Stellantis &You Warszawa Al.Jerozolimskie,Gwarancja Spoticar Premium12 miesięcy
SPOT-71365,Opel Grandland · 154900 PLN,Opel Grandland · Cena: 154900 PLN · Gwarancja Spoticar Premium12 miesięcy · SPOTICAR RIA WARSZAWAWARSZAWA · Sprawdź ofertę!,https://www.spoticar.pl/znajdz-uzywany-samochod/opel-grandland-16-phev-gs-edtc7-warszawa-1200223089,https://s3.eu-central-1.amazonaws.com/uvpictures-eu-central-1/368/SP/PL/OPEL-GRANDLAND-223089_1.JPG,https://s3.eu-central-1.amazonaws.com/uvpictures-eu-central-1/368/SP/PL/OPEL-GRANDLAND-223089_2.JPG|https://s3.eu-central-1.amazonaws.com/uvpictures-eu-central-1/368/SP/PL/OPEL-GRANDLAND-223089_3.JPG|https://s3.eu-central-1.amazonaws.com/uvpictures-eu-central-1/368/SP/PL/OPEL-GRANDLAND-223089_4.JPG,Opel,Grandland,2025,1806,KM,,Used,154900 PLN,PLN,CASH,154900 PLN,Total,Gasoline,Automatic,SPOTICAR RIA WARSZAWAWARSZAWA,SPOTICAR RIA WARSZAWA,Gwarancja Spoticar Premium12 miesięcy
SPOT-70985,Fiat 500 · 66900 PLN,Fiat 500 · Cena: 66900 PLN · Gwarancja Spoticar Premium12 miesięcy · SPOTICAR RIA WARSZAWAWARSZAWA · Sprawdź ofertę!,https://www.spoticar.pl/znajdz-uzywany-samochod/fiat-500-e-500-42-kwh-red-warszawa-1200222725,https://s3.eu-central-1.amazonaws.com/uvpictures-eu-central-1/368/SP/PL/FIAT-500-E-222725_1.JPG,https://s3.eu-central-1.amazonaws.com/uvpictures-eu-central-1/368/SP/PL/FIAT-500-E-222725_2.JPG|https://s3.eu-central-1.amazonaws.com/uvpictures-eu-central-1/368/SP/PL/FIAT-500-E-222725_3.JPG|https://s3.eu-central-1.amazonaws.com/uvpictures-eu-central-1/368/SP/PL/FIAT-500-E-222725_4.JPG,Fiat,500,2024,30018,KM,,Used,66900 PLN,PLN,CASH,66900 PLN,Total,Electric,Automatic,SPOTICAR RIA WARSZAWAWARSZAWA,SPOTICAR RIA WARSZAWA,Gwarancja Spoticar Premium12 miesięcy
SPOT-71032,Peugeot 408 · 123900 PLN,Peugeot 408 · Cena: 123900 PLN · Gwarancja Spoticar Premium12 miesięcy · SPOTICAR RIA WARSZAWAWARSZAWA · Sprawdź ofertę!,https://www.spoticar.pl/znajdz-uzywany-samochod/peugeot-408-12-puretech-mhev-gt-ss-e-dsc6-warszawa-1200222778,https://s3.eu-central-1.amazonaws.com/uvpictures-eu-central-1/368/SP/PL/PEUGEOT-408-222778_1.JPG,https://s3.eu-central-1.amazonaws.com/uvpictures-eu-central-1/368/SP/PL/PEUGEOT-408-222778_2.JPG|https://s3.eu-central-1.amazonaws.com/uvpictures-eu-central-1/368/SP/PL/PEUGEOT-408-222778_3.JPG|https://s3.eu-central-1.amazonaws.com/uvpictures-eu-central-1/368/SP/PL/PEUGEOT-408-222778_4.JPG,Peugeot,408,2023,24357,KM,,Used,123900 PLN,PLN,CASH,123900 PLN,Total,Hybrid,Automatic,SPOTICAR RIA WARSZAWAWARSZAWA,SPOTICAR RIA WARSZAWA,Gwarancja Spoticar Premium12 miesięcy
SPOT-71034,Citroën C4 X · 74900 PLN,Citroën C4 X · Cena: 74900 PLN · Gwarancja Spoticar Premium12 miesięcy · SPOTICAR RIA WARSZAWAWARSZAWA · Sprawdź ofertę!,https://www.spoticar.pl/znajdz-uzywany-samochod/citroen-c4-x-c4-x-12-puretech-plus-ss-eat8-warszawa-1200222776,https://s3.eu-central-1.amazonaws.com/uvpictures-eu-central-1/368/SP/PL/CITROEN-C4-X-222776_1.JPG,https://s3.eu-central-1.amazonaws.com/uvpictures-eu-central-1/368/SP/PL/CITROEN-C4-X-222776_2.JPG|https://s3.eu-central-1.amazonaws.com/uvpictures-eu-central-1/368/SP/PL/CITROEN-C4-X-222776_3.JPG|https://s3.eu-central-1.amazonaws.com/uvpictures-eu-central-1/368/SP/PL/CITROEN-C4-X-222776_4.JPG,Citroën,C4 X,2024,8377,KM,,Used,74900 PLN,PLN,CASH,74900 PLN,Total,Gasoline,Automatic,SPOTICAR RIA WARSZAWAWARSZAWA,SPOTICAR RIA WARSZAWA,Gwarancja Spoticar Premium12 miesięcy
SPOT-71028,Peugeot 3008 · 93900 PLN,Peugeot 3008 · Cena: 93900 PLN · Gwarancja Spoticar Premium12 miesięcy · Spoticar Stellantis &You Warszawa Al.Jerozolimskie · Sprawdź ofertę!,https://www.spoticar.pl/znajdz-uzywany-samochod/peugeot-3008-12-puretech-gt-ss-eat8-warszawa-1200222750,https://s3.eu-central-1.amazonaws.com/uvpictures-eu-central-1/368/SP/PL/PEUGEOT-3008-222750_1.JPG,https://s3.eu-central-1.amazonaws.com/uvpictures-eu-central-1/368/SP/PL/PEUGEOT-3008-222750_2.JPG|https://s3.eu-central-1.amazonaws.com/uvpictures-eu-central-1/368/SP/PL/PEUGEOT-3008-222750_3.JPG|https://s3.eu-central-1.amazonaws.com/uvpictures-eu-central-1/368/SP/PL/PEUGEOT-3008-222750_4.JPG,Peugeot,3008,2024,46846,KM,,Used,93900 PLN,PLN,CASH,93900 PLN,Total,Gasoline,Automatic,Spoticar Stellantis &You Warszawa Al.Jerozolimskie,Spoticar Stellantis &You Warszawa Al.JerozolimskieSpoticar Stellantis &You Warszawa Al.Jerozolimskie,Gwarancja Spoticar Premium12 miesięcy
SPOT-71111,Fiat 500 · 66900 PLN,Fiat 500 · Cena: 66900 PLN · Gwarancja Spoticar Premium12 miesięcy · SPOTICAR RIA WARSZAWAWARSZAWA · Sprawdź ofertę!,https://www.spoticar.pl/znajdz-uzywany-samochod/fiat-500-e-500-42-kwh-red-warszawa-1200222856,https://s3.eu-central-1.amazonaws.com/uvpictures-eu-central-1/368/SP/PL/FIAT-500-E-222856_1.JPG,https://s3.eu-central-1.amazonaws.com/uvpictures-eu-central-1/368/SP/PL/FIAT-500-E-222856_2.JPG|https://s3.eu-central-1.amazonaws.com/uvpictures-eu-central-1/368/SP/PL/FIAT-500-E-222856_3.JPG|https://s3.eu-central-1.amazonaws.com/uvpictures-eu-central-1/368/SP/PL/FIAT-500-E-222856_4.JPG,Fiat,500,2024,30067,KM,,Used,66900 PLN,PLN,CASH,66900 PLN,Total,Electric,Automatic,SPOTICAR RIA WARSZAWAWARSZAWA,SPOTICAR RIA WARSZAWA,Gwarancja Spoticar Premium12 miesięcy
SPOT-70664,Citroën C4 · 76900 PLN,Citroën C4 · Cena: 76900 PLN · Gwarancja Spoticar Premium12 miesięcy · Spoticar Stellantis &You Warszawa Al.Jerozolimskie · Sprawdź ofertę!,https://www.spoticar.pl/znajdz-uzywany-samochod/citroen-c4-12-puretech-max-ss-eat8-warszawa-1200222412,https://s3.eu-central-1.amazonaws.com/uvpictures-eu-central-1/368/SP/PL/CITROEN-C4-222412_1.JPG,https://s3.eu-central-1.amazonaws.com/uvpictures-eu-central-1/368/SP/PL/CITROEN-C4-222412_2.JPG|https://s3.eu-central-1.amazonaws.com/uvpictures-eu-central-1/368/SP/PL/CITROEN-C4-222412_3.JPG|https://s3.eu-central-1.amazonaws.com/uvpictures-eu-central-1/368/SP/PL/CITROEN-C4-222412_4.JPG,Citroën,C4,2024,25142,KM,,Used,76900 PLN,PLN,CASH,76900 PLN,Total,Gasoline,Automatic,Spoticar Stellantis &You Warszawa Al.Jerozolimskie,Spoticar Stellantis &You Warszawa Al.JerozolimskieSpoticar Stellantis &You Warszawa Al.Jerozolimskie,Gwarancja Spoticar Premium12 miesięcy
SPOT-70671,Abarth 500 · 112900 PLN,Abarth 500 · Cena: 112900 PLN · Gwarancja Spoticar Premium12 miesięcy · SPOTICAR RIA WARSZAWAWARSZAWA · Sprawdź ofertę!,https://www.spoticar.pl/znajdz-uzywany-samochod/abarth-500e-378kwh-turismo-warszawa-1200222425,https://s3.eu-central-1.amazonaws.com/uvpictures-eu-central-1/368/SP/PL/ABARTH-500E-222425_1.JPG,https://s3.eu-central-1.amazonaws.com/uvpictures-eu-central-1/368/SP/PL/ABARTH-500E-222425_2.JPG|https://s3.eu-central-1.amazonaws.com/uvpictures-eu-central-1/368/SP/PL/ABARTH-500E-222425_3.JPG|https://s3.eu-central-1.amazonaws.com/uvpictures-eu-central-1/368/SP/PL/ABARTH-500E-222425_4.JPG,Abarth,500,2024,10478,KM,,Used,112900 PLN,PLN,CASH,112900 PLN,Total,Electric,Automatic,SPOTICAR RIA WARSZAWAWARSZAWA,SPOTICAR RIA WARSZAWA,Gwarancja Spoticar Premium12 miesięcy
SPOT-70873,DS 4 · 110900 PLN,DS 4 · Cena: 110900 PLN · Gwarancja Spoticar Premium12 miesięcy · Spoticar Stellantis &You Warszawa Al.Jerozolimskie · Sprawdź ofertę!,https://www.spoticar.pl/znajdz-uzywany-samochod/ds-ds-4-15-bluehdi-pallas-aut-warszawa-1200222609,https://s3.eu-central-1.amazonaws.com/uvpictures-eu-central-1/368/SP/PL/DS-DS-4-222609_1.JPG,https://s3.eu-central-1.amazonaws.com/uvpictures-eu-central-1/368/SP/PL/DS-DS-4-222609_2.JPG|https://s3.eu-central-1.amazonaws.com/uvpictures-eu-central-1/368/SP/PL/DS-DS-4-222609_3.JPG|https://s3.eu-central-1.amazonaws.com/uvpictures-eu-central-1/368/SP/PL/DS-DS-4-222609_4.JPG,DS,4,2025,29531,KM,,Used,110900 PLN,PLN,CASH,110900 PLN,Total,Diesel,Automatic,Spoticar Stellantis &You Warszawa Al.Jerozolimskie,Spoticar Stellantis &You Warszawa Al.JerozolimskieSpoticar Stellantis &You Warszawa Al.Jerozolimskie,Gwarancja Spoticar Premium12 miesięcy
SPOT-70631,Peugeot 2008 · 84900 PLN,Peugeot 2008 · Cena: 84900 PLN · Gwarancja Spoticar Premium12 miesięcy · Spoticar Stellantis &You Warszawa Al.Jerozolimskie · Sprawdź ofertę!,https://www.spoticar.pl/znajdz-uzywany-samochod/peugeot-2008-puretech-130-gt-ss-eat8-warszawa-1200222361,https://s3.eu-central-1.amazonaws.com/uvpictures-eu-central-1/368/SP/PL/PEUGEOT-2008-222361_1.JPG,https://s3.eu-central-1.amazonaws.com/uvpictures-eu-central-1/368/SP/PL/PEUGEOT-2008-222361_2.JPG|https://s3.eu-central-1.amazonaws.com/uvpictures-eu-central-1/368/SP/PL/PEUGEOT-2008-222361_3.JPG|https://s3.eu-central-1.amazonaws.com/uvpictures-eu-central-1/368/SP/PL/PEUGEOT-2008-222361_4.JPG,Peugeot,2008,2024,60832,KM,,Used,84900 PLN,PLN,CASH,84900 PLN,Total,Gasoline,Automatic,Spoticar Stellantis &You Warszawa Al.Jerozolimskie,Spoticar Stellantis &You Warszawa Al.JerozolimskieSpoticar Stellantis &You Warszawa Al.Jerozolimskie,Gwarancja Spoticar Premium12 miesięcy
SPOT-70623,Peugeot 5008 · 114900 PLN,Peugeot 5008 · Cena: 114900 PLN · Gwarancja Spoticar Premium12 miesięcy · Spoticar Stellantis &You Warszawa Al.Jerozolimskie · Sprawdź ofertę!,https://www.spoticar.pl/znajdz-uzywany-samochod/peugeot-5008-15-bluehdi-allure-pack-ss-eat8-warszawa-1200222369,https://s3.eu-central-1.amazonaws.com/uvpictures-eu-central-1/368/SP/PL/PEUGEOT-5008-222369_1.JPG,https://s3.eu-central-1.amazonaws.com/uvpictures-eu-central-1/368/SP/PL/PEUGEOT-5008-222369_2.JPG|https://s3.eu-central-1.amazonaws.com/uvpictures-eu-central-1/368/SP/PL/PEUGEOT-5008-222369_3.JPG|https://s3.eu-central-1.amazonaws.com/uvpictures-eu-central-1/368/SP/PL/PEUGEOT-5008-222369_4.JPG,Peugeot,5008,2024,43396,KM,,Used,114900 PLN,PLN,CASH,114900 PLN,Total,Diesel,Automatic,Spoticar Stellantis &You Warszawa Al.Jerozolimskie,Spoticar Stellantis &You Warszawa Al.JerozolimskieSpoticar Stellantis &You Warszawa Al.Jerozolimskie,Gwarancja Spoticar Premium12 miesięcy
SPOT-70642,Peugeot 2008 · 76900 PLN,Peugeot 2008 · Cena: 76900 PLN · Gwarancja Spoticar Premium12 miesięcy · SPOTICAR RIA WARSZAWAWARSZAWA · Sprawdź ofertę!,https://www.spoticar.pl/znajdz-uzywany-samochod/peugeot-2008-12-puretech-allure-pack-ss-warszawa-1200222399,https://s3.eu-central-1.amazonaws.com/uvpictures-eu-central-1/368/SP/PL/PEUGEOT-2008-222399_1.JPG,https://s3.eu-central-1.amazonaws.com/uvpictures-eu-central-1/368/SP/PL/PEUGEOT-2008-222399_2.JPG|https://s3.eu-central-1.amazonaws.com/uvpictures-eu-central-1/368/SP/PL/PEUGEOT-2008-222399_3.JPG|https://s3.eu-central-1.amazonaws.com/uvpictures-eu-central-1/368/SP/PL/PEUGEOT-2008-222399_4.JPG,Peugeot,2008,2023,8888,KM,,Used,76900 PLN,PLN,CASH,76900 PLN,Total,Gasoline,Manual,SPOTICAR RIA WARSZAWAWARSZAWA,SPOTICAR RIA WARSZAWA,Gwarancja Spoticar Premium12 miesięcy
SPOT-70649,Peugeot Expert · 99999 PLN,Peugeot Expert · Cena: 99999 PLN · Gwarancja Spoticar Premium12 miesięcy · Spoticar Stellantis &You Warszawa Al.Jerozolimskie · Sprawdź ofertę!,https://www.spoticar.pl/znajdz-uzywany-samochod/peugeot-expert-20-bluehdi-long-31t-warszawa-1200222392,https://s3.eu-central-1.amazonaws.com/uvpictures-eu-central-1/368/SP/PL/PEUGEOT-EXPERT-222392_1.JPG,https://s3.eu-central-1.amazonaws.com/uvpictures-eu-central-1/368/SP/PL/PEUGEOT-EXPERT-222392_2.JPG|https://s3.eu-central-1.amazonaws.com/uvpictures-eu-central-1/368/SP/PL/PEUGEOT-EXPERT-222392_3.JPG|https://s3.eu-central-1.amazonaws.com/uvpictures-eu-central-1/368/SP/PL/PEUGEOT-EXPERT-222392_4.JPG,Peugeot,Expert,2024,23111,KM,,Used,99999 PLN,PLN,CASH,99999 PLN,Total,Diesel,Manual,Spoticar Stellantis &You Warszawa Al.Jerozolimskie,Spoticar Stellantis &You Warszawa Al.JerozolimskieSpoticar Stellantis &You Warszawa Al.Jerozolimskie,Gwarancja Spoticar Premium12 miesięcy
SPOT-70827,Peugeot 5008 · 119900 PLN,Peugeot 5008 · Cena: 119900 PLN · Gwarancja Spoticar Premium12 miesięcy · SPOTICAR RIA WARSZAWAWARSZAWA · Sprawdź ofertę!,https://www.spoticar.pl/znajdz-uzywany-samochod/peugeot-5008-15-bluehdi-gt-ss-eat8-warszawa-1200222574,https://s3.eu-central-1.amazonaws.com/uvpictures-eu-central-1/368/SP/PL/PEUGEOT-5008-222574_1.JPG,https://s3.eu-central-1.amazonaws.com/uvpictures-eu-central-1/368/SP/PL/PEUGEOT-5008-222574_2.JPG|https://s3.eu-central-1.amazonaws.com/uvpictures-eu-central-1/368/SP/PL/PEUGEOT-5008-222574_3.JPG|https://s3.eu-central-1.amazonaws.com/uvpictures-eu-central-1/368/SP/PL/PEUGEOT-5008-222574_4.JPG,Peugeot,5008,2024,38573,KM,,Used,119900 PLN,PLN,CASH,119900 PLN,Total,Diesel,Automatic,SPOTICAR RIA WARSZAWAWARSZAWA,SPOTICAR RIA WARSZAWA,Gwarancja Spoticar Premium12 miesięcy
SPOT-70532,Peugeot 2008 · 72900 PLN,Peugeot 2008 · Cena: 72900 PLN · Gwarancja Spoticar Premium12 miesięcy · Spoticar Stellantis &You Warszawa Al.Jerozolimskie · Sprawdź ofertę!,https://www.spoticar.pl/znajdz-uzywany-samochod/peugeot-2008-puretech-130-allure-ss-eat8-warszawa-1200222261,https://s3.eu-central-1.amazonaws.com/uvpictures-eu-central-1/368/SP/PL/PEUGEOT-2008-222261_1.JPG,https://s3.eu-central-1.amazonaws.com/uvpictures-eu-central-1/368/SP/PL/PEUGEOT-2008-222261_2.JPG|https://s3.eu-central-1.amazonaws.com/uvpictures-eu-central-1/368/SP/PL/PEUGEOT-2008-222261_3.JPG|https://s3.eu-central-1.amazonaws.com/uvpictures-eu-central-1/368/SP/PL/PEUGEOT-2008-222261_4.JPG,Peugeot,2008,2024,38686,KM,,Used,72900 PLN,PLN,CASH,72900 PLN,Total,Gasoline,Automatic,Spoticar Stellantis &You Warszawa Al.Jerozolimskie,Spoticar Stellantis &You Warszawa Al.JerozolimskieSpoticar Stellantis &You Warszawa Al.Jerozolimskie,Gwarancja Spoticar Premium12 miesięcy
SPOT-70606,Peugeot 5008 · 189900 PLN,Peugeot 5008 · Cena: 189900 PLN · Gwarancja Spoticar Premium12 miesięcy · SPOTICAR RIA WARSZAWAWARSZAWA · Sprawdź ofertę!,https://www.spoticar.pl/znajdz-uzywany-samochod/peugeot-e-5008-73kwh-gt-warszawa-1200222345,https://s3.eu-central-1.amazonaws.com/uvpictures-eu-central-1/368/SP/PL/PEUGEOT-E-5008-222345_1.JPG,https://s3.eu-central-1.amazonaws.com/uvpictures-eu-central-1/368/SP/PL/PEUGEOT-E-5008-222345_2.JPG|https://s3.eu-central-1.amazonaws.com/uvpictures-eu-central-1/368/SP/PL/PEUGEOT-E-5008-222345_3.JPG|https://s3.eu-central-1.amazonaws.com/uvpictures-eu-central-1/368/SP/PL/PEUGEOT-E-5008-222345_4.JPG,Peugeot,5008,2025,8527,KM,,Used,189900 PLN,PLN,CASH,189900 PLN,Total,Electric,Automatic,SPOTICAR RIA WARSZAWAWARSZAWA,SPOTICAR RIA WARSZAWA,Gwarancja Spoticar Premium12 miesięcy
SPOT-70562,Peugeot 2008 · 79900 PLN,Peugeot 2008 · Cena: 79900 PLN · Gwarancja Spoticar Premium12 miesięcy · Spoticar Stellantis &You Warszawa Al.Jerozolimskie · Sprawdź ofertę!,https://www.spoticar.pl/znajdz-uzywany-samochod/peugeot-2008-puretech-130-allure-ss-eat8-warszawa-1200222292,https://s3.eu-central-1.amazonaws.com/uvpictures-eu-central-1/368/SP/PL/PEUGEOT-2008-222292_1.JPG,https://s3.eu-central-1.amazonaws.com/uvpictures-eu-central-1/368/SP/PL/PEUGEOT-2008-222292_2.JPG|https://s3.eu-central-1.amazonaws.com/uvpictures-eu-central-1/368/SP/PL/PEUGEOT-2008-222292_3.JPG|https://s3.eu-central-1.amazonaws.com/uvpictures-eu-central-1/368/SP/PL/PEUGEOT-2008-222292_4.JPG,Peugeot,2008,2024,35832,KM,,Used,79900 PLN,PLN,CASH,79900 PLN,Total,Gasoline,Automatic,Spoticar Stellantis &You Warszawa Al.Jerozolimskie,Spoticar Stellantis &You Warszawa Al.JerozolimskieSpoticar Stellantis &You Warszawa Al.Jerozolimskie,Gwarancja Spoticar Premium12 miesięcy
SPOT-70575,Peugeot 2008 · 79900 PLN,Peugeot 2008 · Cena: 79900 PLN · Gwarancja Spoticar Premium12 miesięcy · Spoticar Stellantis &You Warszawa Al.Jerozolimskie · Sprawdź ofertę!,https://www.spoticar.pl/znajdz-uzywany-samochod/peugeot-2008-puretech-130-allure-ss-eat8-warszawa-1200222287,https://s3.eu-central-1.amazonaws.com/uvpictures-eu-central-1/368/SP/PL/PEUGEOT-2008-222287_1.JPG,https://s3.eu-central-1.amazonaws.com/uvpictures-eu-central-1/368/SP/PL/PEUGEOT-2008-222287_2.JPG|https://s3.eu-central-1.amazonaws.com/uvpictures-eu-central-1/368/SP/PL/PEUGEOT-2008-222287_3.JPG|https://s3.eu-central-1.amazonaws.com/uvpictures-eu-central-1/368/SP/PL/PEUGEOT-2008-222287_4.JPG,Peugeot,2008,2024,36494,KM,,Used,79900 PLN,PLN,CASH,79900 PLN,Total,Gasoline,Automatic,Spoticar Stellantis &You Warszawa Al.Jerozolimskie,Spoticar Stellantis &You Warszawa Al.JerozolimskieSpoticar Stellantis &You Warszawa Al.Jerozolimskie,Gwarancja Spoticar Premium12 miesięcy
SPOT-70541,Citroën C3 · 49900 PLN,Citroën C3 · Cena: 49900 PLN · Gwarancja Spoticar Premium12 miesięcy · Spoticar Stellantis &You Warszawa Al.Jerozolimskie · Sprawdź ofertę!,https://www.spoticar.pl/znajdz-uzywany-samochod/citroen-c3-12-puretech-max-warszawa-1200222325,https://s3.eu-central-1.amazonaws.com/uvpictures-eu-central-1/368/SP/PL/CITROEN-C3-222325_1.JPG,https://s3.eu-central-1.amazonaws.com/uvpictures-eu-central-1/368/SP/PL/CITROEN-C3-222325_2.JPG|https://s3.eu-central-1.amazonaws.com/uvpictures-eu-central-1/368/SP/PL/CITROEN-C3-222325_3.JPG|https://s3.eu-central-1.amazonaws.com/uvpictures-eu-central-1/368/SP/PL/CITROEN-C3-222325_4.JPG,Citroën,C3,2024,41284,KM,,Used,49900 PLN,PLN,CASH,49900 PLN,Total,Gasoline,Manual,Spoticar Stellantis &You Warszawa Al.Jerozolimskie,Spoticar Stellantis &You Warszawa Al.JerozolimskieSpoticar Stellantis &You Warszawa Al.Jerozolimskie,Gwarancja Spoticar Premium12 miesięcy
SPOT-69291,Peugeot 2008 · 81900 PLN,Peugeot 2008 · Cena: 81900 PLN · Gwarancja Spoticar Premium12 miesięcy · Spoticar Stellantis &You Warszawa Al.Jerozolimskie · Sprawdź ofertę!,https://www.spoticar.pl/znajdz-uzywany-samochod/peugeot-2008-puretech-130-gt-ss-eat8-warszawa-1200221091,https://s3.eu-central-1.amazonaws.com/uvpictures-eu-central-1/368/SP/PL/PEUGEOT-2008-221091_1.JPG,https://s3.eu-central-1.amazonaws.com/uvpictures-eu-central-1/368/SP/PL/PEUGEOT-2008-221091_2.JPG|https://s3.eu-central-1.amazonaws.com/uvpictures-eu-central-1/368/SP/PL/PEUGEOT-2008-221091_3.JPG|https://s3.eu-central-1.amazonaws.com/uvpictures-eu-central-1/368/SP/PL/PEUGEOT-2008-221091_4.JPG,Peugeot,2008,2023,43900,KM,,Used,81900 PLN,PLN,CASH,81900 PLN,Total,Gasoline,Automatic,Spoticar Stellantis &You Warszawa Al.Jerozolimskie,Spoticar Stellantis &You Warszawa Al.JerozolimskieSpoticar Stellantis &You Warszawa Al.Jerozolimskie,Gwarancja Spoticar Premium12 miesięcy
SPOT-68391,Peugeot 508 · 97900 PLN,Peugeot 508 · Cena: 97900 PLN · Gwarancja Spoticar Premium12 miesięcy · SPOTICAR PRASEK RADOMRadom · Sprawdź ofertę!,https://www.spoticar.pl/znajdz-uzywany-samochod/peugeot-508-16-puretech-hybrid-phev-allure-pack-ss-eat8-radom-1200220211,https://s3.eu-central-1.amazonaws.com/uvpictures-eu-central-1/368/SP/PL/PEUGEOT-508-220211_1.JPG,https://s3.eu-central-1.amazonaws.com/uvpictures-eu-central-1/368/SP/PL/PEUGEOT-508-220211_2.JPG|https://s3.eu-central-1.amazonaws.com/uvpictures-eu-central-1/368/SP/PL/PEUGEOT-508-220211_3.JPG|https://s3.eu-central-1.amazonaws.com/uvpictures-eu-central-1/368/SP/PL/PEUGEOT-508-220211_4.JPG,Peugeot,508,2023,97700,KM,,Used,97900 PLN,PLN,CASH,97900 PLN,Total,Gasoline,Automatic,SPOTICAR PRASEK RADOMRadom,SPOTICAR PRASEK RADOM,Gwarancja Spoticar Premium12 miesięcy
SPOT-68674,Peugeot 5008 · 121900 PLN,Peugeot 5008 · Cena: 121900 PLN · Gwarancja Spoticar Premium12 miesięcy · Spoticar Stellantis &You Warszawa Al.Jerozolimskie · Sprawdź ofertę!,https://www.spoticar.pl/znajdz-uzywany-samochod/peugeot-5008-15-bluehdi-gt-ss-eat8-warszawa-1200220459,https://s3.eu-central-1.amazonaws.com/uvpictures-eu-central-1/368/SP/PL/PEUGEOT-5008-220459_1.JPG,https://s3.eu-central-1.amazonaws.com/uvpictures-eu-central-1/368/SP/PL/PEUGEOT-5008-220459_2.JPG|https://s3.eu-central-1.amazonaws.com/uvpictures-eu-central-1/368/SP/PL/PEUGEOT-5008-220459_3.JPG|https://s3.eu-central-1.amazonaws.com/uvpictures-eu-central-1/368/SP/PL/PEUGEOT-5008-220459_4.JPG,Peugeot,5008,2024,31136,KM,,Used,121900 PLN,PLN,CASH,121900 PLN,Total,Diesel,Automatic,Spoticar Stellantis &You Warszawa Al.Jerozolimskie,Spoticar Stellantis &You Warszawa Al.JerozolimskieSpoticar Stellantis &You Warszawa Al.Jerozolimskie,Gwarancja Spoticar Premium12 miesięcy
SPOT-68701,Opel Movano · 79827 PLN,Opel Movano · Cena: 79827 PLN · Gwarancja Spoticar Premium12 miesięcy · SPOTICAR RIA WARSZAWAWARSZAWA · Sprawdź ofertę!,https://www.spoticar.pl/znajdz-uzywany-samochod/opel-movano-heavy-cdti-l2h2-warszawa-1200220491,https://s3.eu-central-1.amazonaws.com/uvpictures-eu-central-1/368/SP/PL/OPEL-MOVANO-220491_1.JPG,https://s3.eu-central-1.amazonaws.com/uvpictures-eu-central-1/368/SP/PL/OPEL-MOVANO-220491_2.JPG|https://s3.eu-central-1.amazonaws.com/uvpictures-eu-central-1/368/SP/PL/OPEL-MOVANO-220491_3.JPG|https://s3.eu-central-1.amazonaws.com/uvpictures-eu-central-1/368/SP/PL/OPEL-MOVANO-220491_4.JPG,Opel,Movano,2023,98408,KM,,Used,79827 PLN,PLN,CASH,79827 PLN,Total,Diesel,Manual,SPOTICAR RIA WARSZAWAWARSZAWA,SPOTICAR RIA WARSZAWA,Gwarancja Spoticar Premium12 miesięcy
SPOT-68190,Peugeot 2008 · 72900 PLN,Peugeot 2008 · Cena: 72900 PLN · Gwarancja Spoticar Premium12 miesięcy · Spoticar Stellantis &You Warszawa Al.Jerozolimskie · Sprawdź ofertę!,https://www.spoticar.pl/znajdz-uzywany-samochod/peugeot-2008-puretech-130-allure-ss-eat8-warszawa-1200220001,https://s3.eu-central-1.amazonaws.com/uvpictures-eu-central-1/368/SP/PL/PEUGEOT-2008-220001_1.JPG,https://s3.eu-central-1.amazonaws.com/uvpictures-eu-central-1/368/SP/PL/PEUGEOT-2008-220001_2.JPG|https://s3.eu-central-1.amazonaws.com/uvpictures-eu-central-1/368/SP/PL/PEUGEOT-2008-220001_3.JPG|https://s3.eu-central-1.amazonaws.com/uvpictures-eu-central-1/368/SP/PL/PEUGEOT-2008-220001_4.JPG,Peugeot,2008,2024,43885,KM,,Used,72900 PLN,PLN,CASH,72900 PLN,Total,Gasoline,Automatic,Spoticar Stellantis &You Warszawa Al.Jerozolimskie,Spoticar Stellantis &You Warszawa Al.JerozolimskieSpoticar Stellantis &You Warszawa Al.Jerozolimskie,Gwarancja Spoticar Premium12 miesięcy
SPOT-70973,Abarth 500 · 109900 PLN,Abarth 500 · Cena: 109900 PLN · Gwarancja Spoticar Premium12 miesięcy · SPOTICAR RIA WARSZAWAWARSZAWA · Sprawdź ofertę!,https://www.spoticar.pl/znajdz-uzywany-samochod/abarth-500e-378kwh-turismo-warszawa-1200222707,https://s3.eu-central-1.amazonaws.com/uvpictures-eu-central-1/368/SP/PL/ABARTH-500E-222707_1.JPG,https://s3.eu-central-1.amazonaws.com/uvpictures-eu-central-1/368/SP/PL/ABARTH-500E-222707_2.JPG|https://s3.eu-central-1.amazonaws.com/uvpictures-eu-central-1/368/SP/PL/ABARTH-500E-222707_3.JPG|https://s3.eu-central-1.amazonaws.com/uvpictures-eu-central-1/368/SP/PL/ABARTH-500E-222707_4.JPG,Abarth,500,2024,30114,KM,,Used,109900 PLN,PLN,CASH,109900 PLN,Total,Electric,Automatic,SPOTICAR RIA WARSZAWAWARSZAWA,SPOTICAR RIA WARSZAWA,Gwarancja Spoticar Premium12 miesięcy
SPOT-69924,Citroën C5 Aircross · 82900 PLN,Citroën C5 Aircross · Cena: 82900 PLN · Gwarancja Spoticar Premium12 miesięcy · SPOTICAR RIA WARSZAWAWARSZAWA · Sprawdź ofertę!,https://www.spoticar.pl/znajdz-uzywany-samochod/citroen-c5-aircross-15-bluehdi-max-eat8-warszawa-1200221687,https://s3.eu-central-1.amazonaws.com/uvpictures-eu-central-1/368/SP/PL/CITROEN-C5-AIRCROSS-221687_1.JPG,https://s3.eu-central-1.amazonaws.com/uvpictures-eu-central-1/368/SP/PL/CITROEN-C5-AIRCROSS-221687_2.JPG|https://s3.eu-central-1.amazonaws.com/uvpictures-eu-central-1/368/SP/PL/CITROEN-C5-AIRCROSS-221687_3.JPG|https://s3.eu-central-1.amazonaws.com/uvpictures-eu-central-1/368/SP/PL/CITROEN-C5-AIRCROSS-221687_4.JPG,Citroën,C5 Aircross,2023,77557,KM,,Used,82900 PLN,PLN,CASH,82900 PLN,Total,Diesel,Automatic,SPOTICAR RIA WARSZAWAWARSZAWA,SPOTICAR RIA WARSZAWA,Gwarancja Spoticar Premium12 miesięcy
SPOT-70070,Fiat 500 · 72900 PLN,Fiat 500 · Cena: 72900 PLN · Gwarancja Spoticar Premium12 miesięcy · SPOTICAR RIA WARSZAWAWARSZAWA · Sprawdź ofertę!,https://www.spoticar.pl/znajdz-uzywany-samochod/fiat-500-e-500-42-kwh-warszawa-1200221837,https://s3.eu-central-1.amazonaws.com/uvpictures-eu-central-1/368/SP/PL/FIAT-500-E-221837_1.JPG,https://s3.eu-central-1.amazonaws.com/uvpictures-eu-central-1/368/SP/PL/FIAT-500-E-221837_2.JPG|https://s3.eu-central-1.amazonaws.com/uvpictures-eu-central-1/368/SP/PL/FIAT-500-E-221837_3.JPG|https://s3.eu-central-1.amazonaws.com/uvpictures-eu-central-1/368/SP/PL/FIAT-500-E-221837_4.JPG,Fiat,500,2023,30034,KM,,Used,72900 PLN,PLN,CASH,72900 PLN,Total,Electric,Automatic,SPOTICAR RIA WARSZAWAWARSZAWA,SPOTICAR RIA WARSZAWA,Gwarancja Spoticar Premium12 miesięcy
SPOT-70321,Peugeot 2008 · 84900 PLN,Peugeot 2008 · Cena: 84900 PLN · Gwarancja Spoticar Premium12 miesięcy · Spoticar Stellantis &You Warszawa Al.Jerozolimskie · Sprawdź ofertę!,https://www.spoticar.pl/znajdz-uzywany-samochod/peugeot-2008-12-puretech-gt-ss-eat8-warszawa-1200222081,https://s3.eu-central-1.amazonaws.com/uvpictures-eu-central-1/368/SP/PL/PEUGEOT-2008-222081_1.JPG,https://s3.eu-central-1.amazonaws.com/uvpictures-eu-central-1/368/SP/PL/PEUGEOT-2008-222081_2.JPG|https://s3.eu-central-1.amazonaws.com/uvpictures-eu-central-1/368/SP/PL/PEUGEOT-2008-222081_3.JPG|https://s3.eu-central-1.amazonaws.com/uvpictures-eu-central-1/368/SP/PL/PEUGEOT-2008-222081_4.JPG,Peugeot,2008,2023,79241,KM,,Used,84900 PLN,PLN,CASH,84900 PLN,Total,Gasoline,Automatic,Spoticar Stellantis &You Warszawa Al.Jerozolimskie,Spoticar Stellantis &You Warszawa Al.JerozolimskieSpoticar Stellantis &You Warszawa Al.Jerozolimskie,Gwarancja Spoticar Premium12 miesięcy
SPOT-70323,Peugeot 308 · 87900 PLN,Peugeot 308 · Cena: 87900 PLN · Gwarancja Spoticar Premium12 miesięcy · Spoticar Stellantis &You Warszawa Al.Jerozolimskie · Sprawdź ofertę!,https://www.spoticar.pl/znajdz-uzywany-samochod/peugeot-308-15-bluehdi-allure-ss-eat8-warszawa-1200222080,https://s3.eu-central-1.amazonaws.com/uvpictures-eu-central-1/368/SP/PL/PEUGEOT-308-222080_1.JPG,https://s3.eu-central-1.amazonaws.com/uvpictures-eu-central-1/368/SP/PL/PEUGEOT-308-222080_2.JPG|https://s3.eu-central-1.amazonaws.com/uvpictures-eu-central-1/368/SP/PL/PEUGEOT-308-222080_3.JPG|https://s3.eu-central-1.amazonaws.com/uvpictures-eu-central-1/368/SP/PL/PEUGEOT-308-222080_4.JPG,Peugeot,308,2023,81600,KM,,Used,87900 PLN,PLN,CASH,87900 PLN,Total,Diesel,Automatic,Spoticar Stellantis &You Warszawa Al.Jerozolimskie,Spoticar Stellantis &You Warszawa Al.JerozolimskieSpoticar Stellantis &You Warszawa Al.Jerozolimskie,Gwarancja Spoticar Premium12 miesięcy
SPOT-69861,Peugeot 5008 · 81900 PLN,Peugeot 5008 · Cena: 81900 PLN · Gwarancja Spoticar Premium6 miesięcy · SPOTICAR RIA WARSZAWAWARSZAWA · Sprawdź ofertę!,https://www.spoticar.pl/znajdz-uzywany-samochod/peugeot-5008-12-puretech-active-pack-ss-eat8-warszawa-1200221594,https://s3.eu-central-1.amazonaws.com/uvpictures-eu-central-1/368/SP/PL/PEUGEOT-5008-221594_1.JPG,https://s3.eu-central-1.amazonaws.com/uvpictures-eu-central-1/368/SP/PL/PEUGEOT-5008-221594_2.JPG|https://s3.eu-central-1.amazonaws.com/uvpictures-eu-central-1/368/SP/PL/PEUGEOT-5008-221594_3.JPG|https://s3.eu-central-1.amazonaws.com/uvpictures-eu-central-1/368/SP/PL/PEUGEOT-5008-221594_4.JPG,Peugeot,5008,2021,74847,KM,,Used,81900 PLN,PLN,CASH,81900 PLN,Total,Gasoline,Automatic,SPOTICAR RIA WARSZAWAWARSZAWA,SPOTICAR RIA WARSZAWA,Gwarancja Spoticar Premium6 miesięcy
SPOT-69924,Citroën C5 Aircross · 82900 PLN,Citroën C5 Aircross · Cena: 82900 PLN · Gwarancja Spoticar Premium12 miesięcy · SPOTICAR RIA WARSZAWAWARSZAWA · Sprawdź ofertę!,https://www.spoticar.pl/znajdz-uzywany-samochod/citroen-c5-aircross-15-bluehdi-max-eat8-warszawa-1200221687,https://s3.eu-central-1.amazonaws.com/uvpictures-eu-central-1/368/SP/PL/CITROEN-C5-AIRCROSS-221687_1.JPG,https://s3.eu-central-1.amazonaws.com/uvpictures-eu-central-1/368/SP/PL/CITROEN-C5-AIRCROSS-221687_2.JPG|https://s3.eu-central-1.amazonaws.com/uvpictures-eu-central-1/368/SP/PL/CITROEN-C5-AIRCROSS-221687_3.JPG|https://s3.eu-central-1.amazonaws.com/uvpictures-eu-central-1/368/SP/PL/CITROEN-C5-AIRCROSS-221687_4.JPG,Citroën,C5 Aircross,2023,77557,KM,,Used,82900 PLN,PLN,CASH,82900 PLN,Total,Diesel,Automatic,SPOTICAR RIA WARSZAWAWARSZAWA,SPOTICAR RIA WARSZAWA,Gwarancja Spoticar Premium12 miesięcy
SPOT-70073,Peugeot 508 · 74990 PLN,Peugeot 508 · Cena: 74990 PLN · Gwarancja Spoticar Premium6 miesięcy · SPOTICAR DEJON I DĄBROWSKI LEGNICA · Sprawdź ofertę!,https://www.spoticar.pl/znajdz-uzywany-samochod/peugeot-508-15-bluehdi-allure-pack-ss-eat8-legnica-1200221846,https://s3.eu-central-1.amazonaws.com/uvpictures-eu-central-1/368/SP/PL/PEUGEOT-508-221846_1.JPG,https://s3.eu-central-1.amazonaws.com/uvpictures-eu-central-1/368/SP/PL/PEUGEOT-508-221846_2.JPG|https://s3.eu-central-1.amazonaws.com/uvpictures-eu-central-1/368/SP/PL/PEUGEOT-508-221846_3.JPG|https://s3.eu-central-1.amazonaws.com/uvpictures-eu-central-1/368/SP/PL/PEUGEOT-508-221846_4.JPG,Peugeot,508,2022,110530,KM,,Used,74990 PLN,PLN,CASH,74990 PLN,Total,Diesel,Automatic,SPOTICAR DEJON I DĄBROWSKI LEGNICA,SPOTICAR DEJON I DĄBROWSKI LEGNICASPOTICAR DEJON I DĄBROWSKI LEGNICA,Gwarancja Spoticar Premium6 miesięcy
SPOT-71517,Peugeot 5008 · 112900 PLN,Peugeot 5008 · Cena: 112900 PLN · Gwarancja Spoticar Premium12 miesięcy · SPOTICAR SZTUKOWSKI OSTRÓW WLKP.Ostrów Wielkopolski · Sprawdź ofertę!,https://www.spoticar.pl/znajdz-uzywany-samochod/peugeot-5008-15-bluehdi-gt-ss-eat8-ostrow-wielkopolski-1200223257,https://s3.eu-central-1.amazonaws.com/uvpictures-eu-central-1/368/SP/PL/PEUGEOT-5008-223257_1.JPG,https://s3.eu-central-1.amazonaws.com/uvpictures-eu-central-1/368/SP/PL/PEUGEOT-5008-223257_2.JPG|https://s3.eu-central-1.amazonaws.com/uvpictures-eu-central-1/368/SP/PL/PEUGEOT-5008-223257_3.JPG|https://s3.eu-central-1.amazonaws.com/uvpictures-eu-central-1/368/SP/PL/PEUGEOT-5008-223257_4.JPG,Peugeot,5008,2024,33261,KM,,Used,112900 PLN,PLN,CASH,112900 PLN,Total,Diesel,Automatic,SPOTICAR SZTUKOWSKI OSTRÓW WLKP.Ostrów Wielkopolski,SPOTICAR SZTUKOWSKI OSTRÓW WLKP.,Gwarancja Spoticar Premium12 miesięcy
SPOT-71519,Peugeot 3008 · 59900 PLN,Peugeot 3008 · Cena: 59900 PLN · Gwarancja Spoticar Premium6 miesięcy · SPOTICAR RIA STALOWA WOLAStalowa Wola / Grebów · Sprawdź ofertę!,https://www.spoticar.pl/znajdz-uzywany-samochod/peugeot-3008-12-puretech-allure-ss-eat6-stalowa-wola-grebow-1200223256,https://s3.eu-central-1.amazonaws.com/uvpictures-eu-central-1/368/SP/PL/PEUGEOT-3008-223256_1.JPG,https://s3.eu-central-1.amazonaws.com/uvpictures-eu-central-1/368/SP/PL/PEUGEOT-3008-223256_2.JPG|https://s3.eu-central-1.amazonaws.com/uvpictures-eu-central-1/368/SP/PL/PEUGEOT-3008-223256_3.JPG|https://s3.eu-central-1.amazonaws.com/uvpictures-eu-central-1/368/SP/PL/PEUGEOT-3008-223256_4.JPG,Peugeot,3008,2017,120235,KM,,Used,59900 PLN,PLN,CASH,59900 PLN,Total,Gasoline,Automatic,SPOTICAR RIA STALOWA WOLAStalowa Wola / Grebów,SPOTICAR RIA STALOWA WOLA,Gwarancja Spoticar Premium6 miesięcy
SPOT-71538,Peugeot 3008 · 54900 PLN,Peugeot 3008 · Cena: 54900 PLN · Gwarancja Spoticar Premium6 miesięcy · SPOTICAR RIA GRUDZIĄDZGRUDZIADZ · Sprawdź ofertę!,https://www.spoticar.pl/znajdz-uzywany-samochod/peugeot-3008-12-puretech-gpf-allure-ss-eat8-grudziadz-1200223598,https://s3.eu-central-1.amazonaws.com/uvpictures-eu-central-1/368/SP/PL/PEUGEOT-3008-223598_1.JPG,https://s3.eu-central-1.amazonaws.com/uvpictures-eu-central-1/368/SP/PL/PEUGEOT-3008-223598_2.JPG|https://s3.eu-central-1.amazonaws.com/uvpictures-eu-central-1/368/SP/PL/PEUGEOT-3008-223598_3.JPG|https://s3.eu-central-1.amazonaws.com/uvpictures-eu-central-1/368/SP/PL/PEUGEOT-3008-223598_4.JPG,Peugeot,3008,2021,132909,KM,,Used,54900 PLN,PLN,CASH,54900 PLN,Total,Gasoline,Automatic,SPOTICAR RIA GRUDZIĄDZGRUDZIADZ,SPOTICAR RIA GRUDZIĄDZ,Gwarancja Spoticar Premium6 miesięcy
SPOT-71539,Peugeot Rifter · 69900 PLN,Peugeot Rifter · Cena: 69900 PLN · Gwarancja Spoticar Premium6 miesięcy · Spoticar Auto Centrum Golemo Kraków · Sprawdź ofertę!,https://www.spoticar.pl/znajdz-uzywany-samochod/peugeot-rifter-15-bluehdi-gt-ss-krakow-1200223594,https://s3.eu-central-1.amazonaws.com/uvpictures-eu-central-1/368/SP/PL/PEUGEOT-RIFTER-223594_1.JPG,https://s3.eu-central-1.amazonaws.com/uvpictures-eu-central-1/368/SP/PL/PEUGEOT-RIFTER-223594_2.JPG|https://s3.eu-central-1.amazonaws.com/uvpictures-eu-central-1/368/SP/PL/PEUGEOT-RIFTER-223594_3.JPG|https://s3.eu-central-1.amazonaws.com/uvpictures-eu-central-1/368/SP/PL/PEUGEOT-RIFTER-223594_4.JPG,Peugeot,Rifter,2022,133764,KM,,Used,69900 PLN,PLN,CASH,69900 PLN,Total,Diesel,Manual,Spoticar Auto Centrum Golemo Kraków,Spoticar Auto Centrum Golemo KrakówSpoticar Auto Centrum Golemo Kraków,Gwarancja Spoticar Premium6 miesięcy
SPOT-71529,Peugeot 308 · 94900 PLN,Peugeot 308 · Cena: 94900 PLN · Gwarancja Spoticar Premium12 miesięcy · SPOTICAR RIA STALOWA WOLAStalowa Wola / Grebów · Sprawdź ofertę!,https://www.spoticar.pl/znajdz-uzywany-samochod/peugeot-308-12-puretech-gt-ss-eat8-stalowa-wola-grebow-1200223246,https://s3.eu-central-1.amazonaws.com/uvpictures-eu-central-1/368/SP/PL/PEUGEOT-308-223246_1.JPG,https://s3.eu-central-1.amazonaws.com/uvpictures-eu-central-1/368/SP/PL/PEUGEOT-308-223246_2.JPG|https://s3.eu-central-1.amazonaws.com/uvpictures-eu-central-1/368/SP/PL/PEUGEOT-308-223246_3.JPG|https://s3.eu-central-1.amazonaws.com/uvpictures-eu-central-1/368/SP/PL/PEUGEOT-308-223246_4.JPG,Peugeot,308,2024,27135,KM,,Used,94900 PLN,PLN,CASH,94900 PLN,Total,Gasoline,Automatic,SPOTICAR RIA STALOWA WOLAStalowa Wola / Grebów,SPOTICAR RIA STALOWA WOLA,Gwarancja Spoticar Premium12 miesięcy
SPOT-71537,Opel Astra · 62000 PLN,Opel Astra · Cena: 62000 PLN · Gwarancja Spoticar Premium12 miesięcy · SPOTICAR MOJSIUK STARE BABICEBiesiekierz · Sprawdź ofertę!,https://www.spoticar.pl/znajdz-uzywany-samochod/opel-astra-vi-12-t-elegance-ss-biesiekierz-1200223589,https://s3.eu-central-1.amazonaws.com/uvpictures-eu-central-1/368/SP/PL/OPEL-ASTRA-223589_1.JPG,https://s3.eu-central-1.amazonaws.com/uvpictures-eu-central-1/368/SP/PL/OPEL-ASTRA-223589_2.JPG|https://s3.eu-central-1.amazonaws.com/uvpictures-eu-central-1/368/SP/PL/OPEL-ASTRA-223589_3.JPG|https://s3.eu-central-1.amazonaws.com/uvpictures-eu-central-1/368/SP/PL/OPEL-ASTRA-223589_4.JPG,Opel,Astra,2022,24792,KM,,Used,62000 PLN,PLN,CASH,62000 PLN,Total,Gasoline,Manual,SPOTICAR MOJSIUK STARE BABICEBiesiekierz,SPOTICAR MOJSIUK STARE BABICE,Gwarancja Spoticar Premium12 miesięcy
SPOT-71552,Peugeot 3008 · 83900 PLN,Peugeot 3008 · Cena: 83900 PLN · Gwarancja Spoticar Premium12 miesięcy · SPOTICAR SZTUKOWSKI OSTRÓW WLKP.Ostrów Wielkopolski · Sprawdź ofertę!,https://www.spoticar.pl/znajdz-uzywany-samochod/peugeot-3008-12-puretech-allure-pack-ss-eat8-ostrow-wielkopolski-1200223579,https://s3.eu-central-1.amazonaws.com/uvpictures-eu-central-1/368/SP/PL/PEUGEOT-3008-223579_1.JPG,https://s3.eu-central-1.amazonaws.com/uvpictures-eu-central-1/368/SP/PL/PEUGEOT-3008-223579_2.JPG|https://s3.eu-central-1.amazonaws.com/uvpictures-eu-central-1/368/SP/PL/PEUGEOT-3008-223579_3.JPG|https://s3.eu-central-1.amazonaws.com/uvpictures-eu-central-1/368/SP/PL/PEUGEOT-3008-223579_4.JPG,Peugeot,3008,2024,20367,KM,,Used,83900 PLN,PLN,CASH,83900 PLN,Total,Gasoline,Automatic,SPOTICAR SZTUKOWSKI OSTRÓW WLKP.Ostrów Wielkopolski,SPOTICAR SZTUKOWSKI OSTRÓW WLKP.,Gwarancja Spoticar Premium12 miesięcy
SPOT-71619,Peugeot 2008 · 79900 PLN,Peugeot 2008 · Cena: 79900 PLN · Gwarancja Spoticar Premium12 miesięcy · Spoticar Auto Centrum Golemo Kraków · Sprawdź ofertę!,https://www.spoticar.pl/znajdz-uzywany-samochod/peugeot-krakow-1200223513,https://s3.eu-central-1.amazonaws.com/uvpictures-eu-central-1/368/SP/PL/PEUGEOT-2008-223513_1.JPG,https://s3.eu-central-1.amazonaws.com/uvpictures-eu-central-1/368/SP/PL/PEUGEOT-2008-223513_2.JPG|https://s3.eu-central-1.amazonaws.com/uvpictures-eu-central-1/368/SP/PL/PEUGEOT-2008-223513_3.JPG|https://s3.eu-central-1.amazonaws.com/uvpictures-eu-central-1/368/SP/PL/PEUGEOT-2008-223513_4.JPG,Peugeot,2008,2024,25080,KM,,Used,79900 PLN,PLN,CASH,79900 PLN,Total,Gasoline,Automatic,Spoticar Auto Centrum Golemo Kraków,Spoticar Auto Centrum Golemo KrakówSpoticar Auto Centrum Golemo Kraków,Gwarancja Spoticar Premium12 miesięcy
SPOT-71553,Peugeot 3008 · 83900 PLN,Peugeot 3008 · Cena: 83900 PLN · Gwarancja Spoticar Premium12 miesięcy · SPOTICAR SZTUKOWSKI OSTRÓW WLKP.Ostrów Wielkopolski · Sprawdź ofertę!,https://www.spoticar.pl/znajdz-uzywany-samochod/peugeot-3008-12-puretech-allure-pack-ss-eat8-ostrow-wielkopolski-1200223581,https://s3.eu-central-1.amazonaws.com/uvpictures-eu-central-1/368/SP/PL/PEUGEOT-3008-223581_1.JPG,https://s3.eu-central-1.amazonaws.com/uvpictures-eu-central-1/368/SP/PL/PEUGEOT-3008-223581_2.JPG|https://s3.eu-central-1.amazonaws.com/uvpictures-eu-central-1/368/SP/PL/PEUGEOT-3008-223581_3.JPG|https://s3.eu-central-1.amazonaws.com/uvpictures-eu-central-1/368/SP/PL/PEUGEOT-3008-223581_4.JPG,Peugeot,3008,2024,21220,KM,,Used,83900 PLN,PLN,CASH,83900 PLN,Total,Gasoline,Automatic,SPOTICAR SZTUKOWSKI OSTRÓW WLKP.Ostrów Wielkopolski,SPOTICAR SZTUKOWSKI OSTRÓW WLKP.,Gwarancja Spoticar Premium12 miesięcy
SPOT-71552,Peugeot 3008 · 83900 PLN,Peugeot 3008 · Cena: 83900 PLN · Gwarancja Spoticar Premium12 miesięcy · SPOTICAR SZTUKOWSKI OSTRÓW WLKP.Ostrów Wielkopolski · Sprawdź ofertę!,https://www.spoticar.pl/znajdz-uzywany-samochod/peugeot-3008-12-puretech-allure-pack-ss-eat8-ostrow-wielkopolski-1200223579,https://s3.eu-central-1.amazonaws.com/uvpictures-eu-central-1/368/SP/PL/PEUGEOT-3008-223579_1.JPG,https://s3.eu-central-1.amazonaws.com/uvpictures-eu-central-1/368/SP/PL/PEUGEOT-3008-223579_2.JPG|https://s3.eu-central-1.amazonaws.com/uvpictures-eu-central-1/368/SP/PL/PEUGEOT-3008-223579_3.JPG|https://s3.eu-central-1.amazonaws.com/uvpictures-eu-central-1/368/SP/PL/PEUGEOT-3008-223579_4.JPG,Peugeot,3008,2024,20367,KM,,Used,83900 PLN,PLN,CASH,83900 PLN,Total,Gasoline,Automatic,SPOTICAR SZTUKOWSKI OSTRÓW WLKP.Ostrów Wielkopolski,SPOTICAR SZTUKOWSKI OSTRÓW WLKP.,Gwarancja Spoticar Premium12 miesięcy
SPOT-71584,Peugeot 2008 · 104900 PLN,Peugeot 2008 · Cena: 104900 PLN · Gwarancja Spoticar Premium12 miesięcy · SPOTICAR RIA STALOWA WOLAStalowa Wola / Grebów · Sprawdź ofertę!,https://www.spoticar.pl/znajdz-uzywany-samochod/peugeot-2008-puretech-mhev-gt-e-dcs6-stalowa-wola-grebow-1200223549,https://s3.eu-central-1.amazonaws.com/uvpictures-eu-central-1/368/SP/PL/PEUGEOT-2008-223549_1.JPG,https://s3.eu-central-1.amazonaws.com/uvpictures-eu-central-1/368/SP/PL/PEUGEOT-2008-223549_2.JPG|https://s3.eu-central-1.amazonaws.com/uvpictures-eu-central-1/368/SP/PL/PEUGEOT-2008-223549_3.JPG|https://s3.eu-central-1.amazonaws.com/uvpictures-eu-central-1/368/SP/PL/PEUGEOT-2008-223549_4.JPG,Peugeot,2008,2025,20311,KM,,Used,104900 PLN,PLN,CASH,104900 PLN,Total,Hybrid,Automatic,SPOTICAR RIA STALOWA WOLAStalowa Wola / Grebów,SPOTICAR RIA STALOWA WOLA,Gwarancja Spoticar Premium12 miesięcy
SPOT-71622,Peugeot 308 · 77900 PLN,Peugeot 308 · Cena: 77900 PLN · Gwarancja Spoticar Premium12 miesięcy · Spoticar MOTOR CENTRUM GdańskGdańsk · Sprawdź ofertę!,https://www.spoticar.pl/znajdz-uzywany-samochod/peugeot-308-12-puretech-allure-ss-eat8-gdansk-1200223511,https://s3.eu-central-1.amazonaws.com/uvpictures-eu-central-1/368/SP/PL/PEUGEOT-308-223511_1.JPG,https://s3.eu-central-1.amazonaws.com/uvpictures-eu-central-1/368/SP/PL/PEUGEOT-308-223511_2.JPG|https://s3.eu-central-1.amazonaws.com/uvpictures-eu-central-1/368/SP/PL/PEUGEOT-308-223511_3.JPG|https://s3.eu-central-1.amazonaws.com/uvpictures-eu-central-1/368/SP/PL/PEUGEOT-308-223511_4.JPG,Peugeot,308,2024,40583,KM,,Used,77900 PLN,PLN,CASH,77900 PLN,Total,Gasoline,Automatic,Spoticar MOTOR CENTRUM GdańskGdańsk,Spoticar MOTOR CENTRUM Gdańsk,Gwarancja Spoticar Premium12 miesięcy
SPOT-71572,Peugeot 5008 · 139900 PLN,Peugeot 5008 · Cena: 139900 PLN · Gwarancja Spoticar Premium12 miesięcy · Spoticar  Budmat Auto PłockPłock · Sprawdź ofertę!,https://www.spoticar.pl/znajdz-uzywany-samochod/peugeot-5008-12-puretech-mhev-gt-ss-e-dcs6-plock-1200223560,https://s3.eu-central-1.amazonaws.com/uvpictures-eu-central-1/368/SP/PL/PEUGEOT-5008-223560_1.JPG,https://s3.eu-central-1.amazonaws.com/uvpictures-eu-central-1/368/SP/PL/PEUGEOT-5008-223560_2.JPG|https://s3.eu-central-1.amazonaws.com/uvpictures-eu-central-1/368/SP/PL/PEUGEOT-5008-223560_3.JPG|https://s3.eu-central-1.amazonaws.com/uvpictures-eu-central-1/368/SP/PL/PEUGEOT-5008-223560_4.JPG,Peugeot,5008,2025,5348,KM,,Used,139900 PLN,PLN,CASH,139900 PLN,Total,Gasoline,Automatic,Spoticar  Budmat Auto PłockPłock,Spoticar  Budmat Auto Płock,Gwarancja Spoticar Premium12 miesięcy
SPOT-71567,Opel Astra · 71900 PLN,Opel Astra · Cena: 71900 PLN · Gwarancja Spoticar Premium12 miesięcy · Spoticar  Budmat Auto PłockPłock · Sprawdź ofertę!,https://www.spoticar.pl/znajdz-uzywany-samochod/opel-astra-vi-12-t-gs-ss-aut-plock-1200223565,https://s3.eu-central-1.amazonaws.com/uvpictures-eu-central-1/368/SP/PL/OPEL-ASTRA-223565_1.JPG,https://s3.eu-central-1.amazonaws.com/uvpictures-eu-central-1/368/SP/PL/OPEL-ASTRA-223565_2.JPG|https://s3.eu-central-1.amazonaws.com/uvpictures-eu-central-1/368/SP/PL/OPEL-ASTRA-223565_3.JPG|https://s3.eu-central-1.amazonaws.com/uvpictures-eu-central-1/368/SP/PL/OPEL-ASTRA-223565_4.JPG,Opel,Astra,2024,34048,KM,,Used,71900 PLN,PLN,CASH,71900 PLN,Total,Gasoline,Automatic,Spoticar  Budmat Auto PłockPłock,Spoticar  Budmat Auto Płock,Gwarancja Spoticar Premium12 miesięcy
SPOT-71577,Opel Astra · 57900 PLN,Opel Astra · Cena: 57900 PLN · Gwarancja Spoticar Premium12 miesięcy · Spoticar  Budmat Auto PłockPłock · Sprawdź ofertę!,https://www.spoticar.pl/znajdz-uzywany-samochod/opel-astra-vi-12-t-edition-ss-plock-1200223555,https://s3.eu-central-1.amazonaws.com/uvpictures-eu-central-1/368/SP/PL/OPEL-ASTRA-223555_1.JPG,https://s3.eu-central-1.amazonaws.com/uvpictures-eu-central-1/368/SP/PL/OPEL-ASTRA-223555_2.JPG|https://s3.eu-central-1.amazonaws.com/uvpictures-eu-central-1/368/SP/PL/OPEL-ASTRA-223555_3.JPG|https://s3.eu-central-1.amazonaws.com/uvpictures-eu-central-1/368/SP/PL/OPEL-ASTRA-223555_4.JPG,Opel,Astra,2023,62000,KM,,Used,57900 PLN,PLN,CASH,57900 PLN,Total,Gasoline,Manual,Spoticar  Budmat Auto PłockPłock,Spoticar  Budmat Auto Płock,Gwarancja Spoticar Premium12 miesięcy
SPOT-71545,Opel Mokka · 89900 PLN,Opel Mokka · Cena: 89900 PLN · Gwarancja Spoticar Premium12 miesięcy · SPOTICAR MOJSIUK STARE BABICEBiesiekierz · Sprawdź ofertę!,https://www.spoticar.pl/znajdz-uzywany-samochod/opel-mokka-12-t-gs-ss-biesiekierz-1200223588,https://s3.eu-central-1.amazonaws.com/uvpictures-eu-central-1/368/SP/PL/OPEL-MOKKA-223588_1.JPG,https://s3.eu-central-1.amazonaws.com/uvpictures-eu-central-1/368/SP/PL/OPEL-MOKKA-223588_2.JPG|https://s3.eu-central-1.amazonaws.com/uvpictures-eu-central-1/368/SP/PL/OPEL-MOKKA-223588_3.JPG|https://s3.eu-central-1.amazonaws.com/uvpictures-eu-central-1/368/SP/PL/OPEL-MOKKA-223588_4.JPG,Opel,Mokka,2025,9870,KM,,Used,89900 PLN,PLN,CASH,89900 PLN,Total,Gasoline,Manual,SPOTICAR MOJSIUK STARE BABICEBiesiekierz,SPOTICAR MOJSIUK STARE BABICE,Gwarancja Spoticar Premium12 miesięcy
SPOT-71647,Fiat 500 · 69900 PLN,Fiat 500 · Cena: 69900 PLN · Gwarancja Spoticar Premium12 miesięcy · Spoticar Marimex Kraków-LibertówKraków-Libertów · Sprawdź ofertę!,https://www.spoticar.pl/znajdz-uzywany-samochod/fiat-500-e-500-31-42-kwh-krakow-libertow-1200223485,https://s3.eu-central-1.amazonaws.com/uvpictures-eu-central-1/368/SP/PL/FIAT-500-E-223485_1.JPG,https://s3.eu-central-1.amazonaws.com/uvpictures-eu-central-1/368/SP/PL/FIAT-500-E-223485_2.JPG|https://s3.eu-central-1.amazonaws.com/uvpictures-eu-central-1/368/SP/PL/FIAT-500-E-223485_3.JPG|https://s3.eu-central-1.amazonaws.com/uvpictures-eu-central-1/368/SP/PL/FIAT-500-E-223485_4.JPG,Fiat,500,2024,22960,KM,,Used,69900 PLN,PLN,CASH,69900 PLN,Total,Electric,Automatic,Spoticar Marimex Kraków-LibertówKraków-Libertów,Spoticar Marimex Kraków-Libertów,Gwarancja Spoticar Premium12 miesięcy
SPOT-71648,Peugeot 3008 · 119900 PLN,Peugeot 3008 · Cena: 119900 PLN · Gwarancja Spoticar Premium12 miesięcy · SPOTICAR STELLANTIS & YOU WARSZAWA PUŁAWSKA · Sprawdź ofertę!,https://www.spoticar.pl/znajdz-uzywany-samochod/peugeot-3008-12-puretech-mhev-gt-e-dcs6-warszawa-1200223483,https://s3.eu-central-1.amazonaws.com/uvpictures-eu-central-1/368/SP/PL/PEUGEOT-3008-223483_1.JPG,https://s3.eu-central-1.amazonaws.com/uvpictures-eu-central-1/368/SP/PL/PEUGEOT-3008-223483_2.JPG|https://s3.eu-central-1.amazonaws.com/uvpictures-eu-central-1/368/SP/PL/PEUGEOT-3008-223483_3.JPG|https://s3.eu-central-1.amazonaws.com/uvpictures-eu-central-1/368/SP/PL/PEUGEOT-3008-223483_4.JPG,Peugeot,3008,2025,11277,KM,,Used,119900 PLN,PLN,CASH,119900 PLN,Total,Hybrid,Automatic,SPOTICAR STELLANTIS & YOU WARSZAWA PUŁAWSKA,SPOTICAR STELLANTIS & YOU WARSZAWA PUŁAWSKASPOTICAR STELLANTIS & YOU WARSZAWA PUŁAWSKA,Gwarancja Spoticar Premium12 miesięcy
SPOT-71646,Peugeot 2008 · 82900 PLN,Peugeot 2008 · Cena: 82900 PLN · Gwarancja Spoticar Premium12 miesięcy · SPOTICAR SZTUKOWSKI OSTRÓW WLKP.Ostrów Wielkopolski · Sprawdź ofertę!,https://www.spoticar.pl/znajdz-uzywany-samochod/peugeot-2008-puretech-130-allure-ss-eat8-ostrow-wielkopolski-1200223484,https://s3.eu-central-1.amazonaws.com/uvpictures-eu-central-1/368/SP/PL/PEUGEOT-2008-223484_1.JPG,https://s3.eu-central-1.amazonaws.com/uvpictures-eu-central-1/368/SP/PL/PEUGEOT-2008-223484_2.JPG|https://s3.eu-central-1.amazonaws.com/uvpictures-eu-central-1/368/SP/PL/PEUGEOT-2008-223484_3.JPG|https://s3.eu-central-1.amazonaws.com/uvpictures-eu-central-1/368/SP/PL/PEUGEOT-2008-223484_4.JPG,Peugeot,2008,2024,14862,KM,,Used,82900 PLN,PLN,CASH,82900 PLN,Total,Gasoline,Automatic,SPOTICAR SZTUKOWSKI OSTRÓW WLKP.Ostrów Wielkopolski,SPOTICAR SZTUKOWSKI OSTRÓW WLKP.,Gwarancja Spoticar Premium12 miesięcy
SPOT-71675,Peugeot 3008 · 119900 PLN,Peugeot 3008 · Cena: 119900 PLN · Gwarancja Spoticar Premium12 miesięcy · SPOTICAR STELLANTIS & YOU WARSZAWA RADZYMIŃSKA · Sprawdź ofertę!,https://www.spoticar.pl/znajdz-uzywany-samochod/peugeot-3008-12-puretech-mhev-gt-ss-e-dcs6-warszawa-1200223458,https://s3.eu-central-1.amazonaws.com/uvpictures-eu-central-1/368/SP/PL/PEUGEOT-3008-223458_1.JPG,https://s3.eu-central-1.amazonaws.com/uvpictures-eu-central-1/368/SP/PL/PEUGEOT-3008-223458_2.JPG|https://s3.eu-central-1.amazonaws.com/uvpictures-eu-central-1/368/SP/PL/PEUGEOT-3008-223458_3.JPG|https://s3.eu-central-1.amazonaws.com/uvpictures-eu-central-1/368/SP/PL/PEUGEOT-3008-223458_4.JPG,Peugeot,3008,2025,13959,KM,,Used,119900 PLN,PLN,CASH,119900 PLN,Total,Hybrid,Automatic,SPOTICAR STELLANTIS & YOU WARSZAWA RADZYMIŃSKA,SPOTICAR STELLANTIS & YOU WARSZAWA RADZYMIŃSKASPOTICAR STELLANTIS & YOU WARSZAWA RADZYMIŃSKA,Gwarancja Spoticar Premium12 miesięcy
SPOT-71729,Citroën C4 · 53900 PLN,Citroën C4 · Cena: 53900 PLN · Gwarancja Spoticar Premium6 miesięcy · Spoticar Auto Centrum Golemo Kraków · Sprawdź ofertę!,https://www.spoticar.pl/znajdz-uzywany-samochod/citroen-c4-12-puretech-shine-ss-krakow-1200223403,https://s3.eu-central-1.amazonaws.com/uvpictures-eu-central-1/368/SP/PL/CITROEN-C4-223403_1.JPG,https://s3.eu-central-1.amazonaws.com/uvpictures-eu-central-1/368/SP/PL/CITROEN-C4-223403_2.JPG|https://s3.eu-central-1.amazonaws.com/uvpictures-eu-central-1/368/SP/PL/CITROEN-C4-223403_3.JPG|https://s3.eu-central-1.amazonaws.com/uvpictures-eu-central-1/368/SP/PL/CITROEN-C4-223403_4.JPG,Citroën,C4,2021,86160,KM,,Used,53900 PLN,PLN,CASH,53900 PLN,Total,Gasoline,Manual,Spoticar Auto Centrum Golemo Kraków,Spoticar Auto Centrum Golemo KrakówSpoticar Auto Centrum Golemo Kraków,Gwarancja Spoticar Premium6 miesięcy
SPOT-71625,Peugeot 208 · 86900 PLN,Peugeot 208 · Cena: 86900 PLN · Gwarancja Spoticar Premium12 miesięcy · SPOTICAR STELLANTIS & YOU WARSZAWA RADZYMIŃSKA · Sprawdź ofertę!,https://www.spoticar.pl/znajdz-uzywany-samochod/peugeot-208-12-mhev-gt-warszawa-1200223509,https://s3.eu-central-1.amazonaws.com/uvpictures-eu-central-1/368/SP/PL/PEUGEOT-208-223509_1.JPG,https://s3.eu-central-1.amazonaws.com/uvpictures-eu-central-1/368/SP/PL/PEUGEOT-208-223509_2.JPG|https://s3.eu-central-1.amazonaws.com/uvpictures-eu-central-1/368/SP/PL/PEUGEOT-208-223509_3.JPG|https://s3.eu-central-1.amazonaws.com/uvpictures-eu-central-1/368/SP/PL/PEUGEOT-208-223509_4.JPG,Peugeot,208,2025,23760,KM,,Used,86900 PLN,PLN,CASH,86900 PLN,Total,Hybrid,Automatic,SPOTICAR STELLANTIS & YOU WARSZAWA RADZYMIŃSKA,SPOTICAR STELLANTIS & YOU WARSZAWA RADZYMIŃSKASPOTICAR STELLANTIS & YOU WARSZAWA RADZYMIŃSKA,Gwarancja Spoticar Premium12 miesięcy
SPOT-71682,Fiat 500 · 47900 PLN,Fiat 500 · Cena: 47900 PLN · Gwarancja Spoticar Premium12 miesięcy · SPOTICAR RIA STALOWA WOLAStalowa Wola / Grebów · Sprawdź ofertę!,https://www.spoticar.pl/znajdz-uzywany-samochod/fiat-500-10-hybrid-dolcevita-stalowa-wola-grebow-1200223450,https://s3.eu-central-1.amazonaws.com/uvpictures-eu-central-1/368/SP/PL/FIAT-500-223450_1.JPG,https://s3.eu-central-1.amazonaws.com/uvpictures-eu-central-1/368/SP/PL/FIAT-500-223450_2.JPG|https://s3.eu-central-1.amazonaws.com/uvpictures-eu-central-1/368/SP/PL/FIAT-500-223450_3.JPG|https://s3.eu-central-1.amazonaws.com/uvpictures-eu-central-1/368/SP/PL/FIAT-500-223450_4.JPG,Fiat,500,2022,81346,KM,,Used,47900 PLN,PLN,CASH,47900 PLN,Total,Hybrid,Manual,SPOTICAR RIA STALOWA WOLAStalowa Wola / Grebów,SPOTICAR RIA STALOWA WOLA,Gwarancja Spoticar Premium12 miesięcy
SPOT-71665,Peugeot 3008 · 119900 PLN,Peugeot 3008 · Cena: 119900 PLN · Gwarancja Spoticar Premium12 miesięcy · SPOTICAR STELLANTIS & YOU WARSZAWA PUŁAWSKA · Sprawdź ofertę!,https://www.spoticar.pl/znajdz-uzywany-samochod/peugeot-3008-12-puretech-mhev-gt-e-dcs6-warszawa-1200223466,https://s3.eu-central-1.amazonaws.com/uvpictures-eu-central-1/368/SP/PL/PEUGEOT-3008-223466_1.JPG,https://s3.eu-central-1.amazonaws.com/uvpictures-eu-central-1/368/SP/PL/PEUGEOT-3008-223466_2.JPG|https://s3.eu-central-1.amazonaws.com/uvpictures-eu-central-1/368/SP/PL/PEUGEOT-3008-223466_3.JPG|https://s3.eu-central-1.amazonaws.com/uvpictures-eu-central-1/368/SP/PL/PEUGEOT-3008-223466_4.JPG,Peugeot,3008,2025,13369,KM,,Used,119900 PLN,PLN,CASH,119900 PLN,Total,Hybrid,Automatic,SPOTICAR STELLANTIS & YOU WARSZAWA PUŁAWSKA,SPOTICAR STELLANTIS & YOU WARSZAWA PUŁAWSKASPOTICAR STELLANTIS & YOU WARSZAWA PUŁAWSKA,Gwarancja Spoticar Premium12 miesięcy
SPOT-71686,Fiat 500 · 88990 PLN,Fiat 500 · Cena: 88990 PLN · Gwarancja Spoticar Premium12 miesięcy · SPOTICAR DEJON I DĄBROWSKI LEGNICA · Sprawdź ofertę!,https://www.spoticar.pl/znajdz-uzywany-samochod/fiat-legnica-1200223443,https://s3.eu-central-1.amazonaws.com/uvpictures-eu-central-1/368/SP/PL/FIAT-500-E-223443_1.JPG,https://s3.eu-central-1.amazonaws.com/uvpictures-eu-central-1/368/SP/PL/FIAT-500-E-223443_2.JPG|https://s3.eu-central-1.amazonaws.com/uvpictures-eu-central-1/368/SP/PL/FIAT-500-E-223443_3.JPG|https://s3.eu-central-1.amazonaws.com/uvpictures-eu-central-1/368/SP/PL/FIAT-500-E-223443_4.JPG,Fiat,500,2024,30189,KM,,Used,88990 PLN,PLN,CASH,88990 PLN,Total,Electric,Automatic,SPOTICAR DEJON I DĄBROWSKI LEGNICA,SPOTICAR DEJON I DĄBROWSKI LEGNICASPOTICAR DEJON I DĄBROWSKI LEGNICA,Gwarancja Spoticar Premium12 miesięcy
SPOT-71588,Peugeot 3008 · 118900 PLN,Peugeot 3008 · Cena: 118900 PLN · Gwarancja Spoticar Premium12 miesięcy · Spoticar  Budmat Auto PłockPłock · Sprawdź ofertę!,https://www.spoticar.pl/znajdz-uzywany-samochod/peugeot-3008-12-puretech-mhev-gt-e-dcs6-plock-1200223543,https://s3.eu-central-1.amazonaws.com/uvpictures-eu-central-1/368/SP/PL/PEUGEOT-3008-223543_1.JPG,https://s3.eu-central-1.amazonaws.com/uvpictures-eu-central-1/368/SP/PL/PEUGEOT-3008-223543_2.JPG|https://s3.eu-central-1.amazonaws.com/uvpictures-eu-central-1/368/SP/PL/PEUGEOT-3008-223543_3.JPG|https://s3.eu-central-1.amazonaws.com/uvpictures-eu-central-1/368/SP/PL/PEUGEOT-3008-223543_4.JPG,Peugeot,3008,2025,15631,KM,,Used,118900 PLN,PLN,CASH,118900 PLN,Total,Hybrid,Automatic,Spoticar  Budmat Auto PłockPłock,Spoticar  Budmat Auto Płock,Gwarancja Spoticar Premium12 miesięcy
SPOT-71748,Opel Grandland · 99990 PLN,Opel Grandland · Cena: 99990 PLN · Gwarancja Spoticar Premium12 miesięcy · Spoticar GEZET SzczecinSzczecin · Sprawdź ofertę!,https://www.spoticar.pl/znajdz-uzywany-samochod/opel-grandland-12-t-gs-line-ss-szczecin-1200223383,https://s3.eu-central-1.amazonaws.com/uvpictures-eu-central-1/368/SP/PL/OPEL-GRANDLAND-223383_1.JPG,https://s3.eu-central-1.amazonaws.com/uvpictures-eu-central-1/368/SP/PL/OPEL-GRANDLAND-223383_2.JPG|https://s3.eu-central-1.amazonaws.com/uvpictures-eu-central-1/368/SP/PL/OPEL-GRANDLAND-223383_3.JPG|https://s3.eu-central-1.amazonaws.com/uvpictures-eu-central-1/368/SP/PL/OPEL-GRANDLAND-223383_4.JPG,Opel,Grandland,2022,23822,KM,,Used,99990 PLN,PLN,CASH,99990 PLN,Total,Gasoline,Manual,Spoticar GEZET SzczecinSzczecin,Spoticar GEZET Szczecin,Gwarancja Spoticar Premium12 miesięcy
SPOT-71750,Opel Grandland · 99990 PLN,Opel Grandland · Cena: 99990 PLN · Gwarancja Spoticar Premium12 miesięcy · Spoticar GEZET SzczecinSzczecin · Sprawdź ofertę!,https://www.spoticar.pl/znajdz-uzywany-samochod/opel-grandland-12-t-business-edition-ss-szczecin-1200223381,https://s3.eu-central-1.amazonaws.com/uvpictures-eu-central-1/368/SP/PL/OPEL-GRANDLAND-223381_1.JPG,https://s3.eu-central-1.amazonaws.com/uvpictures-eu-central-1/368/SP/PL/OPEL-GRANDLAND-223381_2.JPG|https://s3.eu-central-1.amazonaws.com/uvpictures-eu-central-1/368/SP/PL/OPEL-GRANDLAND-223381_3.JPG|https://s3.eu-central-1.amazonaws.com/uvpictures-eu-central-1/368/SP/PL/OPEL-GRANDLAND-223381_4.JPG,Opel,Grandland,2022,28277,KM,,Used,99990 PLN,PLN,CASH,99990 PLN,Total,Gasoline,Manual,Spoticar GEZET SzczecinSzczecin,Spoticar GEZET Szczecin,Gwarancja Spoticar Premium12 miesięcy
SPOT-71746,Opel Mokka · 102990 PLN,Opel Mokka · Cena: 102990 PLN · Gwarancja Spoticar Premium12 miesięcy · Spoticar GEZET SzczecinSzczecin · Sprawdź ofertę!,https://www.spoticar.pl/znajdz-uzywany-samochod/opel-mokka-12-t-edition-ss-aut-szczecin-1200223385,https://s3.eu-central-1.amazonaws.com/uvpictures-eu-central-1/368/SP/PL/OPEL-MOKKA-223385_1.JPG,https://s3.eu-central-1.amazonaws.com/uvpictures-eu-central-1/368/SP/PL/OPEL-MOKKA-223385_2.JPG|https://s3.eu-central-1.amazonaws.com/uvpictures-eu-central-1/368/SP/PL/OPEL-MOKKA-223385_3.JPG|https://s3.eu-central-1.amazonaws.com/uvpictures-eu-central-1/368/SP/PL/OPEL-MOKKA-223385_4.JPG,Opel,Mokka,2024,22000,KM,,Used,102990 PLN,PLN,CASH,102990 PLN,Total,Gasoline,Automatic,Spoticar GEZET SzczecinSzczecin,Spoticar GEZET Szczecin,Gwarancja Spoticar Premium12 miesięcy
SPOT-71737,Citroën Berlingo · 102900 PLN,Citroën Berlingo · Cena: 102900 PLN · Gwarancja Spoticar Premium12 miesięcy · SPOTICAR STELLANTIS & YOU WARSZAWA RADZYMIŃSKA · Sprawdź ofertę!,https://www.spoticar.pl/znajdz-uzywany-samochod/citroen-berlingo-m-12-puretech-plus-ss-warszawa-1200223396,https://s3.eu-central-1.amazonaws.com/uvpictures-eu-central-1/368/SP/PL/CITROEN-BERLINGO-223396_1.JPG,https://s3.eu-central-1.amazonaws.com/uvpictures-eu-central-1/368/SP/PL/CITROEN-BERLINGO-223396_2.JPG|https://s3.eu-central-1.amazonaws.com/uvpictures-eu-central-1/368/SP/PL/CITROEN-BERLINGO-223396_3.JPG|https://s3.eu-central-1.amazonaws.com/uvpictures-eu-central-1/368/SP/PL/CITROEN-BERLINGO-223396_4.JPG,Citroën,Berlingo,2024,13000,KM,,Used,102900 PLN,PLN,CASH,102900 PLN,Total,Gasoline,Manual,SPOTICAR STELLANTIS & YOU WARSZAWA RADZYMIŃSKA,SPOTICAR STELLANTIS & YOU WARSZAWA RADZYMIŃSKASPOTICAR STELLANTIS & YOU WARSZAWA RADZYMIŃSKA,Gwarancja Spoticar Premium12 miesięcy
SPOT-71753,Opel Grandland · 99990 PLN,Opel Grandland · Cena: 99990 PLN · Gwarancja Spoticar Premium12 miesięcy · Spoticar GEZET SzczecinSzczecin · Sprawdź ofertę!,https://www.spoticar.pl/znajdz-uzywany-samochod/opel-grandland-12-t-business-edition-ss-szczecin-1200223378,https://s3.eu-central-1.amazonaws.com/uvpictures-eu-central-1/368/SP/PL/OPEL-GRANDLAND-223378_1.JPG,https://s3.eu-central-1.amazonaws.com/uvpictures-eu-central-1/368/SP/PL/OPEL-GRANDLAND-223378_2.JPG|https://s3.eu-central-1.amazonaws.com/uvpictures-eu-central-1/368/SP/PL/OPEL-GRANDLAND-223378_3.JPG|https://s3.eu-central-1.amazonaws.com/uvpictures-eu-central-1/368/SP/PL/OPEL-GRANDLAND-223378_4.JPG,Opel,Grandland,2022,27710,KM,,Used,99990 PLN,PLN,CASH,99990 PLN,Total,Gasoline,Manual,Spoticar GEZET SzczecinSzczecin,Spoticar GEZET Szczecin,Gwarancja Spoticar Premium12 miesięcy
SPOT-71752,Opel Grandland · 99990 PLN,Opel Grandland · Cena: 99990 PLN · Gwarancja Spoticar Premium12 miesięcy · Spoticar GEZET SzczecinSzczecin · Sprawdź ofertę!,https://www.spoticar.pl/znajdz-uzywany-samochod/opel-grandland-12-t-gs-line-ss-aut-szczecin-1200223379,https://s3.eu-central-1.amazonaws.com/uvpictures-eu-central-1/368/SP/PL/OPEL-GRANDLAND-223379_1.JPG,https://s3.eu-central-1.amazonaws.com/uvpictures-eu-central-1/368/SP/PL/OPEL-GRANDLAND-223379_2.JPG|https://s3.eu-central-1.amazonaws.com/uvpictures-eu-central-1/368/SP/PL/OPEL-GRANDLAND-223379_3.JPG|https://s3.eu-central-1.amazonaws.com/uvpictures-eu-central-1/368/SP/PL/OPEL-GRANDLAND-223379_4.JPG,Opel,Grandland,2022,60939,KM,,Used,99990 PLN,PLN,CASH,99990 PLN,Total,Gasoline,Automatic,Spoticar GEZET SzczecinSzczecin,Spoticar GEZET Szczecin,Gwarancja Spoticar Premium12 miesięcy
SPOT-71730,Citroën C4 · 70990 PLN,Citroën C4 · Cena: 70990 PLN · Gwarancja Spoticar Premium12 miesięcy · Spoticar GEZET SzczecinSzczecin · Sprawdź ofertę!,https://www.spoticar.pl/znajdz-uzywany-samochod/citroen-c4-12-puretech-feel-ss-eat8-szczecin-1200223401,https://s3.eu-central-1.amazonaws.com/uvpictures-eu-central-1/368/SP/PL/CITROEN-C4-223401_1.JPG,https://s3.eu-central-1.amazonaws.com/uvpictures-eu-central-1/368/SP/PL/CITROEN-C4-223401_2.JPG|https://s3.eu-central-1.amazonaws.com/uvpictures-eu-central-1/368/SP/PL/CITROEN-C4-223401_3.JPG|https://s3.eu-central-1.amazonaws.com/uvpictures-eu-central-1/368/SP/PL/CITROEN-C4-223401_4.JPG,Citroën,C4,2023,56480,KM,,Used,70990 PLN,PLN,CASH,70990 PLN,Total,Gasoline,Automatic,Spoticar GEZET SzczecinSzczecin,Spoticar GEZET Szczecin,Gwarancja Spoticar Premium12 miesięcy
SPOT-71743,Opel Mokka · 131990 PLN,Opel Mokka · Cena: 131990 PLN · Gwarancja Spoticar Premium12 miesięcy · Spoticar GEZET SzczecinSzczecin · Sprawdź ofertę!,https://www.spoticar.pl/znajdz-uzywany-samochod/opel-mokka-12-t-mhev-gs-ss-edtc6-szczecin-1200223387,https://s3.eu-central-1.amazonaws.com/uvpictures-eu-central-1/368/SP/PL/OPEL-MOKKA-223387_1.JPG,https://s3.eu-central-1.amazonaws.com/uvpictures-eu-central-1/368/SP/PL/OPEL-MOKKA-223387_2.JPG|https://s3.eu-central-1.amazonaws.com/uvpictures-eu-central-1/368/SP/PL/OPEL-MOKKA-223387_3.JPG|https://s3.eu-central-1.amazonaws.com/uvpictures-eu-central-1/368/SP/PL/OPEL-MOKKA-223387_4.JPG,Opel,Mokka,2025,1000,KM,,Used,131990 PLN,PLN,CASH,131990 PLN,Total,Gasoline,Automatic,Spoticar GEZET SzczecinSzczecin,Spoticar GEZET Szczecin,Gwarancja Spoticar Premium12 miesięcy
SPOT-71740,Opel Corsa · 93990 PLN,Opel Corsa · Cena: 93990 PLN · Gwarancja Spoticar Premium12 miesięcy · Spoticar GEZET SzczecinSzczecin · Sprawdź ofertę!,https://www.spoticar.pl/znajdz-uzywany-samochod/opel-corsa-12-t-mhev-gs-edct-szczecin-1200223391,https://s3.eu-central-1.amazonaws.com/uvpictures-eu-central-1/368/SP/PL/OPEL-CORSA-223391_1.JPG,https://s3.eu-central-1.amazonaws.com/uvpictures-eu-central-1/368/SP/PL/OPEL-CORSA-223391_2.JPG|https://s3.eu-central-1.amazonaws.com/uvpictures-eu-central-1/368/SP/PL/OPEL-CORSA-223391_3.JPG|https://s3.eu-central-1.amazonaws.com/uvpictures-eu-central-1/368/SP/PL/OPEL-CORSA-223391_4.JPG,Opel,Corsa,2025,6,KM,,Used,93990 PLN,PLN,CASH,93990 PLN,Total,Gasoline,Automatic,Spoticar GEZET SzczecinSzczecin,Spoticar GEZET Szczecin,Gwarancja Spoticar Premium12 miesięcy
SPOT-71765,Fiat Ducato · 150048 PLN,Fiat Ducato · Cena: 150048 PLN · Gwarancja Spoticar Premium12 miesięcy · Spoticar GEZET SzczecinSzczecin · Sprawdź ofertę!,https://www.spoticar.pl/znajdz-uzywany-samochod/fiat-ducato-maxi-mj-l3h2-szczecin-1200223368,https://s3.eu-central-1.amazonaws.com/uvpictures-eu-central-1/368/SP/PL/FIAT-DUCATO-223368_1.JPG,https://s3.eu-central-1.amazonaws.com/uvpictures-eu-central-1/368/SP/PL/FIAT-DUCATO-223368_2.JPG|https://s3.eu-central-1.amazonaws.com/uvpictures-eu-central-1/368/SP/PL/FIAT-DUCATO-223368_3.JPG|https://s3.eu-central-1.amazonaws.com/uvpictures-eu-central-1/368/SP/PL/FIAT-DUCATO-223368_4.JPG,Fiat,Ducato,2025,6,KM,,Used,150048 PLN,PLN,CASH,150048 PLN,Total,Diesel,Manual,Spoticar GEZET SzczecinSzczecin,Spoticar GEZET Szczecin,Gwarancja Spoticar Premium12 miesięcy
SPOT-71789,Peugeot 308 · 65990 PLN,Peugeot 308 · Cena: 65990 PLN · Gwarancja Spoticar Premium6 miesięcy · Spoticar GEZET SzczecinSzczecin · Sprawdź ofertę!,https://www.spoticar.pl/znajdz-uzywany-samochod/peugeot-308-12-puretech-gpf-access-ss-szczecin-1200223348,https://s3.eu-central-1.amazonaws.com/uvpictures-eu-central-1/368/SP/PL/PEUGEOT-308-223348_1.JPG,https://s3.eu-central-1.amazonaws.com/uvpictures-eu-central-1/368/SP/PL/PEUGEOT-308-223348_2.JPG|https://s3.eu-central-1.amazonaws.com/uvpictures-eu-central-1/368/SP/PL/PEUGEOT-308-223348_3.JPG|https://s3.eu-central-1.amazonaws.com/uvpictures-eu-central-1/368/SP/PL/PEUGEOT-308-223348_4.JPG,Peugeot,308,2021,69000,KM,,Used,65990 PLN,PLN,CASH,65990 PLN,Total,Gasoline,Manual,Spoticar GEZET SzczecinSzczecin,Spoticar GEZET Szczecin,Gwarancja Spoticar Premium6 miesięcy
SPOT-71790,Opel Grandland · 122990 PLN,Opel Grandland · Cena: 122990 PLN · Gwarancja Spoticar Premium12 miesięcy · Spoticar GEZET SzczecinSzczecin · Sprawdź ofertę!,https://www.spoticar.pl/znajdz-uzywany-samochod/opel-grandland-12-t-gs-line-ss-szczecin-1200223276,https://s3.eu-central-1.amazonaws.com/uvpictures-eu-central-1/368/SP/PL/OPEL-GRANDLAND-223276_1.JPG,https://s3.eu-central-1.amazonaws.com/uvpictures-eu-central-1/368/SP/PL/OPEL-GRANDLAND-223276_2.JPG|https://s3.eu-central-1.amazonaws.com/uvpictures-eu-central-1/368/SP/PL/OPEL-GRANDLAND-223276_3.JPG|https://s3.eu-central-1.amazonaws.com/uvpictures-eu-central-1/368/SP/PL/OPEL-GRANDLAND-223276_4.JPG,Opel,Grandland,2022,10620,KM,,Used,122990 PLN,PLN,CASH,122990 PLN,Total,Gasoline,Manual,Spoticar GEZET SzczecinSzczecin,Spoticar GEZET Szczecin,Gwarancja Spoticar Premium12 miesięcy
SPOT-71769,Citroën C3 · 79990 PLN,Citroën C3 · Cena: 79990 PLN · Gwarancja Spoticar Premium12 miesięcy · SPOTICAR STELLANTIS & YOU WARSZAWA RADZYMIŃSKA · Sprawdź ofertę!,https://www.spoticar.pl/znajdz-uzywany-samochod/citroen-c3-12-t-max-warszawa-1200223362,https://s3.eu-central-1.amazonaws.com/uvpictures-eu-central-1/368/SP/PL/CITROEN-C3-223362_1.JPG,https://s3.eu-central-1.amazonaws.com/uvpictures-eu-central-1/368/SP/PL/CITROEN-C3-223362_2.JPG|https://s3.eu-central-1.amazonaws.com/uvpictures-eu-central-1/368/SP/PL/CITROEN-C3-223362_3.JPG|https://s3.eu-central-1.amazonaws.com/uvpictures-eu-central-1/368/SP/PL/CITROEN-C3-223362_4.JPG,Citroën,C3,2024,1285,KM,,Used,79990 PLN,PLN,CASH,79990 PLN,Total,Gasoline,Manual,SPOTICAR STELLANTIS & YOU WARSZAWA RADZYMIŃSKA,SPOTICAR STELLANTIS & YOU WARSZAWA RADZYMIŃSKASPOTICAR STELLANTIS & YOU WARSZAWA RADZYMIŃSKA,Gwarancja Spoticar Premium12 miesięcy
SPOT-71809,Fiat 500 · 149990 PLN,Fiat 500 · Cena: 149990 PLN · Gwarancja Spoticar Premium12 miesięcy · Spoticar GEZET SzczecinSzczecin · Sprawdź ofertę!,https://www.spoticar.pl/znajdz-uzywany-samochod/fiat-500-la-prima-szczecin-1200223335,https://s3.eu-central-1.amazonaws.com/uvpictures-eu-central-1/368/SP/PL/FIAT-500-223335_1.JPG,https://s3.eu-central-1.amazonaws.com/uvpictures-eu-central-1/368/SP/PL/FIAT-500-223335_2.JPG|https://s3.eu-central-1.amazonaws.com/uvpictures-eu-central-1/368/SP/PL/FIAT-500-223335_3.JPG|https://s3.eu-central-1.amazonaws.com/uvpictures-eu-central-1/368/SP/PL/FIAT-500-223335_4.JPG,Fiat,500,2023,3000,KM,,Used,149990 PLN,PLN,CASH,149990 PLN,Total,Electric,Automatic,Spoticar GEZET SzczecinSzczecin,Spoticar GEZET Szczecin,Gwarancja Spoticar Premium12 miesięcy
SPOT-71812,Fiat 600 · 169990 PLN,Fiat 600 · Cena: 169990 PLN · Gwarancja Spoticar Premium12 miesięcy · Spoticar GEZET SzczecinSzczecin · Sprawdź ofertę!,https://www.spoticar.pl/znajdz-uzywany-samochod/fiat-600-e-56kwh-red-szczecin-1200223331,https://s3.eu-central-1.amazonaws.com/uvpictures-eu-central-1/368/SP/PL/FIAT-600-223331_1.JPG,https://s3.eu-central-1.amazonaws.com/uvpictures-eu-central-1/368/SP/PL/FIAT-600-223331_2.JPG|https://s3.eu-central-1.amazonaws.com/uvpictures-eu-central-1/368/SP/PL/FIAT-600-223331_3.JPG|https://s3.eu-central-1.amazonaws.com/uvpictures-eu-central-1/368/SP/PL/FIAT-600-223331_4.JPG,Fiat,600,2024,2000,KM,,Used,169990 PLN,PLN,CASH,169990 PLN,Total,Electric,Automatic,Spoticar GEZET SzczecinSzczecin,Spoticar GEZET Szczecin,Gwarancja Spoticar Premium12 miesięcy
SPOT-71772,Opel Mokka · 91990 PLN,Opel Mokka · Cena: 91990 PLN · Gwarancja Spoticar Premium12 miesięcy · Spoticar GEZET SzczecinSzczecin · Sprawdź ofertę!,https://www.spoticar.pl/znajdz-uzywany-samochod/opel-mokka-12-t-gs-ss-szczecin-1200223360,https://s3.eu-central-1.amazonaws.com/uvpictures-eu-central-1/368/SP/PL/OPEL-MOKKA-223360_1.JPG,https://s3.eu-central-1.amazonaws.com/uvpictures-eu-central-1/368/SP/PL/OPEL-MOKKA-223360_2.JPG|https://s3.eu-central-1.amazonaws.com/uvpictures-eu-central-1/368/SP/PL/OPEL-MOKKA-223360_3.JPG|https://s3.eu-central-1.amazonaws.com/uvpictures-eu-central-1/368/SP/PL/OPEL-MOKKA-223360_4.JPG,Opel,Mokka,2022,26580,KM,,Used,91990 PLN,PLN,CASH,91990 PLN,Total,Gasoline,Manual,Spoticar GEZET SzczecinSzczecin,Spoticar GEZET Szczecin,Gwarancja Spoticar Premium12 miesięcy
SPOT-71795,Opel Astra · 149990 PLN,Opel Astra · Cena: 149990 PLN · Gwarancja Spoticar Premium12 miesięcy · Spoticar GEZET SzczecinSzczecin · Sprawdź ofertę!,https://www.spoticar.pl/znajdz-uzywany-samochod/opel-astra-vi-16-t-plug-hybrid-gs-line-szczecin-1200223278,https://s3.eu-central-1.amazonaws.com/uvpictures-eu-central-1/368/SP/PL/OPEL-ASTRA-223278_1.JPG,https://s3.eu-central-1.amazonaws.com/uvpictures-eu-central-1/368/SP/PL/OPEL-ASTRA-223278_2.JPG|https://s3.eu-central-1.amazonaws.com/uvpictures-eu-central-1/368/SP/PL/OPEL-ASTRA-223278_3.JPG|https://s3.eu-central-1.amazonaws.com/uvpictures-eu-central-1/368/SP/PL/OPEL-ASTRA-223278_4.JPG,Opel,Astra,2022,14000,KM,,Used,149990 PLN,PLN,CASH,149990 PLN,Total,Gasoline,Automatic,Spoticar GEZET SzczecinSzczecin,Spoticar GEZET Szczecin,Gwarancja Spoticar Premium12 miesięcy
SPOT-71668,Citroën Jumpy · 63837 PLN,Citroën Jumpy · Cena: 63837 PLN · Gwarancja Spoticar Premium6 miesięcy · SPOTICAR SZTUKOWSKI OSTRÓW WLKP.Ostrów Wielkopolski · Sprawdź ofertę!,https://www.spoticar.pl/znajdz-uzywany-samochod/citroen-ostrow-wielkopolski-1200223463,https://s3.eu-central-1.amazonaws.com/uvpictures-eu-central-1/368/SP/PL/CITROEN-JUMPY-223463_1.JPG,https://s3.eu-central-1.amazonaws.com/uvpictures-eu-central-1/368/SP/PL/CITROEN-JUMPY-223463_2.JPG|https://s3.eu-central-1.amazonaws.com/uvpictures-eu-central-1/368/SP/PL/CITROEN-JUMPY-223463_3.JPG|https://s3.eu-central-1.amazonaws.com/uvpictures-eu-central-1/368/SP/PL/CITROEN-JUMPY-223463_4.JPG,Citroën,Jumpy,2019,73902,KM,,Used,63837 PLN,PLN,CASH,63837 PLN,Total,Diesel,Manual,SPOTICAR SZTUKOWSKI OSTRÓW WLKP.Ostrów Wielkopolski,SPOTICAR SZTUKOWSKI OSTRÓW WLKP.,Gwarancja Spoticar Premium6 miesięcy
SPOT-71816,Fiat 500 · 154990 PLN,Fiat 500 · Cena: 154990 PLN · Gwarancja Spoticar Premium12 miesięcy · Spoticar GEZET SzczecinSzczecin · Sprawdź ofertę!,https://www.spoticar.pl/znajdz-uzywany-samochod/fiat-500-red-szczecin-1200223328,https://s3.eu-central-1.amazonaws.com/uvpictures-eu-central-1/368/SP/PL/FIAT-500-223328_1.JPG,https://s3.eu-central-1.amazonaws.com/uvpictures-eu-central-1/368/SP/PL/FIAT-500-223328_2.JPG|https://s3.eu-central-1.amazonaws.com/uvpictures-eu-central-1/368/SP/PL/FIAT-500-223328_3.JPG|https://s3.eu-central-1.amazonaws.com/uvpictures-eu-central-1/368/SP/PL/FIAT-500-223328_4.JPG,Fiat,500,2023,6000,KM,,Used,154990 PLN,PLN,CASH,154990 PLN,Total,Electric,Automatic,Spoticar GEZET SzczecinSzczecin,Spoticar GEZET Szczecin,Gwarancja Spoticar Premium12 miesięcy
SPOT-71857,Opel Corsa · 172990 PLN,Opel Corsa · Cena: 172990 PLN · Gwarancja Spoticar Premium12 miesięcy · Spoticar GEZET SzczecinSzczecin · Sprawdź ofertę!,https://www.spoticar.pl/znajdz-uzywany-samochod/opel-corsa-e-gs-line-szczecin-1200223287,https://s3.eu-central-1.amazonaws.com/uvpictures-eu-central-1/368/SP/PL/OPEL-CORSA-223287_1.JPG,https://s3.eu-central-1.amazonaws.com/uvpictures-eu-central-1/368/SP/PL/OPEL-CORSA-223287_2.JPG|https://s3.eu-central-1.amazonaws.com/uvpictures-eu-central-1/368/SP/PL/OPEL-CORSA-223287_3.JPG|https://s3.eu-central-1.amazonaws.com/uvpictures-eu-central-1/368/SP/PL/OPEL-CORSA-223287_4.JPG,Opel,Corsa,2023,1000,KM,,Used,172990 PLN,PLN,CASH,172990 PLN,Total,Electric,Automatic,Spoticar GEZET SzczecinSzczecin,Spoticar GEZET Szczecin,Gwarancja Spoticar Premium12 miesięcy
SPOT-71846,Opel Astra · 189990 PLN,Opel Astra · Cena: 189990 PLN · Gwarancja Spoticar Premium12 miesięcy · Spoticar GEZET SzczecinSzczecin · Sprawdź ofertę!,https://www.spoticar.pl/znajdz-uzywany-samochod/opel-astra-vi-16-t-plug-hybrid-gse-szczecin-1200223298,https://s3.eu-central-1.amazonaws.com/uvpictures-eu-central-1/368/SP/PL/OPEL-ASTRA-223298_1.JPG,https://s3.eu-central-1.amazonaws.com/uvpictures-eu-central-1/368/SP/PL/OPEL-ASTRA-223298_2.JPG|https://s3.eu-central-1.amazonaws.com/uvpictures-eu-central-1/368/SP/PL/OPEL-ASTRA-223298_3.JPG|https://s3.eu-central-1.amazonaws.com/uvpictures-eu-central-1/368/SP/PL/OPEL-ASTRA-223298_4.JPG,Opel,Astra,2023,5,KM,,Used,189990 PLN,PLN,CASH,189990 PLN,Total,Plug-in Hybrid,Automatic,Spoticar GEZET SzczecinSzczecin,Spoticar GEZET Szczecin,Gwarancja Spoticar Premium12 miesięcy
SPOT-71864,Opel Astra · 125990 PLN,Opel Astra · Cena: 125990 PLN · Gwarancja Spoticar Premium12 miesięcy · Spoticar GEZET SzczecinSzczecin · Sprawdź ofertę!,https://www.spoticar.pl/znajdz-uzywany-samochod/opel-astra-vi-12-t-gs-ss-aut-szczecin-1200223281,https://s3.eu-central-1.amazonaws.com/uvpictures-eu-central-1/368/SP/PL/OPEL-ASTRA-223281_1.JPG,https://s3.eu-central-1.amazonaws.com/uvpictures-eu-central-1/368/SP/PL/OPEL-ASTRA-223281_2.JPG|https://s3.eu-central-1.amazonaws.com/uvpictures-eu-central-1/368/SP/PL/OPEL-ASTRA-223281_3.JPG|https://s3.eu-central-1.amazonaws.com/uvpictures-eu-central-1/368/SP/PL/OPEL-ASTRA-223281_4.JPG,Opel,Astra,2023,14000,KM,,Used,125990 PLN,PLN,CASH,125990 PLN,Total,Gasoline,Automatic,Spoticar GEZET SzczecinSzczecin,Spoticar GEZET Szczecin,Gwarancja Spoticar Premium12 miesięcy
SPOT-71832,Fiat Tipo · 119990 PLN,Fiat Tipo · Cena: 119990 PLN · Gwarancja Spoticar Premium12 miesięcy · Spoticar GEZET SzczecinSzczecin · Sprawdź ofertę!,https://www.spoticar.pl/znajdz-uzywany-samochod/fiat-tipo-15-hybrid-dct-szczecin-1200223314,https://s3.eu-central-1.amazonaws.com/uvpictures-eu-central-1/368/SP/PL/FIAT-TIPO-223314_1.JPG,https://s3.eu-central-1.amazonaws.com/uvpictures-eu-central-1/368/SP/PL/FIAT-TIPO-223314_2.JPG|https://s3.eu-central-1.amazonaws.com/uvpictures-eu-central-1/368/SP/PL/FIAT-TIPO-223314_3.JPG|https://s3.eu-central-1.amazonaws.com/uvpictures-eu-central-1/368/SP/PL/FIAT-TIPO-223314_4.JPG,Fiat,Tipo,2023,6,KM,,Used,119990 PLN,PLN,CASH,119990 PLN,Total,Gasoline,Automatic,Spoticar GEZET SzczecinSzczecin,Spoticar GEZET Szczecin,Gwarancja Spoticar Premium12 miesięcy
SPOT-71827,Fiat Tipo · 126990 PLN,Fiat Tipo · Cena: 126990 PLN · Gwarancja Spoticar Premium12 miesięcy · Spoticar GEZET SzczecinSzczecin · Sprawdź ofertę!,https://www.spoticar.pl/znajdz-uzywany-samochod/fiat-tipo-15-hybrid-dct-szczecin-1200223317,https://s3.eu-central-1.amazonaws.com/uvpictures-eu-central-1/368/SP/PL/FIAT-TIPO-223317_1.JPG,https://s3.eu-central-1.amazonaws.com/uvpictures-eu-central-1/368/SP/PL/FIAT-TIPO-223317_2.JPG|https://s3.eu-central-1.amazonaws.com/uvpictures-eu-central-1/368/SP/PL/FIAT-TIPO-223317_3.JPG|https://s3.eu-central-1.amazonaws.com/uvpictures-eu-central-1/368/SP/PL/FIAT-TIPO-223317_4.JPG,Fiat,Tipo,2024,6,KM,,Used,126990 PLN,PLN,CASH,126990 PLN,Total,Gasoline,Automatic,Spoticar GEZET SzczecinSzczecin,Spoticar GEZET Szczecin,Gwarancja Spoticar Premium12 miesięcy
SPOT-71809,Fiat 500 · 149990 PLN,Fiat 500 · Cena: 149990 PLN · Gwarancja Spoticar Premium12 miesięcy · Spoticar GEZET SzczecinSzczecin · Sprawdź ofertę!,https://www.spoticar.pl/znajdz-uzywany-samochod/fiat-500-la-prima-szczecin-1200223335,https://s3.eu-central-1.amazonaws.com/uvpictures-eu-central-1/368/SP/PL/FIAT-500-223335_1.JPG,https://s3.eu-central-1.amazonaws.com/uvpictures-eu-central-1/368/SP/PL/FIAT-500-223335_2.JPG|https://s3.eu-central-1.amazonaws.com/uvpictures-eu-central-1/368/SP/PL/FIAT-500-223335_3.JPG|https://s3.eu-central-1.amazonaws.com/uvpictures-eu-central-1/368/SP/PL/FIAT-500-223335_4.JPG,Fiat,500,2023,3000,KM,,Used,149990 PLN,PLN,CASH,149990 PLN,Total,Electric,Automatic,Spoticar GEZET SzczecinSzczecin,Spoticar GEZET Szczecin,Gwarancja Spoticar Premium12 miesięcy
SPOT-71627,Citroën Berlingo · 106900 PLN,Citroën Berlingo · Cena: 106900 PLN · Gwarancja Spoticar Premium12 miesięcy · SPOTICAR RIA WARSZAWAWARSZAWA · Sprawdź ofertę!,https://www.spoticar.pl/znajdz-uzywany-samochod/citroen-berlingo-xl-15-bluehdi-max-ss-eat8-warszawa-1200223505,https://s3.eu-central-1.amazonaws.com/uvpictures-eu-central-1/368/SP/PL/CITROEN-BERLINGO-223505_1.JPG,https://s3.eu-central-1.amazonaws.com/uvpictures-eu-central-1/368/SP/PL/CITROEN-BERLINGO-223505_2.JPG|https://s3.eu-central-1.amazonaws.com/uvpictures-eu-central-1/368/SP/PL/CITROEN-BERLINGO-223505_3.JPG|https://s3.eu-central-1.amazonaws.com/uvpictures-eu-central-1/368/SP/PL/CITROEN-BERLINGO-223505_4.JPG,Citroën,Berlingo,2024,52776,KM,,Used,106900 PLN,PLN,CASH,106900 PLN,Total,Diesel,Automatic,SPOTICAR RIA WARSZAWAWARSZAWA,SPOTICAR RIA WARSZAWA,Gwarancja Spoticar Premium12 miesięcy
SPOT-71651,Peugeot 3008 · 119900 PLN,Peugeot 3008 · Cena: 119900 PLN · Gwarancja Spoticar Premium12 miesięcy · Spoticar Stellantis &You Warszawa Al.Jerozolimskie · Sprawdź ofertę!,https://www.spoticar.pl/znajdz-uzywany-samochod/peugeot-3008-12-puretech-mhev-gt-e-dcs6-warszawa-1200223482,https://s3.eu-central-1.amazonaws.com/uvpictures-eu-central-1/368/SP/PL/PEUGEOT-3008-223482_1.JPG,https://s3.eu-central-1.amazonaws.com/uvpictures-eu-central-1/368/SP/PL/PEUGEOT-3008-223482_2.JPG|https://s3.eu-central-1.amazonaws.com/uvpictures-eu-central-1/368/SP/PL/PEUGEOT-3008-223482_3.JPG|https://s3.eu-central-1.amazonaws.com/uvpictures-eu-central-1/368/SP/PL/PEUGEOT-3008-223482_4.JPG,Peugeot,3008,2025,14940,KM,,Used,119900 PLN,PLN,CASH,119900 PLN,Total,Gasoline,Automatic,Spoticar Stellantis &You Warszawa Al.Jerozolimskie,Spoticar Stellantis &You Warszawa Al.JerozolimskieSpoticar Stellantis &You Warszawa Al.Jerozolimskie,Gwarancja Spoticar Premium12 miesięcy
SPOT-71659,Peugeot 3008 · 119900 PLN,Peugeot 3008 · Cena: 119900 PLN · Gwarancja Spoticar Premium12 miesięcy · Spoticar Stellantis &You Warszawa Al.Jerozolimskie · Sprawdź ofertę!,https://www.spoticar.pl/znajdz-uzywany-samochod/peugeot-3008-12-puretech-mhev-gt-e-dcs6-warszawa-1200223473,https://s3.eu-central-1.amazonaws.com/uvpictures-eu-central-1/368/SP/PL/PEUGEOT-3008-223473_1.JPG,https://s3.eu-central-1.amazonaws.com/uvpictures-eu-central-1/368/SP/PL/PEUGEOT-3008-223473_2.JPG|https://s3.eu-central-1.amazonaws.com/uvpictures-eu-central-1/368/SP/PL/PEUGEOT-3008-223473_3.JPG|https://s3.eu-central-1.amazonaws.com/uvpictures-eu-central-1/368/SP/PL/PEUGEOT-3008-223473_4.JPG,Peugeot,3008,2025,14913,KM,,Used,119900 PLN,PLN,CASH,119900 PLN,Total,Gasoline,Automatic,Spoticar Stellantis &You Warszawa Al.Jerozolimskie,Spoticar Stellantis &You Warszawa Al.JerozolimskieSpoticar Stellantis &You Warszawa Al.Jerozolimskie,Gwarancja Spoticar Premium12 miesięcy
SPOT-70997,Opel Grandland · 154900 PLN,Opel Grandland · Cena: 154900 PLN · Gwarancja Spoticar Premium12 miesięcy · SPOTICAR SZTUKOWSKI OSTRÓW WLKP.Ostrów Wielkopolski · Sprawdź ofertę!,https://www.spoticar.pl/znajdz-uzywany-samochod/opel-grandland-16-phev-gs-edtc7-ostrow-wielkopolski-1200222745,https://s3.eu-central-1.amazonaws.com/uvpictures-eu-central-1/368/SP/PL/OPEL-GRANDLAND-222745_1.JPG,https://s3.eu-central-1.amazonaws.com/uvpictures-eu-central-1/368/SP/PL/OPEL-GRANDLAND-222745_2.JPG|https://s3.eu-central-1.amazonaws.com/uvpictures-eu-central-1/368/SP/PL/OPEL-GRANDLAND-222745_3.JPG|https://s3.eu-central-1.amazonaws.com/uvpictures-eu-central-1/368/SP/PL/OPEL-GRANDLAND-222745_4.JPG,Opel,Grandland,2026,6032,KM,,Used,154900 PLN,PLN,CASH,154900 PLN,Total,Gasoline,Automatic,SPOTICAR SZTUKOWSKI OSTRÓW WLKP.Ostrów Wielkopolski,SPOTICAR SZTUKOWSKI OSTRÓW WLKP.,Gwarancja Spoticar Premium12 miesięcy
SPOT-71708,Citroën C5 Aircross · 89900 PLN,Citroën C5 Aircross · Cena: 89900 PLN · Gwarancja Spoticar Premium12 miesięcy · Spoticar Stellantis &You Warszawa Al.Jerozolimskie · Sprawdź ofertę!,https://www.spoticar.pl/znajdz-uzywany-samochod/citroen-c5-aircross-15-bluehdi-max-eat8-warszawa-1200223422,https://s3.eu-central-1.amazonaws.com/uvpictures-eu-central-1/368/SP/PL/CITROEN-C5-AIRCROSS-223422_1.JPG,https://s3.eu-central-1.amazonaws.com/uvpictures-eu-central-1/368/SP/PL/CITROEN-C5-AIRCROSS-223422_2.JPG|https://s3.eu-central-1.amazonaws.com/uvpictures-eu-central-1/368/SP/PL/CITROEN-C5-AIRCROSS-223422_3.JPG|https://s3.eu-central-1.amazonaws.com/uvpictures-eu-central-1/368/SP/PL/CITROEN-C5-AIRCROSS-223422_4.JPG,Citroën,C5 Aircross,2023,23079,KM,,Used,89900 PLN,PLN,CASH,89900 PLN,Total,Diesel,Automatic,Spoticar Stellantis &You Warszawa Al.Jerozolimskie,Spoticar Stellantis &You Warszawa Al.JerozolimskieSpoticar Stellantis &You Warszawa Al.Jerozolimskie,Gwarancja Spoticar Premium12 miesięcy
SPOT-71715,Citroën C4 · 74900 PLN,Citroën C4 · Cena: 74900 PLN · Gwarancja Spoticar Premium12 miesięcy · Spoticar Stellantis &You Warszawa Al.Jerozolimskie · Sprawdź ofertę!,https://www.spoticar.pl/znajdz-uzywany-samochod/citroen-c4-12-puretech-max-ss-eat8-warszawa-1200223415,https://s3.eu-central-1.amazonaws.com/uvpictures-eu-central-1/368/SP/PL/CITROEN-C4-223415_1.JPG,https://s3.eu-central-1.amazonaws.com/uvpictures-eu-central-1/368/SP/PL/CITROEN-C4-223415_2.JPG|https://s3.eu-central-1.amazonaws.com/uvpictures-eu-central-1/368/SP/PL/CITROEN-C4-223415_3.JPG|https://s3.eu-central-1.amazonaws.com/uvpictures-eu-central-1/368/SP/PL/CITROEN-C4-223415_4.JPG,Citroën,C4,2024,34440,KM,,Used,74900 PLN,PLN,CASH,74900 PLN,Total,Gasoline,Automatic,Spoticar Stellantis &You Warszawa Al.Jerozolimskie,Spoticar Stellantis &You Warszawa Al.JerozolimskieSpoticar Stellantis &You Warszawa Al.Jerozolimskie,Gwarancja Spoticar Premium12 miesięcy
SPOT-71725,Peugeot 508 · 134900 PLN,Peugeot 508 · Cena: 134900 PLN · Gwarancja Spoticar Premium12 miesięcy · Spoticar Auto Dealer KatowiceKATOWICE · Sprawdź ofertę!,https://www.spoticar.pl/znajdz-uzywany-samochod/peugeot-508-sw-puretech-phev-225-gt-ss-e-eat8-katowice-1200223406,https://s3.eu-central-1.amazonaws.com/uvpictures-eu-central-1/368/SP/PL/PEUGEOT-508-223406_1.JPG,https://s3.eu-central-1.amazonaws.com/uvpictures-eu-central-1/368/SP/PL/PEUGEOT-508-223406_2.JPG|https://s3.eu-central-1.amazonaws.com/uvpictures-eu-central-1/368/SP/PL/PEUGEOT-508-223406_3.JPG|https://s3.eu-central-1.amazonaws.com/uvpictures-eu-central-1/368/SP/PL/PEUGEOT-508-223406_4.JPG,Peugeot,508,2024,30733,KM,,Used,134900 PLN,PLN,CASH,134900 PLN,Total,Gasoline,Automatic,Spoticar Auto Dealer KatowiceKATOWICE,Spoticar Auto Dealer Katowice,Gwarancja Spoticar Premium12 miesięcy
SPOT-70485,Peugeot 508 · 124900 PLN,Peugeot 508 · Cena: 124900 PLN · Gwarancja Spoticar Premium12 miesięcy · SPOTICAR RIA STALOWA WOLAStalowa Wola / Grebów · Sprawdź ofertę!,https://www.spoticar.pl/znajdz-uzywany-samochod/peugeot-508-sw-puretech-phev-225-gt-ss-e-eat8-stalowa-wola-grebow-1200222243,https://s3.eu-central-1.amazonaws.com/uvpictures-eu-central-1/368/SP/PL/PEUGEOT-508-222243_1.JPG,https://s3.eu-central-1.amazonaws.com/uvpictures-eu-central-1/368/SP/PL/PEUGEOT-508-222243_2.JPG|https://s3.eu-central-1.amazonaws.com/uvpictures-eu-central-1/368/SP/PL/PEUGEOT-508-222243_3.JPG|https://s3.eu-central-1.amazonaws.com/uvpictures-eu-central-1/368/SP/PL/PEUGEOT-508-222243_4.JPG,Peugeot,508,2023,52737,KM,,Used,124900 PLN,PLN,CASH,124900 PLN,Total,Gasoline,Automatic,SPOTICAR RIA STALOWA WOLAStalowa Wola / Grebów,SPOTICAR RIA STALOWA WOLA,Gwarancja Spoticar Premium12 miesięcy
SPOT-71557,Fiat SCUDO · 104427 PLN,Fiat SCUDO · Cena: 104427 PLN · Gwarancja Spoticar Premium12 miesięcy · SPOTICAR RIA WARSZAWAWARSZAWA · Sprawdź ofertę!,https://www.spoticar.pl/znajdz-uzywany-samochod/fiat-warszawa-1200223574,https://s3.eu-central-1.amazonaws.com/uvpictures-eu-central-1/368/SP/PL/FIAT-SCUDO-223574_1.JPG,https://s3.eu-central-1.amazonaws.com/uvpictures-eu-central-1/368/SP/PL/FIAT-SCUDO-223574_2.JPG|https://s3.eu-central-1.amazonaws.com/uvpictures-eu-central-1/368/SP/PL/FIAT-SCUDO-223574_3.JPG|https://s3.eu-central-1.amazonaws.com/uvpictures-eu-central-1/368/SP/PL/FIAT-SCUDO-223574_4.JPG,Fiat,SCUDO,2023,93351,KM,,Used,104427 PLN,PLN,CASH,104427 PLN,Total,Diesel,Manual,SPOTICAR RIA WARSZAWAWARSZAWA,SPOTICAR RIA WARSZAWA,Gwarancja Spoticar Premium12 miesięcy
SPOT-69603,Opel Astra · 97900 PLN,Opel Astra · Cena: 97900 PLN · Gwarancja Spoticar Premium12 miesięcy · SPOTICAR RIA STALOWA WOLAStalowa Wola / Grebów · Sprawdź ofertę!,https://www.spoticar.pl/znajdz-uzywany-samochod/opel-astra-vi-16-t-plug-hybrid-edition-stalowa-wola-grebow-1200221375,https://s3.eu-central-1.amazonaws.com/uvpictures-eu-central-1/368/SP/PL/OPEL-ASTRA-221375_1.JPG,https://s3.eu-central-1.amazonaws.com/uvpictures-eu-central-1/368/SP/PL/OPEL-ASTRA-221375_2.JPG|https://s3.eu-central-1.amazonaws.com/uvpictures-eu-central-1/368/SP/PL/OPEL-ASTRA-221375_3.JPG|https://s3.eu-central-1.amazonaws.com/uvpictures-eu-central-1/368/SP/PL/OPEL-ASTRA-221375_4.JPG,Opel,Astra,2025,15122,KM,,Used,97900 PLN,PLN,CASH,97900 PLN,Total,Gasoline,Automatic,SPOTICAR RIA STALOWA WOLAStalowa Wola / Grebów,SPOTICAR RIA STALOWA WOLA,Gwarancja Spoticar Premium12 miesięcy
SPOT-71014,Fiat 500 · 58990 PLN,Fiat 500 · Cena: 58990 PLN · Gwarancja Spoticar Premium12 miesięcy · SPOTICAR DEJON I DĄBROWSKI LEGNICA · Sprawdź ofertę!,https://www.spoticar.pl/znajdz-uzywany-samochod/fiat-500-238kwh-legnica-1200222764,https://s3.eu-central-1.amazonaws.com/uvpictures-eu-central-1/368/SP/PL/FIAT-500-222764_1.JPG,https://s3.eu-central-1.amazonaws.com/uvpictures-eu-central-1/368/SP/PL/FIAT-500-222764_2.JPG|https://s3.eu-central-1.amazonaws.com/uvpictures-eu-central-1/368/SP/PL/FIAT-500-222764_3.JPG|https://s3.eu-central-1.amazonaws.com/uvpictures-eu-central-1/368/SP/PL/FIAT-500-222764_4.JPG,Fiat,500,2024,30403,KM,,Used,58990 PLN,PLN,CASH,58990 PLN,Total,Electric,Automatic,SPOTICAR DEJON I DĄBROWSKI LEGNICA,SPOTICAR DEJON I DĄBROWSKI LEGNICASPOTICAR DEJON I DĄBROWSKI LEGNICA,Gwarancja Spoticar Premium12 miesięcy
SPOT-70890,DS 7 Crossback · 123900 PLN,DS 7 Crossback · Cena: 123900 PLN · Gwarancja Spoticar Premium6 miesięcy · SPOTICAR RIA STALOWA WOLAStalowa Wola / Grebów · Sprawdź ofertę!,https://www.spoticar.pl/znajdz-uzywany-samochod/ds-ds-7-crossback-16-e-tense-4x4-grand-chic-aut-stalowa-wola-grebow-1200222647,https://s3.eu-central-1.amazonaws.com/uvpictures-eu-central-1/368/SP/PL/DS-DS-7-CROSSBACK-222647_1.JPG,https://s3.eu-central-1.amazonaws.com/uvpictures-eu-central-1/368/SP/PL/DS-DS-7-CROSSBACK-222647_2.JPG|https://s3.eu-central-1.amazonaws.com/uvpictures-eu-central-1/368/SP/PL/DS-DS-7-CROSSBACK-222647_3.JPG|https://s3.eu-central-1.amazonaws.com/uvpictures-eu-central-1/368/SP/PL/DS-DS-7-CROSSBACK-222647_4.JPG,DS,7 Crossback,2021,51822,KM,,Used,123900 PLN,PLN,CASH,123900 PLN,Total,Gasoline,Automatic,SPOTICAR RIA STALOWA WOLAStalowa Wola / Grebów,SPOTICAR RIA STALOWA WOLA,Gwarancja Spoticar Premium6 miesięcy
SPOT-70539,Citroën C5 X · 121900 PLN,Citroën C5 X · Cena: 121900 PLN · Gwarancja Spoticar Premium12 miesięcy · SPOTICAR RIA STALOWA WOLAStalowa Wola / Grebów · Sprawdź ofertę!,https://www.spoticar.pl/znajdz-uzywany-samochod/citroen-c5-x-c5-x-16-phev-225-hypnos-eat8-stalowa-wola-grebow-1200222315,https://s3.eu-central-1.amazonaws.com/uvpictures-eu-central-1/368/SP/PL/CITROEN-C5-X-222315_1.JPG,https://s3.eu-central-1.amazonaws.com/uvpictures-eu-central-1/368/SP/PL/CITROEN-C5-X-222315_2.JPG|https://s3.eu-central-1.amazonaws.com/uvpictures-eu-central-1/368/SP/PL/CITROEN-C5-X-222315_3.JPG|https://s3.eu-central-1.amazonaws.com/uvpictures-eu-central-1/368/SP/PL/CITROEN-C5-X-222315_4.JPG,Citroën,C5 X,2024,61352,KM,,Used,121900 PLN,PLN,CASH,121900 PLN,Total,Gasoline,Automatic,SPOTICAR RIA STALOWA WOLAStalowa Wola / Grebów,SPOTICAR RIA STALOWA WOLA,Gwarancja Spoticar Premium12 miesięcy
SPOT-70481,Peugeot 508 · 134900 PLN,Peugeot 508 · Cena: 134900 PLN · Gwarancja Spoticar Premium12 miesięcy · Spoticar Auto Dealer KatowiceKATOWICE · Sprawdź ofertę!,https://www.spoticar.pl/znajdz-uzywany-samochod/peugeot-508-sw-puretech-phev-225-gt-ss-e-eat8-katowice-200222245,https://s3.eu-central-1.amazonaws.com/uvpictures-eu-central-1/368/SP/PL/PEUGEOT-508-222245_1.JPG,https://s3.eu-central-1.amazonaws.com/uvpictures-eu-central-1/368/SP/PL/PEUGEOT-508-222245_2.JPG|https://s3.eu-central-1.amazonaws.com/uvpictures-eu-central-1/368/SP/PL/PEUGEOT-508-222245_3.JPG|https://s3.eu-central-1.amazonaws.com/uvpictures-eu-central-1/368/SP/PL/PEUGEOT-508-222245_4.JPG,Peugeot,508,2024,30733,KM,,Used,134900 PLN,PLN,CASH,134900 PLN,Total,Gasoline,Automatic,Spoticar Auto Dealer KatowiceKATOWICE,Spoticar Auto Dealer Katowice,Gwarancja Spoticar Premium12 miesięcy
SPOT-71712,Citroën C5 Aircross · 89900 PLN,Citroën C5 Aircross · Cena: 89900 PLN · Gwarancja Spoticar Premium12 miesięcy · Spoticar Stellantis &You Warszawa Al.Jerozolimskie · Sprawdź ofertę!,https://www.spoticar.pl/znajdz-uzywany-samochod/citroen-c5-aircross-15-bluehdi-shine-eat8-warszawa-1200223419,https://s3.eu-central-1.amazonaws.com/uvpictures-eu-central-1/368/SP/PL/CITROEN-C5-AIRCROSS-223419_1.JPG,https://s3.eu-central-1.amazonaws.com/uvpictures-eu-central-1/368/SP/PL/CITROEN-C5-AIRCROSS-223419_2.JPG|https://s3.eu-central-1.amazonaws.com/uvpictures-eu-central-1/368/SP/PL/CITROEN-C5-AIRCROSS-223419_3.JPG|https://s3.eu-central-1.amazonaws.com/uvpictures-eu-central-1/368/SP/PL/CITROEN-C5-AIRCROSS-223419_4.JPG,Citroën,C5 Aircross,2023,44402,KM,,Used,89900 PLN,PLN,CASH,89900 PLN,Total,Diesel,Automatic,Spoticar Stellantis &You Warszawa Al.Jerozolimskie,Spoticar Stellantis &You Warszawa Al.JerozolimskieSpoticar Stellantis &You Warszawa Al.Jerozolimskie,Gwarancja Spoticar Premium12 miesięcy
SPOT-71727,Opel Astra · 77777 PLN,Opel Astra · Cena: 77777 PLN · Gwarancja Spoticar Premium12 miesięcy · Spoticar Auto Dealer KatowiceKATOWICE · Sprawdź ofertę!,https://www.spoticar.pl/znajdz-uzywany-samochod/opel-astra-vi-12-t-elegance-ss-aut-katowice-1200223404,https://s3.eu-central-1.amazonaws.com/uvpictures-eu-central-1/368/SP/PL/OPEL-ASTRA-223404_1.JPG,https://s3.eu-central-1.amazonaws.com/uvpictures-eu-central-1/368/SP/PL/OPEL-ASTRA-223404_2.JPG|https://s3.eu-central-1.amazonaws.com/uvpictures-eu-central-1/368/SP/PL/OPEL-ASTRA-223404_3.JPG|https://s3.eu-central-1.amazonaws.com/uvpictures-eu-central-1/368/SP/PL/OPEL-ASTRA-223404_4.JPG,Opel,Astra,2024,33033,KM,,Used,77777 PLN,PLN,CASH,77777 PLN,Total,Gasoline,Automatic,Spoticar Auto Dealer KatowiceKATOWICE,Spoticar Auto Dealer Katowice,Gwarancja Spoticar Premium12 miesięcy
SPOT-71505,Peugeot 3008 · 149900 PLN,Peugeot 3008 · Cena: 149900 PLN · Gwarancja Spoticar Premium12 miesięcy · SPOTICAR RIA WARSZAWAWARSZAWA · Sprawdź ofertę!,https://www.spoticar.pl/znajdz-uzywany-samochod/peugeot-3008-e-3008-73kwh-gt-warszawa-1200223177,https://s3.eu-central-1.amazonaws.com/uvpictures-eu-central-1/368/SP/PL/PEUGEOT-3008-223177_1.JPG,https://s3.eu-central-1.amazonaws.com/uvpictures-eu-central-1/368/SP/PL/PEUGEOT-3008-223177_2.JPG|https://s3.eu-central-1.amazonaws.com/uvpictures-eu-central-1/368/SP/PL/PEUGEOT-3008-223177_3.JPG|https://s3.eu-central-1.amazonaws.com/uvpictures-eu-central-1/368/SP/PL/PEUGEOT-3008-223177_4.JPG,Peugeot,3008,2024,32592,KM,,Used,149900 PLN,PLN,CASH,149900 PLN,Total,Electric,Automatic,SPOTICAR RIA WARSZAWAWARSZAWA,SPOTICAR RIA WARSZAWA,Gwarancja Spoticar Premium12 miesięcy
SPOT-71124,Peugeot 3008 · 84900 PLN,Peugeot 3008 · Cena: 84900 PLN · Gwarancja Spoticar Premium12 miesięcy · SPOTICAR RIA WARSZAWAWARSZAWA · Sprawdź ofertę!,https://www.spoticar.pl/znajdz-uzywany-samochod/peugeot-3008-12-puretech-allure-pack-ss-eat8-warszawa-1200222851,https://s3.eu-central-1.amazonaws.com/uvpictures-eu-central-1/368/SP/PL/PEUGEOT-3008-222851_1.JPG,https://s3.eu-central-1.amazonaws.com/uvpictures-eu-central-1/368/SP/PL/PEUGEOT-3008-222851_2.JPG|https://s3.eu-central-1.amazonaws.com/uvpictures-eu-central-1/368/SP/PL/PEUGEOT-3008-222851_3.JPG|https://s3.eu-central-1.amazonaws.com/uvpictures-eu-central-1/368/SP/PL/PEUGEOT-3008-222851_4.JPG,Peugeot,3008,2024,25534,KM,,Used,84900 PLN,PLN,CASH,84900 PLN,Total,Gasoline,Automatic,SPOTICAR RIA WARSZAWAWARSZAWA,SPOTICAR RIA WARSZAWA,Gwarancja Spoticar Premium12 miesięcy
SPOT-71304,Peugeot 208 · 57900 PLN,Peugeot 208 · Cena: 57900 PLN · Gwarancja Spoticar Premium12 miesięcy · SPOTICAR RIA WARSZAWAWARSZAWA · Sprawdź ofertę!,https://www.spoticar.pl/znajdz-uzywany-samochod/peugeot-208-12-puretech-active-ss-warszawa-1200223055,https://s3.eu-central-1.amazonaws.com/uvpictures-eu-central-1/368/SP/PL/PEUGEOT-208-223055_1.JPG,https://s3.eu-central-1.amazonaws.com/uvpictures-eu-central-1/368/SP/PL/PEUGEOT-208-223055_2.JPG|https://s3.eu-central-1.amazonaws.com/uvpictures-eu-central-1/368/SP/PL/PEUGEOT-208-223055_3.JPG|https://s3.eu-central-1.amazonaws.com/uvpictures-eu-central-1/368/SP/PL/PEUGEOT-208-223055_4.JPG,Peugeot,208,2024,9069,KM,,Used,57900 PLN,PLN,CASH,57900 PLN,Total,Gasoline,Manual,SPOTICAR RIA WARSZAWAWARSZAWA,SPOTICAR RIA WARSZAWA,Gwarancja Spoticar Premium12 miesięcy
SPOT-71030,Peugeot 3008 · 194900 PLN,Peugeot 3008 · Cena: 194900 PLN · Gwarancja Spoticar Premium12 miesięcy · SPOTICAR RIA WARSZAWAWARSZAWA · Sprawdź ofertę!,https://www.spoticar.pl/znajdz-uzywany-samochod/peugeot-3008-e-3008-97kwh-gt-warszawa-1200222780,https://s3.eu-central-1.amazonaws.com/uvpictures-eu-central-1/368/SP/PL/PEUGEOT-3008-222780_1.JPG,https://s3.eu-central-1.amazonaws.com/uvpictures-eu-central-1/368/SP/PL/PEUGEOT-3008-222780_2.JPG|https://s3.eu-central-1.amazonaws.com/uvpictures-eu-central-1/368/SP/PL/PEUGEOT-3008-222780_3.JPG|https://s3.eu-central-1.amazonaws.com/uvpictures-eu-central-1/368/SP/PL/PEUGEOT-3008-222780_4.JPG,Peugeot,3008,2025,7394,KM,,Used,194900 PLN,PLN,CASH,194900 PLN,Total,Electric,Automatic,SPOTICAR RIA WARSZAWAWARSZAWA,SPOTICAR RIA WARSZAWA,Gwarancja Spoticar Premium12 miesięcy
SPOT-71072,Opel Astra · 87900 PLN,Opel Astra · Cena: 87900 PLN · Gwarancja Spoticar Premium12 miesięcy · SPOTICAR RIA WARSZAWAWARSZAWA · Sprawdź ofertę!,https://www.spoticar.pl/znajdz-uzywany-samochod/opel-astra-vi-12-t-gs-ss-aut-warszawa-1200222805,https://s3.eu-central-1.amazonaws.com/uvpictures-eu-central-1/368/SP/PL/OPEL-ASTRA-222805_1.JPG,https://s3.eu-central-1.amazonaws.com/uvpictures-eu-central-1/368/SP/PL/OPEL-ASTRA-222805_2.JPG|https://s3.eu-central-1.amazonaws.com/uvpictures-eu-central-1/368/SP/PL/OPEL-ASTRA-222805_3.JPG|https://s3.eu-central-1.amazonaws.com/uvpictures-eu-central-1/368/SP/PL/OPEL-ASTRA-222805_4.JPG,Opel,Astra,2023,39737,KM,,Used,87900 PLN,PLN,CASH,87900 PLN,Total,Gasoline,Automatic,SPOTICAR RIA WARSZAWAWARSZAWA,SPOTICAR RIA WARSZAWA,Gwarancja Spoticar Premium12 miesięcy
SPOT-70876,Citroën C5 Aircross · 89900 PLN,Citroën C5 Aircross · Cena: 89900 PLN · Gwarancja Spoticar Premium12 miesięcy · SPOTICAR RIA WARSZAWAWARSZAWA · Sprawdź ofertę!,https://www.spoticar.pl/znajdz-uzywany-samochod/citroen-c5-aircross-15-bluehdi-max-eat8-warszawa-1200222608,https://s3.eu-central-1.amazonaws.com/uvpictures-eu-central-1/368/SP/PL/CITROEN-C5-AIRCROSS-222608_1.JPG,https://s3.eu-central-1.amazonaws.com/uvpictures-eu-central-1/368/SP/PL/CITROEN-C5-AIRCROSS-222608_2.JPG|https://s3.eu-central-1.amazonaws.com/uvpictures-eu-central-1/368/SP/PL/CITROEN-C5-AIRCROSS-222608_3.JPG|https://s3.eu-central-1.amazonaws.com/uvpictures-eu-central-1/368/SP/PL/CITROEN-C5-AIRCROSS-222608_4.JPG,Citroën,C5 Aircross,2023,27672,KM,,Used,89900 PLN,PLN,CASH,89900 PLN,Total,Diesel,Automatic,SPOTICAR RIA WARSZAWAWARSZAWA,SPOTICAR RIA WARSZAWA,Gwarancja Spoticar Premium12 miesięcy
SPOT-71033,Opel Grandland · 84900 PLN,Opel Grandland · Cena: 84900 PLN · Gwarancja Spoticar Premium12 miesięcy · SPOTICAR RIA WARSZAWAWARSZAWA · Sprawdź ofertę!,https://www.spoticar.pl/znajdz-uzywany-samochod/opel-grandland-12-t-business-elegance-ss-aut-warszawa-1200222777,https://s3.eu-central-1.amazonaws.com/uvpictures-eu-central-1/368/SP/PL/OPEL-GRANDLAND-222777_1.JPG,https://s3.eu-central-1.amazonaws.com/uvpictures-eu-central-1/368/SP/PL/OPEL-GRANDLAND-222777_2.JPG|https://s3.eu-central-1.amazonaws.com/uvpictures-eu-central-1/368/SP/PL/OPEL-GRANDLAND-222777_3.JPG|https://s3.eu-central-1.amazonaws.com/uvpictures-eu-central-1/368/SP/PL/OPEL-GRANDLAND-222777_4.JPG,Opel,Grandland,2023,19128,KM,,Used,84900 PLN,PLN,CASH,84900 PLN,Total,Gasoline,Automatic,SPOTICAR RIA WARSZAWAWARSZAWA,SPOTICAR RIA WARSZAWA,Gwarancja Spoticar Premium12 miesięcy
SPOT-70822,Peugeot 2008 · 82900 PLN,Peugeot 2008 · Cena: 82900 PLN · Gwarancja Spoticar Premium12 miesięcy · Spoticar Stellantis &You Warszawa Al.Jerozolimskie · Sprawdź ofertę!,https://www.spoticar.pl/znajdz-uzywany-samochod/peugeot-2008-puretech-130-gt-ss-eat8-warszawa-1200222556,https://s3.eu-central-1.amazonaws.com/uvpictures-eu-central-1/368/SP/PL/PEUGEOT-2008-222556_1.JPG,https://s3.eu-central-1.amazonaws.com/uvpictures-eu-central-1/368/SP/PL/PEUGEOT-2008-222556_2.JPG|https://s3.eu-central-1.amazonaws.com/uvpictures-eu-central-1/368/SP/PL/PEUGEOT-2008-222556_3.JPG|https://s3.eu-central-1.amazonaws.com/uvpictures-eu-central-1/368/SP/PL/PEUGEOT-2008-222556_4.JPG,Peugeot,2008,2023,69760,KM,,Used,82900 PLN,PLN,CASH,82900 PLN,Total,Gasoline,Automatic,Spoticar Stellantis &You Warszawa Al.Jerozolimskie,Spoticar Stellantis &You Warszawa Al.JerozolimskieSpoticar Stellantis &You Warszawa Al.Jerozolimskie,Gwarancja Spoticar Premium12 miesięcy
SPOT-70668,Opel Frontera · 96900 PLN,Opel Frontera · Cena: 96900 PLN · Gwarancja Spoticar Premium12 miesięcy · SPOTICAR RIA WARSZAWAWARSZAWA · Sprawdź ofertę!,https://www.spoticar.pl/znajdz-uzywany-samochod/opel-frontera-44kwh-gs-warszawa-1200222428,https://s3.eu-central-1.amazonaws.com/uvpictures-eu-central-1/368/SP/PL/OPEL-FRONTERA-222428_1.JPG,https://s3.eu-central-1.amazonaws.com/uvpictures-eu-central-1/368/SP/PL/OPEL-FRONTERA-222428_2.JPG|https://s3.eu-central-1.amazonaws.com/uvpictures-eu-central-1/368/SP/PL/OPEL-FRONTERA-222428_3.JPG|https://s3.eu-central-1.amazonaws.com/uvpictures-eu-central-1/368/SP/PL/OPEL-FRONTERA-222428_4.JPG,Opel,Frontera,2025,7210,KM,,Used,96900 PLN,PLN,CASH,96900 PLN,Total,Electric,Automatic,SPOTICAR RIA WARSZAWAWARSZAWA,SPOTICAR RIA WARSZAWA,Gwarancja Spoticar Premium12 miesięcy
SPOT-70773,Citroën C4 · 89900 PLN,Citroën C4 · Cena: 89900 PLN · Gwarancja Spoticar Premium12 miesięcy · SPOTICAR RIA WARSZAWAWARSZAWA · Sprawdź ofertę!,https://www.spoticar.pl/znajdz-uzywany-samochod/citroen-c4-12-mhev-collection-edct6-warszawa-1200222518,https://s3.eu-central-1.amazonaws.com/uvpictures-eu-central-1/368/SP/PL/CITROEN-C4-222518_1.JPG,https://s3.eu-central-1.amazonaws.com/uvpictures-eu-central-1/368/SP/PL/CITROEN-C4-222518_2.JPG|https://s3.eu-central-1.amazonaws.com/uvpictures-eu-central-1/368/SP/PL/CITROEN-C4-222518_3.JPG|https://s3.eu-central-1.amazonaws.com/uvpictures-eu-central-1/368/SP/PL/CITROEN-C4-222518_4.JPG,Citroën,C4,2025,19501,KM,,Used,89900 PLN,PLN,CASH,89900 PLN,Total,Hybrid,Automatic,SPOTICAR RIA WARSZAWAWARSZAWA,SPOTICAR RIA WARSZAWA,Gwarancja Spoticar Premium12 miesięcy
SPOT-70833,Citroën C5 X · 109900 PLN,Citroën C5 X · Cena: 109900 PLN · Gwarancja Spoticar Premium12 miesięcy · SPOTICAR SZTUKOWSKI OSTRÓW WLKP.Ostrów Wielkopolski · Sprawdź ofertę!,https://www.spoticar.pl/znajdz-uzywany-samochod/citroen-c5-x-c5-x-16-phev-225-shine-pack-eat8-ostrow-wielkopolski-1200222585,https://s3.eu-central-1.amazonaws.com/uvpictures-eu-central-1/368/SP/PL/CITROEN-C5-X-222585_1.JPG,https://s3.eu-central-1.amazonaws.com/uvpictures-eu-central-1/368/SP/PL/CITROEN-C5-X-222585_2.JPG|https://s3.eu-central-1.amazonaws.com/uvpictures-eu-central-1/368/SP/PL/CITROEN-C5-X-222585_3.JPG|https://s3.eu-central-1.amazonaws.com/uvpictures-eu-central-1/368/SP/PL/CITROEN-C5-X-222585_4.JPG,Citroën,C5 X,2024,28500,KM,,Used,109900 PLN,PLN,CASH,109900 PLN,Total,Gasoline,Automatic,SPOTICAR SZTUKOWSKI OSTRÓW WLKP.Ostrów Wielkopolski,SPOTICAR SZTUKOWSKI OSTRÓW WLKP.,Gwarancja Spoticar Premium12 miesięcy
SPOT-70741,Opel Astra · 89900 PLN,Opel Astra · Cena: 89900 PLN · Gwarancja Spoticar Premium12 miesięcy · SPOTICAR RIA WARSZAWAWARSZAWA · Sprawdź ofertę!,https://www.spoticar.pl/znajdz-uzywany-samochod/opel-astra-vi-16-t-plug-hybrid-gse-warszawa-1200222497,https://s3.eu-central-1.amazonaws.com/uvpictures-eu-central-1/368/SP/PL/OPEL-ASTRA-222497_1.JPG,https://s3.eu-central-1.amazonaws.com/uvpictures-eu-central-1/368/SP/PL/OPEL-ASTRA-222497_2.JPG|https://s3.eu-central-1.amazonaws.com/uvpictures-eu-central-1/368/SP/PL/OPEL-ASTRA-222497_3.JPG|https://s3.eu-central-1.amazonaws.com/uvpictures-eu-central-1/368/SP/PL/OPEL-ASTRA-222497_4.JPG,Opel,Astra,2023,54437,KM,,Used,89900 PLN,PLN,CASH,89900 PLN,Total,Gasoline,Automatic,SPOTICAR RIA WARSZAWAWARSZAWA,SPOTICAR RIA WARSZAWA,Gwarancja Spoticar Premium12 miesięcy
SPOT-70646,Peugeot 308 · 99900 PLN,Peugeot 308 · Cena: 99900 PLN · Gwarancja Spoticar Premium12 miesięcy · Spoticar Stellantis &You Warszawa Al.Jerozolimskie · Sprawdź ofertę!,https://www.spoticar.pl/znajdz-uzywany-samochod/peugeot-308-12-mhev-gt-ss-e-dcs6-warszawa-1200222397,https://s3.eu-central-1.amazonaws.com/uvpictures-eu-central-1/368/SP/PL/PEUGEOT-308-222397_1.JPG,https://s3.eu-central-1.amazonaws.com/uvpictures-eu-central-1/368/SP/PL/PEUGEOT-308-222397_2.JPG|https://s3.eu-central-1.amazonaws.com/uvpictures-eu-central-1/368/SP/PL/PEUGEOT-308-222397_3.JPG|https://s3.eu-central-1.amazonaws.com/uvpictures-eu-central-1/368/SP/PL/PEUGEOT-308-222397_4.JPG,Peugeot,308,2025,21997,KM,,Used,99900 PLN,PLN,CASH,99900 PLN,Total,Hybrid,Automatic,Spoticar Stellantis &You Warszawa Al.Jerozolimskie,Spoticar Stellantis &You Warszawa Al.JerozolimskieSpoticar Stellantis &You Warszawa Al.Jerozolimskie,Gwarancja Spoticar Premium12 miesięcy
SPOT-70648,Jeep Compass · 96900 PLN,Jeep Compass · Cena: 96900 PLN · Gwarancja Spoticar Premium12 miesięcy · SPOTICAR RIA WARSZAWAWARSZAWA · Sprawdź ofertę!,https://www.spoticar.pl/znajdz-uzywany-samochod/jeep-compass-15-t4-mhev-limited-fwd-ss-dct-warszawa-1200222395,https://s3.eu-central-1.amazonaws.com/uvpictures-eu-central-1/368/SP/PL/JEEP-COMPASS-222395_1.JPG,https://s3.eu-central-1.amazonaws.com/uvpictures-eu-central-1/368/SP/PL/JEEP-COMPASS-222395_2.JPG|https://s3.eu-central-1.amazonaws.com/uvpictures-eu-central-1/368/SP/PL/JEEP-COMPASS-222395_3.JPG|https://s3.eu-central-1.amazonaws.com/uvpictures-eu-central-1/368/SP/PL/JEEP-COMPASS-222395_4.JPG,Jeep,Compass,2024,30510,KM,,Used,96900 PLN,PLN,CASH,96900 PLN,Total,Hybrid,Automatic,SPOTICAR RIA WARSZAWAWARSZAWA,SPOTICAR RIA WARSZAWA,Gwarancja Spoticar Premium12 miesięcy
SPOT-70656,Peugeot 308 · 86900 PLN,Peugeot 308 · Cena: 86900 PLN · Gwarancja Spoticar Premium12 miesięcy · SPOTICAR RIA WARSZAWAWARSZAWA · Sprawdź ofertę!,https://www.spoticar.pl/znajdz-uzywany-samochod/peugeot-308-12-puretech-gt-ss-eat8-warszawa-1200222383,https://s3.eu-central-1.amazonaws.com/uvpictures-eu-central-1/368/SP/PL/PEUGEOT-308-222383_1.JPG,https://s3.eu-central-1.amazonaws.com/uvpictures-eu-central-1/368/SP/PL/PEUGEOT-308-222383_2.JPG|https://s3.eu-central-1.amazonaws.com/uvpictures-eu-central-1/368/SP/PL/PEUGEOT-308-222383_3.JPG|https://s3.eu-central-1.amazonaws.com/uvpictures-eu-central-1/368/SP/PL/PEUGEOT-308-222383_4.JPG,Peugeot,308,2024,22551,KM,,Used,86900 PLN,PLN,CASH,86900 PLN,Total,Gasoline,Automatic,SPOTICAR RIA WARSZAWAWARSZAWA,SPOTICAR RIA WARSZAWA,Gwarancja Spoticar Premium12 miesięcy
SPOT-70611,Peugeot 2008 · 77900 PLN,Peugeot 2008 · Cena: 77900 PLN · Gwarancja Spoticar Premium12 miesięcy · Spoticar Stellantis &You Warszawa Al.Jerozolimskie · Sprawdź ofertę!,https://www.spoticar.pl/znajdz-uzywany-samochod/peugeot-2008-puretech-130-allure-ss-eat8-warszawa-1200222381,https://s3.eu-central-1.amazonaws.com/uvpictures-eu-central-1/368/SP/PL/PEUGEOT-2008-222381_1.JPG,https://s3.eu-central-1.amazonaws.com/uvpictures-eu-central-1/368/SP/PL/PEUGEOT-2008-222381_2.JPG|https://s3.eu-central-1.amazonaws.com/uvpictures-eu-central-1/368/SP/PL/PEUGEOT-2008-222381_3.JPG|https://s3.eu-central-1.amazonaws.com/uvpictures-eu-central-1/368/SP/PL/PEUGEOT-2008-222381_4.JPG,Peugeot,2008,2024,34828,KM,,Used,77900 PLN,PLN,CASH,77900 PLN,Total,Gasoline,Automatic,Spoticar Stellantis &You Warszawa Al.Jerozolimskie,Spoticar Stellantis &You Warszawa Al.JerozolimskieSpoticar Stellantis &You Warszawa Al.Jerozolimskie,Gwarancja Spoticar Premium12 miesięcy
SPOT-70526,Peugeot 5008 · 125900 PLN,Peugeot 5008 · Cena: 125900 PLN · Gwarancja Spoticar Premium12 miesięcy · Spoticar Stellantis &You Warszawa Al.Jerozolimskie · Sprawdź ofertę!,https://www.spoticar.pl/znajdz-uzywany-samochod/peugeot-5008-15-bluehdi-gt-ss-eat8-warszawa-1200222267,https://s3.eu-central-1.amazonaws.com/uvpictures-eu-central-1/368/SP/PL/PEUGEOT-5008-222267_1.JPG,https://s3.eu-central-1.amazonaws.com/uvpictures-eu-central-1/368/SP/PL/PEUGEOT-5008-222267_2.JPG|https://s3.eu-central-1.amazonaws.com/uvpictures-eu-central-1/368/SP/PL/PEUGEOT-5008-222267_3.JPG|https://s3.eu-central-1.amazonaws.com/uvpictures-eu-central-1/368/SP/PL/PEUGEOT-5008-222267_4.JPG,Peugeot,5008,2024,31941,KM,,Used,125900 PLN,PLN,CASH,125900 PLN,Total,Diesel,Automatic,Spoticar Stellantis &You Warszawa Al.Jerozolimskie,Spoticar Stellantis &You Warszawa Al.JerozolimskieSpoticar Stellantis &You Warszawa Al.Jerozolimskie,Gwarancja Spoticar Premium12 miesięcy
SPOT-70531,Peugeot 5008 · 114900 PLN,Peugeot 5008 · Cena: 114900 PLN · Gwarancja Spoticar Premium12 miesięcy · Spoticar Stellantis &You Warszawa Al.Jerozolimskie · Sprawdź ofertę!,https://www.spoticar.pl/znajdz-uzywany-samochod/peugeot-5008-15-bluehdi-gt-ss-eat8-warszawa-1200222262,https://s3.eu-central-1.amazonaws.com/uvpictures-eu-central-1/368/SP/PL/PEUGEOT-5008-222262_1.JPG,https://s3.eu-central-1.amazonaws.com/uvpictures-eu-central-1/368/SP/PL/PEUGEOT-5008-222262_2.JPG|https://s3.eu-central-1.amazonaws.com/uvpictures-eu-central-1/368/SP/PL/PEUGEOT-5008-222262_3.JPG|https://s3.eu-central-1.amazonaws.com/uvpictures-eu-central-1/368/SP/PL/PEUGEOT-5008-222262_4.JPG,Peugeot,5008,2024,27487,KM,,Used,114900 PLN,PLN,CASH,114900 PLN,Total,Diesel,Automatic,Spoticar Stellantis &You Warszawa Al.Jerozolimskie,Spoticar Stellantis &You Warszawa Al.JerozolimskieSpoticar Stellantis &You Warszawa Al.Jerozolimskie,Gwarancja Spoticar Premium12 miesięcy
SPOT-70576,Peugeot 2008 · 79900 PLN,Peugeot 2008 · Cena: 79900 PLN · Gwarancja Spoticar Premium12 miesięcy · Spoticar Stellantis &You Warszawa Al.Jerozolimskie · Sprawdź ofertę!,https://www.spoticar.pl/znajdz-uzywany-samochod/peugeot-2008-puretech-130-allure-ss-eat8-warszawa-1200222286,https://s3.eu-central-1.amazonaws.com/uvpictures-eu-central-1/368/SP/PL/PEUGEOT-2008-222286_1.JPG,https://s3.eu-central-1.amazonaws.com/uvpictures-eu-central-1/368/SP/PL/PEUGEOT-2008-222286_2.JPG|https://s3.eu-central-1.amazonaws.com/uvpictures-eu-central-1/368/SP/PL/PEUGEOT-2008-222286_3.JPG|https://s3.eu-central-1.amazonaws.com/uvpictures-eu-central-1/368/SP/PL/PEUGEOT-2008-222286_4.JPG,Peugeot,2008,2024,40405,KM,,Used,79900 PLN,PLN,CASH,79900 PLN,Total,Gasoline,Automatic,Spoticar Stellantis &You Warszawa Al.Jerozolimskie,Spoticar Stellantis &You Warszawa Al.JerozolimskieSpoticar Stellantis &You Warszawa Al.Jerozolimskie,Gwarancja Spoticar Premium12 miesięcy
SPOT-70614,Peugeot 2008 · 72900 PLN,Peugeot 2008 · Cena: 72900 PLN · Gwarancja Spoticar Premium12 miesięcy · Spoticar Stellantis &You Warszawa Al.Jerozolimskie · Sprawdź ofertę!,https://www.spoticar.pl/znajdz-uzywany-samochod/peugeot-2008-puretech-130-allure-ss-eat8-warszawa-1200222378,https://s3.eu-central-1.amazonaws.com/uvpictures-eu-central-1/368/SP/PL/PEUGEOT-2008-222378_1.JPG,https://s3.eu-central-1.amazonaws.com/uvpictures-eu-central-1/368/SP/PL/PEUGEOT-2008-222378_2.JPG|https://s3.eu-central-1.amazonaws.com/uvpictures-eu-central-1/368/SP/PL/PEUGEOT-2008-222378_3.JPG|https://s3.eu-central-1.amazonaws.com/uvpictures-eu-central-1/368/SP/PL/PEUGEOT-2008-222378_4.JPG,Peugeot,2008,2024,52907,KM,,Used,72900 PLN,PLN,CASH,72900 PLN,Total,Gasoline,Automatic,Spoticar Stellantis &You Warszawa Al.Jerozolimskie,Spoticar Stellantis &You Warszawa Al.JerozolimskieSpoticar Stellantis &You Warszawa Al.Jerozolimskie,Gwarancja Spoticar Premium12 miesięcy
SPOT-70548,Citroën C3 · 48900 PLN,Citroën C3 · Cena: 48900 PLN · Gwarancja Spoticar Premium12 miesięcy · Spoticar Stellantis &You Warszawa Al.Jerozolimskie · Sprawdź ofertę!,https://www.spoticar.pl/znajdz-uzywany-samochod/citroen-c3-12-puretech-max-warszawa-1200222318,https://s3.eu-central-1.amazonaws.com/uvpictures-eu-central-1/368/SP/PL/CITROEN-C3-222318_1.JPG,https://s3.eu-central-1.amazonaws.com/uvpictures-eu-central-1/368/SP/PL/CITROEN-C3-222318_2.JPG|https://s3.eu-central-1.amazonaws.com/uvpictures-eu-central-1/368/SP/PL/CITROEN-C3-222318_3.JPG|https://s3.eu-central-1.amazonaws.com/uvpictures-eu-central-1/368/SP/PL/CITROEN-C3-222318_4.JPG,Citroën,C3,2024,49950,KM,,Used,48900 PLN,PLN,CASH,48900 PLN,Total,Gasoline,Manual,Spoticar Stellantis &You Warszawa Al.Jerozolimskie,Spoticar Stellantis &You Warszawa Al.JerozolimskieSpoticar Stellantis &You Warszawa Al.Jerozolimskie,Gwarancja Spoticar Premium12 miesięcy
SPOT-69429,Peugeot 408 · 129900 PLN,Peugeot 408 · Cena: 129900 PLN · Gwarancja Spoticar Premium12 miesięcy · SPOTICAR RIA WARSZAWAWARSZAWA · Sprawdź ofertę!,https://www.spoticar.pl/znajdz-uzywany-samochod/peugeot-408-16-plug-hybrid-225-allure-eat8-warszawa-1200221202,https://s3.eu-central-1.amazonaws.com/uvpictures-eu-central-1/368/SP/PL/PEUGEOT-408-221202_1.JPG,https://s3.eu-central-1.amazonaws.com/uvpictures-eu-central-1/368/SP/PL/PEUGEOT-408-221202_2.JPG|https://s3.eu-central-1.amazonaws.com/uvpictures-eu-central-1/368/SP/PL/PEUGEOT-408-221202_3.JPG|https://s3.eu-central-1.amazonaws.com/uvpictures-eu-central-1/368/SP/PL/PEUGEOT-408-221202_4.JPG,Peugeot,408,2025,9626,KM,,Used,129900 PLN,PLN,CASH,129900 PLN,Total,Gasoline,Automatic,SPOTICAR RIA WARSZAWAWARSZAWA,SPOTICAR RIA WARSZAWA,Gwarancja Spoticar Premium12 miesięcy
SPOT-69229,Peugeot 308 · 144900 PLN,Peugeot 308 · Cena: 144900 PLN · Gwarancja Spoticar Premium12 miesięcy · SPOTICAR SZTUKOWSKI OSTRÓW WLKP.Ostrów Wielkopolski · Sprawdź ofertę!,https://www.spoticar.pl/znajdz-uzywany-samochod/peugeot-308-16-hybrid-phev-gt-e-dcs7-ostrow-wielkopolski-1200221027,https://s3.eu-central-1.amazonaws.com/uvpictures-eu-central-1/368/SP/PL/PEUGEOT-308-221027_1.JPG,https://s3.eu-central-1.amazonaws.com/uvpictures-eu-central-1/368/SP/PL/PEUGEOT-308-221027_2.JPG|https://s3.eu-central-1.amazonaws.com/uvpictures-eu-central-1/368/SP/PL/PEUGEOT-308-221027_3.JPG|https://s3.eu-central-1.amazonaws.com/uvpictures-eu-central-1/368/SP/PL/PEUGEOT-308-221027_4.JPG,Peugeot,308,2025,505,KM,,Used,144900 PLN,PLN,CASH,144900 PLN,Total,Gasoline,Automatic,SPOTICAR SZTUKOWSKI OSTRÓW WLKP.Ostrów Wielkopolski,SPOTICAR SZTUKOWSKI OSTRÓW WLKP.,Gwarancja Spoticar Premium12 miesięcy
SPOT-70900,Nº8 · 239900 PLN,Nº8 · Cena: 239900 PLN · Gwarancja Spoticar Premium12 miesięcy · SPOTICAR RIA WARSZAWAWARSZAWA · Sprawdź ofertę!,https://www.spoticar.pl/znajdz-uzywany-samochod/ds-dsn8-972kwh-long-range-etoile-warszawa-1200222636,https://s3.eu-central-1.amazonaws.com/uvpictures-eu-central-1/368/SP/PL/DS-DSN8-222636_1.JPG,https://s3.eu-central-1.amazonaws.com/uvpictures-eu-central-1/368/SP/PL/DS-DSN8-222636_2.JPG|https://s3.eu-central-1.amazonaws.com/uvpictures-eu-central-1/368/SP/PL/DS-DSN8-222636_3.JPG|https://s3.eu-central-1.amazonaws.com/uvpictures-eu-central-1/368/SP/PL/DS-DSN8-222636_4.JPG,Nº8,,2025,11244,KM,,Used,239900 PLN,PLN,CASH,239900 PLN,Total,Electric,Automatic,SPOTICAR RIA WARSZAWAWARSZAWA,SPOTICAR RIA WARSZAWA,Gwarancja Spoticar Premium12 miesięcy
SPOT-69896,DS 4 · 129900 PLN,DS 4 · Cena: 129900 PLN · Gwarancja Spoticar Premium12 miesięcy · Spoticar Stellantis &You Warszawa Al.Jerozolimskie · Sprawdź ofertę!,https://www.spoticar.pl/znajdz-uzywany-samochod/ds-ds-4-16-puretech-performance-line-aut-warszawa-1200221647,https://s3.eu-central-1.amazonaws.com/uvpictures-eu-central-1/368/SP/PL/DS-DS-4-221647_1.JPG,https://s3.eu-central-1.amazonaws.com/uvpictures-eu-central-1/368/SP/PL/DS-DS-4-221647_2.JPG|https://s3.eu-central-1.amazonaws.com/uvpictures-eu-central-1/368/SP/PL/DS-DS-4-221647_3.JPG|https://s3.eu-central-1.amazonaws.com/uvpictures-eu-central-1/368/SP/PL/DS-DS-4-221647_4.JPG,DS,4,2023,8764,KM,,Used,129900 PLN,PLN,CASH,129900 PLN,Total,Gasoline,Automatic,Spoticar Stellantis &You Warszawa Al.Jerozolimskie,Spoticar Stellantis &You Warszawa Al.JerozolimskieSpoticar Stellantis &You Warszawa Al.Jerozolimskie,Gwarancja Spoticar Premium12 miesięcy
SPOT-70320,Peugeot 2008 · 81900 PLN,Peugeot 2008 · Cena: 81900 PLN · Gwarancja Spoticar Premium12 miesięcy · SPOTICAR RIA WARSZAWAWARSZAWA · Sprawdź ofertę!,https://www.spoticar.pl/znajdz-uzywany-samochod/peugeot-2008-e-2008-allure-pack-warszawa-1200221889,https://s3.eu-central-1.amazonaws.com/uvpictures-eu-central-1/368/SP/PL/PEUGEOT-2008-221889_1.JPG,https://s3.eu-central-1.amazonaws.com/uvpictures-eu-central-1/368/SP/PL/PEUGEOT-2008-221889_2.JPG|https://s3.eu-central-1.amazonaws.com/uvpictures-eu-central-1/368/SP/PL/PEUGEOT-2008-221889_3.JPG|https://s3.eu-central-1.amazonaws.com/uvpictures-eu-central-1/368/SP/PL/PEUGEOT-2008-221889_4.JPG,Peugeot,2008,2024,30665,KM,,Used,81900 PLN,PLN,CASH,81900 PLN,Total,Electric,Automatic,SPOTICAR RIA WARSZAWAWARSZAWA,SPOTICAR RIA WARSZAWA,Gwarancja Spoticar Premium12 miesięcy
SPOT-69836,Peugeot 3008 · 149900 PLN,Peugeot 3008 · Cena: 149900 PLN · Gwarancja Spoticar Premium12 miesięcy · SPOTICAR RIA WARSZAWAWARSZAWA · Sprawdź ofertę!,https://www.spoticar.pl/znajdz-uzywany-samochod/peugeot-3008-16-phev-195-allure-ss-e-dcs7-warszawa-1200221619,https://s3.eu-central-1.amazonaws.com/uvpictures-eu-central-1/368/SP/PL/PEUGEOT-3008-221619_1.JPG,https://s3.eu-central-1.amazonaws.com/uvpictures-eu-central-1/368/SP/PL/PEUGEOT-3008-221619_2.JPG|https://s3.eu-central-1.amazonaws.com/uvpictures-eu-central-1/368/SP/PL/PEUGEOT-3008-221619_3.JPG|https://s3.eu-central-1.amazonaws.com/uvpictures-eu-central-1/368/SP/PL/PEUGEOT-3008-221619_4.JPG,Peugeot,3008,2025,8287,KM,,Used,149900 PLN,PLN,CASH,149900 PLN,Total,Gasoline,Automatic,SPOTICAR RIA WARSZAWAWARSZAWA,SPOTICAR RIA WARSZAWA,Gwarancja Spoticar Premium12 miesięcy
SPOT-66453,Citroën C4 Cactus · 36900 PLN,Citroën C4 Cactus · Cena: 36900 PLN · Gwarancja Spoticar Premium6 miesięcy · Spoticar Fix Forum RzeszówKRASNE · Sprawdź ofertę!,https://www.spoticar.pl/znajdz-uzywany-samochod/citroen-c4-cactus-12-puretech-feel-ss-krasne-1200218307,https://s3.eu-central-1.amazonaws.com/uvpictures-eu-central-1/368/SP/PL/CITROEN-C4-CACTUS-218307_1.JPG,https://s3.eu-central-1.amazonaws.com/uvpictures-eu-central-1/368/SP/PL/CITROEN-C4-CACTUS-218307_2.JPG|https://s3.eu-central-1.amazonaws.com/uvpictures-eu-central-1/368/SP/PL/CITROEN-C4-CACTUS-218307_3.JPG|https://s3.eu-central-1.amazonaws.com/uvpictures-eu-central-1/368/SP/PL/CITROEN-C4-CACTUS-218307_4.JPG,Citroën,C4 Cactus,2018,78447,KM,,Used,36900 PLN,PLN,CASH,36900 PLN,Total,Gasoline,Manual,Spoticar Fix Forum RzeszówKRASNE,Spoticar Fix Forum Rzeszów,Gwarancja Spoticar Premium6 miesięcy
SPOT-69077,Opel Corsa · 94900 PLN,Opel Corsa · Cena: 94900 PLN · Gwarancja Spoticar Premium12 miesięcy · SPOTICAR WOJCIULA BIAŁYSTOKBialystok · Sprawdź ofertę!,https://www.spoticar.pl/znajdz-uzywany-samochod/opel-corsa-12-t-gs-ss-aut-bialystok-1200220859,https://s3.eu-central-1.amazonaws.com/uvpictures-eu-central-1/368/SP/PL/OPEL-CORSA-220859_1.JPG,https://s3.eu-central-1.amazonaws.com/uvpictures-eu-central-1/368/SP/PL/OPEL-CORSA-220859_2.JPG|https://s3.eu-central-1.amazonaws.com/uvpictures-eu-central-1/368/SP/PL/OPEL-CORSA-220859_3.JPG|https://s3.eu-central-1.amazonaws.com/uvpictures-eu-central-1/368/SP/PL/OPEL-CORSA-220859_4.JPG,Opel,Corsa,2025,2,KM,,Used,94900 PLN,PLN,CASH,94900 PLN,Total,Gasoline,Automatic,SPOTICAR WOJCIULA BIAŁYSTOKBialystok,SPOTICAR WOJCIULA BIAŁYSTOK,Gwarancja Spoticar Premium12 miesięcy
SPOT-70703,Peugeot 2008 · 65990 PLN,Peugeot 2008 · Cena: 65990 PLN · Gwarancja Spoticar Premium12 miesięcy · SPOTICAR DEJON I DĄBROWSKI LEGNICA · Sprawdź ofertę!,https://www.spoticar.pl/znajdz-uzywany-samochod/peugeot-2008-12-puretech-allure-pack-ss-legnica-1200222435,https://s3.eu-central-1.amazonaws.com/uvpictures-eu-central-1/368/SP/PL/PEUGEOT-2008-222435_1.JPG,https://s3.eu-central-1.amazonaws.com/uvpictures-eu-central-1/368/SP/PL/PEUGEOT-2008-222435_2.JPG|https://s3.eu-central-1.amazonaws.com/uvpictures-eu-central-1/368/SP/PL/PEUGEOT-2008-222435_3.JPG|https://s3.eu-central-1.amazonaws.com/uvpictures-eu-central-1/368/SP/PL/PEUGEOT-2008-222435_4.JPG,Peugeot,2008,2023,41120,KM,,Used,65990 PLN,PLN,CASH,65990 PLN,Total,Gasoline,Manual,SPOTICAR DEJON I DĄBROWSKI LEGNICA,SPOTICAR DEJON I DĄBROWSKI LEGNICASPOTICAR DEJON I DĄBROWSKI LEGNICA,Gwarancja Spoticar Premium12 miesięcy
SPOT-71292,Citroën C3 Aircross · 55990 PLN,Citroën C3 Aircross · Cena: 55990 PLN · Gwarancja Spoticar Premium12 miesięcy · SPOTICAR DEJON I DĄBROWSKI LEGNICA · Sprawdź ofertę!,https://www.spoticar.pl/znajdz-uzywany-samochod/citroen-c3-aircross-12-puretech-shine-ss-legnica-1200223018,https://s3.eu-central-1.amazonaws.com/uvpictures-eu-central-1/368/SP/PL/CITROEN-C3-AIRCROSS-223018_1.JPG,https://s3.eu-central-1.amazonaws.com/uvpictures-eu-central-1/368/SP/PL/CITROEN-C3-AIRCROSS-223018_2.JPG|https://s3.eu-central-1.amazonaws.com/uvpictures-eu-central-1/368/SP/PL/CITROEN-C3-AIRCROSS-223018_3.JPG|https://s3.eu-central-1.amazonaws.com/uvpictures-eu-central-1/368/SP/PL/CITROEN-C3-AIRCROSS-223018_4.JPG,Citroën,C3 Aircross,2023,62140,KM,,Used,55990 PLN,PLN,CASH,55990 PLN,Total,Gasoline,Manual,SPOTICAR DEJON I DĄBROWSKI LEGNICA,SPOTICAR DEJON I DĄBROWSKI LEGNICASPOTICAR DEJON I DĄBROWSKI LEGNICA,Gwarancja Spoticar Premium12 miesięcy
SPOT-71203,Citroën C5 Aircross · 55900 PLN,Citroën C5 Aircross · Cena: 55900 PLN · Gwarancja Spoticar Premium6 miesięcy · SPOTICAR RIA STALOWA WOLAStalowa Wola / Grebów · Sprawdź ofertę!,https://www.spoticar.pl/znajdz-uzywany-samochod/citroen-c5-aircross-15-bluehdi-feel-stalowa-wola-grebow-1200222948,https://s3.eu-central-1.amazonaws.com/uvpictures-eu-central-1/368/SP/PL/CITROEN-C5-AIRCROSS-222948_1.JPG,https://s3.eu-central-1.amazonaws.com/uvpictures-eu-central-1/368/SP/PL/CITROEN-C5-AIRCROSS-222948_2.JPG|https://s3.eu-central-1.amazonaws.com/uvpictures-eu-central-1/368/SP/PL/CITROEN-C5-AIRCROSS-222948_3.JPG|https://s3.eu-central-1.amazonaws.com/uvpictures-eu-central-1/368/SP/PL/CITROEN-C5-AIRCROSS-222948_4.JPG,Citroën,C5 Aircross,2020,178826,KM,,Used,55900 PLN,PLN,CASH,55900 PLN,Total,Diesel,Manual,SPOTICAR RIA STALOWA WOLAStalowa Wola / Grebów,SPOTICAR RIA STALOWA WOLA,Gwarancja Spoticar Premium6 miesięcy
SPOT-70854,Peugeot Rifter · 52990 PLN,Peugeot Rifter · Cena: 52990 PLN · Gwarancja Spoticar Premium6 miesięcy · SPOTICAR DEJON I DĄBROWSKI LEGNICA · Sprawdź ofertę!,https://www.spoticar.pl/znajdz-uzywany-samochod/peugeot-rifter-15-bluehdi-active-pack-ss-legnica-1200222623,https://s3.eu-central-1.amazonaws.com/uvpictures-eu-central-1/368/SP/PL/PEUGEOT-RIFTER-222623_1.JPG,https://s3.eu-central-1.amazonaws.com/uvpictures-eu-central-1/368/SP/PL/PEUGEOT-RIFTER-222623_2.JPG|https://s3.eu-central-1.amazonaws.com/uvpictures-eu-central-1/368/SP/PL/PEUGEOT-RIFTER-222623_3.JPG|https://s3.eu-central-1.amazonaws.com/uvpictures-eu-central-1/368/SP/PL/PEUGEOT-RIFTER-222623_4.JPG,Peugeot,Rifter,2021,125607,KM,,Used,52990 PLN,PLN,CASH,52990 PLN,Total,Diesel,Manual,SPOTICAR DEJON I DĄBROWSKI LEGNICA,SPOTICAR DEJON I DĄBROWSKI LEGNICASPOTICAR DEJON I DĄBROWSKI LEGNICA,Gwarancja Spoticar Premium6 miesięcy
SPOT-71523,Peugeot 2008 · 99900 PLN,Peugeot 2008 · Cena: 99900 PLN · Gwarancja Spoticar Premium12 miesięcy · Spoticar Auto Centrum Golemo Kraków · Sprawdź ofertę!,https://www.spoticar.pl/znajdz-uzywany-samochod/peugeot-2008-puretech-mhev-gt-e-dcs6-krakow-1200223251,https://s3.eu-central-1.amazonaws.com/uvpictures-eu-central-1/368/SP/PL/PEUGEOT-2008-223251_1.JPG,https://s3.eu-central-1.amazonaws.com/uvpictures-eu-central-1/368/SP/PL/PEUGEOT-2008-223251_2.JPG|https://s3.eu-central-1.amazonaws.com/uvpictures-eu-central-1/368/SP/PL/PEUGEOT-2008-223251_3.JPG|https://s3.eu-central-1.amazonaws.com/uvpictures-eu-central-1/368/SP/PL/PEUGEOT-2008-223251_4.JPG,Peugeot,2008,2025,22018,KM,,Used,99900 PLN,PLN,CASH,99900 PLN,Total,Hybrid,Automatic,Spoticar Auto Centrum Golemo Kraków,Spoticar Auto Centrum Golemo KrakówSpoticar Auto Centrum Golemo Kraków,Gwarancja Spoticar Premium12 miesięcy
SPOT-71364,Citroën C4 X · 72990 PLN,Citroën C4 X · Cena: 72990 PLN · Gwarancja Spoticar Premium12 miesięcy · SPOTICAR DEJON I DĄBROWSKI LEGNICA · Sprawdź ofertę!,https://www.spoticar.pl/znajdz-uzywany-samochod/citroen-c4-x-c4-x-12-puretech-max-ss-eat8-legnica-1200223088,https://s3.eu-central-1.amazonaws.com/uvpictures-eu-central-1/368/SP/PL/CITROEN-C4-X-223088_1.JPG,https://s3.eu-central-1.amazonaws.com/uvpictures-eu-central-1/368/SP/PL/CITROEN-C4-X-223088_2.JPG|https://s3.eu-central-1.amazonaws.com/uvpictures-eu-central-1/368/SP/PL/CITROEN-C4-X-223088_3.JPG|https://s3.eu-central-1.amazonaws.com/uvpictures-eu-central-1/368/SP/PL/CITROEN-C4-X-223088_4.JPG,Citroën,C4 X,2024,29009,KM,,Used,72990 PLN,PLN,CASH,72990 PLN,Total,Gasoline,Automatic,SPOTICAR DEJON I DĄBROWSKI LEGNICA,SPOTICAR DEJON I DĄBROWSKI LEGNICASPOTICAR DEJON I DĄBROWSKI LEGNICA,Gwarancja Spoticar Premium12 miesięcy
SPOT-71521,Peugeot 2008 · 103900 PLN,Peugeot 2008 · Cena: 103900 PLN · Gwarancja Spoticar Premium12 miesięcy · SPOTICAR SZTUKOWSKI OSTRÓW WLKP.Ostrów Wielkopolski · Sprawdź ofertę!,https://www.spoticar.pl/znajdz-uzywany-samochod/peugeot-2008-puretech-mhev-gt-e-dcs6-ostrow-wielkopolski-1200223254,https://s3.eu-central-1.amazonaws.com/uvpictures-eu-central-1/368/SP/PL/PEUGEOT-2008-223254_1.JPG,https://s3.eu-central-1.amazonaws.com/uvpictures-eu-central-1/368/SP/PL/PEUGEOT-2008-223254_2.JPG|https://s3.eu-central-1.amazonaws.com/uvpictures-eu-central-1/368/SP/PL/PEUGEOT-2008-223254_3.JPG|https://s3.eu-central-1.amazonaws.com/uvpictures-eu-central-1/368/SP/PL/PEUGEOT-2008-223254_4.JPG,Peugeot,2008,2026,674,KM,,Used,103900 PLN,PLN,CASH,103900 PLN,Total,Hybrid,Automatic,SPOTICAR SZTUKOWSKI OSTRÓW WLKP.Ostrów Wielkopolski,SPOTICAR SZTUKOWSKI OSTRÓW WLKP.,Gwarancja Spoticar Premium12 miesięcy
SPOT-71512,Fiat 500 · 89900 PLN,Fiat 500 · Cena: 89900 PLN · Gwarancja Spoticar Premium12 miesięcy · SPOTICAR RIA STALOWA WOLAStalowa Wola / Grebów · Sprawdź ofertę!,https://www.spoticar.pl/znajdz-uzywany-samochod/fiat-500-e-500-42-kwh-stalowa-wola-grebow-1200223263,https://s3.eu-central-1.amazonaws.com/uvpictures-eu-central-1/368/SP/PL/FIAT-500-E-223263_1.JPG,https://s3.eu-central-1.amazonaws.com/uvpictures-eu-central-1/368/SP/PL/FIAT-500-E-223263_2.JPG|https://s3.eu-central-1.amazonaws.com/uvpictures-eu-central-1/368/SP/PL/FIAT-500-E-223263_3.JPG|https://s3.eu-central-1.amazonaws.com/uvpictures-eu-central-1/368/SP/PL/FIAT-500-E-223263_4.JPG,Fiat,500,2024,119,KM,,Used,89900 PLN,PLN,CASH,89900 PLN,Total,Electric,Automatic,SPOTICAR RIA STALOWA WOLAStalowa Wola / Grebów,SPOTICAR RIA STALOWA WOLA,Gwarancja Spoticar Premium12 miesięcy
SPOT-71515,Citroën Berlingo · 74900 PLN,Citroën Berlingo · Cena: 74900 PLN · Gwarancja Spoticar Premium12 miesięcy · SPOTICAR RIA STALOWA WOLAStalowa Wola / Grebów · Sprawdź ofertę!,https://www.spoticar.pl/znajdz-uzywany-samochod/citroen-berlingo-van-12-puretech-m-ss-650kg-stalowa-wola-grebow-1200223260,https://s3.eu-central-1.amazonaws.com/uvpictures-eu-central-1/368/SP/PL/CITROEN-BERLINGO-223260_1.JPG,https://s3.eu-central-1.amazonaws.com/uvpictures-eu-central-1/368/SP/PL/CITROEN-BERLINGO-223260_2.JPG|https://s3.eu-central-1.amazonaws.com/uvpictures-eu-central-1/368/SP/PL/CITROEN-BERLINGO-223260_3.JPG|https://s3.eu-central-1.amazonaws.com/uvpictures-eu-central-1/368/SP/PL/CITROEN-BERLINGO-223260_4.JPG,Citroën,Berlingo,2023,27036,KM,,Used,74900 PLN,PLN,CASH,74900 PLN,Total,Gasoline,Manual,SPOTICAR RIA STALOWA WOLAStalowa Wola / Grebów,SPOTICAR RIA STALOWA WOLA,Gwarancja Spoticar Premium12 miesięcy
SPOT-71369,Opel Astra · 56990 PLN,Opel Astra · Cena: 56990 PLN · Gwarancja Spoticar Premium12 miesięcy · SPOTICAR DEJON I DĄBROWSKI LEGNICA · Sprawdź ofertę!,https://www.spoticar.pl/znajdz-uzywany-samochod/opel-astra-vi-12-t-edition-ss-legnica-1200223084,https://s3.eu-central-1.amazonaws.com/uvpictures-eu-central-1/368/SP/PL/OPEL-ASTRA-223084_1.JPG,https://s3.eu-central-1.amazonaws.com/uvpictures-eu-central-1/368/SP/PL/OPEL-ASTRA-223084_2.JPG|https://s3.eu-central-1.amazonaws.com/uvpictures-eu-central-1/368/SP/PL/OPEL-ASTRA-223084_3.JPG|https://s3.eu-central-1.amazonaws.com/uvpictures-eu-central-1/368/SP/PL/OPEL-ASTRA-223084_4.JPG,Opel,Astra,2024,52291,KM,,Used,56990 PLN,PLN,CASH,56990 PLN,Total,Gasoline,Manual,SPOTICAR DEJON I DĄBROWSKI LEGNICA,SPOTICAR DEJON I DĄBROWSKI LEGNICASPOTICAR DEJON I DĄBROWSKI LEGNICA,Gwarancja Spoticar Premium12 miesięcy
SPOT-71532,Opel Grandland · 79900 PLN,Opel Grandland · Cena: 79900 PLN · Gwarancja Spoticar Premium12 miesięcy · SPOTICAR MOJSIUK STARE BABICEBiesiekierz · Sprawdź ofertę!,https://www.spoticar.pl/znajdz-uzywany-samochod/opel-grandland-12-t-business-edition-ss-aut-biesiekierz-1200223593,https://s3.eu-central-1.amazonaws.com/uvpictures-eu-central-1/368/SP/PL/OPEL-GRANDLAND-223593_1.JPG,https://s3.eu-central-1.amazonaws.com/uvpictures-eu-central-1/368/SP/PL/OPEL-GRANDLAND-223593_2.JPG|https://s3.eu-central-1.amazonaws.com/uvpictures-eu-central-1/368/SP/PL/OPEL-GRANDLAND-223593_3.JPG|https://s3.eu-central-1.amazonaws.com/uvpictures-eu-central-1/368/SP/PL/OPEL-GRANDLAND-223593_4.JPG,Opel,Grandland,2024,20472,KM,,Used,79900 PLN,PLN,CASH,79900 PLN,Total,Gasoline,Automatic,SPOTICAR MOJSIUK STARE BABICEBiesiekierz,SPOTICAR MOJSIUK STARE BABICE,Gwarancja Spoticar Premium12 miesięcy
SPOT-71600,Citroën C5 Aircross · 86900 PLN,Citroën C5 Aircross · Cena: 86900 PLN · Gwarancja Spoticar Premium12 miesięcy · SPOTICAR SZTUKOWSKI OSTRÓW WLKP.Ostrów Wielkopolski · Sprawdź ofertę!,https://www.spoticar.pl/znajdz-uzywany-samochod/citroen-c5-aircross-15-bluehdi-max-eat8-ostrow-wielkopolski-1200223532,https://s3.eu-central-1.amazonaws.com/uvpictures-eu-central-1/368/SP/PL/CITROEN-C5-AIRCROSS-223532_1.JPG,https://s3.eu-central-1.amazonaws.com/uvpictures-eu-central-1/368/SP/PL/CITROEN-C5-AIRCROSS-223532_2.JPG|https://s3.eu-central-1.amazonaws.com/uvpictures-eu-central-1/368/SP/PL/CITROEN-C5-AIRCROSS-223532_3.JPG|https://s3.eu-central-1.amazonaws.com/uvpictures-eu-central-1/368/SP/PL/CITROEN-C5-AIRCROSS-223532_4.JPG,Citroën,C5 Aircross,2024,43307,KM,,Used,86900 PLN,PLN,CASH,86900 PLN,Total,Diesel,Automatic,SPOTICAR SZTUKOWSKI OSTRÓW WLKP.Ostrów Wielkopolski,SPOTICAR SZTUKOWSKI OSTRÓW WLKP.,Gwarancja Spoticar Premium12 miesięcy
SPOT-71604,Opel Astra · 69900 PLN,Opel Astra · Cena: 69900 PLN · Gwarancja Spoticar Premium12 miesięcy · Spoticar Auto Centrum Golemo Kraków · Sprawdź ofertę!,https://www.spoticar.pl/znajdz-uzywany-samochod/opel-astra-vi-12-t-gs-ss-aut-krakow-1200223527,https://s3.eu-central-1.amazonaws.com/uvpictures-eu-central-1/368/SP/PL/OPEL-ASTRA-223527_1.JPG,https://s3.eu-central-1.amazonaws.com/uvpictures-eu-central-1/368/SP/PL/OPEL-ASTRA-223527_2.JPG|https://s3.eu-central-1.amazonaws.com/uvpictures-eu-central-1/368/SP/PL/OPEL-ASTRA-223527_3.JPG|https://s3.eu-central-1.amazonaws.com/uvpictures-eu-central-1/368/SP/PL/OPEL-ASTRA-223527_4.JPG,Opel,Astra,2023,84197,KM,,Used,69900 PLN,PLN,CASH,69900 PLN,Total,Gasoline,Automatic,Spoticar Auto Centrum Golemo Kraków,Spoticar Auto Centrum Golemo KrakówSpoticar Auto Centrum Golemo Kraków,Gwarancja Spoticar Premium12 miesięcy
SPOT-71585,Opel Mokka · 87900 PLN,Opel Mokka · Cena: 87900 PLN · Gwarancja Spoticar Premium12 miesięcy · SPOTICAR RIA STALOWA WOLAStalowa Wola / Grebów · Sprawdź ofertę!,https://www.spoticar.pl/znajdz-uzywany-samochod/opel-mokka-12-t-gs-ss-aut-stalowa-wola-grebow-1200223547,https://s3.eu-central-1.amazonaws.com/uvpictures-eu-central-1/368/SP/PL/OPEL-MOKKA-223547_1.JPG,https://s3.eu-central-1.amazonaws.com/uvpictures-eu-central-1/368/SP/PL/OPEL-MOKKA-223547_2.JPG|https://s3.eu-central-1.amazonaws.com/uvpictures-eu-central-1/368/SP/PL/OPEL-MOKKA-223547_3.JPG|https://s3.eu-central-1.amazonaws.com/uvpictures-eu-central-1/368/SP/PL/OPEL-MOKKA-223547_4.JPG,Opel,Mokka,2025,15224,KM,,Used,87900 PLN,PLN,CASH,87900 PLN,Total,Gasoline,Automatic,SPOTICAR RIA STALOWA WOLAStalowa Wola / Grebów,SPOTICAR RIA STALOWA WOLA,Gwarancja Spoticar Premium12 miesięcy
SPOT-71607,Citroën C3 · 49900 PLN,Citroën C3 · Cena: 49900 PLN · Gwarancja Spoticar Premium12 miesięcy · SPOTICAR RIA STALOWA WOLAStalowa Wola / Grebów · Sprawdź ofertę!,https://www.spoticar.pl/znajdz-uzywany-samochod/citroen-c3-12-puretech-max-stalowa-wola-grebow-1200223525,https://s3.eu-central-1.amazonaws.com/uvpictures-eu-central-1/368/SP/PL/CITROEN-C3-223525_1.JPG,https://s3.eu-central-1.amazonaws.com/uvpictures-eu-central-1/368/SP/PL/CITROEN-C3-223525_2.JPG|https://s3.eu-central-1.amazonaws.com/uvpictures-eu-central-1/368/SP/PL/CITROEN-C3-223525_3.JPG|https://s3.eu-central-1.amazonaws.com/uvpictures-eu-central-1/368/SP/PL/CITROEN-C3-223525_4.JPG,Citroën,C3,2024,18143,KM,,Used,49900 PLN,PLN,CASH,49900 PLN,Total,Gasoline,Manual,SPOTICAR RIA STALOWA WOLAStalowa Wola / Grebów,SPOTICAR RIA STALOWA WOLA,Gwarancja Spoticar Premium12 miesięcy
SPOT-71546,Fiat 600 · 79900 PLN,Fiat 600 · Cena: 79900 PLN · Gwarancja Spoticar Premium12 miesięcy · SPOTICAR SZTUKOWSKI OSTRÓW WLKP.Ostrów Wielkopolski · Sprawdź ofertę!,https://www.spoticar.pl/znajdz-uzywany-samochod/fiat-600-e-54kwh-red-ostrow-wielkopolski-1200223586,https://s3.eu-central-1.amazonaws.com/uvpictures-eu-central-1/368/SP/PL/FIAT-600-223586_1.JPG,https://s3.eu-central-1.amazonaws.com/uvpictures-eu-central-1/368/SP/PL/FIAT-600-223586_2.JPG|https://s3.eu-central-1.amazonaws.com/uvpictures-eu-central-1/368/SP/PL/FIAT-600-223586_3.JPG|https://s3.eu-central-1.amazonaws.com/uvpictures-eu-central-1/368/SP/PL/FIAT-600-223586_4.JPG,Fiat,600,2024,30152,KM,,Used,79900 PLN,PLN,CASH,79900 PLN,Total,Electric,Automatic,SPOTICAR SZTUKOWSKI OSTRÓW WLKP.Ostrów Wielkopolski,SPOTICAR SZTUKOWSKI OSTRÓW WLKP.,Gwarancja Spoticar Premium12 miesięcy
SPOT-71616,Peugeot 2008 · 99900 PLN,Peugeot 2008 · Cena: 99900 PLN · Gwarancja Spoticar Premium12 miesięcy · Spoticar Auto Centrum Golemo Kraków · Sprawdź ofertę!,https://www.spoticar.pl/znajdz-uzywany-samochod/peugeot-krakow-1200223515,https://s3.eu-central-1.amazonaws.com/uvpictures-eu-central-1/368/SP/PL/PEUGEOT-2008-223515_1.JPG,https://s3.eu-central-1.amazonaws.com/uvpictures-eu-central-1/368/SP/PL/PEUGEOT-2008-223515_2.JPG|https://s3.eu-central-1.amazonaws.com/uvpictures-eu-central-1/368/SP/PL/PEUGEOT-2008-223515_3.JPG|https://s3.eu-central-1.amazonaws.com/uvpictures-eu-central-1/368/SP/PL/PEUGEOT-2008-223515_4.JPG,Peugeot,2008,2025,14715,KM,,Used,99900 PLN,PLN,CASH,99900 PLN,Total,Gasoline,Automatic,Spoticar Auto Centrum Golemo Kraków,Spoticar Auto Centrum Golemo KrakówSpoticar Auto Centrum Golemo Kraków,Gwarancja Spoticar Premium12 miesięcy
SPOT-71568,Peugeot 3008 · 107900 PLN,Peugeot 3008 · Cena: 107900 PLN · Gwarancja Spoticar Premium12 miesięcy · Spoticar  Budmat Auto PłockPłock · Sprawdź ofertę!,https://www.spoticar.pl/znajdz-uzywany-samochod/peugeot-3008-12-puretech-mhev-allure-e-dcs6-plock-1200223564,https://s3.eu-central-1.amazonaws.com/uvpictures-eu-central-1/368/SP/PL/PEUGEOT-3008-223564_1.JPG,https://s3.eu-central-1.amazonaws.com/uvpictures-eu-central-1/368/SP/PL/PEUGEOT-3008-223564_2.JPG|https://s3.eu-central-1.amazonaws.com/uvpictures-eu-central-1/368/SP/PL/PEUGEOT-3008-223564_3.JPG|https://s3.eu-central-1.amazonaws.com/uvpictures-eu-central-1/368/SP/PL/PEUGEOT-3008-223564_4.JPG,Peugeot,3008,2024,39797,KM,,Used,107900 PLN,PLN,CASH,107900 PLN,Total,Hybrid,Automatic,Spoticar  Budmat Auto PłockPłock,Spoticar  Budmat Auto Płock,Gwarancja Spoticar Premium12 miesięcy
SPOT-71540,Opel Mokka · 72900 PLN,Opel Mokka · Cena: 72900 PLN · Gwarancja Spoticar Premium12 miesięcy · Spoticar Fijałkowski RybnikRybnik · Sprawdź ofertę!,https://www.spoticar.pl/znajdz-uzywany-samochod/opel-mokka-12-t-elegance-ss-aut-rybnik-1200223595,https://s3.eu-central-1.amazonaws.com/uvpictures-eu-central-1/368/SP/PL/OPEL-MOKKA-223595_1.JPG,https://s3.eu-central-1.amazonaws.com/uvpictures-eu-central-1/368/SP/PL/OPEL-MOKKA-223595_2.JPG|https://s3.eu-central-1.amazonaws.com/uvpictures-eu-central-1/368/SP/PL/OPEL-MOKKA-223595_3.JPG|https://s3.eu-central-1.amazonaws.com/uvpictures-eu-central-1/368/SP/PL/OPEL-MOKKA-223595_4.JPG,Opel,Mokka,2023,69107,KM,,Used,72900 PLN,PLN,CASH,72900 PLN,Total,Gasoline,Automatic,Spoticar Fijałkowski RybnikRybnik,Spoticar Fijałkowski Rybnik,Gwarancja Spoticar Premium12 miesięcy
SPOT-71560,Citroën C3 · 46900 PLN,Citroën C3 · Cena: 46900 PLN · Gwarancja Spoticar Premium12 miesięcy · Spoticar  Budmat Auto PłockPłock · Sprawdź ofertę!,https://www.spoticar.pl/znajdz-uzywany-samochod/citroen-c3-12-puretech-max-plock-1200223571,https://s3.eu-central-1.amazonaws.com/uvpictures-eu-central-1/368/SP/PL/CITROEN-C3-223571_1.JPG,https://s3.eu-central-1.amazonaws.com/uvpictures-eu-central-1/368/SP/PL/CITROEN-C3-223571_2.JPG|https://s3.eu-central-1.amazonaws.com/uvpictures-eu-central-1/368/SP/PL/CITROEN-C3-223571_3.JPG|https://s3.eu-central-1.amazonaws.com/uvpictures-eu-central-1/368/SP/PL/CITROEN-C3-223571_4.JPG,Citroën,C3,2023,77777,KM,,Used,46900 PLN,PLN,CASH,46900 PLN,Total,Gasoline,Manual,Spoticar  Budmat Auto PłockPłock,Spoticar  Budmat Auto Płock,Gwarancja Spoticar Premium12 miesięcy
SPOT-71635,Citroën C4 X · 69900 PLN,Citroën C4 X · Cena: 69900 PLN · Gwarancja Spoticar Premium12 miesięcy · SPOTICAR SZTUKOWSKI OSTRÓW WLKP.Ostrów Wielkopolski · Sprawdź ofertę!,https://www.spoticar.pl/znajdz-uzywany-samochod/citroen-c4-x-c4-x-12-puretech-max-ss-eat8-ostrow-wielkopolski-1200223498,https://s3.eu-central-1.amazonaws.com/uvpictures-eu-central-1/368/SP/PL/CITROEN-C4-X-223498_1.JPG,https://s3.eu-central-1.amazonaws.com/uvpictures-eu-central-1/368/SP/PL/CITROEN-C4-X-223498_2.JPG|https://s3.eu-central-1.amazonaws.com/uvpictures-eu-central-1/368/SP/PL/CITROEN-C4-X-223498_3.JPG|https://s3.eu-central-1.amazonaws.com/uvpictures-eu-central-1/368/SP/PL/CITROEN-C4-X-223498_4.JPG,Citroën,C4 X,2024,20863,KM,,Used,69900 PLN,PLN,CASH,69900 PLN,Total,Gasoline,Automatic,SPOTICAR SZTUKOWSKI OSTRÓW WLKP.Ostrów Wielkopolski,SPOTICAR SZTUKOWSKI OSTRÓW WLKP.,Gwarancja Spoticar Premium12 miesięcy
SPOT-71633,Jeep Renegade · 67900 PLN,Jeep Renegade · Cena: 67900 PLN · Gwarancja Spoticar Premium12 miesięcy · SPOTICAR SZTUKOWSKI OSTRÓW WLKP.Ostrów Wielkopolski · Sprawdź ofertę!,https://www.spoticar.pl/znajdz-uzywany-samochod/jeep-renegade-10-gse-t3-turbo-longitude-fwd-ss-ostrow-wielkopolski-1200223500,https://s3.eu-central-1.amazonaws.com/uvpictures-eu-central-1/368/SP/PL/JEEP-RENEGADE-223500_1.JPG,https://s3.eu-central-1.amazonaws.com/uvpictures-eu-central-1/368/SP/PL/JEEP-RENEGADE-223500_2.JPG|https://s3.eu-central-1.amazonaws.com/uvpictures-eu-central-1/368/SP/PL/JEEP-RENEGADE-223500_3.JPG|https://s3.eu-central-1.amazonaws.com/uvpictures-eu-central-1/368/SP/PL/JEEP-RENEGADE-223500_4.JPG,Jeep,Renegade,2024,45028,KM,,Used,67900 PLN,PLN,CASH,67900 PLN,Total,Gasoline,Manual,SPOTICAR SZTUKOWSKI OSTRÓW WLKP.Ostrów Wielkopolski,SPOTICAR SZTUKOWSKI OSTRÓW WLKP.,Gwarancja Spoticar Premium12 miesięcy
SPOT-71642,Fiat 500 · 74900 PLN,Fiat 500 · Cena: 74900 PLN · Gwarancja Spoticar Premium12 miesięcy · SPOTICAR RIA STALOWA WOLAStalowa Wola / Grebów · Sprawdź ofertę!,https://www.spoticar.pl/znajdz-uzywany-samochod/fiat-500-e-500-42-kwh-stalowa-wola-grebow-1200223489,https://s3.eu-central-1.amazonaws.com/uvpictures-eu-central-1/368/SP/PL/FIAT-500-E-223489_1.JPG,https://s3.eu-central-1.amazonaws.com/uvpictures-eu-central-1/368/SP/PL/FIAT-500-E-223489_2.JPG|https://s3.eu-central-1.amazonaws.com/uvpictures-eu-central-1/368/SP/PL/FIAT-500-E-223489_3.JPG|https://s3.eu-central-1.amazonaws.com/uvpictures-eu-central-1/368/SP/PL/FIAT-500-E-223489_4.JPG,Fiat,500,2024,31698,KM,,Used,74900 PLN,PLN,CASH,74900 PLN,Total,Electric,Automatic,SPOTICAR RIA STALOWA WOLAStalowa Wola / Grebów,SPOTICAR RIA STALOWA WOLA,Gwarancja Spoticar Premium12 miesięcy
SPOT-71638,Fiat 500 · 74900 PLN,Fiat 500 · Cena: 74900 PLN · Gwarancja Spoticar Premium12 miesięcy · SPOTICAR RIA GRUDZIĄDZGRUDZIADZ · Sprawdź ofertę!,https://www.spoticar.pl/znajdz-uzywany-samochod/fiat-500-e-500-42-kwh-grudziadz-1200223495,https://s3.eu-central-1.amazonaws.com/uvpictures-eu-central-1/368/SP/PL/FIAT-500-E-223495_1.JPG,https://s3.eu-central-1.amazonaws.com/uvpictures-eu-central-1/368/SP/PL/FIAT-500-E-223495_2.JPG|https://s3.eu-central-1.amazonaws.com/uvpictures-eu-central-1/368/SP/PL/FIAT-500-E-223495_3.JPG|https://s3.eu-central-1.amazonaws.com/uvpictures-eu-central-1/368/SP/PL/FIAT-500-E-223495_4.JPG,Fiat,500,2024,37361,KM,,Used,74900 PLN,PLN,CASH,74900 PLN,Total,Electric,Automatic,SPOTICAR RIA GRUDZIĄDZGRUDZIADZ,SPOTICAR RIA GRUDZIĄDZ,Gwarancja Spoticar Premium12 miesięcy
SPOT-71644,Fiat 500 · 59900 PLN,Fiat 500 · Cena: 59900 PLN · Gwarancja Spoticar Premium12 miesięcy · SPOTICAR RIA STALOWA WOLAStalowa Wola / Grebów · Sprawdź ofertę!,https://www.spoticar.pl/znajdz-uzywany-samochod/fiat-500-e-500-238kwh-stalowa-wola-grebow-1200223487,https://s3.eu-central-1.amazonaws.com/uvpictures-eu-central-1/368/SP/PL/FIAT-500-E-223487_1.JPG,https://s3.eu-central-1.amazonaws.com/uvpictures-eu-central-1/368/SP/PL/FIAT-500-E-223487_2.JPG|https://s3.eu-central-1.amazonaws.com/uvpictures-eu-central-1/368/SP/PL/FIAT-500-E-223487_3.JPG|https://s3.eu-central-1.amazonaws.com/uvpictures-eu-central-1/368/SP/PL/FIAT-500-E-223487_4.JPG,Fiat,500,2024,34217,KM,,Used,59900 PLN,PLN,CASH,59900 PLN,Total,Electric,Automatic,SPOTICAR RIA STALOWA WOLAStalowa Wola / Grebów,SPOTICAR RIA STALOWA WOLA,Gwarancja Spoticar Premium12 miesięcy
SPOT-71673,Citroën Jumpy · 95817 PLN,Citroën Jumpy · Cena: 95817 PLN · Gwarancja Spoticar Premium12 miesięcy · SPOTICAR RIA STALOWA WOLAStalowa Wola / Grebów · Sprawdź ofertę!,https://www.spoticar.pl/znajdz-uzywany-samochod/citroen-stalowa-wola-grebow-1200223457,https://s3.eu-central-1.amazonaws.com/uvpictures-eu-central-1/368/SP/PL/CITROEN-JUMPY-223457_1.JPG,https://s3.eu-central-1.amazonaws.com/uvpictures-eu-central-1/368/SP/PL/CITROEN-JUMPY-223457_2.JPG|https://s3.eu-central-1.amazonaws.com/uvpictures-eu-central-1/368/SP/PL/CITROEN-JUMPY-223457_3.JPG|https://s3.eu-central-1.amazonaws.com/uvpictures-eu-central-1/368/SP/PL/CITROEN-JUMPY-223457_4.JPG,Citroën,Jumpy,2024,40475,KM,,Used,95817 PLN,PLN,CASH,95817 PLN,Total,Electric,Automatic,SPOTICAR RIA STALOWA WOLAStalowa Wola / Grebów,SPOTICAR RIA STALOWA WOLA,Gwarancja Spoticar Premium12 miesięcy
SPOT-71649,Volvo XC90 · 83900 PLN,Volvo XC90 · Cena: 83900 PLN · Gwarancja Spoticar Premium6 miesięcy · SPOTICAR RIA GRUDZIĄDZGRUDZIADZ · Sprawdź ofertę!,https://www.spoticar.pl/znajdz-uzywany-samochod/volvo-grudziadz-1200223480,https://s3.eu-central-1.amazonaws.com/uvpictures-eu-central-1/368/SP/PL/VOLVO-XC90-223480_1.JPG,https://s3.eu-central-1.amazonaws.com/uvpictures-eu-central-1/368/SP/PL/VOLVO-XC90-223480_2.JPG|https://s3.eu-central-1.amazonaws.com/uvpictures-eu-central-1/368/SP/PL/VOLVO-XC90-223480_3.JPG|https://s3.eu-central-1.amazonaws.com/uvpictures-eu-central-1/368/SP/PL/VOLVO-XC90-223480_4.JPG,Volvo,XC90,2016,183015,KM,,Used,83900 PLN,PLN,CASH,83900 PLN,Total,Diesel,Automatic,SPOTICAR RIA GRUDZIĄDZGRUDZIADZ,SPOTICAR RIA GRUDZIĄDZ,Gwarancja Spoticar Premium6 miesięcy
SPOT-71671,Citroën C5 Aircross · 84900 PLN,Citroën C5 Aircross · Cena: 84900 PLN · Gwarancja Spoticar Premium12 miesięcy · Spoticar  Budmat Auto PłockPłock · Sprawdź ofertę!,https://www.spoticar.pl/znajdz-uzywany-samochod/citroen-c5-aircross-12-mhev-max-edct6-plock-1200223460,https://s3.eu-central-1.amazonaws.com/uvpictures-eu-central-1/368/SP/PL/CITROEN-C5-AIRCROSS-223460_1.JPG,https://s3.eu-central-1.amazonaws.com/uvpictures-eu-central-1/368/SP/PL/CITROEN-C5-AIRCROSS-223460_2.JPG|https://s3.eu-central-1.amazonaws.com/uvpictures-eu-central-1/368/SP/PL/CITROEN-C5-AIRCROSS-223460_3.JPG|https://s3.eu-central-1.amazonaws.com/uvpictures-eu-central-1/368/SP/PL/CITROEN-C5-AIRCROSS-223460_4.JPG,Citroën,C5 Aircross,2024,29746,KM,,Used,84900 PLN,PLN,CASH,84900 PLN,Total,Gasoline,Automatic,Spoticar  Budmat Auto PłockPłock,Spoticar  Budmat Auto Płock,Gwarancja Spoticar Premium12 miesięcy
SPOT-71637,Citroën C5 Aircross · 87900 PLN,Citroën C5 Aircross · Cena: 87900 PLN · Gwarancja Spoticar Premium12 miesięcy · Spoticar  Budmat Auto PłockPłock · Sprawdź ofertę!,https://www.spoticar.pl/znajdz-uzywany-samochod/citroen-c5-aircross-12-mhev-max-edct6-plock-1200223491,https://s3.eu-central-1.amazonaws.com/uvpictures-eu-central-1/368/SP/PL/CITROEN-C5-AIRCROSS-223491_1.JPG,https://s3.eu-central-1.amazonaws.com/uvpictures-eu-central-1/368/SP/PL/CITROEN-C5-AIRCROSS-223491_2.JPG|https://s3.eu-central-1.amazonaws.com/uvpictures-eu-central-1/368/SP/PL/CITROEN-C5-AIRCROSS-223491_3.JPG|https://s3.eu-central-1.amazonaws.com/uvpictures-eu-central-1/368/SP/PL/CITROEN-C5-AIRCROSS-223491_4.JPG,Citroën,C5 Aircross,2024,27300,KM,,Used,87900 PLN,PLN,CASH,87900 PLN,Total,Gasoline,Automatic,Spoticar  Budmat Auto PłockPłock,Spoticar  Budmat Auto Płock,Gwarancja Spoticar Premium12 miesięcy
SPOT-71695,Citroën C3 Aircross · 66900 PLN,Citroën C3 Aircross · Cena: 66900 PLN · Gwarancja Spoticar Premium12 miesięcy · Spoticar MOTOR CENTRUM GdańskGdańsk · Sprawdź ofertę!,https://www.spoticar.pl/znajdz-uzywany-samochod/citroen-c3-aircross-12-puretech-max-ss-eat6-gdansk-1200223438,https://s3.eu-central-1.amazonaws.com/uvpictures-eu-central-1/368/SP/PL/CITROEN-C3-AIRCROSS-223438_1.JPG,https://s3.eu-central-1.amazonaws.com/uvpictures-eu-central-1/368/SP/PL/CITROEN-C3-AIRCROSS-223438_2.JPG|https://s3.eu-central-1.amazonaws.com/uvpictures-eu-central-1/368/SP/PL/CITROEN-C3-AIRCROSS-223438_3.JPG|https://s3.eu-central-1.amazonaws.com/uvpictures-eu-central-1/368/SP/PL/CITROEN-C3-AIRCROSS-223438_4.JPG,Citroën,C3 Aircross,2024,16285,KM,,Used,66900 PLN,PLN,CASH,66900 PLN,Total,Gasoline,Automatic,Spoticar MOTOR CENTRUM GdańskGdańsk,Spoticar MOTOR CENTRUM Gdańsk,Gwarancja Spoticar Premium12 miesięcy
SPOT-71696,Peugeot 3008 · 89900 PLN,Peugeot 3008 · Cena: 89900 PLN · Gwarancja Spoticar Premium12 miesięcy · SPOTICAR STELLANTIS & YOU WARSZAWA PUŁAWSKA · Sprawdź ofertę!,https://www.spoticar.pl/znajdz-uzywany-samochod/peugeot-3008-12-puretech-mhev-allure-pack-ss-e-dcs6-warszawa-1200223434,https://s3.eu-central-1.amazonaws.com/uvpictures-eu-central-1/368/SP/PL/PEUGEOT-3008-223434_1.JPG,https://s3.eu-central-1.amazonaws.com/uvpictures-eu-central-1/368/SP/PL/PEUGEOT-3008-223434_2.JPG|https://s3.eu-central-1.amazonaws.com/uvpictures-eu-central-1/368/SP/PL/PEUGEOT-3008-223434_3.JPG|https://s3.eu-central-1.amazonaws.com/uvpictures-eu-central-1/368/SP/PL/PEUGEOT-3008-223434_4.JPG,Peugeot,3008,2023,26791,KM,,Used,89900 PLN,PLN,CASH,89900 PLN,Total,Hybrid,Automatic,SPOTICAR STELLANTIS & YOU WARSZAWA PUŁAWSKA,SPOTICAR STELLANTIS & YOU WARSZAWA PUŁAWSKASPOTICAR STELLANTIS & YOU WARSZAWA PUŁAWSKA,Gwarancja Spoticar Premium12 miesięcy
SPOT-71683,Citroën C5 Aircross · 89990 PLN,Citroën C5 Aircross · Cena: 89990 PLN · Gwarancja Spoticar Premium12 miesięcy · SPOTICAR DEJON I DĄBROWSKI LEGNICA · Sprawdź ofertę!,https://www.spoticar.pl/znajdz-uzywany-samochod/citroen-c5-aircross-15-bluehdi-max-eat8-legnica-1200223452,https://s3.eu-central-1.amazonaws.com/uvpictures-eu-central-1/368/SP/PL/CITROEN-C5-AIRCROSS-223452_1.JPG,https://s3.eu-central-1.amazonaws.com/uvpictures-eu-central-1/368/SP/PL/CITROEN-C5-AIRCROSS-223452_2.JPG|https://s3.eu-central-1.amazonaws.com/uvpictures-eu-central-1/368/SP/PL/CITROEN-C5-AIRCROSS-223452_3.JPG|https://s3.eu-central-1.amazonaws.com/uvpictures-eu-central-1/368/SP/PL/CITROEN-C5-AIRCROSS-223452_4.JPG,Citroën,C5 Aircross,2023,35958,KM,,Used,89990 PLN,PLN,CASH,89990 PLN,Total,Diesel,Automatic,SPOTICAR DEJON I DĄBROWSKI LEGNICA,SPOTICAR DEJON I DĄBROWSKI LEGNICASPOTICAR DEJON I DĄBROWSKI LEGNICA,Gwarancja Spoticar Premium12 miesięcy
SPOT-71700,Citroën C3 · 52900 PLN,Citroën C3 · Cena: 52900 PLN · Gwarancja Spoticar Premium12 miesięcy · Spoticar Auto Centrum Golemo Kraków · Sprawdź ofertę!,https://www.spoticar.pl/znajdz-uzywany-samochod/citroen-c3-12-puretech-max-krakow-1200223431,https://s3.eu-central-1.amazonaws.com/uvpictures-eu-central-1/368/SP/PL/CITROEN-C3-223431_1.JPG,https://s3.eu-central-1.amazonaws.com/uvpictures-eu-central-1/368/SP/PL/CITROEN-C3-223431_2.JPG|https://s3.eu-central-1.amazonaws.com/uvpictures-eu-central-1/368/SP/PL/CITROEN-C3-223431_3.JPG|https://s3.eu-central-1.amazonaws.com/uvpictures-eu-central-1/368/SP/PL/CITROEN-C3-223431_4.JPG,Citroën,C3,2024,37848,KM,,Used,52900 PLN,PLN,CASH,52900 PLN,Total,Gasoline,Manual,Spoticar Auto Centrum Golemo Kraków,Spoticar Auto Centrum Golemo KrakówSpoticar Auto Centrum Golemo Kraków,Gwarancja Spoticar Premium12 miesięcy
SPOT-71702,Peugeot 408 · 94900 PLN,Peugeot 408 · Cena: 94900 PLN · Gwarancja Spoticar Premium12 miesięcy · SPOTICAR STELLANTIS & YOU WARSZAWA RADZYMIŃSKA · Sprawdź ofertę!,https://www.spoticar.pl/znajdz-uzywany-samochod/peugeot-408-12-puretech-allure-ss-eat8-warszawa-1200223429,https://s3.eu-central-1.amazonaws.com/uvpictures-eu-central-1/368/SP/PL/PEUGEOT-408-223429_1.JPG,https://s3.eu-central-1.amazonaws.com/uvpictures-eu-central-1/368/SP/PL/PEUGEOT-408-223429_2.JPG|https://s3.eu-central-1.amazonaws.com/uvpictures-eu-central-1/368/SP/PL/PEUGEOT-408-223429_3.JPG|https://s3.eu-central-1.amazonaws.com/uvpictures-eu-central-1/368/SP/PL/PEUGEOT-408-223429_4.JPG,Peugeot,408,2023,41792,KM,,Used,94900 PLN,PLN,CASH,94900 PLN,Total,Gasoline,Automatic,SPOTICAR STELLANTIS & YOU WARSZAWA RADZYMIŃSKA,SPOTICAR STELLANTIS & YOU WARSZAWA RADZYMIŃSKASPOTICAR STELLANTIS & YOU WARSZAWA RADZYMIŃSKA,Gwarancja Spoticar Premium12 miesięcy
SPOT-71691,Fiat 500 · 85990 PLN,Fiat 500 · Cena: 85990 PLN · Gwarancja Spoticar Premium12 miesięcy · SPOTICAR DEJON I DĄBROWSKI LEGNICA · Sprawdź ofertę!,https://www.spoticar.pl/znajdz-uzywany-samochod/fiat-legnica-1200223440,https://s3.eu-central-1.amazonaws.com/uvpictures-eu-central-1/368/SP/PL/FIAT-500-E-223440_1.JPG,https://s3.eu-central-1.amazonaws.com/uvpictures-eu-central-1/368/SP/PL/FIAT-500-E-223440_2.JPG|https://s3.eu-central-1.amazonaws.com/uvpictures-eu-central-1/368/SP/PL/FIAT-500-E-223440_3.JPG|https://s3.eu-central-1.amazonaws.com/uvpictures-eu-central-1/368/SP/PL/FIAT-500-E-223440_4.JPG,Fiat,500,2024,30290,KM,,Used,85990 PLN,PLN,CASH,85990 PLN,Total,Electric,Automatic,SPOTICAR DEJON I DĄBROWSKI LEGNICA,SPOTICAR DEJON I DĄBROWSKI LEGNICASPOTICAR DEJON I DĄBROWSKI LEGNICA,Gwarancja Spoticar Premium12 miesięcy
SPOT-71676,Citroën C3 Aircross · 52900 PLN,Citroën C3 Aircross · Cena: 52900 PLN · Gwarancja Spoticar Premium6 miesięcy · SPOTICAR WROBUD WROCŁAWWroclaw · Sprawdź ofertę!,https://www.spoticar.pl/znajdz-uzywany-samochod/citroen-c3-aircross-12-puretech-gpf-feel-ss-wroclaw-1200223455,https://s3.eu-central-1.amazonaws.com/uvpictures-eu-central-1/368/SP/PL/CITROEN-C3-AIRCROSS-223455_1.JPG,https://s3.eu-central-1.amazonaws.com/uvpictures-eu-central-1/368/SP/PL/CITROEN-C3-AIRCROSS-223455_2.JPG|https://s3.eu-central-1.amazonaws.com/uvpictures-eu-central-1/368/SP/PL/CITROEN-C3-AIRCROSS-223455_3.JPG|https://s3.eu-central-1.amazonaws.com/uvpictures-eu-central-1/368/SP/PL/CITROEN-C3-AIRCROSS-223455_4.JPG,Citroën,C3 Aircross,2021,27758,KM,,Used,52900 PLN,PLN,CASH,52900 PLN,Total,Gasoline,Manual,SPOTICAR WROBUD WROCŁAWWroclaw,SPOTICAR WROBUD WROCŁAW,Gwarancja Spoticar Premium6 miesięcy
SPOT-71742,Opel Movano · 152508 PLN,Opel Movano · Cena: 152508 PLN · Gwarancja Spoticar Premium12 miesięcy · Spoticar GEZET SzczecinSzczecin · Sprawdź ofertę!,https://www.spoticar.pl/znajdz-uzywany-samochod/opel-movano-heavy-cdti-l4h2-szczecin-1200223389,https://s3.eu-central-1.amazonaws.com/uvpictures-eu-central-1/368/SP/PL/OPEL-MOVANO-223389_1.JPG,https://s3.eu-central-1.amazonaws.com/uvpictures-eu-central-1/368/SP/PL/OPEL-MOVANO-223389_2.JPG|https://s3.eu-central-1.amazonaws.com/uvpictures-eu-central-1/368/SP/PL/OPEL-MOVANO-223389_3.JPG|https://s3.eu-central-1.amazonaws.com/uvpictures-eu-central-1/368/SP/PL/OPEL-MOVANO-223389_4.JPG,Opel,Movano,2022,63740,KM,,Used,152508 PLN,PLN,CASH,152508 PLN,Total,Diesel,Manual,Spoticar GEZET SzczecinSzczecin,Spoticar GEZET Szczecin,Gwarancja Spoticar Premium12 miesięcy
SPOT-71681,Peugeot 2008 · 82900 PLN,Peugeot 2008 · Cena: 82900 PLN · Gwarancja Spoticar Premium12 miesięcy · SPOTICAR WROBUD WROCŁAWWroclaw · Sprawdź ofertę!,https://www.spoticar.pl/znajdz-uzywany-samochod/peugeot-2008-puretech-130-allure-ss-eat8-wroclaw-1200223448,https://s3.eu-central-1.amazonaws.com/uvpictures-eu-central-1/368/SP/PL/PEUGEOT-2008-223448_1.JPG,https://s3.eu-central-1.amazonaws.com/uvpictures-eu-central-1/368/SP/PL/PEUGEOT-2008-223448_2.JPG|https://s3.eu-central-1.amazonaws.com/uvpictures-eu-central-1/368/SP/PL/PEUGEOT-2008-223448_3.JPG|https://s3.eu-central-1.amazonaws.com/uvpictures-eu-central-1/368/SP/PL/PEUGEOT-2008-223448_4.JPG,Peugeot,2008,2024,47445,KM,,Used,82900 PLN,PLN,CASH,82900 PLN,Total,Gasoline,Automatic,SPOTICAR WROBUD WROCŁAWWroclaw,SPOTICAR WROBUD WROCŁAW,Gwarancja Spoticar Premium12 miesięcy
SPOT-71222,Jeep Avenger · 89900 PLN,Jeep Avenger · Cena: 89900 PLN · Gwarancja Spoticar Premium12 miesięcy · Spoticar  Budmat Auto PłockPłock · Sprawdź ofertę!,https://www.spoticar.pl/znajdz-uzywany-samochod/jeep-avenger-12-t3-mhev-altitude-fwd-edct6-plock-1200222966,https://s3.eu-central-1.amazonaws.com/uvpictures-eu-central-1/368/SP/PL/JEEP-AVENGER-222966_1.JPG,https://s3.eu-central-1.amazonaws.com/uvpictures-eu-central-1/368/SP/PL/JEEP-AVENGER-222966_2.JPG|https://s3.eu-central-1.amazonaws.com/uvpictures-eu-central-1/368/SP/PL/JEEP-AVENGER-222966_3.JPG|https://s3.eu-central-1.amazonaws.com/uvpictures-eu-central-1/368/SP/PL/JEEP-AVENGER-222966_4.JPG,Jeep,Avenger,2024,19197,KM,,Used,89900 PLN,PLN,CASH,89900 PLN,Total,Gasoline,Automatic,Spoticar  Budmat Auto PłockPłock,Spoticar  Budmat Auto Płock,Gwarancja Spoticar Premium12 miesięcy
SPOT-71791,Opel Grandland · 115990 PLN,Opel Grandland · Cena: 115990 PLN · Gwarancja Spoticar Premium12 miesięcy · Spoticar GEZET SzczecinSzczecin · Sprawdź ofertę!,https://www.spoticar.pl/znajdz-uzywany-samochod/opel-grandland-12-t-business-edition-ss-szczecin-1200223274,https://s3.eu-central-1.amazonaws.com/uvpictures-eu-central-1/368/SP/PL/OPEL-GRANDLAND-223274_1.JPG,https://s3.eu-central-1.amazonaws.com/uvpictures-eu-central-1/368/SP/PL/OPEL-GRANDLAND-223274_2.JPG|https://s3.eu-central-1.amazonaws.com/uvpictures-eu-central-1/368/SP/PL/OPEL-GRANDLAND-223274_3.JPG|https://s3.eu-central-1.amazonaws.com/uvpictures-eu-central-1/368/SP/PL/OPEL-GRANDLAND-223274_4.JPG,Opel,Grandland,2022,17010,KM,,Used,115990 PLN,PLN,CASH,115990 PLN,Total,Gasoline,Manual,Spoticar GEZET SzczecinSzczecin,Spoticar GEZET Szczecin,Gwarancja Spoticar Premium12 miesięcy
SPOT-71792,Opel Astra · 125990 PLN,Opel Astra · Cena: 125990 PLN · Gwarancja Spoticar Premium12 miesięcy · Spoticar GEZET SzczecinSzczecin · Sprawdź ofertę!,https://www.spoticar.pl/znajdz-uzywany-samochod/opel-astra-vi-12-t-gs-line-ss-aut-szczecin-1200223268,https://s3.eu-central-1.amazonaws.com/uvpictures-eu-central-1/368/SP/PL/OPEL-ASTRA-223268_1.JPG,https://s3.eu-central-1.amazonaws.com/uvpictures-eu-central-1/368/SP/PL/OPEL-ASTRA-223268_2.JPG|https://s3.eu-central-1.amazonaws.com/uvpictures-eu-central-1/368/SP/PL/OPEL-ASTRA-223268_3.JPG|https://s3.eu-central-1.amazonaws.com/uvpictures-eu-central-1/368/SP/PL/OPEL-ASTRA-223268_4.JPG,Opel,Astra,2023,10000,KM,,Used,125990 PLN,PLN,CASH,125990 PLN,Total,Gasoline,Automatic,Spoticar GEZET SzczecinSzczecin,Spoticar GEZET Szczecin,Gwarancja Spoticar Premium12 miesięcy
SPOT-71793,Opel Grandland · 111990 PLN,Opel Grandland · Cena: 111990 PLN · Gwarancja Spoticar Premium12 miesięcy · Spoticar GEZET SzczecinSzczecin · Sprawdź ofertę!,https://www.spoticar.pl/znajdz-uzywany-samochod/opel-grandland-12-t-business-edition-ss-szczecin-1200223267,https://s3.eu-central-1.amazonaws.com/uvpictures-eu-central-1/368/SP/PL/OPEL-GRANDLAND-223267_1.JPG,https://s3.eu-central-1.amazonaws.com/uvpictures-eu-central-1/368/SP/PL/OPEL-GRANDLAND-223267_2.JPG|https://s3.eu-central-1.amazonaws.com/uvpictures-eu-central-1/368/SP/PL/OPEL-GRANDLAND-223267_3.JPG|https://s3.eu-central-1.amazonaws.com/uvpictures-eu-central-1/368/SP/PL/OPEL-GRANDLAND-223267_4.JPG,Opel,Grandland,2022,14280,KM,,Used,111990 PLN,PLN,CASH,111990 PLN,Total,Gasoline,Manual,Spoticar GEZET SzczecinSzczecin,Spoticar GEZET Szczecin,Gwarancja Spoticar Premium12 miesięcy
SPOT-71770,Opel Mokka · 91990 PLN,Opel Mokka · Cena: 91990 PLN · Gwarancja Spoticar Premium12 miesięcy · Spoticar GEZET SzczecinSzczecin · Sprawdź ofertę!,https://www.spoticar.pl/znajdz-uzywany-samochod/opel-mokka-12-t-gs-ss-szczecin-1200223361,https://s3.eu-central-1.amazonaws.com/uvpictures-eu-central-1/368/SP/PL/OPEL-MOKKA-223361_1.JPG,https://s3.eu-central-1.amazonaws.com/uvpictures-eu-central-1/368/SP/PL/OPEL-MOKKA-223361_2.JPG|https://s3.eu-central-1.amazonaws.com/uvpictures-eu-central-1/368/SP/PL/OPEL-MOKKA-223361_3.JPG|https://s3.eu-central-1.amazonaws.com/uvpictures-eu-central-1/368/SP/PL/OPEL-MOKKA-223361_4.JPG,Opel,Mokka,2022,27132,KM,,Used,91990 PLN,PLN,CASH,91990 PLN,Total,Gasoline,Manual,Spoticar GEZET SzczecinSzczecin,Spoticar GEZET Szczecin,Gwarancja Spoticar Premium12 miesięcy
SPOT-71771,Opel Mokka · 81990 PLN,Opel Mokka · Cena: 81990 PLN · Gwarancja Spoticar Premium12 miesięcy · Spoticar GEZET SzczecinSzczecin · Sprawdź ofertę!,https://www.spoticar.pl/znajdz-uzywany-samochod/opel-mokka-12-t-edition-ss-szczecin-1200223359,https://s3.eu-central-1.amazonaws.com/uvpictures-eu-central-1/368/SP/PL/OPEL-MOKKA-223359_1.JPG,https://s3.eu-central-1.amazonaws.com/uvpictures-eu-central-1/368/SP/PL/OPEL-MOKKA-223359_2.JPG|https://s3.eu-central-1.amazonaws.com/uvpictures-eu-central-1/368/SP/PL/OPEL-MOKKA-223359_3.JPG|https://s3.eu-central-1.amazonaws.com/uvpictures-eu-central-1/368/SP/PL/OPEL-MOKKA-223359_4.JPG,Opel,Mokka,2022,22945,KM,,Used,81990 PLN,PLN,CASH,81990 PLN,Total,Gasoline,Manual,Spoticar GEZET SzczecinSzczecin,Spoticar GEZET Szczecin,Gwarancja Spoticar Premium12 miesięcy
SPOT-71775,Opel Mokka · 81990 PLN,Opel Mokka · Cena: 81990 PLN · Gwarancja Spoticar Premium12 miesięcy · Spoticar GEZET SzczecinSzczecin · Sprawdź ofertę!,https://www.spoticar.pl/znajdz-uzywany-samochod/opel-mokka-12-t-edition-ss-szczecin-1200223356,https://s3.eu-central-1.amazonaws.com/uvpictures-eu-central-1/368/SP/PL/OPEL-MOKKA-223356_1.JPG,https://s3.eu-central-1.amazonaws.com/uvpictures-eu-central-1/368/SP/PL/OPEL-MOKKA-223356_2.JPG|https://s3.eu-central-1.amazonaws.com/uvpictures-eu-central-1/368/SP/PL/OPEL-MOKKA-223356_3.JPG|https://s3.eu-central-1.amazonaws.com/uvpictures-eu-central-1/368/SP/PL/OPEL-MOKKA-223356_4.JPG,Opel,Mokka,2022,19765,KM,,Used,81990 PLN,PLN,CASH,81990 PLN,Total,Gasoline,Manual,Spoticar GEZET SzczecinSzczecin,Spoticar GEZET Szczecin,Gwarancja Spoticar Premium12 miesięcy
SPOT-71747,Opel Mokka · 102990 PLN,Opel Mokka · Cena: 102990 PLN · Gwarancja Spoticar Premium12 miesięcy · Spoticar GEZET SzczecinSzczecin · Sprawdź ofertę!,https://www.spoticar.pl/znajdz-uzywany-samochod/opel-mokka-12-t-edition-ss-aut-szczecin-1200223384,https://s3.eu-central-1.amazonaws.com/uvpictures-eu-central-1/368/SP/PL/OPEL-MOKKA-223384_1.JPG,https://s3.eu-central-1.amazonaws.com/uvpictures-eu-central-1/368/SP/PL/OPEL-MOKKA-223384_2.JPG|https://s3.eu-central-1.amazonaws.com/uvpictures-eu-central-1/368/SP/PL/OPEL-MOKKA-223384_3.JPG|https://s3.eu-central-1.amazonaws.com/uvpictures-eu-central-1/368/SP/PL/OPEL-MOKKA-223384_4.JPG,Opel,Mokka,2024,8000,KM,,Used,102990 PLN,PLN,CASH,102990 PLN,Total,Gasoline,Automatic,Spoticar GEZET SzczecinSzczecin,Spoticar GEZET Szczecin,Gwarancja Spoticar Premium12 miesięcy
SPOT-71785,Opel Combo · 135288 PLN,Opel Combo · Cena: 135288 PLN · Gwarancja Spoticar Premium12 miesięcy · Spoticar GEZET SzczecinSzczecin · Sprawdź ofertę!,https://www.spoticar.pl/znajdz-uzywany-samochod/opel-combo-cargo-xl-12-turbo-ss-23t-enjoy-szczecin-1200223271,https://s3.eu-central-1.amazonaws.com/uvpictures-eu-central-1/368/SP/PL/OPEL-COMBO-223271_1.JPG,https://s3.eu-central-1.amazonaws.com/uvpictures-eu-central-1/368/SP/PL/OPEL-COMBO-223271_2.JPG|https://s3.eu-central-1.amazonaws.com/uvpictures-eu-central-1/368/SP/PL/OPEL-COMBO-223271_3.JPG|https://s3.eu-central-1.amazonaws.com/uvpictures-eu-central-1/368/SP/PL/OPEL-COMBO-223271_4.JPG,Opel,Combo,2023,8000,KM,,Used,135288 PLN,PLN,CASH,135288 PLN,Total,Gasoline,Manual,Spoticar GEZET SzczecinSzczecin,Spoticar GEZET Szczecin,Gwarancja Spoticar Premium12 miesięcy
SPOT-71797,Opel Corsa · 118990 PLN,Opel Corsa · Cena: 118990 PLN · Gwarancja Spoticar Premium12 miesięcy · Spoticar GEZET SzczecinSzczecin · Sprawdź ofertę!,https://www.spoticar.pl/znajdz-uzywany-samochod/opel-corsa-e-gs-line-szczecin-1200223279,https://s3.eu-central-1.amazonaws.com/uvpictures-eu-central-1/368/SP/PL/OPEL-CORSA-223279_1.JPG,https://s3.eu-central-1.amazonaws.com/uvpictures-eu-central-1/368/SP/PL/OPEL-CORSA-223279_2.JPG|https://s3.eu-central-1.amazonaws.com/uvpictures-eu-central-1/368/SP/PL/OPEL-CORSA-223279_3.JPG|https://s3.eu-central-1.amazonaws.com/uvpictures-eu-central-1/368/SP/PL/OPEL-CORSA-223279_4.JPG,Opel,Corsa,2022,5000,KM,,Used,118990 PLN,PLN,CASH,118990 PLN,Total,Electric,Automatic,Spoticar GEZET SzczecinSzczecin,Spoticar GEZET Szczecin,Gwarancja Spoticar Premium12 miesięcy
SPOT-71757,Opel Grandland · 126990 PLN,Opel Grandland · Cena: 126990 PLN · Gwarancja Spoticar Premium12 miesięcy · Spoticar GEZET SzczecinSzczecin · Sprawdź ofertę!,https://www.spoticar.pl/znajdz-uzywany-samochod/opel-grandland-12-t-gs-line-ss-szczecin-1200223376,https://s3.eu-central-1.amazonaws.com/uvpictures-eu-central-1/368/SP/PL/OPEL-GRANDLAND-223376_1.JPG,https://s3.eu-central-1.amazonaws.com/uvpictures-eu-central-1/368/SP/PL/OPEL-GRANDLAND-223376_2.JPG|https://s3.eu-central-1.amazonaws.com/uvpictures-eu-central-1/368/SP/PL/OPEL-GRANDLAND-223376_3.JPG|https://s3.eu-central-1.amazonaws.com/uvpictures-eu-central-1/368/SP/PL/OPEL-GRANDLAND-223376_4.JPG,Opel,Grandland,2024,35000,KM,,Used,126990 PLN,PLN,CASH,126990 PLN,Total,Gasoline,Manual,Spoticar GEZET SzczecinSzczecin,Spoticar GEZET Szczecin,Gwarancja Spoticar Premium12 miesięcy
SPOT-71758,Opel Grandland · 135990 PLN,Opel Grandland · Cena: 135990 PLN · Gwarancja Spoticar Premium12 miesięcy · Spoticar GEZET SzczecinSzczecin · Sprawdź ofertę!,https://www.spoticar.pl/znajdz-uzywany-samochod/opel-grandland-12-mhev-gs-edtc6-szczecin-1200223377,https://s3.eu-central-1.amazonaws.com/uvpictures-eu-central-1/368/SP/PL/OPEL-GRANDLAND-223377_1.JPG,https://s3.eu-central-1.amazonaws.com/uvpictures-eu-central-1/368/SP/PL/OPEL-GRANDLAND-223377_2.JPG|https://s3.eu-central-1.amazonaws.com/uvpictures-eu-central-1/368/SP/PL/OPEL-GRANDLAND-223377_3.JPG|https://s3.eu-central-1.amazonaws.com/uvpictures-eu-central-1/368/SP/PL/OPEL-GRANDLAND-223377_4.JPG,Opel,Grandland,2024,3000,KM,,Used,135990 PLN,PLN,CASH,135990 PLN,Total,Gasoline,Automatic,Spoticar GEZET SzczecinSzczecin,Spoticar GEZET Szczecin,Gwarancja Spoticar Premium12 miesięcy
SPOT-71764,Fiat Ducato · 150048 PLN,Fiat Ducato · Cena: 150048 PLN · Gwarancja Spoticar Premium12 miesięcy · Spoticar GEZET SzczecinSzczecin · Sprawdź ofertę!,https://www.spoticar.pl/znajdz-uzywany-samochod/fiat-ducato-maxi-mj-l3h2-szczecin-1200223366,https://s3.eu-central-1.amazonaws.com/uvpictures-eu-central-1/368/SP/PL/FIAT-DUCATO-223366_1.JPG,https://s3.eu-central-1.amazonaws.com/uvpictures-eu-central-1/368/SP/PL/FIAT-DUCATO-223366_2.JPG|https://s3.eu-central-1.amazonaws.com/uvpictures-eu-central-1/368/SP/PL/FIAT-DUCATO-223366_3.JPG|https://s3.eu-central-1.amazonaws.com/uvpictures-eu-central-1/368/SP/PL/FIAT-DUCATO-223366_4.JPG,Fiat,Ducato,2025,6,KM,,Used,150048 PLN,PLN,CASH,150048 PLN,Total,Diesel,Manual,Spoticar GEZET SzczecinSzczecin,Spoticar GEZET Szczecin,Gwarancja Spoticar Premium12 miesięcy
SPOT-71852,Opel Crossland · 88990 PLN,Opel Crossland · Cena: 88990 PLN · Gwarancja Spoticar Premium12 miesięcy · Spoticar GEZET SzczecinSzczecin · Sprawdź ofertę!,https://www.spoticar.pl/znajdz-uzywany-samochod/opel-crossland-12-t-edition-szczecin-1200223292,https://s3.eu-central-1.amazonaws.com/uvpictures-eu-central-1/368/SP/PL/OPEL-CROSSLAND-223292_1.JPG,https://s3.eu-central-1.amazonaws.com/uvpictures-eu-central-1/368/SP/PL/OPEL-CROSSLAND-223292_2.JPG|https://s3.eu-central-1.amazonaws.com/uvpictures-eu-central-1/368/SP/PL/OPEL-CROSSLAND-223292_3.JPG|https://s3.eu-central-1.amazonaws.com/uvpictures-eu-central-1/368/SP/PL/OPEL-CROSSLAND-223292_4.JPG,Opel,Crossland,2022,22600,KM,,Used,88990 PLN,PLN,CASH,88990 PLN,Total,Gasoline,Manual,Spoticar GEZET SzczecinSzczecin,Spoticar GEZET Szczecin,Gwarancja Spoticar Premium12 miesięcy
SPOT-71834,Peugeot 508 · 89990 PLN,Peugeot 508 · Cena: 89990 PLN · Gwarancja Spoticar Premium6 miesięcy · Spoticar GEZET SzczecinSzczecin · Sprawdź ofertę!,https://www.spoticar.pl/znajdz-uzywany-samochod/peugeot-508-15-bluehdi-gt-line-ss-szczecin-1200223310,https://s3.eu-central-1.amazonaws.com/uvpictures-eu-central-1/368/SP/PL/PEUGEOT-508-223310_1.JPG,https://s3.eu-central-1.amazonaws.com/uvpictures-eu-central-1/368/SP/PL/PEUGEOT-508-223310_2.JPG|https://s3.eu-central-1.amazonaws.com/uvpictures-eu-central-1/368/SP/PL/PEUGEOT-508-223310_3.JPG|https://s3.eu-central-1.amazonaws.com/uvpictures-eu-central-1/368/SP/PL/PEUGEOT-508-223310_4.JPG,Peugeot,508,2020,109893,KM,,Used,89990 PLN,PLN,CASH,89990 PLN,Total,Diesel,Manual,Spoticar GEZET SzczecinSzczecin,Spoticar GEZET Szczecin,Gwarancja Spoticar Premium6 miesięcy
SPOT-71844,Opel Astra · 162990 PLN,Opel Astra · Cena: 162990 PLN · Gwarancja Spoticar Premium12 miesięcy · Spoticar GEZET SzczecinSzczecin · Sprawdź ofertę!,https://www.spoticar.pl/znajdz-uzywany-samochod/opel-astra-vi-16-t-plug-hybrid-elegance-szczecin-1200223300,https://s3.eu-central-1.amazonaws.com/uvpictures-eu-central-1/368/SP/PL/OPEL-ASTRA-223300_1.JPG,https://s3.eu-central-1.amazonaws.com/uvpictures-eu-central-1/368/SP/PL/OPEL-ASTRA-223300_2.JPG|https://s3.eu-central-1.amazonaws.com/uvpictures-eu-central-1/368/SP/PL/OPEL-ASTRA-223300_3.JPG|https://s3.eu-central-1.amazonaws.com/uvpictures-eu-central-1/368/SP/PL/OPEL-ASTRA-223300_4.JPG,Opel,Astra,2023,5,KM,,Used,162990 PLN,PLN,CASH,162990 PLN,Total,Plug-in Hybrid,Automatic,Spoticar GEZET SzczecinSzczecin,Spoticar GEZET Szczecin,Gwarancja Spoticar Premium12 miesięcy
SPOT-71845,Opel Astra · 160990 PLN,Opel Astra · Cena: 160990 PLN · Gwarancja Spoticar Premium12 miesięcy · Spoticar GEZET SzczecinSzczecin · Sprawdź ofertę!,https://www.spoticar.pl/znajdz-uzywany-samochod/opel-astra-vi-16-t-plug-hybrid-elegance-szczecin-1200223299,https://s3.eu-central-1.amazonaws.com/uvpictures-eu-central-1/368/SP/PL/OPEL-ASTRA-223299_1.JPG,https://s3.eu-central-1.amazonaws.com/uvpictures-eu-central-1/368/SP/PL/OPEL-ASTRA-223299_2.JPG|https://s3.eu-central-1.amazonaws.com/uvpictures-eu-central-1/368/SP/PL/OPEL-ASTRA-223299_3.JPG|https://s3.eu-central-1.amazonaws.com/uvpictures-eu-central-1/368/SP/PL/OPEL-ASTRA-223299_4.JPG,Opel,Astra,2023,5,KM,,Used,160990 PLN,PLN,CASH,160990 PLN,Total,Plug-in Hybrid,Automatic,Spoticar GEZET SzczecinSzczecin,Spoticar GEZET Szczecin,Gwarancja Spoticar Premium12 miesięcy
SPOT-71836,Opel Astra · 132990 PLN,Opel Astra · Cena: 132990 PLN · Gwarancja Spoticar Premium12 miesięcy · Spoticar GEZET SzczecinSzczecin · Sprawdź ofertę!,https://www.spoticar.pl/znajdz-uzywany-samochod/opel-astra-vi-12-t-gs-ss-aut-szczecin-1200223307,https://s3.eu-central-1.amazonaws.com/uvpictures-eu-central-1/368/SP/PL/OPEL-ASTRA-223307_1.JPG,https://s3.eu-central-1.amazonaws.com/uvpictures-eu-central-1/368/SP/PL/OPEL-ASTRA-223307_2.JPG|https://s3.eu-central-1.amazonaws.com/uvpictures-eu-central-1/368/SP/PL/OPEL-ASTRA-223307_3.JPG|https://s3.eu-central-1.amazonaws.com/uvpictures-eu-central-1/368/SP/PL/OPEL-ASTRA-223307_4.JPG,Opel,Astra,2024,8000,KM,,Used,132990 PLN,PLN,CASH,132990 PLN,Total,Gasoline,Automatic,Spoticar GEZET SzczecinSzczecin,Spoticar GEZET Szczecin,Gwarancja Spoticar Premium12 miesięcy
SPOT-71831,Opel Astra · 108990 PLN,Opel Astra · Cena: 108990 PLN · Gwarancja Spoticar Premium12 miesięcy · Spoticar GEZET SzczecinSzczecin · Sprawdź ofertę!,https://www.spoticar.pl/znajdz-uzywany-samochod/opel-astra-vi-12-t-edition-ss-szczecin-1200223311,https://s3.eu-central-1.amazonaws.com/uvpictures-eu-central-1/368/SP/PL/OPEL-ASTRA-223311_1.JPG,https://s3.eu-central-1.amazonaws.com/uvpictures-eu-central-1/368/SP/PL/OPEL-ASTRA-223311_2.JPG|https://s3.eu-central-1.amazonaws.com/uvpictures-eu-central-1/368/SP/PL/OPEL-ASTRA-223311_3.JPG|https://s3.eu-central-1.amazonaws.com/uvpictures-eu-central-1/368/SP/PL/OPEL-ASTRA-223311_4.JPG,Opel,Astra,2024,5,KM,,Used,108990 PLN,PLN,CASH,108990 PLN,Total,Diesel,Manual,Spoticar GEZET SzczecinSzczecin,Spoticar GEZET Szczecin,Gwarancja Spoticar Premium12 miesięcy
SPOT-71802,Fiat Ducato · 151278 PLN,Fiat Ducato · Cena: 151278 PLN · Gwarancja Spoticar Premium12 miesięcy · Spoticar GEZET SzczecinSzczecin · Sprawdź ofertę!,https://www.spoticar.pl/znajdz-uzywany-samochod/fiat-ducato-maxi-mj-l2h2-szczecin-1200223342,https://s3.eu-central-1.amazonaws.com/uvpictures-eu-central-1/368/SP/PL/FIAT-DUCATO-223342_1.JPG,https://s3.eu-central-1.amazonaws.com/uvpictures-eu-central-1/368/SP/PL/FIAT-DUCATO-223342_2.JPG|https://s3.eu-central-1.amazonaws.com/uvpictures-eu-central-1/368/SP/PL/FIAT-DUCATO-223342_3.JPG|https://s3.eu-central-1.amazonaws.com/uvpictures-eu-central-1/368/SP/PL/FIAT-DUCATO-223342_4.JPG,Fiat,Ducato,2024,6,KM,,Used,151278 PLN,PLN,CASH,151278 PLN,Total,Diesel,Manual,Spoticar GEZET SzczecinSzczecin,Spoticar GEZET Szczecin,Gwarancja Spoticar Premium12 miesięcy
SPOT-71804,Fiat Tipo · 124990 PLN,Fiat Tipo · Cena: 124990 PLN · Gwarancja Spoticar Premium12 miesięcy · Spoticar GEZET SzczecinSzczecin · Sprawdź ofertę!,https://www.spoticar.pl/znajdz-uzywany-samochod/fiat-tipo-15-hybrid-dct-szczecin-1200223340,https://s3.eu-central-1.amazonaws.com/uvpictures-eu-central-1/368/SP/PL/FIAT-TIPO-223340_1.JPG,https://s3.eu-central-1.amazonaws.com/uvpictures-eu-central-1/368/SP/PL/FIAT-TIPO-223340_2.JPG|https://s3.eu-central-1.amazonaws.com/uvpictures-eu-central-1/368/SP/PL/FIAT-TIPO-223340_3.JPG|https://s3.eu-central-1.amazonaws.com/uvpictures-eu-central-1/368/SP/PL/FIAT-TIPO-223340_4.JPG,Fiat,Tipo,2023,2000,KM,,Used,124990 PLN,PLN,CASH,124990 PLN,Total,Gasoline,Automatic,Spoticar GEZET SzczecinSzczecin,Spoticar GEZET Szczecin,Gwarancja Spoticar Premium12 miesięcy
SPOT-71807,Fiat Ducato · 151278 PLN,Fiat Ducato · Cena: 151278 PLN · Gwarancja Spoticar Premium12 miesięcy · Spoticar GEZET SzczecinSzczecin · Sprawdź ofertę!,https://www.spoticar.pl/znajdz-uzywany-samochod/fiat-ducato-maxi-mj-l2h2-szczecin-1200223337,https://s3.eu-central-1.amazonaws.com/uvpictures-eu-central-1/368/SP/PL/FIAT-DUCATO-223337_1.JPG,https://s3.eu-central-1.amazonaws.com/uvpictures-eu-central-1/368/SP/PL/FIAT-DUCATO-223337_2.JPG|https://s3.eu-central-1.amazonaws.com/uvpictures-eu-central-1/368/SP/PL/FIAT-DUCATO-223337_3.JPG|https://s3.eu-central-1.amazonaws.com/uvpictures-eu-central-1/368/SP/PL/FIAT-DUCATO-223337_4.JPG,Fiat,Ducato,2024,3000,KM,,Used,151278 PLN,PLN,CASH,151278 PLN,Total,Diesel,Manual,Spoticar GEZET SzczecinSzczecin,Spoticar GEZET Szczecin,Gwarancja Spoticar Premium12 miesięcy
SPOT-71060,Citroën C5 Aircross · 114900 PLN,Citroën C5 Aircross · Cena: 114900 PLN · Gwarancja Spoticar Premium6 miesięcy · SPOTICAR RIA STALOWA WOLAStalowa Wola / Grebów · Sprawdź ofertę!,https://www.spoticar.pl/znajdz-uzywany-samochod/citroen-c5-aircross-16-phev-225-shine-pack-eat8-stalowa-wola-grebow-1200222793,https://s3.eu-central-1.amazonaws.com/uvpictures-eu-central-1/368/SP/PL/CITROEN-C5-AIRCROSS-222793_1.JPG,https://s3.eu-central-1.amazonaws.com/uvpictures-eu-central-1/368/SP/PL/CITROEN-C5-AIRCROSS-222793_2.JPG|https://s3.eu-central-1.amazonaws.com/uvpictures-eu-central-1/368/SP/PL/CITROEN-C5-AIRCROSS-222793_3.JPG|https://s3.eu-central-1.amazonaws.com/uvpictures-eu-central-1/368/SP/PL/CITROEN-C5-AIRCROSS-222793_4.JPG,Citroën,C5 Aircross,2024,32013,KM,,Used,114900 PLN,PLN,CASH,114900 PLN,Total,Gasoline,Automatic,SPOTICAR RIA STALOWA WOLAStalowa Wola / Grebów,SPOTICAR RIA STALOWA WOLA,Gwarancja Spoticar Premium6 miesięcy
SPOT-71660,Peugeot 3008 · 119900 PLN,Peugeot 3008 · Cena: 119900 PLN · Gwarancja Spoticar Premium12 miesięcy · Spoticar Stellantis &You Warszawa Al.Jerozolimskie · Sprawdź ofertę!,https://www.spoticar.pl/znajdz-uzywany-samochod/peugeot-3008-12-puretech-mhev-gt-e-dcs6-warszawa-1200223472,https://s3.eu-central-1.amazonaws.com/uvpictures-eu-central-1/368/SP/PL/PEUGEOT-3008-223472_1.JPG,https://s3.eu-central-1.amazonaws.com/uvpictures-eu-central-1/368/SP/PL/PEUGEOT-3008-223472_2.JPG|https://s3.eu-central-1.amazonaws.com/uvpictures-eu-central-1/368/SP/PL/PEUGEOT-3008-223472_3.JPG|https://s3.eu-central-1.amazonaws.com/uvpictures-eu-central-1/368/SP/PL/PEUGEOT-3008-223472_4.JPG,Peugeot,3008,2025,12198,KM,,Used,119900 PLN,PLN,CASH,119900 PLN,Total,Gasoline,Automatic,Spoticar Stellantis &You Warszawa Al.Jerozolimskie,Spoticar Stellantis &You Warszawa Al.JerozolimskieSpoticar Stellantis &You Warszawa Al.Jerozolimskie,Gwarancja Spoticar Premium12 miesięcy
SPOT-71856,Opel Mokka · 153990 PLN,Opel Mokka · Cena: 153990 PLN · Gwarancja Spoticar Premium12 miesięcy · Spoticar GEZET SzczecinSzczecin · Sprawdź ofertę!,https://www.spoticar.pl/znajdz-uzywany-samochod/opel-mokka-e-elegance-szczecin-1200223288,https://s3.eu-central-1.amazonaws.com/uvpictures-eu-central-1/368/SP/PL/OPEL-MOKKA-223288_1.JPG,https://s3.eu-central-1.amazonaws.com/uvpictures-eu-central-1/368/SP/PL/OPEL-MOKKA-223288_2.JPG|https://s3.eu-central-1.amazonaws.com/uvpictures-eu-central-1/368/SP/PL/OPEL-MOKKA-223288_3.JPG|https://s3.eu-central-1.amazonaws.com/uvpictures-eu-central-1/368/SP/PL/OPEL-MOKKA-223288_4.JPG,Opel,Mokka,2023,3000,KM,,Used,153990 PLN,PLN,CASH,153990 PLN,Total,Electric,Automatic,Spoticar GEZET SzczecinSzczecin,Spoticar GEZET Szczecin,Gwarancja Spoticar Premium12 miesięcy
SPOT-71852,Opel Crossland · 88990 PLN,Opel Crossland · Cena: 88990 PLN · Gwarancja Spoticar Premium12 miesięcy · Spoticar GEZET SzczecinSzczecin · Sprawdź ofertę!,https://www.spoticar.pl/znajdz-uzywany-samochod/opel-crossland-12-t-edition-szczecin-1200223292,https://s3.eu-central-1.amazonaws.com/uvpictures-eu-central-1/368/SP/PL/OPEL-CROSSLAND-223292_1.JPG,https://s3.eu-central-1.amazonaws.com/uvpictures-eu-central-1/368/SP/PL/OPEL-CROSSLAND-223292_2.JPG|https://s3.eu-central-1.amazonaws.com/uvpictures-eu-central-1/368/SP/PL/OPEL-CROSSLAND-223292_3.JPG|https://s3.eu-central-1.amazonaws.com/uvpictures-eu-central-1/368/SP/PL/OPEL-CROSSLAND-223292_4.JPG,Opel,Crossland,2022,22600,KM,,Used,88990 PLN,PLN,CASH,88990 PLN,Total,Gasoline,Manual,Spoticar GEZET SzczecinSzczecin,Spoticar GEZET Szczecin,Gwarancja Spoticar Premium12 miesięcy
SPOT-71863,Opel Corsa · 139990 PLN,Opel Corsa · Cena: 139990 PLN · Gwarancja Spoticar Premium12 miesięcy · Spoticar GEZET SzczecinSzczecin · Sprawdź ofertę!,https://www.spoticar.pl/znajdz-uzywany-samochod/opel-corsa-e-edition-szczecin-1200223280,https://s3.eu-central-1.amazonaws.com/uvpictures-eu-central-1/368/SP/PL/OPEL-CORSA-223280_1.JPG,https://s3.eu-central-1.amazonaws.com/uvpictures-eu-central-1/368/SP/PL/OPEL-CORSA-223280_2.JPG|https://s3.eu-central-1.amazonaws.com/uvpictures-eu-central-1/368/SP/PL/OPEL-CORSA-223280_3.JPG|https://s3.eu-central-1.amazonaws.com/uvpictures-eu-central-1/368/SP/PL/OPEL-CORSA-223280_4.JPG,Opel,Corsa,2023,20,KM,,Used,139990 PLN,PLN,CASH,139990 PLN,Total,Electric,Automatic,Spoticar GEZET SzczecinSzczecin,Spoticar GEZET Szczecin,Gwarancja Spoticar Premium12 miesięcy
SPOT-70659,Peugeot 408 · 126900 PLN,Peugeot 408 · Cena: 126900 PLN · Gwarancja Spoticar Premium12 miesięcy · SPOTICAR RIA GRUDZIĄDZGRUDZIADZ · Sprawdź ofertę!,https://www.spoticar.pl/znajdz-uzywany-samochod/peugeot-408-16-plug-hybrid-225-allure-eat8-grudziadz-1200222388,https://s3.eu-central-1.amazonaws.com/uvpictures-eu-central-1/368/SP/PL/PEUGEOT-408-222388_1.JPG,https://s3.eu-central-1.amazonaws.com/uvpictures-eu-central-1/368/SP/PL/PEUGEOT-408-222388_2.JPG|https://s3.eu-central-1.amazonaws.com/uvpictures-eu-central-1/368/SP/PL/PEUGEOT-408-222388_3.JPG|https://s3.eu-central-1.amazonaws.com/uvpictures-eu-central-1/368/SP/PL/PEUGEOT-408-222388_4.JPG,Peugeot,408,2025,15715,KM,,Used,126900 PLN,PLN,CASH,126900 PLN,Total,Gasoline,Automatic,SPOTICAR RIA GRUDZIĄDZGRUDZIADZ,SPOTICAR RIA GRUDZIĄDZ,Gwarancja Spoticar Premium12 miesięcy
SPOT-71845,Opel Astra · 160990 PLN,Opel Astra · Cena: 160990 PLN · Gwarancja Spoticar Premium12 miesięcy · Spoticar GEZET SzczecinSzczecin · Sprawdź ofertę!,https://www.spoticar.pl/znajdz-uzywany-samochod/opel-astra-vi-16-t-plug-hybrid-elegance-szczecin-1200223299,https://s3.eu-central-1.amazonaws.com/uvpictures-eu-central-1/368/SP/PL/OPEL-ASTRA-223299_1.JPG,https://s3.eu-central-1.amazonaws.com/uvpictures-eu-central-1/368/SP/PL/OPEL-ASTRA-223299_2.JPG|https://s3.eu-central-1.amazonaws.com/uvpictures-eu-central-1/368/SP/PL/OPEL-ASTRA-223299_3.JPG|https://s3.eu-central-1.amazonaws.com/uvpictures-eu-central-1/368/SP/PL/OPEL-ASTRA-223299_4.JPG,Opel,Astra,2023,5,KM,,Used,160990 PLN,PLN,CASH,160990 PLN,Total,Plug-in Hybrid,Automatic,Spoticar GEZET SzczecinSzczecin,Spoticar GEZET Szczecin,Gwarancja Spoticar Premium12 miesięcy
SPOT-71693,Peugeot 508 · 114900 PLN,Peugeot 508 · Cena: 114900 PLN · Gwarancja Spoticar Premium12 miesięcy · Spoticar  Budmat Auto PłockPłock · Sprawdź ofertę!,https://www.spoticar.pl/znajdz-uzywany-samochod/peugeot-508-puretech-phev-225-gt-ss-e-eat8-plock-1200223437,https://s3.eu-central-1.amazonaws.com/uvpictures-eu-central-1/368/SP/PL/PEUGEOT-508-223437_1.JPG,https://s3.eu-central-1.amazonaws.com/uvpictures-eu-central-1/368/SP/PL/PEUGEOT-508-223437_2.JPG|https://s3.eu-central-1.amazonaws.com/uvpictures-eu-central-1/368/SP/PL/PEUGEOT-508-223437_3.JPG|https://s3.eu-central-1.amazonaws.com/uvpictures-eu-central-1/368/SP/PL/PEUGEOT-508-223437_4.JPG,Peugeot,508,2024,23876,KM,,Used,114900 PLN,PLN,CASH,114900 PLN,Total,Gasoline,Automatic,Spoticar  Budmat Auto PłockPłock,Spoticar  Budmat Auto Płock,Gwarancja Spoticar Premium12 miesięcy
SPOT-71664,Peugeot 208 · 86900 PLN,Peugeot 208 · Cena: 86900 PLN · Gwarancja Spoticar Premium12 miesięcy · Spoticar Stellantis &You Warszawa Al.Jerozolimskie · Sprawdź ofertę!,https://www.spoticar.pl/znajdz-uzywany-samochod/peugeot-208-12-mhev-gt-warszawa-1200223467,https://s3.eu-central-1.amazonaws.com/uvpictures-eu-central-1/368/SP/PL/PEUGEOT-208-223467_1.JPG,https://s3.eu-central-1.amazonaws.com/uvpictures-eu-central-1/368/SP/PL/PEUGEOT-208-223467_2.JPG|https://s3.eu-central-1.amazonaws.com/uvpictures-eu-central-1/368/SP/PL/PEUGEOT-208-223467_3.JPG|https://s3.eu-central-1.amazonaws.com/uvpictures-eu-central-1/368/SP/PL/PEUGEOT-208-223467_4.JPG,Peugeot,208,2025,16810,KM,,Used,86900 PLN,PLN,CASH,86900 PLN,Total,Hybrid,Automatic,Spoticar Stellantis &You Warszawa Al.Jerozolimskie,Spoticar Stellantis &You Warszawa Al.JerozolimskieSpoticar Stellantis &You Warszawa Al.Jerozolimskie,Gwarancja Spoticar Premium12 miesięcy
SPOT-70495,DS 7 Crossback · 149900 PLN,DS 7 Crossback · Cena: 149900 PLN · Gwarancja Spoticar Premium12 miesięcy · SPOTICAR STELLANTIS & YOU WARSZAWA AL. KRAKOWSKA · Sprawdź ofertę!,https://www.spoticar.pl/znajdz-uzywany-samochod/ds-ds-7-crossback-16-e-tense-4x4-performance-line-aut-warszawa-1200222236,https://s3.eu-central-1.amazonaws.com/uvpictures-eu-central-1/368/SP/PL/DS-DS-7-CROSSBACK-222236_1.JPG,https://s3.eu-central-1.amazonaws.com/uvpictures-eu-central-1/368/SP/PL/DS-DS-7-CROSSBACK-222236_2.JPG|https://s3.eu-central-1.amazonaws.com/uvpictures-eu-central-1/368/SP/PL/DS-DS-7-CROSSBACK-222236_3.JPG|https://s3.eu-central-1.amazonaws.com/uvpictures-eu-central-1/368/SP/PL/DS-DS-7-CROSSBACK-222236_4.JPG,DS,7 Crossback,2024,32950,KM,,Used,149900 PLN,PLN,CASH,149900 PLN,Total,Gasoline,Automatic,SPOTICAR STELLANTIS & YOU WARSZAWA AL. KRAKOWSKA,SPOTICAR STELLANTIS & YOU WARSZAWA AL. KRAKOWSKASPOTICAR STELLANTIS & YOU WARSZAWA AL. KRAKOWSKA,Gwarancja Spoticar Premium12 miesięcy
SPOT-71713,Peugeot 408 · 101900 PLN,Peugeot 408 · Cena: 101900 PLN · Gwarancja Spoticar Premium12 miesięcy · Spoticar Stellantis &You Warszawa Al.Jerozolimskie · Sprawdź ofertę!,https://www.spoticar.pl/znajdz-uzywany-samochod/peugeot-408-12-puretech-gt-ss-eat8-warszawa-1200223416,https://s3.eu-central-1.amazonaws.com/uvpictures-eu-central-1/368/SP/PL/PEUGEOT-408-223416_1.JPG,https://s3.eu-central-1.amazonaws.com/uvpictures-eu-central-1/368/SP/PL/PEUGEOT-408-223416_2.JPG|https://s3.eu-central-1.amazonaws.com/uvpictures-eu-central-1/368/SP/PL/PEUGEOT-408-223416_3.JPG|https://s3.eu-central-1.amazonaws.com/uvpictures-eu-central-1/368/SP/PL/PEUGEOT-408-223416_4.JPG,Peugeot,408,2024,26096,KM,,Used,101900 PLN,PLN,CASH,101900 PLN,Total,Gasoline,Automatic,Spoticar Stellantis &You Warszawa Al.Jerozolimskie,Spoticar Stellantis &You Warszawa Al.JerozolimskieSpoticar Stellantis &You Warszawa Al.Jerozolimskie,Gwarancja Spoticar Premium12 miesięcy
SPOT-68981,Opel Grandland · 95900 PLN,Opel Grandland · Cena: 95900 PLN · Gwarancja Spoticar Premium6 miesięcy · Spoticar Fijałkowski RybnikRybnik · Sprawdź ofertę!,https://www.spoticar.pl/znajdz-uzywany-samochod/opel-grandland-x-16-t-phev-4x4-ultimate-rybnik-1200220771,https://s3.eu-central-1.amazonaws.com/uvpictures-eu-central-1/368/SP/PL/OPEL-GRANDLAND-X-220771_1.JPG,https://s3.eu-central-1.amazonaws.com/uvpictures-eu-central-1/368/SP/PL/OPEL-GRANDLAND-X-220771_2.JPG|https://s3.eu-central-1.amazonaws.com/uvpictures-eu-central-1/368/SP/PL/OPEL-GRANDLAND-X-220771_3.JPG|https://s3.eu-central-1.amazonaws.com/uvpictures-eu-central-1/368/SP/PL/OPEL-GRANDLAND-X-220771_4.JPG,Opel,Grandland,2021,78863,KM,,Used,95900 PLN,PLN,CASH,95900 PLN,Total,Gasoline,Automatic,Spoticar Fijałkowski RybnikRybnik,Spoticar Fijałkowski Rybnik,Gwarancja Spoticar Premium6 miesięcy
SPOT-71680,Mercedes GLC · 108900 PLN,Mercedes GLC · Cena: 108900 PLN · Gwarancja Spoticar Premium6 miesięcy · SPOTICAR RIA WARSZAWAWARSZAWA · Sprawdź ofertę!,https://www.spoticar.pl/znajdz-uzywany-samochod/mercedes-glc-250-4-matic-warszawa-1200223449,https://s3.eu-central-1.amazonaws.com/uvpictures-eu-central-1/368/SP/PL/MERCEDES-GLC-223449_1.JPG,https://s3.eu-central-1.amazonaws.com/uvpictures-eu-central-1/368/SP/PL/MERCEDES-GLC-223449_2.JPG|https://s3.eu-central-1.amazonaws.com/uvpictures-eu-central-1/368/SP/PL/MERCEDES-GLC-223449_3.JPG|https://s3.eu-central-1.amazonaws.com/uvpictures-eu-central-1/368/SP/PL/MERCEDES-GLC-223449_4.JPG,Mercedes,GLC,2018,146422,KM,,Used,108900 PLN,PLN,CASH,108900 PLN,Total,Gasoline,Automatic,SPOTICAR RIA WARSZAWAWARSZAWA,SPOTICAR RIA WARSZAWA,Gwarancja Spoticar Premium6 miesięcy
SPOT-71717,Peugeot Partner · 63900 PLN,Peugeot Partner · Cena: 63900 PLN · Gwarancja Spoticar Premium6 miesięcy · SPOTICAR WOJCIULA BIAŁYSTOKBialystok · Sprawdź ofertę!,https://www.spoticar.pl/znajdz-uzywany-samochod/peugeot-bialystok-1200223414,https://s3.eu-central-1.amazonaws.com/uvpictures-eu-central-1/368/SP/PL/PEUGEOT-PARTNER-223414_1.JPG,https://s3.eu-central-1.amazonaws.com/uvpictures-eu-central-1/368/SP/PL/PEUGEOT-PARTNER-223414_2.JPG|https://s3.eu-central-1.amazonaws.com/uvpictures-eu-central-1/368/SP/PL/PEUGEOT-PARTNER-223414_3.JPG|https://s3.eu-central-1.amazonaws.com/uvpictures-eu-central-1/368/SP/PL/PEUGEOT-PARTNER-223414_4.JPG,Peugeot,Partner,2022,190000,KM,,Used,63900 PLN,PLN,CASH,63900 PLN,Total,Diesel,Manual,SPOTICAR WOJCIULA BIAŁYSTOKBialystok,SPOTICAR WOJCIULA BIAŁYSTOK,Gwarancja Spoticar Premium6 miesięcy
SPOT-70277,Peugeot 508 · 119990 PLN,Peugeot 508 · Cena: 119990 PLN · Gwarancja Spoticar Premium12 miesięcy · SPOTICAR RIA GRUDZIĄDZGRUDZIADZ · Sprawdź ofertę!,https://www.spoticar.pl/znajdz-uzywany-samochod/peugeot-508-puretech-phev-225-allure-ss-e-eat8-grudziadz-1200222026,https://s3.eu-central-1.amazonaws.com/uvpictures-eu-central-1/368/SP/PL/PEUGEOT-508-222026_1.JPG,https://s3.eu-central-1.amazonaws.com/uvpictures-eu-central-1/368/SP/PL/PEUGEOT-508-222026_2.JPG|https://s3.eu-central-1.amazonaws.com/uvpictures-eu-central-1/368/SP/PL/PEUGEOT-508-222026_3.JPG|https://s3.eu-central-1.amazonaws.com/uvpictures-eu-central-1/368/SP/PL/PEUGEOT-508-222026_4.JPG,Peugeot,508,2023,38934,KM,,Used,119990 PLN,PLN,CASH,119990 PLN,Total,Gasoline,Automatic,SPOTICAR RIA GRUDZIĄDZGRUDZIADZ,SPOTICAR RIA GRUDZIĄDZ,Gwarancja Spoticar Premium12 miesięcy
SPOT-71476,Citroën C5 Aircross · 79900 PLN,Citroën C5 Aircross · Cena: 79900 PLN · Gwarancja Spoticar Premium12 miesięcy · Spoticar Auto Diug SłupskSŁUPSK · Sprawdź ofertę!,https://www.spoticar.pl/znajdz-uzywany-samochod/citroen-c5-aircross-15-bluehdi-max-eat8-slupsk-1200223209,https://s3.eu-central-1.amazonaws.com/uvpictures-eu-central-1/368/SP/PL/CITROEN-C5-AIRCROSS-223209_1.JPG,https://s3.eu-central-1.amazonaws.com/uvpictures-eu-central-1/368/SP/PL/CITROEN-C5-AIRCROSS-223209_2.JPG|https://s3.eu-central-1.amazonaws.com/uvpictures-eu-central-1/368/SP/PL/CITROEN-C5-AIRCROSS-223209_3.JPG|https://s3.eu-central-1.amazonaws.com/uvpictures-eu-central-1/368/SP/PL/CITROEN-C5-AIRCROSS-223209_4.JPG,Citroën,C5 Aircross,2024,83500,KM,,Used,79900 PLN,PLN,CASH,79900 PLN,Total,Diesel,Automatic,Spoticar Auto Diug SłupskSŁUPSK,Spoticar Auto Diug Słupsk,Gwarancja Spoticar Premium12 miesięcy
SPOT-71548,Peugeot 2008 · 99000 PLN,Peugeot 2008 · Cena: 99000 PLN · Gwarancja Spoticar Premium12 miesięcy · SPOTICAR RIA WARSZAWAWARSZAWA · Sprawdź ofertę!,https://www.spoticar.pl/znajdz-uzywany-samochod/peugeot-2008-e-2008-54kwh-gt-warszawa-1200223584,https://s3.eu-central-1.amazonaws.com/uvpictures-eu-central-1/368/SP/PL/PEUGEOT-2008-223584_1.JPG,https://s3.eu-central-1.amazonaws.com/uvpictures-eu-central-1/368/SP/PL/PEUGEOT-2008-223584_2.JPG|https://s3.eu-central-1.amazonaws.com/uvpictures-eu-central-1/368/SP/PL/PEUGEOT-2008-223584_3.JPG|https://s3.eu-central-1.amazonaws.com/uvpictures-eu-central-1/368/SP/PL/PEUGEOT-2008-223584_4.JPG,Peugeot,2008,2024,12000,KM,,Used,99000 PLN,PLN,CASH,99000 PLN,Total,Electric,Automatic,SPOTICAR RIA WARSZAWAWARSZAWA,SPOTICAR RIA WARSZAWA,Gwarancja Spoticar Premium12 miesięcy
SPOT-71575,Fiat 500 · 57900 PLN,Fiat 500 · Cena: 57900 PLN · Gwarancja Spoticar Premium12 miesięcy · SPOTICAR RIA WARSZAWAWARSZAWA · Sprawdź ofertę!,https://www.spoticar.pl/znajdz-uzywany-samochod/fiat-500-e-500-238kwh-warszawa-1200223557,https://s3.eu-central-1.amazonaws.com/uvpictures-eu-central-1/368/SP/PL/FIAT-500-E-223557_1.JPG,https://s3.eu-central-1.amazonaws.com/uvpictures-eu-central-1/368/SP/PL/FIAT-500-E-223557_2.JPG|https://s3.eu-central-1.amazonaws.com/uvpictures-eu-central-1/368/SP/PL/FIAT-500-E-223557_3.JPG|https://s3.eu-central-1.amazonaws.com/uvpictures-eu-central-1/368/SP/PL/FIAT-500-E-223557_4.JPG,Fiat,500,2023,30000,KM,,Used,57900 PLN,PLN,CASH,57900 PLN,Total,Electric,Automatic,SPOTICAR RIA WARSZAWAWARSZAWA,SPOTICAR RIA WARSZAWA,Gwarancja Spoticar Premium12 miesięcy
SPOT-71631,Jeep Compass · 109900 PLN,Jeep Compass · Cena: 109900 PLN · Gwarancja Spoticar Premium12 miesięcy · SPOTICAR RIA STALOWA WOLAStalowa Wola / Grebów · Sprawdź ofertę!,https://www.spoticar.pl/znajdz-uzywany-samochod/jeep-compass-13-t4-phev-4xe-limited-ss-aut-stalowa-wola-grebow-1200223501,https://s3.eu-central-1.amazonaws.com/uvpictures-eu-central-1/368/SP/PL/JEEP-COMPASS-223501_1.JPG,https://s3.eu-central-1.amazonaws.com/uvpictures-eu-central-1/368/SP/PL/JEEP-COMPASS-223501_2.JPG|https://s3.eu-central-1.amazonaws.com/uvpictures-eu-central-1/368/SP/PL/JEEP-COMPASS-223501_3.JPG|https://s3.eu-central-1.amazonaws.com/uvpictures-eu-central-1/368/SP/PL/JEEP-COMPASS-223501_4.JPG,Jeep,Compass,2024,67235,KM,,Used,109900 PLN,PLN,CASH,109900 PLN,Total,Gasoline,Automatic,SPOTICAR RIA STALOWA WOLAStalowa Wola / Grebów,SPOTICAR RIA STALOWA WOLA,Gwarancja Spoticar Premium12 miesięcy
SPOT-71714,Peugeot 408 · 99900 PLN,Peugeot 408 · Cena: 99900 PLN · Gwarancja Spoticar Premium12 miesięcy · Spoticar Stellantis &You Warszawa Al.Jerozolimskie · Sprawdź ofertę!,https://www.spoticar.pl/znajdz-uzywany-samochod/peugeot-408-12-puretech-gt-ss-eat8-warszawa-1200223417,https://s3.eu-central-1.amazonaws.com/uvpictures-eu-central-1/368/SP/PL/PEUGEOT-408-223417_1.JPG,https://s3.eu-central-1.amazonaws.com/uvpictures-eu-central-1/368/SP/PL/PEUGEOT-408-223417_2.JPG|https://s3.eu-central-1.amazonaws.com/uvpictures-eu-central-1/368/SP/PL/PEUGEOT-408-223417_3.JPG|https://s3.eu-central-1.amazonaws.com/uvpictures-eu-central-1/368/SP/PL/PEUGEOT-408-223417_4.JPG,Peugeot,408,2024,30110,KM,,Used,99900 PLN,PLN,CASH,99900 PLN,Total,Gasoline,Automatic,Spoticar Stellantis &You Warszawa Al.Jerozolimskie,Spoticar Stellantis &You Warszawa Al.JerozolimskieSpoticar Stellantis &You Warszawa Al.Jerozolimskie,Gwarancja Spoticar Premium12 miesięcy
SPOT-71667,Peugeot 208 · 49900 PLN,Peugeot 208 · Cena: 49900 PLN · Gwarancja Spoticar Premium12 miesięcy · Spoticar Stellantis &You Warszawa Al.Jerozolimskie · Sprawdź ofertę!,https://www.spoticar.pl/znajdz-uzywany-samochod/peugeot-208-12-puretech-allure-pack-ss-warszawa-1200223464,https://s3.eu-central-1.amazonaws.com/uvpictures-eu-central-1/368/SP/PL/PEUGEOT-208-223464_1.JPG,https://s3.eu-central-1.amazonaws.com/uvpictures-eu-central-1/368/SP/PL/PEUGEOT-208-223464_2.JPG|https://s3.eu-central-1.amazonaws.com/uvpictures-eu-central-1/368/SP/PL/PEUGEOT-208-223464_3.JPG|https://s3.eu-central-1.amazonaws.com/uvpictures-eu-central-1/368/SP/PL/PEUGEOT-208-223464_4.JPG,Peugeot,208,2023,41838,KM,,Used,49900 PLN,PLN,CASH,49900 PLN,Total,Gasoline,Manual,Spoticar Stellantis &You Warszawa Al.Jerozolimskie,Spoticar Stellantis &You Warszawa Al.JerozolimskieSpoticar Stellantis &You Warszawa Al.Jerozolimskie,Gwarancja Spoticar Premium12 miesięcy
SPOT-71338,Citroën C5 Aircross · 104900 PLN,Citroën C5 Aircross · Cena: 104900 PLN · Gwarancja Spoticar Premium12 miesięcy · Spoticar Auto Centrum Golemo Kraków · Sprawdź ofertę!,https://www.spoticar.pl/znajdz-uzywany-samochod/citroen-c5-aircross-16-phev-225-max-eat8-krakow-1200223076,https://s3.eu-central-1.amazonaws.com/uvpictures-eu-central-1/368/SP/PL/CITROEN-C5-AIRCROSS-223076_1.JPG,https://s3.eu-central-1.amazonaws.com/uvpictures-eu-central-1/368/SP/PL/CITROEN-C5-AIRCROSS-223076_2.JPG|https://s3.eu-central-1.amazonaws.com/uvpictures-eu-central-1/368/SP/PL/CITROEN-C5-AIRCROSS-223076_3.JPG|https://s3.eu-central-1.amazonaws.com/uvpictures-eu-central-1/368/SP/PL/CITROEN-C5-AIRCROSS-223076_4.JPG,Citroën,C5 Aircross,2023,99130,KM,,Used,104900 PLN,PLN,CASH,104900 PLN,Total,Gasoline,Automatic,Spoticar Auto Centrum Golemo Kraków,Spoticar Auto Centrum Golemo KrakówSpoticar Auto Centrum Golemo Kraków,Gwarancja Spoticar Premium12 miesięcy
SPOT-71087,Peugeot 3008 · 164900 PLN,Peugeot 3008 · Cena: 164900 PLN · Gwarancja Spoticar Premium12 miesięcy · SPOTICAR RIA WARSZAWAWARSZAWA · Sprawdź ofertę!,https://www.spoticar.pl/znajdz-uzywany-samochod/peugeot-3008-16-phev-195-gt-e-dcs7-warszawa-1200222817,https://s3.eu-central-1.amazonaws.com/uvpictures-eu-central-1/368/SP/PL/PEUGEOT-3008-222817_1.JPG,https://s3.eu-central-1.amazonaws.com/uvpictures-eu-central-1/368/SP/PL/PEUGEOT-3008-222817_2.JPG|https://s3.eu-central-1.amazonaws.com/uvpictures-eu-central-1/368/SP/PL/PEUGEOT-3008-222817_3.JPG|https://s3.eu-central-1.amazonaws.com/uvpictures-eu-central-1/368/SP/PL/PEUGEOT-3008-222817_4.JPG,Peugeot,3008,2025,8448,KM,,Used,164900 PLN,PLN,CASH,164900 PLN,Total,Gasoline,Automatic,SPOTICAR RIA WARSZAWAWARSZAWA,SPOTICAR RIA WARSZAWA,Gwarancja Spoticar Premium12 miesięcy
SPOT-71274,Peugeot 208 · 86900 PLN,Peugeot 208 · Cena: 86900 PLN · Gwarancja Spoticar Premium12 miesięcy · SPOTICAR RIA WARSZAWAWARSZAWA · Sprawdź ofertę!,https://www.spoticar.pl/znajdz-uzywany-samochod/peugeot-208-e-208-50kwh-allure-warszawa-1200223001,https://s3.eu-central-1.amazonaws.com/uvpictures-eu-central-1/368/SP/PL/PEUGEOT-208-223001_1.JPG,https://s3.eu-central-1.amazonaws.com/uvpictures-eu-central-1/368/SP/PL/PEUGEOT-208-223001_2.JPG|https://s3.eu-central-1.amazonaws.com/uvpictures-eu-central-1/368/SP/PL/PEUGEOT-208-223001_3.JPG|https://s3.eu-central-1.amazonaws.com/uvpictures-eu-central-1/368/SP/PL/PEUGEOT-208-223001_4.JPG,Peugeot,208,2024,29967,KM,,Used,86900 PLN,PLN,CASH,86900 PLN,Total,Electric,Automatic,SPOTICAR RIA WARSZAWAWARSZAWA,SPOTICAR RIA WARSZAWA,Gwarancja Spoticar Premium12 miesięcy
SPOT-70980,DS 7 Crossback · 124900 PLN,DS 7 Crossback · Cena: 124900 PLN · Gwarancja Spoticar Premium12 miesięcy · SPOTICAR RIA WARSZAWAWARSZAWA · Sprawdź ofertę!,https://www.spoticar.pl/znajdz-uzywany-samochod/ds-ds-7-crossback-15-bluehdi-performance-line-aut-warszawa-1200222729,https://s3.eu-central-1.amazonaws.com/uvpictures-eu-central-1/368/SP/PL/DS-DS-7-CROSSBACK-222729_1.JPG,https://s3.eu-central-1.amazonaws.com/uvpictures-eu-central-1/368/SP/PL/DS-DS-7-CROSSBACK-222729_2.JPG|https://s3.eu-central-1.amazonaws.com/uvpictures-eu-central-1/368/SP/PL/DS-DS-7-CROSSBACK-222729_3.JPG|https://s3.eu-central-1.amazonaws.com/uvpictures-eu-central-1/368/SP/PL/DS-DS-7-CROSSBACK-222729_4.JPG,DS,7 Crossback,2024,34159,KM,,Used,124900 PLN,PLN,CASH,124900 PLN,Total,Diesel,Automatic,SPOTICAR RIA WARSZAWAWARSZAWA,SPOTICAR RIA WARSZAWA,Gwarancja Spoticar Premium12 miesięcy
SPOT-70595,Opel Mokka · 75900 PLN,Opel Mokka · Cena: 75900 PLN · Gwarancja Spoticar Premium12 miesięcy · Spoticar Stellantis &You Warszawa Al.Jerozolimskie · Sprawdź ofertę!,https://www.spoticar.pl/znajdz-uzywany-samochod/opel-mokka-12-t-gs-ss-aut-warszawa-1200222356,https://s3.eu-central-1.amazonaws.com/uvpictures-eu-central-1/368/SP/PL/OPEL-MOKKA-222356_1.JPG,https://s3.eu-central-1.amazonaws.com/uvpictures-eu-central-1/368/SP/PL/OPEL-MOKKA-222356_2.JPG|https://s3.eu-central-1.amazonaws.com/uvpictures-eu-central-1/368/SP/PL/OPEL-MOKKA-222356_3.JPG|https://s3.eu-central-1.amazonaws.com/uvpictures-eu-central-1/368/SP/PL/OPEL-MOKKA-222356_4.JPG,Opel,Mokka,2024,51109,KM,,Used,75900 PLN,PLN,CASH,75900 PLN,Total,Gasoline,Automatic,Spoticar Stellantis &You Warszawa Al.Jerozolimskie,Spoticar Stellantis &You Warszawa Al.JerozolimskieSpoticar Stellantis &You Warszawa Al.Jerozolimskie,Gwarancja Spoticar Premium12 miesięcy
SPOT-70615,Peugeot 2008 · 79900 PLN,Peugeot 2008 · Cena: 79900 PLN · Gwarancja Spoticar Premium12 miesięcy · Spoticar Stellantis &You Warszawa Al.Jerozolimskie · Sprawdź ofertę!,https://www.spoticar.pl/znajdz-uzywany-samochod/peugeot-2008-puretech-130-allure-ss-eat8-warszawa-1200222377,https://s3.eu-central-1.amazonaws.com/uvpictures-eu-central-1/368/SP/PL/PEUGEOT-2008-222377_1.JPG,https://s3.eu-central-1.amazonaws.com/uvpictures-eu-central-1/368/SP/PL/PEUGEOT-2008-222377_2.JPG|https://s3.eu-central-1.amazonaws.com/uvpictures-eu-central-1/368/SP/PL/PEUGEOT-2008-222377_3.JPG|https://s3.eu-central-1.amazonaws.com/uvpictures-eu-central-1/368/SP/PL/PEUGEOT-2008-222377_4.JPG,Peugeot,2008,2024,38287,KM,,Used,79900 PLN,PLN,CASH,79900 PLN,Total,Gasoline,Automatic,Spoticar Stellantis &You Warszawa Al.Jerozolimskie,Spoticar Stellantis &You Warszawa Al.JerozolimskieSpoticar Stellantis &You Warszawa Al.Jerozolimskie,Gwarancja Spoticar Premium12 miesięcy
SPOT-70775,Citroën C4 X · 94900 PLN,Citroën C4 X · Cena: 94900 PLN · Gwarancja Spoticar Premium12 miesięcy · SPOTICAR RIA WARSZAWAWARSZAWA · Sprawdź ofertę!,https://www.spoticar.pl/znajdz-uzywany-samochod/citroen-c4-x-c4-x-12-mhev-max-edct6-warszawa-1200222516,https://s3.eu-central-1.amazonaws.com/uvpictures-eu-central-1/368/SP/PL/CITROEN-C4-X-222516_1.JPG,https://s3.eu-central-1.amazonaws.com/uvpictures-eu-central-1/368/SP/PL/CITROEN-C4-X-222516_2.JPG|https://s3.eu-central-1.amazonaws.com/uvpictures-eu-central-1/368/SP/PL/CITROEN-C4-X-222516_3.JPG|https://s3.eu-central-1.amazonaws.com/uvpictures-eu-central-1/368/SP/PL/CITROEN-C4-X-222516_4.JPG,Citroën,C4 X,2025,3880,KM,,Used,94900 PLN,PLN,CASH,94900 PLN,Total,Hybrid,Automatic,SPOTICAR RIA WARSZAWAWARSZAWA,SPOTICAR RIA WARSZAWA,Gwarancja Spoticar Premium12 miesięcy
SPOT-70570,Peugeot 2008 · 82900 PLN,Peugeot 2008 · Cena: 82900 PLN · Gwarancja Spoticar Premium12 miesięcy · Spoticar Stellantis &You Warszawa Al.Jerozolimskie · Sprawdź ofertę!,https://www.spoticar.pl/znajdz-uzywany-samochod/peugeot-2008-puretech-130-gt-ss-eat8-warszawa-1200222290,https://s3.eu-central-1.amazonaws.com/uvpictures-eu-central-1/368/SP/PL/PEUGEOT-2008-222290_1.JPG,https://s3.eu-central-1.amazonaws.com/uvpictures-eu-central-1/368/SP/PL/PEUGEOT-2008-222290_2.JPG|https://s3.eu-central-1.amazonaws.com/uvpictures-eu-central-1/368/SP/PL/PEUGEOT-2008-222290_3.JPG|https://s3.eu-central-1.amazonaws.com/uvpictures-eu-central-1/368/SP/PL/PEUGEOT-2008-222290_4.JPG,Peugeot,2008,2024,34853,KM,,Used,82900 PLN,PLN,CASH,82900 PLN,Total,Gasoline,Automatic,Spoticar Stellantis &You Warszawa Al.Jerozolimskie,Spoticar Stellantis &You Warszawa Al.JerozolimskieSpoticar Stellantis &You Warszawa Al.Jerozolimskie,Gwarancja Spoticar Premium12 miesięcy
SPOT-70492,Citroën C5 Aircross · 97900 PLN,Citroën C5 Aircross · Cena: 97900 PLN · Gwarancja Spoticar Premium12 miesięcy · SPOTICAR RIA WARSZAWAWARSZAWA · Sprawdź ofertę!,https://www.spoticar.pl/znajdz-uzywany-samochod/citroen-c5-aircross-16-phev-225-max-eat8-warszawa-1200222232,https://s3.eu-central-1.amazonaws.com/uvpictures-eu-central-1/368/SP/PL/CITROEN-C5-AIRCROSS-222232_1.JPG,https://s3.eu-central-1.amazonaws.com/uvpictures-eu-central-1/368/SP/PL/CITROEN-C5-AIRCROSS-222232_2.JPG|https://s3.eu-central-1.amazonaws.com/uvpictures-eu-central-1/368/SP/PL/CITROEN-C5-AIRCROSS-222232_3.JPG|https://s3.eu-central-1.amazonaws.com/uvpictures-eu-central-1/368/SP/PL/CITROEN-C5-AIRCROSS-222232_4.JPG,Citroën,C5 Aircross,2024,42937,KM,,Used,97900 PLN,PLN,CASH,97900 PLN,Total,Gasoline,Automatic,SPOTICAR RIA WARSZAWAWARSZAWA,SPOTICAR RIA WARSZAWA,Gwarancja Spoticar Premium12 miesięcy
SPOT-69268,Peugeot 2008 · 82900 PLN,Peugeot 2008 · Cena: 82900 PLN · Gwarancja Spoticar Premium12 miesięcy · Spoticar Stellantis &You Warszawa Al.Jerozolimskie · Sprawdź ofertę!,https://www.spoticar.pl/znajdz-uzywany-samochod/peugeot-2008-puretech-130-gt-ss-eat8-warszawa-1200221035,https://s3.eu-central-1.amazonaws.com/uvpictures-eu-central-1/368/SP/PL/PEUGEOT-2008-221035_1.JPG,https://s3.eu-central-1.amazonaws.com/uvpictures-eu-central-1/368/SP/PL/PEUGEOT-2008-221035_2.JPG|https://s3.eu-central-1.amazonaws.com/uvpictures-eu-central-1/368/SP/PL/PEUGEOT-2008-221035_3.JPG|https://s3.eu-central-1.amazonaws.com/uvpictures-eu-central-1/368/SP/PL/PEUGEOT-2008-221035_4.JPG,Peugeot,2008,2024,52033,KM,,Used,82900 PLN,PLN,CASH,82900 PLN,Total,Gasoline,Automatic,Spoticar Stellantis &You Warszawa Al.Jerozolimskie,Spoticar Stellantis &You Warszawa Al.JerozolimskieSpoticar Stellantis &You Warszawa Al.Jerozolimskie,Gwarancja Spoticar Premium12 miesięcy
SPOT-69268,Peugeot 2008 · 82900 PLN,Peugeot 2008 · Cena: 82900 PLN · Gwarancja Spoticar Premium12 miesięcy · Spoticar Stellantis &You Warszawa Al.Jerozolimskie · Sprawdź ofertę!,https://www.spoticar.pl/znajdz-uzywany-samochod/peugeot-2008-puretech-130-gt-ss-eat8-warszawa-1200221035,https://s3.eu-central-1.amazonaws.com/uvpictures-eu-central-1/368/SP/PL/PEUGEOT-2008-221035_1.JPG,https://s3.eu-central-1.amazonaws.com/uvpictures-eu-central-1/368/SP/PL/PEUGEOT-2008-221035_2.JPG|https://s3.eu-central-1.amazonaws.com/uvpictures-eu-central-1/368/SP/PL/PEUGEOT-2008-221035_3.JPG|https://s3.eu-central-1.amazonaws.com/uvpictures-eu-central-1/368/SP/PL/PEUGEOT-2008-221035_4.JPG,Peugeot,2008,2024,52033,KM,,Used,82900 PLN,PLN,CASH,82900 PLN,Total,Gasoline,Automatic,Spoticar Stellantis &You Warszawa Al.Jerozolimskie,Spoticar Stellantis &You Warszawa Al.JerozolimskieSpoticar Stellantis &You Warszawa Al.Jerozolimskie,Gwarancja Spoticar Premium12 miesięcy
SPOT-67833,Peugeot 5008 · 92900 PLN,Peugeot 5008 · Cena: 92900 PLN · Gwarancja Spoticar Premium12 miesięcy · SPOTICAR RIA WARSZAWAWARSZAWA · Sprawdź ofertę!,https://www.spoticar.pl/znajdz-uzywany-samochod/peugeot-5008-12-puretech-gt-ss-eat8-warszawa-1200219631,https://s3.eu-central-1.amazonaws.com/uvpictures-eu-central-1/368/SP/PL/PEUGEOT-5008-219631_1.JPG,https://s3.eu-central-1.amazonaws.com/uvpictures-eu-central-1/368/SP/PL/PEUGEOT-5008-219631_2.JPG|https://s3.eu-central-1.amazonaws.com/uvpictures-eu-central-1/368/SP/PL/PEUGEOT-5008-219631_3.JPG|https://s3.eu-central-1.amazonaws.com/uvpictures-eu-central-1/368/SP/PL/PEUGEOT-5008-219631_4.JPG,Peugeot,5008,2022,83210,KM,,Used,92900 PLN,PLN,CASH,92900 PLN,Total,Gasoline,Automatic,SPOTICAR RIA WARSZAWAWARSZAWA,SPOTICAR RIA WARSZAWA,Gwarancja Spoticar Premium12 miesięcy
SPOT-70898,Citroën C5 X · 77900 PLN,Citroën C5 X · Cena: 77900 PLN · Gwarancja Spoticar Premium12 miesięcy · SPOTICAR RIA WARSZAWAWARSZAWA · Sprawdź ofertę!,https://www.spoticar.pl/znajdz-uzywany-samochod/citroen-c5-x-c5-x-12-puretech-feel-eat8-warszawa-1200222639,https://s3.eu-central-1.amazonaws.com/uvpictures-eu-central-1/368/SP/PL/CITROEN-C5-X-222639_1.JPG,https://s3.eu-central-1.amazonaws.com/uvpictures-eu-central-1/368/SP/PL/CITROEN-C5-X-222639_2.JPG|https://s3.eu-central-1.amazonaws.com/uvpictures-eu-central-1/368/SP/PL/CITROEN-C5-X-222639_3.JPG|https://s3.eu-central-1.amazonaws.com/uvpictures-eu-central-1/368/SP/PL/CITROEN-C5-X-222639_4.JPG,Citroën,C5 X,2023,60165,KM,,Used,77900 PLN,PLN,CASH,77900 PLN,Total,Gasoline,Automatic,SPOTICAR RIA WARSZAWAWARSZAWA,SPOTICAR RIA WARSZAWA,Gwarancja Spoticar Premium12 miesięcy
SPOT-70259,Peugeot 308 · 88900 PLN,Peugeot 308 · Cena: 88900 PLN · Gwarancja Spoticar Premium12 miesięcy · Spoticar Stellantis &You Warszawa Al.Jerozolimskie · Sprawdź ofertę!,https://www.spoticar.pl/znajdz-uzywany-samochod/peugeot-308-15-bluehdi-allure-ss-eat8-warszawa-1200222022,https://s3.eu-central-1.amazonaws.com/uvpictures-eu-central-1/368/SP/PL/PEUGEOT-308-222022_1.JPG,https://s3.eu-central-1.amazonaws.com/uvpictures-eu-central-1/368/SP/PL/PEUGEOT-308-222022_2.JPG|https://s3.eu-central-1.amazonaws.com/uvpictures-eu-central-1/368/SP/PL/PEUGEOT-308-222022_3.JPG|https://s3.eu-central-1.amazonaws.com/uvpictures-eu-central-1/368/SP/PL/PEUGEOT-308-222022_4.JPG,Peugeot,308,2023,76375,KM,,Used,88900 PLN,PLN,CASH,88900 PLN,Total,Diesel,Automatic,Spoticar Stellantis &You Warszawa Al.Jerozolimskie,Spoticar Stellantis &You Warszawa Al.JerozolimskieSpoticar Stellantis &You Warszawa Al.Jerozolimskie,Gwarancja Spoticar Premium12 miesięcy
SPOT-70374,Renault Scenic · 53900 PLN,Renault Scenic · Cena: 53900 PLN · Gwarancja Spoticar Premium6 miesięcy · Spoticar Stellantis &You Warszawa Al.Jerozolimskie · Sprawdź ofertę!,https://www.spoticar.pl/znajdz-uzywany-samochod/renault-scenic-13-tce-energy-intens-warszawa-1200222130,https://s3.eu-central-1.amazonaws.com/uvpictures-eu-central-1/368/SP/PL/RENAULT-SCENIC-222130_1.JPG,https://s3.eu-central-1.amazonaws.com/uvpictures-eu-central-1/368/SP/PL/RENAULT-SCENIC-222130_2.JPG|https://s3.eu-central-1.amazonaws.com/uvpictures-eu-central-1/368/SP/PL/RENAULT-SCENIC-222130_3.JPG|https://s3.eu-central-1.amazonaws.com/uvpictures-eu-central-1/368/SP/PL/RENAULT-SCENIC-222130_4.JPG,Renault,Scenic,2018,67333,KM,,Used,53900 PLN,PLN,CASH,53900 PLN,Total,Gasoline,Manual,Spoticar Stellantis &You Warszawa Al.Jerozolimskie,Spoticar Stellantis &You Warszawa Al.JerozolimskieSpoticar Stellantis &You Warszawa Al.Jerozolimskie,Gwarancja Spoticar Premium6 miesięcy
SPOT-69835,Opel Vivaro · 113037 PLN,Opel Vivaro · Cena: 113037 PLN · Gwarancja Spoticar Premium12 miesięcy · SPOTICAR RIA WARSZAWAWARSZAWA · Sprawdź ofertę!,https://www.spoticar.pl/znajdz-uzywany-samochod/opel-vivaro-20-cdti-long-31t-ss-eat8-warszawa-1200221620,https://s3.eu-central-1.amazonaws.com/uvpictures-eu-central-1/368/SP/PL/OPEL-VIVARO-221620_1.JPG,https://s3.eu-central-1.amazonaws.com/uvpictures-eu-central-1/368/SP/PL/OPEL-VIVARO-221620_2.JPG|https://s3.eu-central-1.amazonaws.com/uvpictures-eu-central-1/368/SP/PL/OPEL-VIVARO-221620_3.JPG|https://s3.eu-central-1.amazonaws.com/uvpictures-eu-central-1/368/SP/PL/OPEL-VIVARO-221620_4.JPG,Opel,Vivaro,2024,25665,KM,,Used,113037 PLN,PLN,CASH,113037 PLN,Total,Diesel,Automatic,SPOTICAR RIA WARSZAWAWARSZAWA,SPOTICAR RIA WARSZAWA,Gwarancja Spoticar Premium12 miesięcy
SPOT-69840,Opel Grandland · 84900 PLN,Opel Grandland · Cena: 84900 PLN · Gwarancja Spoticar Premium12 miesięcy · SPOTICAR RIA WARSZAWAWARSZAWA · Sprawdź ofertę!,https://www.spoticar.pl/znajdz-uzywany-samochod/opel-grandland-12-t-business-elegance-ss-aut-warszawa-1200221615,https://s3.eu-central-1.amazonaws.com/uvpictures-eu-central-1/368/SP/PL/OPEL-GRANDLAND-221615_1.JPG,https://s3.eu-central-1.amazonaws.com/uvpictures-eu-central-1/368/SP/PL/OPEL-GRANDLAND-221615_2.JPG|https://s3.eu-central-1.amazonaws.com/uvpictures-eu-central-1/368/SP/PL/OPEL-GRANDLAND-221615_3.JPG|https://s3.eu-central-1.amazonaws.com/uvpictures-eu-central-1/368/SP/PL/OPEL-GRANDLAND-221615_4.JPG,Opel,Grandland,2023,26847,KM,,Used,84900 PLN,PLN,CASH,84900 PLN,Total,Gasoline,Automatic,SPOTICAR RIA WARSZAWAWARSZAWA,SPOTICAR RIA WARSZAWA,Gwarancja Spoticar Premium12 miesięcy
SPOT-71299,Peugeot 508 · 79990 PLN,Peugeot 508 · Cena: 79990 PLN · Gwarancja Spoticar Premium6 miesięcy · SPOTICAR DEJON I DĄBROWSKI LEGNICA · Sprawdź ofertę!,https://www.spoticar.pl/znajdz-uzywany-samochod/peugeot-508-15-bluehdi-active-pack-ss-eat8-legnica-1200223056,https://s3.eu-central-1.amazonaws.com/uvpictures-eu-central-1/368/SP/PL/PEUGEOT-508-223056_1.JPG,https://s3.eu-central-1.amazonaws.com/uvpictures-eu-central-1/368/SP/PL/PEUGEOT-508-223056_2.JPG|https://s3.eu-central-1.amazonaws.com/uvpictures-eu-central-1/368/SP/PL/PEUGEOT-508-223056_3.JPG|https://s3.eu-central-1.amazonaws.com/uvpictures-eu-central-1/368/SP/PL/PEUGEOT-508-223056_4.JPG,Peugeot,508,2020,75000,KM,,Used,79990 PLN,PLN,CASH,79990 PLN,Total,Diesel,Automatic,SPOTICAR DEJON I DĄBROWSKI LEGNICA,SPOTICAR DEJON I DĄBROWSKI LEGNICASPOTICAR DEJON I DĄBROWSKI LEGNICA,Gwarancja Spoticar Premium6 miesięcy
SPOT-70296,Renault Talisman · 39900 PLN,Renault Talisman · Cena: 39900 PLN · Gwarancja Spoticar Premium6 miesięcy · Spoticar Auto Centrum Golemo Kraków · Sprawdź ofertę!,https://www.spoticar.pl/znajdz-uzywany-samochod/renault-talisman-16-energy-tce-zen-edc-krakow-1200222042,https://s3.eu-central-1.amazonaws.com/uvpictures-eu-central-1/368/SP/PL/RENAULT-TALISMAN-222042_1.JPG,https://s3.eu-central-1.amazonaws.com/uvpictures-eu-central-1/368/SP/PL/RENAULT-TALISMAN-222042_2.JPG|https://s3.eu-central-1.amazonaws.com/uvpictures-eu-central-1/368/SP/PL/RENAULT-TALISMAN-222042_3.JPG|https://s3.eu-central-1.amazonaws.com/uvpictures-eu-central-1/368/SP/PL/RENAULT-TALISMAN-222042_4.JPG,Renault,Talisman,2017,173000,KM,,Used,39900 PLN,PLN,CASH,39900 PLN,Total,Gasoline,Automatic,Spoticar Auto Centrum Golemo Kraków,Spoticar Auto Centrum Golemo KrakówSpoticar Auto Centrum Golemo Kraków,Gwarancja Spoticar Premium6 miesięcy
SPOT-71524,Peugeot 5008 · 109900 PLN,Peugeot 5008 · Cena: 109900 PLN · Gwarancja Spoticar Premium12 miesięcy · Spoticar MOTOR CENTRUM GdańskGdańsk · Sprawdź ofertę!,https://www.spoticar.pl/znajdz-uzywany-samochod/peugeot-5008-12-puretech-mhev-allure-pack-ss-e-dcs6-gdansk-1200223249,https://s3.eu-central-1.amazonaws.com/uvpictures-eu-central-1/368/SP/PL/PEUGEOT-5008-223249_1.JPG,https://s3.eu-central-1.amazonaws.com/uvpictures-eu-central-1/368/SP/PL/PEUGEOT-5008-223249_2.JPG|https://s3.eu-central-1.amazonaws.com/uvpictures-eu-central-1/368/SP/PL/PEUGEOT-5008-223249_3.JPG|https://s3.eu-central-1.amazonaws.com/uvpictures-eu-central-1/368/SP/PL/PEUGEOT-5008-223249_4.JPG,Peugeot,5008,2024,29735,KM,,Used,109900 PLN,PLN,CASH,109900 PLN,Total,Gasoline,Automatic,Spoticar MOTOR CENTRUM GdańskGdańsk,Spoticar MOTOR CENTRUM Gdańsk,Gwarancja Spoticar Premium12 miesięcy
SPOT-71413,Peugeot 308 · 67990 PLN,Peugeot 308 · Cena: 67990 PLN · Gwarancja Spoticar Premium6 miesięcy · SPOTICAR DEJON I DĄBROWSKI LEGNICA · Sprawdź ofertę!,https://www.spoticar.pl/znajdz-uzywany-samochod/peugeot-308-15-bluehdi-allure-pack-ss-eat8-legnica-1200223129,https://s3.eu-central-1.amazonaws.com/uvpictures-eu-central-1/368/SP/PL/PEUGEOT-308-223129_1.JPG,https://s3.eu-central-1.amazonaws.com/uvpictures-eu-central-1/368/SP/PL/PEUGEOT-308-223129_2.JPG|https://s3.eu-central-1.amazonaws.com/uvpictures-eu-central-1/368/SP/PL/PEUGEOT-308-223129_3.JPG|https://s3.eu-central-1.amazonaws.com/uvpictures-eu-central-1/368/SP/PL/PEUGEOT-308-223129_4.JPG,Peugeot,308,2023,123900,KM,,Used,67990 PLN,PLN,CASH,67990 PLN,Total,Diesel,Automatic,SPOTICAR DEJON I DĄBROWSKI LEGNICA,SPOTICAR DEJON I DĄBROWSKI LEGNICASPOTICAR DEJON I DĄBROWSKI LEGNICA,Gwarancja Spoticar Premium6 miesięcy
SPOT-71464,Peugeot 3008 · 78990 PLN,Peugeot 3008 · Cena: 78990 PLN · Gwarancja Spoticar Premium6 miesięcy · SPOTICAR DEJON I DĄBROWSKI LEGNICA · Sprawdź ofertę!,https://www.spoticar.pl/znajdz-uzywany-samochod/peugeot-3008-15-bluehdi-allure-pack-ss-eat8-legnica-1200223223,https://s3.eu-central-1.amazonaws.com/uvpictures-eu-central-1/368/SP/PL/PEUGEOT-3008-223223_1.JPG,https://s3.eu-central-1.amazonaws.com/uvpictures-eu-central-1/368/SP/PL/PEUGEOT-3008-223223_2.JPG|https://s3.eu-central-1.amazonaws.com/uvpictures-eu-central-1/368/SP/PL/PEUGEOT-3008-223223_3.JPG|https://s3.eu-central-1.amazonaws.com/uvpictures-eu-central-1/368/SP/PL/PEUGEOT-3008-223223_4.JPG,Peugeot,3008,2022,134649,KM,,Used,78990 PLN,PLN,CASH,78990 PLN,Total,Diesel,Automatic,SPOTICAR DEJON I DĄBROWSKI LEGNICA,SPOTICAR DEJON I DĄBROWSKI LEGNICASPOTICAR DEJON I DĄBROWSKI LEGNICA,Gwarancja Spoticar Premium6 miesięcy
SPOT-71526,Peugeot 3008 · 149900 PLN,Peugeot 3008 · Cena: 149900 PLN · Gwarancja Spoticar Premium12 miesięcy · SPOTICAR RIA STALOWA WOLAStalowa Wola / Grebów · Sprawdź ofertę!,https://www.spoticar.pl/znajdz-uzywany-samochod/peugeot-3008-e-3008-73kwh-gt-stalowa-wola-grebow-1200223252,https://s3.eu-central-1.amazonaws.com/uvpictures-eu-central-1/368/SP/PL/PEUGEOT-3008-223252_1.JPG,https://s3.eu-central-1.amazonaws.com/uvpictures-eu-central-1/368/SP/PL/PEUGEOT-3008-223252_2.JPG|https://s3.eu-central-1.amazonaws.com/uvpictures-eu-central-1/368/SP/PL/PEUGEOT-3008-223252_3.JPG|https://s3.eu-central-1.amazonaws.com/uvpictures-eu-central-1/368/SP/PL/PEUGEOT-3008-223252_4.JPG,Peugeot,3008,2024,9771,KM,,Used,149900 PLN,PLN,CASH,149900 PLN,Total,Electric,Automatic,SPOTICAR RIA STALOWA WOLAStalowa Wola / Grebów,SPOTICAR RIA STALOWA WOLA,Gwarancja Spoticar Premium12 miesięcy
SPOT-71506,Peugeot 208 · 69990 PLN,Peugeot 208 · Cena: 69990 PLN · Gwarancja Spoticar Premium12 miesięcy · SPOTICAR DEJON I DĄBROWSKI LEGNICA · Sprawdź ofertę!,https://www.spoticar.pl/znajdz-uzywany-samochod/peugeot-208-e-208-allure-pack-legnica-1200223193,https://s3.eu-central-1.amazonaws.com/uvpictures-eu-central-1/368/SP/PL/PEUGEOT-208-223193_1.JPG,https://s3.eu-central-1.amazonaws.com/uvpictures-eu-central-1/368/SP/PL/PEUGEOT-208-223193_2.JPG|https://s3.eu-central-1.amazonaws.com/uvpictures-eu-central-1/368/SP/PL/PEUGEOT-208-223193_3.JPG|https://s3.eu-central-1.amazonaws.com/uvpictures-eu-central-1/368/SP/PL/PEUGEOT-208-223193_4.JPG,Peugeot,208,2023,31690,KM,,Used,69990 PLN,PLN,CASH,69990 PLN,Total,Electric,Automatic,SPOTICAR DEJON I DĄBROWSKI LEGNICA,SPOTICAR DEJON I DĄBROWSKI LEGNICASPOTICAR DEJON I DĄBROWSKI LEGNICA,Gwarancja Spoticar Premium12 miesięcy
SPOT-71543,Citroën C4 · 76900 PLN,Citroën C4 · Cena: 76900 PLN · Gwarancja Spoticar Premium12 miesięcy · SPOTICAR SZTUKOWSKI OSTRÓW WLKP.Ostrów Wielkopolski · Sprawdź ofertę!,https://www.spoticar.pl/znajdz-uzywany-samochod/citroen-c4-e-c4-ev136-50kwh-feel-pack-ostrow-wielkopolski-1200223587,https://s3.eu-central-1.amazonaws.com/uvpictures-eu-central-1/368/SP/PL/CITROEN-C4-223587_1.JPG,https://s3.eu-central-1.amazonaws.com/uvpictures-eu-central-1/368/SP/PL/CITROEN-C4-223587_2.JPG|https://s3.eu-central-1.amazonaws.com/uvpictures-eu-central-1/368/SP/PL/CITROEN-C4-223587_3.JPG|https://s3.eu-central-1.amazonaws.com/uvpictures-eu-central-1/368/SP/PL/CITROEN-C4-223587_4.JPG,Citroën,C4,2023,40543,KM,,Used,76900 PLN,PLN,CASH,76900 PLN,Total,Electric,Automatic,SPOTICAR SZTUKOWSKI OSTRÓW WLKP.Ostrów Wielkopolski,SPOTICAR SZTUKOWSKI OSTRÓW WLKP.,Gwarancja Spoticar Premium12 miesięcy
SPOT-71561,Opel Crossland · 33900 PLN,Opel Crossland · Cena: 33900 PLN · Gwarancja Spoticar Premium6 miesięcy · Spoticar MOTOR CENTRUM GdańskGdańsk · Sprawdź ofertę!,https://www.spoticar.pl/znajdz-uzywany-samochod/opel-crossland-x-12-t-enjoy-ss-gdansk-1200223572,https://s3.eu-central-1.amazonaws.com/uvpictures-eu-central-1/368/SP/PL/OPEL-CROSSLAND-X-223572_1.JPG,https://s3.eu-central-1.amazonaws.com/uvpictures-eu-central-1/368/SP/PL/OPEL-CROSSLAND-X-223572_2.JPG|https://s3.eu-central-1.amazonaws.com/uvpictures-eu-central-1/368/SP/PL/OPEL-CROSSLAND-X-223572_3.JPG|https://s3.eu-central-1.amazonaws.com/uvpictures-eu-central-1/368/SP/PL/OPEL-CROSSLAND-X-223572_4.JPG,Opel,Crossland,2018,130503,KM,,Used,33900 PLN,PLN,CASH,33900 PLN,Total,Gasoline,Manual,Spoticar MOTOR CENTRUM GdańskGdańsk,Spoticar MOTOR CENTRUM Gdańsk,Gwarancja Spoticar Premium6 miesięcy
SPOT-71562,Peugeot 3008 · 89900 PLN,Peugeot 3008 · Cena: 89900 PLN · Gwarancja Spoticar Premium12 miesięcy · SPOTICAR SZTUKOWSKI OSTRÓW WLKP.Ostrów Wielkopolski · Sprawdź ofertę!,https://www.spoticar.pl/znajdz-uzywany-samochod/peugeot-3008-12-puretech-allure-pack-ss-eat8-ostrow-wielkopolski-1200223570,https://s3.eu-central-1.amazonaws.com/uvpictures-eu-central-1/368/SP/PL/PEUGEOT-3008-223570_1.JPG,https://s3.eu-central-1.amazonaws.com/uvpictures-eu-central-1/368/SP/PL/PEUGEOT-3008-223570_2.JPG|https://s3.eu-central-1.amazonaws.com/uvpictures-eu-central-1/368/SP/PL/PEUGEOT-3008-223570_3.JPG|https://s3.eu-central-1.amazonaws.com/uvpictures-eu-central-1/368/SP/PL/PEUGEOT-3008-223570_4.JPG,Peugeot,3008,2024,10266,KM,,Used,89900 PLN,PLN,CASH,89900 PLN,Total,Gasoline,Automatic,SPOTICAR SZTUKOWSKI OSTRÓW WLKP.Ostrów Wielkopolski,SPOTICAR SZTUKOWSKI OSTRÓW WLKP.,Gwarancja Spoticar Premium12 miesięcy
SPOT-71581,Peugeot 2008 · 99900 PLN,Peugeot 2008 · Cena: 99900 PLN · Gwarancja Spoticar Premium12 miesięcy · SPOTICAR RIA STALOWA WOLAStalowa Wola / Grebów · Sprawdź ofertę!,https://www.spoticar.pl/znajdz-uzywany-samochod/peugeot-2008-puretech-mhev-gt-e-dcs6-stalowa-wola-grebow-1200223551,https://s3.eu-central-1.amazonaws.com/uvpictures-eu-central-1/368/SP/PL/PEUGEOT-2008-223551_1.JPG,https://s3.eu-central-1.amazonaws.com/uvpictures-eu-central-1/368/SP/PL/PEUGEOT-2008-223551_2.JPG|https://s3.eu-central-1.amazonaws.com/uvpictures-eu-central-1/368/SP/PL/PEUGEOT-2008-223551_3.JPG|https://s3.eu-central-1.amazonaws.com/uvpictures-eu-central-1/368/SP/PL/PEUGEOT-2008-223551_4.JPG,Peugeot,2008,2025,22464,KM,,Used,99900 PLN,PLN,CASH,99900 PLN,Total,Hybrid,Automatic,SPOTICAR RIA STALOWA WOLAStalowa Wola / Grebów,SPOTICAR RIA STALOWA WOLA,Gwarancja Spoticar Premium12 miesięcy
SPOT-71549,Opel Mokka · 84900 PLN,Opel Mokka · Cena: 84900 PLN · Gwarancja Spoticar Premium12 miesięcy · SPOTICAR RIA STALOWA WOLAStalowa Wola / Grebów · Sprawdź ofertę!,https://www.spoticar.pl/znajdz-uzywany-samochod/opel-mokka-e-50kwh-elegance-stalowa-wola-grebow-1200223583,https://s3.eu-central-1.amazonaws.com/uvpictures-eu-central-1/368/SP/PL/OPEL-MOKKA-223583_1.JPG,https://s3.eu-central-1.amazonaws.com/uvpictures-eu-central-1/368/SP/PL/OPEL-MOKKA-223583_2.JPG|https://s3.eu-central-1.amazonaws.com/uvpictures-eu-central-1/368/SP/PL/OPEL-MOKKA-223583_3.JPG|https://s3.eu-central-1.amazonaws.com/uvpictures-eu-central-1/368/SP/PL/OPEL-MOKKA-223583_4.JPG,Opel,Mokka,2024,20240,KM,,Used,84900 PLN,PLN,CASH,84900 PLN,Total,Electric,Automatic,SPOTICAR RIA STALOWA WOLAStalowa Wola / Grebów,SPOTICAR RIA STALOWA WOLA,Gwarancja Spoticar Premium12 miesięcy
SPOT-71596,Opel Vivaro · 104900 PLN,Opel Vivaro · Cena: 104900 PLN · Gwarancja Spoticar Premium12 miesięcy · SPOTICAR RIA STALOWA WOLAStalowa Wola / Grebów · Sprawdź ofertę!,https://www.spoticar.pl/znajdz-uzywany-samochod/opel-vivaro-20-cdti-extra-long-31t-stalowa-wola-grebow-1200223535,https://s3.eu-central-1.amazonaws.com/uvpictures-eu-central-1/368/SP/PL/OPEL-VIVARO-223535_1.JPG,https://s3.eu-central-1.amazonaws.com/uvpictures-eu-central-1/368/SP/PL/OPEL-VIVARO-223535_2.JPG|https://s3.eu-central-1.amazonaws.com/uvpictures-eu-central-1/368/SP/PL/OPEL-VIVARO-223535_3.JPG|https://s3.eu-central-1.amazonaws.com/uvpictures-eu-central-1/368/SP/PL/OPEL-VIVARO-223535_4.JPG,Opel,Vivaro,2024,20336,KM,,Used,104900 PLN,PLN,CASH,104900 PLN,Total,Diesel,Manual,SPOTICAR RIA STALOWA WOLAStalowa Wola / Grebów,SPOTICAR RIA STALOWA WOLA,Gwarancja Spoticar Premium12 miesięcy
SPOT-71592,Opel Combo · 79900 PLN,Opel Combo · Cena: 79900 PLN · Gwarancja Spoticar Premium12 miesięcy · SPOTICAR SZTUKOWSKI OSTRÓW WLKP.Ostrów Wielkopolski · Sprawdź ofertę!,https://www.spoticar.pl/znajdz-uzywany-samochod/opel-combo-e-cargo-ostrow-wielkopolski-1200223540,https://s3.eu-central-1.amazonaws.com/uvpictures-eu-central-1/368/SP/PL/OPEL-COMBO-223540_1.JPG,https://s3.eu-central-1.amazonaws.com/uvpictures-eu-central-1/368/SP/PL/OPEL-COMBO-223540_2.JPG|https://s3.eu-central-1.amazonaws.com/uvpictures-eu-central-1/368/SP/PL/OPEL-COMBO-223540_3.JPG|https://s3.eu-central-1.amazonaws.com/uvpictures-eu-central-1/368/SP/PL/OPEL-COMBO-223540_4.JPG,Opel,Combo,2024,45407,KM,,Used,79900 PLN,PLN,CASH,79900 PLN,Total,Electric,Automatic,SPOTICAR SZTUKOWSKI OSTRÓW WLKP.Ostrów Wielkopolski,SPOTICAR SZTUKOWSKI OSTRÓW WLKP.,Gwarancja Spoticar Premium12 miesięcy
SPOT-71550,Fiat Tipo · 55900 PLN,Fiat Tipo · Cena: 55900 PLN · Gwarancja Spoticar Premium6 miesięcy · SPOTICAR RIA STALOWA WOLAStalowa Wola / Grebów · Sprawdź ofertę!,https://www.spoticar.pl/znajdz-uzywany-samochod/fiat-tipo-16-multijet-stalowa-wola-grebow-1200223580,https://s3.eu-central-1.amazonaws.com/uvpictures-eu-central-1/368/SP/PL/FIAT-TIPO-223580_1.JPG,https://s3.eu-central-1.amazonaws.com/uvpictures-eu-central-1/368/SP/PL/FIAT-TIPO-223580_2.JPG|https://s3.eu-central-1.amazonaws.com/uvpictures-eu-central-1/368/SP/PL/FIAT-TIPO-223580_3.JPG|https://s3.eu-central-1.amazonaws.com/uvpictures-eu-central-1/368/SP/PL/FIAT-TIPO-223580_4.JPG,Fiat,Tipo,2024,119608,KM,,Used,55900 PLN,PLN,CASH,55900 PLN,Total,Diesel,Manual,SPOTICAR RIA STALOWA WOLAStalowa Wola / Grebów,SPOTICAR RIA STALOWA WOLA,Gwarancja Spoticar Premium6 miesięcy
SPOT-71563,Skoda Kamiq · 91900 PLN,Skoda Kamiq · Cena: 91900 PLN · Gwarancja Spoticar Premium12 miesięcy · SPOTICAR SZTUKOWSKI OSTRÓW WLKP.Ostrów Wielkopolski · Sprawdź ofertę!,https://www.spoticar.pl/znajdz-uzywany-samochod/skoda-ostrow-wielkopolski-1200223569,https://s3.eu-central-1.amazonaws.com/uvpictures-eu-central-1/368/SP/PL/SKODA-KAMIQ-223569_1.JPG,https://s3.eu-central-1.amazonaws.com/uvpictures-eu-central-1/368/SP/PL/SKODA-KAMIQ-223569_2.JPG|https://s3.eu-central-1.amazonaws.com/uvpictures-eu-central-1/368/SP/PL/SKODA-KAMIQ-223569_3.JPG|https://s3.eu-central-1.amazonaws.com/uvpictures-eu-central-1/368/SP/PL/SKODA-KAMIQ-223569_4.JPG,Skoda,Kamiq,2024,37328,KM,,Used,91900 PLN,PLN,CASH,91900 PLN,Total,Gasoline,Automatic,SPOTICAR SZTUKOWSKI OSTRÓW WLKP.Ostrów Wielkopolski,SPOTICAR SZTUKOWSKI OSTRÓW WLKP.,Gwarancja Spoticar Premium12 miesięcy
SPOT-71559,Peugeot 3008 · 117900 PLN,Peugeot 3008 · Cena: 117900 PLN · Gwarancja Spoticar Premium12 miesięcy · Spoticar  Budmat Auto PłockPłock · Sprawdź ofertę!,https://www.spoticar.pl/znajdz-uzywany-samochod/peugeot-3008-12-puretech-mhev-gt-exclusive-e-dcs6-plock-1200223575,https://s3.eu-central-1.amazonaws.com/uvpictures-eu-central-1/368/SP/PL/PEUGEOT-3008-223575_1.JPG,https://s3.eu-central-1.amazonaws.com/uvpictures-eu-central-1/368/SP/PL/PEUGEOT-3008-223575_2.JPG|https://s3.eu-central-1.amazonaws.com/uvpictures-eu-central-1/368/SP/PL/PEUGEOT-3008-223575_3.JPG|https://s3.eu-central-1.amazonaws.com/uvpictures-eu-central-1/368/SP/PL/PEUGEOT-3008-223575_4.JPG,Peugeot,3008,2025,23000,KM,,Used,117900 PLN,PLN,CASH,117900 PLN,Total,Gasoline,Automatic,Spoticar  Budmat Auto PłockPłock,Spoticar  Budmat Auto Płock,Gwarancja Spoticar Premium12 miesięcy
SPOT-71570,Peugeot 3008 · 116900 PLN,Peugeot 3008 · Cena: 116900 PLN · Gwarancja Spoticar Premium12 miesięcy · Spoticar  Budmat Auto PłockPłock · Sprawdź ofertę!,https://www.spoticar.pl/znajdz-uzywany-samochod/peugeot-3008-12-puretech-mhev-gt-e-dcs6-plock-1200223563,https://s3.eu-central-1.amazonaws.com/uvpictures-eu-central-1/368/SP/PL/PEUGEOT-3008-223563_1.JPG,https://s3.eu-central-1.amazonaws.com/uvpictures-eu-central-1/368/SP/PL/PEUGEOT-3008-223563_2.JPG|https://s3.eu-central-1.amazonaws.com/uvpictures-eu-central-1/368/SP/PL/PEUGEOT-3008-223563_3.JPG|https://s3.eu-central-1.amazonaws.com/uvpictures-eu-central-1/368/SP/PL/PEUGEOT-3008-223563_4.JPG,Peugeot,3008,2025,19366,KM,,Used,116900 PLN,PLN,CASH,116900 PLN,Total,Gasoline,Automatic,Spoticar  Budmat Auto PłockPłock,Spoticar  Budmat Auto Płock,Gwarancja Spoticar Premium12 miesięcy
SPOT-71653,Peugeot 208 · 55900 PLN,Peugeot 208 · Cena: 55900 PLN · Gwarancja Spoticar Premium12 miesięcy · SPOTICAR RIA STALOWA WOLAStalowa Wola / Grebów · Sprawdź ofertę!,https://www.spoticar.pl/znajdz-uzywany-samochod/peugeot-208-12-puretech-active-ss-stalowa-wola-grebow-1200223478,https://s3.eu-central-1.amazonaws.com/uvpictures-eu-central-1/368/SP/PL/PEUGEOT-208-223478_1.JPG,https://s3.eu-central-1.amazonaws.com/uvpictures-eu-central-1/368/SP/PL/PEUGEOT-208-223478_2.JPG|https://s3.eu-central-1.amazonaws.com/uvpictures-eu-central-1/368/SP/PL/PEUGEOT-208-223478_3.JPG|https://s3.eu-central-1.amazonaws.com/uvpictures-eu-central-1/368/SP/PL/PEUGEOT-208-223478_4.JPG,Peugeot,208,2024,15912,KM,,Used,55900 PLN,PLN,CASH,55900 PLN,Total,Gasoline,Manual,SPOTICAR RIA STALOWA WOLAStalowa Wola / Grebów,SPOTICAR RIA STALOWA WOLA,Gwarancja Spoticar Premium12 miesięcy
SPOT-71655,Peugeot 408 · 99900 PLN,Peugeot 408 · Cena: 99900 PLN · Gwarancja Spoticar Premium12 miesięcy · SPOTICAR STELLANTIS & YOU WARSZAWA PUŁAWSKA · Sprawdź ofertę!,https://www.spoticar.pl/znajdz-uzywany-samochod/peugeot-warszawa-1200223476,https://s3.eu-central-1.amazonaws.com/uvpictures-eu-central-1/368/SP/PL/PEUGEOT-408-223476_1.JPG,https://s3.eu-central-1.amazonaws.com/uvpictures-eu-central-1/368/SP/PL/PEUGEOT-408-223476_2.JPG|https://s3.eu-central-1.amazonaws.com/uvpictures-eu-central-1/368/SP/PL/PEUGEOT-408-223476_3.JPG|https://s3.eu-central-1.amazonaws.com/uvpictures-eu-central-1/368/SP/PL/PEUGEOT-408-223476_4.JPG,Peugeot,408,2024,24221,KM,,Used,99900 PLN,PLN,CASH,99900 PLN,Total,Gasoline,Automatic,SPOTICAR STELLANTIS & YOU WARSZAWA PUŁAWSKA,SPOTICAR STELLANTIS & YOU WARSZAWA PUŁAWSKASPOTICAR STELLANTIS & YOU WARSZAWA PUŁAWSKA,Gwarancja Spoticar Premium12 miesięcy
SPOT-71614,Citroën C4 X · 68900 PLN,Citroën C4 X · Cena: 68900 PLN · Gwarancja Spoticar Premium12 miesięcy · SPOTICAR SZTUKOWSKI OSTRÓW WLKP.Ostrów Wielkopolski · Sprawdź ofertę!,https://www.spoticar.pl/znajdz-uzywany-samochod/citroen-c4-x-c4-x-12-puretech-max-ss-eat8-ostrow-wielkopolski-1200223518,https://s3.eu-central-1.amazonaws.com/uvpictures-eu-central-1/368/SP/PL/CITROEN-C4-X-223518_1.JPG,https://s3.eu-central-1.amazonaws.com/uvpictures-eu-central-1/368/SP/PL/CITROEN-C4-X-223518_2.JPG|https://s3.eu-central-1.amazonaws.com/uvpictures-eu-central-1/368/SP/PL/CITROEN-C4-X-223518_3.JPG|https://s3.eu-central-1.amazonaws.com/uvpictures-eu-central-1/368/SP/PL/CITROEN-C4-X-223518_4.JPG,Citroën,C4 X,2024,49476,KM,,Used,68900 PLN,PLN,CASH,68900 PLN,Total,Gasoline,Automatic,SPOTICAR SZTUKOWSKI OSTRÓW WLKP.Ostrów Wielkopolski,SPOTICAR SZTUKOWSKI OSTRÓW WLKP.,Gwarancja Spoticar Premium12 miesięcy
SPOT-71598,Opel Corsa · 59900 PLN,Opel Corsa · Cena: 59900 PLN · Gwarancja Spoticar Premium12 miesięcy · Spoticar Marimex Kraków-LibertówKraków-Libertów · Sprawdź ofertę!,https://www.spoticar.pl/znajdz-uzywany-samochod/opel-corsa-12-ss-krakow-libertow-1200223534,https://s3.eu-central-1.amazonaws.com/uvpictures-eu-central-1/368/SP/PL/OPEL-CORSA-223534_1.JPG,https://s3.eu-central-1.amazonaws.com/uvpictures-eu-central-1/368/SP/PL/OPEL-CORSA-223534_2.JPG|https://s3.eu-central-1.amazonaws.com/uvpictures-eu-central-1/368/SP/PL/OPEL-CORSA-223534_3.JPG|https://s3.eu-central-1.amazonaws.com/uvpictures-eu-central-1/368/SP/PL/OPEL-CORSA-223534_4.JPG,Opel,Corsa,2024,24287,KM,,Used,59900 PLN,PLN,CASH,59900 PLN,Total,Gasoline,Manual,Spoticar Marimex Kraków-LibertówKraków-Libertów,Spoticar Marimex Kraków-Libertów,Gwarancja Spoticar Premium12 miesięcy
SPOT-71621,Kia Niro · 69900 PLN,Kia Niro · Cena: 69900 PLN · Gwarancja Spoticar Premium6 miesięcy · Spoticar Fix Forum RzeszówKRASNE · Sprawdź ofertę!,https://www.spoticar.pl/znajdz-uzywany-samochod/kia-niro-16-gdi-hybrid-l-krasne-1200223516,https://s3.eu-central-1.amazonaws.com/uvpictures-eu-central-1/368/SP/PL/KIA-NIRO-223516_1.JPG,https://s3.eu-central-1.amazonaws.com/uvpictures-eu-central-1/368/SP/PL/KIA-NIRO-223516_2.JPG|https://s3.eu-central-1.amazonaws.com/uvpictures-eu-central-1/368/SP/PL/KIA-NIRO-223516_3.JPG|https://s3.eu-central-1.amazonaws.com/uvpictures-eu-central-1/368/SP/PL/KIA-NIRO-223516_4.JPG,Kia,Niro,2019,91576,KM,,Used,69900 PLN,PLN,CASH,69900 PLN,Total,Hybrid,Automatic,Spoticar Fix Forum RzeszówKRASNE,Spoticar Fix Forum Rzeszów,Gwarancja Spoticar Premium6 miesięcy
SPOT-71663,Peugeot 3008 · 119900 PLN,Peugeot 3008 · Cena: 119900 PLN · Gwarancja Spoticar Premium12 miesięcy · SPOTICAR STELLANTIS & YOU WARSZAWA PUŁAWSKA · Sprawdź ofertę!,https://www.spoticar.pl/znajdz-uzywany-samochod/peugeot-3008-12-puretech-mhev-gt-e-dcs6-warszawa-1200223468,https://s3.eu-central-1.amazonaws.com/uvpictures-eu-central-1/368/SP/PL/PEUGEOT-3008-223468_1.JPG,https://s3.eu-central-1.amazonaws.com/uvpictures-eu-central-1/368/SP/PL/PEUGEOT-3008-223468_2.JPG|https://s3.eu-central-1.amazonaws.com/uvpictures-eu-central-1/368/SP/PL/PEUGEOT-3008-223468_3.JPG|https://s3.eu-central-1.amazonaws.com/uvpictures-eu-central-1/368/SP/PL/PEUGEOT-3008-223468_4.JPG,Peugeot,3008,2025,12738,KM,,Used,119900 PLN,PLN,CASH,119900 PLN,Total,Gasoline,Automatic,SPOTICAR STELLANTIS & YOU WARSZAWA PUŁAWSKA,SPOTICAR STELLANTIS & YOU WARSZAWA PUŁAWSKASPOTICAR STELLANTIS & YOU WARSZAWA PUŁAWSKA,Gwarancja Spoticar Premium12 miesięcy
SPOT-71652,Opel Mokka · 86900 PLN,Opel Mokka · Cena: 86900 PLN · Gwarancja Spoticar Premium12 miesięcy · Spoticar Auto Centrum Golemo Kraków · Sprawdź ofertę!,https://www.spoticar.pl/znajdz-uzywany-samochod/opel-krakow-1200223479,https://s3.eu-central-1.amazonaws.com/uvpictures-eu-central-1/368/SP/PL/OPEL-MOKKA-223479_1.JPG,https://s3.eu-central-1.amazonaws.com/uvpictures-eu-central-1/368/SP/PL/OPEL-MOKKA-223479_2.JPG|https://s3.eu-central-1.amazonaws.com/uvpictures-eu-central-1/368/SP/PL/OPEL-MOKKA-223479_3.JPG|https://s3.eu-central-1.amazonaws.com/uvpictures-eu-central-1/368/SP/PL/OPEL-MOKKA-223479_4.JPG,Opel,Mokka,2025,4560,KM,,Used,86900 PLN,PLN,CASH,86900 PLN,Total,Gasoline,Automatic,Spoticar Auto Centrum Golemo Kraków,Spoticar Auto Centrum Golemo KrakówSpoticar Auto Centrum Golemo Kraków,Gwarancja Spoticar Premium12 miesięcy
SPOT-71640,Peugeot 208 · 86900 PLN,Peugeot 208 · Cena: 86900 PLN · Gwarancja Spoticar Premium12 miesięcy · SPOTICAR STELLANTIS & YOU WARSZAWA PUŁAWSKA · Sprawdź ofertę!,https://www.spoticar.pl/znajdz-uzywany-samochod/peugeot-warszawa-1200223492,https://s3.eu-central-1.amazonaws.com/uvpictures-eu-central-1/368/SP/PL/PEUGEOT-208-223492_1.JPG,https://s3.eu-central-1.amazonaws.com/uvpictures-eu-central-1/368/SP/PL/PEUGEOT-208-223492_2.JPG|https://s3.eu-central-1.amazonaws.com/uvpictures-eu-central-1/368/SP/PL/PEUGEOT-208-223492_3.JPG|https://s3.eu-central-1.amazonaws.com/uvpictures-eu-central-1/368/SP/PL/PEUGEOT-208-223492_4.JPG,Peugeot,208,2025,18755,KM,,Used,86900 PLN,PLN,CASH,86900 PLN,Total,Gasoline,Automatic,SPOTICAR STELLANTIS & YOU WARSZAWA PUŁAWSKA,SPOTICAR STELLANTIS & YOU WARSZAWA PUŁAWSKASPOTICAR STELLANTIS & YOU WARSZAWA PUŁAWSKA,Gwarancja Spoticar Premium12 miesięcy
SPOT-71641,Citroën C5 Aircross · 89900 PLN,Citroën C5 Aircross · Cena: 89900 PLN · Gwarancja Spoticar Premium12 miesięcy · SPOTICAR STELLANTIS & YOU WARSZAWA PUŁAWSKA · Sprawdź ofertę!,https://www.spoticar.pl/znajdz-uzywany-samochod/citroen-warszawa-1200223490,https://s3.eu-central-1.amazonaws.com/uvpictures-eu-central-1/368/SP/PL/CITROEN-C5-AIRCROSS-223490_1.JPG,https://s3.eu-central-1.amazonaws.com/uvpictures-eu-central-1/368/SP/PL/CITROEN-C5-AIRCROSS-223490_2.JPG|https://s3.eu-central-1.amazonaws.com/uvpictures-eu-central-1/368/SP/PL/CITROEN-C5-AIRCROSS-223490_3.JPG|https://s3.eu-central-1.amazonaws.com/uvpictures-eu-central-1/368/SP/PL/CITROEN-C5-AIRCROSS-223490_4.JPG,Citroën,C5 Aircross,2023,43703,KM,,Used,89900 PLN,PLN,CASH,89900 PLN,Total,Diesel,Automatic,SPOTICAR STELLANTIS & YOU WARSZAWA PUŁAWSKA,SPOTICAR STELLANTIS & YOU WARSZAWA PUŁAWSKASPOTICAR STELLANTIS & YOU WARSZAWA PUŁAWSKA,Gwarancja Spoticar Premium12 miesięcy
SPOT-71658,Peugeot 3008 · 89900 PLN,Peugeot 3008 · Cena: 89900 PLN · Gwarancja Spoticar Premium12 miesięcy · SPOTICAR STELLANTIS & YOU WARSZAWA PUŁAWSKA · Sprawdź ofertę!,https://www.spoticar.pl/znajdz-uzywany-samochod/peugeot-warszawa-1200223470,https://s3.eu-central-1.amazonaws.com/uvpictures-eu-central-1/368/SP/PL/PEUGEOT-3008-223470_1.JPG,https://s3.eu-central-1.amazonaws.com/uvpictures-eu-central-1/368/SP/PL/PEUGEOT-3008-223470_2.JPG|https://s3.eu-central-1.amazonaws.com/uvpictures-eu-central-1/368/SP/PL/PEUGEOT-3008-223470_3.JPG|https://s3.eu-central-1.amazonaws.com/uvpictures-eu-central-1/368/SP/PL/PEUGEOT-3008-223470_4.JPG,Peugeot,3008,2024,44910,KM,,Used,89900 PLN,PLN,CASH,89900 PLN,Total,Diesel,Automatic,SPOTICAR STELLANTIS & YOU WARSZAWA PUŁAWSKA,SPOTICAR STELLANTIS & YOU WARSZAWA PUŁAWSKASPOTICAR STELLANTIS & YOU WARSZAWA PUŁAWSKA,Gwarancja Spoticar Premium12 miesięcy
SPOT-71721,Peugeot 3008 · 75900 PLN,Peugeot 3008 · Cena: 75900 PLN · Gwarancja Spoticar Premium12 miesięcy · SPOTICAR RIA STALOWA WOLAStalowa Wola / Grebów · Sprawdź ofertę!,https://www.spoticar.pl/znajdz-uzywany-samochod/peugeot-3008-12-puretech-gt-ss-eat8-stalowa-wola-grebow-1200223411,https://s3.eu-central-1.amazonaws.com/uvpictures-eu-central-1/368/SP/PL/PEUGEOT-3008-223411_1.JPG,https://s3.eu-central-1.amazonaws.com/uvpictures-eu-central-1/368/SP/PL/PEUGEOT-3008-223411_2.JPG|https://s3.eu-central-1.amazonaws.com/uvpictures-eu-central-1/368/SP/PL/PEUGEOT-3008-223411_3.JPG|https://s3.eu-central-1.amazonaws.com/uvpictures-eu-central-1/368/SP/PL/PEUGEOT-3008-223411_4.JPG,Peugeot,3008,2021,34171,KM,,Used,75900 PLN,PLN,CASH,75900 PLN,Total,Gasoline,Automatic,SPOTICAR RIA STALOWA WOLAStalowa Wola / Grebów,SPOTICAR RIA STALOWA WOLA,Gwarancja Spoticar Premium12 miesięcy
SPOT-71722,Citroën C5 Aircross · 84900 PLN,Citroën C5 Aircross · Cena: 84900 PLN · Gwarancja Spoticar Premium12 miesięcy · SPOTICAR RIA STALOWA WOLAStalowa Wola / Grebów · Sprawdź ofertę!,https://www.spoticar.pl/znajdz-uzywany-samochod/citroen-c5-aircross-15-bluehdi-shine-eat8-stalowa-wola-grebow-1200223410,https://s3.eu-central-1.amazonaws.com/uvpictures-eu-central-1/368/SP/PL/CITROEN-C5-AIRCROSS-223410_1.JPG,https://s3.eu-central-1.amazonaws.com/uvpictures-eu-central-1/368/SP/PL/CITROEN-C5-AIRCROSS-223410_2.JPG|https://s3.eu-central-1.amazonaws.com/uvpictures-eu-central-1/368/SP/PL/CITROEN-C5-AIRCROSS-223410_3.JPG|https://s3.eu-central-1.amazonaws.com/uvpictures-eu-central-1/368/SP/PL/CITROEN-C5-AIRCROSS-223410_4.JPG,Citroën,C5 Aircross,2023,88261,KM,,Used,84900 PLN,PLN,CASH,84900 PLN,Total,Diesel,Automatic,SPOTICAR RIA STALOWA WOLAStalowa Wola / Grebów,SPOTICAR RIA STALOWA WOLA,Gwarancja Spoticar Premium12 miesięcy
SPOT-71678,Peugeot 308 · 79900 PLN,Peugeot 308 · Cena: 79900 PLN · Gwarancja Spoticar Premium12 miesięcy · SPOTICAR RIA STALOWA WOLAStalowa Wola / Grebów · Sprawdź ofertę!,https://www.spoticar.pl/znajdz-uzywany-samochod/peugeot-308-15-bluehdi-allure-ss-eat8-stalowa-wola-grebow-1200223454,https://s3.eu-central-1.amazonaws.com/uvpictures-eu-central-1/368/SP/PL/PEUGEOT-308-223454_1.JPG,https://s3.eu-central-1.amazonaws.com/uvpictures-eu-central-1/368/SP/PL/PEUGEOT-308-223454_2.JPG|https://s3.eu-central-1.amazonaws.com/uvpictures-eu-central-1/368/SP/PL/PEUGEOT-308-223454_3.JPG|https://s3.eu-central-1.amazonaws.com/uvpictures-eu-central-1/368/SP/PL/PEUGEOT-308-223454_4.JPG,Peugeot,308,2023,69246,KM,,Used,79900 PLN,PLN,CASH,79900 PLN,Total,Diesel,Automatic,SPOTICAR RIA STALOWA WOLAStalowa Wola / Grebów,SPOTICAR RIA STALOWA WOLA,Gwarancja Spoticar Premium12 miesięcy
SPOT-71709,Peugeot 3008 · 119900 PLN,Peugeot 3008 · Cena: 119900 PLN · Gwarancja Spoticar Premium12 miesięcy · SPOTICAR STELLANTIS & YOU WARSZAWA AL. KRAKOWSKA · Sprawdź ofertę!,https://www.spoticar.pl/znajdz-uzywany-samochod/peugeot-3008-12-puretech-mhev-gt-e-dcs6-warszawa-1200223425,https://s3.eu-central-1.amazonaws.com/uvpictures-eu-central-1/368/SP/PL/PEUGEOT-3008-223425_1.JPG,https://s3.eu-central-1.amazonaws.com/uvpictures-eu-central-1/368/SP/PL/PEUGEOT-3008-223425_2.JPG|https://s3.eu-central-1.amazonaws.com/uvpictures-eu-central-1/368/SP/PL/PEUGEOT-3008-223425_3.JPG|https://s3.eu-central-1.amazonaws.com/uvpictures-eu-central-1/368/SP/PL/PEUGEOT-3008-223425_4.JPG,Peugeot,3008,2025,8990,KM,,Used,119900 PLN,PLN,CASH,119900 PLN,Total,Gasoline,Automatic,SPOTICAR STELLANTIS & YOU WARSZAWA AL. KRAKOWSKA,SPOTICAR STELLANTIS & YOU WARSZAWA AL. KRAKOWSKASPOTICAR STELLANTIS & YOU WARSZAWA AL. KRAKOWSKA,Gwarancja Spoticar Premium12 miesięcy
SPOT-71697,Fiat Panda · 57700 PLN,Fiat Panda · Cena: 57700 PLN · Gwarancja Spoticar Premium12 miesięcy · Spoticar Marimex Kraków-LibertówKraków-Libertów · Sprawdź ofertę!,https://www.spoticar.pl/znajdz-uzywany-samochod/fiat-krakow-libertow-1200223433,https://s3.eu-central-1.amazonaws.com/uvpictures-eu-central-1/368/SP/PL/FIAT-PANDA-223433_1.JPG,https://s3.eu-central-1.amazonaws.com/uvpictures-eu-central-1/368/SP/PL/FIAT-PANDA-223433_2.JPG|https://s3.eu-central-1.amazonaws.com/uvpictures-eu-central-1/368/SP/PL/FIAT-PANDA-223433_3.JPG|https://s3.eu-central-1.amazonaws.com/uvpictures-eu-central-1/368/SP/PL/FIAT-PANDA-223433_4.JPG,Fiat,Panda,2024,15498,KM,,Used,57700 PLN,PLN,CASH,57700 PLN,Total,Gasoline,Manual,Spoticar Marimex Kraków-LibertówKraków-Libertów,Spoticar Marimex Kraków-Libertów,Gwarancja Spoticar Premium12 miesięcy
SPOT-71674,Citroën C3 · 34900 PLN,Citroën C3 · Cena: 34900 PLN · Gwarancja Spoticar Premium6 miesięcy · SPOTICAR WROBUD WROCŁAWWroclaw · Sprawdź ofertę!,https://www.spoticar.pl/znajdz-uzywany-samochod/citroen-c3-12-puretech-feel-wroclaw-1200223456,https://s3.eu-central-1.amazonaws.com/uvpictures-eu-central-1/368/SP/PL/CITROEN-C3-223456_1.JPG,https://s3.eu-central-1.amazonaws.com/uvpictures-eu-central-1/368/SP/PL/CITROEN-C3-223456_2.JPG|https://s3.eu-central-1.amazonaws.com/uvpictures-eu-central-1/368/SP/PL/CITROEN-C3-223456_3.JPG|https://s3.eu-central-1.amazonaws.com/uvpictures-eu-central-1/368/SP/PL/CITROEN-C3-223456_4.JPG,Citroën,C3,2017,122773,KM,,Used,34900 PLN,PLN,CASH,34900 PLN,Total,Gasoline,Manual,SPOTICAR WROBUD WROCŁAWWroclaw,SPOTICAR WROBUD WROCŁAW,Gwarancja Spoticar Premium6 miesięcy
SPOT-71687,Peugeot 2008 · 85900 PLN,Peugeot 2008 · Cena: 85900 PLN · Gwarancja Spoticar Premium12 miesięcy · SPOTICAR WROBUD WROCŁAWWroclaw · Sprawdź ofertę!,https://www.spoticar.pl/znajdz-uzywany-samochod/peugeot-2008-puretech-130-allure-ss-eat8-wroclaw-1200223446,https://s3.eu-central-1.amazonaws.com/uvpictures-eu-central-1/368/SP/PL/PEUGEOT-2008-223446_1.JPG,https://s3.eu-central-1.amazonaws.com/uvpictures-eu-central-1/368/SP/PL/PEUGEOT-2008-223446_2.JPG|https://s3.eu-central-1.amazonaws.com/uvpictures-eu-central-1/368/SP/PL/PEUGEOT-2008-223446_3.JPG|https://s3.eu-central-1.amazonaws.com/uvpictures-eu-central-1/368/SP/PL/PEUGEOT-2008-223446_4.JPG,Peugeot,2008,2024,19933,KM,,Used,85900 PLN,PLN,CASH,85900 PLN,Total,Gasoline,Automatic,SPOTICAR WROBUD WROCŁAWWroclaw,SPOTICAR WROBUD WROCŁAW,Gwarancja Spoticar Premium12 miesięcy
SPOT-71684,Citroën C4 · 73900 PLN,Citroën C4 · Cena: 73900 PLN · Gwarancja Spoticar Premium12 miesięcy · SPOTICAR WROBUD WROCŁAWWroclaw · Sprawdź ofertę!,https://www.spoticar.pl/znajdz-uzywany-samochod/citroen-c4-12-puretech-max-ss-eat8-wroclaw-1200223447,https://s3.eu-central-1.amazonaws.com/uvpictures-eu-central-1/368/SP/PL/CITROEN-C4-223447_1.JPG,https://s3.eu-central-1.amazonaws.com/uvpictures-eu-central-1/368/SP/PL/CITROEN-C4-223447_2.JPG|https://s3.eu-central-1.amazonaws.com/uvpictures-eu-central-1/368/SP/PL/CITROEN-C4-223447_3.JPG|https://s3.eu-central-1.amazonaws.com/uvpictures-eu-central-1/368/SP/PL/CITROEN-C4-223447_4.JPG,Citroën,C4,2024,30882,KM,,Used,73900 PLN,PLN,CASH,73900 PLN,Total,Gasoline,Automatic,SPOTICAR WROBUD WROCŁAWWroclaw,SPOTICAR WROBUD WROCŁAW,Gwarancja Spoticar Premium12 miesięcy
SPOT-71670,Citroën C4 X · 82900 PLN,Citroën C4 X · Cena: 82900 PLN · Gwarancja Spoticar Premium12 miesięcy · Spoticar  Budmat Auto PłockPłock · Sprawdź ofertę!,https://www.spoticar.pl/znajdz-uzywany-samochod/citroen-c4-x-e-c4-x-ev136-50kwh-shine-plock-1200223461,https://s3.eu-central-1.amazonaws.com/uvpictures-eu-central-1/368/SP/PL/CITROEN-C4-X-223461_1.JPG,https://s3.eu-central-1.amazonaws.com/uvpictures-eu-central-1/368/SP/PL/CITROEN-C4-X-223461_2.JPG|https://s3.eu-central-1.amazonaws.com/uvpictures-eu-central-1/368/SP/PL/CITROEN-C4-X-223461_3.JPG|https://s3.eu-central-1.amazonaws.com/uvpictures-eu-central-1/368/SP/PL/CITROEN-C4-X-223461_4.JPG,Citroën,C4 X,2023,32138,KM,,Used,82900 PLN,PLN,CASH,82900 PLN,Total,Electric,Automatic,Spoticar  Budmat Auto PłockPłock,Spoticar  Budmat Auto Płock,Gwarancja Spoticar Premium12 miesięcy
SPOT-71679,Renault Scenic · 54900 PLN,Renault Scenic · Cena: 54900 PLN · Gwarancja Spoticar Premium6 miesięcy · SPOTICAR RIA STALOWA WOLAStalowa Wola / Grebów · Sprawdź ofertę!,https://www.spoticar.pl/znajdz-uzywany-samochod/renault-stalowa-wola-grebow-1200223451,https://s3.eu-central-1.amazonaws.com/uvpictures-eu-central-1/368/SP/PL/RENAULT-SCENIC-223451_1.JPG,https://s3.eu-central-1.amazonaws.com/uvpictures-eu-central-1/368/SP/PL/RENAULT-SCENIC-223451_2.JPG|https://s3.eu-central-1.amazonaws.com/uvpictures-eu-central-1/368/SP/PL/RENAULT-SCENIC-223451_3.JPG|https://s3.eu-central-1.amazonaws.com/uvpictures-eu-central-1/368/SP/PL/RENAULT-SCENIC-223451_4.JPG,Renault,Scenic,2019,113446,KM,,Used,54900 PLN,PLN,CASH,54900 PLN,Total,Diesel,Manual,SPOTICAR RIA STALOWA WOLAStalowa Wola / Grebów,SPOTICAR RIA STALOWA WOLA,Gwarancja Spoticar Premium6 miesięcy
SPOT-71774,Opel Mokka · 81990 PLN,Opel Mokka · Cena: 81990 PLN · Gwarancja Spoticar Premium12 miesięcy · Spoticar GEZET SzczecinSzczecin · Sprawdź ofertę!,https://www.spoticar.pl/znajdz-uzywany-samochod/opel-mokka-12-t-edition-ss-szczecin-1200223357,https://s3.eu-central-1.amazonaws.com/uvpictures-eu-central-1/368/SP/PL/OPEL-MOKKA-223357_1.JPG,https://s3.eu-central-1.amazonaws.com/uvpictures-eu-central-1/368/SP/PL/OPEL-MOKKA-223357_2.JPG|https://s3.eu-central-1.amazonaws.com/uvpictures-eu-central-1/368/SP/PL/OPEL-MOKKA-223357_3.JPG|https://s3.eu-central-1.amazonaws.com/uvpictures-eu-central-1/368/SP/PL/OPEL-MOKKA-223357_4.JPG,Opel,Mokka,2022,24762,KM,,Used,81990 PLN,PLN,CASH,81990 PLN,Total,Gasoline,Manual,Spoticar GEZET SzczecinSzczecin,Spoticar GEZET Szczecin,Gwarancja Spoticar Premium12 miesięcy
SPOT-71786,Opel Grandland · 114990 PLN,Opel Grandland · Cena: 114990 PLN · Gwarancja Spoticar Premium6 miesięcy · Spoticar GEZET SzczecinSzczecin · Sprawdź ofertę!,https://www.spoticar.pl/znajdz-uzywany-samochod/opel-grandland-x-16-t-phev-design-line-szczecin-1200223270,https://s3.eu-central-1.amazonaws.com/uvpictures-eu-central-1/368/SP/PL/OPEL-GRANDLAND-X-223270_1.JPG,https://s3.eu-central-1.amazonaws.com/uvpictures-eu-central-1/368/SP/PL/OPEL-GRANDLAND-X-223270_2.JPG|https://s3.eu-central-1.amazonaws.com/uvpictures-eu-central-1/368/SP/PL/OPEL-GRANDLAND-X-223270_3.JPG|https://s3.eu-central-1.amazonaws.com/uvpictures-eu-central-1/368/SP/PL/OPEL-GRANDLAND-X-223270_4.JPG,Opel,Grandland,2020,50000,KM,,Used,114990 PLN,PLN,CASH,114990 PLN,Total,Gasoline,Automatic,Spoticar GEZET SzczecinSzczecin,Spoticar GEZET Szczecin,Gwarancja Spoticar Premium6 miesięcy
SPOT-71800,Opel Corsa · 142990 PLN,Opel Corsa · Cena: 142990 PLN · Gwarancja Spoticar Premium12 miesięcy · Spoticar GEZET SzczecinSzczecin · Sprawdź ofertę!,https://www.spoticar.pl/znajdz-uzywany-samochod/opel-corsa-e-51kwh-gs-szczecin-1200223343,https://s3.eu-central-1.amazonaws.com/uvpictures-eu-central-1/368/SP/PL/OPEL-CORSA-223343_1.JPG,https://s3.eu-central-1.amazonaws.com/uvpictures-eu-central-1/368/SP/PL/OPEL-CORSA-223343_2.JPG|https://s3.eu-central-1.amazonaws.com/uvpictures-eu-central-1/368/SP/PL/OPEL-CORSA-223343_3.JPG|https://s3.eu-central-1.amazonaws.com/uvpictures-eu-central-1/368/SP/PL/OPEL-CORSA-223343_4.JPG,Opel,Corsa,2024,2000,KM,,Used,142990 PLN,PLN,CASH,142990 PLN,Total,Electric,Automatic,Spoticar GEZET SzczecinSzczecin,Spoticar GEZET Szczecin,Gwarancja Spoticar Premium12 miesięcy
SPOT-71801,Opel Vivaro · 172188 PLN,Opel Vivaro · Cena: 172188 PLN · Gwarancja Spoticar Premium12 miesięcy · Spoticar GEZET SzczecinSzczecin · Sprawdź ofertę!,https://www.spoticar.pl/znajdz-uzywany-samochod/opel-vivaro-e-kombi-extra-long-3t-enjoy-szczecin-1200223344,https://s3.eu-central-1.amazonaws.com/uvpictures-eu-central-1/368/SP/PL/OPEL-VIVARO-223344_1.JPG,https://s3.eu-central-1.amazonaws.com/uvpictures-eu-central-1/368/SP/PL/OPEL-VIVARO-223344_2.JPG|https://s3.eu-central-1.amazonaws.com/uvpictures-eu-central-1/368/SP/PL/OPEL-VIVARO-223344_3.JPG|https://s3.eu-central-1.amazonaws.com/uvpictures-eu-central-1/368/SP/PL/OPEL-VIVARO-223344_4.JPG,Opel,Vivaro,2023,6,KM,,Used,172188 PLN,PLN,CASH,172188 PLN,Total,Electric,Automatic,Spoticar GEZET SzczecinSzczecin,Spoticar GEZET Szczecin,Gwarancja Spoticar Premium12 miesięcy
SPOT-71776,Jeep Compass · 155990 PLN,Jeep Compass · Cena: 155990 PLN · Gwarancja Spoticar Premium12 miesięcy · Spoticar GEZET SzczecinSzczecin · Sprawdź ofertę!,https://www.spoticar.pl/znajdz-uzywany-samochod/jeep-compass-15-t4-mhev-freedom-edition-ii-fwd-ss-dct-szczecin-1200223355,https://s3.eu-central-1.amazonaws.com/uvpictures-eu-central-1/368/SP/PL/JEEP-COMPASS-223355_1.JPG,https://s3.eu-central-1.amazonaws.com/uvpictures-eu-central-1/368/SP/PL/JEEP-COMPASS-223355_2.JPG|https://s3.eu-central-1.amazonaws.com/uvpictures-eu-central-1/368/SP/PL/JEEP-COMPASS-223355_3.JPG|https://s3.eu-central-1.amazonaws.com/uvpictures-eu-central-1/368/SP/PL/JEEP-COMPASS-223355_4.JPG,Jeep,Compass,2024,6,KM,,Used,155990 PLN,PLN,CASH,155990 PLN,Total,Gasoline,Automatic,Spoticar GEZET SzczecinSzczecin,Spoticar GEZET Szczecin,Gwarancja Spoticar Premium12 miesięcy
SPOT-71777,Jeep Compass · 155990 PLN,Jeep Compass · Cena: 155990 PLN · Gwarancja Spoticar Premium12 miesięcy · Spoticar GEZET SzczecinSzczecin · Sprawdź ofertę!,https://www.spoticar.pl/znajdz-uzywany-samochod/jeep-compass-15-t4-mhev-freedom-edition-ii-fwd-ss-dct-szczecin-1200223354,https://s3.eu-central-1.amazonaws.com/uvpictures-eu-central-1/368/SP/PL/JEEP-COMPASS-223354_1.JPG,https://s3.eu-central-1.amazonaws.com/uvpictures-eu-central-1/368/SP/PL/JEEP-COMPASS-223354_2.JPG|https://s3.eu-central-1.amazonaws.com/uvpictures-eu-central-1/368/SP/PL/JEEP-COMPASS-223354_3.JPG|https://s3.eu-central-1.amazonaws.com/uvpictures-eu-central-1/368/SP/PL/JEEP-COMPASS-223354_4.JPG,Jeep,Compass,2024,6,KM,,Used,155990 PLN,PLN,CASH,155990 PLN,Total,Gasoline,Automatic,Spoticar GEZET SzczecinSzczecin,Spoticar GEZET Szczecin,Gwarancja Spoticar Premium12 miesięcy
SPOT-71780,Opel Grandland · 99990 PLN,Opel Grandland · Cena: 99990 PLN · Gwarancja Spoticar Premium12 miesięcy · Spoticar GEZET SzczecinSzczecin · Sprawdź ofertę!,https://www.spoticar.pl/znajdz-uzywany-samochod/opel-grandland-12-t-business-elegance-ss-aut-szczecin-1200223350,https://s3.eu-central-1.amazonaws.com/uvpictures-eu-central-1/368/SP/PL/OPEL-GRANDLAND-223350_1.JPG,https://s3.eu-central-1.amazonaws.com/uvpictures-eu-central-1/368/SP/PL/OPEL-GRANDLAND-223350_2.JPG|https://s3.eu-central-1.amazonaws.com/uvpictures-eu-central-1/368/SP/PL/OPEL-GRANDLAND-223350_3.JPG|https://s3.eu-central-1.amazonaws.com/uvpictures-eu-central-1/368/SP/PL/OPEL-GRANDLAND-223350_4.JPG,Opel,Grandland,2022,39750,KM,,Used,99990 PLN,PLN,CASH,99990 PLN,Total,Gasoline,Automatic,Spoticar GEZET SzczecinSzczecin,Spoticar GEZET Szczecin,Gwarancja Spoticar Premium12 miesięcy
SPOT-71741,Opel Corsa · 93990 PLN,Opel Corsa · Cena: 93990 PLN · Gwarancja Spoticar Premium12 miesięcy · Spoticar GEZET SzczecinSzczecin · Sprawdź ofertę!,https://www.spoticar.pl/znajdz-uzywany-samochod/opel-corsa-12-t-mhev-gs-edct-szczecin-1200223390,https://s3.eu-central-1.amazonaws.com/uvpictures-eu-central-1/368/SP/PL/OPEL-CORSA-223390_1.JPG,https://s3.eu-central-1.amazonaws.com/uvpictures-eu-central-1/368/SP/PL/OPEL-CORSA-223390_2.JPG|https://s3.eu-central-1.amazonaws.com/uvpictures-eu-central-1/368/SP/PL/OPEL-CORSA-223390_3.JPG|https://s3.eu-central-1.amazonaws.com/uvpictures-eu-central-1/368/SP/PL/OPEL-CORSA-223390_4.JPG,Opel,Corsa,2025,3000,KM,,Used,93990 PLN,PLN,CASH,93990 PLN,Total,Gasoline,Automatic,Spoticar GEZET SzczecinSzczecin,Spoticar GEZET Szczecin,Gwarancja Spoticar Premium12 miesięcy
SPOT-71821,Fiat 500 · 144990 PLN,Fiat 500 · Cena: 144990 PLN · Gwarancja Spoticar Premium12 miesięcy · Spoticar GEZET SzczecinSzczecin · Sprawdź ofertę!,https://www.spoticar.pl/znajdz-uzywany-samochod/fiat-500-la-prima-szczecin-1200223324,https://s3.eu-central-1.amazonaws.com/uvpictures-eu-central-1/368/SP/PL/FIAT-500-223324_1.JPG,https://s3.eu-central-1.amazonaws.com/uvpictures-eu-central-1/368/SP/PL/FIAT-500-223324_2.JPG|https://s3.eu-central-1.amazonaws.com/uvpictures-eu-central-1/368/SP/PL/FIAT-500-223324_3.JPG|https://s3.eu-central-1.amazonaws.com/uvpictures-eu-central-1/368/SP/PL/FIAT-500-223324_4.JPG,Fiat,500,2021,8000,KM,,Used,144990 PLN,PLN,CASH,144990 PLN,Total,Electric,Automatic,Spoticar GEZET SzczecinSzczecin,Spoticar GEZET Szczecin,Gwarancja Spoticar Premium12 miesięcy
SPOT-71822,Fiat 600 · 159990 PLN,Fiat 600 · Cena: 159990 PLN · Gwarancja Spoticar Premium12 miesięcy · Spoticar GEZET SzczecinSzczecin · Sprawdź ofertę!,https://www.spoticar.pl/znajdz-uzywany-samochod/fiat-600-e-56kwh-red-szczecin-1200223322,https://s3.eu-central-1.amazonaws.com/uvpictures-eu-central-1/368/SP/PL/FIAT-600-223322_1.JPG,https://s3.eu-central-1.amazonaws.com/uvpictures-eu-central-1/368/SP/PL/FIAT-600-223322_2.JPG|https://s3.eu-central-1.amazonaws.com/uvpictures-eu-central-1/368/SP/PL/FIAT-600-223322_3.JPG|https://s3.eu-central-1.amazonaws.com/uvpictures-eu-central-1/368/SP/PL/FIAT-600-223322_4.JPG,Fiat,600,2024,6,KM,,Used,159990 PLN,PLN,CASH,159990 PLN,Total,Electric,Automatic,Spoticar GEZET SzczecinSzczecin,Spoticar GEZET Szczecin,Gwarancja Spoticar Premium12 miesięcy
SPOT-71853,Opel Crossland · 101990 PLN,Opel Crossland · Cena: 101990 PLN · Gwarancja Spoticar Premium12 miesięcy · Spoticar GEZET SzczecinSzczecin · Sprawdź ofertę!,https://www.spoticar.pl/znajdz-uzywany-samochod/opel-crossland-12-t-elegance-szczecin-1200223291,https://s3.eu-central-1.amazonaws.com/uvpictures-eu-central-1/368/SP/PL/OPEL-CROSSLAND-223291_1.JPG,https://s3.eu-central-1.amazonaws.com/uvpictures-eu-central-1/368/SP/PL/OPEL-CROSSLAND-223291_2.JPG|https://s3.eu-central-1.amazonaws.com/uvpictures-eu-central-1/368/SP/PL/OPEL-CROSSLAND-223291_3.JPG|https://s3.eu-central-1.amazonaws.com/uvpictures-eu-central-1/368/SP/PL/OPEL-CROSSLAND-223291_4.JPG,Opel,Crossland,2022,6150,KM,,Used,101990 PLN,PLN,CASH,101990 PLN,Total,Gasoline,Manual,Spoticar GEZET SzczecinSzczecin,Spoticar GEZET Szczecin,Gwarancja Spoticar Premium12 miesięcy
SPOT-71854,Opel Crossland · 101990 PLN,Opel Crossland · Cena: 101990 PLN · Gwarancja Spoticar Premium12 miesięcy · Spoticar GEZET SzczecinSzczecin · Sprawdź ofertę!,https://www.spoticar.pl/znajdz-uzywany-samochod/opel-crossland-12-t-elegance-szczecin-1200223290,https://s3.eu-central-1.amazonaws.com/uvpictures-eu-central-1/368/SP/PL/OPEL-CROSSLAND-223290_1.JPG,https://s3.eu-central-1.amazonaws.com/uvpictures-eu-central-1/368/SP/PL/OPEL-CROSSLAND-223290_2.JPG|https://s3.eu-central-1.amazonaws.com/uvpictures-eu-central-1/368/SP/PL/OPEL-CROSSLAND-223290_3.JPG|https://s3.eu-central-1.amazonaws.com/uvpictures-eu-central-1/368/SP/PL/OPEL-CROSSLAND-223290_4.JPG,Opel,Crossland,2022,5450,KM,,Used,101990 PLN,PLN,CASH,101990 PLN,Total,Gasoline,Manual,Spoticar GEZET SzczecinSzczecin,Spoticar GEZET Szczecin,Gwarancja Spoticar Premium12 miesięcy
SPOT-71850,Opel Crossland · 98990 PLN,Opel Crossland · Cena: 98990 PLN · Gwarancja Spoticar Premium12 miesięcy · Spoticar GEZET SzczecinSzczecin · Sprawdź ofertę!,https://www.spoticar.pl/znajdz-uzywany-samochod/opel-crossland-12-t-edition-szczecin-1200223293,https://s3.eu-central-1.amazonaws.com/uvpictures-eu-central-1/368/SP/PL/OPEL-CROSSLAND-223293_1.JPG,https://s3.eu-central-1.amazonaws.com/uvpictures-eu-central-1/368/SP/PL/OPEL-CROSSLAND-223293_2.JPG|https://s3.eu-central-1.amazonaws.com/uvpictures-eu-central-1/368/SP/PL/OPEL-CROSSLAND-223293_3.JPG|https://s3.eu-central-1.amazonaws.com/uvpictures-eu-central-1/368/SP/PL/OPEL-CROSSLAND-223293_4.JPG,Opel,Crossland,2022,6300,KM,,Used,98990 PLN,PLN,CASH,98990 PLN,Total,Gasoline,Manual,Spoticar GEZET SzczecinSzczecin,Spoticar GEZET Szczecin,Gwarancja Spoticar Premium12 miesięcy
SPOT-71828,Fiat Tipo · 97990 PLN,Fiat Tipo · Cena: 97990 PLN · Gwarancja Spoticar Premium12 miesięcy · Spoticar GEZET SzczecinSzczecin · Sprawdź ofertę!,https://www.spoticar.pl/znajdz-uzywany-samochod/fiat-tipo-10-t3-cross-szczecin-1200223315,https://s3.eu-central-1.amazonaws.com/uvpictures-eu-central-1/368/SP/PL/FIAT-TIPO-223315_1.JPG,https://s3.eu-central-1.amazonaws.com/uvpictures-eu-central-1/368/SP/PL/FIAT-TIPO-223315_2.JPG|https://s3.eu-central-1.amazonaws.com/uvpictures-eu-central-1/368/SP/PL/FIAT-TIPO-223315_3.JPG|https://s3.eu-central-1.amazonaws.com/uvpictures-eu-central-1/368/SP/PL/FIAT-TIPO-223315_4.JPG,Fiat,Tipo,2024,6,KM,,Used,97990 PLN,PLN,CASH,97990 PLN,Total,Gasoline,Manual,Spoticar GEZET SzczecinSzczecin,Spoticar GEZET Szczecin,Gwarancja Spoticar Premium12 miesięcy
SPOT-71829,Fiat Tipo · 119990 PLN,Fiat Tipo · Cena: 119990 PLN · Gwarancja Spoticar Premium12 miesięcy · Spoticar GEZET SzczecinSzczecin · Sprawdź ofertę!,https://www.spoticar.pl/znajdz-uzywany-samochod/fiat-tipo-15-hybrid-dct-szczecin-1200223312,https://s3.eu-central-1.amazonaws.com/uvpictures-eu-central-1/368/SP/PL/FIAT-TIPO-223312_1.JPG,https://s3.eu-central-1.amazonaws.com/uvpictures-eu-central-1/368/SP/PL/FIAT-TIPO-223312_2.JPG|https://s3.eu-central-1.amazonaws.com/uvpictures-eu-central-1/368/SP/PL/FIAT-TIPO-223312_3.JPG|https://s3.eu-central-1.amazonaws.com/uvpictures-eu-central-1/368/SP/PL/FIAT-TIPO-223312_4.JPG,Fiat,Tipo,2024,6,KM,,Used,119990 PLN,PLN,CASH,119990 PLN,Total,Gasoline,Automatic,Spoticar GEZET SzczecinSzczecin,Spoticar GEZET Szczecin,Gwarancja Spoticar Premium12 miesięcy
SPOT-71862,Opel Corsa · 79990 PLN,Opel Corsa · Cena: 79990 PLN · Gwarancja Spoticar Premium12 miesięcy · Spoticar GEZET SzczecinSzczecin · Sprawdź ofertę!,https://www.spoticar.pl/znajdz-uzywany-samochod/opel-corsa-12-elegance-business-pack-ss-szczecin-1200223283,https://s3.eu-central-1.amazonaws.com/uvpictures-eu-central-1/368/SP/PL/OPEL-CORSA-223283_1.JPG,https://s3.eu-central-1.amazonaws.com/uvpictures-eu-central-1/368/SP/PL/OPEL-CORSA-223283_2.JPG|https://s3.eu-central-1.amazonaws.com/uvpictures-eu-central-1/368/SP/PL/OPEL-CORSA-223283_3.JPG|https://s3.eu-central-1.amazonaws.com/uvpictures-eu-central-1/368/SP/PL/OPEL-CORSA-223283_4.JPG,Opel,Corsa,2022,12000,KM,,Used,79990 PLN,PLN,CASH,79990 PLN,Total,Gasoline,Manual,Spoticar GEZET SzczecinSzczecin,Spoticar GEZET Szczecin,Gwarancja Spoticar Premium12 miesięcy
SPOT-71828,Fiat Tipo · 97990 PLN,Fiat Tipo · Cena: 97990 PLN · Gwarancja Spoticar Premium12 miesięcy · Spoticar GEZET SzczecinSzczecin · Sprawdź ofertę!,https://www.spoticar.pl/znajdz-uzywany-samochod/fiat-tipo-10-t3-cross-szczecin-1200223315,https://s3.eu-central-1.amazonaws.com/uvpictures-eu-central-1/368/SP/PL/FIAT-TIPO-223315_1.JPG,https://s3.eu-central-1.amazonaws.com/uvpictures-eu-central-1/368/SP/PL/FIAT-TIPO-223315_2.JPG|https://s3.eu-central-1.amazonaws.com/uvpictures-eu-central-1/368/SP/PL/FIAT-TIPO-223315_3.JPG|https://s3.eu-central-1.amazonaws.com/uvpictures-eu-central-1/368/SP/PL/FIAT-TIPO-223315_4.JPG,Fiat,Tipo,2024,6,KM,,Used,97990 PLN,PLN,CASH,97990 PLN,Total,Gasoline,Manual,Spoticar GEZET SzczecinSzczecin,Spoticar GEZET Szczecin,Gwarancja Spoticar Premium12 miesięcy
SPOT-71829,Fiat Tipo · 119990 PLN,Fiat Tipo · Cena: 119990 PLN · Gwarancja Spoticar Premium12 miesięcy · Spoticar GEZET SzczecinSzczecin · Sprawdź ofertę!,https://www.spoticar.pl/znajdz-uzywany-samochod/fiat-tipo-15-hybrid-dct-szczecin-1200223312,https://s3.eu-central-1.amazonaws.com/uvpictures-eu-central-1/368/SP/PL/FIAT-TIPO-223312_1.JPG,https://s3.eu-central-1.amazonaws.com/uvpictures-eu-central-1/368/SP/PL/FIAT-TIPO-223312_2.JPG|https://s3.eu-central-1.amazonaws.com/uvpictures-eu-central-1/368/SP/PL/FIAT-TIPO-223312_3.JPG|https://s3.eu-central-1.amazonaws.com/uvpictures-eu-central-1/368/SP/PL/FIAT-TIPO-223312_4.JPG,Fiat,Tipo,2024,6,KM,,Used,119990 PLN,PLN,CASH,119990 PLN,Total,Gasoline,Automatic,Spoticar GEZET SzczecinSzczecin,Spoticar GEZET Szczecin,Gwarancja Spoticar Premium12 miesięcy
SPOT-71860,Opel Astra · 169990 PLN,Opel Astra · Cena: 169990 PLN · Gwarancja Spoticar Premium12 miesięcy · Spoticar GEZET SzczecinSzczecin · Sprawdź ofertę!,https://www.spoticar.pl/znajdz-uzywany-samochod/opel-astra-vi-16-t-plug-hybrid-gse-szczecin-1200223284,https://s3.eu-central-1.amazonaws.com/uvpictures-eu-central-1/368/SP/PL/OPEL-ASTRA-223284_1.JPG,https://s3.eu-central-1.amazonaws.com/uvpictures-eu-central-1/368/SP/PL/OPEL-ASTRA-223284_2.JPG|https://s3.eu-central-1.amazonaws.com/uvpictures-eu-central-1/368/SP/PL/OPEL-ASTRA-223284_3.JPG|https://s3.eu-central-1.amazonaws.com/uvpictures-eu-central-1/368/SP/PL/OPEL-ASTRA-223284_4.JPG,Opel,Astra,2023,5,KM,,Used,169990 PLN,PLN,CASH,169990 PLN,Total,Plug-in Hybrid,Automatic,Spoticar GEZET SzczecinSzczecin,Spoticar GEZET Szczecin,Gwarancja Spoticar Premium12 miesięcy
SPOT-71843,Opel Grandland · 129990 PLN,Opel Grandland · Cena: 129990 PLN · Gwarancja Spoticar Premium12 miesięcy · Spoticar GEZET SzczecinSzczecin · Sprawdź ofertę!,https://www.spoticar.pl/znajdz-uzywany-samochod/opel-grandland-12-t-gs-ss-szczecin-1200223302,https://s3.eu-central-1.amazonaws.com/uvpictures-eu-central-1/368/SP/PL/OPEL-GRANDLAND-223302_1.JPG,https://s3.eu-central-1.amazonaws.com/uvpictures-eu-central-1/368/SP/PL/OPEL-GRANDLAND-223302_2.JPG|https://s3.eu-central-1.amazonaws.com/uvpictures-eu-central-1/368/SP/PL/OPEL-GRANDLAND-223302_3.JPG|https://s3.eu-central-1.amazonaws.com/uvpictures-eu-central-1/368/SP/PL/OPEL-GRANDLAND-223302_4.JPG,Opel,Grandland,2023,5,KM,,Used,129990 PLN,PLN,CASH,129990 PLN,Total,Gasoline,Manual,Spoticar GEZET SzczecinSzczecin,Spoticar GEZET Szczecin,Gwarancja Spoticar Premium12 miesięcy
SPOT-71818,Fiat 500 · 144990 PLN,Fiat 500 · Cena: 144990 PLN · Gwarancja Spoticar Premium12 miesięcy · Spoticar GEZET SzczecinSzczecin · Sprawdź ofertę!,https://www.spoticar.pl/znajdz-uzywany-samochod/fiat-500-passion-szczecin-1200223325,https://s3.eu-central-1.amazonaws.com/uvpictures-eu-central-1/368/SP/PL/FIAT-500-223325_1.JPG,https://s3.eu-central-1.amazonaws.com/uvpictures-eu-central-1/368/SP/PL/FIAT-500-223325_2.JPG|https://s3.eu-central-1.amazonaws.com/uvpictures-eu-central-1/368/SP/PL/FIAT-500-223325_3.JPG|https://s3.eu-central-1.amazonaws.com/uvpictures-eu-central-1/368/SP/PL/FIAT-500-223325_4.JPG,Fiat,500,2021,1000,KM,,Used,144990 PLN,PLN,CASH,144990 PLN,Total,Electric,Automatic,Spoticar GEZET SzczecinSzczecin,Spoticar GEZET Szczecin,Gwarancja Spoticar Premium12 miesięcy
SPOT-71454,Jeep Renegade · 99900 PLN,Jeep Renegade · Cena: 99900 PLN · Gwarancja Spoticar Premium12 miesięcy · SPOTICAR SZTUKOWSKI OSTRÓW WLKP.Ostrów Wielkopolski · Sprawdź ofertę!,https://www.spoticar.pl/znajdz-uzywany-samochod/jeep-renegade-13-gse-t4-turbo-phev-4xe-limited-ss-aut-ostrow-wielkopolski-1200223233,https://s3.eu-central-1.amazonaws.com/uvpictures-eu-central-1/368/SP/PL/JEEP-RENEGADE-223233_1.JPG,https://s3.eu-central-1.amazonaws.com/uvpictures-eu-central-1/368/SP/PL/JEEP-RENEGADE-223233_2.JPG|https://s3.eu-central-1.amazonaws.com/uvpictures-eu-central-1/368/SP/PL/JEEP-RENEGADE-223233_3.JPG|https://s3.eu-central-1.amazonaws.com/uvpictures-eu-central-1/368/SP/PL/JEEP-RENEGADE-223233_4.JPG,Jeep,Renegade,2023,24818,KM,,Used,99900 PLN,PLN,CASH,99900 PLN,Total,Gasoline,Automatic,SPOTICAR SZTUKOWSKI OSTRÓW WLKP.Ostrów Wielkopolski,SPOTICAR SZTUKOWSKI OSTRÓW WLKP.,Gwarancja Spoticar Premium12 miesięcy
SPOT-71102,Peugeot 308 · 92900 PLN,Peugeot 308 · Cena: 92900 PLN · Gwarancja Spoticar Premium12 miesięcy · SPOTICAR STELLANTIS & YOU WARSZAWA RADZYMIŃSKA · Sprawdź ofertę!,https://www.spoticar.pl/znajdz-uzywany-samochod/peugeot-308-16-hybrid-phev-allure-eat8-warszawa-1200222834,https://s3.eu-central-1.amazonaws.com/uvpictures-eu-central-1/368/SP/PL/PEUGEOT-308-222834_1.JPG,https://s3.eu-central-1.amazonaws.com/uvpictures-eu-central-1/368/SP/PL/PEUGEOT-308-222834_2.JPG|https://s3.eu-central-1.amazonaws.com/uvpictures-eu-central-1/368/SP/PL/PEUGEOT-308-222834_3.JPG|https://s3.eu-central-1.amazonaws.com/uvpictures-eu-central-1/368/SP/PL/PEUGEOT-308-222834_4.JPG,Peugeot,308,2023,21300,KM,,Used,92900 PLN,PLN,CASH,92900 PLN,Total,Gasoline,Automatic,SPOTICAR STELLANTIS & YOU WARSZAWA RADZYMIŃSKA,SPOTICAR STELLANTIS & YOU WARSZAWA RADZYMIŃSKASPOTICAR STELLANTIS & YOU WARSZAWA RADZYMIŃSKA,Gwarancja Spoticar Premium12 miesięcy
SPOT-71656,Jeep Compass · 111900 PLN,Jeep Compass · Cena: 111900 PLN · Gwarancja Spoticar Premium12 miesięcy · Spoticar  Budmat Auto PłockPłock · Sprawdź ofertę!,https://www.spoticar.pl/znajdz-uzywany-samochod/jeep-compass-13-t4-phev-4xe-s-ss-aut-plock-1200223475,https://s3.eu-central-1.amazonaws.com/uvpictures-eu-central-1/368/SP/PL/JEEP-COMPASS-223475_1.JPG,https://s3.eu-central-1.amazonaws.com/uvpictures-eu-central-1/368/SP/PL/JEEP-COMPASS-223475_2.JPG|https://s3.eu-central-1.amazonaws.com/uvpictures-eu-central-1/368/SP/PL/JEEP-COMPASS-223475_3.JPG|https://s3.eu-central-1.amazonaws.com/uvpictures-eu-central-1/368/SP/PL/JEEP-COMPASS-223475_4.JPG,Jeep,Compass,2024,57000,KM,,Used,111900 PLN,PLN,CASH,111900 PLN,Total,Gasoline,Automatic,Spoticar  Budmat Auto PłockPłock,Spoticar  Budmat Auto Płock,Gwarancja Spoticar Premium12 miesięcy
SPOT-71612,Peugeot 208 · 84900 PLN,Peugeot 208 · Cena: 84900 PLN · Gwarancja Spoticar Premium12 miesięcy · SPOTICAR STELLANTIS & YOU WARSZAWA AL. KRAKOWSKA · Sprawdź ofertę!,https://www.spoticar.pl/znajdz-uzywany-samochod/peugeot-warszawa-1200223520,https://s3.eu-central-1.amazonaws.com/uvpictures-eu-central-1/368/SP/PL/PEUGEOT-208-223520_1.JPG,https://s3.eu-central-1.amazonaws.com/uvpictures-eu-central-1/368/SP/PL/PEUGEOT-208-223520_2.JPG|https://s3.eu-central-1.amazonaws.com/uvpictures-eu-central-1/368/SP/PL/PEUGEOT-208-223520_3.JPG|https://s3.eu-central-1.amazonaws.com/uvpictures-eu-central-1/368/SP/PL/PEUGEOT-208-223520_4.JPG,Peugeot,208,2025,25626,KM,,Used,84900 PLN,PLN,CASH,84900 PLN,Total,Gasoline,Automatic,SPOTICAR STELLANTIS & YOU WARSZAWA AL. KRAKOWSKA,SPOTICAR STELLANTIS & YOU WARSZAWA AL. KRAKOWSKASPOTICAR STELLANTIS & YOU WARSZAWA AL. KRAKOWSKA,Gwarancja Spoticar Premium12 miesięcy
SPOT-71103,Citroën C5 X · 119900 PLN,Citroën C5 X · Cena: 119900 PLN · Gwarancja Spoticar Premium12 miesięcy · SPOTICAR RIA STALOWA WOLAStalowa Wola / Grebów · Sprawdź ofertę!,https://www.spoticar.pl/znajdz-uzywany-samochod/citroen-c5-x-c5-x-16-phev-225-hypnos-eat8-stalowa-wola-grebow-1200222833,https://s3.eu-central-1.amazonaws.com/uvpictures-eu-central-1/368/SP/PL/CITROEN-C5-X-222833_1.JPG,https://s3.eu-central-1.amazonaws.com/uvpictures-eu-central-1/368/SP/PL/CITROEN-C5-X-222833_2.JPG|https://s3.eu-central-1.amazonaws.com/uvpictures-eu-central-1/368/SP/PL/CITROEN-C5-X-222833_3.JPG|https://s3.eu-central-1.amazonaws.com/uvpictures-eu-central-1/368/SP/PL/CITROEN-C5-X-222833_4.JPG,Citroën,C5 X,2024,90364,KM,,Used,119900 PLN,PLN,CASH,119900 PLN,Total,Gasoline,Automatic,SPOTICAR RIA STALOWA WOLAStalowa Wola / Grebów,SPOTICAR RIA STALOWA WOLA,Gwarancja Spoticar Premium12 miesięcy
SPOT-69911,Citroën C5 X · 112900 PLN,Citroën C5 X · Cena: 112900 PLN · Gwarancja Spoticar Premium6 miesięcy · SPOTICAR RIA GRUDZIĄDZGRUDZIADZ · Sprawdź ofertę!,https://www.spoticar.pl/znajdz-uzywany-samochod/citroen-c5-x-c5-x-16-phev-225-shine-pack-eat8-grudziadz-1200221667,https://s3.eu-central-1.amazonaws.com/uvpictures-eu-central-1/368/SP/PL/CITROEN-C5-X-221667_1.JPG,https://s3.eu-central-1.amazonaws.com/uvpictures-eu-central-1/368/SP/PL/CITROEN-C5-X-221667_2.JPG|https://s3.eu-central-1.amazonaws.com/uvpictures-eu-central-1/368/SP/PL/CITROEN-C5-X-221667_3.JPG|https://s3.eu-central-1.amazonaws.com/uvpictures-eu-central-1/368/SP/PL/CITROEN-C5-X-221667_4.JPG,Citroën,C5 X,2023,60265,KM,,Used,112900 PLN,PLN,CASH,112900 PLN,Total,Gasoline,Automatic,SPOTICAR RIA GRUDZIĄDZGRUDZIADZ,SPOTICAR RIA GRUDZIĄDZ,Gwarancja Spoticar Premium6 miesięcy
SPOT-71542,Citroën C5 X · 119900 PLN,Citroën C5 X · Cena: 119900 PLN · Gwarancja Spoticar Premium12 miesięcy · SPOTICAR SZTUKOWSKI OSTRÓW WLKP.Ostrów Wielkopolski · Sprawdź ofertę!,https://www.spoticar.pl/znajdz-uzywany-samochod/citroen-c5-x-c5-x-16-phev-225-hypnos-eat8-ostrow-wielkopolski-1200223591,https://s3.eu-central-1.amazonaws.com/uvpictures-eu-central-1/368/SP/PL/CITROEN-C5-X-223591_1.JPG,https://s3.eu-central-1.amazonaws.com/uvpictures-eu-central-1/368/SP/PL/CITROEN-C5-X-223591_2.JPG|https://s3.eu-central-1.amazonaws.com/uvpictures-eu-central-1/368/SP/PL/CITROEN-C5-X-223591_3.JPG|https://s3.eu-central-1.amazonaws.com/uvpictures-eu-central-1/368/SP/PL/CITROEN-C5-X-223591_4.JPG,Citroën,C5 X,2024,29819,KM,,Used,119900 PLN,PLN,CASH,119900 PLN,Total,Gasoline,Automatic,SPOTICAR SZTUKOWSKI OSTRÓW WLKP.Ostrów Wielkopolski,SPOTICAR SZTUKOWSKI OSTRÓW WLKP.,Gwarancja Spoticar Premium12 miesięcy
SPOT-71666,Peugeot 208 · 52900 PLN,Peugeot 208 · Cena: 52900 PLN · Gwarancja Spoticar Premium12 miesięcy · Spoticar Stellantis &You Warszawa Al.Jerozolimskie · Sprawdź ofertę!,https://www.spoticar.pl/znajdz-uzywany-samochod/peugeot-208-12-puretech-allure-pack-ss-eat8-warszawa-1200223465,https://s3.eu-central-1.amazonaws.com/uvpictures-eu-central-1/368/SP/PL/PEUGEOT-208-223465_1.JPG,https://s3.eu-central-1.amazonaws.com/uvpictures-eu-central-1/368/SP/PL/PEUGEOT-208-223465_2.JPG|https://s3.eu-central-1.amazonaws.com/uvpictures-eu-central-1/368/SP/PL/PEUGEOT-208-223465_3.JPG|https://s3.eu-central-1.amazonaws.com/uvpictures-eu-central-1/368/SP/PL/PEUGEOT-208-223465_4.JPG,Peugeot,208,2023,17578,KM,,Used,52900 PLN,PLN,CASH,52900 PLN,Total,Gasoline,Automatic,Spoticar Stellantis &You Warszawa Al.Jerozolimskie,Spoticar Stellantis &You Warszawa Al.JerozolimskieSpoticar Stellantis &You Warszawa Al.Jerozolimskie,Gwarancja Spoticar Premium12 miesięcy
SPOT-71716,Peugeot 3008 · 119900 PLN,Peugeot 3008 · Cena: 119900 PLN · Gwarancja Spoticar Premium12 miesięcy · Spoticar Stellantis &You Warszawa Al.Jerozolimskie · Sprawdź ofertę!,https://www.spoticar.pl/znajdz-uzywany-samochod/peugeot-3008-12-puretech-mhev-gt-e-dcs6-warszawa-1200223418,https://s3.eu-central-1.amazonaws.com/uvpictures-eu-central-1/368/SP/PL/PEUGEOT-3008-223418_1.JPG,https://s3.eu-central-1.amazonaws.com/uvpictures-eu-central-1/368/SP/PL/PEUGEOT-3008-223418_2.JPG|https://s3.eu-central-1.amazonaws.com/uvpictures-eu-central-1/368/SP/PL/PEUGEOT-3008-223418_3.JPG|https://s3.eu-central-1.amazonaws.com/uvpictures-eu-central-1/368/SP/PL/PEUGEOT-3008-223418_4.JPG,Peugeot,3008,2025,13311,KM,,Used,119900 PLN,PLN,CASH,119900 PLN,Total,Gasoline,Automatic,Spoticar Stellantis &You Warszawa Al.Jerozolimskie,Spoticar Stellantis &You Warszawa Al.JerozolimskieSpoticar Stellantis &You Warszawa Al.Jerozolimskie,Gwarancja Spoticar Premium12 miesięcy
SPOT-71461,Citroën C4 · 73900 PLN,Citroën C4 · Cena: 73900 PLN · Gwarancja Spoticar Premium12 miesięcy · Spoticar Stellantis &You Warszawa Al.Jerozolimskie · Sprawdź ofertę!,https://www.spoticar.pl/znajdz-uzywany-samochod/citroen-c4-12-puretech-shine-ss-eat8-warszawa-1200223226,https://s3.eu-central-1.amazonaws.com/uvpictures-eu-central-1/368/SP/PL/CITROEN-C4-223226_1.JPG,https://s3.eu-central-1.amazonaws.com/uvpictures-eu-central-1/368/SP/PL/CITROEN-C4-223226_2.JPG|https://s3.eu-central-1.amazonaws.com/uvpictures-eu-central-1/368/SP/PL/CITROEN-C4-223226_3.JPG|https://s3.eu-central-1.amazonaws.com/uvpictures-eu-central-1/368/SP/PL/CITROEN-C4-223226_4.JPG,Citroën,C4,2023,42320,KM,,Used,73900 PLN,PLN,CASH,73900 PLN,Total,Gasoline,Automatic,Spoticar Stellantis &You Warszawa Al.Jerozolimskie,Spoticar Stellantis &You Warszawa Al.JerozolimskieSpoticar Stellantis &You Warszawa Al.Jerozolimskie,Gwarancja Spoticar Premium12 miesięcy
SPOT-71415,Peugeot 5008 · 126900 PLN,Peugeot 5008 · Cena: 126900 PLN · Gwarancja Spoticar Premium12 miesięcy · SPOTICAR RIA WARSZAWAWARSZAWA · Sprawdź ofertę!,https://www.spoticar.pl/znajdz-uzywany-samochod/peugeot-5008-15-bluehdi-gt-ss-eat8-warszawa-1200223159,https://s3.eu-central-1.amazonaws.com/uvpictures-eu-central-1/368/SP/PL/PEUGEOT-5008-223159_1.JPG,https://s3.eu-central-1.amazonaws.com/uvpictures-eu-central-1/368/SP/PL/PEUGEOT-5008-223159_2.JPG|https://s3.eu-central-1.amazonaws.com/uvpictures-eu-central-1/368/SP/PL/PEUGEOT-5008-223159_3.JPG|https://s3.eu-central-1.amazonaws.com/uvpictures-eu-central-1/368/SP/PL/PEUGEOT-5008-223159_4.JPG,Peugeot,5008,2024,57271,KM,,Used,126900 PLN,PLN,CASH,126900 PLN,Total,Diesel,Automatic,SPOTICAR RIA WARSZAWAWARSZAWA,SPOTICAR RIA WARSZAWA,Gwarancja Spoticar Premium12 miesięcy
SPOT-71408,Citroën Jumpy · 122877 PLN,Citroën Jumpy · Cena: 122877 PLN · Gwarancja Spoticar Premium12 miesięcy · SPOTICAR RIA WARSZAWAWARSZAWA · Sprawdź ofertę!,https://www.spoticar.pl/znajdz-uzywany-samochod/citroen-jumpy-20-bluehdi-xl-30t-eat8-bryg-warszawa-1200223134,https://s3.eu-central-1.amazonaws.com/uvpictures-eu-central-1/368/SP/PL/CITROEN-JUMPY-223134_1.JPG,https://s3.eu-central-1.amazonaws.com/uvpictures-eu-central-1/368/SP/PL/CITROEN-JUMPY-223134_2.JPG|https://s3.eu-central-1.amazonaws.com/uvpictures-eu-central-1/368/SP/PL/CITROEN-JUMPY-223134_3.JPG|https://s3.eu-central-1.amazonaws.com/uvpictures-eu-central-1/368/SP/PL/CITROEN-JUMPY-223134_4.JPG,Citroën,Jumpy,2024,23914,KM,,Used,122877 PLN,PLN,CASH,122877 PLN,Total,Diesel,Automatic,SPOTICAR RIA WARSZAWAWARSZAWA,SPOTICAR RIA WARSZAWA,Gwarancja Spoticar Premium12 miesięcy
SPOT-71469,Peugeot 3008 · 103900 PLN,Peugeot 3008 · Cena: 103900 PLN · Gwarancja Spoticar Premium6 miesięcy · SPOTICAR PRASEK RADOMRadom · Sprawdź ofertę!,https://www.spoticar.pl/znajdz-uzywany-samochod/peugeot-radom-1200223219,https://s3.eu-central-1.amazonaws.com/uvpictures-eu-central-1/368/SP/PL/PEUGEOT-3008-223219_1.JPG,https://s3.eu-central-1.amazonaws.com/uvpictures-eu-central-1/368/SP/PL/PEUGEOT-3008-223219_2.JPG|https://s3.eu-central-1.amazonaws.com/uvpictures-eu-central-1/368/SP/PL/PEUGEOT-3008-223219_3.JPG|https://s3.eu-central-1.amazonaws.com/uvpictures-eu-central-1/368/SP/PL/PEUGEOT-3008-223219_4.JPG,Peugeot,3008,2020,70009,KM,,Used,103900 PLN,PLN,CASH,103900 PLN,Total,Gasoline,Automatic,SPOTICAR PRASEK RADOMRadom,SPOTICAR PRASEK RADOM,Gwarancja Spoticar Premium6 miesięcy
SPOT-71121,Opel Astra · 69900 PLN,Opel Astra · Cena: 69900 PLN · Gwarancja Spoticar Premium12 miesięcy · Spoticar Stellantis &You Warszawa Al.Jerozolimskie · Sprawdź ofertę!,https://www.spoticar.pl/znajdz-uzywany-samochod/opel-astra-vi-12-t-business-edition-ss-warszawa-1200222855,https://s3.eu-central-1.amazonaws.com/uvpictures-eu-central-1/368/SP/PL/OPEL-ASTRA-222855_1.JPG,https://s3.eu-central-1.amazonaws.com/uvpictures-eu-central-1/368/SP/PL/OPEL-ASTRA-222855_2.JPG|https://s3.eu-central-1.amazonaws.com/uvpictures-eu-central-1/368/SP/PL/OPEL-ASTRA-222855_3.JPG|https://s3.eu-central-1.amazonaws.com/uvpictures-eu-central-1/368/SP/PL/OPEL-ASTRA-222855_4.JPG,Opel,Astra,2024,20034,KM,,Used,69900 PLN,PLN,CASH,69900 PLN,Total,Gasoline,Manual,Spoticar Stellantis &You Warszawa Al.Jerozolimskie,Spoticar Stellantis &You Warszawa Al.JerozolimskieSpoticar Stellantis &You Warszawa Al.Jerozolimskie,Gwarancja Spoticar Premium12 miesięcy
SPOT-71230,Citroën Berlingo · 106900 PLN,Citroën Berlingo · Cena: 106900 PLN · Gwarancja Spoticar Premium12 miesięcy · SPOTICAR RIA WARSZAWAWARSZAWA · Sprawdź ofertę!,https://www.spoticar.pl/znajdz-uzywany-samochod/citroen-berlingo-xl-15-bluehdi-max-ss-eat8-warszawa-1200222968,https://s3.eu-central-1.amazonaws.com/uvpictures-eu-central-1/368/SP/PL/CITROEN-BERLINGO-222968_1.JPG,https://s3.eu-central-1.amazonaws.com/uvpictures-eu-central-1/368/SP/PL/CITROEN-BERLINGO-222968_2.JPG|https://s3.eu-central-1.amazonaws.com/uvpictures-eu-central-1/368/SP/PL/CITROEN-BERLINGO-222968_3.JPG|https://s3.eu-central-1.amazonaws.com/uvpictures-eu-central-1/368/SP/PL/CITROEN-BERLINGO-222968_4.JPG,Citroën,Berlingo,2024,54870,KM,,Used,106900 PLN,PLN,CASH,106900 PLN,Total,Diesel,Automatic,SPOTICAR RIA WARSZAWAWARSZAWA,SPOTICAR RIA WARSZAWA,Gwarancja Spoticar Premium12 miesięcy
SPOT-70564,Peugeot 2008 · 79900 PLN,Peugeot 2008 · Cena: 79900 PLN · Gwarancja Spoticar Premium12 miesięcy · Spoticar Stellantis &You Warszawa Al.Jerozolimskie · Sprawdź ofertę!,https://www.spoticar.pl/znajdz-uzywany-samochod/peugeot-2008-puretech-130-allure-ss-eat8-warszawa-1200222296,https://s3.eu-central-1.amazonaws.com/uvpictures-eu-central-1/368/SP/PL/PEUGEOT-2008-222296_1.JPG,https://s3.eu-central-1.amazonaws.com/uvpictures-eu-central-1/368/SP/PL/PEUGEOT-2008-222296_2.JPG|https://s3.eu-central-1.amazonaws.com/uvpictures-eu-central-1/368/SP/PL/PEUGEOT-2008-222296_3.JPG|https://s3.eu-central-1.amazonaws.com/uvpictures-eu-central-1/368/SP/PL/PEUGEOT-2008-222296_4.JPG,Peugeot,2008,2024,44105,KM,,Used,79900 PLN,PLN,CASH,79900 PLN,Total,Gasoline,Automatic,Spoticar Stellantis &You Warszawa Al.Jerozolimskie,Spoticar Stellantis &You Warszawa Al.JerozolimskieSpoticar Stellantis &You Warszawa Al.Jerozolimskie,Gwarancja Spoticar Premium12 miesięcy
SPOT-70558,Peugeot 308 · 101900 PLN,Peugeot 308 · Cena: 101900 PLN · Gwarancja Spoticar Premium12 miesięcy · Spoticar Stellantis &You Warszawa Al.Jerozolimskie · Sprawdź ofertę!,https://www.spoticar.pl/znajdz-uzywany-samochod/peugeot-308-12-mhev-gt-ss-e-dcs6-warszawa-1200222303,https://s3.eu-central-1.amazonaws.com/uvpictures-eu-central-1/368/SP/PL/PEUGEOT-308-222303_1.JPG,https://s3.eu-central-1.amazonaws.com/uvpictures-eu-central-1/368/SP/PL/PEUGEOT-308-222303_2.JPG|https://s3.eu-central-1.amazonaws.com/uvpictures-eu-central-1/368/SP/PL/PEUGEOT-308-222303_3.JPG|https://s3.eu-central-1.amazonaws.com/uvpictures-eu-central-1/368/SP/PL/PEUGEOT-308-222303_4.JPG,Peugeot,308,2025,24660,KM,,Used,101900 PLN,PLN,CASH,101900 PLN,Total,Hybrid,Automatic,Spoticar Stellantis &You Warszawa Al.Jerozolimskie,Spoticar Stellantis &You Warszawa Al.JerozolimskieSpoticar Stellantis &You Warszawa Al.Jerozolimskie,Gwarancja Spoticar Premium12 miesięcy
SPOT-70568,Peugeot 2008 · 79900 PLN,Peugeot 2008 · Cena: 79900 PLN · Gwarancja Spoticar Premium12 miesięcy · Spoticar Stellantis &You Warszawa Al.Jerozolimskie · Sprawdź ofertę!,https://www.spoticar.pl/znajdz-uzywany-samochod/peugeot-2008-puretech-130-gt-ss-eat8-warszawa-1200222293,https://s3.eu-central-1.amazonaws.com/uvpictures-eu-central-1/368/SP/PL/PEUGEOT-2008-222293_1.JPG,https://s3.eu-central-1.amazonaws.com/uvpictures-eu-central-1/368/SP/PL/PEUGEOT-2008-222293_2.JPG|https://s3.eu-central-1.amazonaws.com/uvpictures-eu-central-1/368/SP/PL/PEUGEOT-2008-222293_3.JPG|https://s3.eu-central-1.amazonaws.com/uvpictures-eu-central-1/368/SP/PL/PEUGEOT-2008-222293_4.JPG,Peugeot,2008,2024,43060,KM,,Used,79900 PLN,PLN,CASH,79900 PLN,Total,Gasoline,Automatic,Spoticar Stellantis &You Warszawa Al.Jerozolimskie,Spoticar Stellantis &You Warszawa Al.JerozolimskieSpoticar Stellantis &You Warszawa Al.Jerozolimskie,Gwarancja Spoticar Premium12 miesięcy
SPOT-70547,Citroën C3 · 45900 PLN,Citroën C3 · Cena: 45900 PLN · Gwarancja Spoticar Premium12 miesięcy · Spoticar Stellantis &You Warszawa Al.Jerozolimskie · Sprawdź ofertę!,https://www.spoticar.pl/znajdz-uzywany-samochod/citroen-c3-12-puretech-max-warszawa-1200222329,https://s3.eu-central-1.amazonaws.com/uvpictures-eu-central-1/368/SP/PL/CITROEN-C3-222329_1.JPG,https://s3.eu-central-1.amazonaws.com/uvpictures-eu-central-1/368/SP/PL/CITROEN-C3-222329_2.JPG|https://s3.eu-central-1.amazonaws.com/uvpictures-eu-central-1/368/SP/PL/CITROEN-C3-222329_3.JPG|https://s3.eu-central-1.amazonaws.com/uvpictures-eu-central-1/368/SP/PL/CITROEN-C3-222329_4.JPG,Citroën,C3,2024,60336,KM,,Used,45900 PLN,PLN,CASH,45900 PLN,Total,Gasoline,Manual,Spoticar Stellantis &You Warszawa Al.Jerozolimskie,Spoticar Stellantis &You Warszawa Al.JerozolimskieSpoticar Stellantis &You Warszawa Al.Jerozolimskie,Gwarancja Spoticar Premium12 miesięcy
SPOT-69211,Peugeot 3008 · 74990 PLN,Peugeot 3008 · Cena: 74990 PLN · Gwarancja Spoticar Premium6 miesięcy · SPOTICAR DEJON I DĄBROWSKI LEGNICA · Sprawdź ofertę!,https://www.spoticar.pl/znajdz-uzywany-samochod/peugeot-3008-16-puretech-hybrid-gt-line-ss-eat8-legnica-1200220995,https://s3.eu-central-1.amazonaws.com/uvpictures-eu-central-1/368/SP/PL/PEUGEOT-3008-220995_1.JPG,https://s3.eu-central-1.amazonaws.com/uvpictures-eu-central-1/368/SP/PL/PEUGEOT-3008-220995_2.JPG|https://s3.eu-central-1.amazonaws.com/uvpictures-eu-central-1/368/SP/PL/PEUGEOT-3008-220995_3.JPG|https://s3.eu-central-1.amazonaws.com/uvpictures-eu-central-1/368/SP/PL/PEUGEOT-3008-220995_4.JPG,Peugeot,3008,2021,143008,KM,,Used,74990 PLN,PLN,CASH,74990 PLN,Total,Gasoline,Automatic,SPOTICAR DEJON I DĄBROWSKI LEGNICA,SPOTICAR DEJON I DĄBROWSKI LEGNICASPOTICAR DEJON I DĄBROWSKI LEGNICA,Gwarancja Spoticar Premium6 miesięcy
SPOT-70564,Peugeot 2008 · 79900 PLN,Peugeot 2008 · Cena: 79900 PLN · Gwarancja Spoticar Premium12 miesięcy · Spoticar Stellantis &You Warszawa Al.Jerozolimskie · Sprawdź ofertę!,https://www.spoticar.pl/znajdz-uzywany-samochod/peugeot-2008-puretech-130-allure-ss-eat8-warszawa-1200222296,https://s3.eu-central-1.amazonaws.com/uvpictures-eu-central-1/368/SP/PL/PEUGEOT-2008-222296_1.JPG,https://s3.eu-central-1.amazonaws.com/uvpictures-eu-central-1/368/SP/PL/PEUGEOT-2008-222296_2.JPG|https://s3.eu-central-1.amazonaws.com/uvpictures-eu-central-1/368/SP/PL/PEUGEOT-2008-222296_3.JPG|https://s3.eu-central-1.amazonaws.com/uvpictures-eu-central-1/368/SP/PL/PEUGEOT-2008-222296_4.JPG,Peugeot,2008,2024,44105,KM,,Used,79900 PLN,PLN,CASH,79900 PLN,Total,Gasoline,Automatic,Spoticar Stellantis &You Warszawa Al.Jerozolimskie,Spoticar Stellantis &You Warszawa Al.JerozolimskieSpoticar Stellantis &You Warszawa Al.Jerozolimskie,Gwarancja Spoticar Premium12 miesięcy
SPOT-70558,Peugeot 308 · 101900 PLN,Peugeot 308 · Cena: 101900 PLN · Gwarancja Spoticar Premium12 miesięcy · Spoticar Stellantis &You Warszawa Al.Jerozolimskie · Sprawdź ofertę!,https://www.spoticar.pl/znajdz-uzywany-samochod/peugeot-308-12-mhev-gt-ss-e-dcs6-warszawa-1200222303,https://s3.eu-central-1.amazonaws.com/uvpictures-eu-central-1/368/SP/PL/PEUGEOT-308-222303_1.JPG,https://s3.eu-central-1.amazonaws.com/uvpictures-eu-central-1/368/SP/PL/PEUGEOT-308-222303_2.JPG|https://s3.eu-central-1.amazonaws.com/uvpictures-eu-central-1/368/SP/PL/PEUGEOT-308-222303_3.JPG|https://s3.eu-central-1.amazonaws.com/uvpictures-eu-central-1/368/SP/PL/PEUGEOT-308-222303_4.JPG,Peugeot,308,2025,24660,KM,,Used,101900 PLN,PLN,CASH,101900 PLN,Total,Hybrid,Automatic,Spoticar Stellantis &You Warszawa Al.Jerozolimskie,Spoticar Stellantis &You Warszawa Al.JerozolimskieSpoticar Stellantis &You Warszawa Al.Jerozolimskie,Gwarancja Spoticar Premium12 miesięcy
SPOT-70568,Peugeot 2008 · 79900 PLN,Peugeot 2008 · Cena: 79900 PLN · Gwarancja Spoticar Premium12 miesięcy · Spoticar Stellantis &You Warszawa Al.Jerozolimskie · Sprawdź ofertę!,https://www.spoticar.pl/znajdz-uzywany-samochod/peugeot-2008-puretech-130-gt-ss-eat8-warszawa-1200222293,https://s3.eu-central-1.amazonaws.com/uvpictures-eu-central-1/368/SP/PL/PEUGEOT-2008-222293_1.JPG,https://s3.eu-central-1.amazonaws.com/uvpictures-eu-central-1/368/SP/PL/PEUGEOT-2008-222293_2.JPG|https://s3.eu-central-1.amazonaws.com/uvpictures-eu-central-1/368/SP/PL/PEUGEOT-2008-222293_3.JPG|https://s3.eu-central-1.amazonaws.com/uvpictures-eu-central-1/368/SP/PL/PEUGEOT-2008-222293_4.JPG,Peugeot,2008,2024,43060,KM,,Used,79900 PLN,PLN,CASH,79900 PLN,Total,Gasoline,Automatic,Spoticar Stellantis &You Warszawa Al.Jerozolimskie,Spoticar Stellantis &You Warszawa Al.JerozolimskieSpoticar Stellantis &You Warszawa Al.Jerozolimskie,Gwarancja Spoticar Premium12 miesięcy
SPOT-70574,Peugeot 2008 · 79900 PLN,Peugeot 2008 · Cena: 79900 PLN · Gwarancja Spoticar Premium12 miesięcy · Spoticar Stellantis &You Warszawa Al.Jerozolimskie · Sprawdź ofertę!,https://www.spoticar.pl/znajdz-uzywany-samochod/peugeot-2008-puretech-130-allure-ss-eat8-warszawa-1200222288,https://s3.eu-central-1.amazonaws.com/uvpictures-eu-central-1/368/SP/PL/PEUGEOT-2008-222288_1.JPG,https://s3.eu-central-1.amazonaws.com/uvpictures-eu-central-1/368/SP/PL/PEUGEOT-2008-222288_2.JPG|https://s3.eu-central-1.amazonaws.com/uvpictures-eu-central-1/368/SP/PL/PEUGEOT-2008-222288_3.JPG|https://s3.eu-central-1.amazonaws.com/uvpictures-eu-central-1/368/SP/PL/PEUGEOT-2008-222288_4.JPG,Peugeot,2008,2024,34800,KM,,Used,79900 PLN,PLN,CASH,79900 PLN,Total,Gasoline,Automatic,Spoticar Stellantis &You Warszawa Al.Jerozolimskie,Spoticar Stellantis &You Warszawa Al.JerozolimskieSpoticar Stellantis &You Warszawa Al.Jerozolimskie,Gwarancja Spoticar Premium12 miesięcy
SPOT-70528,Peugeot 3008 · 79900 PLN,Peugeot 3008 · Cena: 79900 PLN · Gwarancja Spoticar Premium12 miesięcy · Spoticar Stellantis &You Warszawa Al.Jerozolimskie · Sprawdź ofertę!,https://www.spoticar.pl/znajdz-uzywany-samochod/peugeot-3008-12-puretech-gt-ss-eat8-warszawa-1200222264,https://s3.eu-central-1.amazonaws.com/uvpictures-eu-central-1/368/SP/PL/PEUGEOT-3008-222264_1.JPG,https://s3.eu-central-1.amazonaws.com/uvpictures-eu-central-1/368/SP/PL/PEUGEOT-3008-222264_2.JPG|https://s3.eu-central-1.amazonaws.com/uvpictures-eu-central-1/368/SP/PL/PEUGEOT-3008-222264_3.JPG|https://s3.eu-central-1.amazonaws.com/uvpictures-eu-central-1/368/SP/PL/PEUGEOT-3008-222264_4.JPG,Peugeot,3008,2024,32867,KM,,Used,79900 PLN,PLN,CASH,79900 PLN,Total,Gasoline,Automatic,Spoticar Stellantis &You Warszawa Al.Jerozolimskie,Spoticar Stellantis &You Warszawa Al.JerozolimskieSpoticar Stellantis &You Warszawa Al.Jerozolimskie,Gwarancja Spoticar Premium12 miesięcy
SPOT-69419,Peugeot 308 · 79900 PLN,Peugeot 308 · Cena: 79900 PLN · Gwarancja Spoticar Premium12 miesięcy · Spoticar Stellantis &You Warszawa Al.Jerozolimskie · Sprawdź ofertę!,https://www.spoticar.pl/znajdz-uzywany-samochod/peugeot-308-15-bluehdi-allure-ss-eat8-warszawa-1200221219,https://s3.eu-central-1.amazonaws.com/uvpictures-eu-central-1/368/SP/PL/PEUGEOT-308-221219_1.JPG,https://s3.eu-central-1.amazonaws.com/uvpictures-eu-central-1/368/SP/PL/PEUGEOT-308-221219_2.JPG|https://s3.eu-central-1.amazonaws.com/uvpictures-eu-central-1/368/SP/PL/PEUGEOT-308-221219_3.JPG|https://s3.eu-central-1.amazonaws.com/uvpictures-eu-central-1/368/SP/PL/PEUGEOT-308-221219_4.JPG,Peugeot,308,2023,93991,KM,,Used,79900 PLN,PLN,CASH,79900 PLN,Total,Diesel,Automatic,Spoticar Stellantis &You Warszawa Al.Jerozolimskie,Spoticar Stellantis &You Warszawa Al.JerozolimskieSpoticar Stellantis &You Warszawa Al.Jerozolimskie,Gwarancja Spoticar Premium12 miesięcy
SPOT-70490,Citroën C5 X · 126900 PLN,Citroën C5 X · Cena: 126900 PLN · Gwarancja Spoticar Premium12 miesięcy · SPOTICAR RIA WARSZAWAWARSZAWA · Sprawdź ofertę!,https://www.spoticar.pl/znajdz-uzywany-samochod/citroen-c5-x-c5-x-16-phev-225-hypnos-eat8-warszawa-1200222238,https://s3.eu-central-1.amazonaws.com/uvpictures-eu-central-1/368/SP/PL/CITROEN-C5-X-222238_1.JPG,https://s3.eu-central-1.amazonaws.com/uvpictures-eu-central-1/368/SP/PL/CITROEN-C5-X-222238_2.JPG|https://s3.eu-central-1.amazonaws.com/uvpictures-eu-central-1/368/SP/PL/CITROEN-C5-X-222238_3.JPG|https://s3.eu-central-1.amazonaws.com/uvpictures-eu-central-1/368/SP/PL/CITROEN-C5-X-222238_4.JPG,Citroën,C5 X,2024,58327,KM,,Used,126900 PLN,PLN,CASH,126900 PLN,Total,Gasoline,Automatic,SPOTICAR RIA WARSZAWAWARSZAWA,SPOTICAR RIA WARSZAWA,Gwarancja Spoticar Premium12 miesięcy
SPOT-68849,Citroën C3 · 48900 PLN,Citroën C3 · Cena: 48900 PLN · Gwarancja Spoticar Premium6 miesięcy · Spoticar Stellantis &You Warszawa Al.Jerozolimskie · Sprawdź ofertę!,https://www.spoticar.pl/znajdz-uzywany-samochod/citroen-c3-12-puretech-max-warszawa-1200220638,https://s3.eu-central-1.amazonaws.com/uvpictures-eu-central-1/368/SP/PL/CITROEN-C3-220638_1.JPG,https://s3.eu-central-1.amazonaws.com/uvpictures-eu-central-1/368/SP/PL/CITROEN-C3-220638_2.JPG|https://s3.eu-central-1.amazonaws.com/uvpictures-eu-central-1/368/SP/PL/CITROEN-C3-220638_3.JPG|https://s3.eu-central-1.amazonaws.com/uvpictures-eu-central-1/368/SP/PL/CITROEN-C3-220638_4.JPG,Citroën,C3,2024,52732,KM,,Used,48900 PLN,PLN,CASH,48900 PLN,Total,Gasoline,Manual,Spoticar Stellantis &You Warszawa Al.Jerozolimskie,Spoticar Stellantis &You Warszawa Al.JerozolimskieSpoticar Stellantis &You Warszawa Al.Jerozolimskie,Gwarancja Spoticar Premium6 miesięcy
SPOT-70920,Peugeot 308 · 92900 PLN,Peugeot 308 · Cena: 92900 PLN · Gwarancja Spoticar Premium12 miesięcy · Spoticar Stellantis &You Warszawa Al.Jerozolimskie · Sprawdź ofertę!,https://www.spoticar.pl/znajdz-uzywany-samochod/peugeot-308-12-puretech-gt-ss-eat8-warszawa-1200222662,https://s3.eu-central-1.amazonaws.com/uvpictures-eu-central-1/368/SP/PL/PEUGEOT-308-222662_1.JPG,https://s3.eu-central-1.amazonaws.com/uvpictures-eu-central-1/368/SP/PL/PEUGEOT-308-222662_2.JPG|https://s3.eu-central-1.amazonaws.com/uvpictures-eu-central-1/368/SP/PL/PEUGEOT-308-222662_3.JPG|https://s3.eu-central-1.amazonaws.com/uvpictures-eu-central-1/368/SP/PL/PEUGEOT-308-222662_4.JPG,Peugeot,308,2024,5301,KM,,Used,92900 PLN,PLN,CASH,92900 PLN,Total,Gasoline,Automatic,Spoticar Stellantis &You Warszawa Al.Jerozolimskie,Spoticar Stellantis &You Warszawa Al.JerozolimskieSpoticar Stellantis &You Warszawa Al.Jerozolimskie,Gwarancja Spoticar Premium12 miesięcy
SPOT-64750,DS 7 Crossback · 129900 PLN,DS 7 Crossback · Cena: 129900 PLN · Gwarancja Spoticar Premium12 miesięcy · SPOTICAR RIA STALOWA WOLAStalowa Wola / Grebów · Sprawdź ofertę!,https://www.spoticar.pl/znajdz-uzywany-samochod/ds-ds-7-crossback-16-e-tense-bastille-aut-stalowa-wola-grebow-1200216657,https://s3.eu-central-1.amazonaws.com/uvpictures-eu-central-1/368/SP/PL/DS-DS-7-CROSSBACK-216657_1.JPG,https://s3.eu-central-1.amazonaws.com/uvpictures-eu-central-1/368/SP/PL/DS-DS-7-CROSSBACK-216657_2.JPG|https://s3.eu-central-1.amazonaws.com/uvpictures-eu-central-1/368/SP/PL/DS-DS-7-CROSSBACK-216657_3.JPG|https://s3.eu-central-1.amazonaws.com/uvpictures-eu-central-1/368/SP/PL/DS-DS-7-CROSSBACK-216657_4.JPG,DS,7 Crossback,2024,16621,KM,,Used,129900 PLN,PLN,CASH,129900 PLN,Total,Gasoline,Automatic,SPOTICAR RIA STALOWA WOLAStalowa Wola / Grebów,SPOTICAR RIA STALOWA WOLA,Gwarancja Spoticar Premium12 miesięcy
SPOT-69893,Citroën C4 X · 84900 PLN,Citroën C4 X · Cena: 84900 PLN · Gwarancja Spoticar Premium12 miesięcy · SPOTICAR RIA WARSZAWAWARSZAWA · Sprawdź ofertę!,https://www.spoticar.pl/znajdz-uzywany-samochod/citroen-c4-x-e-c4-x-ev136-50kwh-shine-warszawa-1200221651,https://s3.eu-central-1.amazonaws.com/uvpictures-eu-central-1/368/SP/PL/CITROEN-C4-X-221651_1.JPG,https://s3.eu-central-1.amazonaws.com/uvpictures-eu-central-1/368/SP/PL/CITROEN-C4-X-221651_2.JPG|https://s3.eu-central-1.amazonaws.com/uvpictures-eu-central-1/368/SP/PL/CITROEN-C4-X-221651_3.JPG|https://s3.eu-central-1.amazonaws.com/uvpictures-eu-central-1/368/SP/PL/CITROEN-C4-X-221651_4.JPG,Citroën,C4 X,2023,30042,KM,,Used,84900 PLN,PLN,CASH,84900 PLN,Total,Electric,Automatic,SPOTICAR RIA WARSZAWAWARSZAWA,SPOTICAR RIA WARSZAWA,Gwarancja Spoticar Premium12 miesięcy
SPOT-70192,Opel Astra · 39900 PLN,Opel Astra · Cena: 39900 PLN · Gwarancja Spoticar Premium6 miesięcy · Spoticar Stellantis &You Warszawa Al.Jerozolimskie · Sprawdź ofertę!,https://www.spoticar.pl/znajdz-uzywany-samochod/opel-astra-v-12-t-edition-ss-warszawa-1200221937,https://s3.eu-central-1.amazonaws.com/uvpictures-eu-central-1/368/SP/PL/OPEL-ASTRA-221937_1.JPG,https://s3.eu-central-1.amazonaws.com/uvpictures-eu-central-1/368/SP/PL/OPEL-ASTRA-221937_2.JPG|https://s3.eu-central-1.amazonaws.com/uvpictures-eu-central-1/368/SP/PL/OPEL-ASTRA-221937_3.JPG|https://s3.eu-central-1.amazonaws.com/uvpictures-eu-central-1/368/SP/PL/OPEL-ASTRA-221937_4.JPG,Opel,Astra,2021,71343,KM,,Used,39900 PLN,PLN,CASH,39900 PLN,Total,Gasoline,Manual,Spoticar Stellantis &You Warszawa Al.Jerozolimskie,Spoticar Stellantis &You Warszawa Al.JerozolimskieSpoticar Stellantis &You Warszawa Al.Jerozolimskie,Gwarancja Spoticar Premium6 miesięcy
SPOT-67292,Hyundai Tucson · 109900 PLN,Hyundai Tucson · Cena: 109900 PLN · Gwarancja Spoticar Premium12 miesięcy · Spoticar Auto Centrum Golemo Kraków · Sprawdź ofertę!,https://www.spoticar.pl/znajdz-uzywany-samochod/hyundai-tucson-16-t-gdi-48v-smart-2wd-dct-krakow-1200219113,https://s3.eu-central-1.amazonaws.com/uvpictures-eu-central-1/368/SP/PL/HYUNDAI-TUCSON-219113_1.JPG,https://s3.eu-central-1.amazonaws.com/uvpictures-eu-central-1/368/SP/PL/HYUNDAI-TUCSON-219113_2.JPG|https://s3.eu-central-1.amazonaws.com/uvpictures-eu-central-1/368/SP/PL/HYUNDAI-TUCSON-219113_3.JPG|https://s3.eu-central-1.amazonaws.com/uvpictures-eu-central-1/368/SP/PL/HYUNDAI-TUCSON-219113_4.JPG,Hyundai,Tucson,2024,39358,KM,,Used,109900 PLN,PLN,CASH,109900 PLN,Total,Gasoline,Automatic,Spoticar Auto Centrum Golemo Kraków,Spoticar Auto Centrum Golemo KrakówSpoticar Auto Centrum Golemo Kraków,Gwarancja Spoticar Premium12 miesięcy
SPOT-70470,Peugeot 208 · 69990 PLN,Peugeot 208 · Cena: 69990 PLN · Gwarancja Spoticar Premium12 miesięcy · SPOTICAR DEJON I DĄBROWSKI LEGNICA · Sprawdź ofertę!,https://www.spoticar.pl/znajdz-uzywany-samochod/peugeot-208-e-208-allure-pack-legnica-1200222182,https://s3.eu-central-1.amazonaws.com/uvpictures-eu-central-1/368/SP/PL/PEUGEOT-208-222182_1.JPG,https://s3.eu-central-1.amazonaws.com/uvpictures-eu-central-1/368/SP/PL/PEUGEOT-208-222182_2.JPG|https://s3.eu-central-1.amazonaws.com/uvpictures-eu-central-1/368/SP/PL/PEUGEOT-208-222182_3.JPG|https://s3.eu-central-1.amazonaws.com/uvpictures-eu-central-1/368/SP/PL/PEUGEOT-208-222182_4.JPG,Peugeot,208,2023,30111,KM,,Used,69990 PLN,PLN,CASH,69990 PLN,Total,Electric,Automatic,SPOTICAR DEJON I DĄBROWSKI LEGNICA,SPOTICAR DEJON I DĄBROWSKI LEGNICASPOTICAR DEJON I DĄBROWSKI LEGNICA,Gwarancja Spoticar Premium12 miesięcy
SPOT-70817,Peugeot 5008 · 94900 PLN,Peugeot 5008 · Cena: 94900 PLN · Gwarancja Spoticar Premium12 miesięcy · Spoticar Auto Centrum Golemo Kraków · Sprawdź ofertę!,https://www.spoticar.pl/znajdz-uzywany-samochod/peugeot-5008-12-puretech-allure-ss-eat8-krakow-1200222561,https://s3.eu-central-1.amazonaws.com/uvpictures-eu-central-1/368/SP/PL/PEUGEOT-5008-222561_1.JPG,https://s3.eu-central-1.amazonaws.com/uvpictures-eu-central-1/368/SP/PL/PEUGEOT-5008-222561_2.JPG|https://s3.eu-central-1.amazonaws.com/uvpictures-eu-central-1/368/SP/PL/PEUGEOT-5008-222561_3.JPG|https://s3.eu-central-1.amazonaws.com/uvpictures-eu-central-1/368/SP/PL/PEUGEOT-5008-222561_4.JPG,Peugeot,5008,2022,35770,KM,,Used,94900 PLN,PLN,CASH,94900 PLN,Total,Gasoline,Automatic,Spoticar Auto Centrum Golemo Kraków,Spoticar Auto Centrum Golemo KrakówSpoticar Auto Centrum Golemo Kraków,Gwarancja Spoticar Premium12 miesięcy
SPOT-70984,Fiat Panda · 23900 PLN,Fiat Panda · Cena: 23900 PLN · Gwarancja Spoticar Premium12 miesięcy · SPOTICAR RIA STALOWA WOLAStalowa Wola / Grebów · Sprawdź ofertę!,https://www.spoticar.pl/znajdz-uzywany-samochod/fiat-panda-12-fresh-eu6-stalowa-wola-grebow-1200222732,https://s3.eu-central-1.amazonaws.com/uvpictures-eu-central-1/368/SP/PL/FIAT-PANDA-222732_1.JPG,https://s3.eu-central-1.amazonaws.com/uvpictures-eu-central-1/368/SP/PL/FIAT-PANDA-222732_2.JPG|https://s3.eu-central-1.amazonaws.com/uvpictures-eu-central-1/368/SP/PL/FIAT-PANDA-222732_3.JPG|https://s3.eu-central-1.amazonaws.com/uvpictures-eu-central-1/368/SP/PL/FIAT-PANDA-222732_4.JPG,Fiat,Panda,2024,97488,KM,,Used,23900 PLN,PLN,CASH,23900 PLN,Total,Gasoline,Manual,SPOTICAR RIA STALOWA WOLAStalowa Wola / Grebów,SPOTICAR RIA STALOWA WOLA,Gwarancja Spoticar Premium12 miesięcy
SPOT-71525,Peugeot 308 · 99900 PLN,Peugeot 308 · Cena: 99900 PLN · Gwarancja Spoticar Premium12 miesięcy · Spoticar Auto Centrum Golemo Kraków · Sprawdź ofertę!,https://www.spoticar.pl/znajdz-uzywany-samochod/peugeot-308-12-mhev-gt-ss-e-dcs6-krakow-1200223250,https://s3.eu-central-1.amazonaws.com/uvpictures-eu-central-1/368/SP/PL/PEUGEOT-308-223250_1.JPG,https://s3.eu-central-1.amazonaws.com/uvpictures-eu-central-1/368/SP/PL/PEUGEOT-308-223250_2.JPG|https://s3.eu-central-1.amazonaws.com/uvpictures-eu-central-1/368/SP/PL/PEUGEOT-308-223250_3.JPG|https://s3.eu-central-1.amazonaws.com/uvpictures-eu-central-1/368/SP/PL/PEUGEOT-308-223250_4.JPG,Peugeot,308,2025,14490,KM,,Used,99900 PLN,PLN,CASH,99900 PLN,Total,Gasoline,Automatic,Spoticar Auto Centrum Golemo Kraków,Spoticar Auto Centrum Golemo KrakówSpoticar Auto Centrum Golemo Kraków,Gwarancja Spoticar Premium12 miesięcy
SPOT-71527,Fiat 500 · 69990 PLN,Fiat 500 · Cena: 69990 PLN · Gwarancja Spoticar Premium12 miesięcy · SPOTICAR DEJON I DĄBROWSKI LEGNICA · Sprawdź ofertę!,https://www.spoticar.pl/znajdz-uzywany-samochod/fiat-500-e-500-42-kwh-legnica-1200223248,https://s3.eu-central-1.amazonaws.com/uvpictures-eu-central-1/368/SP/PL/FIAT-500-E-223248_1.JPG,https://s3.eu-central-1.amazonaws.com/uvpictures-eu-central-1/368/SP/PL/FIAT-500-E-223248_2.JPG|https://s3.eu-central-1.amazonaws.com/uvpictures-eu-central-1/368/SP/PL/FIAT-500-E-223248_3.JPG|https://s3.eu-central-1.amazonaws.com/uvpictures-eu-central-1/368/SP/PL/FIAT-500-E-223248_4.JPG,Fiat,500,2024,30483,KM,,Used,69990 PLN,PLN,CASH,69990 PLN,Total,Electric,Automatic,SPOTICAR DEJON I DĄBROWSKI LEGNICA,SPOTICAR DEJON I DĄBROWSKI LEGNICASPOTICAR DEJON I DĄBROWSKI LEGNICA,Gwarancja Spoticar Premium12 miesięcy
SPOT-71210,Toyota Proace · 61377 PLN,Toyota Proace · Cena: 61377 PLN · Gwarancja Spoticar Premium6 miesięcy · SPOTICAR RIA STALOWA WOLAStalowa Wola / Grebów · Sprawdź ofertę!,https://www.spoticar.pl/znajdz-uzywany-samochod/toyota-proace-15-d-4d-long-28t-active-stalowa-wola-grebow-1200222931,https://s3.eu-central-1.amazonaws.com/uvpictures-eu-central-1/368/SP/PL/TOYOTA-PROACE-222931_1.JPG,https://s3.eu-central-1.amazonaws.com/uvpictures-eu-central-1/368/SP/PL/TOYOTA-PROACE-222931_2.JPG|https://s3.eu-central-1.amazonaws.com/uvpictures-eu-central-1/368/SP/PL/TOYOTA-PROACE-222931_3.JPG|https://s3.eu-central-1.amazonaws.com/uvpictures-eu-central-1/368/SP/PL/TOYOTA-PROACE-222931_4.JPG,Toyota,Proace,2021,112374,KM,,Used,61377 PLN,PLN,CASH,61377 PLN,Total,Diesel,Manual,SPOTICAR RIA STALOWA WOLAStalowa Wola / Grebów,SPOTICAR RIA STALOWA WOLA,Gwarancja Spoticar Premium6 miesięcy
SPOT-71533,Renault Megane · 47900 PLN,Renault Megane · Cena: 47900 PLN · Gwarancja Spoticar Premium6 miesięcy · Spoticar Fijałkowski RybnikRybnik · Sprawdź ofertę!,https://www.spoticar.pl/znajdz-uzywany-samochod/renault-megane-13-tce-fap-limited-rybnik-1200223597,https://s3.eu-central-1.amazonaws.com/uvpictures-eu-central-1/368/SP/PL/RENAULT-MEGANE-223597_1.JPG,https://s3.eu-central-1.amazonaws.com/uvpictures-eu-central-1/368/SP/PL/RENAULT-MEGANE-223597_2.JPG|https://s3.eu-central-1.amazonaws.com/uvpictures-eu-central-1/368/SP/PL/RENAULT-MEGANE-223597_3.JPG|https://s3.eu-central-1.amazonaws.com/uvpictures-eu-central-1/368/SP/PL/RENAULT-MEGANE-223597_4.JPG,Renault,Megane,2019,70357,KM,,Used,47900 PLN,PLN,CASH,47900 PLN,Total,Gasoline,Manual,Spoticar Fijałkowski RybnikRybnik,Spoticar Fijałkowski Rybnik,Gwarancja Spoticar Premium6 miesięcy
SPOT-71534,Fiat 500 · 59900 PLN,Fiat 500 · Cena: 59900 PLN · Gwarancja Spoticar Premium12 miesięcy · SPOTICAR RIA STALOWA WOLAStalowa Wola / Grebów · Sprawdź ofertę!,https://www.spoticar.pl/znajdz-uzywany-samochod/fiat-500-e-500-238kwh-stalowa-wola-grebow-1200223600,https://s3.eu-central-1.amazonaws.com/uvpictures-eu-central-1/368/SP/PL/FIAT-500-E-223600_1.JPG,https://s3.eu-central-1.amazonaws.com/uvpictures-eu-central-1/368/SP/PL/FIAT-500-E-223600_2.JPG|https://s3.eu-central-1.amazonaws.com/uvpictures-eu-central-1/368/SP/PL/FIAT-500-E-223600_3.JPG|https://s3.eu-central-1.amazonaws.com/uvpictures-eu-central-1/368/SP/PL/FIAT-500-E-223600_4.JPG,Fiat,500,2024,30360,KM,,Used,59900 PLN,PLN,CASH,59900 PLN,Total,Electric,Automatic,SPOTICAR RIA STALOWA WOLAStalowa Wola / Grebów,SPOTICAR RIA STALOWA WOLA,Gwarancja Spoticar Premium12 miesięcy
SPOT-71574,Opel Astra · 62990 PLN,Opel Astra · Cena: 62990 PLN · Gwarancja Spoticar Premium12 miesięcy · SPOTICAR DEJON I DĄBROWSKI LEGNICA · Sprawdź ofertę!,https://www.spoticar.pl/znajdz-uzywany-samochod/opel-astra-vi-12-t-gs-ss-legnica-1200223558,https://s3.eu-central-1.amazonaws.com/uvpictures-eu-central-1/368/SP/PL/OPEL-ASTRA-223558_1.JPG,https://s3.eu-central-1.amazonaws.com/uvpictures-eu-central-1/368/SP/PL/OPEL-ASTRA-223558_2.JPG|https://s3.eu-central-1.amazonaws.com/uvpictures-eu-central-1/368/SP/PL/OPEL-ASTRA-223558_3.JPG|https://s3.eu-central-1.amazonaws.com/uvpictures-eu-central-1/368/SP/PL/OPEL-ASTRA-223558_4.JPG,Opel,Astra,2024,89990,KM,,Used,62990 PLN,PLN,CASH,62990 PLN,Total,Gasoline,Manual,SPOTICAR DEJON I DĄBROWSKI LEGNICA,SPOTICAR DEJON I DĄBROWSKI LEGNICASPOTICAR DEJON I DĄBROWSKI LEGNICA,Gwarancja Spoticar Premium12 miesięcy
SPOT-71582,Opel Mokka · 87900 PLN,Opel Mokka · Cena: 87900 PLN · Gwarancja Spoticar Premium12 miesięcy · SPOTICAR RIA STALOWA WOLAStalowa Wola / Grebów · Sprawdź ofertę!,https://www.spoticar.pl/znajdz-uzywany-samochod/opel-mokka-12-t-gs-ss-aut-stalowa-wola-grebow-1200223550,https://s3.eu-central-1.amazonaws.com/uvpictures-eu-central-1/368/SP/PL/OPEL-MOKKA-223550_1.JPG,https://s3.eu-central-1.amazonaws.com/uvpictures-eu-central-1/368/SP/PL/OPEL-MOKKA-223550_2.JPG|https://s3.eu-central-1.amazonaws.com/uvpictures-eu-central-1/368/SP/PL/OPEL-MOKKA-223550_3.JPG|https://s3.eu-central-1.amazonaws.com/uvpictures-eu-central-1/368/SP/PL/OPEL-MOKKA-223550_4.JPG,Opel,Mokka,2025,11544,KM,,Used,87900 PLN,PLN,CASH,87900 PLN,Total,Gasoline,Automatic,SPOTICAR RIA STALOWA WOLAStalowa Wola / Grebów,SPOTICAR RIA STALOWA WOLA,Gwarancja Spoticar Premium12 miesięcy
SPOT-71535,Opel Corsa · 69900 PLN,Opel Corsa · Cena: 69900 PLN · Gwarancja Spoticar Premium12 miesięcy · SPOTICAR RIA STALOWA WOLAStalowa Wola / Grebów · Sprawdź ofertę!,https://www.spoticar.pl/znajdz-uzywany-samochod/opel-corsa-e-edition-stalowa-wola-grebow-1200223592,https://s3.eu-central-1.amazonaws.com/uvpictures-eu-central-1/368/SP/PL/OPEL-CORSA-223592_1.JPG,https://s3.eu-central-1.amazonaws.com/uvpictures-eu-central-1/368/SP/PL/OPEL-CORSA-223592_2.JPG|https://s3.eu-central-1.amazonaws.com/uvpictures-eu-central-1/368/SP/PL/OPEL-CORSA-223592_3.JPG|https://s3.eu-central-1.amazonaws.com/uvpictures-eu-central-1/368/SP/PL/OPEL-CORSA-223592_4.JPG,Opel,Corsa,2024,31174,KM,,Used,69900 PLN,PLN,CASH,69900 PLN,Total,Electric,Automatic,SPOTICAR RIA STALOWA WOLAStalowa Wola / Grebów,SPOTICAR RIA STALOWA WOLA,Gwarancja Spoticar Premium12 miesięcy
SPOT-71565,Peugeot 2008 · 99900 PLN,Peugeot 2008 · Cena: 99900 PLN · Gwarancja Spoticar Premium12 miesięcy · Spoticar Auto Centrum Golemo Kraków · Sprawdź ofertę!,https://www.spoticar.pl/znajdz-uzywany-samochod/peugeot-krakow-1200223568,https://s3.eu-central-1.amazonaws.com/uvpictures-eu-central-1/368/SP/PL/PEUGEOT-2008-223568_1.JPG,https://s3.eu-central-1.amazonaws.com/uvpictures-eu-central-1/368/SP/PL/PEUGEOT-2008-223568_2.JPG|https://s3.eu-central-1.amazonaws.com/uvpictures-eu-central-1/368/SP/PL/PEUGEOT-2008-223568_3.JPG|https://s3.eu-central-1.amazonaws.com/uvpictures-eu-central-1/368/SP/PL/PEUGEOT-2008-223568_4.JPG,Peugeot,2008,2025,14715,KM,,Used,99900 PLN,PLN,CASH,99900 PLN,Total,Gasoline,Automatic,Spoticar Auto Centrum Golemo Kraków,Spoticar Auto Centrum Golemo KrakówSpoticar Auto Centrum Golemo Kraków,Gwarancja Spoticar Premium12 miesięcy
SPOT-71541,Opel Crossland · 48900 PLN,Opel Crossland · Cena: 48900 PLN · Gwarancja Spoticar Premium6 miesięcy · Spoticar Fijałkowski RybnikRybnik · Sprawdź ofertę!,https://www.spoticar.pl/znajdz-uzywany-samochod/opel-crossland-x-12-t-120-lat-ss-rybnik-1200223590,https://s3.eu-central-1.amazonaws.com/uvpictures-eu-central-1/368/SP/PL/OPEL-CROSSLAND-X-223590_1.JPG,https://s3.eu-central-1.amazonaws.com/uvpictures-eu-central-1/368/SP/PL/OPEL-CROSSLAND-X-223590_2.JPG|https://s3.eu-central-1.amazonaws.com/uvpictures-eu-central-1/368/SP/PL/OPEL-CROSSLAND-X-223590_3.JPG|https://s3.eu-central-1.amazonaws.com/uvpictures-eu-central-1/368/SP/PL/OPEL-CROSSLAND-X-223590_4.JPG,Opel,Crossland,2019,39612,KM,,Used,48900 PLN,PLN,CASH,48900 PLN,Total,Gasoline,Manual,Spoticar Fijałkowski RybnikRybnik,Spoticar Fijałkowski Rybnik,Gwarancja Spoticar Premium6 miesięcy
SPOT-71551,Citroën Jumper · 74900 PLN,Citroën Jumper · Cena: 74900 PLN · Gwarancja Spoticar Premium6 miesięcy · Spoticar Auto Centrum Golemo Kraków · Sprawdź ofertę!,https://www.spoticar.pl/znajdz-uzywany-samochod/citroen-krakow-1200223582,https://s3.eu-central-1.amazonaws.com/uvpictures-eu-central-1/368/SP/PL/CITROEN-JUMPER-223582_1.JPG,https://s3.eu-central-1.amazonaws.com/uvpictures-eu-central-1/368/SP/PL/CITROEN-JUMPER-223582_2.JPG|https://s3.eu-central-1.amazonaws.com/uvpictures-eu-central-1/368/SP/PL/CITROEN-JUMPER-223582_3.JPG|https://s3.eu-central-1.amazonaws.com/uvpictures-eu-central-1/368/SP/PL/CITROEN-JUMPER-223582_4.JPG,Citroën,Jumper,2021,111516,KM,,Used,74900 PLN,PLN,CASH,74900 PLN,Total,Diesel,Manual,Spoticar Auto Centrum Golemo Kraków,Spoticar Auto Centrum Golemo KrakówSpoticar Auto Centrum Golemo Kraków,Gwarancja Spoticar Premium6 miesięcy
SPOT-71566,Peugeot 408 · 111900 PLN,Peugeot 408 · Cena: 111900 PLN · Gwarancja Spoticar Premium12 miesięcy · Spoticar  Budmat Auto PłockPłock · Sprawdź ofertę!,https://www.spoticar.pl/znajdz-uzywany-samochod/peugeot-408-12-puretech-mhev-allure-ss-e-dsc6-plock-1200223566,https://s3.eu-central-1.amazonaws.com/uvpictures-eu-central-1/368/SP/PL/PEUGEOT-408-223566_1.JPG,https://s3.eu-central-1.amazonaws.com/uvpictures-eu-central-1/368/SP/PL/PEUGEOT-408-223566_2.JPG|https://s3.eu-central-1.amazonaws.com/uvpictures-eu-central-1/368/SP/PL/PEUGEOT-408-223566_3.JPG|https://s3.eu-central-1.amazonaws.com/uvpictures-eu-central-1/368/SP/PL/PEUGEOT-408-223566_4.JPG,Peugeot,408,2025,17940,KM,,Used,111900 PLN,PLN,CASH,111900 PLN,Total,Gasoline,Automatic,Spoticar  Budmat Auto PłockPłock,Spoticar  Budmat Auto Płock,Gwarancja Spoticar Premium12 miesięcy
SPOT-71578,Fiat 600 · 89900 PLN,Fiat 600 · Cena: 89900 PLN · Gwarancja Spoticar Premium12 miesięcy · SPOTICAR SZTUKOWSKI OSTRÓW WLKP.Ostrów Wielkopolski · Sprawdź ofertę!,https://www.spoticar.pl/znajdz-uzywany-samochod/fiat-600-e-54kwh-la-prima-ostrow-wielkopolski-1200223554,https://s3.eu-central-1.amazonaws.com/uvpictures-eu-central-1/368/SP/PL/FIAT-600-223554_1.JPG,https://s3.eu-central-1.amazonaws.com/uvpictures-eu-central-1/368/SP/PL/FIAT-600-223554_2.JPG|https://s3.eu-central-1.amazonaws.com/uvpictures-eu-central-1/368/SP/PL/FIAT-600-223554_3.JPG|https://s3.eu-central-1.amazonaws.com/uvpictures-eu-central-1/368/SP/PL/FIAT-600-223554_4.JPG,Fiat,600,2024,30054,KM,,Used,89900 PLN,PLN,CASH,89900 PLN,Total,Electric,Automatic,SPOTICAR SZTUKOWSKI OSTRÓW WLKP.Ostrów Wielkopolski,SPOTICAR SZTUKOWSKI OSTRÓW WLKP.,Gwarancja Spoticar Premium12 miesięcy
SPOT-71608,Citroën C4 · 77900 PLN,Citroën C4 · Cena: 77900 PLN · Gwarancja Spoticar Premium12 miesięcy · SPOTICAR RIA STALOWA WOLAStalowa Wola / Grebów · Sprawdź ofertę!,https://www.spoticar.pl/znajdz-uzywany-samochod/citroen-c4-12-puretech-max-ss-eat8-stalowa-wola-grebow-1200223524,https://s3.eu-central-1.amazonaws.com/uvpictures-eu-central-1/368/SP/PL/CITROEN-C4-223524_1.JPG,https://s3.eu-central-1.amazonaws.com/uvpictures-eu-central-1/368/SP/PL/CITROEN-C4-223524_2.JPG|https://s3.eu-central-1.amazonaws.com/uvpictures-eu-central-1/368/SP/PL/CITROEN-C4-223524_3.JPG|https://s3.eu-central-1.amazonaws.com/uvpictures-eu-central-1/368/SP/PL/CITROEN-C4-223524_4.JPG,Citroën,C4,2024,13741,KM,,Used,77900 PLN,PLN,CASH,77900 PLN,Total,Gasoline,Automatic,SPOTICAR RIA STALOWA WOLAStalowa Wola / Grebów,SPOTICAR RIA STALOWA WOLA,Gwarancja Spoticar Premium12 miesięcy
SPOT-71597,Peugeot 2008 · 82900 PLN,Peugeot 2008 · Cena: 82900 PLN · Gwarancja Spoticar Premium12 miesięcy · Spoticar Auto Centrum Golemo Kraków · Sprawdź ofertę!,https://www.spoticar.pl/znajdz-uzywany-samochod/peugeot-2008-puretech-130-allure-ss-eat8-krakow-1200223536,https://s3.eu-central-1.amazonaws.com/uvpictures-eu-central-1/368/SP/PL/PEUGEOT-2008-223536_1.JPG,https://s3.eu-central-1.amazonaws.com/uvpictures-eu-central-1/368/SP/PL/PEUGEOT-2008-223536_2.JPG|https://s3.eu-central-1.amazonaws.com/uvpictures-eu-central-1/368/SP/PL/PEUGEOT-2008-223536_3.JPG|https://s3.eu-central-1.amazonaws.com/uvpictures-eu-central-1/368/SP/PL/PEUGEOT-2008-223536_4.JPG,Peugeot,2008,2024,32745,KM,,Used,82900 PLN,PLN,CASH,82900 PLN,Total,Gasoline,Automatic,Spoticar Auto Centrum Golemo Kraków,Spoticar Auto Centrum Golemo KrakówSpoticar Auto Centrum Golemo Kraków,Gwarancja Spoticar Premium12 miesięcy
SPOT-71611,Opel Astra · 65900 PLN,Opel Astra · Cena: 65900 PLN · Gwarancja Spoticar Premium12 miesięcy · Spoticar Auto Centrum Golemo Kraków · Sprawdź ofertę!,https://www.spoticar.pl/znajdz-uzywany-samochod/opel-astra-vi-12-t-elegance-ss-krakow-1200223521,https://s3.eu-central-1.amazonaws.com/uvpictures-eu-central-1/368/SP/PL/OPEL-ASTRA-223521_1.JPG,https://s3.eu-central-1.amazonaws.com/uvpictures-eu-central-1/368/SP/PL/OPEL-ASTRA-223521_2.JPG|https://s3.eu-central-1.amazonaws.com/uvpictures-eu-central-1/368/SP/PL/OPEL-ASTRA-223521_3.JPG|https://s3.eu-central-1.amazonaws.com/uvpictures-eu-central-1/368/SP/PL/OPEL-ASTRA-223521_4.JPG,Opel,Astra,2023,91910,KM,,Used,65900 PLN,PLN,CASH,65900 PLN,Total,Gasoline,Manual,Spoticar Auto Centrum Golemo Kraków,Spoticar Auto Centrum Golemo KrakówSpoticar Auto Centrum Golemo Kraków,Gwarancja Spoticar Premium12 miesięcy
SPOT-71589,Citroën C4 X · 67900 PLN,Citroën C4 X · Cena: 67900 PLN · Gwarancja Spoticar Premium12 miesięcy · SPOTICAR SZTUKOWSKI OSTRÓW WLKP.Ostrów Wielkopolski · Sprawdź ofertę!,https://www.spoticar.pl/znajdz-uzywany-samochod/citroen-c4-x-c4-x-12-puretech-plus-ss-eat8-ostrow-wielkopolski-1200223544,https://s3.eu-central-1.amazonaws.com/uvpictures-eu-central-1/368/SP/PL/CITROEN-C4-X-223544_1.JPG,https://s3.eu-central-1.amazonaws.com/uvpictures-eu-central-1/368/SP/PL/CITROEN-C4-X-223544_2.JPG|https://s3.eu-central-1.amazonaws.com/uvpictures-eu-central-1/368/SP/PL/CITROEN-C4-X-223544_3.JPG|https://s3.eu-central-1.amazonaws.com/uvpictures-eu-central-1/368/SP/PL/CITROEN-C4-X-223544_4.JPG,Citroën,C4 X,2024,31064,KM,,Used,67900 PLN,PLN,CASH,67900 PLN,Total,Gasoline,Automatic,SPOTICAR SZTUKOWSKI OSTRÓW WLKP.Ostrów Wielkopolski,SPOTICAR SZTUKOWSKI OSTRÓW WLKP.,Gwarancja Spoticar Premium12 miesięcy
SPOT-71630,Citroën Berlingo · 105900 PLN,Citroën Berlingo · Cena: 105900 PLN · Gwarancja Spoticar Premium12 miesięcy · SPOTICAR RIA STALOWA WOLAStalowa Wola / Grebów · Sprawdź ofertę!,https://www.spoticar.pl/znajdz-uzywany-samochod/citroen-berlingo-xl-15-bluehdi-max-ss-stalowa-wola-grebow-1200223502,https://s3.eu-central-1.amazonaws.com/uvpictures-eu-central-1/368/SP/PL/CITROEN-BERLINGO-223502_1.JPG,https://s3.eu-central-1.amazonaws.com/uvpictures-eu-central-1/368/SP/PL/CITROEN-BERLINGO-223502_2.JPG|https://s3.eu-central-1.amazonaws.com/uvpictures-eu-central-1/368/SP/PL/CITROEN-BERLINGO-223502_3.JPG|https://s3.eu-central-1.amazonaws.com/uvpictures-eu-central-1/368/SP/PL/CITROEN-BERLINGO-223502_4.JPG,Citroën,Berlingo,2024,59464,KM,,Used,105900 PLN,PLN,CASH,105900 PLN,Total,Diesel,Manual,SPOTICAR RIA STALOWA WOLAStalowa Wola / Grebów,SPOTICAR RIA STALOWA WOLA,Gwarancja Spoticar Premium12 miesięcy
SPOT-71624,Renault Master · 117000 PLN,Renault Master · Cena: 117000 PLN · Gwarancja Spoticar Premium6 miesięcy · Spoticar Auto Centrum Golemo Kraków · Sprawdź ofertę!,https://www.spoticar.pl/znajdz-uzywany-samochod/renault-master-dci-l3-pack-clim-krakow-1200223507,https://s3.eu-central-1.amazonaws.com/uvpictures-eu-central-1/368/SP/PL/RENAULT-MASTER-223507_1.JPG,https://s3.eu-central-1.amazonaws.com/uvpictures-eu-central-1/368/SP/PL/RENAULT-MASTER-223507_2.JPG|https://s3.eu-central-1.amazonaws.com/uvpictures-eu-central-1/368/SP/PL/RENAULT-MASTER-223507_3.JPG|https://s3.eu-central-1.amazonaws.com/uvpictures-eu-central-1/368/SP/PL/RENAULT-MASTER-223507_4.JPG,Renault,Master,2021,172000,KM,,Used,117000 PLN,PLN,CASH,117000 PLN,Total,Diesel,Manual,Spoticar Auto Centrum Golemo Kraków,Spoticar Auto Centrum Golemo KrakówSpoticar Auto Centrum Golemo Kraków,Gwarancja Spoticar Premium6 miesięcy
SPOT-71602,Peugeot 3008 · 122000 PLN,Peugeot 3008 · Cena: 122000 PLN · Gwarancja Spoticar Premium12 miesięcy · Spoticar Auto Centrum Golemo Kraków · Sprawdź ofertę!,https://www.spoticar.pl/znajdz-uzywany-samochod/peugeot-krakow-1200223530,https://s3.eu-central-1.amazonaws.com/uvpictures-eu-central-1/368/SP/PL/PEUGEOT-3008-223530_1.JPG,https://s3.eu-central-1.amazonaws.com/uvpictures-eu-central-1/368/SP/PL/PEUGEOT-3008-223530_2.JPG|https://s3.eu-central-1.amazonaws.com/uvpictures-eu-central-1/368/SP/PL/PEUGEOT-3008-223530_3.JPG|https://s3.eu-central-1.amazonaws.com/uvpictures-eu-central-1/368/SP/PL/PEUGEOT-3008-223530_4.JPG,Peugeot,3008,2025,15124,KM,,Used,122000 PLN,PLN,CASH,122000 PLN,Total,Hybrid,Automatic,Spoticar Auto Centrum Golemo Kraków,Spoticar Auto Centrum Golemo KrakówSpoticar Auto Centrum Golemo Kraków,Gwarancja Spoticar Premium12 miesięcy
SPOT-71620,Opel Crossland · 59900 PLN,Opel Crossland · Cena: 59900 PLN · Gwarancja Spoticar Premium12 miesięcy · SPOTICAR PRASEK RADOMRadom · Sprawdź ofertę!,https://www.spoticar.pl/znajdz-uzywany-samochod/opel-radom-1200223514,https://s3.eu-central-1.amazonaws.com/uvpictures-eu-central-1/368/SP/PL/OPEL-CROSSLAND-223514_1.JPG,https://s3.eu-central-1.amazonaws.com/uvpictures-eu-central-1/368/SP/PL/OPEL-CROSSLAND-223514_2.JPG|https://s3.eu-central-1.amazonaws.com/uvpictures-eu-central-1/368/SP/PL/OPEL-CROSSLAND-223514_3.JPG|https://s3.eu-central-1.amazonaws.com/uvpictures-eu-central-1/368/SP/PL/OPEL-CROSSLAND-223514_4.JPG,Opel,Crossland,2024,29922,KM,,Used,59900 PLN,PLN,CASH,59900 PLN,Total,Gasoline,Manual,SPOTICAR PRASEK RADOMRadom,SPOTICAR PRASEK RADOM,Gwarancja Spoticar Premium12 miesięcy
SPOT-71613,Citroën C4 · 69900 PLN,Citroën C4 · Cena: 69900 PLN · Gwarancja Spoticar Premium12 miesięcy · SPOTICAR STELLANTIS & YOU WARSZAWA AL. KRAKOWSKA · Sprawdź ofertę!,https://www.spoticar.pl/znajdz-uzywany-samochod/citroen-c4-12-puretech-feel-pack-ss-eat8-warszawa-1200223519,https://s3.eu-central-1.amazonaws.com/uvpictures-eu-central-1/368/SP/PL/CITROEN-C4-223519_1.JPG,https://s3.eu-central-1.amazonaws.com/uvpictures-eu-central-1/368/SP/PL/CITROEN-C4-223519_2.JPG|https://s3.eu-central-1.amazonaws.com/uvpictures-eu-central-1/368/SP/PL/CITROEN-C4-223519_3.JPG|https://s3.eu-central-1.amazonaws.com/uvpictures-eu-central-1/368/SP/PL/CITROEN-C4-223519_4.JPG,Citroën,C4,2023,38300,KM,,Used,69900 PLN,PLN,CASH,69900 PLN,Total,Gasoline,Automatic,SPOTICAR STELLANTIS & YOU WARSZAWA AL. KRAKOWSKA,SPOTICAR STELLANTIS & YOU WARSZAWA AL. KRAKOWSKASPOTICAR STELLANTIS & YOU WARSZAWA AL. KRAKOWSKA,Gwarancja Spoticar Premium12 miesięcy
SPOT-71677,Peugeot 308 · 79990 PLN,Peugeot 308 · Cena: 79990 PLN · Gwarancja Spoticar Premium12 miesięcy · SPOTICAR DEJON I DĄBROWSKI LEGNICA · Sprawdź ofertę!,https://www.spoticar.pl/znajdz-uzywany-samochod/peugeot-308-12-puretech-gt-pack-ss-eat8-legnica-1200223453,https://s3.eu-central-1.amazonaws.com/uvpictures-eu-central-1/368/SP/PL/PEUGEOT-308-223453_1.JPG,https://s3.eu-central-1.amazonaws.com/uvpictures-eu-central-1/368/SP/PL/PEUGEOT-308-223453_2.JPG|https://s3.eu-central-1.amazonaws.com/uvpictures-eu-central-1/368/SP/PL/PEUGEOT-308-223453_3.JPG|https://s3.eu-central-1.amazonaws.com/uvpictures-eu-central-1/368/SP/PL/PEUGEOT-308-223453_4.JPG,Peugeot,308,2023,62984,KM,,Used,79990 PLN,PLN,CASH,79990 PLN,Total,Gasoline,Automatic,SPOTICAR DEJON I DĄBROWSKI LEGNICA,SPOTICAR DEJON I DĄBROWSKI LEGNICASPOTICAR DEJON I DĄBROWSKI LEGNICA,Gwarancja Spoticar Premium12 miesięcy
SPOT-71645,Peugeot 308 · 69900 PLN,Peugeot 308 · Cena: 69900 PLN · Gwarancja Spoticar Premium12 miesięcy · Spoticar Marimex Kraków-LibertówKraków-Libertów · Sprawdź ofertę!,https://www.spoticar.pl/znajdz-uzywany-samochod/peugeot-308-12-puretech-allure-pack-ss-krakow-libertow-1200223486,https://s3.eu-central-1.amazonaws.com/uvpictures-eu-central-1/368/SP/PL/PEUGEOT-308-223486_1.JPG,https://s3.eu-central-1.amazonaws.com/uvpictures-eu-central-1/368/SP/PL/PEUGEOT-308-223486_2.JPG|https://s3.eu-central-1.amazonaws.com/uvpictures-eu-central-1/368/SP/PL/PEUGEOT-308-223486_3.JPG|https://s3.eu-central-1.amazonaws.com/uvpictures-eu-central-1/368/SP/PL/PEUGEOT-308-223486_4.JPG,Peugeot,308,2023,21064,KM,,Used,69900 PLN,PLN,CASH,69900 PLN,Total,Gasoline,Manual,Spoticar Marimex Kraków-LibertówKraków-Libertów,Spoticar Marimex Kraków-Libertów,Gwarancja Spoticar Premium12 miesięcy
SPOT-71654,Peugeot 5008 · 55900 PLN,Peugeot 5008 · Cena: 55900 PLN · Gwarancja Spoticar Premium6 miesięcy · SPOTICAR RIA STALOWA WOLAStalowa Wola / Grebów · Sprawdź ofertę!,https://www.spoticar.pl/znajdz-uzywany-samochod/peugeot-5008-12-puretech-active-ss-stalowa-wola-grebow-1200223477,https://s3.eu-central-1.amazonaws.com/uvpictures-eu-central-1/368/SP/PL/PEUGEOT-5008-223477_1.JPG,https://s3.eu-central-1.amazonaws.com/uvpictures-eu-central-1/368/SP/PL/PEUGEOT-5008-223477_2.JPG|https://s3.eu-central-1.amazonaws.com/uvpictures-eu-central-1/368/SP/PL/PEUGEOT-5008-223477_3.JPG|https://s3.eu-central-1.amazonaws.com/uvpictures-eu-central-1/368/SP/PL/PEUGEOT-5008-223477_4.JPG,Peugeot,5008,2018,121545,KM,,Used,55900 PLN,PLN,CASH,55900 PLN,Total,Gasoline,Manual,SPOTICAR RIA STALOWA WOLAStalowa Wola / Grebów,SPOTICAR RIA STALOWA WOLA,Gwarancja Spoticar Premium6 miesięcy
SPOT-71685,Opel Astra · 59900 PLN,Opel Astra · Cena: 59900 PLN · Gwarancja Spoticar Premium12 miesięcy · SPOTICAR SZTUKOWSKI OSTRÓW WLKP.Ostrów Wielkopolski · Sprawdź ofertę!,https://www.spoticar.pl/znajdz-uzywany-samochod/opel-astra-vi-12-t-edition-ss-ostrow-wielkopolski-1200223444,https://s3.eu-central-1.amazonaws.com/uvpictures-eu-central-1/368/SP/PL/OPEL-ASTRA-223444_1.JPG,https://s3.eu-central-1.amazonaws.com/uvpictures-eu-central-1/368/SP/PL/OPEL-ASTRA-223444_2.JPG|https://s3.eu-central-1.amazonaws.com/uvpictures-eu-central-1/368/SP/PL/OPEL-ASTRA-223444_3.JPG|https://s3.eu-central-1.amazonaws.com/uvpictures-eu-central-1/368/SP/PL/OPEL-ASTRA-223444_4.JPG,Opel,Astra,2024,52471,KM,,Used,59900 PLN,PLN,CASH,59900 PLN,Total,Gasoline,Manual,SPOTICAR SZTUKOWSKI OSTRÓW WLKP.Ostrów Wielkopolski,SPOTICAR SZTUKOWSKI OSTRÓW WLKP.,Gwarancja Spoticar Premium12 miesięcy
SPOT-71690,Opel Corsa · 42900 PLN,Opel Corsa · Cena: 42900 PLN · Gwarancja Spoticar Premium12 miesięcy · SPOTICAR RIA GRUDZIĄDZGRUDZIADZ · Sprawdź ofertę!,https://www.spoticar.pl/znajdz-uzywany-samochod/opel-corsa-12-edition-ss-grudziadz-1200223445,https://s3.eu-central-1.amazonaws.com/uvpictures-eu-central-1/368/SP/PL/OPEL-CORSA-223445_1.JPG,https://s3.eu-central-1.amazonaws.com/uvpictures-eu-central-1/368/SP/PL/OPEL-CORSA-223445_2.JPG|https://s3.eu-central-1.amazonaws.com/uvpictures-eu-central-1/368/SP/PL/OPEL-CORSA-223445_3.JPG|https://s3.eu-central-1.amazonaws.com/uvpictures-eu-central-1/368/SP/PL/OPEL-CORSA-223445_4.JPG,Opel,Corsa,2024,51793,KM,,Used,42900 PLN,PLN,CASH,42900 PLN,Total,Gasoline,Manual,SPOTICAR RIA GRUDZIĄDZGRUDZIADZ,SPOTICAR RIA GRUDZIĄDZ,Gwarancja Spoticar Premium12 miesięcy
SPOT-71698,Jeep Avenger · 99900 PLN,Jeep Avenger · Cena: 99900 PLN · Gwarancja Spoticar Premium12 miesięcy · SPOTICAR RIA GRUDZIĄDZGRUDZIADZ · Sprawdź ofertę!,https://www.spoticar.pl/znajdz-uzywany-samochod/jeep-grudziadz-1200223436,https://s3.eu-central-1.amazonaws.com/uvpictures-eu-central-1/368/SP/PL/JEEP-AVENGER-223436_1.JPG,https://s3.eu-central-1.amazonaws.com/uvpictures-eu-central-1/368/SP/PL/JEEP-AVENGER-223436_2.JPG|https://s3.eu-central-1.amazonaws.com/uvpictures-eu-central-1/368/SP/PL/JEEP-AVENGER-223436_3.JPG|https://s3.eu-central-1.amazonaws.com/uvpictures-eu-central-1/368/SP/PL/JEEP-AVENGER-223436_4.JPG,Jeep,Avenger,2024,28553,KM,,Used,99900 PLN,PLN,CASH,99900 PLN,Total,Electric,Automatic,SPOTICAR RIA GRUDZIĄDZGRUDZIADZ,SPOTICAR RIA GRUDZIĄDZ,Gwarancja Spoticar Premium12 miesięcy
SPOT-71701,Peugeot 2008 · 49900 PLN,Peugeot 2008 · Cena: 49900 PLN · Gwarancja Spoticar Premium6 miesięcy · SPOTICAR STELLANTIS & YOU WARSZAWA AL. KRAKOWSKA · Sprawdź ofertę!,https://www.spoticar.pl/znajdz-uzywany-samochod/peugeot-2008-12-puretech-gt-pack-ss-eat8-warszawa-1200223428,https://s3.eu-central-1.amazonaws.com/uvpictures-eu-central-1/368/SP/PL/PEUGEOT-2008-223428_1.JPG,https://s3.eu-central-1.amazonaws.com/uvpictures-eu-central-1/368/SP/PL/PEUGEOT-2008-223428_2.JPG|https://s3.eu-central-1.amazonaws.com/uvpictures-eu-central-1/368/SP/PL/PEUGEOT-2008-223428_3.JPG|https://s3.eu-central-1.amazonaws.com/uvpictures-eu-central-1/368/SP/PL/PEUGEOT-2008-223428_4.JPG,Peugeot,2008,2020,199000,KM,,Used,49900 PLN,PLN,CASH,49900 PLN,Total,Gasoline,Automatic,SPOTICAR STELLANTIS & YOU WARSZAWA AL. KRAKOWSKA,SPOTICAR STELLANTIS & YOU WARSZAWA AL. KRAKOWSKASPOTICAR STELLANTIS & YOU WARSZAWA AL. KRAKOWSKA,Gwarancja Spoticar Premium6 miesięcy
SPOT-71632,Peugeot 3008 · 91900 PLN,Peugeot 3008 · Cena: 91900 PLN · Gwarancja Spoticar Premium12 miesięcy · SPOTICAR MOJSIUK STARE BABICEBiesiekierz · Sprawdź ofertę!,https://www.spoticar.pl/znajdz-uzywany-samochod/peugeot-3008-12-puretech-allure-pack-ss-eat8-biesiekierz-1200223499,https://s3.eu-central-1.amazonaws.com/uvpictures-eu-central-1/368/SP/PL/PEUGEOT-3008-223499_1.JPG,https://s3.eu-central-1.amazonaws.com/uvpictures-eu-central-1/368/SP/PL/PEUGEOT-3008-223499_2.JPG|https://s3.eu-central-1.amazonaws.com/uvpictures-eu-central-1/368/SP/PL/PEUGEOT-3008-223499_3.JPG|https://s3.eu-central-1.amazonaws.com/uvpictures-eu-central-1/368/SP/PL/PEUGEOT-3008-223499_4.JPG,Peugeot,3008,2024,26649,KM,,Used,91900 PLN,PLN,CASH,91900 PLN,Total,Gasoline,Automatic,SPOTICAR MOJSIUK STARE BABICEBiesiekierz,SPOTICAR MOJSIUK STARE BABICE,Gwarancja Spoticar Premium12 miesięcy
SPOT-71634,Peugeot 308 · 82900 PLN,Peugeot 308 · Cena: 82900 PLN · Gwarancja Spoticar Premium12 miesięcy · SPOTICAR MOJSIUK STARE BABICEBiesiekierz · Sprawdź ofertę!,https://www.spoticar.pl/znajdz-uzywany-samochod/peugeot-308-12-puretech-gt-pack-ss-eat8-biesiekierz-1200223496,https://s3.eu-central-1.amazonaws.com/uvpictures-eu-central-1/368/SP/PL/PEUGEOT-308-223496_1.JPG,https://s3.eu-central-1.amazonaws.com/uvpictures-eu-central-1/368/SP/PL/PEUGEOT-308-223496_2.JPG|https://s3.eu-central-1.amazonaws.com/uvpictures-eu-central-1/368/SP/PL/PEUGEOT-308-223496_3.JPG|https://s3.eu-central-1.amazonaws.com/uvpictures-eu-central-1/368/SP/PL/PEUGEOT-308-223496_4.JPG,Peugeot,308,2023,33334,KM,,Used,82900 PLN,PLN,CASH,82900 PLN,Total,Gasoline,Automatic,SPOTICAR MOJSIUK STARE BABICEBiesiekierz,SPOTICAR MOJSIUK STARE BABICE,Gwarancja Spoticar Premium12 miesięcy
SPOT-71705,Peugeot 3008 · 89900 PLN,Peugeot 3008 · Cena: 89900 PLN · Gwarancja Spoticar Premium6 miesięcy · SPOTICAR STELLANTIS & YOU WARSZAWA AL. KRAKOWSKA · Sprawdź ofertę!,https://www.spoticar.pl/znajdz-uzywany-samochod/peugeot-3008-16-puretech-gt-pack-ss-eat8-warszawa-1200223426,https://s3.eu-central-1.amazonaws.com/uvpictures-eu-central-1/368/SP/PL/PEUGEOT-3008-223426_1.JPG,https://s3.eu-central-1.amazonaws.com/uvpictures-eu-central-1/368/SP/PL/PEUGEOT-3008-223426_2.JPG|https://s3.eu-central-1.amazonaws.com/uvpictures-eu-central-1/368/SP/PL/PEUGEOT-3008-223426_3.JPG|https://s3.eu-central-1.amazonaws.com/uvpictures-eu-central-1/368/SP/PL/PEUGEOT-3008-223426_4.JPG,Peugeot,3008,2021,103000,KM,,Used,89900 PLN,PLN,CASH,89900 PLN,Total,Gasoline,Automatic,SPOTICAR STELLANTIS & YOU WARSZAWA AL. KRAKOWSKA,SPOTICAR STELLANTIS & YOU WARSZAWA AL. KRAKOWSKASPOTICAR STELLANTIS & YOU WARSZAWA AL. KRAKOWSKA,Gwarancja Spoticar Premium6 miesięcy
SPOT-71703,Peugeot 3008 · 77900 PLN,Peugeot 3008 · Cena: 77900 PLN · Gwarancja Spoticar Premium12 miesięcy · SPOTICAR STELLANTIS & YOU WARSZAWA AL. KRAKOWSKA · Sprawdź ofertę!,https://www.spoticar.pl/znajdz-uzywany-samochod/peugeot-3008-12-puretech-gt-ss-eat8-warszawa-1200223427,https://s3.eu-central-1.amazonaws.com/uvpictures-eu-central-1/368/SP/PL/PEUGEOT-3008-223427_1.JPG,https://s3.eu-central-1.amazonaws.com/uvpictures-eu-central-1/368/SP/PL/PEUGEOT-3008-223427_2.JPG|https://s3.eu-central-1.amazonaws.com/uvpictures-eu-central-1/368/SP/PL/PEUGEOT-3008-223427_3.JPG|https://s3.eu-central-1.amazonaws.com/uvpictures-eu-central-1/368/SP/PL/PEUGEOT-3008-223427_4.JPG,Peugeot,3008,2023,68500,KM,,Used,77900 PLN,PLN,CASH,77900 PLN,Total,Gasoline,Automatic,SPOTICAR STELLANTIS & YOU WARSZAWA AL. KRAKOWSKA,SPOTICAR STELLANTIS & YOU WARSZAWA AL. KRAKOWSKASPOTICAR STELLANTIS & YOU WARSZAWA AL. KRAKOWSKA,Gwarancja Spoticar Premium12 miesięcy
SPOT-71744,Opel Mokka · 102990 PLN,Opel Mokka · Cena: 102990 PLN · Gwarancja Spoticar Premium12 miesięcy · Spoticar GEZET SzczecinSzczecin · Sprawdź ofertę!,https://www.spoticar.pl/znajdz-uzywany-samochod/opel-mokka-12-t-edition-ss-aut-szczecin-1200223388,https://s3.eu-central-1.amazonaws.com/uvpictures-eu-central-1/368/SP/PL/OPEL-MOKKA-223388_1.JPG,https://s3.eu-central-1.amazonaws.com/uvpictures-eu-central-1/368/SP/PL/OPEL-MOKKA-223388_2.JPG|https://s3.eu-central-1.amazonaws.com/uvpictures-eu-central-1/368/SP/PL/OPEL-MOKKA-223388_3.JPG|https://s3.eu-central-1.amazonaws.com/uvpictures-eu-central-1/368/SP/PL/OPEL-MOKKA-223388_4.JPG,Opel,Mokka,2024,12252,KM,,Used,102990 PLN,PLN,CASH,102990 PLN,Total,Gasoline,Automatic,Spoticar GEZET SzczecinSzczecin,Spoticar GEZET Szczecin,Gwarancja Spoticar Premium12 miesięcy
SPOT-71759,Hyundai Tucson · 104990 PLN,Hyundai Tucson · Cena: 104990 PLN · Gwarancja Spoticar Premium12 miesięcy · Spoticar GEZET SzczecinSzczecin · Sprawdź ofertę!,https://www.spoticar.pl/znajdz-uzywany-samochod/hyundai-tucson-16-t-gdi-48v-smart-2wd-dct-szczecin-1200223372,https://s3.eu-central-1.amazonaws.com/uvpictures-eu-central-1/368/SP/PL/HYUNDAI-TUCSON-223372_1.JPG,https://s3.eu-central-1.amazonaws.com/uvpictures-eu-central-1/368/SP/PL/HYUNDAI-TUCSON-223372_2.JPG|https://s3.eu-central-1.amazonaws.com/uvpictures-eu-central-1/368/SP/PL/HYUNDAI-TUCSON-223372_3.JPG|https://s3.eu-central-1.amazonaws.com/uvpictures-eu-central-1/368/SP/PL/HYUNDAI-TUCSON-223372_4.JPG,Hyundai,Tucson,2022,45531,KM,,Used,104990 PLN,PLN,CASH,104990 PLN,Total,Gasoline,Automatic,Spoticar GEZET SzczecinSzczecin,Spoticar GEZET Szczecin,Gwarancja Spoticar Premium12 miesięcy
SPOT-71731,Citroën Jumpy · 115000 PLN,Citroën Jumpy · Cena: 115000 PLN · Gwarancja Spoticar Premium12 miesięcy · SPOTICAR STELLANTIS & YOU WARSZAWA RADZYMIŃSKA · Sprawdź ofertę!,https://www.spoticar.pl/znajdz-uzywany-samochod/citroen-jumpy-20-bluehdi-m-28t-bryg-warszawa-1200223400,https://s3.eu-central-1.amazonaws.com/uvpictures-eu-central-1/368/SP/PL/CITROEN-JUMPY-223400_1.JPG,https://s3.eu-central-1.amazonaws.com/uvpictures-eu-central-1/368/SP/PL/CITROEN-JUMPY-223400_2.JPG|https://s3.eu-central-1.amazonaws.com/uvpictures-eu-central-1/368/SP/PL/CITROEN-JUMPY-223400_3.JPG|https://s3.eu-central-1.amazonaws.com/uvpictures-eu-central-1/368/SP/PL/CITROEN-JUMPY-223400_4.JPG,Citroën,Jumpy,2025,8800,KM,,Used,115000 PLN,PLN,CASH,115000 PLN,Total,Diesel,Manual,SPOTICAR STELLANTIS & YOU WARSZAWA RADZYMIŃSKA,SPOTICAR STELLANTIS & YOU WARSZAWA RADZYMIŃSKASPOTICAR STELLANTIS & YOU WARSZAWA RADZYMIŃSKA,Gwarancja Spoticar Premium12 miesięcy
SPOT-71706,Citroën C5 Aircross · 83900 PLN,Citroën C5 Aircross · Cena: 83900 PLN · Gwarancja Spoticar Premium12 miesięcy · SPOTICAR STELLANTIS & YOU WARSZAWA AL. KRAKOWSKA · Sprawdź ofertę!,https://www.spoticar.pl/znajdz-uzywany-samochod/citroen-c5-aircross-15-bluehdi-max-eat8-warszawa-1200223424,https://s3.eu-central-1.amazonaws.com/uvpictures-eu-central-1/368/SP/PL/CITROEN-C5-AIRCROSS-223424_1.JPG,https://s3.eu-central-1.amazonaws.com/uvpictures-eu-central-1/368/SP/PL/CITROEN-C5-AIRCROSS-223424_2.JPG|https://s3.eu-central-1.amazonaws.com/uvpictures-eu-central-1/368/SP/PL/CITROEN-C5-AIRCROSS-223424_3.JPG|https://s3.eu-central-1.amazonaws.com/uvpictures-eu-central-1/368/SP/PL/CITROEN-C5-AIRCROSS-223424_4.JPG,Citroën,C5 Aircross,2024,80370,KM,,Used,83900 PLN,PLN,CASH,83900 PLN,Total,Diesel,Automatic,SPOTICAR STELLANTIS & YOU WARSZAWA AL. KRAKOWSKA,SPOTICAR STELLANTIS & YOU WARSZAWA AL. KRAKOWSKASPOTICAR STELLANTIS & YOU WARSZAWA AL. KRAKOWSKA,Gwarancja Spoticar Premium12 miesięcy
SPOT-71751,Opel Grandland · 125990 PLN,Opel Grandland · Cena: 125990 PLN · Gwarancja Spoticar Premium12 miesięcy · Spoticar GEZET SzczecinSzczecin · Sprawdź ofertę!,https://www.spoticar.pl/znajdz-uzywany-samochod/opel-grandland-12-t-business-edition-ss-szczecin-1200223380,https://s3.eu-central-1.amazonaws.com/uvpictures-eu-central-1/368/SP/PL/OPEL-GRANDLAND-223380_1.JPG,https://s3.eu-central-1.amazonaws.com/uvpictures-eu-central-1/368/SP/PL/OPEL-GRANDLAND-223380_2.JPG|https://s3.eu-central-1.amazonaws.com/uvpictures-eu-central-1/368/SP/PL/OPEL-GRANDLAND-223380_3.JPG|https://s3.eu-central-1.amazonaws.com/uvpictures-eu-central-1/368/SP/PL/OPEL-GRANDLAND-223380_4.JPG,Opel,Grandland,2024,8946,KM,,Used,125990 PLN,PLN,CASH,125990 PLN,Total,Gasoline,Manual,Spoticar GEZET SzczecinSzczecin,Spoticar GEZET Szczecin,Gwarancja Spoticar Premium12 miesięcy
SPOT-71724,Fiat Tipo · 35900 PLN,Fiat Tipo · Cena: 35900 PLN · Gwarancja Spoticar Premium6 miesięcy · SPOTICAR RIA STALOWA WOLAStalowa Wola / Grebów · Sprawdź ofertę!,https://www.spoticar.pl/znajdz-uzywany-samochod/fiat-tipo-14-classic-stalowa-wola-grebow-1200223407,https://s3.eu-central-1.amazonaws.com/uvpictures-eu-central-1/368/SP/PL/FIAT-TIPO-223407_1.JPG,https://s3.eu-central-1.amazonaws.com/uvpictures-eu-central-1/368/SP/PL/FIAT-TIPO-223407_2.JPG|https://s3.eu-central-1.amazonaws.com/uvpictures-eu-central-1/368/SP/PL/FIAT-TIPO-223407_3.JPG|https://s3.eu-central-1.amazonaws.com/uvpictures-eu-central-1/368/SP/PL/FIAT-TIPO-223407_4.JPG,Fiat,Tipo,2021,114900,KM,,Used,35900 PLN,PLN,CASH,35900 PLN,Total,Gasoline,Manual,SPOTICAR RIA STALOWA WOLAStalowa Wola / Grebów,SPOTICAR RIA STALOWA WOLA,Gwarancja Spoticar Premium6 miesięcy
SPOT-71761,Fiat Ducato · 150048 PLN,Fiat Ducato · Cena: 150048 PLN · Gwarancja Spoticar Premium12 miesięcy · Spoticar GEZET SzczecinSzczecin · Sprawdź ofertę!,https://www.spoticar.pl/znajdz-uzywany-samochod/fiat-ducato-maxi-mj-l3h2-szczecin-1200223370,https://s3.eu-central-1.amazonaws.com/uvpictures-eu-central-1/368/SP/PL/FIAT-DUCATO-223370_1.JPG,https://s3.eu-central-1.amazonaws.com/uvpictures-eu-central-1/368/SP/PL/FIAT-DUCATO-223370_2.JPG|https://s3.eu-central-1.amazonaws.com/uvpictures-eu-central-1/368/SP/PL/FIAT-DUCATO-223370_3.JPG|https://s3.eu-central-1.amazonaws.com/uvpictures-eu-central-1/368/SP/PL/FIAT-DUCATO-223370_4.JPG,Fiat,Ducato,2025,6,KM,,Used,150048 PLN,PLN,CASH,150048 PLN,Total,Diesel,Manual,Spoticar GEZET SzczecinSzczecin,Spoticar GEZET Szczecin,Gwarancja Spoticar Premium12 miesięcy
SPOT-71762,Fiat Ducato · 150048 PLN,Fiat Ducato · Cena: 150048 PLN · Gwarancja Spoticar Premium12 miesięcy · Spoticar GEZET SzczecinSzczecin · Sprawdź ofertę!,https://www.spoticar.pl/znajdz-uzywany-samochod/fiat-ducato-maxi-mj-l3h2-szczecin-1200223369,https://s3.eu-central-1.amazonaws.com/uvpictures-eu-central-1/368/SP/PL/FIAT-DUCATO-223369_1.JPG,https://s3.eu-central-1.amazonaws.com/uvpictures-eu-central-1/368/SP/PL/FIAT-DUCATO-223369_2.JPG|https://s3.eu-central-1.amazonaws.com/uvpictures-eu-central-1/368/SP/PL/FIAT-DUCATO-223369_3.JPG|https://s3.eu-central-1.amazonaws.com/uvpictures-eu-central-1/368/SP/PL/FIAT-DUCATO-223369_4.JPG,Fiat,Ducato,2025,6,KM,,Used,150048 PLN,PLN,CASH,150048 PLN,Total,Diesel,Manual,Spoticar GEZET SzczecinSzczecin,Spoticar GEZET Szczecin,Gwarancja Spoticar Premium12 miesięcy
SPOT-71781,Peugeot 508 · 109990 PLN,Peugeot 508 · Cena: 109990 PLN · Gwarancja Spoticar Premium12 miesięcy · Spoticar GEZET SzczecinSzczecin · Sprawdź ofertę!,https://www.spoticar.pl/znajdz-uzywany-samochod/peugeot-508-15-bluehdi-active-pack-ss-eat8-szczecin-1200223351,https://s3.eu-central-1.amazonaws.com/uvpictures-eu-central-1/368/SP/PL/PEUGEOT-508-223351_1.JPG,https://s3.eu-central-1.amazonaws.com/uvpictures-eu-central-1/368/SP/PL/PEUGEOT-508-223351_2.JPG|https://s3.eu-central-1.amazonaws.com/uvpictures-eu-central-1/368/SP/PL/PEUGEOT-508-223351_3.JPG|https://s3.eu-central-1.amazonaws.com/uvpictures-eu-central-1/368/SP/PL/PEUGEOT-508-223351_4.JPG,Peugeot,508,2022,48545,KM,,Used,109990 PLN,PLN,CASH,109990 PLN,Total,Diesel,Automatic,Spoticar GEZET SzczecinSzczecin,Spoticar GEZET Szczecin,Gwarancja Spoticar Premium12 miesięcy
SPOT-71778,Peugeot 508 · 109990 PLN,Peugeot 508 · Cena: 109990 PLN · Gwarancja Spoticar Premium12 miesięcy · Spoticar GEZET SzczecinSzczecin · Sprawdź ofertę!,https://www.spoticar.pl/znajdz-uzywany-samochod/peugeot-508-15-bluehdi-active-pack-ss-eat8-szczecin-1200223352,https://s3.eu-central-1.amazonaws.com/uvpictures-eu-central-1/368/SP/PL/PEUGEOT-508-223352_1.JPG,https://s3.eu-central-1.amazonaws.com/uvpictures-eu-central-1/368/SP/PL/PEUGEOT-508-223352_2.JPG|https://s3.eu-central-1.amazonaws.com/uvpictures-eu-central-1/368/SP/PL/PEUGEOT-508-223352_3.JPG|https://s3.eu-central-1.amazonaws.com/uvpictures-eu-central-1/368/SP/PL/PEUGEOT-508-223352_4.JPG,Peugeot,508,2022,30413,KM,,Used,109990 PLN,PLN,CASH,109990 PLN,Total,Diesel,Automatic,Spoticar GEZET SzczecinSzczecin,Spoticar GEZET Szczecin,Gwarancja Spoticar Premium12 miesięcy
SPOT-71781,Peugeot 508 · 109990 PLN,Peugeot 508 · Cena: 109990 PLN · Gwarancja Spoticar Premium12 miesięcy · Spoticar GEZET SzczecinSzczecin · Sprawdź ofertę!,https://www.spoticar.pl/znajdz-uzywany-samochod/peugeot-508-15-bluehdi-active-pack-ss-eat8-szczecin-1200223351,https://s3.eu-central-1.amazonaws.com/uvpictures-eu-central-1/368/SP/PL/PEUGEOT-508-223351_1.JPG,https://s3.eu-central-1.amazonaws.com/uvpictures-eu-central-1/368/SP/PL/PEUGEOT-508-223351_2.JPG|https://s3.eu-central-1.amazonaws.com/uvpictures-eu-central-1/368/SP/PL/PEUGEOT-508-223351_3.JPG|https://s3.eu-central-1.amazonaws.com/uvpictures-eu-central-1/368/SP/PL/PEUGEOT-508-223351_4.JPG,Peugeot,508,2022,48545,KM,,Used,109990 PLN,PLN,CASH,109990 PLN,Total,Diesel,Automatic,Spoticar GEZET SzczecinSzczecin,Spoticar GEZET Szczecin,Gwarancja Spoticar Premium12 miesięcy
SPOT-71784,Opel Movano · 145128 PLN,Opel Movano · Cena: 145128 PLN · Gwarancja Spoticar Premium12 miesięcy · Spoticar GEZET SzczecinSzczecin · Sprawdź ofertę!,https://www.spoticar.pl/znajdz-uzywany-samochod/opel-movano-heavy-cdti-l4h2-szczecin-1200223273,https://s3.eu-central-1.amazonaws.com/uvpictures-eu-central-1/368/SP/PL/OPEL-MOVANO-223273_1.JPG,https://s3.eu-central-1.amazonaws.com/uvpictures-eu-central-1/368/SP/PL/OPEL-MOVANO-223273_2.JPG|https://s3.eu-central-1.amazonaws.com/uvpictures-eu-central-1/368/SP/PL/OPEL-MOVANO-223273_3.JPG|https://s3.eu-central-1.amazonaws.com/uvpictures-eu-central-1/368/SP/PL/OPEL-MOVANO-223273_4.JPG,Opel,Movano,2022,10600,KM,,Used,145128 PLN,PLN,CASH,145128 PLN,Total,Diesel,Manual,Spoticar GEZET SzczecinSzczecin,Spoticar GEZET Szczecin,Gwarancja Spoticar Premium12 miesięcy
SPOT-71578,Fiat 600 · 89900 PLN,Fiat 600 · Cena: 89900 PLN · Gwarancja Spoticar Premium12 miesięcy · SPOTICAR SZTUKOWSKI OSTRÓW WLKP.Ostrów Wielkopolski · Sprawdź ofertę!,https://www.spoticar.pl/znajdz-uzywany-samochod/fiat-600-e-54kwh-la-prima-ostrow-wielkopolski-1200223554,https://s3.eu-central-1.amazonaws.com/uvpictures-eu-central-1/368/SP/PL/FIAT-600-223554_1.JPG,https://s3.eu-central-1.amazonaws.com/uvpictures-eu-central-1/368/SP/PL/FIAT-600-223554_2.JPG|https://s3.eu-central-1.amazonaws.com/uvpictures-eu-central-1/368/SP/PL/FIAT-600-223554_3.JPG|https://s3.eu-central-1.amazonaws.com/uvpictures-eu-central-1/368/SP/PL/FIAT-600-223554_4.JPG,Fiat,600,2024,30054,KM,,Used,89900 PLN,PLN,CASH,89900 PLN,Total,Electric,Automatic,SPOTICAR SZTUKOWSKI OSTRÓW WLKP.Ostrów Wielkopolski,SPOTICAR SZTUKOWSKI OSTRÓW WLKP.,Gwarancja Spoticar Premium12 miesięcy
SPOT-71849,Opel Crossland · 98990 PLN,Opel Crossland · Cena: 98990 PLN · Gwarancja Spoticar Premium12 miesięcy · Spoticar GEZET SzczecinSzczecin · Sprawdź ofertę!,https://www.spoticar.pl/znajdz-uzywany-samochod/opel-crossland-12-t-edition-szczecin-1200223294,https://s3.eu-central-1.amazonaws.com/uvpictures-eu-central-1/368/SP/PL/OPEL-CROSSLAND-223294_1.JPG,https://s3.eu-central-1.amazonaws.com/uvpictures-eu-central-1/368/SP/PL/OPEL-CROSSLAND-223294_2.JPG|https://s3.eu-central-1.amazonaws.com/uvpictures-eu-central-1/368/SP/PL/OPEL-CROSSLAND-223294_3.JPG|https://s3.eu-central-1.amazonaws.com/uvpictures-eu-central-1/368/SP/PL/OPEL-CROSSLAND-223294_4.JPG,Opel,Crossland,2022,9400,KM,,Used,98990 PLN,PLN,CASH,98990 PLN,Total,Gasoline,Manual,Spoticar GEZET SzczecinSzczecin,Spoticar GEZET Szczecin,Gwarancja Spoticar Premium12 miesięcy
SPOT-71841,Opel Insignia · 84990 PLN,Opel Insignia · Cena: 84990 PLN · Gwarancja Spoticar Premium6 miesięcy · Spoticar GEZET SzczecinSzczecin · Sprawdź ofertę!,https://www.spoticar.pl/znajdz-uzywany-samochod/opel-insignia-15-cdti-business-edition-ss-szczecin-1200223306,https://s3.eu-central-1.amazonaws.com/uvpictures-eu-central-1/368/SP/PL/OPEL-INSIGNIA-223306_1.JPG,https://s3.eu-central-1.amazonaws.com/uvpictures-eu-central-1/368/SP/PL/OPEL-INSIGNIA-223306_2.JPG|https://s3.eu-central-1.amazonaws.com/uvpictures-eu-central-1/368/SP/PL/OPEL-INSIGNIA-223306_3.JPG|https://s3.eu-central-1.amazonaws.com/uvpictures-eu-central-1/368/SP/PL/OPEL-INSIGNIA-223306_4.JPG,Opel,Insignia,2021,65000,KM,,Used,84990 PLN,PLN,CASH,84990 PLN,Total,Diesel,Manual,Spoticar GEZET SzczecinSzczecin,Spoticar GEZET Szczecin,Gwarancja Spoticar Premium6 miesięcy
SPOT-71823,Fiat 500 · 153990 PLN,Fiat 500 · Cena: 153990 PLN · Gwarancja Spoticar Premium12 miesięcy · Spoticar GEZET SzczecinSzczecin · Sprawdź ofertę!,https://www.spoticar.pl/znajdz-uzywany-samochod/fiat-500-red-szczecin-1200223321,https://s3.eu-central-1.amazonaws.com/uvpictures-eu-central-1/368/SP/PL/FIAT-500-223321_1.JPG,https://s3.eu-central-1.amazonaws.com/uvpictures-eu-central-1/368/SP/PL/FIAT-500-223321_2.JPG|https://s3.eu-central-1.amazonaws.com/uvpictures-eu-central-1/368/SP/PL/FIAT-500-223321_3.JPG|https://s3.eu-central-1.amazonaws.com/uvpictures-eu-central-1/368/SP/PL/FIAT-500-223321_4.JPG,Fiat,500,2023,2000,KM,,Used,153990 PLN,PLN,CASH,153990 PLN,Total,Electric,Automatic,Spoticar GEZET SzczecinSzczecin,Spoticar GEZET Szczecin,Gwarancja Spoticar Premium12 miesięcy
SPOT-71824,Fiat Tipo · 122990 PLN,Fiat Tipo · Cena: 122990 PLN · Gwarancja Spoticar Premium12 miesięcy · Spoticar GEZET SzczecinSzczecin · Sprawdź ofertę!,https://www.spoticar.pl/znajdz-uzywany-samochod/fiat-tipo-15-hybrid-dct-szczecin-1200223320,https://s3.eu-central-1.amazonaws.com/uvpictures-eu-central-1/368/SP/PL/FIAT-TIPO-223320_1.JPG,https://s3.eu-central-1.amazonaws.com/uvpictures-eu-central-1/368/SP/PL/FIAT-TIPO-223320_2.JPG|https://s3.eu-central-1.amazonaws.com/uvpictures-eu-central-1/368/SP/PL/FIAT-TIPO-223320_3.JPG|https://s3.eu-central-1.amazonaws.com/uvpictures-eu-central-1/368/SP/PL/FIAT-TIPO-223320_4.JPG,Fiat,Tipo,2023,6000,KM,,Used,122990 PLN,PLN,CASH,122990 PLN,Total,Gasoline,Automatic,Spoticar GEZET SzczecinSzczecin,Spoticar GEZET Szczecin,Gwarancja Spoticar Premium12 miesięcy
SPOT-71796,Opel Grandland · 112990 PLN,Opel Grandland · Cena: 112990 PLN · Gwarancja Spoticar Premium12 miesięcy · Spoticar GEZET SzczecinSzczecin · Sprawdź ofertę!,https://www.spoticar.pl/znajdz-uzywany-samochod/opel-grandland-12-t-business-edition-ss-szczecin-1200223277,https://s3.eu-central-1.amazonaws.com/uvpictures-eu-central-1/368/SP/PL/OPEL-GRANDLAND-223277_1.JPG,https://s3.eu-central-1.amazonaws.com/uvpictures-eu-central-1/368/SP/PL/OPEL-GRANDLAND-223277_2.JPG|https://s3.eu-central-1.amazonaws.com/uvpictures-eu-central-1/368/SP/PL/OPEL-GRANDLAND-223277_3.JPG|https://s3.eu-central-1.amazonaws.com/uvpictures-eu-central-1/368/SP/PL/OPEL-GRANDLAND-223277_4.JPG,Opel,Grandland,2022,16170,KM,,Used,112990 PLN,PLN,CASH,112990 PLN,Total,Gasoline,Manual,Spoticar GEZET SzczecinSzczecin,Spoticar GEZET Szczecin,Gwarancja Spoticar Premium12 miesięcy
SPOT-71813,Fiat Doblo · 119298 PLN,Fiat Doblo · Cena: 119298 PLN · Gwarancja Spoticar Premium12 miesięcy · Spoticar GEZET SzczecinSzczecin · Sprawdź ofertę!,https://www.spoticar.pl/znajdz-uzywany-samochod/fiat-doblo-combi-15-bluehdi-ss-aut-szczecin-1200223332,https://s3.eu-central-1.amazonaws.com/uvpictures-eu-central-1/368/SP/PL/FIAT-DOBLO-223332_1.JPG,https://s3.eu-central-1.amazonaws.com/uvpictures-eu-central-1/368/SP/PL/FIAT-DOBLO-223332_2.JPG|https://s3.eu-central-1.amazonaws.com/uvpictures-eu-central-1/368/SP/PL/FIAT-DOBLO-223332_3.JPG|https://s3.eu-central-1.amazonaws.com/uvpictures-eu-central-1/368/SP/PL/FIAT-DOBLO-223332_4.JPG,Fiat,Doblo,2024,2000,KM,,Used,119298 PLN,PLN,CASH,119298 PLN,Total,Diesel,Automatic,Spoticar GEZET SzczecinSzczecin,Spoticar GEZET Szczecin,Gwarancja Spoticar Premium12 miesięcy
SPOT-71762,Fiat Ducato · 150048 PLN,Fiat Ducato · Cena: 150048 PLN · Gwarancja Spoticar Premium12 miesięcy · Spoticar GEZET SzczecinSzczecin · Sprawdź ofertę!,https://www.spoticar.pl/znajdz-uzywany-samochod/fiat-ducato-maxi-mj-l3h2-szczecin-1200223369,https://s3.eu-central-1.amazonaws.com/uvpictures-eu-central-1/368/SP/PL/FIAT-DUCATO-223369_1.JPG,https://s3.eu-central-1.amazonaws.com/uvpictures-eu-central-1/368/SP/PL/FIAT-DUCATO-223369_2.JPG|https://s3.eu-central-1.amazonaws.com/uvpictures-eu-central-1/368/SP/PL/FIAT-DUCATO-223369_3.JPG|https://s3.eu-central-1.amazonaws.com/uvpictures-eu-central-1/368/SP/PL/FIAT-DUCATO-223369_4.JPG,Fiat,Ducato,2025,6,KM,,Used,150048 PLN,PLN,CASH,150048 PLN,Total,Diesel,Manual,Spoticar GEZET SzczecinSzczecin,Spoticar GEZET Szczecin,Gwarancja Spoticar Premium12 miesięcy
SPOT-71819,Fiat Ducato · 186948 PLN,Fiat Ducato · Cena: 186948 PLN · Gwarancja Spoticar Premium12 miesięcy · Spoticar GEZET SzczecinSzczecin · Sprawdź ofertę!,https://www.spoticar.pl/znajdz-uzywany-samochod/fiat-ducato-maxi-mj-l4h2-szczecin-1200223323,https://s3.eu-central-1.amazonaws.com/uvpictures-eu-central-1/368/SP/PL/FIAT-DUCATO-223323_1.JPG,https://s3.eu-central-1.amazonaws.com/uvpictures-eu-central-1/368/SP/PL/FIAT-DUCATO-223323_2.JPG|https://s3.eu-central-1.amazonaws.com/uvpictures-eu-central-1/368/SP/PL/FIAT-DUCATO-223323_3.JPG|https://s3.eu-central-1.amazonaws.com/uvpictures-eu-central-1/368/SP/PL/FIAT-DUCATO-223323_4.JPG,Fiat,Ducato,2024,6,KM,,Used,186948 PLN,PLN,CASH,186948 PLN,Total,Diesel,Manual,Spoticar GEZET SzczecinSzczecin,Spoticar GEZET Szczecin,Gwarancja Spoticar Premium12 miesięcy
SPOT-71808,Fiat Ducato · 151278 PLN,Fiat Ducato · Cena: 151278 PLN · Gwarancja Spoticar Premium12 miesięcy · Spoticar GEZET SzczecinSzczecin · Sprawdź ofertę!,https://www.spoticar.pl/znajdz-uzywany-samochod/fiat-ducato-maxi-mj-l2h2-szczecin-1200223336,https://s3.eu-central-1.amazonaws.com/uvpictures-eu-central-1/368/SP/PL/FIAT-DUCATO-223336_1.JPG,https://s3.eu-central-1.amazonaws.com/uvpictures-eu-central-1/368/SP/PL/FIAT-DUCATO-223336_2.JPG|https://s3.eu-central-1.amazonaws.com/uvpictures-eu-central-1/368/SP/PL/FIAT-DUCATO-223336_3.JPG|https://s3.eu-central-1.amazonaws.com/uvpictures-eu-central-1/368/SP/PL/FIAT-DUCATO-223336_4.JPG,Fiat,Ducato,2023,3000,KM,,Used,151278 PLN,PLN,CASH,151278 PLN,Total,Diesel,Manual,Spoticar GEZET SzczecinSzczecin,Spoticar GEZET Szczecin,Gwarancja Spoticar Premium12 miesięcy
SPOT-71825,Fiat Ducato · 147588 PLN,Fiat Ducato · Cena: 147588 PLN · Gwarancja Spoticar Premium12 miesięcy · Spoticar GEZET SzczecinSzczecin · Sprawdź ofertę!,https://www.spoticar.pl/znajdz-uzywany-samochod/fiat-ducato-maxi-mj-l2h2-szczecin-1200223319,https://s3.eu-central-1.amazonaws.com/uvpictures-eu-central-1/368/SP/PL/FIAT-DUCATO-223319_1.JPG,https://s3.eu-central-1.amazonaws.com/uvpictures-eu-central-1/368/SP/PL/FIAT-DUCATO-223319_2.JPG|https://s3.eu-central-1.amazonaws.com/uvpictures-eu-central-1/368/SP/PL/FIAT-DUCATO-223319_3.JPG|https://s3.eu-central-1.amazonaws.com/uvpictures-eu-central-1/368/SP/PL/FIAT-DUCATO-223319_4.JPG,Fiat,Ducato,2024,6,KM,,Used,147588 PLN,PLN,CASH,147588 PLN,Total,Diesel,Manual,Spoticar GEZET SzczecinSzczecin,Spoticar GEZET Szczecin,Gwarancja Spoticar Premium12 miesięcy
SPOT-68548,Peugeot 408 · 129990 PLN,Peugeot 408 · Cena: 129990 PLN · Gwarancja Spoticar Premium12 miesięcy · SPOTICAR DEJON I DĄBROWSKI LEGNICA · Sprawdź ofertę!,https://www.spoticar.pl/znajdz-uzywany-samochod/peugeot-408-16-plug-hybrid-225-allure-eat8-legnica-1200220340,https://s3.eu-central-1.amazonaws.com/uvpictures-eu-central-1/368/SP/PL/PEUGEOT-408-220340_1.JPG,https://s3.eu-central-1.amazonaws.com/uvpictures-eu-central-1/368/SP/PL/PEUGEOT-408-220340_2.JPG|https://s3.eu-central-1.amazonaws.com/uvpictures-eu-central-1/368/SP/PL/PEUGEOT-408-220340_3.JPG|https://s3.eu-central-1.amazonaws.com/uvpictures-eu-central-1/368/SP/PL/PEUGEOT-408-220340_4.JPG,Peugeot,408,2025,15758,KM,,Used,129990 PLN,PLN,CASH,129990 PLN,Total,Gasoline,Automatic,SPOTICAR DEJON I DĄBROWSKI LEGNICA,SPOTICAR DEJON I DĄBROWSKI LEGNICASPOTICAR DEJON I DĄBROWSKI LEGNICA,Gwarancja Spoticar Premium12 miesięcy
SPOT-70979,Peugeot 3008 · 89900 PLN,Peugeot 3008 · Cena: 89900 PLN · Gwarancja Spoticar Premium6 miesięcy · Spoticar  Budmat Auto PłockPłock · Sprawdź ofertę!,https://www.spoticar.pl/znajdz-uzywany-samochod/peugeot-3008-16-puretech-hybrid-phev-gt-ss-eat8-plock-1200222727,https://s3.eu-central-1.amazonaws.com/uvpictures-eu-central-1/368/SP/PL/PEUGEOT-3008-222727_1.JPG,https://s3.eu-central-1.amazonaws.com/uvpictures-eu-central-1/368/SP/PL/PEUGEOT-3008-222727_2.JPG|https://s3.eu-central-1.amazonaws.com/uvpictures-eu-central-1/368/SP/PL/PEUGEOT-3008-222727_3.JPG|https://s3.eu-central-1.amazonaws.com/uvpictures-eu-central-1/368/SP/PL/PEUGEOT-3008-222727_4.JPG,Peugeot,3008,2021,115000,KM,,Used,89900 PLN,PLN,CASH,89900 PLN,Total,Gasoline,Automatic,Spoticar  Budmat Auto PłockPłock,Spoticar  Budmat Auto Płock,Gwarancja Spoticar Premium6 miesięcy
SPOT-71699,Jeep Compass · 117900 PLN,Jeep Compass · Cena: 117900 PLN · Gwarancja Spoticar Premium12 miesięcy · SPOTICAR RIA GRUDZIĄDZGRUDZIADZ · Sprawdź ofertę!,https://www.spoticar.pl/znajdz-uzywany-samochod/jeep-compass-13-t4-phev-4xe-upland-ss-aut-grudziadz-1200223432,https://s3.eu-central-1.amazonaws.com/uvpictures-eu-central-1/368/SP/PL/JEEP-COMPASS-223432_1.JPG,https://s3.eu-central-1.amazonaws.com/uvpictures-eu-central-1/368/SP/PL/JEEP-COMPASS-223432_2.JPG|https://s3.eu-central-1.amazonaws.com/uvpictures-eu-central-1/368/SP/PL/JEEP-COMPASS-223432_3.JPG|https://s3.eu-central-1.amazonaws.com/uvpictures-eu-central-1/368/SP/PL/JEEP-COMPASS-223432_4.JPG,Jeep,Compass,2024,27633,KM,,Used,117900 PLN,PLN,CASH,117900 PLN,Total,Gasoline,Automatic,SPOTICAR RIA GRUDZIĄDZGRUDZIADZ,SPOTICAR RIA GRUDZIĄDZ,Gwarancja Spoticar Premium12 miesięcy
SPOT-68103,Peugeot 308 · 85900 PLN,Peugeot 308 · Cena: 85900 PLN · Gwarancja Spoticar Premium12 miesięcy · SPOTICAR RIA STALOWA WOLAStalowa Wola / Grebów · Sprawdź ofertę!,https://www.spoticar.pl/znajdz-uzywany-samochod/peugeot-308-16-hybrid-phev-allure-eat8-stalowa-wola-grebow-1200219915,https://s3.eu-central-1.amazonaws.com/uvpictures-eu-central-1/368/SP/PL/PEUGEOT-308-219915_1.JPG,https://s3.eu-central-1.amazonaws.com/uvpictures-eu-central-1/368/SP/PL/PEUGEOT-308-219915_2.JPG|https://s3.eu-central-1.amazonaws.com/uvpictures-eu-central-1/368/SP/PL/PEUGEOT-308-219915_3.JPG|https://s3.eu-central-1.amazonaws.com/uvpictures-eu-central-1/368/SP/PL/PEUGEOT-308-219915_4.JPG,Peugeot,308,2022,54505,KM,,Used,85900 PLN,PLN,CASH,85900 PLN,Total,Gasoline,Automatic,SPOTICAR RIA STALOWA WOLAStalowa Wola / Grebów,SPOTICAR RIA STALOWA WOLA,Gwarancja Spoticar Premium12 miesięcy
SPOT-71855,Opel Movano · 138978 PLN,Opel Movano · Cena: 138978 PLN · Gwarancja Spoticar Premium12 miesięcy · Spoticar GEZET SzczecinSzczecin · Sprawdź ofertę!,https://www.spoticar.pl/znajdz-uzywany-samochod/opel-movano-cdti-l3h2-szczecin-1200223289,https://s3.eu-central-1.amazonaws.com/uvpictures-eu-central-1/368/SP/PL/OPEL-MOVANO-223289_1.JPG,https://s3.eu-central-1.amazonaws.com/uvpictures-eu-central-1/368/SP/PL/OPEL-MOVANO-223289_2.JPG|https://s3.eu-central-1.amazonaws.com/uvpictures-eu-central-1/368/SP/PL/OPEL-MOVANO-223289_3.JPG|https://s3.eu-central-1.amazonaws.com/uvpictures-eu-central-1/368/SP/PL/OPEL-MOVANO-223289_4.JPG,Opel,Movano,2022,31800,KM,,Used,138978 PLN,PLN,CASH,138978 PLN,Total,Diesel,Manual,Spoticar GEZET SzczecinSzczecin,Spoticar GEZET Szczecin,Gwarancja Spoticar Premium12 miesięcy
SPOT-69158,Peugeot 3008 · 169900 PLN,Peugeot 3008 · Cena: 169900 PLN · Gwarancja Spoticar Premium12 miesięcy · SPOTICAR SZTUKOWSKI OSTRÓW WLKP.Ostrów Wielkopolski · Sprawdź ofertę!,https://www.spoticar.pl/znajdz-uzywany-samochod/peugeot-3008-16-phev-195-gt-e-dcs7-ostrow-wielkopolski-1200220951,https://s3.eu-central-1.amazonaws.com/uvpictures-eu-central-1/368/SP/PL/PEUGEOT-3008-220951_1.JPG,https://s3.eu-central-1.amazonaws.com/uvpictures-eu-central-1/368/SP/PL/PEUGEOT-3008-220951_2.JPG|https://s3.eu-central-1.amazonaws.com/uvpictures-eu-central-1/368/SP/PL/PEUGEOT-3008-220951_3.JPG|https://s3.eu-central-1.amazonaws.com/uvpictures-eu-central-1/368/SP/PL/PEUGEOT-3008-220951_4.JPG,Peugeot,3008,2025,720,KM,,Used,169900 PLN,PLN,CASH,169900 PLN,Total,Gasoline,Automatic,SPOTICAR SZTUKOWSKI OSTRÓW WLKP.Ostrów Wielkopolski,SPOTICAR SZTUKOWSKI OSTRÓW WLKP.,Gwarancja Spoticar Premium12 miesięcy
SPOT-71833,Fiat Tipo · 119990 PLN,Fiat Tipo · Cena: 119990 PLN · Gwarancja Spoticar Premium12 miesięcy · Spoticar GEZET SzczecinSzczecin · Sprawdź ofertę!,https://www.spoticar.pl/znajdz-uzywany-samochod/fiat-tipo-15-hybrid-dct-szczecin-1200223313,https://s3.eu-central-1.amazonaws.com/uvpictures-eu-central-1/368/SP/PL/FIAT-TIPO-223313_1.JPG,https://s3.eu-central-1.amazonaws.com/uvpictures-eu-central-1/368/SP/PL/FIAT-TIPO-223313_2.JPG|https://s3.eu-central-1.amazonaws.com/uvpictures-eu-central-1/368/SP/PL/FIAT-TIPO-223313_3.JPG|https://s3.eu-central-1.amazonaws.com/uvpictures-eu-central-1/368/SP/PL/FIAT-TIPO-223313_4.JPG,Fiat,Tipo,2023,6,KM,,Used,119990 PLN,PLN,CASH,119990 PLN,Total,Gasoline,Automatic,Spoticar GEZET SzczecinSzczecin,Spoticar GEZET Szczecin,Gwarancja Spoticar Premium12 miesięcy
SPOT-71555,Peugeot 308 · 109900 PLN,Peugeot 308 · Cena: 109900 PLN · Gwarancja Spoticar Premium12 miesięcy · Spoticar  Budmat Auto PłockPłock · Sprawdź ofertę!,https://www.spoticar.pl/znajdz-uzywany-samochod/peugeot-plock-1200223577,https://s3.eu-central-1.amazonaws.com/uvpictures-eu-central-1/368/SP/PL/PEUGEOT-308-223577_1.JPG,https://s3.eu-central-1.amazonaws.com/uvpictures-eu-central-1/368/SP/PL/PEUGEOT-308-223577_2.JPG|https://s3.eu-central-1.amazonaws.com/uvpictures-eu-central-1/368/SP/PL/PEUGEOT-308-223577_3.JPG|https://s3.eu-central-1.amazonaws.com/uvpictures-eu-central-1/368/SP/PL/PEUGEOT-308-223577_4.JPG,Peugeot,308,2025,23000,KM,,Used,109900 PLN,PLN,CASH,109900 PLN,Total,Gasoline,Automatic,Spoticar  Budmat Auto PłockPłock,Spoticar  Budmat Auto Płock,Gwarancja Spoticar Premium12 miesięcy
